PQ공고 NO.,공고일자,사업명,발주처,입찰구분,기초금액,예정금액,예가,업체명,PQ점수,투찰금액,추정예가,낙찰여부
B5201904068 - 00 ,20191231,한강하류권(4차) 급수체계조정사업 기본 및 실시설계 용역(제1공구-월롱계통),한국수자원공사,종심제,3408000000,3381382585,99.21897256,삼안+도화+동해,98.855,2811600000,82.5,Y
B5201904068 - 00 ,20191231,한강하류권(4차) 급수체계조정사업 기본 및 실시설계 용역(제1공구-월롱계통),한국수자원공사,종심제,3408000000,3381382585,99.21897256,한종+건화+HEC(금강+태성),95.195,2820000000,82.7465,N
20200100223 - 00,20200106,태암 자연재해위험 개선지구 정비사업 건설사업관리용역,경상북도 경주시,PQ,975200000,969480500,99.41350492,동성+CEM+용마,99.9,836460000,100.2902,N
20200100223 - 00,20200106,태암 자연재해위험 개선지구 정비사업 건설사업관리용역,경상북도 경주시,PQ,975200000,969480500,99.41350492,한종+한백종합,99.82,832320000,99.7821,N
20200100223 - 00,20200106,태암 자연재해위험 개선지구 정비사업 건설사업관리용역,경상북도 경주시,PQ,975200000,969480500,99.41350492,건화+한도,99.8,829000000,99.3725,N
20200100223 - 00,20200106,태암 자연재해위험 개선지구 정비사업 건설사업관리용역,경상북도 경주시,PQ,975200000,969480500,99.41350492,도화+청명,99.75,836380000,100.2454,N
20200100223 - 00,20200106,태암 자연재해위험 개선지구 정비사업 건설사업관리용역,경상북도 경주시,PQ,975200000,969480500,99.41350492,수성+해인,99.69,830090000,99.4799,Y
20200100223 - 00,20200106,태암 자연재해위험 개선지구 정비사업 건설사업관리용역,경상북도 경주시,PQ,975200000,969480500,99.41350492,KCM+태조,99.53,830780000,99.5161,N
20200100223 - 00,20200106,태암 자연재해위험 개선지구 정비사업 건설사업관리용역,경상북도 경주시,PQ,975200000,969480500,99.41350492,서영+세원,99.5,843590000,101.0505,N
20200100223 - 00,20200106,태암 자연재해위험 개선지구 정비사업 건설사업관리용역,경상북도 경주시,PQ,975200000,969480500,99.41350492,평화+강산,99.43,833140000,99.7755,N
20200100223 - 00,20200106,태암 자연재해위험 개선지구 정비사업 건설사업관리용역,경상북도 경주시,PQ,975200000,969480500,99.41350492,천일+건일,99.15,826400000,98.899,N
20200100223 - 00,20200106,태암 자연재해위험 개선지구 정비사업 건설사업관리용역,경상북도 경주시,PQ,975200000,969480500,99.41350492,경동+HD,98.85,826697000,98.8538,N
20200100223 - 00,20200106,태암 자연재해위험 개선지구 정비사업 건설사업관리용역,경상북도 경주시,PQ,975200000,969480500,99.41350492,극동+보원,98.83,846652000,101.2399,N
20200100693 - 00,20200102,"부천시 노후하수관로 정비공사(3,4단계) 실시설계용역 ",경기도 부천시,PQ,1969691000,1961482350,99.58325189,한종+삼안+KG+대성종합,98.52,1566000000,100.7092,N
20200100693 - 00,20200102,"부천시 노후하수관로 정비공사(3,4단계) 실시설계용역 ",경기도 부천시,PQ,1969691000,1961482350,99.58325189,범한+건화+서영(DS정보기술+지구산업개발),98.14,1555877000,99.7423,Y
20200100693 - 00,20200102,"부천시 노후하수관로 정비공사(3,4단계) 실시설계용역 ",경기도 부천시,PQ,1969691000,1961482350,99.58325189,동명+도화,97.78,1565500000,100.0686,N
20200100693 - 00,20200102,"부천시 노후하수관로 정비공사(3,4단계) 실시설계용역 ",경기도 부천시,PQ,1969691000,1961482350,99.58325189,이산+하이콘,97.64,1582000000,101.0088,N
20200100693 - 00,20200102,"부천시 노후하수관로 정비공사(3,4단계) 실시설계용역 ",경기도 부천시,PQ,1969691000,1961482350,99.58325189,건양+동부+수성,97.56,1582543000,100.98,N
20200100693 - 00,20200102,"부천시 노후하수관로 정비공사(3,4단계) 실시설계용역 ",경기도 부천시,PQ,1969691000,1961482350,99.58325189,선진+제일+청우,97.52,1567940000,100.0231,N
20200100693 - 00,20200102,"부천시 노후하수관로 정비공사(3,4단계) 실시설계용역 ",경기도 부천시,PQ,1969691000,1961482350,99.58325189,유신+경호,97.46,1547820000,98.6899,N
20200100693 - 00,20200102,"부천시 노후하수관로 정비공사(3,4단계) 실시설계용역 ",경기도 부천시,PQ,1969691000,1961482350,99.58325189,화신+경화+용마,93.74,1818000000,112.5526,N
E011909588-2,20191226,고흥지역 전기공급시설 전력구공사(고흥-고옥) 설계용역 ,한국전력공사 중부건설본부,PQ,784311000,783876447,99.9445943,태조,98.71,670030000,99.8996,N
E011909588-2,20191226,고흥지역 전기공급시설 전력구공사(고흥-고옥) 설계용역 ,한국전력공사 중부건설본부,PQ,784311000,783876447,99.9445943,삼안,97.94,671488000,100,Y
E011909588-2,20191226,고흥지역 전기공급시설 전력구공사(고흥-고옥) 설계용역 ,한국전력공사 중부건설본부,PQ,784311000,783876447,99.9445943,KG+경동,97.93,676730000,100.7807,N
E011909588-2,20191226,고흥지역 전기공급시설 전력구공사(고흥-고옥) 설계용역 ,한국전력공사 중부건설본부,PQ,784311000,783876447,99.9445943,도화,97.65,669250000,99.5853,N
E011909588-2,20191226,고흥지역 전기공급시설 전력구공사(고흥-고옥) 설계용역 ,한국전력공사 중부건설본부,PQ,784311000,783876447,99.9445943,대콘,98.34,678777000,100.9676,N
E011909588-2,20191226,고흥지역 전기공급시설 전력구공사(고흥-고옥) 설계용역 ,한국전력공사 중부건설본부,PQ,784311000,783876447,99.9445943,건화(지오텍),96.84,668600000,99.2569,N
E011909588-2,20191226,고흥지역 전기공급시설 전력구공사(고흥-고옥) 설계용역 ,한국전력공사 중부건설본부,PQ,784311000,783876447,99.9445943,신성,96.83,681000000,101.0977,N
E011909588-2,20191226,고흥지역 전기공급시설 전력구공사(고흥-고옥) 설계용역 ,한국전력공사 중부건설본부,PQ,784311000,783876447,99.9445943,다산,95.46,693000000,102.4617,N
E011909588-2,20191226,고흥지역 전기공급시설 전력구공사(고흥-고옥) 설계용역 ,한국전력공사 중부건설본부,PQ,784311000,783876447,99.9445943,한국전력기술,95,681000000,100.5592,N
20200101170 - 00,20200103,학운6산단 진입도로 개설공사 건설사업관리 용역,경기도 김포시,PQ,1363520000,1354960525,99.3722516,건화+경화,100,1026400000,96.5136,N
20200101170 - 00,20200103,학운6산단 진입도로 개설공사 건설사업관리 용역,경기도 김포시,PQ,1363520000,1354960525,99.3722516,도화+서영,100,1057550000,99.4426,N
20200101170 - 00,20200103,학운6산단 진입도로 개설공사 건설사업관리 용역,경기도 김포시,PQ,1363520000,1354960525,99.3722516,한종+동일,100,1057100000,99.4003,Y
20200101170 - 00,20200103,학운6산단 진입도로 개설공사 건설사업관리 용역,경기도 김포시,PQ,1363520000,1354960525,99.3722516,동명+대원,100,1065560000,100.1958,N
20200101170 - 00,20200103,학운6산단 진입도로 개설공사 건설사업관리 용역,경기도 김포시,PQ,1363520000,1354960525,99.3722516,KCM+다음,100,1064390000,100.0858,N
20200101170 - 00,20200103,학운6산단 진입도로 개설공사 건설사업관리 용역,경기도 김포시,PQ,1363520000,1354960525,99.3722516,KG+보람,100,1064540000,100.0999,N
20200101170 - 00,20200103,학운6산단 진입도로 개설공사 건설사업관리 용역,경기도 김포시,PQ,1363520000,1354960525,99.3722516,경원+세일,100,1065170000,100.1592,N
20200101170 - 00,20200103,학운6산단 진입도로 개설공사 건설사업관리 용역,경기도 김포시,PQ,1363520000,1354960525,99.3722516,극동+KCI,100,1060711000,99.7399,N
20200101170 - 00,20200103,학운6산단 진입도로 개설공사 건설사업관리 용역,경기도 김포시,PQ,1363520000,1354960525,99.3722516,내경+한도,100,1068177000,100.4419,N
20200101170 - 00,20200103,학운6산단 진입도로 개설공사 건설사업관리 용역,경기도 김포시,PQ,1363520000,1354960525,99.3722516,다산+벽산,100,1064756000,100.1202,N
20200101170 - 00,20200103,학운6산단 진입도로 개설공사 건설사업관리 용역,경기도 김포시,PQ,1363520000,1354960525,99.3722516,대콘+동우,100,1059555000,99.6312,N
20200101170 - 00,20200103,학운6산단 진입도로 개설공사 건설사업관리 용역,경기도 김포시,PQ,1363520000,1354960525,99.3722516,동성+오이디,100,1061550000,99.8188,N
20200101170 - 00,20200103,학운6산단 진입도로 개설공사 건설사업관리 용역,경기도 김포시,PQ,1363520000,1354960525,99.3722516,드림+동남,100,1062100000,99.8705,N
20200101170 - 00,20200103,학운6산단 진입도로 개설공사 건설사업관리 용역,경기도 김포시,PQ,1363520000,1354960525,99.3722516,수성+토아,100,1057738000,99.4603,N
20200101170 - 00,20200103,학운6산단 진입도로 개설공사 건설사업관리 용역,경기도 김포시,PQ,1363520000,1354960525,99.3722516,신명+효산,100,1052500000,98.9678,N
20200101170 - 00,20200103,학운6산단 진입도로 개설공사 건설사업관리 용역,경기도 김포시,PQ,1363520000,1354960525,99.3722516,신성+천마,100,1065580000,100.1977,N
20200101170 - 00,20200103,학운6산단 진입도로 개설공사 건설사업관리 용역,경기도 김포시,PQ,1363520000,1354960525,99.3722516,이산+유신,100,1063260000,99.9796,N
20200101170 - 00,20200103,학운6산단 진입도로 개설공사 건설사업관리 용역,경기도 김포시,PQ,1363520000,1354960525,99.3722516,제일+지유,100,1067700000,100.3971,N
20200101170 - 00,20200103,학운6산단 진입도로 개설공사 건설사업관리 용역,경기도 김포시,PQ,1363520000,1354960525,99.3722516,천일+케이탑,100,1067180000,100.3482,N
20200101170 - 00,20200103,학운6산단 진입도로 개설공사 건설사업관리 용역,경기도 김포시,PQ,1363520000,1354960525,99.3722516,태조+삼안,100,1066389000,100.2738,N
20200101170 - 00,20200103,학운6산단 진입도로 개설공사 건설사업관리 용역,경기도 김포시,PQ,1363520000,1354960525,99.3722516,경동+경호,100,1065184000,100.1605,N
20200101170 - 00,20200103,학운6산단 진입도로 개설공사 건설사업관리 용역,경기도 김포시,PQ,1363520000,1354960525,99.3722516,용마+HEC,100,1067165000,100.3467,N
20200101170 - 00,20200103,학운6산단 진입도로 개설공사 건설사업관리 용역,경기도 김포시,PQ,1363520000,1354960525,99.3722516,평화+목양,100,1063900000,100.0397,N
20200101170 - 00,20200103,학운6산단 진입도로 개설공사 건설사업관리 용역,경기도 김포시,PQ,1363520000,1354960525,99.3722516,한기+선진,100,1062446000,99.903,N
20200101170 - 00,20200103,학운6산단 진입도로 개설공사 건설사업관리 용역,경기도 김포시,PQ,1363520000,1354960525,99.3722516,홍익+케이아트,100,1062839000,99.94,N
20200101170 - 00,20200103,학운6산단 진입도로 개설공사 건설사업관리 용역,경기도 김포시,PQ,1363520000,1354960525,99.3722516,한맥+효광,99.87,1200000000,112.7073,N
원주지방국토관리청공고제2019 - 94호,20191227,양구서천 양구지구 하천정비사업 건설사업관리용역,원주지방국토관리청,PQ,960000000,958776000,99.8725,KSM+신명,100,819900000,99.8962,Y
원주지방국토관리청공고제2019 - 94호,20191227,양구서천 양구지구 하천정비사업 건설사업관리용역,원주지방국토관리청,PQ,960000000,958776000,99.8725,도화+장맥,99.94,821200000,100.0312,N
원주지방국토관리청공고제2019 - 94호,20191227,양구서천 양구지구 하천정비사업 건설사업관리용역,원주지방국토관리청,PQ,960000000,958776000,99.8725,천일+우빈,99.86,824900000,100.4466,N
원주지방국토관리청공고제2019 - 94호,20191227,양구서천 양구지구 하천정비사업 건설사업관리용역,원주지방국토관리청,PQ,960000000,958776000,99.8725,한종+경원,99.85,821300000,100.0083,N
원주지방국토관리청공고제2019 - 94호,20191227,양구서천 양구지구 하천정비사업 건설사업관리용역,원주지방국토관리청,PQ,960000000,958776000,99.8725,동성+동남,99.71,805277000,97.9999,N
원주지방국토관리청공고제2019 - 94호,20191227,양구서천 양구지구 하천정비사업 건설사업관리용역,원주지방국토관리청,PQ,960000000,958776000,99.8725,건화+동남이엔씨,99.64,820000000,99.7567,N
원주지방국토관리청공고제2019 - 94호,20191227,양구서천 양구지구 하천정비사업 건설사업관리용역,원주지방국토관리청,PQ,960000000,958776000,99.8725,수성+토아,99.62,820080000,99.7548,N
원주지방국토관리청공고제2019 - 94호,20191227,양구서천 양구지구 하천정비사업 건설사업관리용역,원주지방국토관리청,PQ,960000000,958776000,99.8725,화신+동명,99.61,828880000,100.8252,N
원주지방국토관리청공고제2019 - 94호,20191227,양구서천 양구지구 하천정비사업 건설사업관리용역,원주지방국토관리청,PQ,960000000,958776000,99.8725,서영+서광,99.41,829300000,100.7939,N
원주지방국토관리청공고제2019 - 94호,20191227,양구서천 양구지구 하천정비사업 건설사업관리용역,원주지방국토관리청,PQ,960000000,958776000,99.8725,KG+KCM,99.39,794170000,96.5129,N
원주지방국토관리청공고제2019 - 94호,20191227,양구서천 양구지구 하천정비사업 건설사업관리용역,원주지방국토관리청,PQ,960000000,958776000,99.8725,KCI+평화,99.33,806600000,98.0006,N
원주지방국토관리청공고제2019 - 94호,20191227,양구서천 양구지구 하천정비사업 건설사업관리용역,원주지방국토관리청,PQ,960000000,958776000,99.8725,경동+일신,99.28,816688000,99.2147,N
원주지방국토관리청공고제2019 - 94호,20191227,양구서천 양구지구 하천정비사업 건설사업관리용역,원주지방국토관리청,PQ,960000000,958776000,99.8725,극동+진화,98.98,854000000,103.6146,N
20200101227 - 00,20200106,가평군 도로건설 관리계획 및 광역교통망 수립용역,경기도 가평군,PQ,550000000,547364125,99.52075,KG+동일+건화,94.88,481200000,100.9996,N
20200101227 - 00,20200106,가평군 도로건설 관리계획 및 광역교통망 수립용역,경기도 가평군,PQ,550000000,547364125,99.52075,수성+신명E+경호,93.33,475820000,99.4799,N
20200101227 - 00,20200106,가평군 도로건설 관리계획 및 광역교통망 수립용역,경기도 가평군,PQ,550000000,547364125,99.52075,평화+한종,93.12,476740000,99.615,Y
20200101227 - 00,20200106,가평군 도로건설 관리계획 및 광역교통망 수립용역,경기도 가평군,PQ,550000000,547364125,99.52075,서영+동명+이산,92.86,489000000,102.1063,N
20200102050 - 00,20200106,용문 등 3개소 공공하수처리시설 신·증설 사업 통합 건설사업관리용역,경기도 양평군 환경사업소,SOQ,5003000000,4945928300,98.85925045,도화+선진,96.6,3761992000,100.0262,N
20200102050 - 00,20200106,용문 등 3개소 공공하수처리시설 신·증설 사업 통합 건설사업관리용역,경기도 양평군 환경사업소,SOQ,5003000000,4945928300,98.85925045,KG+경화,96.3,3806708000,100.96,N
20200102050 - 00,20200106,용문 등 3개소 공공하수처리시설 신·증설 사업 통합 건설사업관리용역,경기도 양평군 환경사업소,SOQ,5003000000,4945928300,98.85925045,건화+동성+서영,95.4,3758000000,98.907,Y
20200102050 - 00,20200106,용문 등 3개소 공공하수처리시설 신·증설 사업 통합 건설사업관리용역,경기도 양평군 환경사업소,SOQ,5003000000,4945928300,98.85925045,제일+이산,95.3,3760890000,98.9049,N
20200102050 - 00,20200106,용문 등 3개소 공공하수처리시설 신·증설 사업 통합 건설사업관리용역,경기도 양평군 환경사업소,SOQ,5003000000,4945928300,98.85925045,한종+용마+한백,91.88,3950000000,100.9689,N
20200102050 - 00,20200106,용문 등 3개소 공공하수처리시설 신·증설 사업 통합 건설사업관리용역,경기도 양평군 환경사업소,SOQ,5003000000,4945928300,98.85925045,경동+경호,90.5,3997000000,101.0333,N
20200101941 - 00,20200103,도시바람길숲 조성사업 기본 및 실시설계용역,대구광역시 건설본부,PQ,871380000,869876900,99.8275035,도화+한도,99.11,749530000,100.3751,Y
20200101941 - 00,20200103,도시바람길숲 조성사업 기본 및 실시설계용역,대구광역시 건설본부,PQ,871380000,869876900,99.8275035,한종+보원,97.82,760000000,101.4457,N
20200101941 - 00,20200103,도시바람길숲 조성사업 기본 및 실시설계용역,대구광역시 건설본부,PQ,871380000,869876900,99.8275035,KG+청명,97.72,745833000,99.52,N
20200101941 - 00,20200103,도시바람길숲 조성사업 기본 및 실시설계용역,대구광역시 건설본부,PQ,871380000,869876900,99.8275035,유신+서원,97.35,744352000,99.2301,N
20200101941 - 00,20200103,도시바람길숲 조성사업 기본 및 실시설계용역,대구광역시 건설본부,PQ,871380000,869876900,99.8275035,경호+해동,96.05,767500000,101.9842,N
20200101941 - 00,20200103,도시바람길숲 조성사업 기본 및 실시설계용역,대구광역시 건설본부,PQ,871380000,869876900,99.8275035,건화+한백+화신(경림),92.82,780000000,102.8001,N
20200101504 - 00,20200103,향남하수처리구역 하수관로 설치공사 감독 권한대행 건설사업관리용역,경기도 화성시 맑은물사업소,PQ,2343680000,2330332800,99.43050246,건화+한도,100,1860000000,101.7532,N
20200101504 - 00,20200103,향남하수처리구역 하수관로 설치공사 감독 권한대행 건설사업관리용역,경기도 화성시 맑은물사업소,PQ,2343680000,2330332800,99.43050246,선진+동해,100,1827270000,99.9626,N
20200101504 - 00,20200103,향남하수처리구역 하수관로 설치공사 감독 권한대행 건설사업관리용역,경기도 화성시 맑은물사업소,PQ,2343680000,2330332800,99.43050246,건양+다음기술,100,1832889000,100.27,N
20200101504 - 00,20200103,향남하수처리구역 하수관로 설치공사 감독 권한대행 건설사업관리용역,경기도 화성시 맑은물사업소,PQ,2343680000,2330332800,99.43050246,이산+대콘,100,1809580000,98.9949,N
20200101504 - 00,20200103,향남하수처리구역 하수관로 설치공사 감독 권한대행 건설사업관리용역,경기도 화성시 맑은물사업소,PQ,2343680000,2330332800,99.43050246,KG+보람,100,1829780000,100.0999,N
20200101504 - 00,20200103,향남하수처리구역 하수관로 설치공사 감독 권한대행 건설사업관리용역,경기도 화성시 맑은물사업소,PQ,2343680000,2330332800,99.43050246,제일+신성,100,1831600000,100.1995,N
20200101504 - 00,20200103,향남하수처리구역 하수관로 설치공사 감독 권한대행 건설사업관리용역,경기도 화성시 맑은물사업소,PQ,2343680000,2330332800,99.43050246,KCM+지유,100,1824900000,99.833,N
20200101504 - 00,20200103,향남하수처리구역 하수관로 설치공사 감독 권한대행 건설사업관리용역,경기도 화성시 맑은물사업소,PQ,2343680000,2330332800,99.43050246,삼안+경원,100,1830730000,100.1519,N
20200101504 - 00,20200103,향남하수처리구역 하수관로 설치공사 감독 권한대행 건설사업관리용역,경기도 화성시 맑은물사업소,PQ,2343680000,2330332800,99.43050246,동부+신명,100,1834899000,100.38,N
20200101504 - 00,20200103,향남하수처리구역 하수관로 설치공사 감독 권한대행 건설사업관리용역,경기도 화성시 맑은물사업소,PQ,2343680000,2330332800,99.43050246,도화+경호,100,1817950000,99.4528,Y
20200101504 - 00,20200103,향남하수처리구역 하수관로 설치공사 감독 권한대행 건설사업관리용역,경기도 화성시 맑은물사업소,PQ,2343680000,2330332800,99.43050246,한종+경화,100,1816100000,99.3516,N
20200101504 - 00,20200103,향남하수처리구역 하수관로 설치공사 감독 권한대행 건설사업관리용역,경기도 화성시 맑은물사업소,PQ,2343680000,2330332800,99.43050246,동명+정,100,1831560000,100.1973,N
20200101504 - 00,20200103,향남하수처리구역 하수관로 설치공사 감독 권한대행 건설사업관리용역,경기도 화성시 맑은물사업소,PQ,2343680000,2330332800,99.43050246,경동+용마,100,1837641000,100.53,N
20200101504 - 00,20200103,향남하수처리구역 하수관로 설치공사 감독 권한대행 건설사업관리용역,경기도 화성시 맑은물사업소,PQ,2343680000,2330332800,99.43050246,동성+오이디,100,1844440000,100.9019,N
20200101504 - 00,20200103,향남하수처리구역 하수관로 설치공사 감독 권한대행 건설사업관리용역,경기도 화성시 맑은물사업소,PQ,2343680000,2330332800,99.43050246,범한+케이탑,100,1830880000,100.1601,N
20200101504 - 00,20200103,향남하수처리구역 하수관로 설치공사 감독 권한대행 건설사업관리용역,경기도 화성시 맑은물사업소,PQ,2343680000,2330332800,99.43050246,천일+서영+서윤,99.86,2000000000,109.2859,N
2000012 - 02,20200103,하남교산 공공주택지구 조성사업 환경영향평가용역,한국토지주택공사,PQ,1460800000,1440027000,98.57797097,동아+한종+퍼스트,99.24,1199800000,101.9843,Y
2000012 - 02,20200103,하남교산 공공주택지구 조성사업 환경영향평가용역,한국토지주택공사,PQ,1460800000,1440027000,98.57797097,수성+건화+동부+IK,95.89,1235000000,102.0123,N
2000010 - 01,20200103,남양주왕숙 공공주택지구 조성사업 환경영향평가용역,한국토지주택공사,PQ,1650000000,1645006000,99.69733333,서영+퍼스트,99.6,1344500000,101.5071,Y
2000010 - 01,20200103,남양주왕숙 공공주택지구 조성사업 환경영향평가용역,한국토지주택공사,PQ,1650000000,1645006000,99.69733333,도화+선진+덕영,98.68,1329235000,99.5486,N
2000010 - 01,20200103,남양주왕숙 공공주택지구 조성사업 환경영향평가용역,한국토지주택공사,PQ,1650000000,1645006000,99.69733333,이산+예평,97.27,1329880000,98.3932,N
2000010 - 01,20200103,남양주왕숙 공공주택지구 조성사업 환경영향평가용역,한국토지주택공사,PQ,1650000000,1645006000,99.69733333,유신+신일,95.97,1393945000,102,N
20200102233 - 00,20200103,청도군 수도정비 기본계획(변경) 수립용역,경상북도 청도군,PQ,1120000000,1114414000,99.50125,건화+동성+청우,98.18,893700000,100.7954,N
20200102233 - 00,20200103,청도군 수도정비 기본계획(변경) 수립용역,경상북도 청도군,PQ,1120000000,1114414000,99.50125,한종+태성+동진,98.12,885985000,99.8748,Y
20200102233 - 00,20200103,청도군 수도정비 기본계획(변경) 수립용역,경상북도 청도군,PQ,1120000000,1114414000,99.50125,도화+한주+세연,97.49,903330000,101.3183,N
20200102233 - 00,20200103,청도군 수도정비 기본계획(변경) 수립용역,경상북도 청도군,PQ,1120000000,1114414000,99.50125,이산+삼보+주하+바셈,97.45,884680000,99.1892,N
20200102233 - 00,20200103,청도군 수도정비 기본계획(변경) 수립용역,경상북도 청도군,PQ,1120000000,1114414000,99.50125,제일+동명+다산+세원+HEC,97.32,882898000,98.89,N
20200102233 - 00,20200103,청도군 수도정비 기본계획(변경) 수립용역,경상북도 청도군,PQ,1120000000,1114414000,99.50125,선진+화신+명성+한도,97.18,904000000,101.1394,N
20200102233 - 00,20200103,청도군 수도정비 기본계획(변경) 수립용역,경상북도 청도군,PQ,1120000000,1114414000,99.50125,범한+한백+우성,94.46,1000000000,109.4926,N
E012000015-1,20200103,서울 노원지역 전기공급시설 전력구공사(금오-상계) 설계용역,한국전력공사 경인건설본부,PQ,1495219000,1493070251,99.85629202,삼안+대콘,99.04,1178831000,100.2225,Y
E012000015-1,20200103,서울 노원지역 전기공급시설 전력구공사(금오-상계) 설계용역,한국전력공사 경인건설본부,PQ,1495219000,1493070251,99.85629202,태조,98.54,1195600000,101.1979,N
E012000015-1,20200103,서울 노원지역 전기공급시설 전력구공사(금오-상계) 설계용역,한국전력공사 경인건설본부,PQ,1495219000,1493070251,99.85629202,KG+도화,98.02,1186386000,99.95,N
E012000015-1,20200103,서울 노원지역 전기공급시설 전력구공사(금오-상계) 설계용역,한국전력공사 경인건설본부,PQ,1495219000,1493070251,99.85629202,신성,97.59,1200880000,100.7902,N
E012000015-1,20200103,서울 노원지역 전기공급시설 전력구공사(금오-상계) 설계용역,한국전력공사 경인건설본부,PQ,1495219000,1493070251,99.85629202,건화+경동(세일지오텍),95.43,1234500000,101.685,N
E012000015-1,20200103,서울 노원지역 전기공급시설 전력구공사(금오-상계) 설계용역,한국전력공사 경인건설본부,PQ,1495219000,1493070251,99.85629202,KOPEC,93,1242594000,100.2527,N
2019-02-000714-00,20200103,경부선 영등포역 외 6개소 방음벽 설치공사 감독 권한대행 등 건설사업관리용역,한국철도시설공단,PQ,1362327000,1363638545,100.0962724,동부+동명,100,1064580000,100.1913,Y
2019-02-000714-00,20200103,경부선 영등포역 외 6개소 방음벽 설치공사 감독 권한대행 등 건설사업관리용역,한국철도시설공단,PQ,1362327000,1363638545,100.0962724,다산+삼보+KCI,100,1062450000,99.9909,N
2019-02-000714-00,20200103,경부선 영등포역 외 6개소 방음벽 설치공사 감독 권한대행 등 건설사업관리용역,한국철도시설공단,PQ,1362327000,1363638545,100.0962724,유신,99.99,1067997000,100.5,N
2019-02-000714-00,20200103,경부선 영등포역 외 6개소 방음벽 설치공사 감독 권한대행 등 건설사업관리용역,한국철도시설공단,PQ,1362327000,1363638545,100.0962724,대콘+한백,99.95,1059341000,99.6599,N
2019-02-000714-00,20200103,경부선 영등포역 외 6개소 방음벽 설치공사 감독 권한대행 등 건설사업관리용역,한국철도시설공단,PQ,1362327000,1363638545,100.0962724,천일+이산+동일,99.92,1073466000,100.95,N
2019-02-000714-00,20200103,경부선 영등포역 외 6개소 방음벽 설치공사 감독 권한대행 등 건설사업관리용역,한국철도시설공단,PQ,1362327000,1363638545,100.0962724,서현,99.84,1060830000,99.6978,N
2019-02-000714-00,20200103,경부선 영등포역 외 6개소 방음벽 설치공사 감독 권한대행 등 건설사업관리용역,한국철도시설공단,PQ,1362327000,1363638545,100.0962724,KRTC,99.84,1072230000,100.7692,N
2019-02-000714-00,20200103,경부선 영등포역 외 6개소 방음벽 설치공사 감독 권한대행 등 건설사업관리용역,한국철도시설공단,PQ,1362327000,1363638545,100.0962724,서영+태조,99.8,1058600000,99.45,N
2019-02-000714-00,20200103,경부선 영등포역 외 6개소 방음벽 설치공사 감독 권한대행 등 건설사업관리용역,한국철도시설공단,PQ,1362327000,1363638545,100.0962724,수성+진우,99.8,1061467000,99.7194,N
2019-02-000714-00,20200103,경부선 영등포역 외 6개소 방음벽 설치공사 감독 권한대행 등 건설사업관리용역,한국철도시설공단,PQ,1362327000,1363638545,100.0962724,도화,99.76,1075800000,101.0271,N
2019-02-000714-00,20200103,경부선 영등포역 외 6개소 방음벽 설치공사 감독 권한대행 등 건설사업관리용역,한국철도시설공단,PQ,1362327000,1363638545,100.0962724,삼안+동해,99.64,1056880000,99.1489,N
2019-02-000714-00,20200103,경부선 영등포역 외 6개소 방음벽 설치공사 감독 권한대행 등 건설사업관리용역,한국철도시설공단,PQ,1362327000,1363638545,100.0962724,선구+선진+대건,99.57,1059700000,99.3499,N
2019-02-000714-00,20200103,경부선 영등포역 외 6개소 방음벽 설치공사 감독 권한대행 등 건설사업관리용역,한국철도시설공단,PQ,1362327000,1363638545,100.0962724,신성+건화,99.54,1058000000,99.1652,N
2019-02-000714-00,20200103,경부선 영등포역 외 6개소 방음벽 설치공사 감독 권한대행 등 건설사업관리용역,한국철도시설공단,PQ,1362327000,1363638545,100.0962724,경동,99.4,1130000000,105.7786,N
2019-02-000714-00,20200103,경부선 영등포역 외 6개소 방음벽 설치공사 감독 권한대행 등 건설사업관리용역,한국철도시설공단,PQ,1362327000,1363638545,100.0962724,제일+한종+KCM,99.36,1057990000,98.9999,N
2019-02-000714-00,20200103,경부선 영등포역 외 6개소 방음벽 설치공사 감독 권한대행 등 건설사업관리용역,한국철도시설공단,PQ,1362327000,1363638545,100.0962724,동양+KG,93.78,1083800000,96.6119,N
2019-02-000713-00 ,20200103,안산선 산본~수리산역 외 4개소 방음벽 및 방재구난지역 설치기타공사 감독 권한대행 등 건설사업관리용역,한국철도시설공단,PQ,1692689000,1689132575,99.78989495,동명+동부,100,1320880000,100.0505,N
2019-02-000713-00 ,20200103,안산선 산본~수리산역 외 4개소 방음벽 및 방재구난지역 설치기타공사 감독 권한대행 등 건설사업관리용역,한국철도시설공단,PQ,1692689000,1689132575,99.78989495,유신+일신,100,1326550000,100.48,N
2019-02-000713-00 ,20200103,안산선 산본~수리산역 외 4개소 방음벽 및 방재구난지역 설치기타공사 감독 권한대행 등 건설사업관리용역,한국철도시설공단,PQ,1692689000,1689132575,99.78989495,서현,100,1322873000,100.2015,N
2019-02-000713-00 ,20200103,안산선 산본~수리산역 외 4개소 방음벽 및 방재구난지역 설치기타공사 감독 권한대행 등 건설사업관리용역,한국철도시설공단,PQ,1692689000,1689132575,99.78989495,이산+천일+동일,100,1322799000,100.1959,N
2019-02-000713-00 ,20200103,안산선 산본~수리산역 외 4개소 방음벽 및 방재구난지역 설치기타공사 감독 권한대행 등 건설사업관리용역,한국철도시설공단,PQ,1692689000,1689132575,99.78989495,도화,99.96,1317730000,99.7736,N
2019-02-000713-00 ,20200103,안산선 산본~수리산역 외 4개소 방음벽 및 방재구난지역 설치기타공사 감독 권한대행 등 건설사업관리용역,한국철도시설공단,PQ,1692689000,1689132575,99.78989495,수성,99.93,1318856000,99.8332,N
2019-02-000713-00 ,20200103,안산선 산본~수리산역 외 4개소 방음벽 및 방재구난지역 설치기타공사 감독 권한대행 등 건설사업관리용역,한국철도시설공단,PQ,1692689000,1689132575,99.78989495,삼보+다산+KCI,99.91,1318680000,99.8071,Y
2019-02-000713-00 ,20200103,안산선 산본~수리산역 외 4개소 방음벽 및 방재구난지역 설치기타공사 감독 권한대행 등 건설사업관리용역,한국철도시설공단,PQ,1692689000,1689132575,99.78989495,KRTC,99.8,1332760000,100.7695,N
2019-02-000713-00 ,20200103,안산선 산본~수리산역 외 4개소 방음벽 및 방재구난지역 설치기타공사 감독 권한대행 등 건설사업관리용역,한국철도시설공단,PQ,1692689000,1689132575,99.78989495,대콘+동양,99.71,1310000000,98.9726,N
2019-02-000713-00 ,20200103,안산선 산본~수리산역 외 4개소 방음벽 및 방재구난지역 설치기타공사 감독 권한대행 등 건설사업관리용역,한국철도시설공단,PQ,1692689000,1689132575,99.78989495,선진+대건+선구,99.7,1338020000,101.0767,N
2019-02-000713-00 ,20200103,안산선 산본~수리산역 외 4개소 방음벽 및 방재구난지역 설치기타공사 감독 권한대행 등 건설사업관리용역,한국철도시설공단,PQ,1692689000,1689132575,99.78989495,한종+제일+KCM,99.64,1312600000,99.1057,N
2019-02-000713-00 ,20200103,안산선 산본~수리산역 외 4개소 방음벽 및 방재구난지역 설치기타공사 감독 권한대행 등 건설사업관리용역,한국철도시설공단,PQ,1692689000,1689132575,99.78989495,경동,99.63,1341770000,101.2952,N
2019-02-000713-00 ,20200103,안산선 산본~수리산역 외 4개소 방음벽 및 방재구난지역 설치기타공사 감독 권한대행 등 건설사업관리용역,한국철도시설공단,PQ,1692689000,1689132575,99.78989495,건화+신성,99.51,1341680000,101.185,N
2019-02-000713-00 ,20200103,안산선 산본~수리산역 외 4개소 방음벽 및 방재구난지역 설치기타공사 감독 권한대행 등 건설사업관리용역,한국철도시설공단,PQ,1692689000,1689132575,99.78989495,태조+서영,99.49,1313131000,99.0319,N
2019-02-000713-00 ,20200103,안산선 산본~수리산역 외 4개소 방음벽 및 방재구난지역 설치기타공사 감독 권한대행 등 건설사업관리용역,한국철도시설공단,PQ,1692689000,1689132575,99.78989495,진우+삼경,99.14,1354450000,101.8101,N
2019-02-000713-00 ,20200103,안산선 산본~수리산역 외 4개소 방음벽 및 방재구난지역 설치기타공사 감독 권한대행 등 건설사업관리용역,한국철도시설공단,PQ,1692689000,1689132575,99.78989495,동해+삼안,99.07,1364500000,102.5003,N
20200102573 - 00,20200106,울릉군 남양1리 연안정비사업 실시설계용역,해양수산부 포항지방해양수산청,PQ,780000000,773217900,99.1305,아라+건일,98.76,667000000,100.0208,N
20200102573 - 00,20200106,울릉군 남양1리 연안정비사업 실시설계용역,해양수산부 포항지방해양수산청,PQ,780000000,773217900,99.1305,세일,97.71,670410000,100.45,N
20200102573 - 00,20200106,울릉군 남양1리 연안정비사업 실시설계용역,해양수산부 포항지방해양수산청,PQ,780000000,773217900,99.1305,항도,97.89,667630000,99.9633,N
20200102573 - 00,20200106,울릉군 남양1리 연안정비사업 실시설계용역,해양수산부 포항지방해양수산청,PQ,780000000,773217900,99.1305,대영,97.89,671500000,100.5428,N
20200102573 - 00,20200106,울릉군 남양1리 연안정비사업 실시설계용역,해양수산부 포항지방해양수산청,PQ,780000000,773217900,99.1305,세광,97.87,670880000,100.4499,N
20200102573 - 00,20200106,울릉군 남양1리 연안정비사업 실시설계용역,해양수산부 포항지방해양수산청,PQ,780000000,773217900,99.1305,유신+대양,97.52,665148000,99.5801,N
20200102573 - 00,20200106,울릉군 남양1리 연안정비사업 실시설계용역,해양수산부 포항지방해양수산청,PQ,780000000,773217900,99.1305,한항+수성,97.76,666380000,99.7412,N
20200102573 - 00,20200106,울릉군 남양1리 연안정비사업 실시설계용역,해양수산부 포항지방해양수산청,PQ,780000000,773217900,99.1305,건화(지오메카+동운),97.75,665000000,99.5347,N
20200102573 - 00,20200106,울릉군 남양1리 연안정비사업 실시설계용역,해양수산부 포항지방해양수산청,PQ,780000000,773217900,99.1305,한종,97.59,663700000,99.2937,Y
20200102573 - 00,20200106,울릉군 남양1리 연안정비사업 실시설계용역,해양수산부 포항지방해양수산청,PQ,780000000,773217900,99.1305,도화,97.59,675500000,101.0591,N
20200102573 - 00,20200106,울릉군 남양1리 연안정비사업 실시설계용역,해양수산부 포항지방해양수산청,PQ,780000000,773217900,99.1305,삼안,97.05,677160000,101.1422,N
20200102573 - 00,20200106,울릉군 남양1리 연안정비사업 실시설계용역,해양수산부 포항지방해양수산청,PQ,780000000,773217900,99.1305,서영,96.86,675000000,100.7609,N
20200103717 - 00,20200106,경기광주TG 교차로 개선사업 기본 및 실시설계용역,경기도 광주시,PQ,748011000,735829700,98.37150791,수성+서영,99.96,643038000,100.5396,N
20200103717 - 00,20200106,경기광주TG 교차로 개선사업 기본 및 실시설계용역,경기도 광주시,PQ,748011000,735829700,98.37150791,평화+경호,99.9,639090000,99.899,N
20200103717 - 00,20200106,경기광주TG 교차로 개선사업 기본 및 실시설계용역,경기도 광주시,PQ,748011000,735829700,98.37150791,홍익+신성,99.8,642100000,100.346,N
20200103717 - 00,20200106,경기광주TG 교차로 개선사업 기본 및 실시설계용역,경기도 광주시,PQ,748011000,735829700,98.37150791,천일+동부,99.74,644330000,100.6827,N
20200103717 - 00,20200106,경기광주TG 교차로 개선사업 기본 및 실시설계용역,경기도 광주시,PQ,748011000,735829700,98.37150791,건화+유신(테크피아),99.56,648800000,101.3338,N
20200103717 - 00,20200106,경기광주TG 교차로 개선사업 기본 및 실시설계용역,경기도 광주시,PQ,748011000,735829700,98.37150791,한기+선진,99.52,636400000,99.3855,N
20200103717 - 00,20200106,경기광주TG 교차로 개선사업 기본 및 실시설계용역,경기도 광주시,PQ,748011000,735829700,98.37150791,대콘+동명,99.48,635894000,99.2949,N
20200103717 - 00,20200106,경기광주TG 교차로 개선사업 기본 및 실시설계용역,경기도 광주시,PQ,748011000,735829700,98.37150791,KG+삼보,99.1,633444000,98.82,Y
20200103641 - 00,20200106,"풍천2, 신역처리분구 하수관로 정비사업 기본 및 실시설계용역",경상북도 안동시,PQ,741600000,742619750,100.1375067,삼안+청우,97.93,637956000,100.0806,N
20200103641 - 00,20200106,"풍천2, 신역처리분구 하수관로 정비사업 기본 및 실시설계용역",경상북도 안동시,PQ,741600000,742619750,100.1375067,도화+한도,97.89,639830000,100.3629,N
20200103641 - 00,20200106,"풍천2, 신역처리분구 하수관로 정비사업 기본 및 실시설계용역",경상북도 안동시,PQ,741600000,742619750,100.1375067,범한+다산,97.86,639428000,100.2882,Y
20200103641 - 00,20200106,"풍천2, 신역처리분구 하수관로 정비사업 기본 및 실시설계용역",경상북도 안동시,PQ,741600000,742619750,100.1375067,한종+동진,97.58,635500000,99.6026,N
20200103641 - 00,20200106,"풍천2, 신역처리분구 하수관로 정비사업 기본 및 실시설계용역",경상북도 안동시,PQ,741600000,742619750,100.1375067,KG+수성+한백,96.62,646756000,101.1199,N
20200103641 - 00,20200106,"풍천2, 신역처리분구 하수관로 정비사업 기본 및 실시설계용역",경상북도 안동시,PQ,741600000,742619750,100.1375067,건화+명성(우성),96.59,644200000,100.7086,N
20200103641 - 00,20200106,"풍천2, 신역처리분구 하수관로 정비사업 기본 및 실시설계용역",경상북도 안동시,PQ,741600000,742619750,100.1375067,경동+보원+벽산,96.59,631990000,98.7998,N
20200103641 - 00,20200106,"풍천2, 신역처리분구 하수관로 정비사업 기본 및 실시설계용역",경상북도 안동시,PQ,741600000,742619750,100.1375067,경호+삼보,96.43,634690000,99.1874,N
20200103641 - 00,20200106,"풍천2, 신역처리분구 하수관로 정비사업 기본 및 실시설계용역",경상북도 안동시,PQ,741600000,742619750,100.1375067,유신+반석,96.25,645372000,100.81,N
20200103641 - 00,20200106,"풍천2, 신역처리분구 하수관로 정비사업 기본 및 실시설계용역",경상북도 안동시,PQ,741600000,742619750,100.1375067,화신+세원,96.23,633399000,98.9398,N
20200104271 - 00,20200107,평창군 대화면 지방상수도 급수구역 확장공사 기본 및 실시설계용역,강원도 평창군,PQ,1200000000,1186320000,98.86,삼주+도화+서광,99.44,949756000,101.0099,N
20200104271 - 00,20200107,평창군 대화면 지방상수도 급수구역 확장공사 기본 및 실시설계용역,강원도 평창군,PQ,1200000000,1186320000,98.86,건화+정+정원(국일),97.83,947700000,99.4835,N
20200104271 - 00,20200107,평창군 대화면 지방상수도 급수구역 확장공사 기본 및 실시설계용역,강원도 평창군,PQ,1200000000,1186320000,98.86,동명+경원+고려,97.6,944490000,98.9596,Y
20200104271 - 00,20200107,평창군 대화면 지방상수도 급수구역 확장공사 기본 및 실시설계용역,강원도 평창군,PQ,1200000000,1186320000,98.86,경동+대성+삼경,97.57,968290000,101.4277,N
20200104271 - 00,20200107,평창군 대화면 지방상수도 급수구역 확장공사 기본 및 실시설계용역,강원도 평창군,PQ,1200000000,1186320000,98.86,삼안+화신+동성,97.27,1115950000,116.6165,N
20200104271 - 00,20200107,평창군 대화면 지방상수도 급수구역 확장공사 기본 및 실시설계용역,강원도 평창군,PQ,1200000000,1186320000,98.86,KG+동남+진화,97.24,943010000,98.5196,N
20200104271 - 00,20200107,평창군 대화면 지방상수도 급수구역 확장공사 기본 및 실시설계용역,강원도 평창군,PQ,1200000000,1186320000,98.86,한종+일신+미래,97.16,952100000,99.407,N
20200105439 - 00,20200108,월곶 도시계획도로(중로3-4호선) 개설사업 기본 및 실시설계 용역,경기도 김포시,PQ,971740000,981156200,100.9690041,서영+신성+대콘,97.92,838600000,100.4,N
20200105439 - 00,20200108,월곶 도시계획도로(중로3-4호선) 개설사업 기본 및 실시설계 용역,경기도 김포시,PQ,971740000,981156200,100.9690041,이산+동일,97.83,834498000,99.8856,N
20200105439 - 00,20200108,월곶 도시계획도로(중로3-4호선) 개설사업 기본 및 실시설계 용역,경기도 김포시,PQ,971740000,981156200,100.9690041,경호+경동,97.55,841290000,100.6284,N
20200105439 - 00,20200108,월곶 도시계획도로(중로3-4호선) 개설사업 기본 및 실시설계 용역,경기도 김포시,PQ,971740000,981156200,100.9690041,내경+극동,97.55,843310000,100.87,N
20200105439 - 00,20200108,월곶 도시계획도로(중로3-4호선) 개설사업 기본 및 실시설계 용역,경기도 김포시,PQ,971740000,981156200,100.9690041,수성+동명+신명,97.47,834812000,99.8303,N
20200105439 - 00,20200108,월곶 도시계획도로(중로3-4호선) 개설사업 기본 및 실시설계 용역,경기도 김포시,PQ,971740000,981156200,100.9690041,건화+다산(테크피아),97.44,828000000,99.0042,N
20200105439 - 00,20200108,월곶 도시계획도로(중로3-4호선) 개설사업 기본 및 실시설계 용역,경기도 김포시,PQ,971740000,981156200,100.9690041,바우+효광+화신,97.31,837870000,100.1495,N
20200105439 - 00,20200108,월곶 도시계획도로(중로3-4호선) 개설사업 기본 및 실시설계 용역,경기도 김포시,PQ,971740000,981156200,100.9690041,평화+용마,97.22,831190000,99.3279,N
20200105439 - 00,20200108,월곶 도시계획도로(중로3-4호선) 개설사업 기본 및 실시설계 용역,경기도 김포시,PQ,971740000,981156200,100.9690041,제일+지유,96.99,844800000,100.8958,N
20200105439 - 00,20200108,월곶 도시계획도로(중로3-4호선) 개설사업 기본 및 실시설계 용역,경기도 김포시,PQ,971740000,981156200,100.9690041,동부+홍익,96.92,828190000,98.9005,N
20200105439 - 00,20200108,월곶 도시계획도로(중로3-4호선) 개설사업 기본 및 실시설계 용역,경기도 김포시,PQ,971740000,981156200,100.9690041,KG+천마+보람,96.81,830819000,99.1799,N
20200105439 - 00,20200108,월곶 도시계획도로(중로3-4호선) 개설사업 기본 및 실시설계 용역,경기도 김포시,PQ,971740000,981156200,100.9690041,한종+유신,96.67,829450000,98.9821,N
20200105439 - 00,20200108,월곶 도시계획도로(중로3-4호선) 개설사업 기본 및 실시설계 용역,경기도 김포시,PQ,971740000,981156200,100.9690041,천일+건영,96.54,827380000,98.7007,N
20200105439 - 00,20200108,월곶 도시계획도로(중로3-4호선) 개설사업 기본 및 실시설계 용역,경기도 김포시,PQ,971740000,981156200,100.9690041,일신+케이디,96.23,848996000,101.209,Y
20200105439 - 00,20200108,월곶 도시계획도로(중로3-4호선) 개설사업 기본 및 실시설계 용역,경기도 김포시,PQ,971740000,981156200,100.9690041,도화+선진,96.19,860500000,102.5685,N
20200105439 - 00,20200108,월곶 도시계획도로(중로3-4호선) 개설사업 기본 및 실시설계 용역,경기도 김포시,PQ,971740000,981156200,100.9690041,삼안+한맥,95.7,828190000,98.5916,N
20200106309 - 00,20200108,광양항 배후도로 확ㆍ포장공사  실시설계용역,전라남도 광양시,TP,1125600000,1111622900,98.75825338,신명+수성,99.45,888950000,100.7921,N
20200106309 - 00,20200108,광양항 배후도로 확ㆍ포장공사  실시설계용역,전라남도 광양시,TP,1125600000,1111622900,98.75825338,한기+극동,98.29,885240000,99.4324,N
20200106309 - 00,20200108,광양항 배후도로 확ㆍ포장공사  실시설계용역,전라남도 광양시,TP,1125600000,1111622900,98.75825338,제일+우빈,97.98,884890000,99.1424,Y
20200106309 - 00,20200108,광양항 배후도로 확ㆍ포장공사  실시설계용역,전라남도 광양시,TP,1125600000,1111622900,98.75825338,천일+신오,97.84,904200000,101.191,N
20200106309 - 00,20200108,광양항 배후도로 확ㆍ포장공사  실시설계용역,전라남도 광양시,TP,1125600000,1111622900,98.75825338,유신+동아,97.49,909026000,101.45,N
20200106309 - 00,20200108,광양항 배후도로 확ㆍ포장공사  실시설계용역,전라남도 광양시,TP,1125600000,1111622900,98.75825338,서영+대콘+하이콘,97.46,901200000,100.5513,N
20200106309 - 00,20200108,광양항 배후도로 확ㆍ포장공사  실시설계용역,전라남도 광양시,TP,1125600000,1111622900,98.75825338,평화+신성,97.46,881900000,98.3979,N
20200106309 - 00,20200108,광양항 배후도로 확ㆍ포장공사  실시설계용역,전라남도 광양시,TP,1125600000,1111622900,98.75825338,동성+산이,97.4,911950000,101.6996,N
20200106309 - 00,20200108,광양항 배후도로 확ㆍ포장공사  실시설계용역,전라남도 광양시,TP,1125600000,1111622900,98.75825338,홍익+우리,97.37,883031000,98.4499,N
20200106309 - 00,20200108,광양항 배후도로 확ㆍ포장공사  실시설계용역,전라남도 광양시,TP,1125600000,1111622900,98.75825338,KG+삼보+우영,97.26,883540000,98.4202,N
20200105813 - 00,20200108,공주 탄천일반산업단지 사후환경영향조사용역,충청남도개발공사,PQ,698404000,698590850,100.0267539,평화+세일+신일환경,98.31,600380000,100.1043,Y
20200105813 - 00,20200108,공주 탄천일반산업단지 사후환경영향조사용역,충청남도개발공사,PQ,698404000,698590850,100.0267539,경동+신서+퍼스트,98.26,601480000,100.276,N
20200105813 - 00,20200108,공주 탄천일반산업단지 사후환경영향조사용역,충청남도개발공사,PQ,698404000,698590850,100.0267539,동아+드림+IK,98.15,597860000,99.6493,N
20200105813 - 00,20200108,공주 탄천일반산업단지 사후환경영향조사용역,충청남도개발공사,PQ,698404000,698590850,100.0267539,동명+양지,98.13,599950000,99.986,N
20200105813 - 00,20200108,공주 탄천일반산업단지 사후환경영향조사용역,충청남도개발공사,PQ,698404000,698590850,100.0267539,수성+삼육+보드플랜+기산,98.06,596563000,99.41,N
20200105813 - 00,20200108,공주 탄천일반산업단지 사후환경영향조사용역,충청남도개발공사,PQ,698404000,698590850,100.0267539,한맥+다산+네오,98.06,597300000,99.5328,N
20200105813 - 00,20200108,공주 탄천일반산업단지 사후환경영향조사용역,충청남도개발공사,PQ,698404000,698590850,100.0267539,이산+삼안+휴먼,97.95,605620000,100.884,N
20200105813 - 00,20200108,공주 탄천일반산업단지 사후환경영향조사용역,충청남도개발공사,PQ,698404000,698590850,100.0267539,동부+CNS+서영,97.77,604450000,100.6891,N
20200105813 - 00,20200108,공주 탄천일반산업단지 사후환경영향조사용역,충청남도개발공사,PQ,698404000,698590850,100.0267539,건화+송현+우신,97.68,604900000,100.6938,N
20200105813 - 00,20200108,공주 탄천일반산업단지 사후환경영향조사용역,충청남도개발공사,PQ,698404000,698590850,100.0267539,동성+장맥+한국환경,97.42,607690000,101.0995,N
20200105813 - 00,20200108,공주 탄천일반산업단지 사후환경영향조사용역,충청남도개발공사,PQ,698404000,698590850,100.0267539,도화+한솔+경일,97.32,606870000,100.9396,N
20200105813 - 00,20200108,공주 탄천일반산업단지 사후환경영향조사용역,충청남도개발공사,PQ,698404000,698590850,100.0267539,선진+우주+화신,97.22,594170000,98.7928,N
20200105813 - 00,20200108,공주 탄천일반산업단지 사후환경영향조사용역,충청남도개발공사,PQ,698404000,698590850,100.0267539,경호+천일+송현E,97.18,593194000,98.619,N
20200105813 - 00,20200108,공주 탄천일반산업단지 사후환경영향조사용역,충청남도개발공사,PQ,698404000,698590850,100.0267539,한종+천마+소운,97.09,608150000,101.082,N
20200105813 - 00,20200108,공주 탄천일반산업단지 사후환경영향조사용역,충청남도개발공사,PQ,698404000,698590850,100.0267539,KG+동일+세광+가림,96.52,592960000,98.4202,N
20200107759 - 00,20200109,다사~왜관간 광역도로 건설공사 건설사업관리용역,대구광역시 건설본부,PQ,5553140000,5616418075,101.1395008,삼보+씨이엠+해인+유신,99.87,4072800000,100.352,N
20200107759 - 00,20200109,다사~왜관간 광역도로 건설공사 건설사업관리용역,대구광역시 건설본부,PQ,5553140000,5616418075,101.1395008,도화+경림+동성+한도,99.63,4062700000,99.8982,N
20200107759 - 00,20200109,다사~왜관간 광역도로 건설공사 건설사업관리용역,대구광역시 건설본부,PQ,5553140000,5616418075,101.1395008,다산+이산+한백,99.59,4078200000,100.2382,N
20200107759 - 00,20200109,다사~왜관간 광역도로 건설공사 건설사업관리용역,대구광역시 건설본부,PQ,5553140000,5616418075,101.1395008,수성+유원+해동,99.08,4056898999,99.281,N
20200107759 - 00,20200109,다사~왜관간 광역도로 건설공사 건설사업관리용역,대구광역시 건설본부,PQ,5553140000,5616418075,101.1395008,한종+동진+동우,99.06,4139000000,101.2627,Y
20200107759 - 00,20200109,다사~왜관간 광역도로 건설공사 건설사업관리용역,대구광역시 건설본부,PQ,5553140000,5616418075,101.1395008,삼안+대성+한백종합,98.82,4046460000,98.7973,N
20200107759 - 00,20200109,다사~왜관간 광역도로 건설공사 건설사업관리용역,대구광역시 건설본부,PQ,5553140000,5616418075,101.1395008,건화+유성+건일(우성),98.72,4044000000,98.657,N
20200107759 - 00,20200109,다사~왜관간 광역도로 건설공사 건설사업관리용역,대구광역시 건설본부,PQ,5553140000,5616418075,101.1395008,동명+유한+동일+상금,98.65,5400000000,131.6487,N
2019-02-000701 - 00,20200109,경부고속선 성동고가 외 19개 교량 점검통로 개량공사 감독 권한대행 등 건설사업관리용역,한국철도시설공단,PQ,962654000,963174843,100.0541049,KRTC+우주,100,799753000,100.0999,Y
2019-02-000701 - 00,20200109,경부고속선 성동고가 외 19개 교량 점검통로 개량공사 감독 권한대행 등 건설사업관리용역,한국철도시설공단,PQ,962654000,963174843,100.0541049,동명,99.9,797250000,99.7506,N
2019-02-000701 - 00,20200109,경부고속선 성동고가 외 19개 교량 점검통로 개량공사 감독 권한대행 등 건설사업관리용역,한국철도시설공단,PQ,962654000,963174843,100.0541049,동부,99.84,797830000,99.8111,N
2019-02-000701 - 00,20200109,경부고속선 성동고가 외 19개 교량 점검통로 개량공사 감독 권한대행 등 건설사업관리용역,한국철도시설공단,PQ,962654000,963174843,100.0541049,유신,99.84,797022000,99.71,N
2019-02-000701 - 00,20200109,경부고속선 성동고가 외 19개 교량 점검통로 개량공사 감독 권한대행 등 건설사업관리용역,한국철도시설공단,PQ,962654000,963174843,100.0541049,신성,99.71,803580000,100.4942,N
2019-02-000701 - 00,20200109,경부고속선 성동고가 외 19개 교량 점검통로 개량공사 감독 권한대행 등 건설사업관리용역,한국철도시설공단,PQ,962654000,963174843,100.0541049,수성+선구,99.61,795993000,99.5094,N
2019-02-000701 - 00,20200109,경부고속선 성동고가 외 19개 교량 점검통로 개량공사 감독 권한대행 등 건설사업관리용역,한국철도시설공단,PQ,962654000,963174843,100.0541049,건화+일신,99.48,806600000,100.799,N
2019-02-000701 - 00,20200109,경부고속선 성동고가 외 19개 교량 점검통로 개량공사 감독 권한대행 등 건설사업관리용역,한국철도시설공단,PQ,962654000,963174843,100.0541049,서영+태조,99.47,796610000,99.5506,N
2019-02-000701 - 00,20200109,경부고속선 성동고가 외 19개 교량 점검통로 개량공사 감독 권한대행 등 건설사업관리용역,한국철도시설공단,PQ,962654000,963174843,100.0541049,경동+대콘,99.21,809488000,101.0748,N
2019-02-000701 - 00,20200109,경부고속선 성동고가 외 19개 교량 점검통로 개량공사 감독 권한대행 등 건설사업관리용역,한국철도시설공단,PQ,962654000,963174843,100.0541049,대건+용마+극동,99.14,813088600,101.5,N
2019-02-000701 - 00,20200109,경부고속선 성동고가 외 19개 교량 점검통로 개량공사 감독 권한대행 등 건설사업관리용역,한국철도시설공단,PQ,962654000,963174843,100.0541049,화정+선진,98.63,804074600,100.2302,N
2019-02-000701 - 00,20200109,경부고속선 성동고가 외 19개 교량 점검통로 개량공사 감독 권한대행 등 건설사업관리용역,한국철도시설공단,PQ,962654000,963174843,100.0541049,신승+이산,97.62,815192000,101.3,N
20200107946 - 01,20200109,청주 에어로폴리스2지구 진입도로 건설사업관리용역,충청북도,PQ,765600000,772967000,100.9622518,도화+지명,100,652850000,99.7403,N
20200107946 - 01,20200109,청주 에어로폴리스2지구 진입도로 건설사업관리용역,충청북도,PQ,765600000,772967000,100.9622518,홍익+태일,100,657167000,100.3999,N
20200107946 - 01,20200109,청주 에어로폴리스2지구 진입도로 건설사업관리용역,충청북도,PQ,765600000,772967000,100.9622518,이산+도우,99.81,652978000,99.7016,N
20200107946 - 01,20200109,청주 에어로폴리스2지구 진입도로 건설사업관리용역,충청북도,PQ,765600000,772967000,100.9622518,KSM+청우,99.77,654210000,99.878,N
20200107946 - 01,20200109,청주 에어로폴리스2지구 진입도로 건설사업관리용역,충청북도,PQ,765600000,772967000,100.9622518,동성+세기,99.72,652266000,99.5696,N
20200107946 - 01,20200109,청주 에어로폴리스2지구 진입도로 건설사업관리용역,충청북도,PQ,765600000,772967000,100.9622518,평화+창민,99.71,658680000,100.5487,N
20200107946 - 01,20200109,청주 에어로폴리스2지구 진입도로 건설사업관리용역,충청북도,PQ,765600000,772967000,100.9622518,동일+동림,99.7,655700000,100.0938,N
20200107946 - 01,20200109,청주 에어로폴리스2지구 진입도로 건설사업관리용역,충청북도,PQ,765600000,772967000,100.9622518,용마+해린,99.7,651140000,99.3977,N
20200107946 - 01,20200109,청주 에어로폴리스2지구 진입도로 건설사업관리용역,충청북도,PQ,765600000,772967000,100.9622518,신명+태광,99.65,659225000,100.6201,N
20200107946 - 01,20200109,청주 에어로폴리스2지구 진입도로 건설사업관리용역,충청북도,PQ,765600000,772967000,100.9622518,경원+옥토,99.61,650600000,99.2921,N
20200107946 - 01,20200109,청주 에어로폴리스2지구 진입도로 건설사업관리용역,충청북도,PQ,765600000,772967000,100.9622518,수성+수일,99.61,651827000,99.4793,N
20200107946 - 01,20200109,청주 에어로폴리스2지구 진입도로 건설사업관리용역,충청북도,PQ,765600000,772967000,100.9622518,건화+영진,99.6,660000000,100.7266,N
20200107946 - 01,20200109,청주 에어로폴리스2지구 진입도로 건설사업관리용역,충청북도,PQ,765600000,772967000,100.9622518,천일+한맥E+서윤,99.59,660250000,100.753,N
20200107946 - 01,20200109,청주 에어로폴리스2지구 진입도로 건설사업관리용역,충청북도,PQ,765600000,772967000,100.9622518,극동+대원,99.57,660163000,100.7397,N
20200107946 - 01,20200109,청주 에어로폴리스2지구 진입도로 건설사업관리용역,충청북도,PQ,765600000,772967000,100.9622518,KCM+세광,99.53,664380000,101.3714,N
20200107946 - 01,20200109,청주 에어로폴리스2지구 진입도로 건설사업관리용역,충청북도,PQ,765600000,772967000,100.9622518,대콘+호영,99.45,662000000,100.9847,Y
20200107946 - 01,20200109,청주 에어로폴리스2지구 진입도로 건설사업관리용역,충청북도,PQ,765600000,772967000,100.9622518,경호+해림,99.15,647788000,98.7475,N
20200107946 - 01,20200109,청주 에어로폴리스2지구 진입도로 건설사업관리용역,충청북도,PQ,765600000,772967000,100.9622518,제일+도명,99.12,667600000,101.7557,N
20200107946 - 01,20200109,청주 에어로폴리스2지구 진입도로 건설사업관리용역,충청북도,PQ,765600000,772967000,100.9622518,서영+한광,98.75,677000000,103.0922,N
20200107087 - 01 ,20200109,동탄 도시철도 타당성평가 및 기본계획 수립용역,경기도,TP,1927423000,1925259550,99.88775427,유신+신성+KG,99.04,1533620000,101.2128,Y
20200107087 - 01 ,20200109,동탄 도시철도 타당성평가 및 기본계획 수립용역,경기도,TP,1927423000,1925259550,99.88775427,동명+서현+동부,98.91,1514499000,99.8493,N
20200107087 - 01 ,20200109,동탄 도시철도 타당성평가 및 기본계획 수립용역,경기도,TP,1927423000,1925259550,99.88775427,삼보+한종+동해,97.46,1514250000,98.6668,N
20200107087 - 01 ,20200109,동탄 도시철도 타당성평가 및 기본계획 수립용역,경기도,TP,1927423000,1925259550,99.88775427,건화+삼안+도화,96.92,1800000000,116.7727,N
20200107860 - 00,20200109,충주 제1일반산업단지 경쟁력강화사업 사업계획수립(재생 및 재생시행계획) 용역,충청북도 충주시,PQ,1151000000,1143478250,99.34650304,건화+홍익+수성,100,899700000,100.2203,Y
20200107860 - 00,20200109,충주 제1일반산업단지 경쟁력강화사업 사업계획수립(재생 및 재생시행계획) 용역,충청북도 충주시,PQ,1151000000,1143478250,99.34650304,동명+대원,99.7,913500000,101.4972,N
20200107860 - 00,20200109,충주 제1일반산업단지 경쟁력강화사업 사업계획수립(재생 및 재생시행계획) 용역,충청북도 충주시,PQ,1151000000,1143478250,99.34650304,도화+영진,99.5,895096000,99.3,N
20200107860 - 00,20200109,충주 제1일반산업단지 경쟁력강화사업 사업계획수립(재생 및 재생시행계획) 용역,충청북도 충주시,PQ,1151000000,1143478250,99.34650304,유신+한종+건양+지명,99.11,896958000,99.1899,N
20200107860 - 00,20200109,충주 제1일반산업단지 경쟁력강화사업 사업계획수립(재생 및 재생시행계획) 용역,충청북도 충주시,PQ,1151000000,1143478250,99.34650304,삼안+청우,98.73,920150000,101.4319,N
20200107860 - 00,20200109,충주 제1일반산업단지 경쟁력강화사업 사업계획수립(재생 및 재생시행계획) 용역,충청북도 충주시,PQ,1151000000,1143478250,99.34650304,KG+동림,98.41,913828000,100.48,N
20200107860 - 00,20200109,충주 제1일반산업단지 경쟁력강화사업 사업계획수립(재생 및 재생시행계획) 용역,충청북도 충주시,PQ,1151000000,1143478250,99.34650304,경호+도우,98.25,1100000000,120.7977,N
20200109270 - 00,20200110,2040년 철원 군기본계획 및 군관리계획(재정비)수립용역,강원도 철원군,PQ,1485900000,1477397000,99.42775422,화신+삼안+일신,99.38,1171880000,100.6017,Y
20200109270 - 00,20200110,2040년 철원 군기본계획 및 군관리계획(재정비)수립용역,강원도 철원군,PQ,1485900000,1477397000,99.42775422,도화+삼경+정,98,1194700000,101.4222,N
20200109270 - 00,20200110,2040년 철원 군기본계획 및 군관리계획(재정비)수립용역,강원도 철원군,PQ,1485900000,1477397000,99.42775422,경호+미래+경동+동남,98,1175250000,99.771,N
20200109270 - 00,20200110,2040년 철원 군기본계획 및 군관리계획(재정비)수립용역,강원도 철원군,PQ,1485900000,1477397000,99.42775422,한종+경원+국일,97.68,1167000000,98.8089,N
20200109270 - 00,20200110,2040년 철원 군기본계획 및 군관리계획(재정비)수립용역,강원도 철원군,PQ,1485900000,1477397000,99.42775422,동명+동서+대성,97.64,1167400000,98.8055,N
20200109270 - 00,20200110,2040년 철원 군기본계획 및 군관리계획(재정비)수립용역,강원도 철원군,PQ,1485900000,1477397000,99.42775422,유신+서광+KG+강원길,97.61,1201750000,101.7,N
20200109270 - 00,20200110,2040년 철원 군기본계획 및 군관리계획(재정비)수립용역,강원도 철원군,PQ,1485900000,1477397000,99.42775422,수성+상주+서경,97.21,1210000000,102.0645,N
20200109270 - 00,20200110,2040년 철원 군기본계획 및 군관리계획(재정비)수립용역,강원도 철원군,PQ,1485900000,1477397000,99.42775422,서영+진화+건화+고려,96.79,1205600000,101.3503,N
20200108317 - 05,20200110,가장천 생태하천 복원사업 건설사업관리용역,경기도 오산시,PQ,1577000000,1565913725,99.29700222,건화+서영,100,1231200000,100.0991,N
20200108317 - 05,20200110,가장천 생태하천 복원사업 건설사업관리용역,경기도 오산시,PQ,1577000000,1565913725,99.29700222,이산+유신,100,1232100000,100.1723,N
20200108317 - 05,20200110,가장천 생태하천 복원사업 건설사업관리용역,경기도 오산시,PQ,1577000000,1565913725,99.29700222,삼안+태조+KSM,100,1227930000,99.8332,N
20200108317 - 05,20200110,가장천 생태하천 복원사업 건설사업관리용역,경기도 오산시,PQ,1577000000,1565913725,99.29700222,동부+주하,99.91,1225994000,99.5992,Y
20200108317 - 05,20200110,가장천 생태하천 복원사업 건설사업관리용역,경기도 오산시,PQ,1577000000,1565913725,99.29700222,극동+선진,99.81,1222051000,99.1899,N
20200108317 - 05,20200110,가장천 생태하천 복원사업 건설사업관리용역,경기도 오산시,PQ,1577000000,1565913725,99.29700222,도화+KG,99.73,1241900000,100.7365,N
20200108317 - 05,20200110,가장천 생태하천 복원사업 건설사업관리용역,경기도 오산시,PQ,1577000000,1565913725,99.29700222,수성+신성,99.68,1242912000,100.78,N
20200108317 - 05,20200110,가장천 생태하천 복원사업 건설사업관리용역,경기도 오산시,PQ,1577000000,1565913725,99.29700222,천일+동명,99.68,1223600000,99.2141,N
20200108317 - 05,20200110,가장천 생태하천 복원사업 건설사업관리용역,경기도 오산시,PQ,1577000000,1565913725,99.29700222,경동+용마,99.63,1221680000,99.0204,N
20200108317 - 05,20200110,가장천 생태하천 복원사업 건설사업관리용역,경기도 오산시,PQ,1577000000,1565913725,99.29700222,KCM+지유,99.34,1219400000,98.5962,N
20200108317 - 05,20200110,가장천 생태하천 복원사업 건설사업관리용역,경기도 오산시,PQ,1577000000,1565913725,99.29700222,신명+다음,99.32,1255552000,101.5063,N
20200108317 - 05,20200110,가장천 생태하천 복원사업 건설사업관리용역,경기도 오산시,PQ,1577000000,1565913725,99.29700222,평화+목양,99.3,1259280000,101.7947,N
20200108317 - 05,20200110,가장천 생태하천 복원사업 건설사업관리용역,경기도 오산시,PQ,1577000000,1565913725,99.29700222,동성+경호,98.66,1269000000,102.0471,N
20200108317 - 05,20200110,가장천 생태하천 복원사업 건설사업관리용역,경기도 오산시,PQ,1577000000,1565913725,99.29700222,한종+동해,97.3,1277100000,101.5778,N
20200111325 - 00,20200113,용동천(용동지구)외 3개지구 하천재해예방사업 건설사업관리용역,경상북도,PQ,1958000000,1984550500,101.356001,건화+한도,100,1520400000,99.5585,N
20200111325 - 00,20200113,용동천(용동지구)외 3개지구 하천재해예방사업 건설사업관리용역,경상북도,PQ,1958000000,1984550500,101.356001,한종+동진,100,1527150000,100.0005,N
20200111325 - 00,20200113,용동천(용동지구)외 3개지구 하천재해예방사업 건설사업관리용역,경상북도,PQ,1958000000,1984550500,101.356001,삼안+한백종합,100,1535380000,100.5394,N
20200111325 - 00,20200113,용동천(용동지구)외 3개지구 하천재해예방사업 건설사업관리용역,경상북도,PQ,1958000000,1984550500,101.356001,이산+금일,100,1518518000,99.4353,N
20200111325 - 00,20200113,용동천(용동지구)외 3개지구 하천재해예방사업 건설사업관리용역,경상북도,PQ,1958000000,1984550500,101.356001,동부+건일,100,1533950000,100.4458,N
20200111325 - 00,20200113,용동천(용동지구)외 3개지구 하천재해예방사업 건설사업관리용역,경상북도,PQ,1958000000,1984550500,101.356001,극동+대성,99.77,1524570000,99.6399,N
20200111325 - 00,20200113,용동천(용동지구)외 3개지구 하천재해예방사업 건설사업관리용역,경상북도,PQ,1958000000,1984550500,101.356001,KCI+평화,99.77,1544600000,100.949,N
20200111325 - 00,20200113,용동천(용동지구)외 3개지구 하천재해예방사업 건설사업관리용역,경상북도,PQ,1958000000,1984550500,101.356001,유신+해동,99.7,1541776000,100.7,N
20200111325 - 00,20200113,용동천(용동지구)외 3개지구 하천재해예방사업 건설사업관리용역,경상북도,PQ,1958000000,1984550500,101.356001,경동+동아,99.69,1518503000,99.18,N
20200111325 - 00,20200113,용동천(용동지구)외 3개지구 하천재해예방사업 건설사업관리용역,경상북도,PQ,1958000000,1984550500,101.356001,도화+보원,99.66,1518200000,99.1348,N
20200111325 - 00,20200113,용동천(용동지구)외 3개지구 하천재해예방사업 건설사업관리용역,경상북도,PQ,1958000000,1984550500,101.356001,동성+CEM,99.53,1487000000,96.9859,N
20200111325 - 00,20200113,용동천(용동지구)외 3개지구 하천재해예방사업 건설사업관리용역,경상북도,PQ,1958000000,1984550500,101.356001,KCM+서영+KG,99.52,1513000000,98.6817,N
20200111325 - 00,20200113,용동천(용동지구)외 3개지구 하천재해예방사업 건설사업관리용역,경상북도,PQ,1958000000,1984550500,101.356001,신명+세원,99.51,1553355000,101.3008,N
20200111325 - 00,20200113,용동천(용동지구)외 3개지구 하천재해예방사업 건설사업관리용역,경상북도,PQ,1958000000,1984550500,101.356001,천일+강산,99.5,1551490000,101.1792,N
20200111325 - 00,20200113,용동천(용동지구)외 3개지구 하천재해예방사업 건설사업관리용역,경상북도,PQ,1958000000,1984550500,101.356001,수성+청명+해인,99.46,1552000000,101.1737,N
20200111325 - 00,20200113,용동천(용동지구)외 3개지구 하천재해예방사업 건설사업관리용역,경상북도,PQ,1958000000,1984550500,101.356001,KSM+새길,99.32,1520380000,98.9987,N
20200111325 - 00,20200113,용동천(용동지구)외 3개지구 하천재해예방사업 건설사업관리용역,경상북도,PQ,1958000000,1984550500,101.356001,화신+디에스,98.98,1800000000,116.8782,Y
20200111568 - 00,20200114,양평양동 일반산업단지 개발계획 및 실시설계 용역,경기도시공사,PQ,598603000,599221125,100.1032613,서영+동일,99.92,514900000,100.587,N
20200111568 - 00,20200114,양평양동 일반산업단지 개발계획 및 실시설계 용역,경기도시공사,PQ,598603000,599221125,100.1032613,유신+삼안,99.88,510455000,99.707,N
20200111568 - 00,20200114,양평양동 일반산업단지 개발계획 및 실시설계 용역,경기도시공사,PQ,598603000,599221125,100.1032613,경호+일신,99.36,514290000,100.3153,Y
20200111568 - 00,20200114,양평양동 일반산업단지 개발계획 및 실시설계 용역,경기도시공사,PQ,598603000,599221125,100.1032613,동명+이솔,99.1,511126000,99.64,N
20200111568 - 00,20200114,양평양동 일반산업단지 개발계획 및 실시설계 용역,경기도시공사,PQ,598603000,599221125,100.1032613,선진+한종,99.05,509230000,99.2588,N
20200111568 - 00,20200114,양평양동 일반산업단지 개발계획 및 실시설계 용역,경기도시공사,PQ,598603000,599221125,100.1032613,건화+도화,98.88,516890000,100.7049,N
20200111568 - 00,20200114,양평양동 일반산업단지 개발계획 및 실시설계 용역,경기도시공사,PQ,598603000,599221125,100.1032613,수성+KG,98.5,509795000,99.23,N
20200112267 - 00,20200114,군산시 자연재해저감 종합계획 재수립 용역,전라북도 군산시,PQ,1152910000,1167762400,101.2882532,도화+보람+유현+한가람,98.76,916100000,100.8437,N
20200112267 - 00,20200114,군산시 자연재해저감 종합계획 재수립 용역,전라북도 군산시,PQ,1152910000,1167762400,101.2882532,한종+JCN+서광,98.34,921000000,101.0369,N
20200112267 - 00,20200114,군산시 자연재해저감 종합계획 재수립 용역,전라북도 군산시,PQ,1152910000,1167762400,101.2882532,삼안+국성+KCI,98.33,908996000,99.72,N
20200112267 - 00,20200114,군산시 자연재해저감 종합계획 재수립 용역,전라북도 군산시,PQ,1152910000,1167762400,101.2882532,동부+더한+동명,98.02,905520000,99.088,N
20200112267 - 00,20200114,군산시 자연재해저감 종합계획 재수립 용역,전라북도 군산시,PQ,1152910000,1167762400,101.2882532,이산+조화+제일,97.61,931300000,101.5759,Y
20200112267 - 00,20200114,군산시 자연재해저감 종합계획 재수립 용역,전라북도 군산시,PQ,1152910000,1167762400,101.2882532,유신+신우+인명,97.57,907108000,98.9,N
20200112267 - 00,20200114,군산시 자연재해저감 종합계획 재수립 용역,전라북도 군산시,PQ,1152910000,1167762400,101.2882532,건화+세화+KG+삼경,97.29,905979000,98.5539,N
20200112267 - 00,20200114,군산시 자연재해저감 종합계획 재수립 용역,전라북도 군산시,PQ,1152910000,1167762400,101.2882532,화신+범산+평화,97.29,931688000,101.3505,N
20200112107 - 01,20200114,동해항 3단계 진입도로건설공사 기본 및 실시설계용역,해양수산부 동해지방해양수산청,SOQ,1557000000,1558019875,100.0655026,수성+세일,96.86,1289162000,100.7334,Y
20200112107 - 01,20200114,동해항 3단계 진입도로건설공사 기본 및 실시설계용역,해양수산부 동해지방해양수산청,SOQ,1557000000,1558019875,100.0655026,유신+세광+건일,96.74,1281039000,100.0013,N
20200112107 - 01,20200114,동해항 3단계 진입도로건설공사 기본 및 실시설계용역,해양수산부 동해지방해양수산청,SOQ,1557000000,1558019875,100.0655026,천일+한항,96.16,1289594000,100.17,N
20200112107 - 01,20200114,동해항 3단계 진입도로건설공사 기본 및 실시설계용역,해양수산부 동해지방해양수산청,SOQ,1557000000,1558019875,100.0655026,건화+아라(대원항업+지앤비),93.38,1335600000,101.3653,N
20200112107 - 01,20200114,동해항 3단계 진입도로건설공사 기본 및 실시설계용역,해양수산부 동해지방해양수산청,SOQ,1557000000,1558019875,100.0655026,삼안+일진+태조,93.22,1340000000,101.5552,N
2000104 - 00,20200114,의정부우정 공공주택지구 조성사업 환경영향평가용역,한국토지주택공사,PQ,619300000,618458000,99.86404005,선진+우신,99.95,533270000,100.694,N
2000104 - 00,20200114,의정부우정 공공주택지구 조성사업 환경영향평가용역,한국토지주택공사,PQ,619300000,618458000,99.86404005,동아+이산+엔탑,98.95,529550000,99.7001,N
2000104 - 00,20200114,의정부우정 공공주택지구 조성사업 환경영향평가용역,한국토지주택공사,PQ,619300000,618458000,99.86404005,도화+천일+신일,98.92,534430000,100.6189,N
2000104 - 00,20200114,의정부우정 공공주택지구 조성사업 환경영향평가용역,한국토지주택공사,PQ,619300000,618458000,99.86404005,신성+삼안+홍익+휴먼,98.72,528980000,99.5348,N
2000104 - 00,20200114,의정부우정 공공주택지구 조성사업 환경영향평가용역,한국토지주택공사,PQ,619300000,618458000,99.86404005,서영+퍼스트,98.67,532300000,100.1362,Y
2000104 - 00,20200114,의정부우정 공공주택지구 조성사업 환경영향평가용역,한국토지주택공사,PQ,619300000,618458000,99.86404005,평화+세광+한국환경,98.47,528800000,99.4198,N
2000104 - 00,20200114,의정부우정 공공주택지구 조성사업 환경영향평가용역,한국토지주택공사,PQ,619300000,618458000,99.86404005,동부+KG+한맥+레오,98.17,536415000,100.7694,N
2000104 - 00,20200114,의정부우정 공공주택지구 조성사업 환경영향평가용역,한국토지주택공사,PQ,619300000,618458000,99.86404005,경동+선진환경,98.13,528367000,99.246,N
2000104 - 00,20200114,의정부우정 공공주택지구 조성사업 환경영향평가용역,한국토지주택공사,PQ,619300000,618458000,99.86404005,동성+동진,97.82,528660000,99.2087,N
2000104 - 00,20200114,의정부우정 공공주택지구 조성사업 환경영향평가용역,한국토지주택공사,PQ,619300000,618458000,99.86404005,수성+건화+대콘+보드플랜,96.78,541420000,101.2972,N
2000104 - 00,20200114,의정부우정 공공주택지구 조성사업 환경영향평가용역,한국토지주택공사,PQ,619300000,618458000,99.86404005,유신+예평+동해,96.43,545745000,102,N
20200113093 - 00,20200114,옥도 연도교 가설공사 기본 및 실시설계용역,전라남도 진도군,PQ,733500000,729482275,99.4522529,서영+기찬,97.98,630730000,100.0513,N
20200113093 - 00,20200114,옥도 연도교 가설공사 기본 및 실시설계용역,전라남도 진도군,PQ,733500000,729482275,99.4522529,도화+한기,97.9,630240000,99.9503,N
20200113093 - 00,20200114,옥도 연도교 가설공사 기본 및 실시설계용역,전라남도 진도군,PQ,733500000,729482275,99.4522529,한맥+신촌,97.65,629090000,99.7099,N
20200113093 - 00,20200114,옥도 연도교 가설공사 기본 및 실시설계용역,전라남도 진도군,PQ,733500000,729482275,99.4522529,신명+수성,97.6,628628000,99.6251,N
20200113093 - 00,20200114,옥도 연도교 가설공사 기본 및 실시설계용역,전라남도 진도군,PQ,733500000,729482275,99.4522529,경동+산이+경원,97.58,626477000,99.2727,N
20200113093 - 00,20200114,옥도 연도교 가설공사 기본 및 실시설계용역,전라남도 진도군,PQ,733500000,729482275,99.4522529,다산+하이콘,97.55,628100000,99.5299,Y
20200113093 - 00,20200114,옥도 연도교 가설공사 기본 및 실시설계용역,전라남도 진도군,PQ,733500000,729482275,99.4522529,평화+KG,97.5,634480000,100.5292,N
20200113093 - 00,20200114,옥도 연도교 가설공사 기본 및 실시설계용역,전라남도 진도군,PQ,733500000,729482275,99.4522529,KCI+우리+삼보,97.49,640400000,101.4554,N
20200113093 - 00,20200114,옥도 연도교 가설공사 기본 및 실시설계용역,전라남도 진도군,PQ,733500000,729482275,99.4522529,홍익+우영,97.45,626489000,99.24,N
20200113093 - 00,20200114,옥도 연도교 가설공사 기본 및 실시설계용역,전라남도 진도군,PQ,733500000,729482275,99.4522529,건화+동아(에스디+오션그래픽),97.2,628400000,99.4849,N
20200113093 - 00,20200114,옥도 연도교 가설공사 기본 및 실시설계용역,전라남도 진도군,PQ,733500000,729482275,99.4522529,삼안+오션,97.2,659340000,104.3832,N
20200113015 - 01,20200114,해금강마을 외 1개소 하수관로 정비사업 건설사업관리용역,경상남도 거제시,PQ,1320000000,1296966000,98.255,서영+한성,99.8,1030700000,99.9467,N
20200113015 - 01,20200114,해금강마을 외 1개소 하수관로 정비사업 건설사업관리용역,경상남도 거제시,PQ,1320000000,1296966000,98.255,동성+한가람,99.79,1031000000,99.963,N
20200113015 - 01,20200114,해금강마을 외 1개소 하수관로 정비사업 건설사업관리용역,경상남도 거제시,PQ,1320000000,1296966000,98.255,수성+삼안,99.7,1037269999,100.4937,N
20200113015 - 01,20200114,해금강마을 외 1개소 하수관로 정비사업 건설사업관리용역,경상남도 거제시,PQ,1320000000,1296966000,98.255,천일+금성,99.69,1039290000,100.6894,N
20200113015 - 01,20200114,해금강마을 외 1개소 하수관로 정비사업 건설사업관리용역,경상남도 거제시,PQ,1320000000,1296966000,98.255,제일+신화,99.66,1029240000,99.6902,N
20200113015 - 01,20200114,해금강마을 외 1개소 하수관로 정비사업 건설사업관리용역,경상남도 거제시,PQ,1320000000,1296966000,98.255,건화+경화,99.6,1026500000,99.374,N
20200113015 - 01,20200114,해금강마을 외 1개소 하수관로 정비사업 건설사업관리용역,경상남도 거제시,PQ,1320000000,1296966000,98.255,한종+HEC,99.58,1038300000,100.5035,N
20200113015 - 01,20200114,해금강마을 외 1개소 하수관로 정비사업 건설사업관리용역,경상남도 거제시,PQ,1320000000,1296966000,98.255,이산+천진,99.57,1026500000,99.3486,N
20200113015 - 01,20200114,해금강마을 외 1개소 하수관로 정비사업 건설사업관리용역,경상남도 거제시,PQ,1320000000,1296966000,98.255,경동+우진,99.5,1024800000,99.1335,N
20200113015 - 01,20200114,해금강마을 외 1개소 하수관로 정비사업 건설사업관리용역,경상남도 거제시,PQ,1320000000,1296966000,98.255,삼영+범한,99.5,1031174000,99.7118,N
20200113015 - 01,20200114,해금강마을 외 1개소 하수관로 정비사업 건설사업관리용역,경상남도 거제시,PQ,1320000000,1296966000,98.255,동명+한올,99.46,1046600000,101.2035,N
20200113015 - 01,20200114,해금강마을 외 1개소 하수관로 정비사업 건설사업관리용역,경상남도 거제시,PQ,1320000000,1296966000,98.255,극동+서화,99.42,1047378000,101.24,N
20200113015 - 01,20200114,해금강마을 외 1개소 하수관로 정비사업 건설사업관리용역,경상남도 거제시,PQ,1320000000,1296966000,98.255,신명+우정,99.42,1024204000,98.9873,N
20200113015 - 01,20200114,해금강마을 외 1개소 하수관로 정비사업 건설사업관리용역,경상남도 거제시,PQ,1320000000,1296966000,98.255,도화+하우,99.4,1049000000,101.3579,N
20200113015 - 01,20200114,해금강마을 외 1개소 하수관로 정비사업 건설사업관리용역,경상남도 거제시,PQ,1320000000,1296966000,98.255,선진+혜인,99.37,1047960000,101.2187,N
20200113015 - 01,20200114,해금강마을 외 1개소 하수관로 정비사업 건설사업관리용역,경상남도 거제시,PQ,1320000000,1296966000,98.255,홍익+태일,99.32,1050880000,101.4232,N
20200113015 - 01,20200114,해금강마을 외 1개소 하수관로 정비사업 건설사업관리용역,경상남도 거제시,PQ,1320000000,1296966000,98.255,경원+동영,99.22,1053800000,101.6144,N
20200113015 - 01,20200114,해금강마을 외 1개소 하수관로 정비사업 건설사업관리용역,경상남도 거제시,PQ,1320000000,1296966000,98.255,KG+로텍,99.11,1022021000,98.55,N
20200113015 - 01,20200114,해금강마을 외 1개소 하수관로 정비사업 건설사업관리용역,경상남도 거제시,PQ,1320000000,1296966000,98.255,KCM+현진,99.08,1021900000,98.5384,Y
20200113057 - 00,20200114,인천항 제1항로 북측구간 준설공사 실시설계용역,해양수산부 인천지방해양수산청,PQ,480000000,482293200,100.47775,세일,98.3,414668000,99.5898,N
20200113057 - 00,20200114,인천항 제1항로 북측구간 준설공사 실시설계용역,해양수산부 인천지방해양수산청,PQ,480000000,482293200,100.47775,건화,98.3,417120000,100.1787,N
20200113057 - 00,20200114,인천항 제1항로 북측구간 준설공사 실시설계용역,해양수산부 인천지방해양수산청,PQ,480000000,482293200,100.47775,대영,98.3,417080000,100.1691,N
20200113057 - 00,20200114,인천항 제1항로 북측구간 준설공사 실시설계용역,해양수산부 인천지방해양수산청,PQ,480000000,482293200,100.47775,도화,98.3,415200000,99.7176,N
20200113057 - 00,20200114,인천항 제1항로 북측구간 준설공사 실시설계용역,해양수산부 인천지방해양수산청,PQ,480000000,482293200,100.47775,세광,98.3,418250000,100.4501,N
20200113057 - 00,20200114,인천항 제1항로 북측구간 준설공사 실시설계용역,해양수산부 인천지방해양수산청,PQ,480000000,482293200,100.47775,한종,98.3,416920000,100.1307,N
20200113057 - 00,20200114,인천항 제1항로 북측구간 준설공사 실시설계용역,해양수산부 인천지방해양수산청,PQ,480000000,482293200,100.47775,한항,98.3,418847000,100.5935,Y
20200113057 - 00,20200114,인천항 제1항로 북측구간 준설공사 실시설계용역,해양수산부 인천지방해양수산청,PQ,480000000,482293200,100.47775,항도,98.3,418039000,100.3994,N
20200113057 - 00,20200114,인천항 제1항로 북측구간 준설공사 실시설계용역,해양수산부 인천지방해양수산청,PQ,480000000,482293200,100.47775,혜인+평화,98.3,419488000,100.7474,N
20200113057 - 00,20200114,인천항 제1항로 북측구간 준설공사 실시설계용역,해양수산부 인천지방해양수산청,PQ,480000000,482293200,100.47775,건일+천일,98.23,418970000,100.623,N
20200113057 - 00,20200114,인천항 제1항로 북측구간 준설공사 실시설계용역,해양수산부 인천지방해양수산청,PQ,480000000,482293200,100.47775,유신+일진,98.18,418060000,100.4044,N
20200113057 - 00,20200114,인천항 제1항로 북측구간 준설공사 실시설계용역,해양수산부 인천지방해양수산청,PQ,480000000,482293200,100.47775,삼안,97.82,416570000,100.0466,N
20200113057 - 00,20200114,인천항 제1항로 북측구간 준설공사 실시설계용역,해양수산부 인천지방해양수산청,PQ,480000000,482293200,100.47775,서영,97.71,414950000,99.6575,N
20200113057 - 00,20200114,인천항 제1항로 북측구간 준설공사 실시설계용역,해양수산부 인천지방해양수산청,PQ,480000000,482293200,100.47775,아라,97.01,414414000,99.4944,N
20200114419 - 01,20200115,2040년 인제 군기본계획 및 2030년 인제 군관리계획 재수립 용역,강원도 인제군,PQ,1976300000,1977475925,100.0595013,일신+유신+KG,98.45,1572965000,100.755,Y
20200114419 - 01,20200115,2040년 인제 군기본계획 및 2030년 인제 군관리계획 재수립 용역,강원도 인제군,PQ,1976300000,1977475925,100.0595013,도화+삼경+동서,97.87,1585770000,101.1017,N
20200114419 - 01,20200115,2040년 인제 군기본계획 및 2030년 인제 군관리계획 재수립 용역,강원도 인제군,PQ,1976300000,1977475925,100.0595013,동명+정+정원,97.84,1567317000,99.9,N
20200114419 - 01,20200115,2040년 인제 군기본계획 및 2030년 인제 군관리계획 재수립 용역,강원도 인제군,PQ,1976300000,1977475925,100.0595013,경호+삼안+서광+삼주,97.61,1559870000,99.2503,N
20200114419 - 01,20200115,2040년 인제 군기본계획 및 2030년 인제 군관리계획 재수립 용역,강원도 인제군,PQ,1976300000,1977475925,100.0595013,건화+경원+서영+강원길(미도지리정보),97.53,1585780000,100.8228,N
20200114419 - 01,20200115,2040년 인제 군기본계획 및 2030년 인제 군관리계획 재수립 용역,강원도 인제군,PQ,1976300000,1977475925,100.0595013,화신+한종+미래+동남,97.49,1558880000,99.0876,N
20200114419 - 01,20200115,2040년 인제 군기본계획 및 2030년 인제 군관리계획 재수립 용역,강원도 인제군,PQ,1976300000,1977475925,100.0595013,동일+진화+수성+국일,97.27,1615000000,102.4746,N
2020-02-000002-00,20200115,호남선 안평~장성 및 경전선 보성~명봉 등 44개소 재해예방공사 실시설계용역,한국철도시설공단,PQ,824000000,817329080,99.19042233,KRTC+도화+유신,99.78,683688000,99.8999,N
2020-02-000002-00,20200115,호남선 안평~장성 및 경전선 보성~명봉 등 44개소 재해예방공사 실시설계용역,한국철도시설공단,PQ,824000000,817329080,99.19042233,선구+태조,99.74,686500000,100.2987,N
2020-02-000002-00,20200115,호남선 안평~장성 및 경전선 보성~명봉 등 44개소 재해예방공사 실시설계용역,한국철도시설공단,PQ,824000000,817329080,99.19042233,한종+삼안,99.73,684250000,99.97,N
2020-02-000002-00,20200115,호남선 안평~장성 및 경전선 보성~명봉 등 44개소 재해예방공사 실시설계용역,한국철도시설공단,PQ,824000000,817329080,99.19042233,동명+서현,99.66,690000000,100.7858,N
2020-02-000002-00,20200115,호남선 안평~장성 및 경전선 보성~명봉 등 44개소 재해예방공사 실시설계용역,한국철도시설공단,PQ,824000000,817329080,99.19042233,신성,99.59,685780000,100.1573,N
2020-02-000002-00,20200115,호남선 안평~장성 및 경전선 보성~명봉 등 44개소 재해예방공사 실시설계용역,한국철도시설공단,PQ,824000000,817329080,99.19042233,건화+이산(한신+테크피아),99.56,690200000,100.7907,N
2020-02-000002-00,20200115,호남선 안평~장성 및 경전선 보성~명봉 등 44개소 재해예방공사 실시설계용역,한국철도시설공단,PQ,824000000,817329080,99.19042233,동부,99.17,680240000,99.2169,Y
2020-02-000002-00,20200115,호남선 안평~장성 및 경전선 보성~명봉 등 44개소 재해예방공사 실시설계용역,한국철도시설공단,PQ,824000000,817329080,99.19042233,수성+대콘,99.14,680757000,99.2803,N
2020-02-000002-00,20200115,호남선 안평~장성 및 경전선 보성~명봉 등 44개소 재해예방공사 실시설계용역,한국철도시설공단,PQ,824000000,817329080,99.19042233,서영+동해,99,692800000,101.0003,N
20200113288 - 00,20200115,장기미집행공원(춘의공원 외 1개소) 조성계획 및 실시계획 수립 용역,경기도 부천시,PQ,634832000,632408575,99.61825727,KG+경호,97.96,550790000,100.9501,Y
20200113288 - 00,20200115,장기미집행공원(춘의공원 외 1개소) 조성계획 및 실시계획 수립 용역,경기도 부천시,PQ,634832000,632408575,99.61825727,도화+한도,96.32,552750000,100.8867,N
20200113288 - 00,20200115,장기미집행공원(춘의공원 외 1개소) 조성계획 및 실시계획 수립 용역,경기도 부천시,PQ,634832000,632408575,99.61825727,선진+수성,96.1,544710000,99.3617,N
20200113288 - 00,20200115,장기미집행공원(춘의공원 외 1개소) 조성계획 및 실시계획 수립 용역,경기도 부천시,PQ,634832000,632408575,99.61825727,유신+건화,95.66,556967000,101.48,N
2020UMM00082020-00178-01 ,20200115,20-공-유류탱크 신축 설계용역(D002),국군재정관리단,PQ,690706000,683300706,98.92786598,벽산,97.1,593500000,100.0018,N
2020UMM00082020-00178-01 ,20200115,20-공-유류탱크 신축 설계용역(D002),국군재정관리단,PQ,690706000,683300706,98.92786598,건화(영설계+지앤텍),96.3,592998000,99.8011,Y
20200115127 - 01,20200116,목포신항 대체진입도로 건설공사 실시설계용역,해양수산부 목포지방해양수산청,PQ,1034050000,1029120225,99.52325565,유신+건일,100,884573000,100.0579,N
20200115127 - 01,20200116,목포신항 대체진입도로 건설공사 실시설계용역,해양수산부 목포지방해양수산청,PQ,1034050000,1029120225,99.52325565,수성+세일,99.6,883146000,99.7798,N
20200115127 - 01,20200116,목포신항 대체진입도로 건설공사 실시설계용역,해양수산부 목포지방해양수산청,PQ,1034050000,1029120225,99.52325565,천일+바우,99.54,890259000,100.5599,N
20200115127 - 01,20200116,목포신항 대체진입도로 건설공사 실시설계용역,해양수산부 목포지방해양수산청,PQ,1034050000,1029120225,99.52325565,삼안+한맥,99.5,882200000,99.638,Y
20200115127 - 01,20200116,목포신항 대체진입도로 건설공사 실시설계용역,해양수산부 목포지방해양수산청,PQ,1034050000,1029120225,99.52325565,다산+혜인,99.48,889743000,100.4899,N
20200115127 - 01,20200116,목포신항 대체진입도로 건설공사 실시설계용역,해양수산부 목포지방해양수산청,PQ,1034050000,1029120225,99.52325565,평화+홍익+한항,99.38,883400000,99.7386,N
20200115127 - 01,20200116,목포신항 대체진입도로 건설공사 실시설계용역,해양수산부 목포지방해양수산청,PQ,1034050000,1029120225,99.52325565,건화(대원항업+지앤비),99.3,888600000,100.3022,N
20200115127 - 01,20200116,목포신항 대체진입도로 건설공사 실시설계용역,해양수산부 목포지방해양수산청,PQ,1034050000,1029120225,99.52325565,서영,99.22,881300000,99.455,N
20200115127 - 01,20200116,목포신항 대체진입도로 건설공사 실시설계용역,해양수산부 목포지방해양수산청,PQ,1034050000,1029120225,99.52325565,경동+세광+일신,99.2,893584000,100.8413,N
20200115127 - 01,20200116,목포신항 대체진입도로 건설공사 실시설계용역,해양수산부 목포지방해양수산청,PQ,1034050000,1029120225,99.52325565,극동+대영,99.2,899605000,101.5208,N
20200115127 - 01,20200116,목포신항 대체진입도로 건설공사 실시설계용역,해양수산부 목포지방해양수산청,PQ,1034050000,1029120225,99.52325565,한종,99.12,881250000,99.4262,N
20200115127 - 01,20200116,목포신항 대체진입도로 건설공사 실시설계용역,해양수산부 목포지방해양수산청,PQ,1034050000,1029120225,99.52325565,동부+대양,99.06,883850000,99.6963,N
20200115127 - 01,20200116,목포신항 대체진입도로 건설공사 실시설계용역,해양수산부 목포지방해양수산청,PQ,1034050000,1029120225,99.52325565,제일+삼영,98.98,896500000,101.0996,N
20200115127 - 01,20200116,목포신항 대체진입도로 건설공사 실시설계용역,해양수산부 목포지방해양수산청,PQ,1034050000,1029120225,99.52325565,삼보+항도,98.9,881700000,99.4074,N
20200115127 - 01,20200116,목포신항 대체진입도로 건설공사 실시설계용역,해양수산부 목포지방해양수산청,PQ,1034050000,1029120225,99.52325565,도화+한기,98.76,880870000,99.2791,N
20200115127 - 01,20200116,목포신항 대체진입도로 건설공사 실시설계용역,해양수산부 목포지방해양수산청,PQ,1034050000,1029120225,99.52325565,이산+재화,98.74,898798000,101.2878,N
20200115127 - 01,20200116,목포신항 대체진입도로 건설공사 실시설계용역,해양수산부 목포지방해양수산청,PQ,1034050000,1029120225,99.52325565,KG+진우,98.32,881297000,99.2,N
20200115127 - 01,20200116,목포신항 대체진입도로 건설공사 실시설계용역,해양수산부 목포지방해양수산청,PQ,1034050000,1029120225,99.52325565,동성+화신,98.2,906488000,101.9999,N
20200116974 - 00,20200117,경기 용인 플랫폼시티조성사업 조사설계 용역,경기도시공사,TP,11998000000,12028325000,100.2527505,도화+한종+국성,96.55,9117800000,101.0496,Y
20200116974 - 00,20200117,경기 용인 플랫폼시티조성사업 조사설계 용역,경기도시공사,TP,11998000000,12028325000,100.2527505,동명+건화+서영+선진,95.86,11638000000,128.2299,N
20200117318 - 02,20200117,중앙로 신·구지하상가 연결사업 건설사업관리용역,대전광역시 건설관리본부,PQ,979150000,978611525,99.94500587,건화+중부,99.9,841480000,100.4851,N
20200117318 - 02,20200117,중앙로 신·구지하상가 연결사업 건설사업관리용역,대전광역시 건설관리본부,PQ,979150000,978611525,99.94500587,홍익+상우,99.85,836678000,99.8999,N
20200117318 - 02,20200117,중앙로 신·구지하상가 연결사업 건설사업관리용역,대전광역시 건설관리본부,PQ,979150000,978611525,99.94500587,한종+도원,99.71,840400000,100.3092,Y
20200117318 - 02,20200117,중앙로 신·구지하상가 연결사업 건설사업관리용역,대전광역시 건설관리본부,PQ,979150000,978611525,99.94500587,도화+신화,99.57,835750000,99.7192,N
20200117318 - 02,20200117,중앙로 신·구지하상가 연결사업 건설사업관리용역,대전광역시 건설관리본부,PQ,979150000,978611525,99.94500587,경호+선구,99.43,832777000,99.3297,N
20200117318 - 02,20200117,중앙로 신·구지하상가 연결사업 건설사업관리용역,대전광역시 건설관리본부,PQ,979150000,978611525,99.94500587,제일+경림,98.98,0,0,N
20200117296 - 00,20200117,철원 플라즈마 일반산업단지 조성사업 사후환경영향조사용역,강원도 철원군,PQ,432294000,431023100,99.70601026,KG+진화+양지,98.5,376794000,100.3298,N
20200117296 - 00,20200117,철원 플라즈마 일반산업단지 조성사업 사후환경영향조사용역,강원도 철원군,PQ,432294000,431023100,99.70601026,동아+동서+퍼스트,98.43,375220000,99.8992,N
20200117296 - 00,20200117,철원 플라즈마 일반산업단지 조성사업 사후환경영향조사용역,강원도 철원군,PQ,432294000,431023100,99.70601026,동성+서광+DS,98.27,375122000,99.8616,Y
20200117296 - 00,20200117,철원 플라즈마 일반산업단지 조성사업 사후환경영향조사용역,강원도 철원군,PQ,432294000,431023100,99.70601026,도화+우신,98.16,377280000,100.4245,N
20200117296 - 00,20200117,철원 플라즈마 일반산업단지 조성사업 사후환경영향조사용역,강원도 철원군,PQ,432294000,431023100,99.70601026,화신+서영+CNS,98.04,375390000,99.91,N
20200117296 - 00,20200117,철원 플라즈마 일반산업단지 조성사업 사후환경영향조사용역,강원도 철원군,PQ,432294000,431023100,99.70601026,동명+중천,98,377760000,100.5407,N
20200117296 - 00,20200117,철원 플라즈마 일반산업단지 조성사업 사후환경영향조사용역,강원도 철원군,PQ,432294000,431023100,99.70601026,한맥+한국환경,97.81,374308000,99.5991,N
20200117296 - 00,20200117,철원 플라즈마 일반산업단지 조성사업 사후환경영향조사용역,강원도 철원군,PQ,432294000,431023100,99.70601026,건화+동해+삼안+신일환경,97.52,373200000,99.27,N
20200117296 - 00,20200117,철원 플라즈마 일반산업단지 조성사업 사후환경영향조사용역,강원도 철원군,PQ,432294000,431023100,99.70601026,다산+동진,97.52,373280000,99.2913,N
20200117296 - 00,20200117,철원 플라즈마 일반산업단지 조성사업 사후환경영향조사용역,강원도 철원군,PQ,432294000,431023100,99.70601026,선진+자연과사람,97.49,372440000,99.0564,N
20200117296 - 00,20200117,철원 플라즈마 일반산업단지 조성사업 사후환경영향조사용역,강원도 철원군,PQ,432294000,431023100,99.70601026,수성+일신+보드플랜,97.37,373208000,99.2607,N
20200117296 - 00,20200117,철원 플라즈마 일반산업단지 조성사업 사후환경영향조사용역,강원도 철원군,PQ,432294000,431023100,99.70601026,경동+선진환경,97.29,378560000,100.6726,N
20200117296 - 00,20200117,철원 플라즈마 일반산업단지 조성사업 사후환경영향조사용역,강원도 철원군,PQ,432294000,431023100,99.70601026,동일+정,96.99,380000000,101.0323,N
20200117296 - 00,20200117,철원 플라즈마 일반산업단지 조성사업 사후환경영향조사용역,강원도 철원군,PQ,432294000,431023100,99.70601026,신성+그린,96.31,373720000,99.2941,N
20200117296 - 00,20200117,철원 플라즈마 일반산업단지 조성사업 사후환경영향조사용역,강원도 철원군,PQ,432294000,431023100,99.70601026,이산+강원길+휴먼,96.23,371860000,98.7886,N
20200117296 - 00,20200117,철원 플라즈마 일반산업단지 조성사업 사후환경영향조사용역,강원도 철원군,PQ,432294000,431023100,99.70601026,평화+세현+정원,95.89,371980000,98.7978,N
20200117296 - 00,20200117,철원 플라즈마 일반산업단지 조성사업 사후환경영향조사용역,강원도 철원군,PQ,432294000,431023100,99.70601026,동부+미래,95.61,381832000,101.4145,N
20200117296 - 00,20200117,철원 플라즈마 일반산업단지 조성사업 사후환경영향조사용역,강원도 철원군,PQ,432294000,431023100,99.70601026,유신+신일이앤씨+세광,92.74,386360000,102.6171,N
20200119414 - 00,20200120,"송도6,8공구 광2-14호선 외 15개소 건설공사 건설사업관리용역",인천광역시 경제자유구역청,PQ,3463482000,3500498000,101.068751,천일+한종+바우,100,2529779000,100.0637,N
20200119414 - 00,20200120,"송도6,8공구 광2-14호선 외 15개소 건설공사 건설사업관리용역",인천광역시 경제자유구역청,PQ,3463482000,3500498000,101.068751,유신+도화+한서,99.98,2544642000,100.624,N
20200119414 - 00,20200120,"송도6,8공구 광2-14호선 외 15개소 건설공사 건설사업관리용역",인천광역시 경제자유구역청,PQ,3463482000,3500498000,101.068751,수성+제일+동남+정방,99.89,2525859999,99.7993,N
20200119414 - 00,20200120,"송도6,8공구 광2-14호선 외 15개소 건설공사 건설사업관리용역",인천광역시 경제자유구역청,PQ,3463482000,3500498000,101.068751,건화+일진,99.71,2542900000,100.3216,N
20200119414 - 00,20200120,"송도6,8공구 광2-14호선 외 15개소 건설공사 건설사업관리용역",인천광역시 경제자유구역청,PQ,3463482000,3500498000,101.068751,동명+도담,99.5,2525900000,99.4742,N
20200119414 - 00,20200120,"송도6,8공구 광2-14호선 외 15개소 건설공사 건설사업관리용역",인천광역시 경제자유구역청,PQ,3463482000,3500498000,101.068751,삼안+청해,99.5,2554970000,100.619,N
20200119414 - 00,20200120,"송도6,8공구 광2-14호선 외 15개소 건설공사 건설사업관리용역",인천광역시 경제자유구역청,PQ,3463482000,3500498000,101.068751,극동+대한,99.3,2576059000,101.27,Y
20200119414 - 00,20200120,"송도6,8공구 광2-14호선 외 15개소 건설공사 건설사업관리용역",인천광역시 경제자유구역청,PQ,3463482000,3500498000,101.068751,동부+장원,99.27,2513720000,98.7924,N
20200119414 - 00,20200120,"송도6,8공구 광2-14호선 외 15개소 건설공사 건설사업관리용역",인천광역시 경제자유구역청,PQ,3463482000,3500498000,101.068751,동성+브니엘,99.26,2514255000,98.8,N
20200119414 - 00,20200120,"송도6,8공구 광2-14호선 외 15개소 건설공사 건설사업관리용역",인천광역시 경제자유구역청,PQ,3463482000,3500498000,101.068751,대콘+명인,99.17,2577770000,101.2132,N
20200119414 - 00,20200120,"송도6,8공구 광2-14호선 외 15개소 건설공사 건설사업관리용역",인천광역시 경제자유구역청,PQ,3463482000,3500498000,101.068751,평화+경서+다산,98.99,2588700000,101.4905,N
20200119414 - 00,20200120,"송도6,8공구 광2-14호선 외 15개소 건설공사 건설사업관리용역",인천광역시 경제자유구역청,PQ,3463482000,3500498000,101.068751,KG+고산,98.94,2584380000,101.2799,N
20200119414 - 00,20200120,"송도6,8공구 광2-14호선 외 15개소 건설공사 건설사업관리용역",인천광역시 경제자유구역청,PQ,3463482000,3500498000,101.068751,이산+아이엔씨+KCI,98.89,2518800000,98.6563,N
20200119414 - 00,20200120,"송도6,8공구 광2-14호선 외 15개소 건설공사 건설사업관리용역",인천광역시 경제자유구역청,PQ,3463482000,3500498000,101.068751,서영+대양,98.68,2601000000,101.6966,N
20200119414 - 00,20200120,"송도6,8공구 광2-14호선 외 15개소 건설공사 건설사업관리용역",인천광역시 경제자유구역청,PQ,3463482000,3500498000,101.068751,홍익+경서이텍,98.48,2781785000,108.574,N
20200119414 - 00,20200120,"송도6,8공구 광2-14호선 외 15개소 건설공사 건설사업관리용역",인천광역시 경제자유구역청,PQ,3463482000,3500498000,101.068751,신성+티에스,98.35,2603350000,101.4998,N
20200119414 - 00,20200120,"송도6,8공구 광2-14호선 외 15개소 건설공사 건설사업관리용역",인천광역시 경제자유구역청,PQ,3463482000,3500498000,101.068751,동일+포스코이엔씨,98.26,2605000000,101.4819,N
20200119414 - 00,20200120,"송도6,8공구 광2-14호선 외 15개소 건설공사 건설사업관리용역",인천광역시 경제자유구역청,PQ,3463482000,3500498000,101.068751,용마+미소+경원,98.23,2517680000,98.0802,N
20200119414 - 00,20200120,"송도6,8공구 광2-14호선 외 15개소 건설공사 건설사업관리용역",인천광역시 경제자유구역청,PQ,3463482000,3500498000,101.068751,KCM+삼지,98,3300000000,128.5568,N
20200120838 - 00,20200121,장기미집행 도시계획도로 실효대비 실시계획 용역,경상북도 포항시 건설교통사업본부,PQ,995000000,983112275,98.80525377,경동+보원,98.9,855466000,100.27,N
20200120838 - 00,20200121,장기미집행 도시계획도로 실효대비 실시계획 용역,경상북도 포항시 건설교통사업본부,PQ,995000000,983112275,98.80525377,유신+해동,98.78,859505000,100.7199,N
20200120838 - 00,20200121,장기미집행 도시계획도로 실효대비 실시계획 용역,경상북도 포항시 건설교통사업본부,PQ,995000000,983112275,98.80525377,다산+바우,98.55,859600000,100.6723,N
20200120838 - 00,20200121,장기미집행 도시계획도로 실효대비 실시계획 용역,경상북도 포항시 건설교통사업본부,PQ,995000000,983112275,98.80525377,한종+한도,98.45,849450000,99.4488,N
20200120838 - 00,20200121,장기미집행 도시계획도로 실효대비 실시계획 용역,경상북도 포항시 건설교통사업본부,PQ,995000000,983112275,98.80525377,제일+KCI,98.27,855400000,100.0988,N
20200120838 - 00,20200121,장기미집행 도시계획도로 실효대비 실시계획 용역,경상북도 포항시 건설교통사업본부,PQ,995000000,983112275,98.80525377,홍익+강동,98.26,847300000,99.1509,Y
20200120838 - 00,20200121,장기미집행 도시계획도로 실효대비 실시계획 용역,경상북도 포항시 건설교통사업본부,PQ,995000000,983112275,98.80525377,건화+명성+한백(세원+담),98.11,860000000,100.6019,N
20200120838 - 00,20200121,장기미집행 도시계획도로 실효대비 실시계획 용역,경상북도 포항시 건설교통사업본부,PQ,995000000,983112275,98.80525377,동일+건일,98.03,848200000,99.1985,N
20200120838 - 00,20200121,장기미집행 도시계획도로 실효대비 실시계획 용역,경상북도 포항시 건설교통사업본부,PQ,995000000,983112275,98.80525377,삼안+주하,97.69,848430000,99.1446,N
20200120838 - 00,20200121,장기미집행 도시계획도로 실효대비 실시계획 용역,경상북도 포항시 건설교통사업본부,PQ,995000000,983112275,98.80525377,서영+삼보,97.62,866100000,101.186,N
20200120838 - 00,20200121,장기미집행 도시계획도로 실효대비 실시계획 용역,경상북도 포항시 건설교통사업본부,PQ,995000000,983112275,98.80525377,극동+상금,97.54,868390000,101.4299,N
20200120838 - 00,20200121,장기미집행 도시계획도로 실효대비 실시계획 용역,경상북도 포항시 건설교통사업본부,PQ,995000000,983112275,98.80525377,이산+새길,96.75,930000000,108.4119,N
20200120702 - 01,20200121,원덕지구(도로) 재해복구사업 통합건설사업관리용역 ,강원도 삼척시,PQ,532800000,534949875,100.4035051,건화+성안,99.95,464664000,100.5264,N
20200120702 - 01,20200121,원덕지구(도로) 재해복구사업 통합건설사업관리용역 ,강원도 삼척시,PQ,532800000,534949875,100.4035051,진화+서영,99.54,461699000,99.8505,N
20200120702 - 01,20200121,원덕지구(도로) 재해복구사업 통합건설사업관리용역 ,강원도 삼척시,PQ,532800000,534949875,100.4035051,극동+삼경,99.5,464663000,100.4799,Y
20200120702 - 01,20200121,원덕지구(도로) 재해복구사업 통합건설사업관리용역 ,강원도 삼척시,PQ,532800000,534949875,100.4035051,하이콘+진화기술개발,99.41,465000000,100.5412,N
20200120702 - 01,20200121,원덕지구(도로) 재해복구사업 통합건설사업관리용역 ,강원도 삼척시,PQ,532800000,534949875,100.4035051,신명+서윤,99.38,464670000,100.4698,N
20200120702 - 01,20200121,원덕지구(도로) 재해복구사업 통합건설사업관리용역 ,강원도 삼척시,PQ,532800000,534949875,100.4035051,경호+일신,99.26,467800000,101.1349,N
20200120702 - 01,20200121,원덕지구(도로) 재해복구사업 통합건설사업관리용역 ,강원도 삼척시,PQ,532800000,534949875,100.4035051,화신+건일,99.26,460939000,99.6516,N
20200120702 - 01,20200121,원덕지구(도로) 재해복구사업 통합건설사업관리용역 ,강원도 삼척시,PQ,532800000,534949875,100.4035051,동해종합+동해,95.72,474360000,102.2,N
20200121485 - 00,20200121,이천시 부발 공공하수도시설 설치사업 기본 및 실시설계,한국환경공단,SOQ,2611895000,2591998950,99.2382523,건화+동명+경화,98.4,2124000000,102.9045,N
20200121485 - 00,20200121,이천시 부발 공공하수도시설 설치사업 기본 및 실시설계,한국환경공단,SOQ,2611895000,2591998950,99.2382523,삼안+도화+선진,98.39,2066561000,100.109,N
20200121485 - 00,20200121,이천시 부발 공공하수도시설 설치사업 기본 및 실시설계,한국환경공단,SOQ,2611895000,2591998950,99.2382523,한종+이산,97.78,2059084000,99.257,Y
20200121447 - 00,20200121,군산항 및 장항항 유지준설공사 실시설계 용역,해양수산부 군산지방해양수산청,PQ,700000000,701149750,100.16425,항도,99.43,601130000,100.4453,Y
20200121447 - 00,20200121,군산항 및 장항항 유지준설공사 실시설계 용역,해양수산부 군산지방해양수산청,PQ,700000000,701149750,100.16425,유신+일진,97.73,599413000,100.0414,N
20200121447 - 00,20200121,군산항 및 장항항 유지준설공사 실시설계 용역,해양수산부 군산지방해양수산청,PQ,700000000,701149750,100.16425,세일,97.55,595939000,99.45,N
20200121447 - 00,20200121,군산항 및 장항항 유지준설공사 실시설계 용역,해양수산부 군산지방해양수산청,PQ,700000000,701149750,100.16425,세광,97.89,602072000,100.45,N
20200121447 - 00,20200121,군산항 및 장항항 유지준설공사 실시설계 용역,해양수산부 군산지방해양수산청,PQ,700000000,701149750,100.16425,대영,97.85,596700000,99.5421,N
20200121447 - 00,20200121,군산항 및 장항항 유지준설공사 실시설계 용역,해양수산부 군산지방해양수산청,PQ,700000000,701149750,100.16425,한종,97.78,597650000,99.6773,N
20200121447 - 00,20200121,군산항 및 장항항 유지준설공사 실시설계 용역,해양수산부 군산지방해양수산청,PQ,700000000,701149750,100.16425,한항+평화,97.74,600490000,100.1392,N
20200121447 - 00,20200121,군산항 및 장항항 유지준설공사 실시설계 용역,해양수산부 군산지방해양수산청,PQ,700000000,701149750,100.16425,건화+대양(중앙컨설턴트+천우항측),97.64,604290000,100.7494,N
20200121447 - 00,20200121,군산항 및 장항항 유지준설공사 실시설계 용역,해양수산부 군산지방해양수산청,PQ,700000000,701149750,100.16425,도화,97.55,596270000,99.3891,N
20200121447 - 00,20200121,군산항 및 장항항 유지준설공사 실시설계 용역,해양수산부 군산지방해양수산청,PQ,700000000,701149750,100.16425,건일+천일,97.51,604970000,100.8275,N
20200121447 - 00,20200121,군산항 및 장항항 유지준설공사 실시설계 용역,해양수산부 군산지방해양수산청,PQ,700000000,701149750,100.16425,혜인,97.46,605000000,100.809,N
20200121447 - 00,20200121,군산항 및 장항항 유지준설공사 실시설계 용역,해양수산부 군산지방해양수산청,PQ,700000000,701149750,100.16425,삼안,97.22,608300000,101.288,N
20200121447 - 00,20200121,군산항 및 장항항 유지준설공사 실시설계 용역,해양수산부 군산지방해양수산청,PQ,700000000,701149750,100.16425,서영,97.06,605000000,100.6915,N
20200121447 - 00,20200121,군산항 및 장항항 유지준설공사 실시설계 용역,해양수산부 군산지방해양수산청,PQ,700000000,701149750,100.16425,아라,96.12,610900000,101.4018,N
20200121373 - 00,20200121,군산항 항입구 준설(신규지정항로) 기본 및 실시설계 용역,해양수산부 군산지방해양수산청,PQ,1585000000,1579864625,99.67600158,유신,97.89,1277994000,100.1933,Y
20200121373 - 00,20200121,군산항 항입구 준설(신규지정항로) 기본 및 실시설계 용역,해양수산부 군산지방해양수산청,PQ,1585000000,1579864625,99.67600158,항도+세광,97.96,1284670000,100.5293,N
20200121373 - 00,20200121,군산항 항입구 준설(신규지정항로) 기본 및 실시설계 용역,해양수산부 군산지방해양수산청,PQ,1585000000,1579864625,99.67600158,한항+수성+대양,97.91,1280807000,100.1897,N
20200121373 - 00,20200121,군산항 항입구 준설(신규지정항로) 기본 및 실시설계 용역,해양수산부 군산지방해양수산청,PQ,1585000000,1579864625,99.67600158,세일,97.55,1287233000,100.63,N
20200121373 - 00,20200121,군산항 항입구 준설(신규지정항로) 기본 및 실시설계 용역,해양수산부 군산지방해양수산청,PQ,1585000000,1579864625,99.67600158,건일+혜인,97.81,1271790000,99.3981,N
20200121373 - 00,20200121,군산항 항입구 준설(신규지정항로) 기본 및 실시설계 용역,해양수산부 군산지방해양수산청,PQ,1585000000,1579864625,99.67600158,대영,97.67,1289500000,100.6576,N
20200121373 - 00,20200121,군산항 항입구 준설(신규지정항로) 기본 및 실시설계 용역,해양수산부 군산지방해양수산청,PQ,1585000000,1579864625,99.67600158,아라+한종,97.66,1294000000,100.9963,N
20200121373 - 00,20200121,군산항 항입구 준설(신규지정항로) 기본 및 실시설계 용역,해양수산부 군산지방해양수산청,PQ,1585000000,1579864625,99.67600158,건화,97.44,1300000000,101.2767,N
20200121373 - 00,20200121,군산항 항입구 준설(신규지정항로) 기본 및 실시설계 용역,해양수산부 군산지방해양수산청,PQ,1585000000,1579864625,99.67600158,도화,97.4,1274900000,99.2845,N
20200121373 - 00,20200121,군산항 항입구 준설(신규지정항로) 기본 및 실시설계 용역,해양수산부 군산지방해양수산청,PQ,1585000000,1579864625,99.67600158,삼안+일진,97.13,1301190000,101.0948,N
20200121373 - 00,20200121,군산항 항입구 준설(신규지정항로) 기본 및 실시설계 용역,해양수산부 군산지방해양수산청,PQ,1585000000,1579864625,99.67600158,서영+삼영,97.17,1297800000,100.7941,N
20200123436 - 01,20200122,유강정수장 외 1개소 고도정수처리 타당성 조사 및 기본계획 용역 ,경상북도 포항시 맑은물사업본부,PQ,400000000,399055000,99.76375,동명+세원,98.3,346720000,99.7526,N
20200123436 - 01,20200122,유강정수장 외 1개소 고도정수처리 타당성 조사 및 기본계획 용역 ,경상북도 포항시 맑은물사업본부,PQ,400000000,399055000,99.76375,삼안+한도,98.3,349250000,100.4805,N
20200123436 - 01,20200122,유강정수장 외 1개소 고도정수처리 타당성 조사 및 기본계획 용역 ,경상북도 포항시 맑은물사업본부,PQ,400000000,399055000,99.76375,이산+한주,98.26,348880000,100.374,N
20200123436 - 01,20200122,유강정수장 외 1개소 고도정수처리 타당성 조사 및 기본계획 용역 ,경상북도 포항시 맑은물사업본부,PQ,400000000,399055000,99.76375,유신+세연,98.14,348315000,100.1999,N
20200123436 - 01,20200122,유강정수장 외 1개소 고도정수처리 타당성 조사 및 기본계획 용역 ,경상북도 포항시 맑은물사업본부,PQ,400000000,399055000,99.76375,제일+다산,97.78,346490000,99.6405,N
20200123436 - 01,20200122,유강정수장 외 1개소 고도정수처리 타당성 조사 및 기본계획 용역 ,경상북도 포항시 맑은물사업본부,PQ,400000000,399055000,99.76375,화신+동진,97.77,347819000,100.0227,Y
20200123436 - 01,20200122,유강정수장 외 1개소 고도정수처리 타당성 조사 및 기본계획 용역 ,경상북도 포항시 맑은물사업본부,PQ,400000000,399055000,99.76375,건화+태성,97.64,346040000,99.4882,N
20200123436 - 01,20200122,유강정수장 외 1개소 고도정수처리 타당성 조사 및 기본계획 용역 ,경상북도 포항시 맑은물사업본부,PQ,400000000,399055000,99.76375,범한+KCI,97.54,350392000,100.7395,N
20200123436 - 01,20200122,유강정수장 외 1개소 고도정수처리 타당성 조사 및 기본계획 용역 ,경상북도 포항시 맑은물사업본부,PQ,400000000,399055000,99.76375,경동+보원,97.34,345780000,99.3906,N
20200123436 - 01,20200122,유강정수장 외 1개소 고도정수처리 타당성 조사 및 기본계획 용역 ,경상북도 포항시 맑은물사업본부,PQ,400000000,399055000,99.76375,KG+한백,97.3,345569000,99.33,N
20200123436 - 01,20200122,유강정수장 외 1개소 고도정수처리 타당성 조사 및 기본계획 용역 ,경상북도 포항시 맑은물사업본부,PQ,400000000,399055000,99.76375,한종+청우,97.23,345250000,99.2269,N
20200123436 - 01,20200122,유강정수장 외 1개소 고도정수처리 타당성 조사 및 기본계획 용역 ,경상북도 포항시 맑은물사업본부,PQ,400000000,399055000,99.76375,도화+동성,96.78,344680000,99.0175,N
20200123436 - 01,20200122,유강정수장 외 1개소 고도정수처리 타당성 조사 및 기본계획 용역 ,경상북도 포항시 맑은물사업본부,PQ,400000000,399055000,99.76375,HEC+반석,96.01,351476000,100.9003,N
20200122514 - 00,20200122,"군위무성 및 의흥수북, 부계창평 농어촌마을하수도정비사업 통합건설사업관리용역",경상북도 군위군,PQ,1107000000,1097457700,99.13800361,동명+동성,99.96,867200000,100.401,N
20200122514 - 00,20200122,"군위무성 및 의흥수북, 부계창평 농어촌마을하수도정비사업 통합건설사업관리용역",경상북도 군위군,PQ,1107000000,1097457700,99.13800361,도화+강산,99.9,860400000,99.5626,N
20200122514 - 00,20200122,"군위무성 및 의흥수북, 부계창평 농어촌마을하수도정비사업 통합건설사업관리용역",경상북도 군위군,PQ,1107000000,1097457700,99.13800361,이산+상금,99.8,862199000,99.6942,N
20200122514 - 00,20200122,"군위무성 및 의흥수북, 부계창평 농어촌마을하수도정비사업 통합건설사업관리용역",경상북도 군위군,PQ,1107000000,1097457700,99.13800361,한도+삼안,99.75,871990000,100.7876,N
20200122514 - 00,20200122,"군위무성 및 의흥수북, 부계창평 농어촌마을하수도정비사업 통합건설사업관리용역",경상북도 군위군,PQ,1107000000,1097457700,99.13800361,한종+한백종합,99.7,859000000,99.2354,Y
20200122514 - 00,20200122,"군위무성 및 의흥수북, 부계창평 농어촌마을하수도정비사업 통합건설사업관리용역",경상북도 군위군,PQ,1107000000,1097457700,99.13800361,수성+청명,99.6,874940000,100.9993,N
20200122514 - 00,20200122,"군위무성 및 의흥수북, 부계창평 농어촌마을하수도정비사업 통합건설사업관리용역",경상북도 군위군,PQ,1107000000,1097457700,99.13800361,경원+다산,99.5,877700000,101.2403,N
20200122514 - 00,20200122,"군위무성 및 의흥수북, 부계창평 농어촌마을하수도정비사업 통합건설사업관리용역",경상북도 군위군,PQ,1107000000,1097457700,99.13800361,범한+KCI,99.5,857200000,98.8757,N
20200122514 - 00,20200122,"군위무성 및 의흥수북, 부계창평 농어촌마을하수도정비사업 통합건설사업관리용역",경상북도 군위군,PQ,1107000000,1097457700,99.13800361,건화+건일,99.3,879700000,101.3029,N
20200122514 - 00,20200122,"군위무성 및 의흥수북, 부계창평 농어촌마을하수도정비사업 통합건설사업관리용역",경상북도 군위군,PQ,1107000000,1097457700,99.13800361,동성+용마,99.2,879417000,101.18,N
20200122514 - 00,20200122,"군위무성 및 의흥수북, 부계창평 농어촌마을하수도정비사업 통합건설사업관리용역",경상북도 군위군,PQ,1107000000,1097457700,99.13800361,KCM+태조,99.19,858000000,98.7159,N
20200122514 - 00,20200122,"군위무성 및 의흥수북, 부계창평 농어촌마을하수도정비사업 통합건설사업관리용역",경상북도 군위군,PQ,1107000000,1097457700,99.13800361,세원+서영,99.05,881680000,101.3242,N
20200122514 - 00,20200122,"군위무성 및 의흥수북, 부계창평 농어촌마을하수도정비사업 통합건설사업관리용역",경상북도 군위군,PQ,1107000000,1097457700,99.13800361,천일+보원,99.02,884290000,101.5983,N
20200124310 - 00,20200123,증평 공공하수처리시설 개량사업 기본 및 실시설계 용역,충청북도 증평군 상하수도사업소,PQ,585260000,586638325,100.2355064,범한+창민,99.3,502308000,100.2002,N
20200124310 - 00,20200123,증평 공공하수처리시설 개량사업 기본 및 실시설계 용역,충청북도 증평군 상하수도사업소,PQ,585260000,586638325,100.2355064,경호+진우+아람,99.2,500740000,99.8641,N
20200124310 - 00,20200123,증평 공공하수처리시설 개량사업 기본 및 실시설계 용역,충청북도 증평군 상하수도사업소,PQ,585260000,586638325,100.2355064,홍익+드림,99.18,502380000,100.1795,N
20200124310 - 00,20200123,증평 공공하수처리시설 개량사업 기본 및 실시설계 용역,충청북도 증평군 상하수도사업소,PQ,585260000,586638325,100.2355064,삼안+대원,99.16,499290000,99.5633,N
20200124310 - 00,20200123,증평 공공하수처리시설 개량사업 기본 및 실시설계 용역,충청북도 증평군 상하수도사업소,PQ,585260000,586638325,100.2355064,이산+동림,99.1,505000000,100.6902,N
20200124310 - 00,20200123,증평 공공하수처리시설 개량사업 기본 및 실시설계 용역,충청북도 증평군 상하수도사업소,PQ,585260000,586638325,100.2355064,선진+선,99,504880000,100.6427,Y
20200124310 - 00,20200123,증평 공공하수처리시설 개량사업 기본 및 실시설계 용역,충청북도 증평군 상하수도사업소,PQ,585260000,586638325,100.2355064,화신+한광,98.74,498748000,99.3509,N
20200124310 - 00,20200123,증평 공공하수처리시설 개량사업 기본 및 실시설계 용역,충청북도 증평군 상하수도사업소,PQ,585260000,586638325,100.2355064,동명+건화+건양,98.71,497550000,99.1007,N
20200124310 - 00,20200123,증평 공공하수처리시설 개량사업 기본 및 실시설계 용역,충청북도 증평군 상하수도사업소,PQ,585260000,586638325,100.2355064,제일+도명,98.48,508700000,101.2625,N
20200124310 - 00,20200123,증평 공공하수처리시설 개량사업 기본 및 실시설계 용역,충청북도 증평군 상하수도사업소,PQ,585260000,586638325,100.2355064,한종+청우,98.1,498300000,99.0999,N
20200124310 - 00,20200123,증평 공공하수처리시설 개량사업 기본 및 실시설계 용역,충청북도 증평군 상하수도사업소,PQ,585260000,586638325,100.2355064,도화+영진,97.8,510450000,101.4336,N
20200124310 - 00,20200123,증평 공공하수처리시설 개량사업 기본 및 실시설계 용역,충청북도 증평군 상하수도사업소,PQ,585260000,586638325,100.2355064,KG+지명,97.7,510900000,101.4994,N
20200125094 - 00,20200123,천안제2일반산업단지 재생시행계획 수립용역,충청남도 천안시,PQ,1138200000,1140396775,100.1930043,도화+경동,99.83,899100000,101.1371,Y
20200125094 - 00,20200123,천안제2일반산업단지 재생시행계획 수립용역,충청남도 천안시,PQ,1138200000,1140396775,100.1930043,수성+기산,97.75,895664000,99.0637,N
20200125094 - 00,20200123,천안제2일반산업단지 재생시행계획 수립용역,충청남도 천안시,PQ,1138200000,1140396775,100.1930043,유신+우주+선진,97.36,922483000,101.7099,N
20200125094 - 00,20200123,천안제2일반산업단지 재생시행계획 수립용역,충청남도 천안시,PQ,1138200000,1140396775,100.1930043,삼안+한맥,97.34,919710000,101.3787,N
20200125094 - 00,20200123,천안제2일반산업단지 재생시행계획 수립용역,충청남도 천안시,PQ,1138200000,1140396775,100.1930043,KG+드림,97.22,895105000,98.5799,N
20200125094 - 00,20200123,천안제2일반산업단지 재생시행계획 수립용역,충청남도 천안시,PQ,1138200000,1140396775,100.1930043,건화+세일(기성),97.18,928300000,102.1974,N
20200125094 - 00,20200123,천안제2일반산업단지 재생시행계획 수립용역,충청남도 천안시,PQ,1138200000,1140396775,100.1930043,동명+장맥,97.08,893570000,98.3,N
20200125254 - 00,20200123,성북동·방동저수지일원 일원 개발계획 타당성 검토 및 기본구상 용역,대전광역시 유성구,PQ,295339000,294753525,99.8017617,KG+동양+테라,96.57,256988000,99.9651,Y
20200125254 - 00,20200123,성북동·방동저수지일원 일원 개발계획 타당성 검토 및 기본구상 용역,대전광역시 유성구,PQ,295339000,294753525,99.8017617,한종+중부,95.66,257150000,99.9477,N
20200125254 - 00,20200123,성북동·방동저수지일원 일원 개발계획 타당성 검토 및 기본구상 용역,대전광역시 유성구,PQ,295339000,294753525,99.8017617,선진+신화,95.16,258520000,100.4225,N
20200125254 - 00,20200123,성북동·방동저수지일원 일원 개발계획 타당성 검토 및 기본구상 용역,대전광역시 유성구,PQ,295339000,294753525,99.8017617,경호+상우,94.97,257920000,100.178,N
20200125254 - 00,20200123,성북동·방동저수지일원 일원 개발계획 타당성 검토 및 기본구상 용역,대전광역시 유성구,PQ,295339000,294753525,99.8017617,삼안+선구,94.95,257620000,100.0615,N
20200125254 - 00,20200123,성북동·방동저수지일원 일원 개발계획 타당성 검토 및 기본구상 용역,대전광역시 유성구,PQ,295339000,294753525,99.8017617,유신+삼정+청전,94.41,258691000,100.4198,N
20200125254 - 00,20200123,성북동·방동저수지일원 일원 개발계획 타당성 검토 및 기본구상 용역,대전광역시 유성구,PQ,295339000,294753525,99.8017617,건화+경림(오월건축),94.13,263100000,102.1079,N
20200124512 - 00,20200123,양산 집단에너지사업 사후환경영향조사(공사시) 용역,한국지역난방공사,PQ,535590000,534613950,99.81776172,동일+다산+휴먼,98.96,463380000,99.7379,N
20200124512 - 00,20200123,양산 집단에너지사업 사후환경영향조사(공사시) 용역,한국지역난방공사,PQ,535590000,534613950,99.81776172,삼안+퍼스트+한맥,98.68,465300000,100.1512,N
20200124512 - 00,20200123,양산 집단에너지사업 사후환경영향조사(공사시) 용역,한국지역난방공사,PQ,535590000,534613950,99.81776172,한종+레오,98.35,464640000,100.0091,Y
20200124512 - 00,20200123,양산 집단에너지사업 사후환경영향조사(공사시) 용역,한국지역난방공사,PQ,535590000,534613950,99.81776172,이산+신일,97.76,462100000,99.4624,N
20200124512 - 00,20200123,양산 집단에너지사업 사후환경영향조사(공사시) 용역,한국지역난방공사,PQ,535590000,534613950,99.81776172,도화,97.7,465230000,100.1361,N
20200124512 - 00,20200123,양산 집단에너지사업 사후환경영향조사(공사시) 용역,한국지역난방공사,PQ,535590000,534613950,99.81776172,KG+건화+우신,97.47,467586000,100.62,N
20200124512 - 00,20200123,양산 집단에너지사업 사후환경영향조사(공사시) 용역,한국지역난방공사,PQ,535590000,534613950,99.81776172,드림+동명+한국환경,97.53,463290000,99.6382,N
20200124512 - 00,20200123,양산 집단에너지사업 사후환경영향조사(공사시) 용역,한국지역난방공사,PQ,535590000,534613950,99.81776172,유신+세광+씨엔에스,96.59,467995000,100.65,N
20200124512 - 00,20200123,양산 집단에너지사업 사후환경영향조사(공사시) 용역,한국지역난방공사,PQ,535590000,534613950,99.81776172,혜인+수성+휴먼,96.2,463390000,99.6023,N
2020-02-000019-00 ,20200128,경부고속철도 송라교 등 47개 교량 내진성능보강 실시설계용역 ,한국철도시설공단,PQ,957000000,953121039,99.59467492,서현+동명,100,795840000,100.1987,N
2020-02-000019-00 ,20200128,경부고속철도 송라교 등 47개 교량 내진성능보강 실시설계용역 ,한국철도시설공단,PQ,957000000,953121039,99.59467492,유신+KRTC+도화,99.84,793747000,99.887,Y
2020-02-000019-00 ,20200128,경부고속철도 송라교 등 47개 교량 내진성능보강 실시설계용역 ,한국철도시설공단,PQ,957000000,953121039,99.59467492,건화+이산,99.66,794000000,99.8587,N
2020-02-000019-00 ,20200128,경부고속철도 송라교 등 47개 교량 내진성능보강 실시설계용역 ,한국철도시설공단,PQ,957000000,953121039,99.59467492,동일+태조+천일,99.66,800000000,100.6133,N
2020-02-000019-00 ,20200128,경부고속철도 송라교 등 47개 교량 내진성능보강 실시설계용역 ,한국철도시설공단,PQ,957000000,953121039,99.59467492,동부,99.55,789800000,99.3066,N
2020-02-000019-00 ,20200128,경부고속철도 송라교 등 47개 교량 내진성능보강 실시설계용역 ,한국철도시설공단,PQ,957000000,953121039,99.59467492,선구+한종,99.41,791900000,99.5227,N
2020-02-000019-00 ,20200128,경부고속철도 송라교 등 47개 교량 내진성능보강 실시설계용역 ,한국철도시설공단,PQ,957000000,953121039,99.59467492,삼보+삼안+경동,99.34,804900000,101.1322,N
2020-02-000019-00 ,20200128,경부고속철도 송라교 등 47개 교량 내진성능보강 실시설계용역 ,한국철도시설공단,PQ,957000000,953121039,99.59467492,서영+동해,99.16,816000000,102.4776,N
2020-02-000019-00 ,20200128,경부고속철도 송라교 등 47개 교량 내진성능보강 실시설계용역 ,한국철도시설공단,PQ,957000000,953121039,99.59467492,대콘+수성+KG,98.8,789950000,99.0989,N
20200127383 - 01,20200128,"저곡, 백암소하천 정비사업 실시설계용역 ",전라남도 광양시,PQ,746000000,747754975,100.2352513,평화,98.24,643280000,100.4024,Y
20200127383 - 01,20200128,"저곡, 백암소하천 정비사업 실시설계용역 ",전라남도 광양시,PQ,746000000,747754975,100.2352513,한종+우빈,97.84,640600000,99.8794,N
20200127383 - 01,20200128,"저곡, 백암소하천 정비사업 실시설계용역 ",전라남도 광양시,PQ,746000000,747754975,100.2352513,유신+신명,97.82,644196000,100.4401,N
20200127383 - 01,20200128,"저곡, 백암소하천 정비사업 실시설계용역 ",전라남도 광양시,PQ,746000000,747754975,100.2352513,도화+원우,97.56,646450000,100.7212,N
20200127383 - 01,20200128,"저곡, 백암소하천 정비사업 실시설계용역 ",전라남도 광양시,PQ,746000000,747754975,100.2352513,동부+한기,97.42,635624000,98.9999,N
20200127383 - 01,20200128,"저곡, 백암소하천 정비사업 실시설계용역 ",전라남도 광양시,PQ,746000000,747754975,100.2352513,화신+산이,97.37,639359000,99.5701,N
20200127383 - 01,20200128,"저곡, 백암소하천 정비사업 실시설계용역 ",전라남도 광양시,PQ,746000000,747754975,100.2352513,이산+신오,97.35,635299000,98.9263,N
20200127383 - 01,20200128,"저곡, 백암소하천 정비사업 실시설계용역 ",전라남도 광양시,PQ,746000000,747754975,100.2352513,삼안+동아,97.18,635690000,98.9412,N
20200127383 - 01,20200128,"저곡, 백암소하천 정비사업 실시설계용역 ",전라남도 광양시,PQ,746000000,747754975,100.2352513,건화+하이콘(서영정보기술),97.16,651400000,101.3864,N
20200127383 - 01,20200128,"저곡, 백암소하천 정비사업 실시설계용역 ",전라남도 광양시,PQ,746000000,747754975,100.2352513,다산+우리,95.84,655897000,101.7437,N
20200127383 - 01,20200128,"저곡, 백암소하천 정비사업 실시설계용역 ",전라남도 광양시,PQ,746000000,747754975,100.2352513,KG+우영,94.76,660668000,102.2,N
20200127357 - 01,20200128,광양시 소하천정비종합계획 전략환경영향평가용역 ,전라남도 광양시,PQ,570000000,574886325,100.85725,동아+도화+퍼스트,98.36,490913000,100.3029,N
20200127357 - 01,20200128,광양시 소하천정비종합계획 전략환경영향평가용역 ,전라남도 광양시,PQ,570000000,574886325,100.85725,한기+한종,97.95,489600000,99.9299,N
20200127357 - 01,20200128,광양시 소하천정비종합계획 전략환경영향평가용역 ,전라남도 광양시,PQ,570000000,574886325,100.85725,삼안+신명+건화+중앙,97.75,488620000,99.6835,N
20200127357 - 01,20200128,광양시 소하천정비종합계획 전략환경영향평가용역 ,전라남도 광양시,PQ,570000000,574886325,100.85725,동명+상원+IK,97.69,488500000,99.6474,N
20200127357 - 01,20200128,광양시 소하천정비종합계획 전략환경영향평가용역 ,전라남도 광양시,PQ,570000000,574886325,100.85725,동부+일월+드림,97.63,493284000,100.5999,N
20200127357 - 01,20200128,광양시 소하천정비종합계획 전략환경영향평가용역 ,전라남도 광양시,PQ,570000000,574886325,100.85725,동성+우리,97.41,487529000,99.38,N
20200127357 - 01,20200128,광양시 소하천정비종합계획 전략환경영향평가용역 ,전라남도 광양시,PQ,570000000,574886325,100.85725,서영+하우+원,97.09,495690000,100.9497,Y
20200127357 - 01,20200128,광양시 소하천정비종합계획 전략환경영향평가용역 ,전라남도 광양시,PQ,570000000,574886325,100.85725,이산+신오+신일,96.83,496770000,101.111,N
20200127357 - 01,20200128,광양시 소하천정비종합계획 전략환경영향평가용역 ,전라남도 광양시,PQ,570000000,574886325,100.85725,평화+우신+휴먼,96.73,495780000,100.8861,N
20200127357 - 01,20200128,광양시 소하천정비종합계획 전략환경영향평가용역 ,전라남도 광양시,PQ,570000000,574886325,100.85725,다산+ES,96.71,485995000,98.8835,N
20200127357 - 01,20200128,광양시 소하천정비종합계획 전략환경영향평가용역 ,전라남도 광양시,PQ,570000000,574886325,100.85725,수성+오션,96.34,487465000,99.0906,N
20200127357 - 01,20200128,광양시 소하천정비종합계획 전략환경영향평가용역 ,전라남도 광양시,PQ,570000000,574886325,100.85725,선진+서남,95.93,486260000,98.7427,N
20200127357 - 01,20200128,광양시 소하천정비종합계획 전략환경영향평가용역 ,전라남도 광양시,PQ,570000000,574886325,100.85725,경동+성호,95.69,486429000,98.7199,N
20200127357 - 01,20200128,광양시 소하천정비종합계획 전략환경영향평가용역 ,전라남도 광양시,PQ,570000000,574886325,100.85725,KG+한솔+화신,94.78,504740000,102.1996,N
20200127357 - 01,20200128,광양시 소하천정비종합계획 전략환경영향평가용역 ,전라남도 광양시,PQ,570000000,574886325,100.85725,신성+한맥+세원,94.37,501580000,101.4544,N
20200127357 - 01,20200128,광양시 소하천정비종합계획 전략환경영향평가용역 ,전라남도 광양시,PQ,570000000,574886325,100.85725,홍익+코엔텍,94.1,505615000,102.1999,N
20200127357 - 01,20200128,광양시 소하천정비종합계획 전략환경영향평가용역 ,전라남도 광양시,PQ,570000000,574886325,100.85725,동일+가온,91.05,510000000,103.0862,N
2020UMM00372020-00664-01,20200128,00부대 설계용역(20-B017),국군재정관리단,PQ,237677000,235905219,99.25454251,천일,100,204100000,98.9946,N
2020UMM00372020-00664-01,20200128,00부대 설계용역(20-B017),국군재정관리단,PQ,237677000,235905219,99.25454251,건화(사이건축),98.5,206100000,99.9646,Y
대전지방국토관리청 공고 제2020 - 11호,20200128,곡교천 탕정지구 하천환경정비사업 실시설계용역,대전지방국토관리청,PQ,1379000000,1373011725,99.56575236,이산+경동,98.15,1159900000,100.4498,N
대전지방국토관리청 공고 제2020 - 11호,20200128,곡교천 탕정지구 하천환경정비사업 실시설계용역,대전지방국토관리청,PQ,1379000000,1373011725,99.56575236,동부+건화(에스씨이앤씨+동성지오텍+씨지이앤씨),98.05,1155559000,100.0261,N
대전지방국토관리청 공고 제2020 - 11호,20200128,곡교천 탕정지구 하천환경정비사업 실시설계용역,대전지방국토관리청,PQ,1379000000,1373011725,99.56575236,극동,97.85,1163182000,100.5899,N
대전지방국토관리청 공고 제2020 - 11호,20200128,곡교천 탕정지구 하천환경정비사업 실시설계용역,대전지방국토관리청,PQ,1379000000,1373011725,99.56575236,다산+한맥,97.8,1155100000,99.8672,Y
대전지방국토관리청 공고 제2020 - 11호,20200128,곡교천 탕정지구 하천환경정비사업 실시설계용역,대전지방국토관리청,PQ,1379000000,1373011725,99.56575236,KG+천진,97.69,1150613000,99.42,N
대전지방국토관리청 공고 제2020 - 11호,20200128,곡교천 탕정지구 하천환경정비사업 실시설계용역,대전지방국토관리청,PQ,1379000000,1373011725,99.56575236,KSM,97.5,1164900000,100.5706,N
대전지방국토관리청 공고 제2020 - 11호,20200128,곡교천 탕정지구 하천환경정비사업 실시설계용역,대전지방국토관리청,PQ,1379000000,1373011725,99.56575236,한기,97.35,1178800000,101.698,N
20200128855 - 01,20200130,동문천 수해상습지 개선사업 건설사업관리용역,경기도청 북부청사,PQ,1744000000,1743891050,99.99375287,건화+KSM,99.96,1365700000,100.3633,Y
20200128855 - 01,20200130,동문천 수해상습지 개선사업 건설사업관리용역,경기도청 북부청사,PQ,1744000000,1743891050,99.99375287,도화+이산,99.89,1359830000,99.868,N
20200128855 - 01,20200130,동문천 수해상습지 개선사업 건설사업관리용역,경기도청 북부청사,PQ,1744000000,1743891050,99.99375287,서영+주하,99.8,1348300000,98.9578,N
20200128855 - 01,20200130,동문천 수해상습지 개선사업 건설사업관리용역,경기도청 북부청사,PQ,1744000000,1743891050,99.99375287,한종+용마,99.79,1370900000,100.6036,N
20200128855 - 01,20200130,동문천 수해상습지 개선사업 건설사업관리용역,경기도청 북부청사,PQ,1744000000,1743891050,99.99375287,평화+건영,99.78,1357470000,99.6053,N
20200128855 - 01,20200130,동문천 수해상습지 개선사업 건설사업관리용역,경기도청 북부청사,PQ,1744000000,1743891050,99.99375287,동성+경호,99.77,1354944000,99.42,N
20200128855 - 01,20200130,동문천 수해상습지 개선사업 건설사업관리용역,경기도청 북부청사,PQ,1744000000,1743891050,99.99375287,동부+동명,99.74,1373460000,100.7528,N
20200128855 - 01,20200130,동문천 수해상습지 개선사업 건설사업관리용역,경기도청 북부청사,PQ,1744000000,1743891050,99.99375287,수성+신성,99.7,1350998000,99.0671,N
20200128855 - 01,20200130,동문천 수해상습지 개선사업 건설사업관리용역,경기도청 북부청사,PQ,1744000000,1743891050,99.99375287,신명+다음,99.7,1353727000,99.2672,N
20200128855 - 01,20200130,동문천 수해상습지 개선사업 건설사업관리용역,경기도청 북부청사,PQ,1744000000,1743891050,99.99375287,극동+내경,99.66,1378664000,101.0699,N
20200128855 - 01,20200130,동문천 수해상습지 개선사업 건설사업관리용역,경기도청 북부청사,PQ,1744000000,1743891050,99.99375287,다산+삼안,99.64,1350770000,98.9997,N
20200128855 - 01,20200130,동문천 수해상습지 개선사업 건설사업관리용역,경기도청 북부청사,PQ,1744000000,1743891050,99.99375287,경동+KG,99.46,1349490000,98.767,N
20200128855 - 01,20200130,동문천 수해상습지 개선사업 건설사업관리용역,경기도청 북부청사,PQ,1744000000,1743891050,99.99375287,천일+선진,99.39,1534000000,112.1994,N
20200128422 - 00,20200129,동해항 3단계 연결도로 건설공사 타당성조사용역,해양수산부 동해지방해양수산청,PQ,300000000,296055750,98.68525,도화,98.3,259792000,99.8298,N
20200128422 - 00,20200129,동해항 3단계 연결도로 건설공사 타당성조사용역,해양수산부 동해지방해양수산청,PQ,300000000,296055750,98.68525,한종,98.3,260880000,100.2479,N
20200128422 - 00,20200129,동해항 3단계 연결도로 건설공사 타당성조사용역,해양수산부 동해지방해양수산청,PQ,300000000,296055750,98.68525,평화,98.3,260400000,100.0634,N
20200128422 - 00,20200129,동해항 3단계 연결도로 건설공사 타당성조사용역,해양수산부 동해지방해양수산청,PQ,300000000,296055750,98.68525,동아+경동+삼영,98.3,259969000,99.8978,N
20200128422 - 00,20200129,동해항 3단계 연결도로 건설공사 타당성조사용역,해양수산부 동해지방해양수산청,PQ,300000000,296055750,98.68525,서영,98.22,260890000,100.2517,N
20200128422 - 00,20200129,동해항 3단계 연결도로 건설공사 타당성조사용역,해양수산부 동해지방해양수산청,PQ,300000000,296055750,98.68525,천일,98.2,260680000,100.171,N
20200128422 - 00,20200129,동해항 3단계 연결도로 건설공사 타당성조사용역,해양수산부 동해지방해양수산청,PQ,300000000,296055750,98.68525,이산+혜인,98.17,261488000,100.4815,N
20200128422 - 00,20200129,동해항 3단계 연결도로 건설공사 타당성조사용역,해양수산부 동해지방해양수산청,PQ,300000000,296055750,98.68525,극동+아라,98.16,260078000,99.9397,N
20200128422 - 00,20200129,동해항 3단계 연결도로 건설공사 타당성조사용역,해양수산부 동해지방해양수산청,PQ,300000000,296055750,98.68525,수성+세일,97.98,261514000,100.4915,N
20200128422 - 00,20200129,동해항 3단계 연결도로 건설공사 타당성조사용역,해양수산부 동해지방해양수산청,PQ,300000000,296055750,98.68525,건화,97.94,261042000,100.3101,N
20200128422 - 00,20200129,동해항 3단계 연결도로 건설공사 타당성조사용역,해양수산부 동해지방해양수산청,PQ,300000000,296055750,98.68525,유신+세광,97.8,261953000,100.6602,N
20200128422 - 00,20200129,동해항 3단계 연결도로 건설공사 타당성조사용역,해양수산부 동해지방해양수산청,PQ,300000000,296055750,98.68525,다산+대양,97.8,259454000,99.6999,N
20200128422 - 00,20200129,동해항 3단계 연결도로 건설공사 타당성조사용역,해양수산부 동해지방해양수산청,PQ,300000000,296055750,98.68525,삼안+일진,97.73,261360000,100.4323,N
20200128422 - 00,20200129,동해항 3단계 연결도로 건설공사 타당성조사용역,해양수산부 동해지방해양수산청,PQ,300000000,296055750,98.68525,동명+건일,97.64,260390000,100.0596,N
20200128422 - 00,20200129,동해항 3단계 연결도로 건설공사 타당성조사용역,해양수산부 동해지방해양수산청,PQ,300000000,296055750,98.68525,동성,97.58,260027000,99.9201,N
20200128422 - 00,20200129,동해항 3단계 연결도로 건설공사 타당성조사용역,해양수산부 동해지방해양수산청,PQ,300000000,296055750,98.68525,용마+제일,97.74,262042000,100.6596,N
20200128422 - 00,20200129,동해항 3단계 연결도로 건설공사 타당성조사용역,해양수산부 동해지방해양수산청,PQ,300000000,296055750,98.68525,홍익,97.53,258510000,99.2914,N
20200128422 - 00,20200129,동해항 3단계 연결도로 건설공사 타당성조사용역,해양수산부 동해지방해양수산청,PQ,300000000,296055750,98.68525,화신+바우,97.16,258569000,99.3026,N
20200128422 - 00,20200129,동해항 3단계 연결도로 건설공사 타당성조사용역,해양수산부 동해지방해양수산청,PQ,300000000,296055750,98.68525,한맥,96.74,262867000,100.9532,N
20200128422 - 00,20200129,동해항 3단계 연결도로 건설공사 타당성조사용역,해양수산부 동해지방해양수산청,PQ,300000000,296055750,98.68525,일신,96.45,258140000,99.115,Y
20200128422 - 00,20200129,동해항 3단계 연결도로 건설공사 타당성조사용역,해양수산부 동해지방해양수산청,PQ,300000000,296055750,98.68525,KG+진우,98.33,263466000,101.0901,N
20200129522 - 00,20200129,가례천외 1개소 하천 기본계획 수립 및 하천 시설관리대장 작성 용역 ,경상남도,PQ,729000000,733877075,100.6690089,이산+수성,100,625120000,100.2987,N
20200129522 - 00,20200129,가례천외 1개소 하천 기본계획 수립 및 하천 시설관리대장 작성 용역 ,경상남도,PQ,729000000,733877075,100.6690089,유신+로텍+강동+화성,99.94,622220000,99.81,N
20200129522 - 00,20200129,가례천외 1개소 하천 기본계획 수립 및 하천 시설관리대장 작성 용역 ,경상남도,PQ,729000000,733877075,100.6690089,한종+우진,99.29,621300000,99.4995,N
20200129522 - 00,20200129,가례천외 1개소 하천 기본계획 수립 및 하천 시설관리대장 작성 용역 ,경상남도,PQ,729000000,733877075,100.6690089,건화+하우+KCI,99.23,626600000,100.3366,N
20200129522 - 00,20200129,가례천외 1개소 하천 기본계획 수립 및 하천 시설관리대장 작성 용역 ,경상남도,PQ,729000000,733877075,100.6690089,도화+경화+범한,98.85,631200000,100.9671,Y
20200129522 - 00,20200129,가례천외 1개소 하천 기본계획 수립 및 하천 시설관리대장 작성 용역 ,경상남도,PQ,729000000,733877075,100.6690089,KG+천진,98.65,621630000,99.3899,N
20200129522 - 00,20200129,가례천외 1개소 하천 기본계획 수립 및 하천 시설관리대장 작성 용역 ,경상남도,PQ,729000000,733877075,100.6690089,다산+화신+신화+HEC,98.59,619980000,99.103,N
20200129522 - 00,20200129,가례천외 1개소 하천 기본계획 수립 및 하천 시설관리대장 작성 용역 ,경상남도,PQ,729000000,733877075,100.6690089,삼안+KSM,98.17,632500000,100.9984,N
20200129522 - 00,20200129,가례천외 1개소 하천 기본계획 수립 및 하천 시설관리대장 작성 용역 ,경상남도,PQ,729000000,733877075,100.6690089,평화+삼경+덕신+한올,97.76,620400000,98.9626,N
20200129522 - 00,20200129,가례천외 1개소 하천 기본계획 수립 및 하천 시설관리대장 작성 용역 ,경상남도,PQ,729000000,733877075,100.6690089,동부+한성+강원길,97.25,646800000,103.042,N
20200129522 - 00,20200129,양동천 하천기본계획 수립 및 실시설계용역 ,경상남도,PQ,791000000,800456475,101.1955088,KG+천진+보람,99.82,673334000,99.52,N
20200129522 - 00,20200129,양동천 하천기본계획 수립 및 실시설계용역 ,경상남도,PQ,791000000,800456475,101.1955088,이산+수성+강동,99.77,680680000,100.5822,N
20200129522 - 00,20200129,양동천 하천기본계획 수립 및 실시설계용역 ,경상남도,PQ,791000000,800456475,101.1955088,한종+KSM,99.45,678400000,100.1633,N
20200129522 - 00,20200129,양동천 하천기본계획 수립 및 실시설계용역 ,경상남도,PQ,791000000,800456475,101.1955088,다산+화신+신화+HEC,99.32,675150000,99.6602,N
20200129522 - 00,20200129,양동천 하천기본계획 수립 및 실시설계용역 ,경상남도,PQ,791000000,800456475,101.1955088,유신+창미+동명+로텍,98.83,684766000,100.95,N
20200129522 - 00,20200129,양동천 하천기본계획 수립 및 실시설계용역 ,경상남도,PQ,791000000,800456475,101.1955088,동부+한성+진화,98.67,674630000,99.4093,N
20200129522 - 00,20200129,양동천 하천기본계획 수립 및 실시설계용역 ,경상남도,PQ,791000000,800456475,101.1955088,도화+경화+범한+고려,98.61,688200000,101.3971,Y
20200129522 - 00,20200129,양동천 하천기본계획 수립 및 실시설계용역 ,경상남도,PQ,791000000,800456475,101.1955088,평화+한올+조화,98.4,672600000,99.0409,N
20200129522 - 00,20200129,양동천 하천기본계획 수립 및 실시설계용역 ,경상남도,PQ,791000000,800456475,101.1955088,삼안+금성+우리,97.73,711920000,104.6602,N
20200129522 - 00,20200129,양동천 하천기본계획 수립 및 실시설계용역 ,경상남도,PQ,791000000,800456475,101.1955088,건화+하우+KCI,96.67,671200000,98.3993,N
20200129522 - 00,20200129,대방천 하천기본계획 수립 및 실시설계용역 ,경상남도,PQ,772000000,778834175,100.8852558,도화+KSM,100,664200000,100.6331,N
20200129522 - 00,20200129,대방천 하천기본계획 수립 및 실시설계용역 ,경상남도,PQ,772000000,778834175,100.8852558,유신+화성+동명,100,659157000,99.869,N
20200129522 - 00,20200129,대방천 하천기본계획 수립 및 실시설계용역 ,경상남도,PQ,772000000,778834175,100.8852558,한종+로텍+한가람+우진,99.77,665400000,100.7442,N
20200129522 - 00,20200129,대방천 하천기본계획 수립 및 실시설계용역 ,경상남도,PQ,772000000,778834175,100.8852558,삼안+하존+조화,99.58,657910000,99.5636,N
20200129522 - 00,20200129,대방천 하천기본계획 수립 및 실시설계용역 ,경상남도,PQ,772000000,778834175,100.8852558,이산+수성,99.07,655988000,99.1454,N
20200129522 - 00,20200129,대방천 하천기본계획 수립 및 실시설계용역 ,경상남도,PQ,772000000,778834175,100.8852558,평화+삼경+덕신+한올,98.81,667720000,100.8479,N
20200129522 - 00,20200129,대방천 하천기본계획 수립 및 실시설계용역 ,경상남도,PQ,772000000,778834175,100.8852558,한기+범한,98.37,0,0,N
20200129522 - 00,20200129,대방천 하천기본계획 수립 및 실시설계용역 ,경상남도,PQ,772000000,778834175,100.8852558,화신+다산+신화+HEC,98.3,656140000,98.972,N
20200129522 - 00,20200129,대방천 하천기본계획 수립 및 실시설계용역 ,경상남도,PQ,772000000,778834175,100.8852558,동성+금성,98.15,672333000,101.3792,Y
20200129522 - 00,20200129,대방천 하천기본계획 수립 및 실시설계용역 ,경상남도,PQ,772000000,778834175,100.8852558,동부+한성,97.66,672980000,101.3469,N
20200129522 - 00,20200129,대방천 하천기본계획 수립 및 실시설계용역 ,경상남도,PQ,772000000,778834175,100.8852558,건화+하우+KCI,96.03,678700000,101.7824,N
20200129522 - 00,20200129,대방천 하천기본계획 수립 및 실시설계용역 ,경상남도,PQ,772000000,778834175,100.8852558,KG+천진+보람,95.67,659357000,98.7901,N
20200129522 - 00,20200129,장안천 하천기본계획 수립 및 실시설계용역 ,경상남도,PQ,1667000000,1650517575,99.01125225,이산+수성,100,1301480000,100.1002,N
20200129522 - 00,20200129,장안천 하천기본계획 수립 및 실시설계용역 ,경상남도,PQ,1667000000,1650517575,99.01125225,도화+KSM+경화,100,1308380000,100.6309,N
20200129522 - 00,20200129,장안천 하천기본계획 수립 및 실시설계용역 ,경상남도,PQ,1667000000,1650517575,99.01125225,유신+화성+동명,100,1296276000,99.7,N
20200129522 - 00,20200129,장안천 하천기본계획 수립 및 실시설계용역 ,경상남도,PQ,1667000000,1650517575,99.01125225,KG+천진,99.83,1294328000,99.41,Y
20200129522 - 00,20200129,장안천 하천기본계획 수립 및 실시설계용역 ,경상남도,PQ,1667000000,1650517575,99.01125225,한종+우진+현진,99.68,1294500000,99.296,N
20200129522 - 00,20200129,장안천 하천기본계획 수립 및 실시설계용역 ,경상남도,PQ,1667000000,1650517575,99.01125225,화신+다산+신화+HEC,99.45,1294815000,99.1301,N
20200129522 - 00,20200129,장안천 하천기본계획 수립 및 실시설계용역 ,경상남도,PQ,1667000000,1650517575,99.01125225,동부+한성+동해,99.4,1323663000,101.2999,N
20200129522 - 00,20200129,장안천 하천기본계획 수립 및 실시설계용역 ,경상남도,PQ,1667000000,1650517575,99.01125225,건화+하우+KCI,99.32,1290400000,98.6913,N
20200129522 - 00,20200129,장안천 하천기본계획 수립 및 실시설계용역 ,경상남도,PQ,1667000000,1650517575,99.01125225,평화+한올+조화,99.28,1319000000,100.8401,N
20200129522 - 00,20200129,장안천 하천기본계획 수립 및 실시설계용역 ,경상남도,PQ,1667000000,1650517575,99.01125225,삼안+재화+한맥,99.22,1584000000,121.0536,N
20200129522 - 00,20200129,원지천 하천기본계획 수립 및 실시설계용역 ,경상남도,PQ,806000000,816210050,101.2667556,KG+천진+보람,100,685990000,99.5502,N
20200129522 - 00,20200129,원지천 하천기본계획 수립 및 실시설계용역 ,경상남도,PQ,806000000,816210050,101.2667556,동부+한성,100,691900000,100.4078,N
20200129522 - 00,20200129,원지천 하천기본계획 수립 및 실시설계용역 ,경상남도,PQ,806000000,816210050,101.2667556,도화+경화+고려,100,694600000,100.7996,N
20200129522 - 00,20200129,원지천 하천기본계획 수립 및 실시설계용역 ,경상남도,PQ,806000000,816210050,101.2667556,한종+KSM+한가람,99.54,687200000,99.5976,N
20200129522 - 00,20200129,원지천 하천기본계획 수립 및 실시설계용역 ,경상남도,PQ,806000000,816210050,101.2667556,이산+수성+동남,99.36,695650000,100.7752,N
20200129522 - 00,20200129,원지천 하천기본계획 수립 및 실시설계용역 ,경상남도,PQ,806000000,816210050,101.2667556,유신+화성+동명,99.35,695876000,100.808,N
20200129522 - 00,20200129,원지천 하천기본계획 수립 및 실시설계용역 ,경상남도,PQ,806000000,816210050,101.2667556,평화+한올+조화,99.28,687400000,99.5685,N
20200129522 - 00,20200129,원지천 하천기본계획 수립 및 실시설계용역 ,경상남도,PQ,806000000,816210050,101.2667556,다산+화신+신화+HEC,99.21,698826900,101.2,N
20200129522 - 00,20200129,원지천 하천기본계획 수립 및 실시설계용역 ,경상남도,PQ,806000000,816210050,101.2667556,삼안+한가람+하존,99.11,726000000,105.1105,Y
20200129522 - 00,20200129,원지천 하천기본계획 수립 및 실시설계용역 ,경상남도,PQ,806000000,816210050,101.2667556,건화+하우+KCI,98.87,682690000,98.7824,N
20200128686 - 00,20200129,수도권매립지 사후환경영향조사 용역,수도권매립지관리공사,PQ,3844413000,3850852450,100.1675015,신성+중천,99.35,3076000000,100.0215,N
20200128686 - 00,20200129,수도권매립지 사후환경영향조사 용역,수도권매립지관리공사,PQ,3844413000,3850852450,100.1675015,이산+휴먼,99.2,3080000000,100.1516,N
20200128686 - 00,20200129,수도권매립지 사후환경영향조사 용역,수도권매립지관리공사,PQ,3844413000,3850852450,100.1675015,평화+경동+신일환경,99.18,3078300000,100.0963,N
20200128686 - 00,20200129,수도권매립지 사후환경영향조사 용역,수도권매립지관리공사,PQ,3844413000,3850852450,100.1675015,동일+KG+다원,99.15,3056800000,99.3972,N
20200128686 - 00,20200129,수도권매립지 사후환경영향조사 용역,수도권매립지관리공사,PQ,3844413000,3850852450,100.1675015,선진+건일+한국환경,99.1,3061440000,99.5481,N
20200128686 - 00,20200129,수도권매립지 사후환경영향조사 용역,수도권매립지관리공사,PQ,3844413000,3850852450,100.1675015,동아+건화+엔탑,99.1,3066090000,99.6993,N
20200128686 - 00,20200129,수도권매립지 사후환경영향조사 용역,수도권매립지관리공사,PQ,3844413000,3850852450,100.1675015,한종+소운,99.08,3082140000,100.2212,Y
20200128686 - 00,20200129,수도권매립지 사후환경영향조사 용역,수도권매립지관리공사,PQ,3844413000,3850852450,100.1675015,도화+라임,99.02,3100000000,100.8019,N
20200128686 - 00,20200129,수도권매립지 사후환경영향조사 용역,수도권매립지관리공사,PQ,3844413000,3850852450,100.1675015,삼안+세광+DS,98.97,3063940000,99.6294,N
20200128686 - 00,20200129,수도권매립지 사후환경영향조사 용역,수도권매립지관리공사,PQ,3844413000,3850852450,100.1675015,동성+마린,98.97,3098400000,100.7499,N
20200128686 - 00,20200129,수도권매립지 사후환경영향조사 용역,수도권매립지관리공사,PQ,3844413000,3850852450,100.1675015,수성+보드플랜,98.97,3082519000,100.2335,N
20200128686 - 00,20200129,수도권매립지 사후환경영향조사 용역,수도권매립지관리공사,PQ,3844413000,3850852450,100.1675015,한맥+예평+우신,98.94,3069110000,99.7975,N
20200128686 - 00,20200129,수도권매립지 사후환경영향조사 용역,수도권매립지관리공사,PQ,3844413000,3850852450,100.1675015,서영+퍼스트,98.96,3096000000,100.6467,N
20200128686 - 00,20200129,수도권매립지 사후환경영향조사 용역,수도권매립지관리공사,PQ,3844413000,3850852450,100.1675015,경호,98.5,3059738000,99.4306,N
20200128686 - 00,20200129,수도권매립지 사후환경영향조사 용역,수도권매립지관리공사,PQ,3844413000,3850852450,100.1675015,동명,98.5,3114200000,101.2004,N
20200128686 - 00,20200129,수도권매립지 사후환경영향조사 용역,수도권매립지관리공사,PQ,3844413000,3850852450,100.1675015,동부+홍익+CNS,98.97,3098700000,100.6841,N
20200128686 - 00,20200129,수도권매립지 사후환경영향조사 용역,수도권매립지관리공사,PQ,3844413000,3850852450,100.1675015,다산+ES테크,98.77,3056380000,99.3091,N
20200128686 - 00,20200129,수도권매립지 사후환경영향조사 용역,수도권매립지관리공사,PQ,3844413000,3850852450,100.1675015,유신+레오,96.48,3383600000,109.9412,N
20200129598 - 00,20200129,지방하천·소하천 재해복구사업 통합건설사업관리용역,강원도 삼척시,PQ,981000000,981578850,100.0590061,동일+승,99.64,842790000,100.393,N
20200129598 - 00,20200129,지방하천·소하천 재해복구사업 통합건설사업관리용역,강원도 삼척시,PQ,981000000,981578850,100.0590061,경호+일신,99.63,842789000,100.3812,N
20200129598 - 00,20200129,지방하천·소하천 재해복구사업 통합건설사업관리용역,강원도 삼척시,PQ,981000000,981578850,100.0590061,극동+성우,99.6,845381000,100.6899,N
20200129598 - 00,20200129,지방하천·소하천 재해복구사업 통합건설사업관리용역,강원도 삼척시,PQ,981000000,981578850,100.0590061,도화+성안ENC,99.6,834150000,99.3522,N
20200129598 - 00,20200129,지방하천·소하천 재해복구사업 통합건설사업관리용역,강원도 삼척시,PQ,981000000,981578850,100.0590061,KSM+영화,99.58,800000000,95.2736,N
20200129598 - 00,20200129,지방하천·소하천 재해복구사업 통합건설사업관리용역,강원도 삼척시,PQ,981000000,981578850,100.0590061,경동+진화,99.57,843797000,100.4895,N
20200129598 - 00,20200129,지방하천·소하천 재해복구사업 통합건설사업관리용역,강원도 삼척시,PQ,981000000,981578850,100.0590061,동명+정,99.56,840500000,100.0968,Y
20200129598 - 00,20200129,지방하천·소하천 재해복구사업 통합건설사업관리용역,강원도 삼척시,PQ,981000000,981578850,100.0590061,건화+제이엠,99.54,839625000,99.9809,N
20200129598 - 00,20200129,지방하천·소하천 재해복구사업 통합건설사업관리용역,강원도 삼척시,PQ,981000000,981578850,100.0590061,수성+동서,99.53,834834000,99.4104,N
20200129598 - 00,20200129,지방하천·소하천 재해복구사업 통합건설사업관리용역,강원도 삼척시,PQ,981000000,981578850,100.0590061,천일+동남,99.53,834600000,99.3826,N
20200129598 - 00,20200129,지방하천·소하천 재해복구사업 통합건설사업관리용역,강원도 삼척시,PQ,981000000,981578850,100.0590061,한종+한울,99.52,837150000,99.6862,N
20200129598 - 00,20200129,지방하천·소하천 재해복구사업 통합건설사업관리용역,강원도 삼척시,PQ,981000000,981578850,100.0590061,동성+현산,99.5,834244000,99.3402,N
20200129598 - 00,20200129,지방하천·소하천 재해복구사업 통합건설사업관리용역,강원도 삼척시,PQ,981000000,981578850,100.0590061,KCM+JH+지호,99.49,847000000,100.8474,N
20200129598 - 00,20200129,지방하천·소하천 재해복구사업 통합건설사업관리용역,강원도 삼척시,PQ,981000000,981578850,100.0590061,대콘+정원,99.47,814000000,96.9182,N
20200129598 - 00,20200129,지방하천·소하천 재해복구사업 통합건설사업관리용역,강원도 삼척시,PQ,981000000,981578850,100.0590061,신명+서윤,99.43,833233000,99.1966,N
20200129598 - 00,20200129,지방하천·소하천 재해복구사업 통합건설사업관리용역,강원도 삼척시,PQ,981000000,981578850,100.0590061,이산+서광,99.43,837200000,99.6689,N
20200129598 - 00,20200129,지방하천·소하천 재해복구사업 통합건설사업관리용역,강원도 삼척시,PQ,981000000,981578850,100.0590061,선진+동해,99.42,831830000,99.0296,N
20200129598 - 00,20200129,지방하천·소하천 재해복구사업 통합건설사업관리용역,강원도 삼척시,PQ,981000000,981578850,100.0590061,용마+형제,99.34,848320000,100.9691,N
20200129598 - 00,20200129,지방하천·소하천 재해복구사업 통합건설사업관리용역,강원도 삼척시,PQ,981000000,981578850,100.0590061,제일+삼주,99.3,832890000,99.1211,N
20200129598 - 00,20200129,지방하천·소하천 재해복구사업 통합건설사업관리용역,강원도 삼척시,PQ,981000000,981578850,100.0590061,서영+삼경,99.27,850500000,101.205,N
20200129598 - 00,20200129,지방하천·소하천 재해복구사업 통합건설사업관리용역,강원도 삼척시,PQ,981000000,981578850,100.0590061,경원+정민,96.21,862181818,101.7989,N
20200129598 - 00,20200129,지방하천·소하천 재해복구사업 통합건설사업관리용역,강원도 삼척시,PQ,981000000,981578850,100.0590061,화신+한맥,96.16,832929000,98.3336,N
20200119326 - 00,20200121,보행이 즐거운 사람 중심 신도시 조성방안 수립용역,경기도시공사,협상,1685750000,1685750000,100,건화+Site Lab+도시계획 학회,96.89,1496000000,88.7439,Y
20200119326 - 00,20200121,보행이 즐거운 사람 중심 신도시 조성방안 수립용역,경기도시공사,협상,1685750000,1685750000,100,한국도시설계학회+소도+하우리,88.67,1517100000,89.9956,N
20200131187 - 03,20200130,가평군 장기미집행 검토 및 정비용역,경기도 가평군,PQ,499100000,504349325,101.0517582,동명+경호,97.43,432960000,99.7506,N
20200131187 - 03,20200130,가평군 장기미집행 검토 및 정비용역,경기도 가평군,PQ,499100000,504349325,101.0517582,도화+건화,95.77,440500000,101.3247,Y
20200131187 - 03,20200130,가평군 장기미집행 검토 및 정비용역,경기도 가평군,PQ,499100000,504349325,101.0517582,KG+수성,95.77,433524000,99.7201,N
20200131187 - 03,20200130,가평군 장기미집행 검토 및 정비용역,경기도 가평군,PQ,499100000,504349325,101.0517582,삼안+화신,88.39,432960000,98.8752,N
20200131455 - 00,20200130,장기미집행 도시계획도로 (소로1-81호선외 33개소) 실시설계용역 ,경기도 시흥시,PQ,1200000000,1200270000,100.0225,KG+보람,98.3,954049000,100.5299,Y
20200131455 - 00,20200130,장기미집행 도시계획도로 (소로1-81호선외 33개소) 실시설계용역 ,경기도 시흥시,PQ,1200000000,1200270000,100.0225,홍익+신성,97.52,953590000,99.8503,N
20200131455 - 00,20200130,장기미집행 도시계획도로 (소로1-81호선외 33개소) 실시설계용역 ,경기도 시흥시,PQ,1200000000,1200270000,100.0225,제일+동부+대콘,97.5,968300000,101.3778,N
20200131455 - 00,20200130,장기미집행 도시계획도로 (소로1-81호선외 33개소) 실시설계용역 ,경기도 시흥시,PQ,1200000000,1200270000,100.0225,유신+건화(신한항업+쏘일테크),97.48,947830000,99.2097,N
20200131455 - 00,20200130,장기미집행 도시계획도로 (소로1-81호선외 33개소) 실시설계용역 ,경기도 시흥시,PQ,1200000000,1200270000,100.0225,용마+도화+경원,97.4,984610000,102.9948,N
20200131863 - 00,20200131,청운 지하차도 개설공사 기본 및 실시설계용역,전라남도 장성군,PQ,1039010000,1024100250,98.56500419,동성+양광,98.15,891670000,99.9001,N
20200131863 - 00,20200131,청운 지하차도 개설공사 기본 및 실시설계용역,전라남도 장성군,PQ,1039010000,1024100250,98.56500419,유신+동아,97.42,900036000,100.65,N
20200131863 - 00,20200131,청운 지하차도 개설공사 기본 및 실시설계용역,전라남도 장성군,PQ,1039010000,1024100250,98.56500419,동일+산이,97.32,896000000,100.1753,N
20200131863 - 00,20200131,청운 지하차도 개설공사 기본 및 실시설계용역,전라남도 장성군,PQ,1039010000,1024100250,98.56500419,신명+수성,97.3,898561000,100.45,N
20200131863 - 00,20200131,청운 지하차도 개설공사 기본 및 실시설계용역,전라남도 장성군,PQ,1039010000,1024100250,98.56500419,KG+삼보+장산,97.21,888033000,99.25,N
20200131863 - 00,20200131,청운 지하차도 개설공사 기본 및 실시설계용역,전라남도 장성군,PQ,1039010000,1024100250,98.56500419,제일+서영+우빈,97.16,889750000,99.4304,N
20200131863 - 00,20200131,청운 지하차도 개설공사 기본 및 실시설계용역,전라남도 장성군,PQ,1039010000,1024100250,98.56500419,평화+KCI,97.1,894600000,99.9608,N
20200131863 - 00,20200131,청운 지하차도 개설공사 기본 및 실시설계용역,전라남도 장성군,PQ,1039010000,1024100250,98.56500419,한기+신성,97.1,901500000,100.7317,N
20200131863 - 00,20200131,청운 지하차도 개설공사 기본 및 실시설계용역,전라남도 장성군,PQ,1039010000,1024100250,98.56500419,경동+우영,97.02,901396000,100.6967,N
20200131863 - 00,20200131,청운 지하차도 개설공사 기본 및 실시설계용역,전라남도 장성군,PQ,1039010000,1024100250,98.56500419,동명+한종+하이콘,96.96,888100000,99.1999,N
20200131863 - 00,20200131,청운 지하차도 개설공사 기본 및 실시설계용역,전라남도 장성군,PQ,1039010000,1024100250,98.56500419,삼안+원진,96.96,903760000,100.9491,N
20200131863 - 00,20200131,청운 지하차도 개설공사 기본 및 실시설계용역,전라남도 장성군,PQ,1039010000,1024100250,98.56500419,한맥+기찬,96.95,889000000,99.2889,N
20200131863 - 00,20200131,청운 지하차도 개설공사 기본 및 실시설계용역,전라남도 장성군,PQ,1039010000,1024100250,98.56500419,이산+원우,96.91,905500000,101.1317,N
20200131863 - 00,20200131,청운 지하차도 개설공사 기본 및 실시설계용역,전라남도 장성군,PQ,1039010000,1024100250,98.56500419,도화+신오+중원,96.77,889435000,99.2914,N
20200131863 - 00,20200131,청운 지하차도 개설공사 기본 및 실시설계용역,전라남도 장성군,PQ,1039010000,1024100250,98.56500419,홍익+건영,96.75,884855000,98.7801,N
20200131863 - 00,20200131,청운 지하차도 개설공사 기본 및 실시설계용역,전라남도 장성군,PQ,1039010000,1024100250,98.56500419,다산+서진,96.71,884239000,98.6999,Y
20200131863 - 00,20200131,청운 지하차도 개설공사 기본 및 실시설계용역,전라남도 장성군,PQ,1039010000,1024100250,98.56500419,건화+유성건설(유지건설),96.62,912700000,101.8531,N
20200131863 - 00,20200131,청운 지하차도 개설공사 기본 및 실시설계용역,전라남도 장성군,PQ,1039010000,1024100250,98.56500419,극동+우리종합,96.56,884726000,98.7199,N
20200131863 - 00,20200131,청운 지하차도 개설공사 기본 및 실시설계용역,전라남도 장성군,PQ,1039010000,1024100250,98.56500419,바우+화신+신촌,96.06,884000000,98.5133,N
20200132599 - 00,20200131,경기도 지방하천 종합정비계획 수립용역,경기도청 북부청사,PQ,1221000000,1218268075,99.77625512,삼안+KSM+KCI,98.18,971850000,100.5427,N
20200132599 - 00,20200131,경기도 지방하천 종합정비계획 수립용역,경기도청 북부청사,PQ,1221000000,1218268075,99.77625512,이산+도화,98.12,965882000,99.8748,Y
20200132599 - 00,20200131,경기도 지방하천 종합정비계획 수립용역,경기도청 북부청사,PQ,1221000000,1218268075,99.77625512,다산+용마,97.82,964930000,99.5376,N
20200132599 - 00,20200131,경기도 지방하천 종합정비계획 수립용역,경기도청 북부청사,PQ,1221000000,1218268075,99.77625512,유신+동명,97.7,978017000,100.786,N
20200132599 - 00,20200131,경기도 지방하천 종합정비계획 수립용역,경기도청 북부청사,PQ,1221000000,1218268075,99.77625512,평화+건화,97.58,971894000,100.0669,N
20200132599 - 00,20200131,경기도 지방하천 종합정비계획 수립용역,경기도청 북부청사,PQ,1221000000,1218268075,99.77625512,동부+극동,97.58,964447000,99.3001,N
20200132599 - 00,20200131,경기도 지방하천 종합정비계획 수립용역,경기도청 북부청사,PQ,1221000000,1218268075,99.77625512,한종+KG+서영,97.58,962400000,99.0894,N
20200132599 - 00,20200131,경기도 지방하천 종합정비계획 수립용역,경기도청 북부청사,PQ,1221000000,1218268075,99.77625512,화신+경호,97.22,997480000,102.4051,N
20200132599 - 00,20200131,경기도 지방하천 종합정비계획 수립용역,경기도청 북부청사,PQ,1221000000,1218268075,99.77625512,동성+지유,95.16,1019877000,103.0002,N
20200132139 - 01,20200131,옥정~포천 광역철도 타당성평가 및 기본계획 수립용역,경기도,TP,2282568000,2276890175,99.75125276,신성+유신+동명+KG,94.74,1891000000,101.8193,Y
20200132139 - 01,20200131,옥정~포천 광역철도 타당성평가 및 기본계획 수립용역,경기도,TP,2282568000,2276890175,99.75125276,도화+건화+서영(서정),93.12,1867212000,99.2696,N
20200132139 - 01,20200131,옥정~포천 광역철도 타당성평가 및 기본계획 수립용역,경기도,TP,2282568000,2276890175,99.75125276,수성+이산+동부+서현,91.46,1892000000,99.31,N
20200132139 - 01,20200131,옥정~포천 광역철도 타당성평가 및 기본계획 수립용역,경기도,TP,2282568000,2276890175,99.75125276,태조+삼안+삼보+한종,90.09,0,0,N
20200130037 - 00,20200131,하수관로 신설(확충)사업 (온천천수계 잔여지 일원)기본 및 실시설계용역,부산광역시,PQ,1470000000,1490385225,101.38675,동명+선일+대원기술,99.52,1153962000,100.2501,N
20200130037 - 00,20200131,하수관로 신설(확충)사업 (온천천수계 잔여지 일원)기본 및 실시설계용역,부산광역시,PQ,1470000000,1490385225,101.38675,범한+우성+나우,99.42,1147960000,99.6396,N
20200130037 - 00,20200131,하수관로 신설(확충)사업 (온천천수계 잔여지 일원)기본 및 실시설계용역,부산광역시,PQ,1470000000,1490385225,101.38675,이산+거원+HM,99.41,1159488000,100.6402,N
20200130037 - 00,20200131,하수관로 신설(확충)사업 (온천천수계 잔여지 일원)기본 및 실시설계용역,부산광역시,PQ,1470000000,1490385225,101.38675,KG+다산+한창+문창,99.33,1162300000,100.8199,N
20200130037 - 00,20200131,하수관로 신설(확충)사업 (온천천수계 잔여지 일원)기본 및 실시설계용역,부산광역시,PQ,1470000000,1490385225,101.38675,한종+삼영+동부+미래,99.27,1145450000,99.3077,N
20200130037 - 00,20200131,하수관로 신설(확충)사업 (온천천수계 잔여지 일원)기본 및 실시설계용역,부산광역시,PQ,1470000000,1490385225,101.38675,건화+한가람+한수,99.18,1165380000,100.9584,N
20200130037 - 00,20200131,하수관로 신설(확충)사업 (온천천수계 잔여지 일원)기본 및 실시설계용역,부산광역시,PQ,1470000000,1490385225,101.38675,삼안+하나+수성,99.09,1144770000,99.0972,N
20200130037 - 00,20200131,하수관로 신설(확충)사업 (온천천수계 잔여지 일원)기본 및 실시설계용역,부산광역시,PQ,1470000000,1490385225,101.38675,도화+한진+조은+하이텍,99.07,1167230000,101.0286,N
20200130037 - 00,20200131,하수관로 신설(확충)사업 (온천천수계 잔여지 일원)기본 및 실시설계용역,부산광역시,PQ,1470000000,1490385225,101.38675,제일+세일,98.84,1142500000,98.6997,N
20200130037 - 00,20200131,하수관로 신설(확충)사업 (온천천수계 잔여지 일원)기본 및 실시설계용역,부산광역시,PQ,1470000000,1490385225,101.38675,유신+경동+정인+경성,98.52,1179988000,101.68,Y
20200130037 - 00,20200131,하수관로 신설(확충)사업 (온천천수계 잔여지 일원)기본 및 실시설계용역,부산광역시,PQ,1470000000,1490385225,101.38675,선진+이화+원일,98.48,1144330000,98.5699,N
20200130037 - 00,20200131,하수관로 신설(확충)사업 (온천천수계 잔여지 일원)기본 및 실시설계용역,부산광역시,PQ,1470000000,1490385225,101.38675,화신+화인+CM,96.95,1322990000,112.5062,N
20200130037 - 00,20200131,하수관로 신설(확충)사업 (대교사거리 일원) 기본 및 실시설계용역,부산광역시,PQ,1099000000,1098065900,99.91500455,동명+선일+대원기술,99.52,940329000,99.95,Y
20200130037 - 00,20200131,하수관로 신설(확충)사업 (대교사거리 일원) 기본 및 실시설계용역,부산광역시,PQ,1099000000,1098065900,99.91500455,범한+우성+나우,99.42,940924000,99.9899,N
20200130037 - 00,20200131,하수관로 신설(확충)사업 (대교사거리 일원) 기본 및 실시설계용역,부산광역시,PQ,1099000000,1098065900,99.91500455,이산+거원+HM,99.41,944770000,100.3986,N
20200130037 - 00,20200131,하수관로 신설(확충)사업 (대교사거리 일원) 기본 및 실시설계용역,부산광역시,PQ,1099000000,1098065900,99.91500455,KG+다산+한창+문창,99.33,948956000,100.8199,N
20200130037 - 00,20200131,하수관로 신설(확충)사업 (대교사거리 일원) 기본 및 실시설계용역,부산광역시,PQ,1099000000,1098065900,99.91500455,한종+삼영+동부+미래,99.27,942100000,100.0682,N
20200130037 - 00,20200131,하수관로 신설(확충)사업 (대교사거리 일원) 기본 및 실시설계용역,부산광역시,PQ,1099000000,1098065900,99.91500455,건화+한가람+한수,99.18,936400000,99.4395,N
20200130037 - 00,20200131,하수관로 신설(확충)사업 (대교사거리 일원) 기본 및 실시설계용역,부산광역시,PQ,1099000000,1098065900,99.91500455,삼안+하나+수성,99.09,934230000,99.1859,N
20200130037 - 00,20200131,하수관로 신설(확충)사업 (대교사거리 일원) 기본 및 실시설계용역,부산광역시,PQ,1099000000,1098065900,99.91500455,도화+한진+조은+하이텍,99.07,951770000,101.0481,N
20200130037 - 00,20200131,하수관로 신설(확충)사업 (대교사거리 일원) 기본 및 실시설계용역,부산광역시,PQ,1099000000,1098065900,99.91500455,제일+세일,98.84,933970000,99.1005,N
20200130037 - 00,20200131,하수관로 신설(확충)사업 (대교사거리 일원) 기본 및 실시설계용역,부산광역시,PQ,1099000000,1098065900,99.91500455,유신+경동+정인+경성,98.52,951036000,100.829,N
20200130037 - 00,20200131,하수관로 신설(확충)사업 (대교사거리 일원) 기본 및 실시설계용역,부산광역시,PQ,1099000000,1098065900,99.91500455,선진+이화+원일,98.48,933990000,99.0102,N
20200130037 - 00,20200131,하수관로 신설(확충)사업 (대교사거리 일원) 기본 및 실시설계용역,부산광역시,PQ,1099000000,1098065900,99.91500455,화신+화인+CM,96.95,996000000,105.1672,N
대전지방국토관리청 공고 제2020-13호,20200129,금산진산~금산(국지도68호선) 도로건설공사 기본 및 실시설계용역 ,대전지방국토관리청,PQ,1573000000,1571206825,99.88600286,극동,97.97,1321283000,100.2299,N
대전지방국토관리청 공고 제2020-13호,20200129,금산진산~금산(국지도68호선) 도로건설공사 기본 및 실시설계용역 ,대전지방국토관리청,PQ,1573000000,1571206825,99.88600286,동명+다산,97.93,1321180000,100.1982,N
대전지방국토관리청 공고 제2020-13호,20200129,금산진산~금산(국지도68호선) 도로건설공사 기본 및 실시설계용역 ,대전지방국토관리청,PQ,1573000000,1571206825,99.88600286,한맥+유신,97.93,1317910000,99.9502,Y
대전지방국토관리청 공고 제2020-13호,20200129,금산진산~금산(국지도68호선) 도로건설공사 기본 및 실시설계용역 ,대전지방국토관리청,PQ,1573000000,1571206825,99.88600286,경호+화신,97.9,1326769000,100.61,N
대전지방국토관리청 공고 제2020-13호,20200129,금산진산~금산(국지도68호선) 도로건설공사 기본 및 실시설계용역 ,대전지방국토관리청,PQ,1573000000,1571206825,99.88600286,동부+동해,97.86,1318790000,99.9811,N
대전지방국토관리청 공고 제2020-13호,20200129,금산진산~금산(국지도68호선) 도로건설공사 기본 및 실시설계용역 ,대전지방국토관리청,PQ,1573000000,1571206825,99.88600286,천일+건일,97.77,1332000000,100.9465,N
대전지방국토관리청 공고 제2020-13호,20200129,금산진산~금산(국지도68호선) 도로건설공사 기본 및 실시설계용역 ,대전지방국토관리청,PQ,1573000000,1571206825,99.88600286,도화+건화(예당+경화),97.73,1314730000,99.6139,N
대전지방국토관리청 공고 제2020-13호,20200129,금산진산~금산(국지도68호선) 도로건설공사 기본 및 실시설계용역 ,대전지방국토관리청,PQ,1573000000,1571206825,99.88600286,제일+서영,97.66,1328900000,100.6516,N
대전지방국토관리청 공고 제2020-13호,20200129,금산진산~금산(국지도68호선) 도로건설공사 기본 및 실시설계용역 ,대전지방국토관리청,PQ,1573000000,1571206825,99.88600286,KCI+장맥,97.63,1312550000,99.4014,N
대전지방국토관리청 공고 제2020-13호,20200129,금산진산~금산(국지도68호선) 도로건설공사 기본 및 실시설계용역 ,대전지방국토관리청,PQ,1573000000,1571206825,99.88600286,삼안+태조+하이,97.63,1313620000,99.4824,N
대전지방국토관리청 공고 제2020-13호,20200129,금산진산~금산(국지도68호선) 도로건설공사 기본 및 실시설계용역 ,대전지방국토관리청,PQ,1573000000,1571206825,99.88600286,이산+동성,97.62,1330700000,100.7759,N
대전지방국토관리청 공고 제2020-13호,20200129,금산진산~금산(국지도68호선) 도로건설공사 기본 및 실시설계용역 ,대전지방국토관리청,PQ,1573000000,1571206825,99.88600286,내경+동아,97.6,1312292000,99.37,N
대전지방국토관리청 공고 제2020-13호,20200129,금산진산~금산(국지도68호선) 도로건설공사 기본 및 실시설계용역 ,대전지방국토관리청,PQ,1573000000,1571206825,99.88600286,일신+대콘,97.6,1332497000,100.9,N
대전지방국토관리청 공고 제2020-13호,20200129,금산진산~금산(국지도68호선) 도로건설공사 기본 및 실시설계용역 ,대전지방국토관리청,PQ,1573000000,1571206825,99.88600286,한종+경원+천마,97.6,1315750000,99.6318,N
대전지방국토관리청 공고 제2020-13호,20200129,금산진산~금산(국지도68호선) 도로건설공사 기본 및 실시설계용역 ,대전지방국토관리청,PQ,1573000000,1571206825,99.88600286,신성+동남,97.59,1332580000,100.8942,N
대전지방국토관리청 공고 제2020-13호,20200129,금산진산~금산(국지도68호선) 도로건설공사 기본 및 실시설계용역 ,대전지방국토관리청,PQ,1573000000,1571206825,99.88600286,진우+진화,97.54,1333238000,100.92,N
대전지방국토관리청 공고 제2020-13호,20200129,금산진산~금산(국지도68호선) 도로건설공사 기본 및 실시설계용역 ,대전지방국토관리청,PQ,1573000000,1571206825,99.88600286,수성,97.5,1334718000,101.02,N
대전지방국토관리청 공고 제2020-13호,20200129,금산진산~금산(국지도68호선) 도로건설공사 기본 및 실시설계용역 ,대전지방국토관리청,PQ,1573000000,1571206825,99.88600286,한기,97.37,1314430000,99.4135,N
대전지방국토관리청 공고 제2020-13호,20200129,금산진산~금산(국지도68호선) 도로건설공사 기본 및 실시설계용역 ,대전지방국토관리청,PQ,1573000000,1571206825,99.88600286,KG+선진,96.67,1432550000,107.9874,N
E012000671-2,20200131,"부산 강서지역 전기공급시설 전력구공사(에코-순아, 신강서-에코) 설계용역 ",한국전력공사 남부건설본부,PQ,953150000,944423481,99.08445481,KG+신성,98.77,819900000,100.2506,N
E012000671-2,20200131,"부산 강서지역 전기공급시설 전력구공사(에코-순아, 신강서-에코) 설계용역 ",한국전력공사 남부건설본부,PQ,953150000,944423481,99.08445481,대콘,98.72,820000000,100.2512,N
E012000671-2,20200131,"부산 강서지역 전기공급시설 전력구공사(에코-순아, 신강서-에코) 설계용역 ",한국전력공사 남부건설본부,PQ,953150000,944423481,99.08445481,삼안+경동,97.83,817520000,99.6924,N
E012000671-2,20200131,"부산 강서지역 전기공급시설 전력구공사(에코-순아, 신강서-에코) 설계용역 ",한국전력공사 남부건설본부,PQ,953150000,944423481,99.08445481,태조,97.36,827777000,100.8026,N
E012000671-2,20200131,"부산 강서지역 전기공급시설 전력구공사(에코-순아, 신강서-에코) 설계용역 ",한국전력공사 남부건설본부,PQ,953150000,944423481,99.08445481,건화(동성지오텍),97.3,816180000,99.3673,Y
E012000671-2,20200131,"부산 강서지역 전기공급시설 전력구공사(에코-순아, 신강서-에코) 설계용역 ",한국전력공사 남부건설본부,PQ,953150000,944423481,99.08445481,도화,96.99,832730000,101.2999,N
E012000671-2,20200131,"부산 강서지역 전기공급시설 전력구공사(에코-순아, 신강서-에코) 설계용역 ",한국전력공사 남부건설본부,PQ,953150000,944423481,99.08445481,선진,95.96,832990000,101.027,N
E012000671-2,20200131,"부산 강서지역 전기공급시설 전력구공사(에코-순아, 신강서-에코) 설계용역 ",한국전력공사 남부건설본부,PQ,953150000,944423481,99.08445481,다산,94.81,839000000,101.4159,N
E012000671-2,20200131,"부산 강서지역 전기공급시설 전력구공사(에코-순아, 신강서-에코) 설계용역 ",한국전력공사 남부건설본부,PQ,953150000,944423481,99.08445481,동일,93.84,846000000,101.98,N
20200200334 - 02,20200203,울릉군 태하항 재해복구사업 실시설계용역,경상북도 울릉군,PQ,340000000,337739850,99.33525,아라+세일,98.06,296560000,100.355,N
20200200334 - 02,20200203,울릉군 태하항 재해복구사업 실시설계용역,경상북도 울릉군,PQ,340000000,337739850,99.33525,건일+혜인,97.6,296680000,100.3494,N
20200200334 - 02,20200203,울릉군 태하항 재해복구사업 실시설계용역,경상북도 울릉군,PQ,340000000,337739850,99.33525,한종+보원,97.28,294270000,99.4999,Y
20200200334 - 02,20200203,울릉군 태하항 재해복구사업 실시설계용역,경상북도 울릉군,PQ,340000000,337739850,99.33525,세광+동성,97.14,299110000,101.1248,N
20200200334 - 02,20200203,울릉군 태하항 재해복구사업 실시설계용역,경상북도 울릉군,PQ,340000000,337739850,99.33525,건화+삼보(테크피아),95.7,293800000,99.1928,N
20200200334 - 02,20200203,울릉군 태하항 재해복구사업 실시설계용역,경상북도 울릉군,PQ,340000000,337739850,99.33525,유신+기산,95.64,299306000,101.0401,N
20200132925 - 00,20200131,거제 학동 흑진주 몽돌지구 연안정비사업 기본설계용역,해양수산부 마산지방해양수산청,PQ,559000000,557320225,99.69950358,대영,99.35,479800000,100.394,N
20200132925 - 00,20200131,거제 학동 흑진주 몽돌지구 연안정비사업 기본설계용역,해양수산부 마산지방해양수산청,PQ,559000000,557320225,99.69950358,아라+한항,98.2,480348000,100.4499,N
20200132925 - 00,20200131,거제 학동 흑진주 몽돌지구 연안정비사업 기본설계용역,해양수산부 마산지방해양수산청,PQ,559000000,557320225,99.69950358,건일+천일,98.1,481170000,100.5865,N
20200132925 - 00,20200131,거제 학동 흑진주 몽돌지구 연안정비사업 기본설계용역,해양수산부 마산지방해양수산청,PQ,559000000,557320225,99.69950358,항도,98,480474000,100.4176,N
20200132925 - 00,20200131,거제 학동 흑진주 몽돌지구 연안정비사업 기본설계용역,해양수산부 마산지방해양수산청,PQ,559000000,557320225,99.69950358,유신+대양,97.59,477830000,99.83,Y
20200132925 - 00,20200131,거제 학동 흑진주 몽돌지구 연안정비사업 기본설계용역,해양수산부 마산지방해양수산청,PQ,559000000,557320225,99.69950358,세일,97.45,481715000,100.6299,N
20200132925 - 00,20200131,거제 학동 흑진주 몽돌지구 연안정비사업 기본설계용역,해양수산부 마산지방해양수산청,PQ,559000000,557320225,99.69950358,세광,97.65,478980000,100.0002,N
20200132925 - 00,20200131,거제 학동 흑진주 몽돌지구 연안정비사업 기본설계용역,해양수산부 마산지방해양수산청,PQ,559000000,557320225,99.69950358,건화(대명+미래해양),97.55,483400000,100.8994,N
20200132925 - 00,20200131,거제 학동 흑진주 몽돌지구 연안정비사업 기본설계용역,해양수산부 마산지방해양수산청,PQ,559000000,557320225,99.69950358,도화,97.5,475850000,99.3003,N
20200132925 - 00,20200131,거제 학동 흑진주 몽돌지구 연안정비사업 기본설계용역,해양수산부 마산지방해양수산청,PQ,559000000,557320225,99.69950358,혜인+평화,97.38,476686000,99.44,N
20200132925 - 00,20200131,거제 학동 흑진주 몽돌지구 연안정비사업 기본설계용역,해양수산부 마산지방해양수산청,PQ,559000000,557320225,99.69950358,한종,97.3,475250000,99.1173,N
20200132925 - 00,20200131,거제 학동 흑진주 몽돌지구 연안정비사업 기본설계용역,해양수산부 마산지방해양수산청,PQ,559000000,557320225,99.69950358,서영,97.22,483800000,100.877,N
20200132925 - 00,20200131,거제 학동 흑진주 몽돌지구 연안정비사업 기본설계용역,해양수산부 마산지방해양수산청,PQ,559000000,557320225,99.69950358,삼안+일진,97.13,503140000,104.8851,N
