PQ공고 NO.,공고일자,사업명,발주처,입찰구분,기초금액,예정금액,예가,업체명,PQ점수,투찰금액,추정예가,낙찰여부
20201033110 - 00,20201102,상주시 하수도정비 기본계획(변경) 및 물 재이용 관리계획(변경) 수립 용역,경상북도 상주시,PQ,2206000000,2206380575,100.0172518,건화+청우+도화(청우종합),100,1739600000,101.106,Y
20201033110 - 00,20201102,상주시 하수도정비 기본계획(변경) 및 물 재이용 관리계획(변경) 수립 용역,경상북도 상주시,PQ,2206000000,2206380575,100.0172518,이산+KCI+하이콘,97.68,1735200000,98.9598,N
20201033110 - 00,20201102,상주시 하수도정비 기본계획(변경) 및 물 재이용 관리계획(변경) 수립 용역,경상북도 상주시,PQ,2206000000,2206380575,100.0172518,삼안+한도,97.63,1728650000,98.5491,N
20201033110 - 00,20201102,상주시 하수도정비 기본계획(변경) 및 물 재이용 관리계획(변경) 수립 용역,경상북도 상주시,PQ,2206000000,2206380575,100.0172518,제일+동성+서영,97.6,1781700000,101.5479,N
20201033110 - 00,20201102,상주시 하수도정비 기본계획(변경) 및 물 재이용 관리계획(변경) 수립 용역,경상북도 상주시,PQ,2206000000,2206380575,100.0172518,한종+태성+보람,97.6,1740000000,99.1712,N
20201033110 - 00,20201102,상주시 하수도정비 기본계획(변경) 및 물 재이용 관리계획(변경) 수립 용역,경상북도 상주시,PQ,2206000000,2206380575,100.0172518,KG+한백+수성E,97.5,1785170000,101.5796,N
20201033110 - 00,20201102,상주시 하수도정비 기본계획(변경) 및 물 재이용 관리계획(변경) 수립 용역,경상북도 상주시,PQ,2206000000,2206380575,100.0172518,화신+주하,97,2073630000,117.8456,N
20201101506 - 00,20201102,동충주산업단지 공공폐수처리시설 외 1개소 통합건설사업관리용역,충청북도 충주시,PQ,1948210000,1925693575,98.84425062,건화+영진,100,1528900000,100.6182,N
20201101506 - 00,20201102,동충주산업단지 공공폐수처리시설 외 1개소 통합건설사업관리용역,충청북도 충주시,PQ,1948210000,1925693575,98.84425062,삼안+청우,100,1520640000,100.0746,N
20201101506 - 00,20201102,동충주산업단지 공공폐수처리시설 외 1개소 통합건설사업관리용역,충청북도 충주시,PQ,1948210000,1925693575,98.84425062,유신+홍익,100,1521998000,100.164,N
20201101506 - 00,20201102,동충주산업단지 공공폐수처리시설 외 1개소 통합건설사업관리용역,충청북도 충주시,PQ,1948210000,1925693575,98.84425062,도화+건양,99.84,1509200000,99.1818,Y
20201101506 - 00,20201102,동충주산업단지 공공폐수처리시설 외 1개소 통합건설사업관리용역,충청북도 충주시,PQ,1948210000,1925693575,98.84425062,삼보+서광+경호,99.72,1534500000,100.7542,N
20201101506 - 00,20201102,동충주산업단지 공공폐수처리시설 외 1개소 통합건설사업관리용역,충청북도 충주시,PQ,1948210000,1925693575,98.84425062,동명+대원,99.67,1532500000,100.5714,N
20201101506 - 00,20201102,동충주산업단지 공공폐수처리시설 외 1개소 통합건설사업관리용역,충청북도 충주시,PQ,1948210000,1925693575,98.84425062,천일+한맥,99.67,1537400000,100.893,N
20201101506 - 00,20201102,동충주산업단지 공공폐수처리시설 외 1개소 통합건설사업관리용역,충청북도 충주시,PQ,1948210000,1925693575,98.84425062,신명+태광,99.61,1505323000,98.7501,N
20201101506 - 00,20201102,동충주산업단지 공공폐수처리시설 외 1개소 통합건설사업관리용역,충청북도 충주시,PQ,1948210000,1925693575,98.84425062,극동+건일,99.54,1509638000,98.9699,N
20201101506 - 00,20201102,동충주산업단지 공공폐수처리시설 외 1개소 통합건설사업관리용역,충청북도 충주시,PQ,1948210000,1925693575,98.84425062,제일+도명,99.5,1543900000,101.1902,N
20201101506 - 00,20201102,동충주산업단지 공공폐수처리시설 외 1개소 통합건설사업관리용역,충청북도 충주시,PQ,1948210000,1925693575,98.84425062,경동+수일,99.49,1506470000,98.7244,N
20201101506 - 00,20201102,동충주산업단지 공공폐수처리시설 외 1개소 통합건설사업관리용역,충청북도 충주시,PQ,1948210000,1925693575,98.84425062,동성+가원,99.47,1544138000,101.18,N
20201101506 - 00,20201102,동충주산업단지 공공폐수처리시설 외 1개소 통합건설사업관리용역,충청북도 충주시,PQ,1948210000,1925693575,98.84425062,이산+창민,99.44,1507440000,98.7753,N
20201101506 - 00,20201102,동충주산업단지 공공폐수처리시설 외 1개소 통합건설사업관리용역,충청북도 충주시,PQ,1948210000,1925693575,98.84425062,서영+해림,99.35,1549840000,101.45,N
20201101506 - 00,20201102,동충주산업단지 공공폐수처리시설 외 1개소 통합건설사업관리용역,충청북도 충주시,PQ,1948210000,1925693575,98.84425062,용마+해린,99.32,1504470000,98.455,N
20201101506 - 00,20201102,동충주산업단지 공공폐수처리시설 외 1개소 통합건설사업관리용역,충청북도 충주시,PQ,1948210000,1925693575,98.84425062,한종+진우,99.25,1528900000,100.0028,N
20201101506 - 00,20201102,동충주산업단지 공공폐수처리시설 외 1개소 통합건설사업관리용역,충청북도 충주시,PQ,1948210000,1925693575,98.84425062,범한+도우,99.24,1508700000,98.6689,N
20201101506 - 00,20201102,동충주산업단지 공공폐수처리시설 외 1개소 통합건설사업관리용역,충청북도 충주시,PQ,1948210000,1925693575,98.84425062,선진+동림,99.19,1556140000,101.7326,N
20201101506 - 00,20201102,동충주산업단지 공공폐수처리시설 외 1개소 통합건설사업관리용역,충청북도 충주시,PQ,1948210000,1925693575,98.84425062,수성+지명,98.54,1584000000,103.003,N
20201101506 - 00,20201102,동충주산업단지 공공폐수처리시설 외 1개소 통합건설사업관리용역,충청북도 충주시,PQ,1948210000,1925693575,98.84425062,KSM+호영,97.13,1600000000,102.8705,N
20201101173 - 00,20201102,18년도 시흥시 하수관로정비 임대형 민자사업(BTL) 건설사업관리용역,경기도 시흥시,PQ,2752420000,2769966700,100.6375008,삼안+극동,100,2152700000,100.2772,N
20201101173 - 00,20201102,18년도 시흥시 하수관로정비 임대형 민자사업(BTL) 건설사업관리용역,경기도 시흥시,PQ,2752420000,2769966700,100.6375008,건화+유신,99.4,2148800000,99.5975,N
20201101173 - 00,20201102,18년도 시흥시 하수관로정비 임대형 민자사업(BTL) 건설사업관리용역,경기도 시흥시,PQ,2752420000,2769966700,100.6375008,KG+KCI,99.35,2154420000,99.8198,N
20201101173 - 00,20201102,18년도 시흥시 하수관로정비 임대형 민자사업(BTL) 건설사업관리용역,경기도 시흥시,PQ,2752420000,2769966700,100.6375008,도화+이산,99.35,2176100000,100.8242,N
20201101173 - 00,20201102,18년도 시흥시 하수관로정비 임대형 민자사업(BTL) 건설사업관리용역,경기도 시흥시,PQ,2752420000,2769966700,100.6375008,한종+오이디,99.35,2173500000,100.7038,Y
20201101173 - 00,20201102,18년도 시흥시 하수관로정비 임대형 민자사업(BTL) 건설사업관리용역,경기도 시흥시,PQ,2752420000,2769966700,100.6375008,경동+용마+동성,99.3,2146730000,99.4254,N
20201101173 - 00,20201102,18년도 시흥시 하수관로정비 임대형 민자사업(BTL) 건설사업관리용역,경기도 시흥시,PQ,2752420000,2769966700,100.6375008,동명+정,99.3,2140800000,99.1508,N
20201101173 - 00,20201102,18년도 시흥시 하수관로정비 임대형 민자사업(BTL) 건설사업관리용역,경기도 시흥시,PQ,2752420000,2769966700,100.6375008,삼보+선진+경호,99.3,2156700000,99.8872,N
20201101173 - 00,20201102,18년도 시흥시 하수관로정비 임대형 민자사업(BTL) 건설사업관리용역,경기도 시흥시,PQ,2752420000,2769966700,100.6375008,제일+㈜한종+동해,99.25,2197800000,101.7518,N
20201101173 - 00,20201102,18년도 시흥시 하수관로정비 임대형 민자사업(BTL) 건설사업관리용역,경기도 시흥시,PQ,2752420000,2769966700,100.6375008,범한+목양,98.82,2500000000,115.3313,N
20201101118 - 02,20201102,대전도시철도 2호선 건설사업 기본 및 실시설계용역(1공구) 개찰4순위,대전광역시,TP,3417000000,3419409025,100.0705012,동부+신성+KG+아주+포유+예닮,91.06,2717000000,101.0025,Y
20201101118 - 02,20201102,대전도시철도 2호선 건설사업 기본 및 실시설계용역(1공구) 개찰4순위,대전광역시,TP,3417000000,3419409025,100.0705012,유신+태조+천일+경림,90.64,0,0,N
20201101118 - 02,20201102,대전도시철도 2호선 건설사업 기본 및 실시설계용역(1공구) 개찰4순위,대전광역시,TP,3417000000,3419409025,100.0705012,삼안+건화+한맥+중부+도원,89.98,2713590000,99.9992,N
20201101118 - 02,20201102,대전도시철도 2호선 건설사업 기본 및 실시설계용역(1공구) 개찰4순위,대전광역시,TP,3417000000,3419409025,100.0705012,삼보+경동+대콘+동양기술+동양E,86.13,3077000000,109.9844,N
20201101118 - 02,20201102,대전도시철도 2호선 건설사업 기본 및 실시설계용역(2공구) 개찰2순위,대전광역시,TP,4122000000,4119248600,99.93325085,도화+신화,93.6,3272500000,102.9782,Y
20201101118 - 02,20201102,대전도시철도 2호선 건설사업 기본 및 실시설계용역(2공구) 개찰2순위,대전광역시,TP,4122000000,4119248600,99.93325085,유신+태조+천일+경림,90.02,3221828000,98.4591,N
20201101118 - 02,20201102,대전도시철도 2호선 건설사업 기본 및 실시설계용역(2공구) 개찰2순위,대전광역시,TP,4122000000,4119248600,99.93325085,삼보+경동+대콘+동양기술+동양E,87.37,3320000000,99.3321,N
20201101118 - 02,20201102,대전도시철도 2호선 건설사업 기본 및 실시설계용역(2공구) 개찰2순위,대전광역시,TP,4122000000,4119248600,99.93325085,선구+동명,86.46,0,0,N
20201101118 - 02,20201102,대전도시철도 2호선 건설사업 기본 및 실시설계용역(3공구) 개찰1순위,대전광역시,TP,4930000000,4901911325,99.43025,동명+선구,92.72,3920000000,102.3929,Y
20201101118 - 02,20201102,대전도시철도 2호선 건설사업 기본 및 실시설계용역(3공구) 개찰1순위,대전광역시,TP,4930000000,4901911325,99.43025,도화+신화,90.1,3866000000,98.844,N
20201101118 - 02,20201102,대전도시철도 2호선 건설사업 기본 및 실시설계용역(3공구) 개찰1순위,대전광역시,TP,4930000000,4901911325,99.43025,유신+천일+태조+경림,89.64,4092000000,104.2281,N
20201101118 - 02,20201102,대전도시철도 2호선 건설사업 기본 및 실시설계용역(3공구) 개찰1순위,대전광역시,TP,4930000000,4901911325,99.43025,삼보+경동+대콘+동양기술+동양E,85.49,4462000000,109.9922,N
20201101118 - 02,20201102,대전도시철도 2호선 건설사업 기본 및 실시설계용역(4공구) 개찰3순위,대전광역시,TP,3552000000,3554228900,100.0627506,유신+천일+태조+경림,89.24,2847097000,100.3377,Y
20201101118 - 02,20201102,대전도시철도 2호선 건설사업 기본 및 실시설계용역(4공구) 개찰3순위,대전광역시,TP,3552000000,3554228900,100.0627506,건화+삼안+한맥+중부+도원,88.15,2916690000,101.8974,N
20201101118 - 02,20201102,대전도시철도 2호선 건설사업 기본 및 실시설계용역(4공구) 개찰3순위,대전광역시,TP,3552000000,3554228900,100.0627506,동명+선구,86.26,0,0,N
20201101118 - 02,20201102,대전도시철도 2호선 건설사업 기본 및 실시설계용역(4공구) 개찰3순위,대전광역시,TP,3552000000,3554228900,100.0627506,삼보+경동+대콘+동양기술+동양E,83.53,3268000000,110.1257,N
20201101118 - 02,20201102,대전도시철도 2호선 건설사업 기본 및 실시설계용역(4공구) 개찰3순위,대전광역시,TP,3552000000,3554228900,100.0627506,신성+동부+KG+아주+포유+예닮,80.08,3121800000,102.4999,N
20201101118 - 02,20201102,대전도시철도 2호선 건설사업 기본 및 실시설계용역(4공구) 개찰3순위,대전광역시,TP,3552000000,3554228900,100.0627506,이산+수성+다산+드림,79.86,3150000000,103.2572,N
20201100761 - 00,20201102,뚝섬유수지 공영주차장 조성공사 감독권한대행 등 건설사업관리용역,서울특별시 성동구,PQ,701690000,698511375,99.54700438,동해,100,629900000,104.9991,N
20201100761 - 00,20201102,뚝섬유수지 공영주차장 조성공사 감독권한대행 등 건설사업관리용역,서울특별시 성동구,PQ,701690000,698511375,99.54700438,태조+경호,99.6,584000000,97.2456,N
20201100761 - 00,20201102,뚝섬유수지 공영주차장 조성공사 감독권한대행 등 건설사업관리용역,서울특별시 성동구,PQ,701690000,698511375,99.54700438,한종+제일,99.16,599980000,99.7899,Y
20201100761 - 00,20201102,뚝섬유수지 공영주차장 조성공사 감독권한대행 등 건설사업관리용역,서울특별시 성동구,PQ,701690000,698511375,99.54700438,건화+천일,98.8,597580000,99.298,N
20201100656 - 00,20201102,화순 2단계 지방상수도 확충사업 건설사업관리 용역,전라남도 화순군,PQ,2597393000,2548971150,98.13575189,한종+영진,100,2045000000,100.9459,N
20201100656 - 00,20201102,화순 2단계 지방상수도 확충사업 건설사업관리 용역,전라남도 화순군,PQ,2597393000,2548971150,98.13575189,삼안+진성,99.95,2024330000,99.8744,N
20201100656 - 00,20201102,화순 2단계 지방상수도 확충사업 건설사업관리 용역,전라남도 화순군,PQ,2597393000,2548971150,98.13575189,도화+동아+하이콘,99.4,2022700000,99.3484,N
20201100656 - 00,20201102,화순 2단계 지방상수도 확충사업 건설사업관리 용역,전라남도 화순군,PQ,2597393000,2548971150,98.13575189,천일+산이,99.4,2039000000,100.149,N
20201100656 - 00,20201102,화순 2단계 지방상수도 확충사업 건설사업관리 용역,전라남도 화순군,PQ,2597393000,2548971150,98.13575189,KG+우영,99.38,2021560000,99.2797,N
20201100656 - 00,20201102,화순 2단계 지방상수도 확충사업 건설사업관리 용역,전라남도 화순군,PQ,2597393000,2548971150,98.13575189,건화+우빈,99.3,2012600000,98.7767,Y
20201100656 - 00,20201102,화순 2단계 지방상수도 확충사업 건설사업관리 용역,전라남도 화순군,PQ,2597393000,2548971150,98.13575189,동성+신오,99.25,2061744000,101.15,N
20201100656 - 00,20201102,화순 2단계 지방상수도 확충사업 건설사업관리 용역,전라남도 화순군,PQ,2597393000,2548971150,98.13575189,경동+건영,99.2,2016998000,98.9043,N
20201100656 - 00,20201102,화순 2단계 지방상수도 확충사업 건설사업관리 용역,전라남도 화순군,PQ,2597393000,2548971150,98.13575189,수성+한기,99.2,2014870000,98.8,N
20201100656 - 00,20201102,화순 2단계 지방상수도 확충사업 건설사업관리 용역,전라남도 화순군,PQ,2597393000,2548971150,98.13575189,범한+신명,99.15,2013000000,98.6706,N
20201100656 - 00,20201102,화순 2단계 지방상수도 확충사업 건설사업관리 용역,전라남도 화순군,PQ,2597393000,2548971150,98.13575189,대콘+우리,99.15,2065553000,101.2465,N
20201100656 - 00,20201102,화순 2단계 지방상수도 확충사업 건설사업관리 용역,전라남도 화순군,PQ,2597393000,2548971150,98.13575189,선진+평화,99.05,2062700000,101.0295,N
20201100656 - 00,20201102,화순 2단계 지방상수도 확충사업 건설사업관리 용역,전라남도 화순군,PQ,2597393000,2548971150,98.13575189,동명+원우,99.05,2017000000,98.7912,N
20201100656 - 00,20201102,화순 2단계 지방상수도 확충사업 건설사업관리 용역,전라남도 화순군,PQ,2597393000,2548971150,98.13575189,에스이+경호+동일,99.05,2021883000,99.0303,N
20201103358 - 00,20201103,안성 공도~양성(1)간 도로확포장공사 건설사업관리용역,경기도 경기도건설본부,PQ,2088878000,2061017625,98.66625169,건화+서현,100,1622800000,99.6059,N
20201103358 - 00,20201103,안성 공도~양성(1)간 도로확포장공사 건설사업관리용역,경기도 경기도건설본부,PQ,2088878000,2061017625,98.66625169,도화+용마+KG,100,1623500000,99.6489,N
20201103358 - 00,20201103,안성 공도~양성(1)간 도로확포장공사 건설사업관리용역,경기도 경기도건설본부,PQ,2088878000,2061017625,98.66625169,한종+경동,100,1641500000,100.7537,N
20201103358 - 00,20201103,안성 공도~양성(1)간 도로확포장공사 건설사업관리용역,경기도 경기도건설본부,PQ,2088878000,2061017625,98.66625169,신성+한맥,100,1635580000,100.3903,N
20201103358 - 00,20201103,안성 공도~양성(1)간 도로확포장공사 건설사업관리용역,경기도 경기도건설본부,PQ,2088878000,2061017625,98.66625169,동부+동명,100,1629221000,100,N
20201103358 - 00,20201103,안성 공도~양성(1)간 도로확포장공사 건설사업관리용역,경기도 경기도건설본부,PQ,2088878000,2061017625,98.66625169,삼보+경호+주하,100,1628730000,99.9699,N
20201103358 - 00,20201103,안성 공도~양성(1)간 도로확포장공사 건설사업관리용역,경기도 경기도건설본부,PQ,2088878000,2061017625,98.66625169,서영+평화,100,1625200000,99.7532,N
20201103358 - 00,20201103,안성 공도~양성(1)간 도로확포장공사 건설사업관리용역,경기도 경기도건설본부,PQ,2088878000,2061017625,98.66625169,이산+천마,99.93,1612890000,98.9342,Y
20201103358 - 00,20201103,안성 공도~양성(1)간 도로확포장공사 건설사업관리용역,경기도 경기도건설본부,PQ,2088878000,2061017625,98.66625169,삼안+태조,99.88,1616780000,99.1347,N
20201103358 - 00,20201103,안성 공도~양성(1)간 도로확포장공사 건설사업관리용역,경기도 경기도건설본부,PQ,2088878000,2061017625,98.66625169,KSM+효광,99.83,1643000000,100.7038,N
20201103358 - 00,20201103,안성 공도~양성(1)간 도로확포장공사 건설사업관리용역,경기도 경기도건설본부,PQ,2088878000,2061017625,98.66625169,내경+천일,99.8,1647113000,100.93,N
20201103358 - 00,20201103,안성 공도~양성(1)간 도로확포장공사 건설사업관리용역,경기도 경기도건설본부,PQ,2088878000,2061017625,98.66625169,수성+토아,99.78,1619889999,99.2365,N
20201103358 - 00,20201103,안성 공도~양성(1)간 도로확포장공사 건설사업관리용역,경기도 경기도건설본부,PQ,2088878000,2061017625,98.66625169,경원+세일,99.77,1641340000,100.5505,N
20201103358 - 00,20201103,안성 공도~양성(1)간 도로확포장공사 건설사업관리용역,경기도 경기도건설본부,PQ,2088878000,2061017625,98.66625169,다산+벽산,99.7,1617555000,99.03,N
20201103358 - 00,20201103,안성 공도~양성(1)간 도로확포장공사 건설사업관리용역,경기도 경기도건설본부,PQ,2088878000,2061017625,98.66625169,동일+목양,99.68,1653000000,101.1871,N
20201103358 - 00,20201103,안성 공도~양성(1)간 도로확포장공사 건설사업관리용역,경기도 경기도건설본부,PQ,2088878000,2061017625,98.66625169,하이콘+케이탑,99.65,1614900000,98.8296,N
20201103358 - 00,20201103,안성 공도~양성(1)간 도로확포장공사 건설사업관리용역,경기도 경기도건설본부,PQ,2088878000,2061017625,98.66625169,극동+건영,99.59,1652000000,101.0484,N
20201103358 - 00,20201103,안성 공도~양성(1)간 도로확포장공사 건설사업관리용역,경기도 경기도건설본부,PQ,2088878000,2061017625,98.66625169,대콘+일도,99.58,1613749000,98.7087,N
20201103358 - 00,20201103,안성 공도~양성(1)간 도로확포장공사 건설사업관리용역,경기도 경기도건설본부,PQ,2088878000,2061017625,98.66625169,신명+다음,99.58,1652840000,101.0998,N
20201103358 - 00,20201103,안성 공도~양성(1)간 도로확포장공사 건설사업관리용역,경기도 경기도건설본부,PQ,2088878000,2061017625,98.66625169,유신+선진,99.48,1667413000,101.9,N
20201103358 - 00,20201103,안성 공도~양성(1)간 도로확포장공사 건설사업관리용역,경기도 경기도건설본부,PQ,2088878000,2061017625,98.66625169,홍익+테크피아,99.44,1664560000,101.6997,N
20201103358 - 00,20201103,안성 공도~양성(1)간 도로확포장공사 건설사업관리용역,경기도 경기도건설본부,PQ,2088878000,2061017625,98.66625169,KCI+TSK,99.15,1671880000,101.8998,N
20201103358 - 00,20201103,안성 공도~양성(1)간 도로확포장공사 건설사업관리용역,경기도 경기도건설본부,PQ,2088878000,2061017625,98.66625169,동해+한종+제일,99.11,1618970000,98.6499,N
20201103358 - 00,20201103,안성 공도~양성(1)간 도로확포장공사 건설사업관리용역,경기도 경기도건설본부,PQ,2088878000,2061017625,98.66625169,동성+오이디,98.95,1674650000,101.9,N
20201103358 - 00,20201103,안성 공도~양성(1)간 도로확포장공사 건설사업관리용역,경기도 경기도건설본부,PQ,2088878000,2061017625,98.66625169,우빈+대건,98.33,1682620000,101.8799,N
20201103353 - 01,20201103,여주통합정수장 증설사업 건설사업관리용역,경기도 여주시 수도사업소,SOQ,3413200000,3425973950,100.3742514,KG+범한,99,2554440000,101.6365,Y
20201103353 - 01,20201103,여주통합정수장 증설사업 건설사업관리용역,경기도 여주시 수도사업소,SOQ,3413200000,3425973950,100.3742514,동명+건화,95,2672000000,102.7421,N
20201103353 - 01,20201103,여주통합정수장 증설사업 건설사업관리용역,경기도 여주시 수도사업소,SOQ,3413200000,3425973950,100.3742514,한종+용마+서영,93.7,2682000000,102.0021,N
20201103353 - 01,20201103,여주통합정수장 증설사업 건설사업관리용역,경기도 여주시 수도사업소,SOQ,3413200000,3425973950,100.3742514,도화+이산,93.4,2694400000,102.2215,N
20201103353 - 01,20201103,여주통합정수장 증설사업 건설사업관리용역,경기도 여주시 수도사업소,SOQ,3413200000,3425973950,100.3742514,제일+경호+유신,93.18,2701300000,102.2979,N
20201103353 - 01,20201103,여주통합정수장 증설사업 건설사업관리용역,경기도 여주시 수도사업소,SOQ,3413200000,3425973950,100.3742514,삼안+한맥,92.35,3080000000,115.8456,N
부산지방항공청 공고 제2020 - 18호,20201103,무안국제공항 활주로 연장 환경영향평가 용역 ,부산지방항공청,PQ,590000000,590800925,100.13575,도화+라임,98.79,493330000,100.2281,Y
부산지방항공청 공고 제2020 - 18호,20201103,무안국제공항 활주로 연장 환경영향평가 용역 ,부산지방항공청,PQ,590000000,590800925,100.13575,서영+엔탑,97.79,498230000,100.8007,N
부산지방항공청 공고 제2020 - 18호,20201103,무안국제공항 활주로 연장 환경영향평가 용역 ,부산지방항공청,PQ,590000000,590800925,100.13575,신성+천일+소운,97.63,492580000,99.5981,N
부산지방항공청 공고 제2020 - 18호,20201103,무안국제공항 활주로 연장 환경영향평가 용역 ,부산지방항공청,PQ,590000000,590800925,100.13575,동성+한맥+DS,97.61,492400000,99.5499,N
부산지방항공청 공고 제2020 - 18호,20201103,무안국제공항 활주로 연장 환경영향평가 용역 ,부산지방항공청,PQ,590000000,590800925,100.13575,동명+아라+신일환경,97.59,497500000,100.5689,N
부산지방항공청 공고 제2020 - 18호,20201103,무안국제공항 활주로 연장 환경영향평가 용역 ,부산지방항공청,PQ,590000000,590800925,100.13575,유신+천마+레오,97.51,492478000,99.53,N
부산지방항공청 공고 제2020 - 18호,20201103,무안국제공항 활주로 연장 환경영향평가 용역 ,부산지방항공청,PQ,590000000,590800925,100.13575,건화+우신,97.29,501600000,101.277,N
부산지방항공청 공고 제2020 - 18호,20201103,무안국제공항 활주로 연장 환경영향평가 용역 ,부산지방항공청,PQ,590000000,590800925,100.13575,동아+홍익+퍼스트,97.09,502000000,101.2733,N
부산지방항공청 공고 제2020 - 18호,20201103,무안국제공항 활주로 연장 환경영향평가 용역 ,부산지방항공청,PQ,590000000,590800925,100.13575,이산+평화+동진,96.69,491788000,99.0481,N
부산지방항공청 공고 제2020 - 18호,20201103,무안국제공항 활주로 연장 환경영향평가 용역 ,부산지방항공청,PQ,590000000,590800925,100.13575,KG+수성+보드플랜,96.34,493290000,99.2091,N
2004651 - 00,20201103,충북20산업단지2 환경영향평가용역,한국토지주택공사,PQ,2260500000,2235534000,98.89555408,신성+유신+레오,99.18,1830000000,100.4723,N
2004651 - 00,20201103,충북20산업단지2 환경영향평가용역,한국토지주택공사,PQ,2260500000,2235534000,98.89555408,평화+한맥+한국환경,99.14,1820800000,99.93,N
2004651 - 00,20201103,충북20산업단지2 환경영향평가용역,한국토지주택공사,PQ,2260500000,2235534000,98.89555408,이산+수성+동명,99.07,1840890000,100.9699,N
2004651 - 00,20201103,충북20산업단지2 환경영향평가용역,한국토지주택공사,PQ,2260500000,2235534000,98.89555408,동성+서영+동일+우신,98.72,1847830000,101.0499,N
2004651 - 00,20201103,충북20산업단지2 환경영향평가용역,한국토지주택공사,PQ,2260500000,2235534000,98.89555408,도화+동아+신일환경,98.68,1816500000,99.2998,Y
2004651 - 00,20201103,충북20산업단지2 환경영향평가용역,한국토지주택공사,PQ,2260500000,2235534000,98.89555408,홍익+엔탑,98.42,2034450000,110.9673,N
2004651 - 00,20201103,충북20산업단지2 환경영향평가용역,한국토지주택공사,PQ,2260500000,2235534000,98.89555408,삼안+건화+다산+디에스,98.37,1816760000,99.0447,N
2004645 - 00,20201103,세종20산업단지1 환경영향평가용역,한국토지주택공사,PQ,2425720000,2426115000,100.0162838,동명+유신+동진,99.02,1971000000,100.7055,Y
2004645 - 00,20201103,세종20산업단지1 환경영향평가용역,한국토지주택공사,PQ,2425720000,2426115000,100.0162838,선진+도화+신일,99.01,1956330000,99.9559,N
2004645 - 00,20201103,세종20산업단지1 환경영향평가용역,한국토지주택공사,PQ,2425720000,2426115000,100.0162838,동일+다원,98.74,1954800000,99.6431,N
2004645 - 00,20201103,세종20산업단지1 환경영향평가용역,한국토지주택공사,PQ,2425720000,2426115000,100.0162838,평화+서영+이산+한국환경,98.49,1984000000,100.907,N
2004645 - 00,20201103,세종20산업단지1 환경영향평가용역,한국토지주택공사,PQ,2425720000,2426115000,100.0162838,동성+건일+홍익+덕영,98.23,1998122000,101.3876,N
2004645 - 00,20201103,세종20산업단지1 환경영향평가용역,한국토지주택공사,PQ,2425720000,2426115000,100.0162838,경동+한맥,97.33,2283000000,114.9654,N
20201101375 - 00,20201103,광주시 송배수시설(2차) 확충사업 기본 및 실시설계용역,경기도 광주시 상하수도사업소,PQ,1230744000,1227861025,99.76575348,삼안,99.4,968000000,100.3401,N
20201101375 - 00,20201103,광주시 송배수시설(2차) 확충사업 기본 및 실시설계용역,경기도 광주시 상하수도사업소,PQ,1230744000,1227861025,99.76575348,한종+범한,99.34,964000000,99.8745,Y
20201101375 - 00,20201103,광주시 송배수시설(2차) 확충사업 기본 및 실시설계용역,경기도 광주시 상하수도사업소,PQ,1230744000,1227861025,99.76575348,동명+경동,99.3,976000000,101.092,N
20201101375 - 00,20201103,광주시 송배수시설(2차) 확충사업 기본 및 실시설계용역,경기도 광주시 상하수도사업소,PQ,1230744000,1227861025,99.76575348,대콘+HEC+서영,99.28,961845000,99.6005,N
20201101375 - 00,20201103,광주시 송배수시설(2차) 확충사업 기본 및 실시설계용역,경기도 광주시 상하수도사업소,PQ,1230744000,1227861025,99.76575348,건화+정(지오메카),99.13,959600000,99.2542,N
20201101375 - 00,20201103,광주시 송배수시설(2차) 확충사업 기본 및 실시설계용역,경기도 광주시 상하수도사업소,PQ,1230744000,1227861025,99.76575348,도화+이산,99.03,981100000,101.3876,N
20201101375 - 00,20201103,광주시 송배수시설(2차) 확충사업 기본 및 실시설계용역,경기도 광주시 상하수도사업소,PQ,1230744000,1227861025,99.76575348,유신+선진+평화,98.52,958882000,98.6899,N
20201033078 - 00,20201103,오산시 노후하수관로 정비사업 건설사업관리용역,경기도 오산시 환경사업소,PQ,650517000,640790175,98.50475468,건화+경화,100,559500000,100.6006,N
20201033078 - 00,20201103,오산시 노후하수관로 정비사업 건설사업관리용역,경기도 오산시 환경사업소,PQ,650517000,640790175,98.50475468,도화+용마,100,556720000,100.1008,N
20201033078 - 00,20201103,오산시 노후하수관로 정비사업 건설사업관리용역,경기도 오산시 환경사업소,PQ,650517000,640790175,98.50475468,건양+신성,100,554824000,99.7599,N
20201033078 - 00,20201103,오산시 노후하수관로 정비사업 건설사업관리용역,경기도 오산시 환경사업소,PQ,650517000,640790175,98.50475468,한종+삼경,99.98,553400000,99.4922,Y
20201033078 - 00,20201103,오산시 노후하수관로 정비사업 건설사업관리용역,경기도 오산시 환경사업소,PQ,650517000,640790175,98.50475468,동성+오이디,99.95,557844000,100.2794,N
20201033078 - 00,20201103,오산시 노후하수관로 정비사업 건설사업관리용역,경기도 오산시 환경사업소,PQ,650517000,640790175,98.50475468,경원+세일,99.9,553777000,99.5367,N
20201033078 - 00,20201103,오산시 노후하수관로 정비사업 건설사업관리용역,경기도 오산시 환경사업소,PQ,650517000,640790175,98.50475468,신명+다음,99.89,554630000,99.69,N
20201033078 - 00,20201103,오산시 노후하수관로 정비사업 건설사업관리용역,경기도 오산시 환경사업소,PQ,650517000,640790175,98.50475468,이산+상금,99.85,600000000,107.8323,N
익산지방국토관리청 공고 제2020 - 381호,20201103,전주탄소산단 진입도로 건설공사 건설사업관리(시공단계)용역 ,익산지방국토관리청,PQ,1948000000,1954628100,100.3402515,동일,100,1629490000,100.7885,Y
익산지방국토관리청 공고 제2020 - 381호,20201103,전주탄소산단 진입도로 건설공사 건설사업관리(시공단계)용역 ,익산지방국토관리청,PQ,1948000000,1954628100,100.3402515,다산+유신,100,1617551000,100.05,N
익산지방국토관리청 공고 제2020 - 381호,20201103,전주탄소산단 진입도로 건설공사 건설사업관리(시공단계)용역 ,익산지방국토관리청,PQ,1948000000,1954628100,100.3402515,화신+극동,99.76,1623150000,100.2755,N
익산지방국토관리청 공고 제2020 - 381호,20201103,전주탄소산단 진입도로 건설공사 건설사업관리(시공단계)용역 ,익산지방국토관리청,PQ,1948000000,1954628100,100.3402515,경동,99.4,1615950000,99.6628,N
익산지방국토관리청 공고 제2020 - 381호,20201103,전주탄소산단 진입도로 건설공사 건설사업관리(시공단계)용역 ,익산지방국토관리청,PQ,1948000000,1954628100,100.3402515,건화+대한건설,99.39,1753000000,108.1023,N
익산지방국토관리청 공고 제2020 - 381호,20201103,전주탄소산단 진입도로 건설공사 건설사업관리(시공단계)용역 ,익산지방국토관리청,PQ,1948000000,1954628100,100.3402515,도화+장맥,99.23,1613100000,99.4034,N
20201103701 - 01,20201103,소양천 재해복구사업 실시설계용역 ,전라북도 완주군,PQ,1208427000,1198209800,99.15450416,동부+인우+동해,98.5,958408000,100.4501,N
20201103701 - 01,20201103,소양천 재해복구사업 실시설계용역 ,전라북도 완주군,PQ,1208427000,1198209800,99.15450416,도화+한가람+동해종합+조화,98.2,952700000,99.5996,Y
20201103701 - 01,20201103,소양천 재해복구사업 실시설계용역 ,전라북도 완주군,PQ,1208427000,1198209800,99.15450416,이산+JCN,98,954140000,99.5991,N
20201103701 - 01,20201103,소양천 재해복구사업 실시설계용역 ,전라북도 완주군,PQ,1208427000,1198209800,99.15450416,동성+범산,97.91,952762000,99.38,N
20201103701 - 01,20201103,소양천 재해복구사업 실시설계용역 ,전라북도 완주군,PQ,1208427000,1198209800,99.15450416,유신+국성,97.9,950667000,99.149,N
20201103701 - 01,20201103,소양천 재해복구사업 실시설계용역 ,전라북도 완주군,PQ,1208427000,1198209800,99.15450416,평화+건일+건일,97.8,969000000,100.9847,N
20201103701 - 01,20201103,소양천 재해복구사업 실시설계용역 ,전라북도 완주군,PQ,1208427000,1198209800,99.15450416,한종+더한건설,97.7,948700000,98.782,N
20201103701 - 01,20201103,소양천 재해복구사업 실시설계용역 ,전라북도 완주군,PQ,1208427000,1198209800,99.15450416,KSM+신한,97.6,973629000,101.3012,N
20201103701 - 01,20201103,소양천 재해복구사업 실시설계용역 ,전라북도 완주군,PQ,1208427000,1198209800,99.15450416,건화+유현+KCI(서금+하늘),97.6,948800000,98.7179,N
20201103701 - 01,20201103,소양천 재해복구사업 실시설계용역 ,전라북도 완주군,PQ,1208427000,1198209800,99.15450416,극동+대도,97.5,974062000,101.2699,N
20201103701 - 01,20201103,소양천 재해복구사업 실시설계용역 ,전라북도 완주군,PQ,1208427000,1198209800,99.15450416,삼안+세종+한맥,97.41,949000000,98.59,N
20201103701 - 01,20201103,소양천 재해복구사업 실시설계용역 ,전라북도 완주군,PQ,1208427000,1198209800,99.15450416,다산+성원+수성,97.18,982245000,101.8519,N
20201103701 - 01,20201103,소양천 재해복구사업 실시설계용역 ,전라북도 완주군,PQ,1208427000,1198209800,99.15450416,화신+고산+동운+고려,96.74,983549000,101.6306,N
20201103701 - 01,20201103,소양천 재해복구사업 실시설계용역 ,전라북도 완주군,PQ,1208427000,1198209800,99.15450416,한기+대성,96.72,955700000,98.7406,N
20201103701 - 01,20201103,소양천 재해복구사업 실시설계용역 ,전라북도 완주군,PQ,1208427000,1198209800,99.15450416,서광+가온,96.64,989900000,102.1975,N
20201103701 - 01,20201103,소양천 재해복구사업 실시설계용역 ,전라북도 완주군,PQ,1208427000,1198209800,99.15450416,동명+현성,96.16,1063400000,109.3763,N
20201103721 - 01,20201103,수원천 재해복구사업 실시설계용역 ,전라북도 완주군,PQ,983807000,983843975,100.0037584,도화+한가람+동해종합+조화,98.83,847500000,100.4547,N
20201103721 - 01,20201103,수원천 재해복구사업 실시설계용역 ,전라북도 완주군,PQ,983807000,983843975,100.0037584,한종+더한건설,98.5,846000000,100.1951,Y
20201103721 - 01,20201103,수원천 재해복구사업 실시설계용역 ,전라북도 완주군,PQ,983807000,983843975,100.0037584,이산+JCN,98.4,842790000,99.7801,N
20201103721 - 01,20201103,수원천 재해복구사업 실시설계용역 ,전라북도 완주군,PQ,983807000,983843975,100.0037584,유신+국성,98,843067000,99.72,N
20201103721 - 01,20201103,수원천 재해복구사업 실시설계용역 ,전라북도 완주군,PQ,983807000,983843975,100.0037584,평화+건일+건일,97.9,852000000,100.7414,N
20201103721 - 01,20201103,수원천 재해복구사업 실시설계용역 ,전라북도 완주군,PQ,983807000,983843975,100.0037584,동부+인우+동해,97.8,852698000,100.8005,N
20201103721 - 01,20201103,수원천 재해복구사업 실시설계용역 ,전라북도 완주군,PQ,983807000,983843975,100.0037584,극동+대도,97.6,855375000,101.0699,N
20201103721 - 01,20201103,수원천 재해복구사업 실시설계용역 ,전라북도 완주군,PQ,983807000,983843975,100.0037584,KG+세화+강동건설,97.58,840320000,99.2795,N
20201103721 - 01,20201103,수원천 재해복구사업 실시설계용역 ,전라북도 완주군,PQ,983807000,983843975,100.0037584,삼안+세종+한맥,97.51,838750000,99.0825,N
20201103721 - 01,20201103,수원천 재해복구사업 실시설계용역 ,전라북도 완주군,PQ,983807000,983843975,100.0037584,건화+유현+KCI(시공간+하늘),97.4,836600000,98.7941,N
20201103721 - 01,20201103,수원천 재해복구사업 실시설계용역 ,전라북도 완주군,PQ,983807000,983843975,100.0037584,KSM+신한,97.4,853536000,100.7941,N
20201103721 - 01,20201103,수원천 재해복구사업 실시설계용역 ,전라북도 완주군,PQ,983807000,983843975,100.0037584,동성+범산,97.05,857670000,101.1999,N
20201103721 - 01,20201103,수원천 재해복구사업 실시설계용역 ,전라북도 완주군,PQ,983807000,983843975,100.0037584,경호+성원+수성,97,836240000,98.6599,N
20201103721 - 01,20201103,수원천 재해복구사업 실시설계용역 ,전라북도 완주군,PQ,983807000,983843975,100.0037584,한기+대성,96.92,836900000,98.7148,N
20201103721 - 01,20201103,수원천 재해복구사업 실시설계용역 ,전라북도 완주군,PQ,983807000,983843975,100.0037584,서광+가온,96.64,834801600,98.3988,N
20201103721 - 01,20201103,수원천 재해복구사업 실시설계용역 ,전라북도 완주군,PQ,983807000,983843975,100.0037584,화신+고산+동운+고려,96.57,838658000,98.8304,N
20201103721 - 01,20201103,수원천 재해복구사업 실시설계용역 ,전라북도 완주군,PQ,983807000,983843975,100.0037584,동명+현성,96.36,870000000,102.4645,N
20201103571 - 00,20201103,고군산군도 케이블카 조성사업 환경영향평가 및 해역이용협의 용역,새만금개발공사,PQ,912021000,910083025,99.78750763,화신+서영+퍼스트,99.97,781214000,100.19,N
20201103571 - 00,20201103,고군산군도 케이블카 조성사업 환경영향평가 및 해역이용협의 용역,새만금개발공사,PQ,912021000,910083025,99.78750763,도화+신일,99.96,781430000,100.2177,N
20201103571 - 00,20201103,고군산군도 케이블카 조성사업 환경영향평가 및 해역이용협의 용역,새만금개발공사,PQ,912021000,910083025,99.78750763,이산+한국환경,99.96,778988000,99.9045,Y
20201103571 - 00,20201103,고군산군도 케이블카 조성사업 환경영향평가 및 해역이용협의 용역,새만금개발공사,PQ,912021000,910083025,99.78750763,다산+현대E,99.89,779343000,99.9501,N
20201103571 - 00,20201103,고군산군도 케이블카 조성사업 환경영향평가 및 해역이용협의 용역,새만금개발공사,PQ,912021000,910083025,99.78750763,홍익+우신,99.56,777100000,99.6624,N
20201103571 - 00,20201103,고군산군도 케이블카 조성사업 환경영향평가 및 해역이용협의 용역,새만금개발공사,PQ,912021000,910083025,99.78750763,동아+엔탑,99.53,782094000,100.3029,N
20201103571 - 00,20201103,고군산군도 케이블카 조성사업 환경영향평가 및 해역이용협의 용역,새만금개발공사,PQ,912021000,910083025,99.78750763,동명,99.5,786360000,100.85,N
20201103571 - 00,20201103,고군산군도 케이블카 조성사업 환경영향평가 및 해역이용협의 용역,새만금개발공사,PQ,912021000,910083025,99.78750763,동일,99.5,778015000,99.7798,N
20201103571 - 00,20201103,고군산군도 케이블카 조성사업 환경영향평가 및 해역이용협의 용역,새만금개발공사,PQ,912021000,910083025,99.78750763,한맥+선진,99.5,783640000,100.5012,N
20201103571 - 00,20201103,고군산군도 케이블카 조성사업 환경영향평가 및 해역이용협의 용역,새만금개발공사,PQ,912021000,910083025,99.78750763,KG+세광,99.28,777240000,99.6804,N
20201103571 - 00,20201103,고군산군도 케이블카 조성사업 환경영향평가 및 해역이용협의 용역,새만금개발공사,PQ,912021000,910083025,99.78750763,유신,98.9,780122000,100.05,N
20201103571 - 00,20201103,고군산군도 케이블카 조성사업 환경영향평가 및 해역이용협의 용역,새만금개발공사,PQ,912021000,910083025,99.78750763,건화,98.8,786000000,100.8038,N
20201103571 - 00,20201103,고군산군도 케이블카 조성사업 환경영향평가 및 해역이용협의 용역,새만금개발공사,PQ,912021000,910083025,99.78750763,삼안+한솔,98.5,783970000,100.5435,N
20201103571 - 00,20201103,고군산군도 케이블카 조성사업 환경영향평가 및 해역이용협의 용역,새만금개발공사,PQ,912021000,910083025,99.78750763,수성,98.43,784179000,100.5703,N
20201103571 - 00,20201103,고군산군도 케이블카 조성사업 환경영향평가 및 해역이용협의 용역,새만금개발공사,PQ,912021000,910083025,99.78750763,동부+CNS,98.47,781462000,100.2101,N
20201102868 - 00,20201103,내성천(봉화2지구) 하천재해예방사업 건설사업관리용역 ,경상북도,PQ,2068000000,2052526225,99.25175169,도화+보원,100,1606485000,99.6,Y
20201102868 - 00,20201103,내성천(봉화2지구) 하천재해예방사업 건설사업관리용역 ,경상북도,PQ,2068000000,2052526225,99.25175169,서영+다산,100,1616162000,100.2,N
20201102868 - 00,20201103,내성천(봉화2지구) 하천재해예방사업 건설사업관리용역 ,경상북도,PQ,2068000000,2052526225,99.25175169,평화+해인,100,1624700000,100.7293,N
20201102868 - 00,20201103,내성천(봉화2지구) 하천재해예방사업 건설사업관리용역 ,경상북도,PQ,2068000000,2052526225,99.25175169,한종+동진,100,1611324000,99.9,N
20201102868 - 00,20201103,내성천(봉화2지구) 하천재해예방사업 건설사업관리용역 ,경상북도,PQ,2068000000,2052526225,99.25175169,화신+해동,99.7,1604139000,99.2002,N
20201102868 - 00,20201103,내성천(봉화2지구) 하천재해예방사업 건설사업관리용역 ,경상북도,PQ,2068000000,2052526225,99.25175169,천일+강산,99.65,1602900000,99.0855,N
20201102868 - 00,20201103,내성천(봉화2지구) 하천재해예방사업 건설사업관리용역 ,경상북도,PQ,2068000000,2052526225,99.25175169,건화+한도,99.6,1603700000,99.097,N
20201102868 - 00,20201103,내성천(봉화2지구) 하천재해예방사업 건설사업관리용역 ,경상북도,PQ,2068000000,2052526225,99.25175169,유신+주하,99.59,1645226000,101.65,N
20201102868 - 00,20201103,내성천(봉화2지구) 하천재해예방사업 건설사업관리용역 ,경상북도,PQ,2068000000,2052526225,99.25175169,대콘+동아C,99.46,1634756000,100.9,N
20201102868 - 00,20201103,내성천(봉화2지구) 하천재해예방사업 건설사업관리용역 ,경상북도,PQ,2068000000,2052526225,99.25175169,동부+한백,99.44,1601424000,98.8301,N
20201102868 - 00,20201103,내성천(봉화2지구) 하천재해예방사업 건설사업관리용역 ,경상북도,PQ,2068000000,2052526225,99.25175169,경원+청명+수성,99.4,1633890000,100.7951,N
20201102868 - 00,20201103,내성천(봉화2지구) 하천재해예방사업 건설사업관리용역 ,경상북도,PQ,2068000000,2052526225,99.25175169,극동+상금,99.34,1643560000,101.3399,N
20201102868 - 00,20201103,내성천(봉화2지구) 하천재해예방사업 건설사업관리용역 ,경상북도,PQ,2068000000,2052526225,99.25175169,삼보+세화,99.31,1639400000,101.0576,N
20201102868 - 00,20201103,내성천(봉화2지구) 하천재해예방사업 건설사업관리용역 ,경상북도,PQ,2068000000,2052526225,99.25175169,삼안+건일,99.3,1599400000,98.5919,N
20201102868 - 00,20201103,내성천(봉화2지구) 하천재해예방사업 건설사업관리용역 ,경상북도,PQ,2068000000,2052526225,99.25175169,KSM+중앙방재,99.28,1640417000,101.0946,N
20201102868 - 00,20201103,내성천(봉화2지구) 하천재해예방사업 건설사업관리용역 ,경상북도,PQ,2068000000,2052526225,99.25175169,이산+KCI,99.05,1602800000,98.6004,N
20201102868 - 00,20201103,내성천(봉화2지구) 하천재해예방사업 건설사업관리용역 ,경상북도,PQ,2068000000,2052526225,99.25175169,경동+HD,99,0,0,N
20201102868 - 00,20201103,내성천(봉화2지구) 하천재해예방사업 건설사업관리용역 ,경상북도,PQ,2068000000,2052526225,99.25175169,선진+세원,98.95,1650550000,101.4475,N
20201102868 - 00,20201103,내성천(봉화2지구) 하천재해예방사업 건설사업관리용역 ,경상북도,PQ,2068000000,2052526225,99.25175169,신명+보람+승보,98.94,1654654000,101.6998,N
20201102868 - 00,20201103,내성천(봉화2지구) 하천재해예방사업 건설사업관리용역 ,경상북도,PQ,2068000000,2052526225,99.25175169,DS+동성,98.77,1678000000,102.9907,N
20201104306 - 01,20201104,예당호 착한농촌체험세상 조성사업 건설사업관리용역,충청남도 예산군,PQ,2044800000,2051506975,100.3280015,선진+수성E,100,1607900000,100.8188,Y
20201104306 - 01,20201104,예당호 착한농촌체험세상 조성사업 건설사업관리용역,충청남도 예산군,PQ,2044800000,2051506975,100.3280015,삼안+우리기술,99.52,1596413000,99.7022,N
20201104306 - 01,20201104,예당호 착한농촌체험세상 조성사업 건설사업관리용역,충청남도 예산군,PQ,2044800000,2051506975,100.3280015,도화+천마,99.05,1608700000,100.0862,N
20201104306 - 01,20201104,예당호 착한농촌체험세상 조성사업 건설사업관리용역,충청남도 예산군,PQ,2044800000,2051506975,100.3280015,한종+세일,98.95,1608700000,99.9971,N
20201104306 - 01,20201104,예당호 착한농촌체험세상 조성사업 건설사업관리용역,충청남도 예산군,PQ,2044800000,2051506975,100.3280015,신명+재성+경호,98.71,1608700000,99.8068,N
20201104306 - 01,20201104,예당호 착한농촌체험세상 조성사업 건설사업관리용역,충청남도 예산군,PQ,2044800000,2051506975,100.3280015,유신+건화+예당(대한기술단),96.91,1881216000,115.0359,N
20201104051 - 00,20201104,장척범화 농어촌마을하수도설치사업 기본및실시설계용역,충청북도 영동군,PQ,580571000,581507250,100.1612637,경동+세광,99.24,499534000,100.4399,Y
20201104051 - 00,20201104,장척범화 농어촌마을하수도설치사업 기본및실시설계용역,충청북도 영동군,PQ,580571000,581507250,100.1612637,삼안+청우,99.07,499950000,100.4766,N
20201104051 - 00,20201104,장척범화 농어촌마을하수도설치사업 기본및실시설계용역,충청북도 영동군,PQ,580571000,581507250,100.1612637,제일+창민,99.04,496650000,99.8018,N
20201104051 - 00,20201104,장척범화 농어촌마을하수도설치사업 기본및실시설계용역,충청북도 영동군,PQ,580571000,581507250,100.1612637,건화+홍익,98.93,495700000,99.5876,N
20201104051 - 00,20201104,장척범화 농어촌마을하수도설치사업 기본및실시설계용역,충청북도 영동군,PQ,580571000,581507250,100.1612637,도화+영진,98.79,501100000,100.6373,N
20201104051 - 00,20201104,장척범화 농어촌마을하수도설치사업 기본및실시설계용역,충청북도 영동군,PQ,580571000,581507250,100.1612637,화신+선+선진,98.54,502568000,100.8616,N
20201104051 - 00,20201104,장척범화 농어촌마을하수도설치사업 기본및실시설계용역,충청북도 영동군,PQ,580571000,581507250,100.1612637,건양+동해,98.49,496937000,99.7198,N
20201104051 - 00,20201104,장척범화 농어촌마을하수도설치사업 기본및실시설계용역,충청북도 영동군,PQ,580571000,581507250,100.1612637,이산+동림,98.32,494370000,99.1701,N
20201104051 - 00,20201104,장척범화 농어촌마을하수도설치사업 기본및실시설계용역,충청북도 영동군,PQ,580571000,581507250,100.1612637,KG+지명,97.86,493260000,98.8208,N
20201104051 - 00,20201104,장척범화 농어촌마을하수도설치사업 기본및실시설계용역,충청북도 영동군,PQ,580571000,581507250,100.1612637,동명+대원,97.83,493200000,98.8088,N
20201104051 - 00,20201104,장척범화 농어촌마을하수도설치사업 기본및실시설계용역,충청북도 영동군,PQ,580571000,581507250,100.1612637,유신+도우,97.35,522500000,104.545,N
20201103930 - 00,20201103,삼유천 하천기본계획(재수립) 및 재해복구사업 실시설계 용역,전라북도 무주군,PQ,2014000000,2005047800,99.55550149,도화+국성,98.38,1606350000,100.9163,N
20201103930 - 00,20201103,삼유천 하천기본계획(재수립) 및 재해복구사업 실시설계 용역,전라북도 무주군,PQ,2014000000,2005047800,99.55550149,동부+조화+동해,97.94,1592990000,99.7237,N
20201103930 - 00,20201103,삼유천 하천기본계획(재수립) 및 재해복구사업 실시설계 용역,전라북도 무주군,PQ,2014000000,2005047800,99.55550149,유신+더한+동서,97.9,1599287000,100.08,N
20201103930 - 00,20201103,삼유천 하천기본계획(재수립) 및 재해복구사업 실시설계 용역,전라북도 무주군,PQ,2014000000,2005047800,99.55550149,KG+세화+강동,97.88,1591500000,99.5802,Y
20201103930 - 00,20201103,삼유천 하천기본계획(재수립) 및 재해복구사업 실시설계 용역,전라북도 무주군,PQ,2014000000,2005047800,99.55550149,이산+JCN,97.86,1586999000,99.286,N
20201103930 - 00,20201103,삼유천 하천기본계획(재수립) 및 재해복구사업 실시설계 용역,전라북도 무주군,PQ,2014000000,2005047800,99.55550149,극동+신한,97.54,1620749000,101.1299,N
20201103930 - 00,20201103,삼유천 하천기본계획(재수립) 및 재해복구사업 실시설계 용역,전라북도 무주군,PQ,2014000000,2005047800,99.55550149,한종+한가람+삼경,97.38,1584900000,98.7689,N
20201103930 - 00,20201103,삼유천 하천기본계획(재수립) 및 재해복구사업 실시설계 용역,전라북도 무주군,PQ,2014000000,2005047800,99.55550149,삼안+유현+KCI,97.35,1623380000,101.1416,N
20201103930 - 00,20201103,삼유천 하천기본계획(재수립) 및 재해복구사업 실시설계 용역,전라북도 무주군,PQ,2014000000,2005047800,99.55550149,동명+인우,97.04,1586500000,98.5964,N
20201103930 - 00,20201103,삼유천 하천기본계획(재수립) 및 재해복구사업 실시설계 용역,전라북도 무주군,PQ,2014000000,2005047800,99.55550149,화신+고산+동운+고려,96.76,1639320000,101.65,N
20201103930 - 00,20201103,삼유천 하천기본계획(재수립) 및 재해복구사업 실시설계 용역,전라북도 무주군,PQ,2014000000,2005047800,99.55550149,다산+세종+한맥,96.68,1641145000,101.6996,N
20201103930 - 00,20201103,삼유천 하천기본계획(재수립) 및 재해복구사업 실시설계 용역,전라북도 무주군,PQ,2014000000,2005047800,99.55550149,건화+현성(서금+하늘),96.5,1651400000,102.1948,N
20201103930 - 00,20201103,삼유천 하천기본계획(재수립) 및 재해복구사업 실시설계 용역,전라북도 무주군,PQ,2014000000,2005047800,99.55550149,평화+건일,96.3,1649300000,101.8998,N
20201103930 - 00,20201103,삼유천 하천기본계획(재수립) 및 재해복구사업 실시설계 용역,전라북도 무주군,PQ,2014000000,2005047800,99.55550149,경호+성원,95.82,1661000000,102.2283,N
20201103930 - 00,20201103,삼유천 하천기본계획(재수립) 및 재해복구사업 실시설계 용역,전라북도 무주군,PQ,2014000000,2005047800,99.55550149,KSM+대도,95.4,1671000000,102.5007,N
20201105378 - 00,20201104,광양 성황·도이2지구 도시개발사업 조사설계 용역,전라남도 광양시,PQ,2990000000,2942145050,98.3995,건화+신명(무성),100,2366800000,101.4901,N
20201105378 - 00,20201104,광양 성황·도이2지구 도시개발사업 조사설계 용역,전라남도 광양시,PQ,2990000000,2942145050,98.3995,수성+우리+신오,98.08,2345899999,99.0321,N
20201105378 - 00,20201104,광양 성황·도이2지구 도시개발사업 조사설계 용역,전라남도 광양시,PQ,2990000000,2942145050,98.3995,동명+동아+대콘,98.02,2343800000,98.8935,N
20201105378 - 00,20201104,광양 성황·도이2지구 도시개발사업 조사설계 용역,전라남도 광양시,PQ,2990000000,2942145050,98.3995,한종+평화+원우,98,2403600000,101.4039,N
20201105378 - 00,20201104,광양 성황·도이2지구 도시개발사업 조사설계 용역,전라남도 광양시,PQ,2990000000,2942145050,98.3995,삼안+한기,97.78,2342340000,98.6328,Y
20201105378 - 00,20201104,광양 성황·도이2지구 도시개발사업 조사설계 용역,전라남도 광양시,PQ,2990000000,2942145050,98.3995,경동+우빈,97.72,2342880000,98.6183,N
20201105378 - 00,20201104,광양 성황·도이2지구 도시개발사업 조사설계 용역,전라남도 광양시,PQ,2990000000,2942145050,98.3995,도화+에스이,97.64,2424242000,101.9661,N
20201105378 - 00,20201104,광양 성황·도이2지구 도시개발사업 조사설계 용역,전라남도 광양시,PQ,2990000000,2942145050,98.3995,KG+동일+하이콘,97.6,2403780000,101.08,N
20201105378 - 00,20201104,광양 성황·도이2지구 도시개발사업 조사설계 용역,전라남도 광양시,PQ,2990000000,2942145050,98.3995,유신+우영+세원,97.54,2338368000,98.28,N
20201105363 - 00,20201104,온양천 지방하천 정비사업 실시설계 용역 ,충청남도 아산시,PQ,1491072000,1500469550,100.6302546,건화+장맥+KCI(제온기술),100,1164780000,100.1564,N
20201105363 - 00,20201104,온양천 지방하천 정비사업 실시설계 용역 ,충청남도 아산시,PQ,1491072000,1500469550,100.6302546,도화+계림,100,1155000000,99.3154,N
20201105363 - 00,20201104,온양천 지방하천 정비사업 실시설계 용역 ,충청남도 아산시,PQ,1491072000,1500469550,100.6302546,동명+경동,100,1168200000,100.4504,N
20201105363 - 00,20201104,온양천 지방하천 정비사업 실시설계 용역 ,충청남도 아산시,PQ,1491072000,1500469550,100.6302546,이산+송현+동남,100,1164110000,100.0987,N
20201105363 - 00,20201104,온양천 지방하천 정비사업 실시설계 용역 ,충청남도 아산시,PQ,1491072000,1500469550,100.6302546,한종+천마,100,1162700000,99.9775,N
20201105363 - 00,20201104,온양천 지방하천 정비사업 실시설계 용역 ,충청남도 아산시,PQ,1491072000,1500469550,100.6302546,평화+우주,99.92,1158200000,99.514,N
20201105363 - 00,20201104,온양천 지방하천 정비사업 실시설계 용역 ,충청남도 아산시,PQ,1491072000,1500469550,100.6302546,동부+세일,99.88,1172930000,100.7538,Y
20201105363 - 00,20201104,온양천 지방하천 정비사업 실시설계 용역 ,충청남도 아산시,PQ,1491072000,1500469550,100.6302546,삼안+삼육+수성,99.75,1156540000,99.2442,N
20201105363 - 00,20201104,온양천 지방하천 정비사업 실시설계 용역 ,충청남도 아산시,PQ,1491072000,1500469550,100.6302546,유신+드림,99.73,1182664000,101.46,N
20201105363 - 00,20201104,온양천 지방하천 정비사업 실시설계 용역 ,충청남도 아산시,PQ,1491072000,1500469550,100.6302546,극동+기산,99.64,1176921000,100.8899,N
20201105363 - 00,20201104,온양천 지방하천 정비사업 실시설계 용역 ,충청남도 아산시,PQ,1491072000,1500469550,100.6302546,화신+한맥+수성E,99.59,1151350000,98.66,N
20201105363 - 00,20201104,온양천 지방하천 정비사업 실시설계 용역 ,충청남도 아산시,PQ,1491072000,1500469550,100.6302546,KG+그린+주하+강동,99.49,1186800000,101.6198,N
20201105363 - 00,20201104,온양천 지방하천 정비사업 실시설계 용역 ,충청남도 아산시,PQ,1491072000,1500469550,100.6302546,KSM+동국,99.48,1178600000,100.9048,N
20201105363 - 00,20201104,온양천 지방하천 정비사업 실시설계 용역 ,충청남도 아산시,PQ,1491072000,1500469550,100.6302546,동성+명성,99.29,1187000000,101.4686,N
20201105363 - 00,20201104,온양천 지방하천 정비사업 실시설계 용역 ,충청남도 아산시,PQ,1491072000,1500469550,100.6302546,다산+유일,98.98,1194996000,101.8923,N
20201105363 - 00,20201104,온양천 지방하천 정비사업 실시설계 용역 ,충청남도 아산시,PQ,1491072000,1500469550,100.6302546,경호+강호,98.6,1400000000,119.009,N
B5202003823,20201104,포천시 지방상수도 현대화사업 기본 및 실시설계 용역,한국수자원공사,종심제,6017000000,6045531259,100.4741775,경호+건화+KG+제일+건양,99.721,4781000000,79.4582,Y
B5202003823,20201104,포천시 지방상수도 현대화사업 기본 및 실시설계 용역,한국수자원공사,종심제,6017000000,6045531259,100.4741775,이산+도화+동해+태성+대콘,98.715,4807000000,79.8903,N
20201104678 - 00,20201104,북부원예출장소 신축사업 전략환경영향평가 및 소규모환경영향평가,농촌진흥청 국립원예특작과학원,PQ,252939000,251614300,99.47627689,동부+CNS,98.97,219879000,100.2129,N
20201104678 - 00,20201104,북부원예출장소 신축사업 전략환경영향평가 및 소규모환경영향평가,농촌진흥청 국립원예특작과학원,PQ,252939000,251614300,99.47627689,다산,98.5,219654000,100.1103,N
20201104678 - 00,20201104,북부원예출장소 신축사업 전략환경영향평가 및 소규모환경영향평가,농촌진흥청 국립원예특작과학원,PQ,252939000,251614300,99.47627689,유신+레오,98.94,219828000,100.1896,N
20201104678 - 00,20201104,북부원예출장소 신축사업 전략환경영향평가 및 소규모환경영향평가,농촌진흥청 국립원예특작과학원,PQ,252939000,251614300,99.47627689,서영,98.5,219520000,100.0493,N
20201104678 - 00,20201104,북부원예출장소 신축사업 전략환경영향평가 및 소규모환경영향평가,농촌진흥청 국립원예특작과학원,PQ,252939000,251614300,99.47627689,평화+신일,98.96,220022000,100.278,N
20201104678 - 00,20201104,북부원예출장소 신축사업 전략환경영향평가 및 소규모환경영향평가,농촌진흥청 국립원예특작과학원,PQ,252939000,251614300,99.47627689,세일,98.5,219170000,99.8897,N
20201104678 - 00,20201104,북부원예출장소 신축사업 전략환경영향평가 및 소규모환경영향평가,농촌진흥청 국립원예특작과학원,PQ,252939000,251614300,99.47627689,건일,98.5,221319000,100.8692,N
20201104678 - 00,20201104,북부원예출장소 신축사업 전략환경영향평가 및 소규모환경영향평가,농촌진흥청 국립원예특작과학원,PQ,252939000,251614300,99.47627689,세광,98.3,221090000,100.7648,N
20201104678 - 00,20201104,북부원예출장소 신축사업 전략환경영향평가 및 소규모환경영향평가,농촌진흥청 국립원예특작과학원,PQ,252939000,251614300,99.47627689,한맥,98.5,219145000,99.8783,N
20201104678 - 00,20201104,북부원예출장소 신축사업 전략환경영향평가 및 소규모환경영향평가,농촌진흥청 국립원예특작과학원,PQ,252939000,251614300,99.47627689,KG+보람,98.5,217970000,99.3428,N
20201104678 - 00,20201104,북부원예출장소 신축사업 전략환경영향평가 및 소규모환경영향평가,농촌진흥청 국립원예특작과학원,PQ,252939000,251614300,99.47627689,건화+우신,98.91,221160000,100.7967,N
20201104678 - 00,20201104,북부원예출장소 신축사업 전략환경영향평가 및 소규모환경영향평가,농촌진흥청 국립원예특작과학원,PQ,252939000,251614300,99.47627689,도화,98.5,220340000,100.423,N
20201104678 - 00,20201104,북부원예출장소 신축사업 전략환경영향평가 및 소규모환경영향평가,농촌진흥청 국립원예특작과학원,PQ,252939000,251614300,99.47627689,동명,98.5,219630000,100.0994,N
20201104678 - 00,20201104,북부원예출장소 신축사업 전략환경영향평가 및 소규모환경영향평가,농촌진흥청 국립원예특작과학원,PQ,252939000,251614300,99.47627689,대콘+청운,98.95,218940000,99.7849,N
20201104678 - 00,20201104,북부원예출장소 신축사업 전략환경영향평가 및 소규모환경영향평가,농촌진흥청 국립원예특작과학원,PQ,252939000,251614300,99.47627689,동해종합+동해,99.9,218624000,99.6409,Y
20201104678 - 00,20201104,북부원예출장소 신축사업 전략환경영향평가 및 소규모환경영향평가,농촌진흥청 국립원예특작과학원,PQ,252939000,251614300,99.47627689,동성+DS,98.91,218688000,99.6701,N
20201104678 - 00,20201104,북부원예출장소 신축사업 전략환경영향평가 및 소규모환경영향평가,농촌진흥청 국립원예특작과학원,PQ,252939000,251614300,99.47627689,신성+효산,98.96,219580000,100.0766,N
20201104678 - 00,20201104,북부원예출장소 신축사업 전략환경영향평가 및 소규모환경영향평가,농촌진흥청 국립원예특작과학원,PQ,252939000,251614300,99.47627689,수성,97.99,220968000,100.7092,N
20201104678 - 00,20201104,북부원예출장소 신축사업 전략환경영향평가 및 소규모환경영향평가,농촌진흥청 국립원예특작과학원,PQ,252939000,251614300,99.47627689,동일,98.5,221385000,100.8993,N
20201104678 - 00,20201104,북부원예출장소 신축사업 전략환경영향평가 및 소규모환경영향평가,농촌진흥청 국립원예특작과학원,PQ,252939000,251614300,99.47627689,KCI+제일,98.5,219580000,100.0766,N
20201104678 - 00,20201104,북부원예출장소 신축사업 전략환경영향평가 및 소규모환경영향평가,농촌진흥청 국립원예특작과학원,PQ,252939000,251614300,99.47627689,홍익,98.5,219587000,100.0798,N
20201104678 - 00,20201104,북부원예출장소 신축사업 전략환경영향평가 및 소규모환경영향평가,농촌진흥청 국립원예특작과학원,PQ,252939000,251614300,99.47627689,천일+소운,98.91,218731000,99.6897,N
20201104678 - 00,20201104,북부원예출장소 신축사업 전략환경영향평가 및 소규모환경영향평가,농촌진흥청 국립원예특작과학원,PQ,252939000,251614300,99.47627689,선진,98.5,218710000,99.6801,N
20201104678 - 00,20201104,북부원예출장소 신축사업 전략환경영향평가 및 소규모환경영향평가,농촌진흥청 국립원예특작과학원,PQ,252939000,251614300,99.47627689,동아+강호,98.91,220990000,100.696,N
20201104678 - 00,20201104,북부원예출장소 신축사업 전략환경영향평가 및 소규모환경영향평가,농촌진흥청 국립원예특작과학원,PQ,252939000,251614300,99.47627689,예평,96.5,218397000,99.3999,N
20201104678 - 00,20201104,북부원예출장소 신축사업 전략환경영향평가 및 소규모환경영향평가,농촌진흥청 국립원예특작과학원,PQ,252939000,251614300,99.47627689,드림+IK,97.54,218400000,99.367,N
20201104436 - 00,20201104,경산정수장 확장 및 고도화사업 감독권한대행 등 건설사업관리용역,경상북도 경산시,PQ,2260751000,2239918225,99.07850201,건화+동성,100,1776000000,100.7218,N
20201104436 - 00,20201104,경산정수장 확장 및 고도화사업 감독권한대행 등 건설사업관리용역,경상북도 경산시,PQ,2260751000,2239918225,99.07850201,삼안+해인+청우E,99.78,1759450000,99.5917,Y
20201104436 - 00,20201104,경산정수장 확장 및 고도화사업 감독권한대행 등 건설사업관리용역,경상북도 경산시,PQ,2260751000,2239918225,99.07850201,도화+보원+한도,99.65,1762200000,99.6453,N
20201104436 - 00,20201104,경산정수장 확장 및 고도화사업 감독권한대행 등 건설사업관리용역,경상북도 경산시,PQ,2260751000,2239918225,99.07850201,한종+동진+한백,99.48,1778000000,100.3976,N
20201104436 - 00,20201104,경산정수장 확장 및 고도화사업 감독권한대행 등 건설사업관리용역,경상북도 경산시,PQ,2260751000,2239918225,99.07850201,범한+KCI,98.85,1759000000,98.8201,N
20201103329 - 00,20201104,제천 제3산업단지 공공폐수처리시설 건설공사(1단계) 건설사업관리용역,충청북도 제천시,PQ,1885417000,1876117225,99.50675235,건화+영진,100,1467900000,99.8211,N
20201103329 - 00,20201104,제천 제3산업단지 공공폐수처리시설 건설공사(1단계) 건설사업관리용역,충청북도 제천시,PQ,1885417000,1876117225,99.50675235,한종+진우,100,1468800000,99.8823,N
20201103329 - 00,20201104,제천 제3산업단지 공공폐수처리시설 건설공사(1단계) 건설사업관리용역,충청북도 제천시,PQ,1885417000,1876117225,99.50675235,도화+지명,100,1460900000,99.3451,N
20201103329 - 00,20201104,제천 제3산업단지 공공폐수처리시설 건설공사(1단계) 건설사업관리용역,충청북도 제천시,PQ,1885417000,1876117225,99.50675235,삼안+청우건축,100,1471250000,100.0489,N
20201103329 - 00,20201104,제천 제3산업단지 공공폐수처리시설 건설공사(1단계) 건설사업관리용역,충청북도 제천시,PQ,1885417000,1876117225,99.50675235,동명+대원,100,1475384000,100.33,N
20201103329 - 00,20201104,제천 제3산업단지 공공폐수처리시설 건설공사(1단계) 건설사업관리용역,충청북도 제천시,PQ,1885417000,1876117225,99.50675235,건양+KCI,100,1466707000,99.74,N
20201103329 - 00,20201104,제천 제3산업단지 공공폐수처리시설 건설공사(1단계) 건설사업관리용역,충청북도 제천시,PQ,1885417000,1876117225,99.50675235,신명+세광,100,1474700000,100.2835,N
20201103329 - 00,20201104,제천 제3산업단지 공공폐수처리시설 건설공사(1단계) 건설사업관리용역,충청북도 제천시,PQ,1885417000,1876117225,99.50675235,경호+서영+해림,100,1468660000,99.8728,N
20201103329 - 00,20201104,제천 제3산업단지 공공폐수처리시설 건설공사(1단계) 건설사업관리용역,충청북도 제천시,PQ,1885417000,1876117225,99.50675235,동성+창민,100,1464355000,99.58,Y
20201103329 - 00,20201104,제천 제3산업단지 공공폐수처리시설 건설공사(1단계) 건설사업관리용역,충청북도 제천시,PQ,1885417000,1876117225,99.50675235,경동+동림,100,1471960000,100.0972,N
20201103329 - 00,20201104,제천 제3산업단지 공공폐수처리시설 건설공사(1단계) 건설사업관리용역,충청북도 제천시,PQ,1885417000,1876117225,99.50675235,범한+도우,100,1463100000,99.4947,N
20201103329 - 00,20201104,제천 제3산업단지 공공폐수처리시설 건설공사(1단계) 건설사업관리용역,충청북도 제천시,PQ,1885417000,1876117225,99.50675235,KG+홍익,100,1454060000,98.8799,N
20201103329 - 00,20201104,제천 제3산업단지 공공폐수처리시설 건설공사(1단계) 건설사업관리용역,충청북도 제천시,PQ,1885417000,1876117225,99.50675235,이산+오성,99.98,1484780000,100.9431,N
20201103329 - 00,20201104,제천 제3산업단지 공공폐수처리시설 건설공사(1단계) 건설사업관리용역,충청북도 제천시,PQ,1885417000,1876117225,99.50675235,선진+수일,99.95,1491590000,101.4061,N
20201103329 - 00,20201104,제천 제3산업단지 공공폐수처리시설 건설공사(1단계) 건설사업관리용역,충청북도 제천시,PQ,1885417000,1876117225,99.50675235,경원+한맥,99.89,1466200000,99.6033,N
20201103329 - 00,20201104,제천 제3산업단지 공공폐수처리시설 건설공사(1단계) 건설사업관리용역,충청북도 제천시,PQ,1885417000,1876117225,99.50675235,제일+도명,99.47,1472500000,99.6993,N
20201103329 - 00,20201104,제천 제3산업단지 공공폐수처리시설 건설공사(1단계) 건설사업관리용역,충청북도 제천시,PQ,1885417000,1876117225,99.50675235,수성+신성건축,99.42,1819807000,122.9634,N
20201104776 - 00,20201104,해양레저관광 거점 조성사업 및 도시관리계획(공원)결정 (변경)기본 및 실시설계 용역,경기도 시흥시,PQ,1564750000,1549274650,99.01100176,한종+정,97.42,1277100000,102.463,Y
20201104776 - 00,20201104,해양레저관광 거점 조성사업 및 도시관리계획(공원)결정 (변경)기본 및 실시설계 용역,경기도 시흥시,PQ,1564750000,1549274650,99.01100176,도화+건화(테크피아),91.63,1280820000,98.2,N
20201104776 - 00,20201104,해양레저관광 거점 조성사업 및 도시관리계획(공원)결정 (변경)기본 및 실시설계 용역,경기도 시흥시,PQ,1564750000,1549274650,99.01100176,삼안,88.55,1365830000,102.2999,N
2020-02-000614-00,20201029,호남선 논산역구내 관촉건널목 입체화 신설공사 감독 권한대행 등 건설사업관리용역,국가철도공단,PQ,2105282000,2123479478,100.8643725,유신,100,1639059000,99.82,N
2020-02-000614-00,20201029,호남선 논산역구내 관촉건널목 입체화 신설공사 감독 권한대행 등 건설사업관리용역,국가철도공단,PQ,2105282000,2123479478,100.8643725,서현+동명,100,1653200000,100.6812,N
2020-02-000614-00,20201029,호남선 논산역구내 관촉건널목 입체화 신설공사 감독 권한대행 등 건설사업관리용역,국가철도공단,PQ,2105282000,2123479478,100.8643725,KRTC,100,1645298000,100.2,N
2020-02-000614-00,20201029,호남선 논산역구내 관촉건널목 입체화 신설공사 감독 권한대행 등 건설사업관리용역,국가철도공단,PQ,2105282000,2123479478,100.8643725,건화+이산,99.8,1646000000,100.0631,N
2020-02-000614-00,20201029,호남선 논산역구내 관촉건널목 입체화 신설공사 감독 권한대행 등 건설사업관리용역,국가철도공단,PQ,2105282000,2123479478,100.8643725,도화+태조,99.77,1658100000,100.7729,N
2020-02-000614-00,20201029,호남선 논산역구내 관촉건널목 입체화 신설공사 감독 권한대행 등 건설사업관리용역,국가철도공단,PQ,2105282000,2123479478,100.8643725,대건+삼안+신승,99.67,1657550000,100.6493,N
2020-02-000614-00,20201029,호남선 논산역구내 관촉건널목 입체화 신설공사 감독 권한대행 등 건설사업관리용역,국가철도공단,PQ,2105282000,2123479478,100.8643725,경동+삼보+동양,99.64,1634790000,99.2419,N
2020-02-000614-00,20201029,호남선 논산역구내 관촉건널목 입체화 신설공사 감독 권한대행 등 건설사업관리용역,국가철도공단,PQ,2105282000,2123479478,100.8643725,신성,99.55,1668580000,101.2156,Y
2020-02-000614-00,20201029,호남선 논산역구내 관촉건널목 입체화 신설공사 감독 권한대행 등 건설사업관리용역,국가철도공단,PQ,2105282000,2123479478,100.8643725,진우,99.2,1678115000,101.47,N
2020-02-000614-00,20201029,호남선 논산역구내 관촉건널목 입체화 신설공사 감독 권한대행 등 건설사업관리용역,국가철도공단,PQ,2105282000,2123479478,100.8643725,서영+글로벌건설,99,1677400000,101.2463,N
2004650 - 00,20201104,인천검단 택지개발사업 조성공사 3-2공구 시공단계 감독권한대행 등 건설사업관리용역,한국토지주택공사,종심제,6073114000,6058865000,99.76537572,KG+동해+동부+목양,99.4174,4855000000,79.9425,Y
2004650 - 00,20201104,인천검단 택지개발사업 조성공사 3-2공구 시공단계 감독권한대행 등 건설사업관리용역,한국토지주택공사,종심제,6073114000,6058865000,99.76537572,수성+경동+도화,98.4174,4924000000,81.0787,N
2004650 - 00,20201104,인천검단 택지개발사업 조성공사 3-2공구 시공단계 감독권한대행 등 건설사업관리용역,한국토지주택공사,종심제,6073114000,6058865000,99.76537572,동명+건화+동일+대콘,97.4174,4826000000,79.465,N
20201106317 - 00,20201105,원주 금빛똬리굴 조성사업 기반시설 실시설계 용역,강원도 원주시,PQ,1105161000,1115947400,100.9760026,도화+경원+서광,98.5,882500000,101.1369,Y
20201106317 - 00,20201105,원주 금빛똬리굴 조성사업 기반시설 실시설계 용역,강원도 원주시,PQ,1105161000,1115947400,100.9760026,한종+정+정원,97.58,874964000,99.5295,N
20201106317 - 00,20201105,원주 금빛똬리굴 조성사업 기반시설 실시설계 용역,강원도 원주시,PQ,1105161000,1115947400,100.9760026,KG+삼경+한울,97.39,892160000,101.32,N
20201106317 - 00,20201105,원주 금빛똬리굴 조성사업 기반시설 실시설계 용역,강원도 원주시,PQ,1105161000,1115947400,100.9760026,건화+화신+진화(테크피아),97,1060000000,120.0196,N
20201106317 - 00,20201105,원주 금빛똬리굴 조성사업 기반시설 실시설계 용역,강원도 원주시,PQ,1105161000,1115947400,100.9760026,유신+일신+미래,96.52,874114000,98.59,N
B5202003850,20201105,친환경 스마트 재생도시 기본계획 수립 및 타당성조사 용역,한국수자원공사,종심제,2190000000,2190000000,100,삼안(36)+동일(24)+경호(22)+제일(18),100,1808400000,82.5753,Y
B5202003850,20201105,친환경 스마트 재생도시 기본계획 수립 및 타당성조사 용역,한국수자원공사,종심제,2190000000,2190000000,100,한종,99,1807850000,82.5502,N
20201106955 - 00,20201105,잠실종합운동장 주경기장 리모델링 환경영향평가용역,서울특별시,PQ,265540000,266843200,100.4907735,천일+신성+소운,98.66,230530000,99.9431,N
20201106955 - 00,20201105,잠실종합운동장 주경기장 리모델링 환경영향평가용역,서울특별시,PQ,265540000,266843200,100.4907735,동해+서영+강호,98.61,230356000,99.8676,N
20201106955 - 00,20201105,잠실종합운동장 주경기장 리모델링 환경영향평가용역,서울특별시,PQ,265540000,266843200,100.4907735,유신+레오,98.53,230111000,99.7499,N
20201106955 - 00,20201105,잠실종합운동장 주경기장 리모델링 환경영향평가용역,서울특별시,PQ,265540000,266843200,100.4907735,수성+동림+CNS,98.47,232188000,100.6387,Y
20201106955 - 00,20201105,잠실종합운동장 주경기장 리모델링 환경영향평가용역,서울특별시,PQ,265540000,266843200,100.4907735,삼안+대콘+휴먼,98.4,230890000,100.0761,N
20201106955 - 00,20201105,잠실종합운동장 주경기장 리모델링 환경영향평가용역,서울특별시,PQ,265540000,266843200,100.4907735,도화+화신+신일,98.36,229830000,99.6167,N
20201106955 - 00,20201105,잠실종합운동장 주경기장 리모델링 환경영향평가용역,서울특별시,PQ,265540000,266843200,100.4907735,동명+예평,98.25,231000000,100.1123,N
20201106955 - 00,20201105,잠실종합운동장 주경기장 리모델링 환경영향평가용역,서울특별시,PQ,265540000,266843200,100.4907735,한맥+제일,98.15,228415000,98.9806,N
20201106955 - 00,20201105,잠실종합운동장 주경기장 리모델링 환경영향평가용역,서울특별시,PQ,265540000,266843200,100.4907735,KG+다원,97.83,235000000,101.7989,N
20201106955 - 00,20201105,잠실종합운동장 주경기장 리모델링 환경영향평가용역,서울특별시,PQ,265540000,266843200,100.4907735,건화+이엔씨,97.62,233700000,101.2125,N
20201106955 - 00,20201105,잠실종합운동장 주경기장 리모델링 환경영향평가용역,서울특별시,PQ,265540000,266843200,100.4907735,대영+마린,97,234719000,100.8305,N
20201107251 - 00,20201106,동읍~봉강간 도로건설공사 사후환경영향조사용역,경상남도,PQ,451880000,453876225,100.44176,수성+도화+CNS,98.97,394504000,100.5388,Y
20201107251 - 00,20201106,동읍~봉강간 도로건설공사 사후환경영향조사용역,경상남도,PQ,451880000,453876225,100.44176,KG+혜인+중천,98.77,393970000,100.3795,N
20201107251 - 00,20201106,동읍~봉강간 도로건설공사 사후환경영향조사용역,경상남도,PQ,451880000,453876225,100.44176,건화+한성+우신,98.74,390480000,99.4903,N
20201107251 - 00,20201106,동읍~봉강간 도로건설공사 사후환경영향조사용역,경상남도,PQ,451880000,453876225,100.44176,대영+마린+휴먼,98.57,395395000,100.7194,N
20201108761 - 00,20201109,어천~공주(4차) 지방도 확포장공사 등 2개지구 건설사업관리용역,충청남도 종합건설사업소,PQ,2774000000,2766558800,99.73175198,동명+천마,100,2173500000,100.4584,N
20201108761 - 00,20201109,어천~공주(4차) 지방도 확포장공사 등 2개지구 건설사업관리용역,충청남도 종합건설사업소,PQ,2774000000,2766558800,99.73175198,한맥+극동,99.95,2166860000,100.1002,Y
20201108761 - 00,20201109,어천~공주(4차) 지방도 확포장공사 등 2개지구 건설사업관리용역,충청남도 종합건설사업소,PQ,2774000000,2766558800,99.73175198,도화+송현,99.95,2157300000,99.6586,N
20201108761 - 00,20201109,어천~공주(4차) 지방도 확포장공사 등 2개지구 건설사업관리용역,충청남도 종합건설사업소,PQ,2774000000,2766558800,99.73175198,KG+기산,99.9,2185440000,100.9197,N
20201108761 - 00,20201109,어천~공주(4차) 지방도 확포장공사 등 2개지구 건설사업관리용역,충청남도 종합건설사업소,PQ,2774000000,2766558800,99.73175198,장맥+동부,99.85,2177000000,100.4914,N
20201108761 - 00,20201109,어천~공주(4차) 지방도 확포장공사 등 2개지구 건설사업관리용역,충청남도 종합건설사업소,PQ,2774000000,2766558800,99.73175198,경동+용마,99.85,2157890000,99.6092,N
20201108761 - 00,20201109,어천~공주(4차) 지방도 확포장공사 등 2개지구 건설사업관리용역,충청남도 종합건설사업소,PQ,2774000000,2766558800,99.73175198,삼안+송현E,99.69,2152480000,99.2324,N
20201108761 - 00,20201109,어천~공주(4차) 지방도 확포장공사 등 2개지구 건설사업관리용역,충청남도 종합건설사업소,PQ,2774000000,2766558800,99.73175198,평화+수성,99.69,2154900000,99.344,N
20201108761 - 00,20201109,어천~공주(4차) 지방도 확포장공사 등 2개지구 건설사업관리용역,충청남도 종합건설사업소,PQ,2774000000,2766558800,99.73175198,수성+계림,99.65,2186602000,100.7669,N
20201108761 - 00,20201109,어천~공주(4차) 지방도 확포장공사 등 2개지구 건설사업관리용역,충청남도 종합건설사업소,PQ,2774000000,2766558800,99.73175198,선진+유원,99.63,2188250000,100.8299,N
20201108761 - 00,20201109,어천~공주(4차) 지방도 확포장공사 등 2개지구 건설사업관리용역,충청남도 종합건설사업소,PQ,2774000000,2766558800,99.73175198,천일+상연,99.55,2191000000,100.8406,N
20201108761 - 00,20201109,어천~공주(4차) 지방도 확포장공사 등 2개지구 건설사업관리용역,충청남도 종합건설사업소,PQ,2774000000,2766558800,99.73175198,드림+KCI,99.55,2189400000,100.7284,N
20201108761 - 00,20201109,어천~공주(4차) 지방도 확포장공사 등 2개지구 건설사업관리용역,충청남도 종합건설사업소,PQ,2774000000,2766558800,99.73175198,삼보+동국+동일,99.49,2149000000,98.7941,N
20201108761 - 00,20201109,어천~공주(4차) 지방도 확포장공사 등 2개지구 건설사업관리용역,충청남도 종합건설사업소,PQ,2774000000,2766558800,99.73175198,경원+예당,99.44,2147544000,98.7271,N
20201108761 - 00,20201109,어천~공주(4차) 지방도 확포장공사 등 2개지구 건설사업관리용역,충청남도 종합건설사업소,PQ,2774000000,2766558800,99.73175198,건화+양지,99.35,2211800000,101.6034,N
20201108761 - 00,20201109,어천~공주(4차) 지방도 확포장공사 등 2개지구 건설사업관리용역,충청남도 종합건설사업소,PQ,2774000000,2766558800,99.73175198,대콘+우경,99.35,2153426000,98.8714,N
20201108761 - 00,20201109,어천~공주(4차) 지방도 확포장공사 등 2개지구 건설사업관리용역,충청남도 종합건설사업소,PQ,2774000000,2766558800,99.73175198,유신+동양,99.26,2139455000,98.23,N
20201108761 - 00,20201109,어천~공주(4차) 지방도 확포장공사 등 2개지구 건설사업관리용역,충청남도 종합건설사업소,PQ,2774000000,2766558800,99.73175198,다산+한경,99.2,2210670000,101.4997,N
20201108761 - 00,20201109,어천~공주(4차) 지방도 확포장공사 등 2개지구 건설사업관리용역,충청남도 종합건설사업소,PQ,2774000000,2766558800,99.73175198,이산+더원,99.19,2143500000,98.328,N
20201108761 - 00,20201109,어천~공주(4차) 지방도 확포장공사 등 2개지구 건설사업관리용역,충청남도 종합건설사업소,PQ,2774000000,2766558800,99.73175198,신명+재성+동해,99.09,2211340000,101.44,N
20201108761 - 00,20201109,어천~공주(4차) 지방도 확포장공사 등 2개지구 건설사업관리용역,충청남도 종합건설사업소,PQ,2774000000,2766558800,99.73175198,신성+우주,99.07,2218800000,101.7693,N
20201108761 - 00,20201109,어천~공주(4차) 지방도 확포장공사 등 2개지구 건설사업관리용역,충청남도 종합건설사업소,PQ,2774000000,2766558800,99.73175198,홍익+SR,99.04,2222215000,101.9,N
20201108761 - 00,20201109,어천~공주(4차) 지방도 확포장공사 등 2개지구 건설사업관리용역,충청남도 종합건설사업소,PQ,2774000000,2766558800,99.73175198,화신+건일,99,2151670000,98.6401,N
20201108761 - 00,20201109,어천~공주(4차) 지방도 확포장공사 등 2개지구 건설사업관리용역,충청남도 종합건설사업소,PQ,2774000000,2766558800,99.73175198,서영+신성+바우,98.9,2220400000,101.7003,N
20201108761 - 00,20201109,어천~공주(4차) 지방도 확포장공사 등 2개지구 건설사업관리용역,충청남도 종합건설사업소,PQ,2774000000,2766558800,99.73175198,KSM+한빙+삼영,98.75,2225400000,101.8129,N
20201108761 - 00,20201109,어천~공주(4차) 지방도 확포장공사 등 2개지구 건설사업관리용역,충청남도 종합건설사업소,PQ,2774000000,2766558800,99.73175198,하이콘+정안,98.74,2222780000,101.6931,N
20201108761 - 00,20201109,어천~공주(4차) 지방도 확포장공사 등 2개지구 건설사업관리용역,충청남도 종합건설사업소,PQ,2774000000,2766558800,99.73175198,동성+대웅,98.64,2122350000,96.9999,N
20201110219 - 00,20201109,천안 부성지구 도시개발사업 환지처분 용역,충청남도 천안시,PQ,1438800000,1435030375,99.73800215,건화+경동+드림,94.2,1206300000,102.6014,Y
20201110219 - 00,20201109,천안 부성지구 도시개발사업 환지처분 용역,충청남도 천안시,PQ,1438800000,1435030375,99.73800215,대콘+예당,88.24,1261300000,102.5002,N
2020UMM14732020-22336-01,20201110,20-00부대 사후환경영향조사용역(B272),국군재정관리단,PQ,530000000,525063527,99.06859,동명,98,455620000,99.102,N
2020UMM14732020-22336-01,20201110,20-00부대 사후환경영향조사용역(B272),국군재정관리단,PQ,530000000,525063527,99.06859,서영,97.89,454240000,98.8018,N
2020UMM14732020-22336-01,20201110,20-00부대 사후환경영향조사용역(B272),국군재정관리단,PQ,530000000,525063527,99.06859,다산,97.85,455587000,99.0948,N
2020UMM14732020-22336-01,20201110,20-00부대 사후환경영향조사용역(B272),국군재정관리단,PQ,530000000,525063527,99.06859,신성,97.76,456880000,99.3761,N
2020UMM14732020-22336-01,20201110,20-00부대 사후환경영향조사용역(B272),국군재정관리단,PQ,530000000,525063527,99.06859,평화,97.72,454030000,98.7562,N
2020UMM14732020-22336-01,20201110,20-00부대 사후환경영향조사용역(B272),국군재정관리단,PQ,530000000,525063527,99.06859,삼안,97.7,455400000,99.0542,N
2020UMM14732020-22336-01,20201110,20-00부대 사후환경영향조사용역(B272),국군재정관리단,PQ,530000000,525063527,99.06859,수성,97.66,455510000,99.0781,Y
2020UMM14732020-22336-01,20201110,20-00부대 사후환경영향조사용역(B272),국군재정관리단,PQ,530000000,525063527,99.06859,KG,97.66,454070000,98.7649,N
2020UMM14732020-22336-01,20201110,20-00부대 사후환경영향조사용역(B272),국군재정관리단,PQ,530000000,525063527,99.06859,동성,97.54,456800000,99.3587,N
2020UMM14732020-22336-01,20201110,20-00부대 사후환경영향조사용역(B272),국군재정관리단,PQ,530000000,525063527,99.06859,건화,97.39,455980000,99.1803,N
2020UMM14732020-22336-01,20201110,20-00부대 사후환경영향조사용역(B272),국군재정관리단,PQ,530000000,525063527,99.06859,도화,99.97,460000000,100.0432,N
2020UMM13432020-20267-02,20201110,20-육-00부대 설계용역(A133),국군재정관리단,PQ,507537000,503625140,99.22924634,천일,99.11,438000000,99.486,N
2020UMM13432020-20267-02,20201110,20-육-00부대 설계용역(A133),국군재정관리단,PQ,507537000,503625140,99.22924634,선진,97.52,435150000,98.8387,N
2020UMM13432020-20267-02,20201110,20-육-00부대 설계용역(A133),국군재정관리단,PQ,507537000,503625140,99.22924634,건화(중앙포럼+영설계+지앤텍),97,437170000,99.2631,Y
20201111697 - 00,20201110,담양군 자연재해저감종합계획 재수립 용역,전라남도 담양군,PQ,1307679000,1305694650,99.84825404,이산+한기+경호,97.97,1041100000,100.4027,N
20201111697 - 00,20201110,담양군 자연재해저감종합계획 재수립 용역,전라남도 담양군,PQ,1307679000,1305694650,99.84825404,도화+원우+유현,97.65,1037000000,99.7432,N
20201111697 - 00,20201110,담양군 자연재해저감종합계획 재수립 용역,전라남도 담양군,PQ,1307679000,1305694650,99.84825404,KG+우영,97.64,1041050000,100.1201,N
20201111697 - 00,20201110,담양군 자연재해저감종합계획 재수립 용역,전라남도 담양군,PQ,1307679000,1305694650,99.84825404,유신+신명+주하,97.62,1039308000,99.94,Y
20201111697 - 00,20201110,담양군 자연재해저감종합계획 재수립 용역,전라남도 담양군,PQ,1307679000,1305694650,99.84825404,건화+우리종합+수성+동서,97.53,1034600000,99.4123,N
20201111697 - 00,20201110,담양군 자연재해저감종합계획 재수립 용역,전라남도 담양군,PQ,1307679000,1305694650,99.84825404,평화+극동,97.52,1034800000,99.4315,N
20201111697 - 00,20201110,담양군 자연재해저감종합계획 재수립 용역,전라남도 담양군,PQ,1307679000,1305694650,99.84825404,삼안+동아+KCI,97.49,1052260000,101.0838,N
20201111697 - 00,20201110,담양군 자연재해저감종합계획 재수립 용역,전라남도 담양군,PQ,1307679000,1305694650,99.84825404,한종+신오+청명,97.19,1032500000,98.9494,N
20201111697 - 00,20201110,담양군 자연재해저감종합계획 재수립 용역,전라남도 담양군,PQ,1307679000,1305694650,99.84825404,화신+하이콘+강동,97.13,1029889000,98.6497,N
20201111697 - 00,20201110,담양군 자연재해저감종합계획 재수립 용역,전라남도 담양군,PQ,1307679000,1305694650,99.84825404,동부+우빈,97.01,1031976000,98.7507,N
20201111697 - 00,20201110,담양군 자연재해저감종합계획 재수립 용역,전라남도 담양군,PQ,1307679000,1305694650,99.84825404,다산+기림,96.74,1149280000,109.7422,N
20201112406 - 01,20201110,원주시 흥업 공공하수처리시설 증설 및 장양지구 하수관로 정비사업 건설사업관리용역,강원도 원주시 상하수도사업소,PQ,1508512000,1499253575,99.38625447,건화+서광+성우,100,0,0,N
20201112406 - 01,20201110,원주시 흥업 공공하수처리시설 증설 및 장양지구 하수관로 정비사업 건설사업관리용역,강원도 원주시 상하수도사업소,PQ,1508512000,1499253575,99.38625447,동명+정+정원,100,1176800000,100.0201,N
20201112406 - 01,20201110,원주시 흥업 공공하수처리시설 증설 및 장양지구 하수관로 정비사업 건설사업관리용역,강원도 원주시 상하수도사업소,PQ,1508512000,1499253575,99.38625447,선진+미래+동서,100,1178130000,100.1331,N
20201112406 - 01,20201110,원주시 흥업 공공하수처리시설 증설 및 장양지구 하수관로 정비사업 건설사업관리용역,강원도 원주시 상하수도사업소,PQ,1508512000,1499253575,99.38625447,유신+화신+건일,99.93,1178260000,100.08,N
20201112406 - 01,20201110,원주시 흥업 공공하수처리시설 증설 및 장양지구 하수관로 정비사업 건설사업관리용역,강원도 원주시 상하수도사업소,PQ,1508512000,1499253575,99.38625447,도화+경원+동해,99.8,1172200000,99.4633,Y
20201112406 - 01,20201110,원주시 흥업 공공하수처리시설 증설 및 장양지구 하수관로 정비사업 건설사업관리용역,강원도 원주시 상하수도사업소,PQ,1508512000,1499253575,99.38625447,한종+삼주+삼경,99.7,1173000000,99.4421,N
20201112406 - 01,20201110,원주시 흥업 공공하수처리시설 증설 및 장양지구 하수관로 정비사업 건설사업관리용역,강원도 원주시 상하수도사업소,PQ,1508512000,1499253575,99.38625447,신명+화인+서윤,99.58,1171000000,99.1838,N
20201112406 - 01,20201110,원주시 흥업 공공하수처리시설 증설 및 장양지구 하수관로 정비사업 건설사업관리용역,강원도 원주시 상하수도사업소,PQ,1508512000,1499253575,99.38625447,천일+성안+진화개발,99.55,1171390000,99.1914,N
20201112406 - 01,20201110,원주시 흥업 공공하수처리시설 증설 및 장양지구 하수관로 정비사업 건설사업관리용역,강원도 원주시 상하수도사업소,PQ,1508512000,1499253575,99.38625447,KG+일신+동남,99.53,1192820000,100.9803,N
20201112406 - 01,20201110,원주시 흥업 공공하수처리시설 증설 및 장양지구 하수관로 정비사업 건설사업관리용역,강원도 원주시 상하수도사업소,PQ,1508512000,1499253575,99.38625447,극동+현산+국일+HEC,99.52,1168128000,98.89,N
20201112406 - 01,20201110,원주시 흥업 공공하수처리시설 증설 및 장양지구 하수관로 정비사업 건설사업관리용역,강원도 원주시 상하수도사업소,PQ,1508512000,1499253575,99.38625447,경동+진화+고려,99.51,1169280000,98.9748,N
20201112406 - 01,20201110,원주시 흥업 공공하수처리시설 증설 및 장양지구 하수관로 정비사업 건설사업관리용역,강원도 원주시 상하수도사업소,PQ,1508512000,1499253575,99.38625447,동성+정민+영광,99.45,1197244000,101.2901,N
20201112406 - 01,20201110,원주시 흥업 공공하수처리시설 증설 및 장양지구 하수관로 정비사업 건설사업관리용역,강원도 원주시 상하수도사업소,PQ,1508512000,1499253575,99.38625447,제일+대성+한바로,99.37,1179000000,99.683,N
20201112406 - 01,20201110,원주시 흥업 공공하수처리시설 증설 및 장양지구 하수관로 정비사업 건설사업관리용역,강원도 원주시 상하수도사업소,PQ,1508512000,1499253575,99.38625447,서영+대상+제이엠,99.36,1197600000,101.2556,N
20201112406 - 01,20201110,원주시 흥업 공공하수처리시설 증설 및 장양지구 하수관로 정비사업 건설사업관리용역,강원도 원주시 상하수도사업소,PQ,1508512000,1499253575,99.38625447,삼안+한울+강원길,99.3,1168310000,98.7288,N
20201112406 - 01,20201110,원주시 흥업 공공하수처리시설 증설 및 장양지구 하수관로 정비사업 건설사업관리용역,강원도 원주시 상하수도사업소,PQ,1508512000,1499253575,99.38625447,홍익+청솔+서경,99.28,1208510000,102.0999,N
20201112406 - 01,20201110,원주시 흥업 공공하수처리시설 증설 및 장양지구 하수관로 정비사업 건설사업관리용역,강원도 원주시 상하수도사업소,PQ,1508512000,1499253575,99.38625447,경호+영화+효림,98.55,1400000000,117.5885,N
20201108830 - 00,20201110,"손불, 나산 하수관로 정비사업 외 2건 통합건설사업관리 용역 ",전라남도 함평군,PQ,1552665000,1570939900,101.1770021,동성+세원,100,1219478000,100.7,N
20201108830 - 00,20201110,"손불, 나산 하수관로 정비사업 외 2건 통합건설사업관리 용역 ",전라남도 함평군,PQ,1552665000,1570939900,101.1770021,동명+원우,99.87,1210488000,99.8424,N
20201108830 - 00,20201110,"손불, 나산 하수관로 정비사업 외 2건 통합건설사업관리 용역 ",전라남도 함평군,PQ,1552665000,1570939900,101.1770021,한종+우영,99.67,1214500000,100.0068,N
20201108830 - 00,20201110,"손불, 나산 하수관로 정비사업 외 2건 통합건설사업관리 용역 ",전라남도 함평군,PQ,1552665000,1570939900,101.1770021,신명+우정,99.65,1207998000,99.4587,N
20201108830 - 00,20201110,"손불, 나산 하수관로 정비사업 외 2건 통합건설사업관리 용역 ",전라남도 함평군,PQ,1552665000,1570939900,101.1770021,서영+우리,99.63,1222700000,100.6563,N
20201108830 - 00,20201110,"손불, 나산 하수관로 정비사업 외 2건 통합건설사업관리 용역 ",전라남도 함평군,PQ,1552665000,1570939900,101.1770021,수성+우빈,99.63,1209384000,99.5601,N
20201108830 - 00,20201110,"손불, 나산 하수관로 정비사업 외 2건 통합건설사업관리 용역 ",전라남도 함평군,PQ,1552665000,1570939900,101.1770021,천일+산하,99.63,1216400000,100.1377,N
20201108830 - 00,20201110,"손불, 나산 하수관로 정비사업 외 2건 통합건설사업관리 용역 ",전라남도 함평군,PQ,1552665000,1570939900,101.1770021,제일+원진,99.61,1224600000,100.7999,N
20201108830 - 00,20201110,"손불, 나산 하수관로 정비사업 외 2건 통합건설사업관리 용역 ",전라남도 함평군,PQ,1552665000,1570939900,101.1770021,건화+산이,99.6,0,0,N
20201108830 - 00,20201110,"손불, 나산 하수관로 정비사업 외 2건 통합건설사업관리 용역 ",전라남도 함평군,PQ,1552665000,1570939900,101.1770021,경동+건영,99.6,1198890000,98.6584,N
20201108830 - 00,20201110,"손불, 나산 하수관로 정비사업 외 2건 통합건설사업관리 용역 ",전라남도 함평군,PQ,1552665000,1570939900,101.1770021,대콘+동신,99.58,1222333000,100.5875,N
20201108830 - 00,20201110,"손불, 나산 하수관로 정비사업 외 2건 통합건설사업관리 용역 ",전라남도 함평군,PQ,1552665000,1570939900,101.1770021,경호+SE+동일,99.57,1202980000,98.9823,N
20201108830 - 00,20201110,"손불, 나산 하수관로 정비사업 외 2건 통합건설사업관리 용역 ",전라남도 함평군,PQ,1552665000,1570939900,101.1770021,도화+신오,99.57,1209600000,99.527,N
20201108830 - 00,20201110,"손불, 나산 하수관로 정비사업 외 2건 통합건설사업관리 용역 ",전라남도 함평군,PQ,1552665000,1570939900,101.1770021,유신+중원,99.57,1216345000,100.082,N
20201108830 - 00,20201110,"손불, 나산 하수관로 정비사업 외 2건 통합건설사업관리 용역 ",전라남도 함평군,PQ,1552665000,1570939900,101.1770021,삼안+동아,99.56,1228590000,101.0766,N
20201108830 - 00,20201110,"손불, 나산 하수관로 정비사업 외 2건 통합건설사업관리 용역 ",전라남도 함평군,PQ,1552665000,1570939900,101.1770021,경원+다우,99.53,1477777000,121.5463,Y
20201108830 - 00,20201110,"손불, 나산 하수관로 정비사업 외 2건 통합건설사업관리 용역 ",전라남도 함평군,PQ,1552665000,1570939900,101.1770021,선진+평화,99.53,1215900000,100.007,N
20201108830 - 00,20201110,"손불, 나산 하수관로 정비사업 외 2건 통합건설사업관리 용역 ",전라남도 함평군,PQ,1552665000,1570939900,101.1770021,한기+KG,99.53,1206340000,99.2207,N
20201108830 - 00,20201110,"손불, 나산 하수관로 정비사업 외 2건 통합건설사업관리 용역 ",전라남도 함평군,PQ,1552665000,1570939900,101.1770021,이산+하이콘,99.51,1222700000,100.5535,N
20201110030 - 00,20201109,계곡 태인 외 1건 농어촌마을하수도 정비공사 통합건설사업관리용역,전라남도 해남군,PQ,1244054000,1228117725,98.71900456,동명+원우,100,969330000,99.9,N
20201110030 - 00,20201109,계곡 태인 외 1건 농어촌마을하수도 정비공사 통합건설사업관리용역,전라남도 해남군,PQ,1244054000,1228117725,98.71900456,한종+우영,100,974500000,100.4329,N
20201110030 - 00,20201109,계곡 태인 외 1건 농어촌마을하수도 정비공사 통합건설사업관리용역,전라남도 해남군,PQ,1244054000,1228117725,98.71900456,경동+우빈,99.57,969299000,99.5395,N
20201110030 - 00,20201109,계곡 태인 외 1건 농어촌마을하수도 정비공사 통합건설사업관리용역,전라남도 해남군,PQ,1244054000,1228117725,98.71900456,동일+경호+에스이,99.57,975500000,100.1763,N
20201110030 - 00,20201109,계곡 태인 외 1건 농어촌마을하수도 정비공사 통합건설사업관리용역,전라남도 해남군,PQ,1244054000,1228117725,98.71900456,도화+건영,99.54,981200000,100.7359,N
20201110030 - 00,20201109,계곡 태인 외 1건 농어촌마을하수도 정비공사 통합건설사업관리용역,전라남도 해남군,PQ,1244054000,1228117725,98.71900456,건화+산하,99.53,0,0,N
20201110030 - 00,20201109,계곡 태인 외 1건 농어촌마을하수도 정비공사 통합건설사업관리용역,전라남도 해남군,PQ,1244054000,1228117725,98.71900456,경원+다우,99.53,976770000,100.2683,N
20201110030 - 00,20201109,계곡 태인 외 1건 농어촌마을하수도 정비공사 통합건설사업관리용역,전라남도 해남군,PQ,1244054000,1228117725,98.71900456,대콘+진성,99.53,981499000,100.7537,N
20201110030 - 00,20201109,계곡 태인 외 1건 농어촌마을하수도 정비공사 통합건설사업관리용역,전라남도 해남군,PQ,1244054000,1228117725,98.71900456,서영+평화,99.53,964900000,99.0498,N
20201110030 - 00,20201109,계곡 태인 외 1건 농어촌마을하수도 정비공사 통합건설사업관리용역,전라남도 해남군,PQ,1244054000,1228117725,98.71900456,수성+산이,99.53,974347000,100.0196,N
20201110030 - 00,20201109,계곡 태인 외 1건 농어촌마을하수도 정비공사 통합건설사업관리용역,전라남도 해남군,PQ,1244054000,1228117725,98.71900456,유신+중원,99.53,974683000,100.054,N
20201110030 - 00,20201109,계곡 태인 외 1건 농어촌마을하수도 정비공사 통합건설사업관리용역,전라남도 해남군,PQ,1244054000,1228117725,98.71900456,이산+영진,99.53,967269000,99.293,N
20201110030 - 00,20201109,계곡 태인 외 1건 농어촌마을하수도 정비공사 통합건설사업관리용역,전라남도 해남군,PQ,1244054000,1228117725,98.71900456,천일+신오,99.53,975000000,100.0866,N
20201110030 - 00,20201109,계곡 태인 외 1건 농어촌마을하수도 정비공사 통합건설사업관리용역,전라남도 해남군,PQ,1244054000,1228117725,98.71900456,삼안+동아,99.52,962390000,98.7921,Y
20201110030 - 00,20201109,계곡 태인 외 1건 농어촌마을하수도 정비공사 통합건설사업관리용역,전라남도 해남군,PQ,1244054000,1228117725,98.71900456,제일+원진,99.51,986450000,101.249,N
20201110030 - 00,20201109,계곡 태인 외 1건 농어촌마을하수도 정비공사 통합건설사업관리용역,전라남도 해남군,PQ,1244054000,1228117725,98.71900456,건양+하이콘,99.5,986946000,101.2999,N
20201110030 - 00,20201109,계곡 태인 외 1건 농어촌마을하수도 정비공사 통합건설사업관리용역,전라남도 해남군,PQ,1244054000,1228117725,98.71900456,동성+우리,99.5,980900000,100.6794,N
20201110030 - 00,20201109,계곡 태인 외 1건 농어촌마을하수도 정비공사 통합건설사업관리용역,전라남도 해남군,PQ,1244054000,1228117725,98.71900456,선진+마인,99.5,965000000,99.0474,N
20201110030 - 00,20201109,계곡 태인 외 1건 농어촌마을하수도 정비공사 통합건설사업관리용역,전라남도 해남군,PQ,1244054000,1228117725,98.71900456,신명+범한,99.5,982982000,100.8931,N
20201110030 - 00,20201109,계곡 태인 외 1건 농어촌마을하수도 정비공사 통합건설사업관리용역,전라남도 해남군,PQ,1244054000,1228117725,98.71900456,한기+KG,99.43,983390000,100.8706,N
20201111400 - 00,20201111,구미하수처리장 생물반응조 개량공사 실시설계,경상북도 구미시 상하수도사업소,PQ,569000000,569143700,100.0252548,도화+태성+한주+대콘,99.06,490270000,100.5349,Y
20201111400 - 00,20201111,구미하수처리장 생물반응조 개량공사 실시설계,경상북도 구미시 상하수도사업소,PQ,569000000,569143700,100.0252548,건화+명성,97.81,487600000,99.6618,N
20201111400 - 00,20201111,구미하수처리장 생물반응조 개량공사 실시설계,경상북도 구미시 상하수도사업소,PQ,569000000,569143700,100.0252548,삼안+청우E,97.74,487190000,99.5664,N
20201111400 - 00,20201111,구미하수처리장 생물반응조 개량공사 실시설계,경상북도 구미시 상하수도사업소,PQ,569000000,569143700,100.0252548,이산+세연,97.57,493590000,100.8275,N
20201111400 - 00,20201111,구미하수처리장 생물반응조 개량공사 실시설계,경상북도 구미시 상하수도사업소,PQ,569000000,569143700,100.0252548,선진+동진+반석,97.01,485460000,99.0286,N
20201111400 - 00,20201111,구미하수처리장 생물반응조 개량공사 실시설계,경상북도 구미시 상하수도사업소,PQ,569000000,569143700,100.0252548,동명+세원,97,486300000,99.2,N
20201111400 - 00,20201111,구미하수처리장 생물반응조 개량공사 실시설계,경상북도 구미시 상하수도사업소,PQ,569000000,569143700,100.0252548,범한+KCI,96.96,492500000,100.453,N
20201111400 - 00,20201111,구미하수처리장 생물반응조 개량공사 실시설계,경상북도 구미시 상하수도사업소,PQ,569000000,569143700,100.0252548,화신+주하,96.52,484280000,98.6619,N
20201111400 - 00,20201111,구미하수처리장 생물반응조 개량공사 실시설계,경상북도 구미시 상하수도사업소,PQ,569000000,569143700,100.0252548,HEC+동성,96.11,498200000,101.3921,N
20201111400 - 00,20201111,구미하수처리장 생물반응조 개량공사 실시설계,경상북도 구미시 상하수도사업소,PQ,569000000,569143700,100.0252548,제일+한도,94.74,504900000,102.3999,N
20201113560 - 00,20201111,의정부시 자원회수시설 현대화사업 전략환경영향평가 광릉숲 생물상조사용역,경기도 의정부시,PQ,1071627000,1075182200,100.3317572,건화+우신,99.97,942800000,102.8927,Y
20201113560 - 00,20201111,의정부시 자원회수시설 현대화사업 전략환경영향평가 광릉숲 생물상조사용역,경기도 의정부시,PQ,1071627000,1075182200,100.3317572,KG,95.05,964700000,102.2977,N
2004791 - 00,20201111,대전연축 도시개발사업 환경영향평가용역,한국토지주택공사,PQ,819500000,812913000,99.19621721,도화+선진+엔탑,99.17,699280000,99.5625,N
2004791 - 00,20201111,대전연축 도시개발사업 환경영향평가용역,한국토지주택공사,PQ,819500000,812913000,99.19621721,동명+예평+드림,99.06,702177000,99.94,N
2004791 - 00,20201111,대전연축 도시개발사업 환경영향평가용역,한국토지주택공사,PQ,819500000,812913000,99.19621721,신성+유신+효산,98.87,702580000,99.9391,N
2004791 - 00,20201111,대전연축 도시개발사업 환경영향평가용역,한국토지주택공사,PQ,819500000,812913000,99.19621721,동일+다원,98.84,699490000,99.4996,N
2004791 - 00,20201111,대전연축 도시개발사업 환경영향평가용역,한국토지주택공사,PQ,819500000,812913000,99.19621721,세광+수성+보드,98.78,700940000,99.6826,N
2004791 - 00,20201111,대전연축 도시개발사업 환경영향평가용역,한국토지주택공사,PQ,819500000,812913000,99.19621721,평화+한맥+이산,98.64,708340000,100.6998,N
2004791 - 00,20201111,대전연축 도시개발사업 환경영향평가용역,한국토지주택공사,PQ,819500000,812913000,99.19621721,서영+CNS,98.57,699700000,99.4483,N
2004791 - 00,20201111,대전연축 도시개발사업 환경영향평가용역,한국토지주택공사,PQ,819500000,812913000,99.19621721,경동+신일환경,98.53,698750000,99.3017,Y
2004791 - 00,20201111,대전연축 도시개발사업 환경영향평가용역,한국토지주택공사,PQ,819500000,812913000,99.19621721,동성+홍익+동아,98.5,697990000,99.1821,N
2004791 - 00,20201111,대전연축 도시개발사업 환경영향평가용역,한국토지주택공사,PQ,819500000,812913000,99.19621721,삼안+건화+다산,98.32,737550000,104.7547,N
20201113387 - 00,20201111,진천음성 광역폐기물 소각처리시설 증설사업 기본계획 보완 및 입찰안내서 작성,한국환경공단,PQ,221441000,220895200,99.75352351,한종+삼안+홍익,97.05,192550000,99.9404,Y
20201113387 - 00,20201111,진천음성 광역폐기물 소각처리시설 증설사업 기본계획 보완 및 입찰안내서 작성,한국환경공단,PQ,221441000,220895200,99.75352351,도화+건양,96.19,194220000,100.7262,N
20201113387 - 00,20201111,진천음성 광역폐기물 소각처리시설 증설사업 기본계획 보완 및 입찰안내서 작성,한국환경공단,PQ,221441000,220895200,99.75352351,동일,92.66,192000000,99.233,N
20201113387 - 00,20201111,진천음성 광역폐기물 소각처리시설 증설사업 기본계획 보완 및 입찰안내서 작성,한국환경공단,PQ,221441000,220895200,99.75352351,세원+한광,92.42,192173660,99.3,N
20201113387 - 00,20201111,진천음성 광역폐기물 소각처리시설 증설사업 기본계획 보완 및 입찰안내서 작성,한국환경공단,PQ,221441000,220895200,99.75352351,동부+동림,91.77,191906000,99.105,N
20201113387 - 00,20201111,진천음성 광역폐기물 소각처리시설 증설사업 기본계획 보완 및 입찰안내서 작성,한국환경공단,PQ,221441000,220895200,99.75352351,건화+청우종합,95.6,191900000,98.8983,N
20201113321 - 02,20201111,영종-청라 연결도로(제3연륙교) 건설공사 사후환경영향조사 용역,인천광역시 경제자유구역청,PQ,2995300000,2997381775,100.0695014,도화+양지,98.43,2361850000,99.8062,N
20201113321 - 02,20201111,영종-청라 연결도로(제3연륙교) 건설공사 사후환경영향조사 용역,인천광역시 경제자유구역청,PQ,2995300000,2997381775,100.0695014,서영+동성+퍼스트,98.39,2386300000,100.8011,Y
20201113321 - 02,20201111,영종-청라 연결도로(제3연륙교) 건설공사 사후환경영향조사 용역,인천광역시 경제자유구역청,PQ,2995300000,2997381775,100.0695014,천일+신성+효산,98.36,2365267000,99.9,N
20201113321 - 02,20201111,영종-청라 연결도로(제3연륙교) 건설공사 사후환경영향조사 용역,인천광역시 경제자유구역청,PQ,2995300000,2997381775,100.0695014,건화+동아+세일+우신,98.22,0,0,N
20201113321 - 02,20201111,영종-청라 연결도로(제3연륙교) 건설공사 사후환경영향조사 용역,인천광역시 경제자유구역청,PQ,2995300000,2997381775,100.0695014,한맥+선진+건일+중천,98.14,2357900000,99.4002,N
20201113321 - 02,20201111,영종-청라 연결도로(제3연륙교) 건설공사 사후환경영향조사 용역,인천광역시 경제자유구역청,PQ,2995300000,2997381775,100.0695014,유신+레오,98.06,2352738000,99.12,N
20201113321 - 02,20201111,영종-청라 연결도로(제3연륙교) 건설공사 사후환경영향조사 용역,인천광역시 경제자유구역청,PQ,2995300000,2997381775,100.0695014,평화+메이텍+신일,98.06,2359800000,99.4175,N
20201113321 - 02,20201111,영종-청라 연결도로(제3연륙교) 건설공사 사후환경영향조사 용역,인천광역시 경제자유구역청,PQ,2995300000,2997381775,100.0695014,홍익+마린+혜인,97.72,2359900000,99.159,N
20201113321 - 02,20201111,영종-청라 연결도로(제3연륙교) 건설공사 사후환경영향조사 용역,인천광역시 경제자유구역청,PQ,2995300000,2997381775,100.0695014,이산+동일+라임+한국환경,97.26,2424777000,101.5018,N
20201113321 - 02,20201111,영종-청라 연결도로(제3연륙교) 건설공사 사후환경영향조사 용역,인천광역시 경제자유구역청,PQ,2995300000,2997381775,100.0695014,경동+다산+국토환경,97.12,2353590000,98.4108,N
20201113321 - 02,20201111,영종-청라 연결도로(제3연륙교) 건설공사 사후환경영향조사 용역,인천광역시 경제자유구역청,PQ,2995300000,2997381775,100.0695014,KG+대영+수성+엔탑,96.91,2450000000,102.2755,N
20201113321 - 02,20201111,영종-청라 연결도로(제3연륙교) 건설공사 사후환경영향조사 용역,인천광역시 경제자유구역청,PQ,2995300000,2997381775,100.0695014,삼안+휴먼+한솔,94.82,2835800000,116.4299,N
2004794 - 00,20201111,아산탕정2 도시개발사업 전략 및 환경영향평가용역,한국토지주택공사,PQ,2008820000,2006492000,99.88411107,도화+선진+신일,99.14,1628100000,100.5491,Y
2004794 - 00,20201111,아산탕정2 도시개발사업 전략 및 환경영향평가용역,한국토지주택공사,PQ,2008820000,2006492000,99.88411107,유신+신성+레오,99.02,1618515000,99.858,N
2004794 - 00,20201111,아산탕정2 도시개발사업 전략 및 환경영향평가용역,한국토지주택공사,PQ,2008820000,2006492000,99.88411107,동성+한맥+동명,98.84,1616934000,99.6,N
2004794 - 00,20201111,아산탕정2 도시개발사업 전략 및 환경영향평가용역,한국토지주택공사,PQ,2008820000,2006492000,99.88411107,이산+평화+KG,98.72,1643000000,101.1055,N
2004794 - 00,20201111,아산탕정2 도시개발사업 전략 및 환경영향평가용역,한국토지주택공사,PQ,2008820000,2006492000,99.88411107,삼안+건화+다산,98.37,0,0,N
2004794 - 00,20201111,아산탕정2 도시개발사업 전략 및 환경영향평가용역,한국토지주택공사,PQ,2008820000,2006492000,99.88411107,서영+동일+CNS,98.2,1664000000,101.9441,N
2004794 - 00,20201111,아산탕정2 도시개발사업 전략 및 환경영향평가용역,한국토지주택공사,PQ,2008820000,2006492000,99.88411107,천일+건일+강호,95.44,1777000000,106.3284,N
20201113635 - 01,20201111,미사경정공원 안전시설 강화 및 노후시설 정비사업 공원조성계획(변경) 및 실시설계용역,서울올림픽기념국민체육진흥공단,PQ,553601800,551469100,99.6147592,도화,99.55,476230000,100.6187,N
20201113635 - 01,20201111,미사경정공원 안전시설 강화 및 노후시설 정비사업 공원조성계획(변경) 및 실시설계용역,서울올림픽기념국민체육진흥공단,PQ,553601800,551469100,99.6147592,유신,97.94,473356000,99.988,N
20201113635 - 01,20201111,미사경정공원 안전시설 강화 및 노후시설 정비사업 공원조성계획(변경) 및 실시설계용역,서울올림픽기념국민체육진흥공단,PQ,553601800,551469100,99.6147592,KG,97.45,472830000,99.6207,Y
20201113635 - 01,20201111,미사경정공원 안전시설 강화 및 노후시설 정비사업 공원조성계획(변경) 및 실시설계용역,서울올림픽기념국민체육진흥공단,PQ,553601800,551469100,99.6147592,경호,96.24,480923000,101.0899,N
20201113635 - 01,20201111,미사경정공원 안전시설 강화 및 노후시설 정비사업 공원조성계획(변경) 및 실시설계용역,서울올림픽기념국민체육진흥공단,PQ,553601800,551469100,99.6147592,한종,96.47,471500000,99.0631,N
20201113635 - 01,20201111,미사경정공원 안전시설 강화 및 노후시설 정비사업 공원조성계획(변경) 및 실시설계용역,서울올림픽기념국민체육진흥공단,PQ,553601800,551469100,99.6147592,선진,96.01,480670000,100.849,N
20201113635 - 01,20201111,미사경정공원 안전시설 강화 및 노후시설 정비사업 공원조성계획(변경) 및 실시설계용역,서울올림픽기념국민체육진흥공단,PQ,553601800,551469100,99.6147592,건화(청운+오월건축),96,482690000,101.2728,N
20201113635 - 01,20201111,미사경정공원 안전시설 강화 및 노후시설 정비사업 공원조성계획(변경) 및 실시설계용역,서울올림픽기념국민체육진흥공단,PQ,553601800,551469100,99.6147592,화신,91.11,489059000,101.2914,N
20201113635 - 01,20201111,미사경정공원 안전시설 강화 및 노후시설 정비사업 공원조성계획(변경) 및 실시설계용역,서울올림픽기념국민체육진흥공단,PQ,553601800,551469100,99.6147592,동일,90.92,492000000,101.7256,N
20201115593 - 00,20201112,신금로 일원 침수예방사업 건설사업관리용역,부산광역시 연제구,PQ,629100000,626034750,99.51275632,건양+상지,99.93,534532000,99.36,N
20201115593 - 00,20201112,신금로 일원 침수예방사업 건설사업관리용역,부산광역시 연제구,PQ,629100000,626034750,99.51275632,건화+나우(이호기술단),99.82,537500000,99.8884,Y
20201115593 - 00,20201112,신금로 일원 침수예방사업 건설사업관리용역,부산광역시 연제구,PQ,629100000,626034750,99.51275632,선일+도화,99.73,540269000,100.3795,N
20201115593 - 00,20201112,신금로 일원 침수예방사업 건설사업관리용역,부산광역시 연제구,PQ,629100000,626034750,99.51275632,범한+이화,99.68,537653000,99.8701,N
20201115593 - 00,20201112,신금로 일원 침수예방사업 건설사업관리용역,부산광역시 연제구,PQ,629100000,626034750,99.51275632,한종+거원,99.65,537550000,99.851,N
20201115593 - 00,20201112,신금로 일원 침수예방사업 건설사업관리용역,부산광역시 연제구,PQ,629100000,626034750,99.51275632,제일+세일,99.61,540570000,100.4002,N
20201115593 - 00,20201112,신금로 일원 침수예방사업 건설사업관리용역,부산광역시 연제구,PQ,629100000,626034750,99.51275632,대콘+대진,99.57,535246000,99.3998,N
20201115593 - 00,20201112,신금로 일원 침수예방사업 건설사업관리용역,부산광역시 연제구,PQ,629100000,626034750,99.51275632,서영+HK,99.54,535250000,99.3889,N
20201115593 - 00,20201112,신금로 일원 침수예방사업 건설사업관리용역,부산광역시 연제구,PQ,629100000,626034750,99.51275632,KSM+문창,99.5,541803000,100.6057,N
20201115593 - 00,20201112,신금로 일원 침수예방사업 건설사업관리용역,부산광역시 연제구,PQ,629100000,626034750,99.51275632,경원+조은,99.49,540770000,100.4022,N
20201115593 - 00,20201112,신금로 일원 침수예방사업 건설사업관리용역,부산광역시 연제구,PQ,629100000,626034750,99.51275632,동성+미래+광명,99.41,533818000,99.0998,N
20201115593 - 00,20201112,신금로 일원 침수예방사업 건설사업관리용역,부산광역시 연제구,PQ,629100000,626034750,99.51275632,천일+HM,99.41,534740000,99.271,N
20201115593 - 00,20201112,신금로 일원 침수예방사업 건설사업관리용역,부산광역시 연제구,PQ,629100000,626034750,99.51275632,경호+경성,99.37,533690000,99.0645,N
20201115593 - 00,20201112,신금로 일원 침수예방사업 건설사업관리용역,부산광역시 연제구,PQ,629100000,626034750,99.51275632,삼영+평화,99.28,542627000,100.6999,N
20201115593 - 00,20201112,신금로 일원 침수예방사업 건설사업관리용역,부산광역시 연제구,PQ,629100000,626034750,99.51275632,용마+청남,99.22,545930000,101.2892,N
20201115593 - 00,20201112,신금로 일원 침수예방사업 건설사업관리용역,부산광역시 연제구,PQ,629100000,626034750,99.51275632,화신+대원,99.14,532419000,98.7709,N
20201115593 - 00,20201112,신금로 일원 침수예방사업 건설사업관리용역,부산광역시 연제구,PQ,629100000,626034750,99.51275632,이산+한진,99.08,547780000,101.5969,N
20201115593 - 00,20201112,신금로 일원 침수예방사업 건설사업관리용역,부산광역시 연제구,PQ,629100000,626034750,99.51275632,다산+한가람,99.05,537553000,99.7001,N
20201115593 - 00,20201112,신금로 일원 침수예방사업 건설사업관리용역,부산광역시 연제구,PQ,629100000,626034750,99.51275632,우빈+하나,98.89,533811000,98.9599,N
2004805 - 00,20201112,광주선운2 공공주택지구 사후환경영향조사(공사시) 용역,한국토지주택공사,PQ,673640000,669900000,99.44480732,유신+디에스,100,578215000,100.397,N
2004805 - 00,20201112,광주선운2 공공주택지구 사후환경영향조사(공사시) 용역,한국토지주택공사,PQ,673640000,669900000,99.44480732,이산+평화+휴먼,99.27,579370000,100.3745,N
2004805 - 00,20201112,광주선운2 공공주택지구 사후환경영향조사(공사시) 용역,한국토지주택공사,PQ,673640000,669900000,99.44480732,동명+예평+동진,99.26,576500000,99.8773,Y
2004805 - 00,20201112,광주선운2 공공주택지구 사후환경영향조사(공사시) 용역,한국토지주택공사,PQ,673640000,669900000,99.44480732,건화+우신,99.24,576600000,99.8946,N
2004805 - 00,20201112,광주선운2 공공주택지구 사후환경영향조사(공사시) 용역,한국토지주택공사,PQ,673640000,669900000,99.44480732,도화+신일,99.24,580350000,100.5443,N
2004805 - 00,20201112,광주선운2 공공주택지구 사후환경영향조사(공사시) 용역,한국토지주택공사,PQ,673640000,669900000,99.44480732,동일+다원,99.24,581800000,100.7955,N
2004805 - 00,20201112,광주선운2 공공주택지구 사후환경영향조사(공사시) 용역,한국토지주택공사,PQ,673640000,669900000,99.44480732,KG+한맥+CNS,99.24,580555000,100.5798,N
2004805 - 00,20201112,광주선운2 공공주택지구 사후환경영향조사(공사시) 용역,한국토지주택공사,PQ,673640000,669900000,99.44480732,홍익+신성+중천,99.24,580613000,100.5781,N
2004805 - 00,20201112,광주선운2 공공주택지구 사후환경영향조사(공사시) 용역,한국토지주택공사,PQ,673640000,669900000,99.44480732,수성+보드플랜+엔탑,99.21,580569000,100.5705,N
2004805 - 00,20201112,광주선운2 공공주택지구 사후환경영향조사(공사시) 용역,한국토지주택공사,PQ,673640000,669900000,99.44480732,동성+레오,99.18,579944000,100.4505,N
2004805 - 00,20201112,광주선운2 공공주택지구 사후환경영향조사(공사시) 용역,한국토지주택공사,PQ,673640000,669900000,99.44480732,삼안+다산+국토환경,99.18,581130000,100.6559,N
2004805 - 00,20201112,광주선운2 공공주택지구 사후환경영향조사(공사시) 용역,한국토지주택공사,PQ,673640000,669900000,99.44480732,선진+동아+한국환경,99.09,573400000,99.2938,N
2004805 - 00,20201112,광주선운2 공공주택지구 사후환경영향조사(공사시) 용역,한국토지주택공사,PQ,673640000,669900000,99.44480732,천일+대영+강호,98.78,572780000,99.094,N
2004805 - 00,20201112,광주선운2 공공주택지구 사후환경영향조사(공사시) 용역,한국토지주택공사,PQ,673640000,669900000,99.44480732,서영+퍼스트,98.68,584500000,101.0981,N
2004805 - 00,20201112,광주선운2 공공주택지구 사후환경영향조사(공사시) 용역,한국토지주택공사,PQ,673640000,669900000,99.44480732,세광+제일+대현,97.91,591000000,101.9847,N
20201115076 - 00,20201112,신당천(신당지구) 하천재해예방사업 건설사업관리용역,경상북도 경주시,PQ,2035000000,2037340300,100.1150025,한종+태성+현진,99.91,1591710000,100.2072,Y
20201115076 - 00,20201112,신당천(신당지구) 하천재해예방사업 건설사업관리용역,경상북도 경주시,PQ,2035000000,2037340300,100.1150025,건화+청명+한도,99.17,1618000000,101.2397,N
20201115076 - 00,20201112,신당천(신당지구) 하천재해예방사업 건설사업관리용역,경상북도 경주시,PQ,2035000000,2037340300,100.1150025,수성+해인,98.72,1586244000,98.9001,N
20201115076 - 00,20201112,신당천(신당지구) 하천재해예방사업 건설사업관리용역,경상북도 경주시,PQ,2035000000,2037340300,100.1150025,동성+DS,98.64,1587290000,98.89,N
20201115076 - 00,20201112,신당천(신당지구) 하천재해예방사업 건설사업관리용역,경상북도 경주시,PQ,2035000000,2037340300,100.1150025,삼안+해동+한백,98.63,1632400000,101.7004,N
20201115076 - 00,20201112,신당천(신당지구) 하천재해예방사업 건설사업관리용역,경상북도 경주시,PQ,2035000000,2037340300,100.1150025,극동+상금,98.54,1638453000,102,N
20201115076 - 00,20201112,신당천(신당지구) 하천재해예방사업 건설사업관리용역,경상북도 경주시,PQ,2035000000,2037340300,100.1150025,서영+세원,97.62,1700000000,105.0463,N
20201114897 - 00,20201112,강릉시 수도정비 기본계획(변경) 수립 용역,강원도 강릉시 상하수도사업소,PQ,1796800000,1812652300,100.8822518,도화+화신+삼주,98.55,1427600000,100.6682,N
20201114897 - 00,20201112,강릉시 수도정비 기본계획(변경) 수립 용역,강원도 강릉시 상하수도사업소,PQ,1796800000,1812652300,100.8822518,KG+서광+동남,98.45,1426900000,100.5297,N
20201114897 - 00,20201112,강릉시 수도정비 기본계획(변경) 수립 용역,강원도 강릉시 상하수도사업소,PQ,1796800000,1812652300,100.8822518,삼안+제일+경원+삼경,98.1,1416140000,99.4945,N
20201114897 - 00,20201112,강릉시 수도정비 기본계획(변경) 수립 용역,강원도 강릉시 상하수도사업소,PQ,1796800000,1812652300,100.8822518,한종+일신+진화,98.04,1439800000,101.1057,Y
20201114897 - 00,20201112,강릉시 수도정비 기본계획(변경) 수립 용역,강원도 강릉시 상하수도사업소,PQ,1796800000,1812652300,100.8822518,동명+고려+한울,97.87,1414590000,99.1978,N
20201114897 - 00,20201112,강릉시 수도정비 기본계획(변경) 수립 용역,강원도 강릉시 상하수도사업소,PQ,1796800000,1812652300,100.8822518,범한+대성,97.7,1429350000,100.0941,N
20201114897 - 00,20201112,강릉시 수도정비 기본계획(변경) 수립 용역,강원도 강릉시 상하수도사업소,PQ,1796800000,1812652300,100.8822518,경동+동서+미래+성우,97.54,1730800000,121.0516,N
20201114897 - 00,20201112,강릉시 수도정비 기본계획(변경) 수립 용역,강원도 강릉시 상하수도사업소,PQ,1796800000,1812652300,100.8822518,건화+정+정원,97.44,1411800000,98.6664,N
20201114404 - 01,20201112,대전도시철도 2호선 건설사업 환경영향평가 용역,대전광역시,PQ,709000000,703235875,99.18700635,건화+강호+송현,97.97,612300000,100.4841,N
20201114404 - 01,20201112,대전도시철도 2호선 건설사업 환경영향평가 용역,대전광역시,PQ,709000000,703235875,99.18700635,동명+드림+디에스,97.92,610950000,100.2509,N
20201114404 - 01,20201112,대전도시철도 2호선 건설사업 환경영향평가 용역,대전광역시,PQ,709000000,703235875,99.18700635,평화+홍익+우신,97.92,608960000,99.9244,N
20201114404 - 01,20201112,대전도시철도 2호선 건설사업 환경영향평가 용역,대전광역시,PQ,709000000,703235875,99.18700635,동일+삼육+CNS,97.76,613900000,100.6881,N
20201114404 - 01,20201112,대전도시철도 2호선 건설사업 환경영향평가 용역,대전광역시,PQ,709000000,703235875,99.18700635,한맥+천일+소운,97.72,607860000,99.6859,N
20201114404 - 01,20201112,대전도시철도 2호선 건설사업 환경영향평가 용역,대전광역시,PQ,709000000,703235875,99.18700635,유신+레오,97.7,606876000,99.5245,Y
20201114404 - 01,20201112,대전도시철도 2호선 건설사업 환경영향평가 용역,대전광역시,PQ,709000000,703235875,99.18700635,도화+양지+지명,97.66,617320000,101.2255,N
20201114404 - 01,20201112,대전도시철도 2호선 건설사업 환경영향평가 용역,대전광역시,PQ,709000000,703235875,99.18700635,KG+신성+한경,97.47,603910000,98.9806,N
20201114404 - 01,20201112,대전도시철도 2호선 건설사업 환경영향평가 용역,대전광역시,PQ,709000000,703235875,99.18700635,삼안+경동+퍼스트,97.16,618970000,101.3664,N
20201114404 - 01,20201112,대전도시철도 2호선 건설사업 환경영향평가 용역,대전광역시,PQ,709000000,703235875,99.18700635,동부+휴먼+동아,97.12,615890000,100.8503,N
20201116323 - 00,20201113,칠성·문법 농어촌마을하수도 정비사업 기본 및 실시설계용역,충청북도 괴산군,PQ,1246200000,1256867525,100.8560043,도화+건양,99.9,984100000,101.1568,Y
20201116323 - 00,20201113,칠성·문법 농어촌마을하수도 정비사업 기본 및 실시설계용역,충청북도 괴산군,PQ,1246200000,1256867525,100.8560043,이산+동림,98.1,976300000,98.8981,N
20201116323 - 00,20201113,칠성·문법 농어촌마을하수도 정비사업 기본 및 실시설계용역,충청북도 괴산군,PQ,1246200000,1256867525,100.8560043,건화+청우,98.03,977780000,98.9856,N
20201116323 - 00,20201113,칠성·문법 농어촌마을하수도 정비사업 기본 및 실시설계용역,충청북도 괴산군,PQ,1246200000,1256867525,100.8560043,동명+대원,97.9,975950000,98.7007,N
20201116323 - 00,20201113,칠성·문법 농어촌마을하수도 정비사업 기본 및 실시설계용역,충청북도 괴산군,PQ,1246200000,1256867525,100.8560043,한종+영진+창민,97.84,975800000,98.6358,N
20201116323 - 00,20201113,칠성·문법 농어촌마을하수도 정비사업 기본 및 실시설계용역,충청북도 괴산군,PQ,1246200000,1256867525,100.8560043,삼안+홍익,97.8,1010350000,102.1025,N
20201116323 - 00,20201113,칠성·문법 농어촌마을하수도 정비사업 기본 및 실시설계용역,충청북도 괴산군,PQ,1246200000,1256867525,100.8560043,선진+선,96.97,1027440000,102.5,N
20201116323 - 00,20201113,칠성·문법 농어촌마을하수도 정비사업 기본 및 실시설계용역,충청북도 괴산군,PQ,1246200000,1256867525,100.8560043,화신+도우,95.92,1171480000,115.89,N
20201115175 - 00,20201113,흥해 우목리 도시계획도로(중1-183) 개설공사 실시설계용역,경상북도 포항시 건설교통사업본부,PQ,536500000,539930975,100.6395107,평화+태성,98.5,466740000,100.1407,N
20201115175 - 00,20201113,흥해 우목리 도시계획도로(중1-183) 개설공사 실시설계용역,경상북도 포항시 건설교통사업본부,PQ,536500000,539930975,100.6395107,KG+삼보,98.5,464310000,99.6193,N
20201115175 - 00,20201113,흥해 우목리 도시계획도로(중1-183) 개설공사 실시설계용역,경상북도 포항시 건설교통사업본부,PQ,536500000,539930975,100.6395107,보람+경동,98.5,469905000,100.8197,N
20201115175 - 00,20201113,흥해 우목리 도시계획도로(중1-183) 개설공사 실시설계용역,경상북도 포항시 건설교통사업본부,PQ,536500000,539930975,100.6395107,다산+경원,98.5,463382000,99.4202,N
20201115175 - 00,20201113,흥해 우목리 도시계획도로(중1-183) 개설공사 실시설계용역,경상북도 포항시 건설교통사업본부,PQ,536500000,539930975,100.6395107,서영+건일,98.5,464500000,99.6601,N
20201115175 - 00,20201113,흥해 우목리 도시계획도로(중1-183) 개설공사 실시설계용역,경상북도 포항시 건설교통사업본부,PQ,536500000,539930975,100.6395107,유신+해동,98.5,464486000,99.6571,N
20201115175 - 00,20201113,흥해 우목리 도시계획도로(중1-183) 개설공사 실시설계용역,경상북도 포항시 건설교통사업본부,PQ,536500000,539930975,100.6395107,한맥+동진,98.5,465710000,99.9197,N
20201115175 - 00,20201113,흥해 우목리 도시계획도로(중1-183) 개설공사 실시설계용역,경상북도 포항시 건설교통사업본부,PQ,536500000,539930975,100.6395107,동성+진성,98.5,464033000,99.5599,N
20201115175 - 00,20201113,흥해 우목리 도시계획도로(중1-183) 개설공사 실시설계용역,경상북도 포항시 건설교통사업본부,PQ,536500000,539930975,100.6395107,천일+현대,98.43,468840000,100.5797,N
20201115175 - 00,20201113,흥해 우목리 도시계획도로(중1-183) 개설공사 실시설계용역,경상북도 포항시 건설교통사업본부,PQ,536500000,539930975,100.6395107,건화+한백(세원),98.42,470800000,101.0001,N
20201115175 - 00,20201113,흥해 우목리 도시계획도로(중1-183) 개설공사 실시설계용역,경상북도 포항시 건설교통사업본부,PQ,536500000,539930975,100.6395107,삼안+주하,98.42,468820000,100.5754,N
20201115175 - 00,20201113,흥해 우목리 도시계획도로(중1-183) 개설공사 실시설계용역,경상북도 포항시 건설교통사업본부,PQ,536500000,539930975,100.6395107,홍익+강동,98.42,462315000,99.1799,N
20201115175 - 00,20201113,흥해 우목리 도시계획도로(중1-183) 개설공사 실시설계용역,경상북도 포항시 건설교통사업본부,PQ,536500000,539930975,100.6395107,동명+세원,98.2,466700000,100.0975,N
20201115175 - 00,20201113,흥해 우목리 도시계획도로(중1-183) 개설공사 실시설계용역,경상북도 포항시 건설교통사업본부,PQ,536500000,539930975,100.6395107,바우+상금,98.18,468680000,100.5222,N
20201115175 - 00,20201113,흥해 우목리 도시계획도로(중1-183) 개설공사 실시설계용역,경상북도 포항시 건설교통사업본부,PQ,536500000,539930975,100.6395107,신성+승보,98.12,469480000,100.6938,Y
20201115175 - 00,20201113,흥해 우목리 도시계획도로(중1-183) 개설공사 실시설계용역,경상북도 포항시 건설교통사업본부,PQ,536500000,539930975,100.6395107,제일+정도,98.03,463270000,99.3504,N
20201115175 - 00,20201113,흥해 우목리 도시계획도로(중1-183) 개설공사 실시설계용역,경상북도 포항시 건설교통사업본부,PQ,536500000,539930975,100.6395107,극동+해인,97.83,471209000,101.0297,N
20201115175 - 00,20201113,흥해 우목리 도시계획도로(중1-183) 개설공사 실시설계용역,경상북도 포항시 건설교통사업본부,PQ,536500000,539930975,100.6395107,한종+DS,97.76,465440000,99.7813,N
20201115175 - 00,20201113,흥해 우목리 도시계획도로(중1-183) 개설공사 실시설계용역,경상북도 포항시 건설교통사업본부,PQ,536500000,539930975,100.6395107,도화+한도,97.6,463830000,99.4248,N
20201115175 - 00,20201113,흥해 우목리 도시계획도로(중1-183) 개설공사 실시설계용역,경상북도 포항시 건설교통사업본부,PQ,536500000,539930975,100.6395107,경호+진양,96.75,472725000,101.2499,N
20201115175 - 00,20201113,흥해 우목리 도시계획도로(중1-183) 개설공사 실시설계용역,경상북도 포항시 건설교통사업본부,PQ,536500000,539930975,100.6395107,드림+반석,96.56,470880000,100.8316,N
20201115175 - 00,20201113,흥해 우목리 도시계획도로(중1-183) 개설공사 실시설계용역,경상북도 포항시 건설교통사업본부,PQ,536500000,539930975,100.6395107,화신+KCI,96.45,461815000,98.8791,N
20201115175 - 00,20201113,흥해 우목리 도시계획도로(중1-183) 개설공사 실시설계용역,경상북도 포항시 건설교통사업본부,PQ,536500000,539930975,100.6395107,대콘+청명,95.6,472856000,101.1618,N
20201115175 - 00,20201113,흥해 우목리 도시계획도로(중1-183) 개설공사 실시설계용역,경상북도 포항시 건설교통사업본부,PQ,536500000,539930975,100.6395107,동일+명성,95.57,473500000,101.2995,N
20201115175 - 00,20201113,흥해 우목리 도시계획도로(중1-183) 개설공사 실시설계용역,경상북도 포항시 건설교통사업본부,PQ,536500000,539930975,100.6395107,이산+강산,94.82,460780000,98.4991,N
20201115175 - 00,20201113,흥해 우목리 도시계획도로(중1-183) 개설공사 실시설계용역,경상북도 포항시 건설교통사업본부,PQ,536500000,539930975,100.6395107,한기+동아컨,94.44,474409000,101.3776,N
20201115175 - 00,20201113,흥해 우목리 도시계획도로(중1-183) 개설공사 실시설계용역,경상북도 포항시 건설교통사업본부,PQ,536500000,539930975,100.6395107,용마+새길,92.4,461499000,98.6189,N
20201118424 - 00,20201116,오송 바이오산업단지 조성사업 환경영향평가 용역,충북개발공사,PQ,411510000,414581975,100.7465128,홍익+신성+소운,99.5,357850000,100.1904,N
20201118424 - 00,20201116,오송 바이오산업단지 조성사업 환경영향평가 용역,충북개발공사,PQ,411510000,414581975,100.7465128,평화+호암+한국환경,99.26,356730000,99.8538,N
20201118424 - 00,20201116,오송 바이오산업단지 조성사업 환경영향평가 용역,충북개발공사,PQ,411510000,414581975,100.7465128,도화+지명+신일,99.07,357330000,100.0102,N
20201118424 - 00,20201116,오송 바이오산업단지 조성사업 환경영향평가 용역,충북개발공사,PQ,411510000,414581975,100.7465128,수성+도명,98.87,355806000,99.5607,N
20201118424 - 00,20201116,오송 바이오산업단지 조성사업 환경영향평가 용역,충북개발공사,PQ,411510000,414581975,100.7465128,서영+유일,98.76,358100000,100.1911,N
20201118424 - 00,20201116,오송 바이오산업단지 조성사업 환경영향평가 용역,충북개발공사,PQ,411510000,414581975,100.7465128,동명+옥토+자연,98.72,356800000,99.8274,N
20201118424 - 00,20201116,오송 바이오산업단지 조성사업 환경영향평가 용역,충북개발공사,PQ,411510000,414581975,100.7465128,경동+좋은+동국,98.42,355717000,99.49,N
20201118424 - 00,20201116,오송 바이오산업단지 조성사업 환경영향평가 용역,충북개발공사,PQ,411510000,414581975,100.7465128,이산+명지+한맥,98.08,361241000,101.0001,Y
20201118424 - 00,20201116,오송 바이오산업단지 조성사업 환경영향평가 용역,충북개발공사,PQ,411510000,414581975,100.7465128,동부+동아+국토,97.91,359535000,100.5116,N
20201118424 - 00,20201116,오송 바이오산업단지 조성사업 환경영향평가 용역,충북개발공사,PQ,411510000,414581975,100.7465128,KG+동일+건양,97.74,355355000,99.3202,N
20201118424 - 00,20201116,오송 바이오산업단지 조성사업 환경영향평가 용역,충북개발공사,PQ,411510000,414581975,100.7465128,건화+선+우신,97.37,363240000,101.489,N
20201118424 - 00,20201116,오송 바이오산업단지 조성사업 환경영향평가 용역,충북개발공사,PQ,411510000,414581975,100.7465128,동성+호연+디에스,97.34,361490000,101,N
20201118424 - 00,20201116,오송 바이오산업단지 조성사업 환경영향평가 용역,충북개발공사,PQ,411510000,414581975,100.7465128,삼안+영진+휴먼,96.87,366190000,102.2662,N
20201118387 - 00,20201116,오송 바이오산업단지 조성사업 조사설계 용역,충북개발공사,PQ,1605186000,1599379300,99.63825376,건화+홍익,100,1258160000,100.4948,N
20201118387 - 00,20201116,오송 바이오산업단지 조성사업 조사설계 용역,충북개발공사,PQ,1605186000,1599379300,99.63825376,삼안+KG+청우,100,1251800000,99.9868,Y
20201118387 - 00,20201116,오송 바이오산업단지 조성사업 조사설계 용역,충북개발공사,PQ,1605186000,1599379300,99.63825376,유신+건양+세원,100,1263107000,100.89,N
20201118387 - 00,20201116,오송 바이오산업단지 조성사업 조사설계 용역,충북개발공사,PQ,1605186000,1599379300,99.63825376,도화+영진,99.95,1243100000,99.241,N
20201118387 - 00,20201116,오송 바이오산업단지 조성사업 조사설계 용역,충북개발공사,PQ,1605186000,1599379300,99.63825376,동명+대원,99.84,1256500000,100.2209,N
20201118387 - 00,20201116,오송 바이오산업단지 조성사업 조사설계 용역,충북개발공사,PQ,1605186000,1599379300,99.63825376,한종+창민,99.54,1242900000,98.8956,N
20201118387 - 00,20201116,오송 바이오산업단지 조성사업 조사설계 용역,충북개발공사,PQ,1605186000,1599379300,99.63825376,경동+지명,99.4,1277290000,101.5152,N
20201118387 - 00,20201116,오송 바이오산업단지 조성사업 조사설계 용역,충북개발공사,PQ,1605186000,1599379300,99.63825376,동일+선+도우,98.89,1450000000,114.7586,N
20201117395 - 00,20201116,영종도 해저송수관로 건설공사 건설사업관리용역,인천광역시 상수도사업본부,PQ,2775000000,2765329150,99.6515009,도화+건화+장원,99.97,2168800000,100.1794,Y
20201117395 - 00,20201116,영종도 해저송수관로 건설공사 건설사업관리용역,인천광역시 상수도사업본부,PQ,2775000000,2765329150,99.6515009,한종+도담,99.1,2171300000,99.5801,N
20201117395 - 00,20201116,영종도 해저송수관로 건설공사 건설사업관리용역,인천광역시 상수도사업본부,PQ,2775000000,2765329150,99.6515009,범한+극동,98.32,2500000000,113.9299,N
20201118727 - 01,20201116,오라 아라 하수관로 정비사업 건설사업관리용역,제주특별자치도 상하수도본부,PQ,1980100000,1993049900,100.6540023,수성+태신,99.97,1549350000,100.2962,N
20201118727 - 01,20201116,오라 아라 하수관로 정비사업 건설사업관리용역,제주특별자치도 상하수도본부,PQ,1980100000,1993049900,100.6540023,동성+토펙,99.93,1543800000,99.8985,N
20201118727 - 01,20201116,오라 아라 하수관로 정비사업 건설사업관리용역,제주특별자치도 상하수도본부,PQ,1980100000,1993049900,100.6540023,삼안+JPM,99.85,1557490000,100.7198,Y
20201118727 - 01,20201116,오라 아라 하수관로 정비사업 건설사업관리용역,제주특별자치도 상하수도본부,PQ,1980100000,1993049900,100.6540023,건화+한라(웅진),99.7,1540000000,99.4614,N
20201118727 - 01,20201116,오라 아라 하수관로 정비사업 건설사업관리용역,제주특별자치도 상하수도본부,PQ,1980100000,1993049900,100.6540023,신명+도암,99.62,1538330000,99.2901,N
20201118727 - 01,20201116,오라 아라 하수관로 정비사업 건설사업관리용역,제주특별자치도 상하수도본부,PQ,1980100000,1993049900,100.6540023,이산+제원,99.61,1539999000,99.3978,N
20201118727 - 01,20201116,오라 아라 하수관로 정비사업 건설사업관리용역,제주특별자치도 상하수도본부,PQ,1980100000,1993049900,100.6540023,한종+한일,99.54,1533000000,98.8829,N
20201118727 - 01,20201116,오라 아라 하수관로 정비사업 건설사업관리용역,제주특별자치도 상하수도본부,PQ,1980100000,1993049900,100.6540023,범한+해오름,99.5,1533700000,98.9027,N
20201118727 - 01,20201116,오라 아라 하수관로 정비사업 건설사업관리용역,제주특별자치도 상하수도본부,PQ,1980100000,1993049900,100.6540023,동명+청풍,99.49,1569500000,101.1984,N
20201118727 - 01,20201116,오라 아라 하수관로 정비사업 건설사업관리용역,제주특별자치도 상하수도본부,PQ,1980100000,1993049900,100.6540023,도화+해진,99.38,1533700000,98.8018,N
20201118727 - 01,20201116,오라 아라 하수관로 정비사업 건설사업관리용역,제주특별자치도 상하수도본부,PQ,1980100000,1993049900,100.6540023,경원+부림,99.34,1533080000,98.7241,N
20201118727 - 01,20201116,오라 아라 하수관로 정비사업 건설사업관리용역,제주특별자치도 상하수도본부,PQ,1980100000,1993049900,100.6540023,서영+DKL,99.18,1535000000,98.7219,N
20201118727 - 01,20201116,오라 아라 하수관로 정비사업 건설사업관리용역,제주특별자치도 상하수도본부,PQ,1980100000,1993049900,100.6540023,제일+리헌,98.82,1861200000,119.3515,N
20201118716 - 00,20201116,고부~영원간 지방도 확포장공사 감독권한대행 등 건설사업관리용역,전라북도,PQ,2575188000,2607339300,101.248503,건화+한가람(세웅이엔씨),100,2012500000,100.1983,N
20201118716 - 00,20201116,고부~영원간 지방도 확포장공사 감독권한대행 등 건설사업관리용역,전라북도,PQ,2575188000,2607339300,101.248503,동명+신한,100,2021900000,100.6663,N
20201118716 - 00,20201116,고부~영원간 지방도 확포장공사 감독권한대행 등 건설사업관리용역,전라북도,PQ,2575188000,2607339300,101.248503,도화+JCN,100,1995200000,99.3369,N
20201118716 - 00,20201116,고부~영원간 지방도 확포장공사 감독권한대행 등 건설사업관리용역,전라북도,PQ,2575188000,2607339300,101.248503,한종+목양,99.98,2027600000,100.9242,N
20201118716 - 00,20201116,고부~영원간 지방도 확포장공사 감독권한대행 등 건설사업관리용역,전라북도,PQ,2575188000,2607339300,101.248503,이산+주영,99.94,2027700000,100.9033,N
20201118716 - 00,20201116,고부~영원간 지방도 확포장공사 감독권한대행 등 건설사업관리용역,전라북도,PQ,2575188000,2607339300,101.248503,동부+인우,99.65,1998326000,99.2,N
20201118716 - 00,20201116,고부~영원간 지방도 확포장공사 감독권한대행 등 건설사업관리용역,전라북도,PQ,2575188000,2607339300,101.248503,동일+온길,99.62,2035000000,100.9948,N
20201118716 - 00,20201116,고부~영원간 지방도 확포장공사 감독권한대행 등 건설사업관리용역,전라북도,PQ,2575188000,2607339300,101.248503,한맥+아라,99.53,2037000000,101.0166,N
20201118716 - 00,20201116,고부~영원간 지방도 확포장공사 감독권한대행 등 건설사업관리용역,전라북도,PQ,2575188000,2607339300,101.248503,KSM+현성+천마,99.52,2002441000,99.3028,N
20201118716 - 00,20201116,고부~영원간 지방도 확포장공사 감독권한대행 등 건설사업관리용역,전라북도,PQ,2575188000,2607339300,101.248503,신명+세화,99.48,2041481000,101.2,N
20201118716 - 00,20201116,고부~영원간 지방도 확포장공사 감독권한대행 등 건설사업관리용역,전라북도,PQ,2575188000,2607339300,101.248503,선진+유일,99.44,1995189000,98.88,N
20201118716 - 00,20201116,고부~영원간 지방도 확포장공사 감독권한대행 등 건설사업관리용역,전라북도,PQ,2575188000,2607339300,101.248503,삼보+천마,99.43,2034700000,100.8252,N
20201118716 - 00,20201116,고부~영원간 지방도 확포장공사 감독권한대행 등 건설사업관리용역,전라북도,PQ,2575188000,2607339300,101.248503,용마+대왕+다음,99.42,2041160000,101.1325,N
20201118716 - 00,20201116,고부~영원간 지방도 확포장공사 감독권한대행 등 건설사업관리용역,전라북도,PQ,2575188000,2607339300,101.248503,천일+새움,99.42,2036000000,100.8768,N
20201118716 - 00,20201116,고부~영원간 지방도 확포장공사 감독권한대행 등 건설사업관리용역,전라북도,PQ,2575188000,2607339300,101.248503,유신+국성,99.4,1992118000,98.69,N
20201118716 - 00,20201116,고부~영원간 지방도 확포장공사 감독권한대행 등 건설사업관리용역,전라북도,PQ,2575188000,2607339300,101.248503,대콘+유현,99.39,2034490000,100.7891,N
20201118716 - 00,20201116,고부~영원간 지방도 확포장공사 감독권한대행 등 건설사업관리용역,전라북도,PQ,2575188000,2607339300,101.248503,수성+더한,99.35,2039532000,101.0131,N
20201118716 - 00,20201116,고부~영원간 지방도 확포장공사 감독권한대행 등 건설사업관리용역,전라북도,PQ,2575188000,2607339300,101.248503,경원+고산+화신,99.34,1993100000,98.6883,N
20201118716 - 00,20201116,고부~영원간 지방도 확포장공사 감독권한대행 등 건설사업관리용역,전라북도,PQ,2575188000,2607339300,101.248503,홍익+대성,99.32,1991570000,98.6,N
20201118716 - 00,20201116,고부~영원간 지방도 확포장공사 감독권한대행 등 건설사업관리용역,전라북도,PQ,2575188000,2607339300,101.248503,KCI+조화,99.32,1989600000,98.5024,N
20201118716 - 00,20201116,고부~영원간 지방도 확포장공사 감독권한대행 등 건설사업관리용역,전라북도,PQ,2575188000,2607339300,101.248503,극동+건일,99.3,2041170000,101.0427,N
20201118716 - 00,20201116,고부~영원간 지방도 확포장공사 감독권한대행 등 건설사업관리용역,전라북도,PQ,2575188000,2607339300,101.248503,KG+성광,99.28,2049310000,101.4198,Y
20201118716 - 00,20201116,고부~영원간 지방도 확포장공사 감독권한대행 등 건설사업관리용역,전라북도,PQ,2575188000,2607339300,101.248503,평화+성원,99.25,1990270000,98.4854,N
20201118716 - 00,20201116,고부~영원간 지방도 확포장공사 감독권한대행 등 건설사업관리용역,전라북도,PQ,2575188000,2607339300,101.248503,동성+길건축,99.2,1989550000,98.3996,N
20201118716 - 00,20201116,고부~영원간 지방도 확포장공사 감독권한대행 등 건설사업관리용역,전라북도,PQ,2575188000,2607339300,101.248503,서영+항도,99.2,1990600000,98.4515,N
20201118716 - 00,20201116,고부~영원간 지방도 확포장공사 감독권한대행 등 건설사업관리용역,전라북도,PQ,2575188000,2607339300,101.248503,동해+태평,99.19,2003570000,99.093,N
20201118716 - 00,20201116,고부~영원간 지방도 확포장공사 감독권한대행 등 건설사업관리용역,전라북도,PQ,2575188000,2607339300,101.248503,삼안+가온,98.95,2057220000,101.5395,N
20201118716 - 00,20201116,고부~영원간 지방도 확포장공사 감독권한대행 등 건설사업관리용역,전라북도,PQ,2575188000,2607339300,101.248503,경동+동온,98.75,1993389000,98.2391,N
20201118716 - 00,20201116,고부~영원간 지방도 확포장공사 감독권한대행 등 건설사업관리용역,전라북도,PQ,2575188000,2607339300,101.248503,하이콘+태조+범산,98.68,2188950000,107.8084,N
20201118716 - 00,20201116,고부~영원간 지방도 확포장공사 감독권한대행 등 건설사업관리용역,전라북도,PQ,2575188000,2607339300,101.248503,우빈+금산+SE,98.65,2068840000,101.867,N
20201117209 - 00,20201113,영춘정수장 현대화사업 기본 및 실시설계용역,충청북도 단양군 상하수도사업소,PQ,678800000,681533925,100.4027585,도화+영진+대콘,99.63,583850000,100.499,Y
20201117209 - 00,20201113,영춘정수장 현대화사업 기본 및 실시설계용역,충청북도 단양군 상하수도사업소,PQ,678800000,681533925,100.4027585,한종+청우+건양,98.23,581400000,99.7277,N
20201117209 - 00,20201113,영춘정수장 현대화사업 기본 및 실시설계용역,충청북도 단양군 상하수도사업소,PQ,678800000,681533925,100.4027585,동명+대원,98.2,590640000,101.3009,N
20201117209 - 00,20201113,영춘정수장 현대화사업 기본 및 실시설계용역,충청북도 단양군 상하수도사업소,PQ,678800000,681533925,100.4027585,경동+지명,97.86,580497000,99.4686,N
20201117209 - 00,20201113,영춘정수장 현대화사업 기본 및 실시설계용역,충청북도 단양군 상하수도사업소,PQ,678800000,681533925,100.4027585,건화+홍익(테크피아),97.75,590900000,101.2276,N
20201117209 - 00,20201113,영춘정수장 현대화사업 기본 및 실시설계용역,충청북도 단양군 상하수도사업소,PQ,678800000,681533925,100.4027585,범한+진우,97.24,579000000,99.0623,N
20201117209 - 00,20201113,영춘정수장 현대화사업 기본 및 실시설계용역,충청북도 단양군 상하수도사업소,PQ,678800000,681533925,100.4027585,화신+동림,94.23,606430000,102.9661,N
20201117169 - 00,20201113,구리시 도로자동청소시스템 설치사업외 2건 통합건설사업관리용역,경기도 구리시,PQ,1367000000,1362991300,99.70675201,동명+경호,100,1072900000,100.6292,Y
20201117169 - 00,20201113,구리시 도로자동청소시스템 설치사업외 2건 통합건설사업관리용역,경기도 구리시,PQ,1367000000,1362991300,99.70675201,한종+동양,99.67,1065000000,99.6073,N
20201117169 - 00,20201113,구리시 도로자동청소시스템 설치사업외 2건 통합건설사업관리용역,경기도 구리시,PQ,1367000000,1362991300,99.70675201,건화+유신,99.63,1066000000,99.6753,N
20201117169 - 00,20201113,구리시 도로자동청소시스템 설치사업외 2건 통합건설사업관리용역,경기도 구리시,PQ,1367000000,1362991300,99.70675201,이산,99.63,1076760000,100.6814,N
20201117169 - 00,20201113,구리시 도로자동청소시스템 설치사업외 2건 통합건설사업관리용역,경기도 구리시,PQ,1367000000,1362991300,99.70675201,극동+신성,99.63,1065300000,99.6099,N
20201117169 - 00,20201113,구리시 도로자동청소시스템 설치사업외 2건 통합건설사업관리용역,경기도 구리시,PQ,1367000000,1362991300,99.70675201,동해+㈜한종,99.54,1064200000,99.4307,N
20201117169 - 00,20201113,구리시 도로자동청소시스템 설치사업외 2건 통합건설사업관리용역,경기도 구리시,PQ,1367000000,1362991300,99.70675201,선진+용마,99.53,1061470000,99.163,N
20201117169 - 00,20201113,구리시 도로자동청소시스템 설치사업외 2건 통합건설사업관리용역,경기도 구리시,PQ,1367000000,1362991300,99.70675201,도화+KG,99.49,1082800000,101.1298,N
20201117169 - 00,20201113,구리시 도로자동청소시스템 설치사업외 2건 통합건설사업관리용역,경기도 구리시,PQ,1367000000,1362991300,99.70675201,경원+건영,99.47,1062280000,99.2007,N
20201117169 - 00,20201113,구리시 도로자동청소시스템 설치사업외 2건 통합건설사업관리용역,경기도 구리시,PQ,1367000000,1362991300,99.70675201,우빈+대건,99.32,1083786000,101.08,N
20201117169 - 00,20201113,구리시 도로자동청소시스템 설치사업외 2건 통합건설사업관리용역,경기도 구리시,PQ,1367000000,1362991300,99.70675201,동성+오이디,99.21,1094600000,101.9975,N
20201117169 - 00,20201113,구리시 도로자동청소시스템 설치사업외 2건 통합건설사업관리용역,경기도 구리시,PQ,1367000000,1362991300,99.70675201,서영+진우,97.89,1200000000,110.6212,N
20201115821 - 00,20201113,창원시 노후하수관로 정밀조사용역(4단계),경상남도 창원시 하수도사업소,PQ,2055000000,2017902150,98.19475182,범한+동아,99.74,1621000000,100.9157,N
20201115821 - 00,20201113,창원시 노후하수관로 정밀조사용역(4단계),경상남도 창원시 하수도사업소,PQ,2055000000,2017902150,98.19475182,도화+수성,99.1,1608893000,99.6394,N
20201115821 - 00,20201113,창원시 노후하수관로 정밀조사용역(4단계),경상남도 창원시 하수도사업소,PQ,2055000000,2017902150,98.19475182,삼안+HEC,98.1,1608200000,98.7918,N
20201115821 - 00,20201113,창원시 노후하수관로 정밀조사용역(4단계),경상남도 창원시 하수도사업소,PQ,2055000000,2017902150,98.19475182,건화+경화+에코베이스,97.9,1604800000,98.4214,Y
20201115821 - 00,20201113,창원시 노후하수관로 정밀조사용역(4단계),경상남도 창원시 하수도사업소,PQ,2055000000,2017902150,98.19475182,KG+한성+한종,97.8,1637000000,100.3203,N
20201115821 - 00,20201113,창원시 노후하수관로 정밀조사용역(4단계),경상남도 창원시 하수도사업소,PQ,2055000000,2017902150,98.19475182,화신+자연과환경+대한E,97.73,1605789000,98.3457,N
20201115821 - 00,20201113,창원시 노후하수관로 정밀조사용역(4단계),경상남도 창원시 하수도사업소,PQ,2055000000,2017902150,98.19475182,이산+태성,97.7,1605670000,98.3137,N
20201115821 - 00,20201113,창원시 노후하수관로 정밀조사용역(4단계),경상남도 창원시 하수도사업소,PQ,2055000000,2017902150,98.19475182,제일+한도,97.7,1654280000,101.29,N
20201115821 - 00,20201113,창원시 노후하수관로 정밀조사용역(4단계),경상남도 창원시 하수도사업소,PQ,2055000000,2017902150,98.19475182,동명+화인텍,97.65,1656700000,101.3999,N
20201115821 - 00,20201113,창원시 노후하수관로 정밀조사용역(4단계),경상남도 창원시 하수도사업소,PQ,2055000000,2017902150,98.19475182,세원+지산+홍익,97.64,1669819000,102.19,N
20201115821 - 00,20201113,창원시 노후하수관로 정밀조사용역(4단계),경상남도 창원시 하수도사업소,PQ,2055000000,2017902150,98.19475182,브니엘+신명,97.6,1649118100,100.8978,N
20201115821 - 00,20201113,창원시 노후하수관로 정밀조사용역(4단계),경상남도 창원시 하수도사업소,PQ,2055000000,2017902150,98.19475182,대아이엔지,97.5,1635719347,100.0026,N
20201115821 - 00,20201113,창원시 노후하수관로 정밀조사용역(4단계),경상남도 창원시 하수도사업소,PQ,2055000000,2017902150,98.19475182,대양환경기술,97.4,1645490000,100.5115,N
20201115821 - 00,20201113,창원시 노후하수관로 정밀조사용역(4단계),경상남도 창원시 하수도사업소,PQ,2055000000,2017902150,98.19475182,단,97.3,1634832000,99.7853,N
20201118925 - 00,20201116,명지천 및 삼거리천 재해복구사업 실시설계용역,충청북도 제천시,PQ,2392000000,2407129450,100.6325021,이산+홍익,99.5,1885000000,100.6248,N
20201118925 - 00,20201116,명지천 및 삼거리천 재해복구사업 실시설계용역,충청북도 제천시,PQ,2392000000,2407129450,100.6325021,건화+KCI+대원,97.9,1882000000,99.1605,N
20201118925 - 00,20201116,명지천 및 삼거리천 재해복구사업 실시설계용역,충청북도 제천시,PQ,2392000000,2407129450,100.6325021,동부+지명,97.9,1916915000,101.0002,Y
20201118925 - 00,20201116,명지천 및 삼거리천 재해복구사업 실시설계용역,충청북도 제천시,PQ,2392000000,2407129450,100.6325021,삼안+청우건축,97.9,1887490000,99.4498,N
20201118925 - 00,20201116,명지천 및 삼거리천 재해복구사업 실시설계용역,충청북도 제천시,PQ,2392000000,2407129450,100.6325021,유신,97.9,1886545000,99.4,N
20201118925 - 00,20201116,명지천 및 삼거리천 재해복구사업 실시설계용역,충청북도 제천시,PQ,2392000000,2407129450,100.6325021,한종+영진,97.9,1917000000,101.0047,N
20201118925 - 00,20201116,명지천 및 삼거리천 재해복구사업 실시설계용역,충청북도 제천시,PQ,2392000000,2407129450,100.6325021,KG,97.8,1878090000,98.8798,N
20201118925 - 00,20201116,명지천 및 삼거리천 재해복구사업 실시설계용역,충청북도 제천시,PQ,2392000000,2407129450,100.6325021,다산,97.7,1878420000,98.81,N
20201118925 - 00,20201116,명지천 및 삼거리천 재해복구사업 실시설계용역,충청북도 제천시,PQ,2392000000,2407129450,100.6325021,동성,97.6,1872988000,98.45,N
20201118925 - 00,20201116,명지천 및 삼거리천 재해복구사업 실시설계용역,충청북도 제천시,PQ,2392000000,2407129450,100.6325021,도화+건양+삼경,97.6,1931000000,101.4992,N
20201118925 - 00,20201116,명지천 및 삼거리천 재해복구사업 실시설계용역,충청북도 제천시,PQ,2392000000,2407129450,100.6325021,화신+선+고려,97.54,1876790000,98.6002,N
20201118925 - 00,20201116,명지천 및 삼거리천 재해복구사업 실시설계용역,충청북도 제천시,PQ,2392000000,2407129450,100.6325021,평화+경동+동해,97.5,1943200000,102.0635,N
20201118925 - 00,20201116,명지천 및 삼거리천 재해복구사업 실시설계용역,충청북도 제천시,PQ,2392000000,2407129450,100.6325021,KSM+세광+도우,97.3,1931886000,101.3038,N
20201119272 - 00,20201116,남해군 하수관거 정비사업 기본 및 실시설계용역,경상남도 남해군,PQ,976800000,976524100,99.97175471,도화+한성,98.3,843750000,100.5869,N
20201119272 - 00,20201116,남해군 하수관거 정비사업 기본 및 실시설계용역,경상남도 남해군,PQ,976800000,976524100,99.97175471,건화+수성,98.2,0,0,N
20201119272 - 00,20201116,남해군 하수관거 정비사업 기본 및 실시설계용역,경상남도 남해군,PQ,976800000,976524100,99.97175471,동명+한올,98.12,841990000,100.3303,N
20201119272 - 00,20201116,남해군 하수관거 정비사업 기본 및 실시설계용역,경상남도 남해군,PQ,976800000,976524100,99.97175471,선진+경화+평화,98.1,841300000,100.2481,N
20201119272 - 00,20201116,남해군 하수관거 정비사업 기본 및 실시설계용역,경상남도 남해군,PQ,976800000,976524100,99.97175471,제일+우진,98.04,836560000,99.6601,N
20201119272 - 00,20201116,남해군 하수관거 정비사업 기본 및 실시설계용역,경상남도 남해군,PQ,976800000,976524100,99.97175471,유신+천진,98.02,835216000,99.5,N
20201119272 - 00,20201116,남해군 하수관거 정비사업 기본 및 실시설계용역,경상남도 남해군,PQ,976800000,976524100,99.97175471,한종+HEC,97.86,833600000,99.2613,N
20201119272 - 00,20201116,남해군 하수관거 정비사업 기본 및 실시설계용역,경상남도 남해군,PQ,976800000,976524100,99.97175471,범한+신명,97.86,840796000,100.1181,Y
20201119272 - 00,20201116,남해군 하수관거 정비사업 기본 및 실시설계용역,경상남도 남해군,PQ,976800000,976524100,99.97175471,이산+신화+하이콘,97.84,834520000,99.3708,N
20201119272 - 00,20201116,남해군 하수관거 정비사업 기본 및 실시설계용역,경상남도 남해군,PQ,976800000,976524100,99.97175471,경동+하우,97.77,847895000,100.94,N
20201119272 - 00,20201116,남해군 하수관거 정비사업 기본 및 실시설계용역,경상남도 남해군,PQ,976800000,976524100,99.97175471,KG+KSM+삼안,97.7,850000000,101.1788,N
20201119272 - 00,20201116,남해군 하수관거 정비사업 기본 및 실시설계용역,경상남도 남해군,PQ,976800000,976524100,99.97175471,건양+금성+로텍,97.42,850183000,101.13,N
20201119272 - 00,20201116,남해군 하수관거 정비사업 기본 및 실시설계용역,경상남도 남해군,PQ,976800000,976524100,99.97175471,화신+혜인+서화,97,877800000,104.306,N
20201119272 - 00,20201116,남해군 하수관거 정비사업 기본 및 실시설계용역,경상남도 남해군,PQ,976800000,976524100,99.97175471,정+주원,96.01,833994000,98.8483,N
20201119382 - 01,20201116,월내~길천지구 연안정비사업 외 2건 건설사업관리용역,부산광역시 기장군,PQ,653000000,652469500,99.91875957,유신+경성,99.6,558311000,99.9,N
20201119382 - 01,20201116,월내~길천지구 연안정비사업 외 2건 건설사업관리용역,부산광역시 기장군,PQ,653000000,652469500,99.91875957,한종+선일,99.6,561200000,100.4169,N
20201119382 - 01,20201116,월내~길천지구 연안정비사업 외 2건 건설사업관리용역,부산광역시 기장군,PQ,653000000,652469500,99.91875957,서영+삼영,99.45,560530000,100.2502,Y
20201119382 - 01,20201116,월내~길천지구 연안정비사업 외 2건 건설사업관리용역,부산광역시 기장군,PQ,653000000,652469500,99.91875957,천일+거원,99.24,557470000,99.6563,N
20201119382 - 01,20201116,월내~길천지구 연안정비사업 외 2건 건설사업관리용역,부산광역시 기장군,PQ,653000000,652469500,99.91875957,조은+건화,99.18,0,0,N
20201119382 - 01,20201116,월내~길천지구 연안정비사업 외 2건 건설사업관리용역,부산광역시 기장군,PQ,653000000,652469500,99.91875957,도화+한가람,98.92,556350000,99.3749,N
20201119382 - 01,20201116,월내~길천지구 연안정비사업 외 2건 건설사업관리용역,부산광역시 기장군,PQ,653000000,652469500,99.91875957,한항+나우,98.89,566291000,101.1282,N
20201119382 - 01,20201116,월내~길천지구 연안정비사업 외 2건 건설사업관리용역,부산광역시 기장군,PQ,653000000,652469500,99.91875957,청출어람+홍익+원공,98.38,564300000,100.6541,N
20201119382 - 01,20201116,월내~길천지구 연안정비사업 외 2건 건설사업관리용역,부산광역시 기장군,PQ,653000000,652469500,99.91875957,세일+이화,97.9,556579000,99.1498,N
20201118678 - 02,20201116,창녕군 노후정수장(상월) 정비사업 기본 및 실시설계 용역,경상남도 창녕군,PQ,692780000,700002300,101.0425099,한종+경화+수성,99.72,592400000,99.9364,N
20201118678 - 02,20201116,창녕군 노후정수장(상월) 정비사업 기본 및 실시설계 용역,경상남도 창녕군,PQ,692780000,700002300,101.0425099,유신+천진,97.9,594953000,99.9,N
20201118678 - 02,20201116,창녕군 노후정수장(상월) 정비사업 기본 및 실시설계 용역,경상남도 창녕군,PQ,692780000,700002300,101.0425099,KG+KSM,97.9,591500000,99.3202,N
20201118678 - 02,20201116,창녕군 노후정수장(상월) 정비사업 기본 및 실시설계 용역,경상남도 창녕군,PQ,692780000,700002300,101.0425099,동명+한성,97.88,598170000,100.4402,N
20201118678 - 02,20201116,창녕군 노후정수장(상월) 정비사업 기본 및 실시설계 용역,경상남도 창녕군,PQ,692780000,700002300,101.0425099,건화+HEC+동신,97.85,600000000,100.7358,N
20201118678 - 02,20201116,창녕군 노후정수장(상월) 정비사업 기본 및 실시설계 용역,경상남도 창녕군,PQ,692780000,700002300,101.0425099,제일+한올,97.83,599489000,100.65,N
20201118678 - 02,20201116,창녕군 노후정수장(상월) 정비사업 기본 및 실시설계 용역,경상남도 창녕군,PQ,692780000,700002300,101.0425099,범한+KCI,97.8,594490000,99.7991,N
20201118678 - 02,20201116,창녕군 노후정수장(상월) 정비사업 기본 및 실시설계 용역,경상남도 창녕군,PQ,692780000,700002300,101.0425099,도화+로텍+금성,97.79,592500000,99.465,N
20201118678 - 02,20201116,창녕군 노후정수장(상월) 정비사업 기본 및 실시설계 용역,경상남도 창녕군,PQ,692780000,700002300,101.0425099,삼안+우진,97.78,603130000,101.2495,Y
20201118678 - 02,20201116,창녕군 노후정수장(상월) 정비사업 기본 및 실시설계 용역,경상남도 창녕군,PQ,692780000,700002300,101.0425099,이산+신화,97.72,603490000,101.2864,N
20201118678 - 02,20201116,창녕군 노후정수장(상월) 정비사업 기본 및 실시설계 용역,경상남도 창녕군,PQ,692780000,700002300,101.0425099,경동+하우,97.62,623320000,104.5902,N
20201118678 - 02,20201116,창녕군 노후정수장(상월) 정비사업 기본 및 실시설계 용역,경상남도 창녕군,PQ,692780000,700002300,101.0425099,화신+혜인,97.33,588808000,98.7304,N
20201117972 - 00,20201116,명동천 하천재해예방사업 건설사업관리용역,전라남도,PQ,1742000000,1739979325,99.88400258,극동+원우,100,1361186000,100.185,Y
20201117972 - 00,20201116,명동천 하천재해예방사업 건설사업관리용역,전라남도,PQ,1742000000,1739979325,99.88400258,도화+하이콘+동아,100,1700000000,125.1221,N
20201117972 - 00,20201116,명동천 하천재해예방사업 건설사업관리용역,전라남도,PQ,1742000000,1739979325,99.88400258,삼안+원진,99.81,1353412000,99.447,N
20201117972 - 00,20201116,북성천 하천재해예방사업 건설사업관리용역,전라남도,PQ,1718000000,1705394225,99.26625291,유신+평화+우리,100,1335943000,99.7007,Y
20201117972 - 00,20201116,북성천 하천재해예방사업 건설사업관리용역,전라남도,PQ,1718000000,1705394225,99.26625291,신명+동일,99.95,1339900000,99.9447,N
20201117972 - 00,20201116,북성천 하천재해예방사업 건설사업관리용역,전라남도,PQ,1718000000,1705394225,99.26625291,천일+산이,99.79,1529000000,113.9039,N
20201117972 - 00,20201116,월암천 하천재해예방사업 건설사업관리용역,전라남도,PQ,1223000000,1230671325,100.6272547,수성+우빈,100,952925000,99.9,N
20201117972 - 00,20201116,월암천 하천재해예방사업 건설사업관리용역,전라남도,PQ,1223000000,1230671325,100.6272547,한종+신오,100,1002100000,105.0553,Y
20201117972 - 00,20201116,대전천 등 하천재해예방사업 건설사업관리용역,전라남도,PQ,1322000000,1314226675,99.41200265,동부+에스이,100,1034088000,100.2904,N
20201117972 - 00,20201116,대전천 등 하천재해예방사업 건설사업관리용역,전라남도,PQ,1322000000,1314226675,99.41200265,서영+화신+서진,100,1030063000,99.9,Y
20201117972 - 00,20201116,"고달,두가,용정천 하천재해 예방사업 건설사업관리용역",전라남도,PQ,1479000000,1476160350,99.80800203,건화+우영,100,1152393000,99.9,Y
20201117972 - 00,20201116,"고달,두가,용정천 하천재해 예방사업 건설사업관리용역",전라남도,PQ,1479000000,1476160350,99.80800203,경동+건영,100,1430000000,123.9656,N
20201117972 - 00,20201116,진도 청룡천 하천재해 예방사업 건설사업관리용역,전라남도,PQ,1161000000,1143315100,98.4767528,동성+한기,100,950000000,104.9119,Y
20201117972 - 00,20201116,진도 청룡천 하천재해 예방사업 건설사업관리용역,전라남도,PQ,1161000000,1143315100,98.4767528,디에스+중원,91.03,1001447000,103.0122,N
20201120530 - 01,20201117,2019년 거제시 어촌뉴딜300사업(학동항 등 2구역) 시설공사 통합 건설사업관리용역(감독권한 대행),한국어촌어항공단,PQ,926200000,928967100,100.2987584,건화+대영(경화),100,795800000,100.4982,Y
20201120530 - 01,20201117,2019년 거제시 어촌뉴딜300사업(학동항 등 2구역) 시설공사 통합 건설사업관리용역(감독권한 대행),한국어촌어항공단,PQ,926200000,928967100,100.2987584,한종+하우,99.69,791400000,99.8608,N
20201120530 - 01,20201117,2019년 거제시 어촌뉴딜300사업(학동항 등 2구역) 시설공사 통합 건설사업관리용역(감독권한 대행),한국어촌어항공단,PQ,926200000,928967100,100.2987584,서영+재화,99.57,796300000,100.4439,N
20201120530 - 01,20201117,2019년 거제시 어촌뉴딜300사업(학동항 등 2구역) 시설공사 통합 건설사업관리용역(감독권한 대행),한국어촌어항공단,PQ,926200000,928967100,100.2987584,천일+한올,99.48,790370000,99.6726,N
20201120530 - 01,20201117,2019년 거제시 어촌뉴딜300사업(학동항 등 2구역) 시설공사 통합 건설사업관리용역(감독권한 대행),한국어촌어항공단,PQ,926200000,928967100,100.2987584,한항+혜인,99.3,788491000,99.3892,N
B5202003989 - 00 ,20201117,수지정수장 2차 고도처리도입 시설공사 건설사업관리용역,한국수자원공사,PQ,2108000000,2121225672,100.6274038,건화+동해+유신,100,1553800000,100.9791,Y
B5202003989 - 00 ,20201117,수지정수장 2차 고도처리도입 시설공사 건설사업관리용역,한국수자원공사,PQ,2108000000,2121225672,100.6274038,삼안+선진+범한,99.9,1534940000,99.6578,N
B5202003989 - 00 ,20201117,수지정수장 2차 고도처리도입 시설공사 건설사업관리용역,한국수자원공사,PQ,2108000000,2121225672,100.6274038,경동+한종,99.8,1537490000,99.7278,N
B5202003989 - 00 ,20201117,수지정수장 2차 고도처리도입 시설공사 건설사업관리용역,한국수자원공사,PQ,2108000000,2121225672,100.6274038,도화+HEC,99.7,2055000000,133.1682,N
202011160204 - 00 ,20201116,강원 카지노 리조트 조성사업 환경영향평가 재협의 용역,(주)강원랜드,PQ,533092000,531227888,99.65032077,동명+동해,99.1,463200000,100.1664,N
202011160204 - 00 ,20201116,강원 카지노 리조트 조성사업 환경영향평가 재협의 용역,(주)강원랜드,PQ,533092000,531227888,99.65032077,화신+신성,99,463263000,100.18,N
202011160204 - 00 ,20201116,강원 카지노 리조트 조성사업 환경영향평가 재협의 용역,(주)강원랜드,PQ,533092000,531227888,99.65032077,동성+서광,99,460488000,99.5799,N
202011160204 - 00 ,20201116,강원 카지노 리조트 조성사업 환경영향평가 재협의 용역,(주)강원랜드,PQ,533092000,531227888,99.65032077,한맥+한국환경,98.91,465437500,100.6502,N
202011160204 - 00 ,20201116,강원 카지노 리조트 조성사업 환경영향평가 재협의 용역,(주)강원랜드,PQ,533092000,531227888,99.65032077,동일+정,98.76,463700000,100.2745,N
202011160204 - 00 ,20201116,강원 카지노 리조트 조성사업 환경영향평가 재협의 용역,(주)강원랜드,PQ,533092000,531227888,99.65032077,서영+중천,98.71,461000000,99.6906,Y
202011160204 - 00 ,20201116,강원 카지노 리조트 조성사업 환경영향평가 재협의 용역,(주)강원랜드,PQ,533092000,531227888,99.65032077,도화+자연과사람,98.71,459700000,99.4095,N
202011160204 - 00 ,20201116,강원 카지노 리조트 조성사업 환경영향평가 재협의 용역,(주)강원랜드,PQ,533092000,531227888,99.65032077,건화+경원,98.33,464060000,100.3523,N
202011160204 - 00 ,20201116,강원 카지노 리조트 조성사업 환경영향평가 재협의 용역,(주)강원랜드,PQ,533092000,531227888,99.65032077,천일+우신,98.18,0,0,N
202011160204 - 00 ,20201116,강원 카지노 리조트 조성사업 환경영향평가 재협의 용역,(주)강원랜드,PQ,533092000,531227888,99.65032077,KG+동서,97.68,460670000,99.6193,N
202011160204 - 00 ,20201116,강원 카지노 리조트 조성사업 환경영향평가 재협의 용역,(주)강원랜드,PQ,533092000,531227888,99.65032077,수성+일신,97.37,463859000,100.3089,N
202011160204 - 00 ,20201116,강원 카지노 리조트 조성사업 환경영향평가 재협의 용역,(주)강원랜드,PQ,533092000,531227888,99.65032077,유신+미래,97.03,459230000,99.3079,N
202011160204 - 00 ,20201116,강원 카지노 리조트 조성사업 환경영향평가 재협의 용역,(주)강원랜드,PQ,533092000,531227888,99.65032077,이산+신일,96.45,470200000,101.528,N
20201119126 - 00,20201116,화순군 노후하수관로 정밀조사 용역,전라남도 화순군,PQ,1113159000,1108611800,99.5915049,동명+경화,100,871500000,100.3791,N
20201119126 - 00,20201116,화순군 노후하수관로 정밀조사 용역,전라남도 화순군,PQ,1113159000,1108611800,99.5915049,선진+건영+청우,99.99,868580000,100.03,Y
20201119126 - 00,20201116,화순군 노후하수관로 정밀조사 용역,전라남도 화순군,PQ,1113159000,1108611800,99.5915049,도화+우리,99.94,874200000,100.6385,N
20201119126 - 00,20201116,화순군 노후하수관로 정밀조사 용역,전라남도 화순군,PQ,1113159000,1108611800,99.5915049,유신+국성,99.9,862818000,99.29,N
20201119126 - 00,20201116,화순군 노후하수관로 정밀조사 용역,전라남도 화순군,PQ,1113159000,1108611800,99.5915049,경동+HEC,99.84,876736000,100.84,N
20201119126 - 00,20201116,화순군 노후하수관로 정밀조사 용역,전라남도 화순군,PQ,1113159000,1108611800,99.5915049,제일+평화+이산,99.84,865450000,99.5419,N
20201119126 - 00,20201116,화순군 노후하수관로 정밀조사 용역,전라남도 화순군,PQ,1113159000,1108611800,99.5915049,KG+수성,99.72,879090000,101.0202,N
20201119126 - 00,20201116,화순군 노후하수관로 정밀조사 용역,전라남도 화순군,PQ,1113159000,1108611800,99.5915049,범한+신명+건화,99.6,864100000,99.1961,N
E162000005,20201113,서남해 해상풍력 시범단지 환경영향평가.해역이용협의.해양공간적합성협의 용역,한국해상풍력(주),PQ,2749073800,2642170841,96.11130996,세광+유신+마린,99.54,2150600000,97.7936,Y
E162000005,20201113,서남해 해상풍력 시범단지 환경영향평가.해역이용협의.해양공간적합성협의 용역,한국해상풍력(주),PQ,2749073800,2642170841,96.11130996,도화+건화+한솔,98.35,2113500000,95.5927,N
E162000005,20201113,서남해 해상풍력 시범단지 환경영향평가.해역이용협의.해양공간적합성협의 용역,한국해상풍력(주),PQ,2749073800,2642170841,96.11130996,동일+건일,97.25,2500000000,112.1121,N
B5202003945,20201113,영섬유역 광역상수도 스마트 관망관리시스템 구축사업 기본 및  실시설계 용역,한국수자원공사,PQ,940060000,941066346,100.1070513,HEC+대콘,99.53,741200000,97.8057,N
B5202003945,20201113,영섬유역 광역상수도 스마트 관망관리시스템 구축사업 기본 및  실시설계 용역,한국수자원공사,PQ,940060000,941066346,100.1070513,건화+수성,96.69,940000000,122.9556,N
20201120438 - 00,20201117,김포시 하수처리수 재이용시설 설치공사 건설사업관리용역,경기도 김포시 상하수도사업소,PQ,957900000,955866900,99.78775446,선진+다산,100,819530000,100.07,Y
20201120438 - 00,20201117,김포시 하수처리수 재이용시설 설치공사 건설사업관리용역,경기도 김포시 상하수도사업소,PQ,957900000,955866900,99.78775446,신명+다음,99.9,815000000,99.482,N
20201120438 - 00,20201117,김포시 하수처리수 재이용시설 설치공사 건설사업관리용역,경기도 김포시 상하수도사업소,PQ,957900000,955866900,99.78775446,도화+서영,99.8,816800000,99.6784,N
20201120438 - 00,20201117,김포시 하수처리수 재이용시설 설치공사 건설사업관리용역,경기도 김포시 상하수도사업소,PQ,957900000,955866900,99.78775446,동성+오이디,99.75,814614000,99.4,N
20201120438 - 00,20201117,김포시 하수처리수 재이용시설 설치공사 건설사업관리용역,경기도 김포시 상하수도사업소,PQ,957900000,955866900,99.78775446,건양+신성,99.7,823398000,100.4601,N
20201120438 - 00,20201117,김포시 하수처리수 재이용시설 설치공사 건설사업관리용역,경기도 김포시 상하수도사업소,PQ,957900000,955866900,99.78775446,경동+용마,99.5,815960000,99.5061,N
20201120438 - 00,20201117,김포시 하수처리수 재이용시설 설치공사 건설사업관리용역,경기도 김포시 상하수도사업소,PQ,957900000,955866900,99.78775446,동일+이산,99.5,825700000,100.6939,N
20201120438 - 00,20201117,김포시 하수처리수 재이용시설 설치공사 건설사업관리용역,경기도 김포시 상하수도사업소,PQ,957900000,955866900,99.78775446,유신+경호,99.4,810946000,98.86,N
20201120438 - 00,20201117,김포시 하수처리수 재이용시설 설치공사 건설사업관리용역,경기도 김포시 상하수도사업소,PQ,957900000,955866900,99.78775446,경원+대성,99.26,814100000,99.2097,N
20201120438 - 00,20201117,김포시 하수처리수 재이용시설 설치공사 건설사업관리용역,경기도 김포시 상하수도사업소,PQ,957900000,955866900,99.78775446,한종+동양,99.21,821350000,100.0815,N
20201120438 - 00,20201117,김포시 하수처리수 재이용시설 설치공사 건설사업관리용역,경기도 김포시 상하수도사업소,PQ,957900000,955866900,99.78775446,건화+경화,99.2,814100000,99.1981,N
20201120438 - 00,20201117,김포시 하수처리수 재이용시설 설치공사 건설사업관리용역,경기도 김포시 상하수도사업소,PQ,957900000,955866900,99.78775446,범한+목양,99,815315000,99.2998,N
20201120438 - 00,20201117,김포시 하수처리수 재이용시설 설치공사 건설사업관리용역,경기도 김포시 상하수도사업소,PQ,957900000,955866900,99.78775446,동해+㈜한종,98.9,830305000,101.0901,N
20201120494 - 00,20201117,남양지구 침수개선방안 및 우수저류시설 설치공사 기본 및 실시설계용역,강원도 삼척시 하수도사업소,PQ,1394966000,1394045350,99.93400198,삼안+경원+동남,98.06,1109460000,100.3636,Y
20201120494 - 00,20201117,남양지구 침수개선방안 및 우수저류시설 설치공사 기본 및 실시설계용역,강원도 삼척시 하수도사업소,PQ,1394966000,1394045350,99.93400198,도화+정+대성,97.49,1106500000,99.6432,N
20201120494 - 00,20201117,남양지구 침수개선방안 및 우수저류시설 설치공사 기본 및 실시설계용역,강원도 삼척시 하수도사업소,PQ,1394966000,1394045350,99.93400198,이산+진화+고려,97.46,1104100000,99.4021,N
20201120494 - 00,20201117,남양지구 침수개선방안 및 우수저류시설 설치공사 기본 및 실시설계용역,강원도 삼척시 하수도사업소,PQ,1394966000,1394045350,99.93400198,동부+성우+현산,97.46,1118524000,100.7006,N
20201120494 - 00,20201117,남양지구 침수개선방안 및 우수저류시설 설치공사 기본 및 실시설계용역,강원도 삼척시 하수도사업소,PQ,1394966000,1394045350,99.93400198,동명+화신+한울,97.45,1101800000,99.1825,N
20201120494 - 00,20201117,남양지구 침수개선방안 및 우수저류시설 설치공사 기본 및 실시설계용역,강원도 삼척시 하수도사업소,PQ,1394966000,1394045350,99.93400198,한종+삼경+일신,97.41,1126600000,101.3895,N
20201120494 - 00,20201117,남양지구 침수개선방안 및 우수저류시설 설치공사 기본 및 실시설계용역,강원도 삼척시 하수도사업소,PQ,1394966000,1394045350,99.93400198,KSM+삼주+청강,97.27,1128140000,101.4135,N
20201120494 - 00,20201117,남양지구 침수개선방안 및 우수저류시설 설치공사 기본 및 실시설계용역,강원도 삼척시 하수도사업소,PQ,1394966000,1394045350,99.93400198,극동+강원길+국일,96.75,1130087000,101.1699,N
20201120494 - 00,20201117,남양지구 침수개선방안 및 우수저류시설 설치공사 기본 및 실시설계용역,강원도 삼척시 하수도사업소,PQ,1394966000,1394045350,99.93400198,건화+동서+KCI+서광(청솔+가윤),94.03,1166900000,102.2313,N
20201120494 - 00,20201117,남양지구 침수개선방안 및 우수저류시설 설치공사 기본 및 실시설계용역,강원도 삼척시 하수도사업소,PQ,1394966000,1394045350,99.93400198,경호+미래+평화,93.59,1163400000,101.5771,N
20201121993 - 00,20201117,2020년 한탄강 재해복구사업 실시설계 용역,강원도 철원군,PQ,1316200000,1323577350,100.5605037,도화+정+동해종합+대상,97.96,1041280000,99.7574,N
20201121993 - 00,20201117,2020년 한탄강 재해복구사업 실시설계 용역,강원도 철원군,PQ,1316200000,1323577350,100.5605037,이산+고려+성우,97.89,1043426000,99.9,N
20201121993 - 00,20201117,2020년 한탄강 재해복구사업 실시설계 용역,강원도 철원군,PQ,1316200000,1323577350,100.5605037,한종+서광+청솔,97.85,1047800000,100.2935,N
20201121993 - 00,20201117,2020년 한탄강 재해복구사업 실시설계 용역,강원도 철원군,PQ,1316200000,1323577350,100.5605037,동명+일신+정원,97.75,1050000000,100.4282,N
20201121993 - 00,20201117,2020년 한탄강 재해복구사업 실시설계 용역,강원도 철원군,PQ,1316200000,1323577350,100.5605037,평화+동해+대성+경동,97.72,1052600000,100.6515,Y
20201121993 - 00,20201117,2020년 한탄강 재해복구사업 실시설계 용역,강원도 철원군,PQ,1316200000,1323577350,100.5605037,삼안+삼경+동남,97.62,1039170000,99.2798,N
20201121993 - 00,20201117,2020년 한탄강 재해복구사업 실시설계 용역,강원도 철원군,PQ,1316200000,1323577350,100.5605037,KSM+삼주+유비,97.5,1055029000,100.7063,N
20201121993 - 00,20201117,2020년 한탄강 재해복구사업 실시설계 용역,강원도 철원군,PQ,1316200000,1323577350,100.5605037,화신+KCI+경원+삼보,97.43,1037598000,98.9803,N
20201121993 - 00,20201117,2020년 한탄강 재해복구사업 실시설계 용역,강원도 철원군,PQ,1316200000,1323577350,100.5605037,건화+미래+동서(영화+지원),97.31,1066000000,101.5876,N
20201121993 - 00,20201117,2020년 한탄강 재해복구사업 실시설계 용역,강원도 철원군,PQ,1316200000,1323577350,100.5605037,극동+강원길+국일+KG,97.08,1070104000,101.8,N
20201121993 - 00,20201117,2020년 한탄강 재해복구사업 실시설계 용역,강원도 철원군,PQ,1316200000,1323577350,100.5605037,동부+한울+조화+하나,96.96,1037509000,98.6004,N
20201121993 - 00,20201117,2020년 한탄강 재해복구사업 실시설계 용역,강원도 철원군,PQ,1316200000,1323577350,100.5605037,유신+진화+건일+동성,96.56,1158300000,109.723,N
20201122477 - 00,20201118,경산~자인간 도로 확장공사 타당성조사 및 기본계획수립용역,경상북도,PQ,222900000,226726700,101.7167788,천일+해인,100,193690000,100.1735,N
20201122477 - 00,20201118,경산~자인간 도로 확장공사 타당성조사 및 기본계획수립용역,경상북도,PQ,222900000,226726700,101.7167788,바우+극동+상금,100,193890000,100.2769,N
20201122477 - 00,20201118,경산~자인간 도로 확장공사 타당성조사 및 기본계획수립용역,경상북도,PQ,222900000,226726700,101.7167788,다산+승보,100,192504000,99.5601,N
20201122477 - 00,20201118,경산~자인간 도로 확장공사 타당성조사 및 기본계획수립용역,경상북도,PQ,222900000,226726700,101.7167788,서영+경산,100,192780000,99.7028,N
20201122477 - 00,20201118,경산~자인간 도로 확장공사 타당성조사 및 기본계획수립용역,경상북도,PQ,222900000,226726700,101.7167788,제일+DS,100,193625000,100.1398,N
20201122477 - 00,20201118,경산~자인간 도로 확장공사 타당성조사 및 기본계획수립용역,경상북도,PQ,222900000,226726700,101.7167788,드림+정도,100,193785000,100.2226,N
20201122477 - 00,20201118,경산~자인간 도로 확장공사 타당성조사 및 기본계획수립용역,경상북도,PQ,222900000,226726700,101.7167788,동성+KSM,100,194824000,100.7599,N
20201122477 - 00,20201118,경산~자인간 도로 확장공사 타당성조사 및 기본계획수립용역,경상북도,PQ,222900000,226726700,101.7167788,삼보+송현,100,193330000,99.9873,N
20201122477 - 00,20201118,경산~자인간 도로 확장공사 타당성조사 및 기본계획수립용역,경상북도,PQ,222900000,226726700,101.7167788,KG+KCI,100,193586000,100.1197,N
20201122477 - 00,20201118,경산~자인간 도로 확장공사 타당성조사 및 기본계획수립용역,경상북도,PQ,222900000,226726700,101.7167788,건화+건일,99.9,194634000,100.6501,N
20201122477 - 00,20201118,경산~자인간 도로 확장공사 타당성조사 및 기본계획수립용역,경상북도,PQ,222900000,226726700,101.7167788,평화+태성,99.9,193520000,100.074,N
20201122477 - 00,20201118,경산~자인간 도로 확장공사 타당성조사 및 기본계획수립용역,경상북도,PQ,222900000,226726700,101.7167788,유신+해동,99.9,193802000,100.2198,N
20201122477 - 00,20201118,경산~자인간 도로 확장공사 타당성조사 및 기본계획수립용역,경상북도,PQ,222900000,226726700,101.7167788,한맥+동진,99.9,192550000,99.5724,N
20201122477 - 00,20201118,경산~자인간 도로 확장공사 타당성조사 및 기본계획수립용역,경상북도,PQ,222900000,226726700,101.7167788,보람+동일,99.9,193028000,99.8196,N
20201122477 - 00,20201118,경산~자인간 도로 확장공사 타당성조사 및 기본계획수립용역,경상북도,PQ,222900000,226726700,101.7167788,경동+보원,99.87,193799000,100.2067,N
20201122477 - 00,20201118,경산~자인간 도로 확장공사 타당성조사 및 기본계획수립용역,경상북도,PQ,222900000,226726700,101.7167788,삼안+현대기술,99.84,192500000,99.5351,N
20201122477 - 00,20201118,경산~자인간 도로 확장공사 타당성조사 및 기본계획수립용역,경상북도,PQ,222900000,226726700,101.7167788,한종+주하,99.84,191780000,99.1628,N
20201122477 - 00,20201118,경산~자인간 도로 확장공사 타당성조사 및 기본계획수립용역,경상북도,PQ,222900000,226726700,101.7167788,홍익+강동건설,99.82,192180000,99.3696,N
20201122477 - 00,20201118,경산~자인간 도로 확장공사 타당성조사 및 기본계획수립용역,경상북도,PQ,222900000,226726700,101.7167788,수성+청명,99.6,191950000,99.2278,N
20201122477 - 00,20201118,경산~자인간 도로 확장공사 타당성조사 및 기본계획수립용역,경상북도,PQ,222900000,226726700,101.7167788,동명+세원,99.6,193300000,99.9257,N
20201122477 - 00,20201118,경산~자인간 도로 확장공사 타당성조사 및 기본계획수립용역,경상북도,PQ,222900000,226726700,101.7167788,신성+반석,98.97,192180000,99.2895,N
20201122477 - 00,20201118,경산~자인간 도로 확장공사 타당성조사 및 기본계획수립용역,경상북도,PQ,222900000,226726700,101.7167788,도화+한도,98.7,192475000,99.4076,N
20201122477 - 00,20201118,경산~자인간 도로 확장공사 타당성조사 및 기본계획수립용역,경상북도,PQ,222900000,226726700,101.7167788,이산+한백,98.32,191169000,98.699,N
20201122477 - 00,20201118,경산~자인간 도로 확장공사 타당성조사 및 기본계획수립용역,경상북도,PQ,222900000,226726700,101.7167788,용마+진우+새길,98.31,191360000,98.7976,N
20201122477 - 00,20201118,경산~자인간 도로 확장공사 타당성조사 및 기본계획수립용역,경상북도,PQ,222900000,226726700,101.7167788,경호+명성,98.24,195450000,100.9092,N
20201122477 - 00,20201118,경산~자인간 도로 확장공사 타당성조사 및 기본계획수립용역,경상북도,PQ,222900000,226726700,101.7167788,한기+동아C,97.84,196300000,101.3014,N
20201122477 - 00,20201118,경산~자인간 도로 확장공사 타당성조사 및 기본계획수립용역,경상북도,PQ,222900000,226726700,101.7167788,동부+금일,95.82,198044000,102.002,Y
20201122477 - 00,20201118,경산~자인간 도로 확장공사 타당성조사 및 기본계획수립용역,경상북도,PQ,222900000,226726700,101.7167788,화신+명성,94.62,191970000,98.7602,N
20201122675 - 00,20201118,노후 하수관로(2단계 긴급보수) 정비사업 건설사업관리용역,대전광역시 서구,PQ,1777304000,1771630000,99.68075242,건화+선구,100,1388600000,100.1725,Y
20201122675 - 00,20201118,노후 하수관로(2단계 긴급보수) 정비사업 건설사업관리용역,대전광역시 서구,PQ,1777304000,1771630000,99.68075242,한종+도원,100,1397600000,100.8218,N
20201122675 - 00,20201118,노후 하수관로(2단계 긴급보수) 정비사업 건설사업관리용역,대전광역시 서구,PQ,1777304000,1771630000,99.68075242,동명+중부,100,1376228000,99.28,N
20201122675 - 00,20201118,노후 하수관로(2단계 긴급보수) 정비사업 건설사업관리용역,대전광역시 서구,PQ,1777304000,1771630000,99.68075242,도화+신화,100,1374700000,99.1698,N
20201122675 - 00,20201118,노후 하수관로(2단계 긴급보수) 정비사업 건설사업관리용역,대전광역시 서구,PQ,1777304000,1771630000,99.68075242,삼안+동양,100,1392600000,100.4611,N
20201122675 - 00,20201118,노후 하수관로(2단계 긴급보수) 정비사업 건설사업관리용역,대전광역시 서구,PQ,1777304000,1771630000,99.68075242,선진+신원,100,1373900000,99.1121,N
20201122675 - 00,20201118,노후 하수관로(2단계 긴급보수) 정비사업 건설사업관리용역,대전광역시 서구,PQ,1777304000,1771630000,99.68075242,KG+경림,100,1398270000,100.8701,N
20201122675 - 00,20201118,노후 하수관로(2단계 긴급보수) 정비사업 건설사업관리용역,대전광역시 서구,PQ,1777304000,1771630000,99.68075242,용마+포유+경호,99.66,1418010000,102.0064,N
20201122675 - 00,20201118,노후 하수관로(2단계 긴급보수) 정비사업 건설사업관리용역,대전광역시 서구,PQ,1777304000,1771630000,99.68075242,경원+경동+상우,98.1,1700000000,120.748,N
20201122655 - 00,20201118,가목재 터널 건설공사 실시설계용역,경상북도,PQ,1473100000,1456542425,98.87600468,건화+건일(한토지엔씨+지오인프라),100,0,0,N
20201122655 - 00,20201118,가목재 터널 건설공사 실시설계용역,경상북도,PQ,1473100000,1456542425,98.87600468,다산+대콘+정,100,1141820900,99.38,N
20201122655 - 00,20201118,가목재 터널 건설공사 실시설계용역,경상북도,PQ,1473100000,1456542425,98.87600468,동성+KSM,100,1146300000,99.7698,N
20201122655 - 00,20201118,가목재 터널 건설공사 실시설계용역,경상북도,PQ,1473100000,1456542425,98.87600468,수성+청명+동부,100,1141470000,99.3495,N
20201122655 - 00,20201118,가목재 터널 건설공사 실시설계용역,경상북도,PQ,1473100000,1456542425,98.87600468,용마+한도+도화,100,1145617000,99.7104,N
20201122655 - 00,20201118,가목재 터널 건설공사 실시설계용역,경상북도,PQ,1473100000,1456542425,98.87600468,유신+해동,100,1145487000,99.6991,N
20201122655 - 00,20201118,가목재 터널 건설공사 실시설계용역,경상북도,PQ,1473100000,1456542425,98.87600468,KCI+극동,100,1147360000,99.8621,N
20201122655 - 00,20201118,가목재 터널 건설공사 실시설계용역,경상북도,PQ,1473100000,1456542425,98.87600468,평화+태성,99.9,1146200000,99.6717,N
20201122655 - 00,20201118,가목재 터널 건설공사 실시설계용역,경상북도,PQ,1473100000,1456542425,98.87600468,KG+삼보,99.9,1145600000,99.6195,N
20201122655 - 00,20201118,가목재 터널 건설공사 실시설계용역,경상북도,PQ,1473100000,1456542425,98.87600468,경동+보원,99.87,1136880000,98.8359,N
20201122655 - 00,20201118,가목재 터널 건설공사 실시설계용역,경상북도,PQ,1473100000,1456542425,98.87600468,삼안+현대기술,99.86,1142790000,99.3497,N
20201122655 - 00,20201118,가목재 터널 건설공사 실시설계용역,경상북도,PQ,1473100000,1456542425,98.87600468,하이콘+이산+한백,99.86,1143360000,99.3993,N
20201122655 - 00,20201118,가목재 터널 건설공사 실시설계용역,경상북도,PQ,1473100000,1456542425,98.87600468,제일+디에스,99.84,1159100000,100.7418,N
20201122655 - 00,20201118,가목재 터널 건설공사 실시설계용역,경상북도,PQ,1473100000,1456542425,98.87600468,천일+해인,99.84,1152780000,100.1925,N
20201122655 - 00,20201118,가목재 터널 건설공사 실시설계용역,경상북도,PQ,1473100000,1456542425,98.87600468,한종+주하,99.84,1138100000,98.9166,Y
20201122655 - 00,20201118,가목재 터널 건설공사 실시설계용역,경상북도,PQ,1473100000,1456542425,98.87600468,서영+강산,99.8,1142230000,99.2502,N
20201122655 - 00,20201118,가목재 터널 건설공사 실시설계용역,경상북도,PQ,1473100000,1456542425,98.87600468,드림+정도,99.75,1140740000,99.0827,N
20201122655 - 00,20201118,가목재 터널 건설공사 실시설계용역,경상북도,PQ,1473100000,1456542425,98.87600468,경호+명성,99.6,1163950000,100.9695,N
20201122655 - 00,20201118,가목재 터널 건설공사 실시설계용역,경상북도,PQ,1473100000,1456542425,98.87600468,보람+동일,99.6,1143780000,99.2198,N
20201122655 - 00,20201118,가목재 터널 건설공사 실시설계용역,경상북도,PQ,1473100000,1456542425,98.87600468,한맥+동진,99.6,1164800000,101.0432,N
20201122655 - 00,20201118,가목재 터널 건설공사 실시설계용역,경상북도,PQ,1473100000,1456542425,98.87600468,신성+반석,99.58,1140480000,98.9209,N
20201122655 - 00,20201118,가목재 터널 건설공사 실시설계용역,경상북도,PQ,1473100000,1456542425,98.87600468,바우+동명+상금,99.54,1139700000,98.8153,N
20201122655 - 00,20201118,가목재 터널 건설공사 실시설계용역,경상북도,PQ,1473100000,1456542425,98.87600468,홍익+강동,99.22,1191000000,103.0001,N
20201122655 - 00,20201118,가목재 터널 건설공사 실시설계용역,경상북도,PQ,1473100000,1456542425,98.87600468,화신+세원+현대,96.2,1396500000,117.8592,N
20201122606 - 00,20201118,효령~우보간 도로 건설공사 실시설계용역,경상북도,PQ,740700000,743860975,100.4267551,다산+대콘+정,100,631172000,99.67,N
20201122606 - 00,20201118,효령~우보간 도로 건설공사 실시설계용역,경상북도,PQ,740700000,743860975,100.4267551,동성+KSM,100,629969000,99.4801,N
20201122606 - 00,20201118,효령~우보간 도로 건설공사 실시설계용역,경상북도,PQ,740700000,743860975,100.4267551,삼보+송현,100,631880000,99.7818,N
20201122606 - 00,20201118,효령~우보간 도로 건설공사 실시설계용역,경상북도,PQ,740700000,743860975,100.4267551,삼안+현대기술,100,633160000,99.984,N
20201122606 - 00,20201118,효령~우보간 도로 건설공사 실시설계용역,경상북도,PQ,740700000,743860975,100.4267551,서영+강산,100,634530000,100.2003,N
20201122606 - 00,20201118,효령~우보간 도로 건설공사 실시설계용역,경상북도,PQ,740700000,743860975,100.4267551,수성+청명,100,631290000,99.6887,N
20201122606 - 00,20201118,효령~우보간 도로 건설공사 실시설계용역,경상북도,PQ,740700000,743860975,100.4267551,유신+해동,100,632362000,99.858,N
20201122606 - 00,20201118,효령~우보간 도로 건설공사 실시설계용역,경상북도,PQ,740700000,743860975,100.4267551,KG+KCI,100,639847000,101.0399,N
20201122606 - 00,20201118,효령~우보간 도로 건설공사 실시설계용역,경상북도,PQ,740700000,743860975,100.4267551,건화+건일(한토지엔씨+지오인프라),99.9,636200000,100.4288,Y
20201122606 - 00,20201118,효령~우보간 도로 건설공사 실시설계용역,경상북도,PQ,740700000,743860975,100.4267551,평화+동부+태성,99.9,633830000,100.0547,N
20201122606 - 00,20201118,효령~우보간 도로 건설공사 실시설계용역,경상북도,PQ,740700000,743860975,100.4267551,동명+세원,99.9,630652000,99.553,N
20201122606 - 00,20201118,효령~우보간 도로 건설공사 실시설계용역,경상북도,PQ,740700000,743860975,100.4267551,바우+극동+상금,99.84,629580000,99.3722,N
20201122606 - 00,20201118,효령~우보간 도로 건설공사 실시설계용역,경상북도,PQ,740700000,743860975,100.4267551,천일+해인,99.82,638490000,100.7785,N
20201122606 - 00,20201118,효령~우보간 도로 건설공사 실시설계용역,경상북도,PQ,740700000,743860975,100.4267551,홍익+강동,99.82,625955000,98.8,N
20201122606 - 00,20201118,효령~우보간 도로 건설공사 실시설계용역,경상북도,PQ,740700000,743860975,100.4267551,한종+주하,99.8,639600000,100.9419,N
20201122606 - 00,20201118,효령~우보간 도로 건설공사 실시설계용역,경상북도,PQ,740700000,743860975,100.4267551,도화+한도,99.6,628280000,99.109,N
20201122606 - 00,20201118,효령~우보간 도로 건설공사 실시설계용역,경상북도,PQ,740700000,743860975,100.4267551,보람+동일,99.6,628280000,99.109,N
20201122606 - 00,20201118,효령~우보간 도로 건설공사 실시설계용역,경상북도,PQ,740700000,743860975,100.4267551,한맥+동진,99.6,629300000,99.2699,N
20201122606 - 00,20201118,효령~우보간 도로 건설공사 실시설계용역,경상북도,PQ,740700000,743860975,100.4267551,경동+보원,99.57,640785000,101.0698,N
20201122606 - 00,20201118,효령~우보간 도로 건설공사 실시설계용역,경상북도,PQ,740700000,743860975,100.4267551,제일+디에스,99.54,640290000,100.98,N
20201122606 - 00,20201118,효령~우보간 도로 건설공사 실시설계용역,경상북도,PQ,740700000,743860975,100.4267551,경호+명성건축,99.3,627840000,98.9587,N
20201122606 - 00,20201118,효령~우보간 도로 건설공사 실시설계용역,경상북도,PQ,740700000,743860975,100.4267551,신성+반석,99.28,629980000,99.296,N
20201122606 - 00,20201118,효령~우보간 도로 건설공사 실시설계용역,경상북도,PQ,740700000,743860975,100.4267551,용마+진우+새길,99.27,627473000,98.8893,N
20201122606 - 00,20201118,효령~우보간 도로 건설공사 실시설계용역,경상북도,PQ,740700000,743860975,100.4267551,이산+한백,99.24,626260000,98.6981,N
20201122606 - 00,20201118,효령~우보간 도로 건설공사 실시설계용역,경상북도,PQ,740700000,743860975,100.4267551,드림+정도,99.15,630420000,99.3305,N
20201122606 - 00,20201118,효령~우보간 도로 건설공사 실시설계용역,경상북도,PQ,740700000,743860975,100.4267551,한기+동아컨,98.96,642180000,101.1363,N
20201122606 - 00,20201118,효령~우보간 도로 건설공사 실시설계용역,경상북도,PQ,740700000,743860975,100.4267551,화신+명성E,97.46,666666000,104.5899,N
20201122196 - 00,20201118,경상북도 농업자원관리원 이전 기반시설조성사업 기본 및 실시설계용역,경상북도,PQ,873900000,874749900,100.0972537,유신+세원+이산,97.8,757133000,100.7599,N
20201122196 - 00,20201118,경상북도 농업자원관리원 이전 기반시설조성사업 기본 및 실시설계용역,경상북도,PQ,873900000,874749900,100.0972537,도화+건일+해동,97.78,752174000,100.1,Y
20201122196 - 00,20201118,경상북도 농업자원관리원 이전 기반시설조성사업 기본 및 실시설계용역,경상북도,PQ,873900000,874749900,100.0972537,삼안+동성,97.65,749430000,99.7,N
20201122196 - 00,20201118,경상북도 농업자원관리원 이전 기반시설조성사업 기본 및 실시설계용역,경상북도,PQ,873900000,874749900,100.0972537,동명+한도,96.46,756570000,100.3465,N
20201122196 - 00,20201118,경상북도 농업자원관리원 이전 기반시설조성사업 기본 및 실시설계용역,경상북도,PQ,873900000,874749900,100.0972537,경동+평화+보원,96.3,748856000,99.2774,N
20201122196 - 00,20201118,경상북도 농업자원관리원 이전 기반시설조성사업 기본 및 실시설계용역,경상북도,PQ,873900000,874749900,100.0972537,한종+다산,96.22,758300000,100.5061,N
20201122196 - 00,20201118,경상북도 농업자원관리원 이전 기반시설조성사업 기본 및 실시설계용역,경상북도,PQ,873900000,874749900,100.0972537,건화+명성(정수),95.16,773800000,102.288,N
20201122196 - 00,20201118,경상북도 농업자원관리원 이전 기반시설조성사업 기본 및 실시설계용역,경상북도,PQ,873900000,874749900,100.0972537,동일+정도,95.12,747500000,98.8,N
E062000544,20201118,영흥발전본부 2021년 사후환경영향조사 용역,한국남동발전(주) 영흥발전본부,PQ,903658800,901688298,99.78194181,유신,99.5,777365000,100.619,N
E062000544,20201118,영흥발전본부 2021년 사후환경영향조사 용역,한국남동발전(주) 영흥발전본부,PQ,903658800,901688298,99.78194181,도화,98.7,772583000,100,Y
E062000544,20201118,영흥발전본부 2021년 사후환경영향조사 용역,한국남동발전(주) 영흥발전본부,PQ,903658800,901688298,99.78194181,건화,98.1,777000000,100.4777,N
E062000544,20201118,영흥발전본부 2021년 사후환경영향조사 용역,한국남동발전(주) 영흥발전본부,PQ,903658800,901688298,99.78194181,동일,98.1,770800000,99.6759,N
20201123419 - 00,20201118,아열대작물 실증센터 구축사업 도시·군관리계획(변경) 결정 용역,농촌진흥청 국립원예특작과학원,PQ,1034394000,1028790225,99.45825527,도화,98.85,883660000,99.9214,N
20201123419 - 00,20201118,아열대작물 실증센터 구축사업 도시·군관리계획(변경) 결정 용역,농촌진흥청 국립원예특작과학원,PQ,1034394000,1028790225,99.45825527,수성,98.8,884532000,100.02,N
20201123419 - 00,20201118,아열대작물 실증센터 구축사업 도시·군관리계획(변경) 결정 용역,농촌진흥청 국립원예특작과학원,PQ,1034394000,1028790225,99.45825527,유신,98.7,888777000,100.5,N
20201123419 - 00,20201118,아열대작물 실증센터 구축사업 도시·군관리계획(변경) 결정 용역,농촌진흥청 국립원예특작과학원,PQ,1034394000,1028790225,99.45825527,건화,98.7,881290000,99.6534,Y
20201123419 - 00,20201118,아열대작물 실증센터 구축사업 도시·군관리계획(변경) 결정 용역,농촌진흥청 국립원예특작과학원,PQ,1034394000,1028790225,99.45825527,화신+일신,98.56,881790000,99.7099,N
20201123419 - 00,20201118,아열대작물 실증센터 구축사업 도시·군관리계획(변경) 결정 용역,농촌진흥청 국립원예특작과학원,PQ,1034394000,1028790225,99.45825527,경호+평화,98.47,882860000,99.8309,N
20201123419 - 00,20201118,아열대작물 실증센터 구축사업 도시·군관리계획(변경) 결정 용역,농촌진흥청 국립원예특작과학원,PQ,1034394000,1028790225,99.45825527,동일+삼안,98.44,881400000,99.6658,N
20201123419 - 00,20201118,아열대작물 실증센터 구축사업 도시·군관리계획(변경) 결정 용역,농촌진흥청 국립원예특작과학원,PQ,1034394000,1028790225,99.45825527,동명,98.4,884240000,99.987,N
20201123419 - 00,20201118,아열대작물 실증센터 구축사업 도시·군관리계획(변경) 결정 용역,농촌진흥청 국립원예특작과학원,PQ,1034394000,1028790225,99.45825527,한종,99.3,885700000,100.1521,N
20201123419 - 00,20201118,아열대작물 실증센터 구축사업 도시·군관리계획(변경) 결정 용역,농촌진흥청 국립원예특작과학원,PQ,1034394000,1028790225,99.45825527,제일+정,99,884270000,99.9904,N
20201123419 - 00,20201118,아열대작물 실증센터 구축사업 도시·군관리계획(변경) 결정 용역,농촌진흥청 국립원예특작과학원,PQ,1034394000,1028790225,99.45825527,KG+우영,100,890370000,100.6801,N
20201123419 - 00,20201118,아열대작물 실증센터 구축사업 도시·군관리계획(변경) 결정 용역,농촌진흥청 국립원예특작과학원,PQ,1034394000,1028790225,99.45825527,한도+대성,99.42,894500000,100.97,N
20201123419 - 00,20201118,아열대작물 실증센터 구축사업 도시·군관리계획(변경) 결정 용역,농촌진흥청 국립원예특작과학원,PQ,1034394000,1028790225,99.45825527,선진,99.2,893950000,100.849,N
20201124331 - 00,20201118,우암산 명품 둘레길 조성사업 기본 및 실시설계 용역,충청북도 청주시,PQ,646580000,640741425,99.09700656,한종+영진,98.95,557200000,100.515,N
20201124331 - 00,20201118,우암산 명품 둘레길 조성사업 기본 및 실시설계 용역,충청북도 청주시,PQ,646580000,640741425,99.09700656,유신+선,98.61,551830000,99.465,N
20201124331 - 00,20201118,우암산 명품 둘레길 조성사업 기본 및 실시설계 용역,충청북도 청주시,PQ,646580000,640741425,99.09700656,KG+홍익,98.27,556315000,100.18,N
20201124331 - 00,20201118,우암산 명품 둘레길 조성사업 기본 및 실시설계 용역,충청북도 청주시,PQ,646580000,640741425,99.09700656,건화+대원(도우),97.77,551300000,99.15,Y
20201124331 - 00,20201118,우암산 명품 둘레길 조성사업 기본 및 실시설계 용역,충청북도 청주시,PQ,646580000,640741425,99.09700656,경호+동림,97.69,563240000,101.2856,N
20201124331 - 00,20201118,우암산 명품 둘레길 조성사업 기본 및 실시설계 용역,충청북도 청주시,PQ,646580000,640741425,99.09700656,도화+청우,96.97,551450000,98.9813,N
20201124331 - 00,20201118,우암산 명품 둘레길 조성사업 기본 및 실시설계 용역,충청북도 청주시,PQ,646580000,640741425,99.09700656,선진+건양,96.95,566100000,101.599,N
20201124331 - 00,20201118,우암산 명품 둘레길 조성사업 기본 및 실시설계 용역,충청북도 청주시,PQ,646580000,640741425,99.09700656,화신+한광,93.61,576000000,102.5075,N
20201124211 - 00,20201118,2021년 하수관로 및 농어촌마을하수도 정비사업 설계용역,전라남도 영암군 수도사업소,PQ,1114000000,1114078000,100.0070018,도화+동아,100,877330000,100.9743,Y
20201124211 - 00,20201118,2021년 하수관로 및 농어촌마을하수도 정비사업 설계용역,전라남도 영암군 수도사업소,PQ,1114000000,1114078000,100.0070018,범한+신명,97.79,876000000,99.0185,N
20201124211 - 00,20201118,2021년 하수관로 및 농어촌마을하수도 정비사업 설계용역,전라남도 영암군 수도사업소,PQ,1114000000,1114078000,100.0070018,한종+우영,97.79,876800000,99.1089,N
20201124211 - 00,20201118,2021년 하수관로 및 농어촌마을하수도 정비사업 설계용역,전라남도 영암군 수도사업소,PQ,1114000000,1114078000,100.0070018,건화+우리(송죽),97.78,874900000,98.8817,N
20201124211 - 00,20201118,2021년 하수관로 및 농어촌마을하수도 정비사업 설계용역,전라남도 영암군 수도사업소,PQ,1114000000,1114078000,100.0070018,KG+한기+이산,97.75,896587000,101.32,N
20201124211 - 00,20201118,2021년 하수관로 및 농어촌마을하수도 정비사업 설계용역,전라남도 영암군 수도사업소,PQ,1114000000,1114078000,100.0070018,동명+평화,97.75,872500000,98.5981,N
20201124211 - 00,20201118,2021년 하수관로 및 농어촌마을하수도 정비사업 설계용역,전라남도 영암군 수도사업소,PQ,1114000000,1114078000,100.0070018,삼안+우빈,97.75,872960000,98.65,N
20201124211 - 00,20201118,2021년 하수관로 및 농어촌마을하수도 정비사업 설계용역,전라남도 영암군 수도사업소,PQ,1114000000,1114078000,100.0070018,유신+신오,97.75,871809000,98.52,N
20201124211 - 00,20201118,2021년 하수관로 및 농어촌마을하수도 정비사업 설계용역,전라남도 영암군 수도사업소,PQ,1114000000,1114078000,100.0070018,제일+원우+정,97.75,895970000,101.2503,N
20201124211 - 00,20201118,2021년 하수관로 및 농어촌마을하수도 정비사업 설계용역,전라남도 영암군 수도사업소,PQ,1114000000,1114078000,100.0070018,선진+건영+서영,97.71,874440000,98.78,N
20201124211 - 00,20201118,2021년 하수관로 및 농어촌마을하수도 정비사업 설계용역,전라남도 영암군 수도사업소,PQ,1114000000,1114078000,100.0070018,화신+영진,96.34,1058000000,118.2066,N
20201123244 - 00,20201118,부곡용연지구 조성공사 시공단계 감독 권한대행 등 건설사업관리용역,울산광역시도시공사,PQ,4600000000,4570916500,99.36775,건화+부광,100,3382500000,100.7365,N
20201123244 - 00,20201118,부곡용연지구 조성공사 시공단계 감독 권한대행 등 건설사업관리용역,울산광역시도시공사,PQ,4600000000,4570916500,99.36775,삼안+대흥+한도,100,3338940000,99.4392,Y
20201123244 - 00,20201118,부곡용연지구 조성공사 시공단계 감독 권한대행 등 건설사업관리용역,울산광역시도시공사,PQ,4600000000,4570916500,99.36775,경동+동남,100,3360890000,100.0929,N
20201123244 - 00,20201118,부곡용연지구 조성공사 시공단계 감독 권한대행 등 건설사업관리용역,울산광역시도시공사,PQ,4600000000,4570916500,99.36775,도화+성지,100,3398200000,101.2041,N
20201123244 - 00,20201118,부곡용연지구 조성공사 시공단계 감독 권한대행 등 건설사업관리용역,울산광역시도시공사,PQ,4600000000,4570916500,99.36775,수성+동명+선진기술,100,3353746000,99.8802,N
20201123244 - 00,20201118,부곡용연지구 조성공사 시공단계 감독 권한대행 등 건설사업관리용역,울산광역시도시공사,PQ,4600000000,4570916500,99.36775,신명+청목+혜원,100,3366000000,100.2451,N
20201123244 - 00,20201118,부곡용연지구 조성공사 시공단계 감독 권한대행 등 건설사업관리용역,울산광역시도시공사,PQ,4600000000,4570916500,99.36775,한종+동성+한신,100,3396000000,101.1386,N
20201123244 - 00,20201118,부곡용연지구 조성공사 시공단계 감독 권한대행 등 건설사업관리용역,울산광역시도시공사,PQ,4600000000,4570916500,99.36775,홍익+경원+삼두,100,3384650000,100.8005,N
20201123244 - 00,20201118,부곡용연지구 조성공사 시공단계 감독 권한대행 등 건설사업관리용역,울산광역시도시공사,PQ,4600000000,4570916500,99.36775,다산+이산+신흥,99.98,3387500000,100.8578,N
2004929 - 00,20201118,충북20산단2 연계교통체계구축대책 수립 및 교통영향평가 용역,한국토지주택공사,PQ,713240000,708752000,99.37075879,평화,99.99,612300000,100.4008,N
2004929 - 00,20201118,충북20산단2 연계교통체계구축대책 수립 및 교통영향평가 용역,한국토지주택공사,PQ,713240000,708752000,99.37075879,수성,98.48,610654000,99.6995,Y
2004929 - 00,20201118,충북20산단2 연계교통체계구축대책 수립 및 교통영향평가 용역,한국토지주택공사,PQ,713240000,708752000,99.37075879,서영,97.26,621500000,101.1053,N
2004929 - 00,20201118,충북20산단2 연계교통체계구축대책 수립 및 교통영향평가 용역,한국토지주택공사,PQ,713240000,708752000,99.37075879,도화,95.21,624380000,100.9763,N
2004929 - 00,20201118,충북20산단2 연계교통체계구축대책 수립 및 교통영향평가 용역,한국토지주택공사,PQ,713240000,708752000,99.37075879,동명,94.91,622100000,100.5148,N
2004929 - 00,20201118,충북20산단2 연계교통체계구축대책 수립 및 교통영향평가 용역,한국토지주택공사,PQ,713240000,708752000,99.37075879,KG,94.78,626000000,101.11,N
2004929 - 00,20201118,충북20산단2 연계교통체계구축대책 수립 및 교통영향평가 용역,한국토지주택공사,PQ,713240000,708752000,99.37075879,삼안,94.27,629200000,101.4748,N
2004929 - 00,20201118,충북20산단2 연계교통체계구축대책 수립 및 교통영향평가 용역,한국토지주택공사,PQ,713240000,708752000,99.37075879,유신,93.31,641300000,103.1415,N
2004928 - 00,20201118,충북20산단1 계교통체계구축대책 수립 및 교통영향평가 용역,한국토지주택공사,PQ,972906000,970593000,99.76225864,도화,98.36,835406000,99.9559,Y
2004928 - 00,20201118,충북20산단1 계교통체계구축대책 수립 및 교통영향평가 용역,한국토지주택공사,PQ,972906000,970593000,99.76225864,한종,98.34,843000000,100.8527,N
2004928 - 00,20201118,충북20산단1 계교통체계구축대책 수립 및 교통영향평가 용역,한국토지주택공사,PQ,972906000,970593000,99.76225864,건화,96.7,0,0,N
2004928 - 00,20201118,충북20산단1 계교통체계구축대책 수립 및 교통영향평가 용역,한국토지주택공사,PQ,972906000,970593000,99.76225864,KG,96.08,834760000,99.2202,N
2004928 - 00,20201118,충북20산단1 계교통체계구축대책 수립 및 교통영향평가 용역,한국토지주택공사,PQ,972906000,970593000,99.76225864,동명,95.8,854200000,101.4488,N
2004928 - 00,20201118,충북20산단1 계교통체계구축대책 수립 및 교통영향평가 용역,한국토지주택공사,PQ,972906000,970593000,99.76225864,유신,92.92,868527000,102.2992,N
2004928 - 00,20201118,충북20산단1 계교통체계구축대책 수립 및 교통영향평가 용역,한국토지주택공사,PQ,972906000,970593000,99.76225864,수성,91.22,865128000,101.3992,N
2004927 - 00,20201118,세종20산단1 연계교통체계구축대책 수립 및 교통영향평가 용역,한국토지주택공사,PQ,755975000,754352000,99.78531036,서영,97.19,652900000,100.1859,Y
2004927 - 00,20201118,세종20산단1 연계교통체계구축대책 수립 및 교통영향평가 용역,한국토지주택공사,PQ,755975000,754352000,99.78531036,도화,96.8,649550000,99.5679,N
2004927 - 00,20201118,세종20산단1 연계교통체계구축대책 수립 및 교통영향평가 용역,한국토지주택공사,PQ,755975000,754352000,99.78531036,삼안,96.65,650870000,99.7241,N
2004927 - 00,20201118,세종20산단1 연계교통체계구축대책 수립 및 교통영향평가 용역,한국토지주택공사,PQ,755975000,754352000,99.78531036,KG,96.47,650570000,99.6204,N
2004927 - 00,20201118,세종20산단1 연계교통체계구축대책 수립 및 교통영향평가 용역,한국토지주택공사,PQ,755975000,754352000,99.78531036,동명,96,661720000,101.1989,N
2004927 - 00,20201118,세종20산단1 연계교통체계구축대책 수립 및 교통영향평가 용역,한국토지주택공사,PQ,755975000,754352000,99.78531036,평화,94.89,650400000,99.1467,N
2004927 - 00,20201118,세종20산단1 연계교통체계구축대책 수립 및 교통영향평가 용역,한국토지주택공사,PQ,755975000,754352000,99.78531036,건화,94.26,0,0,N
2004927 - 00,20201118,세종20산단1 연계교통체계구축대책 수립 및 교통영향평가 용역,한국토지주택공사,PQ,755975000,754352000,99.78531036,유신,94.02,665829000,101.2421,N
2004927 - 00,20201118,세종20산단1 연계교통체계구축대책 수립 및 교통영향평가 용역,한국토지주택공사,PQ,755975000,754352000,99.78531036,한종,93.46,666900000,101.242,N
2004927 - 00,20201118,세종20산단1 연계교통체계구축대책 수립 및 교통영향평가 용역,한국토지주택공사,PQ,755975000,754352000,99.78531036,수성,93.35,668173000,101.4003,N
부산지방국토관리청 공고 제2020 - 234호,20201118,산청 신안-생비량 사후환경영향조사용역,부산지방국토관리청,PQ,2440000000,2445349700,100.21925,평화+도화+한국환경,98.99,2052000000,100.8313,Y
부산지방국토관리청 공고 제2020 - 234호,20201118,산청 신안-생비량 사후환경영향조사용역,부산지방국토관리청,PQ,2440000000,2445349700,100.21925,홍익+동해+중앙방재,98.73,2035500000,99.9008,N
부산지방국토관리청 공고 제2020 - 234호,20201118,산청 신안-생비량 사후환경영향조사용역,부산지방국토관리청,PQ,2440000000,2445349700,100.21925,유신+신일환경,98.07,2048200000,100.2001,N
부산지방국토관리청 공고 제2020 - 234호,20201118,안동 와룡-봉화 법전 사후환경영향조사용역,부산지방국토관리청,PQ,2500000000,2506612500,100.2645,수성+보드플랜,98.53,2108425000,100.8997,Y
부산지방국토관리청 공고 제2020 - 234호,20201118,안동 와룡-봉화 법전 사후환경영향조사용역,부산지방국토관리청,PQ,2500000000,2506612500,100.2645,경동+삼안+덕영,98.42,2093783000,100.1391,N
부산지방국토관리청 공고 제2020 - 234호,20201118,안동 와룡-봉화 법전 사후환경영향조사용역,부산지방국토관리청,PQ,2500000000,2506612500,100.2645,천일+건일+소운,98.33,2112470000,100.9966,N
부산지방국토관리청 공고 제2020 - 234호,20201118,안동 와룡-봉화 법전 사후환경영향조사용역,부산지방국토관리청,PQ,2500000000,2506612500,100.2645,선진+서영+퍼스트,98.15,2260000000,107.9596,N
부산지방국토관리청 공고 제2020 - 234호,20201118,포항-안동 1-1 사후환경영향조사용역,부산지방국토관리청,PQ,3979000000,3970783400,99.79350088,한맥+대콘+DS,99.21,3238147000,100.7003,N
부산지방국토관리청 공고 제2020 - 234호,20201118,포항-안동 1-1 사후환경영향조사용역,부산지방국토관리청,PQ,3979000000,3970783400,99.79350088,신성+효산,98.33,3221880000,99.7623,N
부산지방국토관리청 공고 제2020 - 234호,20201118,포항-안동 1-1 사후환경영향조사용역,부산지방국토관리청,PQ,3979000000,3970783400,99.79350088,이산+세일+대현,98.17,3234880000,100.0786,Y
부산지방국토관리청 공고 제2020 - 234호,20201118,울산 농소-경주 외동 사후환경영향조사용역,부산지방국토관리청,PQ,1630000000,1622946175,99.56725,건화+우신,98.8,1367780000,100.5246,N
부산지방국토관리청 공고 제2020 - 234호,20201118,울산 농소-경주 외동 사후환경영향조사용역,부산지방국토관리청,PQ,1630000000,1622946175,99.56725,동명+강호,98.26,1368000000,100.2765,N
부산지방국토관리청 공고 제2020 - 234호,20201118,울산 농소-경주 외동 사후환경영향조사용역,부산지방국토관리청,PQ,1630000000,1622946175,99.56725,KG+동일+휴먼,98.24,1362750000,99.8797,Y
부산지방국토관리청 공고 제2020 - 234호,20201118,울산 농소-경주 외동 사후환경영향조사용역,부산지방국토관리청,PQ,1630000000,1622946175,99.56725,동아+KCI+라임,98.06,1381900000,101.1986,N
부산지방국토관리청 공고 제2020 - 234호,20201118,울산 농소-경주 외동 사후환경영향조사용역,부산지방국토관리청,PQ,1630000000,1622946175,99.56725,한기,97.4,1400000000,102.2069,N
부산지방국토관리청 공고 제2020 - 234호,20201118,창녕-고암 등 2건 전략 및 환경영향평가용역,부산지방국토관리청,PQ,1022000000,1014383575,99.25475294,동성+레오,98.47,854512000,100.0919,Y
부산지방국토관리청 공고 제2020 - 234호,20201118,창녕-고암 등 2건 전략 및 환경영향평가용역,부산지방국토관리청,PQ,1022000000,1014383575,99.25475294,다산+엔탑,98.26,871200000,101.9611,N
부산지방국토관리청 공고 제2020 - 234호,20201118,창녕-고암 등 2건 교통영향평가 및 교통시설안전진단용역,부산지방국토관리청,PQ,342000000,344064050,100.6035234,신명+한종,97.18,288380000,100.4008,N
부산지방국토관리청 공고 제2020 - 234호,20201118,창녕-고암 등 2건 교통영향평가 및 교통시설안전진단용역,부산지방국토관리청,PQ,342000000,344064050,100.6035234,진화,96.7,284750000,98.9368,N
부산지방국토관리청 공고 제2020 - 234호,20201118,창녕-고암 등 2건 교통영향평가 및 교통시설안전진단용역,부산지방국토관리청,PQ,342000000,344064050,100.6035234,장맥,95.7,310000000,107.2638,Y
20201124743 - 00,20201119,청주 북이산업단지 진입도로 건설공사 실시설계 용역,충청북도 청주시,PQ,808720000,813815000,100.6300079,홍익+신성,100,691280000,99.9805,N
20201124743 - 00,20201119,청주 북이산업단지 진입도로 건설공사 실시설계 용역,충청북도 청주시,PQ,808720000,813815000,100.6300079,동명+대원,100,690590000,99.8807,N
20201124743 - 00,20201119,청주 북이산업단지 진입도로 건설공사 실시설계 용역,충청북도 청주시,PQ,808720000,813815000,100.6300079,한종+건양,99.66,696200000,100.5979,N
20201124743 - 00,20201119,청주 북이산업단지 진입도로 건설공사 실시설계 용역,충청북도 청주시,PQ,808720000,813815000,100.6300079,서영+선,99.51,689500000,99.5949,N
20201124743 - 00,20201119,청주 북이산업단지 진입도로 건설공사 실시설계 용역,충청북도 청주시,PQ,808720000,813815000,100.6300079,동일+동림,99.23,687800000,99.2797,N
20201124743 - 00,20201119,청주 북이산업단지 진입도로 건설공사 실시설계 용역,충청북도 청주시,PQ,808720000,813815000,100.6300079,동부+도우,99.23,698335000,100.8004,Y
20201124743 - 00,20201119,청주 북이산업단지 진입도로 건설공사 실시설계 용역,충청북도 청주시,PQ,808720000,813815000,100.6300079,건화+창민,99.2,687600000,99.2393,N
20201124743 - 00,20201119,청주 북이산업단지 진입도로 건설공사 실시설계 용역,충청북도 청주시,PQ,808720000,813815000,100.6300079,용마+해린+평화,99.19,689359000,99.4931,N
20201124743 - 00,20201119,청주 북이산업단지 진입도로 건설공사 실시설계 용역,충청북도 청주시,PQ,808720000,813815000,100.6300079,극동+토영,99.05,687498000,99.1898,N
20201124743 - 00,20201119,청주 북이산업단지 진입도로 건설공사 실시설계 용역,충청북도 청주시,PQ,808720000,813815000,100.6300079,신명+KCI+태광,99.02,700126300,101,N
20201124743 - 00,20201119,청주 북이산업단지 진입도로 건설공사 실시설계 용역,충청북도 청주시,PQ,808720000,813815000,100.6300079,도화+영진,98.96,688300000,99.2824,N
20201124743 - 00,20201119,청주 북이산업단지 진입도로 건설공사 실시설계 용역,충청북도 청주시,PQ,808720000,813815000,100.6300079,동성+세영,98.9,686500000,98.9996,N
20201124743 - 00,20201119,청주 북이산업단지 진입도로 건설공사 실시설계 용역,충청북도 청주시,PQ,808720000,813815000,100.6300079,유신+호연,98.72,681828000,98.28,N
20201124743 - 00,20201119,청주 북이산업단지 진입도로 건설공사 실시설계 용역,충청북도 청주시,PQ,808720000,813815000,100.6300079,다산+좋은,98.65,704240000,101.4987,N
20201124743 - 00,20201119,청주 북이산업단지 진입도로 건설공사 실시설계 용역,충청북도 청주시,PQ,808720000,813815000,100.6300079,삼안+도명,98.65,702680000,101.2739,N
20201124743 - 00,20201119,청주 북이산업단지 진입도로 건설공사 실시설계 용역,충청북도 청주시,PQ,808720000,813815000,100.6300079,화신+동국+바우,98.65,687878000,99.1405,N
20201124743 - 00,20201119,청주 북이산업단지 진입도로 건설공사 실시설계 용역,충청북도 청주시,PQ,808720000,813815000,100.6300079,삼보+청우,98.64,700480000,100.9568,N
20201124743 - 00,20201119,청주 북이산업단지 진입도로 건설공사 실시설계 용역,충청북도 청주시,PQ,808720000,813815000,100.6300079,제일+유일,98.59,704400000,101.4981,N
20201124743 - 00,20201119,청주 북이산업단지 진입도로 건설공사 실시설계 용역,충청북도 청주시,PQ,808720000,813815000,100.6300079,이산+세광+대콘,98.14,685680000,98.6972,N
20201124743 - 00,20201119,청주 북이산업단지 진입도로 건설공사 실시설계 용역,충청북도 청주시,PQ,808720000,813815000,100.6300079,경원+옥토,97.88,711000000,102.2704,N
20201124743 - 00,20201119,청주 북이산업단지 진입도로 건설공사 실시설계 용역,충청북도 청주시,PQ,808720000,813815000,100.6300079,경동+녹색,97.87,684546000,98.4652,N
20201124743 - 00,20201119,청주 북이산업단지 진입도로 건설공사 실시설계 용역,충청북도 청주시,PQ,808720000,813815000,100.6300079,KG+지우,97.13,687400000,98.6806,N
논산국토관리사무소 공고 제2020 - 214호,20201117,논산국토 도로구조물분야 통합건설사업관리용역,대전지방국토관리청 논산국토관리사무소,PQ,2199100000,2210348475,100.5115036,건화+경호,99.93,1827480000,100.0919,N
논산국토관리사무소 공고 제2020 - 214호,20201117,논산국토 도로구조물분야 통합건설사업관리용역,대전지방국토관리청 논산국토관리사무소,PQ,2199100000,2210348475,100.5115036,홍익+양광,99.93,1822880000,99.8399,N
논산국토관리사무소 공고 제2020 - 214호,20201117,논산국토 도로구조물분야 통합건설사업관리용역,대전지방국토관리청 논산국토관리사무소,PQ,2199100000,2210348475,100.5115036,천일+동남E,99.93,1830270000,100.2447,N
논산국토관리사무소 공고 제2020 - 214호,20201117,논산국토 도로구조물분야 통합건설사업관리용역,대전지방국토관리청 논산국토관리사무소,PQ,2199100000,2210348475,100.5115036,극동+동남,99.93,1833000000,100.3942,N
논산국토관리사무소 공고 제2020 - 214호,20201117,논산국토 도로구조물분야 통합건설사업관리용역,대전지방국토관리청 논산국토관리사무소,PQ,2199100000,2210348475,100.5115036,신명+삼보,99.92,1833000000,100.3942,N
논산국토관리사무소 공고 제2020 - 214호,20201117,논산국토 도로구조물분야 통합건설사업관리용역,대전지방국토관리청 논산국토관리사무소,PQ,2199100000,2210348475,100.5115036,수성+화신,99.74,1822099999,99.7011,N
논산국토관리사무소 공고 제2020 - 214호,20201117,논산국토 도로구조물분야 통합건설사업관리용역,대전지방국토관리청 논산국토관리사무소,PQ,2199100000,2210348475,100.5115036,삼안+건일,99.7,1820500000,99.6016,N
논산국토관리사무소 공고 제2020 - 214호,20201117,논산국토 도로구조물분야 통합건설사업관리용역,대전지방국토관리청 논산국토관리사무소,PQ,2199100000,2210348475,100.5115036,동일+천마,99.69,1842300000,100.7822,N
논산국토관리사무소 공고 제2020 - 214호,20201117,논산국토 도로구조물분야 통합건설사업관리용역,대전지방국토관리청 논산국토관리사무소,PQ,2199100000,2210348475,100.5115036,다산,99.68,1820280000,99.5776,N
논산국토관리사무소 공고 제2020 - 214호,20201117,논산국토 도로구조물분야 통합건설사업관리용역,대전지방국토관리청 논산국토관리사무소,PQ,2199100000,2210348475,100.5115036,도화+장맥,99.68,1839200000,100.6126,Y
논산국토관리사무소 공고 제2020 - 214호,20201117,논산국토 도로구조물분야 통합건설사업관리용역,대전지방국토관리청 논산국토관리사무소,PQ,2199100000,2210348475,100.5115036,경동+대건,99.6,1840357000,100.6396,N
논산국토관리사무소 공고 제2020 - 214호,20201117,논산국토 도로구조물분야 통합건설사업관리용역,대전지방국토관리청 논산국토관리사무소,PQ,2199100000,2210348475,100.5115036,이산+기산,99.59,1845340000,100.8999,N
논산국토관리사무소 공고 제2020 - 214호,20201117,논산국토 도로구조물분야 통합건설사업관리용역,대전지방국토관리청 논산국토관리사무소,PQ,2199100000,2210348475,100.5115036,일신+유신,99.58,1818822000,99.45,N
논산국토관리사무소 공고 제2020 - 214호,20201117,논산국토 도로구조물분야 통합건설사업관리용역,대전지방국토관리청 논산국토관리사무소,PQ,2199100000,2210348475,100.5115036,KCI+태조,99.58,1840770000,100.65,N
논산국토관리사무소 공고 제2020 - 214호,20201117,논산국토 도로구조물분야 통합건설사업관리용역,대전지방국토관리청 논산국토관리사무소,PQ,2199100000,2210348475,100.5115036,평화,99.45,1817000000,99.2906,N
논산국토관리사무소 공고 제2020 - 214호,20201117,논산국토 도로구조물분야 통합건설사업관리용역,대전지방국토관리청 논산국토관리사무소,PQ,2199100000,2210348475,100.5115036,KG+보람,99.28,1819060000,99.3197,N
논산국토관리사무소 공고 제2020 - 214호,20201117,논산국토 도로구조물분야 통합건설사업관리용역,대전지방국토관리청 논산국토관리사무소,PQ,2199100000,2210348475,100.5115036,선진,99.25,1849500000,100.9696,N
논산국토관리사무소 공고 제2020 - 214호,20201117,논산국토 도로구조물분야 통합건설사업관리용역,대전지방국토관리청 논산국토관리사무소,PQ,2199100000,2210348475,100.5115036,용마,99.18,1815440000,99.0744,N
논산국토관리사무소 공고 제2020 - 214호,20201117,논산국토 도로구조물분야 통합건설사업관리용역,대전지방국토관리청 논산국토관리사무소,PQ,2199100000,2210348475,100.5115036,동성+한국E,99.15,1817044000,99.1501,N
논산국토관리사무소 공고 제2020 - 214호,20201117,논산국토 도로구조물분야 통합건설사업관리용역,대전지방국토관리청 논산국토관리사무소,PQ,2199100000,2210348475,100.5115036,대콘+하나,99.08,1814325000,98.9661,N
논산국토관리사무소 공고 제2020 - 214호,20201117,논산국토 도로구조물분야 통합건설사업관리용역,대전지방국토관리청 논산국토관리사무소,PQ,2199100000,2210348475,100.5115036,제일+삼영,99.06,1857900000,101.3308,N
논산국토관리사무소 공고 제2020 - 214호,20201117,논산국토 도로구조물분야 통합건설사업관리용역,대전지방국토관리청 논산국토관리사무소,PQ,2199100000,2210348475,100.5115036,우주+KRTC,98.95,1815356000,98.963,N
논산국토관리사무소 공고 제2020 - 214호,20201117,논산국토 도로구조물분야 통합건설사업관리용역,대전지방국토관리청 논산국토관리사무소,PQ,2199100000,2210348475,100.5115036,내경+한도,97.2,1812800000,98.0012,N
20201126466 - 00,20201119,화개천 재해복구사업 실시설계용역,경상남도 하동군,PQ,931700000,933889525,100.2350032,KG+천진+강동,100,800699000,100.52,Y
20201126466 - 00,20201119,화개천 재해복구사업 실시설계용역,경상남도 하동군,PQ,931700000,933889525,100.2350032,도화+경화+고려,99.97,795839000,99.8982,N
20201126466 - 00,20201119,화개천 재해복구사업 실시설계용역,경상남도 하동군,PQ,931700000,933889525,100.2350032,한종+현진+우진,99.96,803750000,100.8912,N
20201126466 - 00,20201119,화개천 재해복구사업 실시설계용역,경상남도 하동군,PQ,931700000,933889525,100.2350032,유신+로텍,99.75,793449000,99.54,N
20201126466 - 00,20201119,화개천 재해복구사업 실시설계용역,경상남도 하동군,PQ,931700000,933889525,100.2350032,건화+하우+KCI,99.72,802000000,100.601,N
20201126466 - 00,20201119,화개천 재해복구사업 실시설계용역,경상남도 하동군,PQ,931700000,933889525,100.2350032,극동+혜인,99.25,792793000,99.33,N
20201126466 - 00,20201119,화개천 재해복구사업 실시설계용역,경상남도 하동군,PQ,931700000,933889525,100.2350032,한기+범한,99.25,793400000,99.406,N
20201126466 - 00,20201119,화개천 재해복구사업 실시설계용역,경상남도 하동군,PQ,931700000,933889525,100.2350032,화신+서화+국성,99.13,791155000,99.09,N
20201126466 - 00,20201119,화개천 재해복구사업 실시설계용역,경상남도 하동군,PQ,931700000,933889525,100.2350032,경호+창미,99.11,815000000,102.0766,N
20201126466 - 00,20201119,화개천 재해복구사업 실시설계용역,경상남도 하동군,PQ,931700000,933889525,100.2350032,동성+동명+금성,96.82,827000000,102.9787,N
20201126190 - 00,20201119,"광주전남 집단에너지시설 사후환경영향조사(운영시, 2차) 용역",한국지역난방공사,PQ,2069100000,2080490450,100.5505026,동일+다원,99.06,1669700000,100.9027,Y
20201126190 - 00,20201119,"광주전남 집단에너지시설 사후환경영향조사(운영시, 2차) 용역",한국지역난방공사,PQ,2069100000,2080490450,100.5505026,도화+신일,98.46,1659004000,99.7698,N
20201126190 - 00,20201119,"광주전남 집단에너지시설 사후환경영향조사(운영시, 2차) 용역",한국지역난방공사,PQ,2069100000,2080490450,100.5505026,유신+평화+레오,97.66,1689124000,101.053,N
20201126190 - 00,20201119,"광주전남 집단에너지시설 사후환경영향조사(운영시, 2차) 용역",한국지역난방공사,PQ,2069100000,2080490450,100.5505026,삼안+강호+휴먼,97.89,1658470000,99.1332,N
20201126190 - 00,20201119,"광주전남 집단에너지시설 사후환경영향조사(운영시, 2차) 용역",한국지역난방공사,PQ,2069100000,2080490450,100.5505026,이산+서영+엔탑,97.66,1657530000,98.9547,N
20201126190 - 00,20201119,"광주전남 집단에너지시설 사후환경영향조사(운영시, 2차) 용역",한국지역난방공사,PQ,2069100000,2080490450,100.5505026,KG+한맥+DS,97.56,1697360000,101.32,N
20201126190 - 00,20201119,"광주전남 집단에너지시설 사후환경영향조사(운영시, 2차) 용역",한국지역난방공사,PQ,2069100000,2080490450,100.5505026,건화+우신,97.46,0,0,N
20201126190 - 00,20201119,"광주전남 집단에너지시설 사후환경영향조사(운영시, 2차) 용역",한국지역난방공사,PQ,2069100000,2080490450,100.5505026,한국환경평가+홍익+신성,95.79,1716880000,100.7542,N
20201126190 - 00,20201119,"광주전남 집단에너지시설 사후환경영향조사(운영시, 2차) 용역",한국지역난방공사,PQ,2069100000,2080490450,100.5505026,수성+동성,95.3,1740831000,102,N
20201126215 - 00,20201119,SK하이닉스 신규공장 공업용수 공급사업(3단계) 실시설계용역,충청북도 청주시,PQ,2018000000,1981691150,98.20075074,건화+홍익(태광),100,1574890000,100.0604,N
20201126215 - 00,20201119,SK하이닉스 신규공장 공업용수 공급사업(3단계) 실시설계용역,충청북도 청주시,PQ,2018000000,1981691150,98.20075074,범한+대원,100,1572365000,99.9,N
20201126215 - 00,20201119,SK하이닉스 신규공장 공업용수 공급사업(3단계) 실시설계용역,충청북도 청주시,PQ,2018000000,1981691150,98.20075074,한종+청우,100,1575700000,100.1119,N
20201126215 - 00,20201119,SK하이닉스 신규공장 공업용수 공급사업(3단계) 실시설계용역,충청북도 청주시,PQ,2018000000,1981691150,98.20075074,도화+동명+영진,100,1563450000,99.3336,Y
20201126215 - 00,20201119,SK하이닉스 신규공장 공업용수 공급사업(3단계) 실시설계용역,충청북도 청주시,PQ,2018000000,1981691150,98.20075074,삼안+건양,99.9,1568930000,99.5924,N
20201126215 - 00,20201119,SK하이닉스 신규공장 공업용수 공급사업(3단계) 실시설계용역,충청북도 청주시,PQ,2018000000,1981691150,98.20075074,경동+지명,99.83,1563989000,99.2279,N
20201126215 - 00,20201119,SK하이닉스 신규공장 공업용수 공급사업(3단계) 실시설계용역,충청북도 청주시,PQ,2018000000,1981691150,98.20075074,HEC+동림+동해,99.7,1603200000,101.5986,N
20201126215 - 00,20201119,SK하이닉스 신규공장 공업용수 공급사업(3단계) 실시설계용역,충청북도 청주시,PQ,2018000000,1981691150,98.20075074,유신+도우+이산,98.69,1775840000,111.6255,N
20201126013 - 00,20201119,광기천(지방하천)재해복구사업 실시설계용역,충청남도 천안시,PQ,1139732000,1143464700,100.3275068,동명+한맥,99.98,893800000,100.5216,Y
20201126013 - 00,20201119,광기천(지방하천)재해복구사업 실시설계용역,충청남도 천안시,PQ,1139732000,1143464700,100.3275068,삼안+수성,99.98,888273000,99.9,N
20201126013 - 00,20201119,광기천(지방하천)재해복구사업 실시설계용역,충청남도 천안시,PQ,1139732000,1143464700,100.3275068,동성+우주,99.8,896203000,100.65,N
20201126013 - 00,20201119,광기천(지방하천)재해복구사업 실시설계용역,충청남도 천안시,PQ,1139732000,1143464700,100.3275068,건화+장맥+KCI(제온기술),99.78,881600000,98.9846,N
20201126013 - 00,20201119,광기천(지방하천)재해복구사업 실시설계용역,충청남도 천안시,PQ,1139732000,1143464700,100.3275068,도화+계림+고려,99.76,901550000,101.2116,N
20201126013 - 00,20201119,광기천(지방하천)재해복구사업 실시설계용역,충청남도 천안시,PQ,1139732000,1143464700,100.3275068,극동+명성,99.75,897081000,100.7099,N
20201126013 - 00,20201119,광기천(지방하천)재해복구사업 실시설계용역,충청남도 천안시,PQ,1139732000,1143464700,100.3275068,한종+천마,99.74,882100000,99.0154,N
20201126013 - 00,20201119,광기천(지방하천)재해복구사업 실시설계용역,충청남도 천안시,PQ,1139732000,1143464700,100.3275068,KG+삼육+주하,99.73,899720000,100.9803,N
20201126013 - 00,20201119,광기천(지방하천)재해복구사업 실시설계용역,충청남도 천안시,PQ,1139732000,1143464700,100.3275068,이산+송현,99.72,890980000,99.9994,N
20201126013 - 00,20201119,광기천(지방하천)재해복구사업 실시설계용역,충청남도 천안시,PQ,1139732000,1143464700,100.3275068,다산+경동,99.72,881363000,98.92,N
20201126013 - 00,20201119,광기천(지방하천)재해복구사업 실시설계용역,충청남도 천안시,PQ,1139732000,1143464700,100.3275068,평화+분담,99.7,883600000,99.1457,N
20201126013 - 00,20201119,광기천(지방하천)재해복구사업 실시설계용역,충청남도 천안시,PQ,1139732000,1143464700,100.3275068,유신+드림,99.69,891837000,100.07,N
20201126013 - 00,20201119,광기천(지방하천)재해복구사업 실시설계용역,충청남도 천안시,PQ,1139732000,1143464700,100.3275068,KSM+동국,99.56,903799000,101.2956,N
20201126013 - 00,20201119,광기천(지방하천)재해복구사업 실시설계용역,충청남도 천안시,PQ,1139732000,1143464700,100.3275068,화신+천진+신화,98.97,908738000,101.37,N
20201126013 - 00,20201119,광기천(지방하천)재해복구사업 실시설계용역,충청남도 천안시,PQ,1139732000,1143464700,100.3275068,동부+세일+동해,98.85,910833000,101.5005,N
20201126013 - 00,20201119,광기천(지방하천)재해복구사업 실시설계용역,충청남도 천안시,PQ,1139732000,1143464700,100.3275068,서광+한성,98.5,920000000,102.2364,N
20201125951 - 00,20201119,사자골 오동소하천 재해복구사업 실시설계용역,충청남도 천안시,PQ,928213000,926966925,99.86575549,동명+한맥,99.98,792870000,99.8994,Y
20201125951 - 00,20201119,사자골 오동소하천 재해복구사업 실시설계용역,충청남도 천안시,PQ,928213000,926966925,99.86575549,삼안+수성,99.98,796290000,100.3303,N
20201125951 - 00,20201119,사자골 오동소하천 재해복구사업 실시설계용역,충청남도 천안시,PQ,928213000,926966925,99.86575549,도화+계림+고려,99.82,796730000,100.3505,N
20201125951 - 00,20201119,사자골 오동소하천 재해복구사업 실시설계용역,충청남도 천안시,PQ,928213000,926966925,99.86575549,한종+천마,99.8,786900000,99.1008,N
20201125951 - 00,20201119,사자골 오동소하천 재해복구사업 실시설계용역,충청남도 천안시,PQ,928213000,926966925,99.86575549,동성+우주,99.8,798407000,100.55,N
20201125951 - 00,20201119,사자골 오동소하천 재해복구사업 실시설계용역,충청남도 천안시,PQ,928213000,926966925,99.86575549,KG+삼육+주하,99.79,792610000,99.8199,N
20201125951 - 00,20201119,사자골 오동소하천 재해복구사업 실시설계용역,충청남도 천안시,PQ,928213000,926966925,99.86575549,유신+드림,99.75,799929000,100.7299,N
20201125951 - 00,20201119,사자골 오동소하천 재해복구사업 실시설계용역,충청남도 천안시,PQ,928213000,926966925,99.86575549,극동+명성,99.75,789844000,99.46,N
20201125951 - 00,20201119,사자골 오동소하천 재해복구사업 실시설계용역,충청남도 천안시,PQ,928213000,926966925,99.86575549,건화+장맥+KCI(제온기술),99.72,785600000,98.914,N
20201125951 - 00,20201119,사자골 오동소하천 재해복구사업 실시설계용역,충청남도 천안시,PQ,928213000,926966925,99.86575549,이산+송현,99.72,798198000,100.5002,N
20201125951 - 00,20201119,사자골 오동소하천 재해복구사업 실시설계용역,충청남도 천안시,PQ,928213000,926966925,99.86575549,다산+경동,99.66,788599000,99.28,N
20201125951 - 00,20201119,사자골 오동소하천 재해복구사업 실시설계용역,충청남도 천안시,PQ,928213000,926966925,99.86575549,평화+분담,99.64,790570000,99.5281,N
20201125951 - 00,20201119,사자골 오동소하천 재해복구사업 실시설계용역,충청남도 천안시,PQ,928213000,926966925,99.86575549,KSM+동국,99.56,799900000,100.6792,N
20201125951 - 00,20201119,사자골 오동소하천 재해복구사업 실시설계용역,충청남도 천안시,PQ,928213000,926966925,99.86575549,화신+천진+신화,99.03,784718000,98.63,N
20201125951 - 00,20201119,사자골 오동소하천 재해복구사업 실시설계용역,충청남도 천안시,PQ,928213000,926966925,99.86575549,동부+세일+동해,98.73,806927000,101.3505,N
20201125951 - 00,20201119,사자골 오동소하천 재해복구사업 실시설계용역,충청남도 천안시,PQ,928213000,926966925,99.86575549,서광+한성,98.5,803799000,100.8988,N
2020-01286 ,20201120,남해고속도로(칠원-창원간) 확장공사 타당성평가 및 기본설계,한국도로공사,종심제,4435044000,4394385735,99.08325002,신성+대한+진화(43:35:22),98.8797,3556000000,80.1796,Y
2020-01286 ,20201120,남해고속도로(칠원-창원간) 확장공사 타당성평가 및 기본설계,한국도로공사,종심제,4435044000,4394385735,99.08325002,경동+KCI+내경,97.8797,3560000000,80.2698,N
2020-01286,20201120,세종-청주간 고속도로 건설공사 기본 및 실시설계(제1공구),한국도로공사,종심제,5657828000,5589608740,98.79425002,용마+동부+바우(36:32:32),99.1883,4627700000,81.7929,Y
2020-01286,20201120,세종-청주간 고속도로 건설공사 기본 및 실시설계(제1공구),한국도로공사,종심제,5657828000,5589608740,98.79425002,제일+벽산+대콘,98.1883,4582850000,81.0002,N
2020-01286,20201120,세종-청주간 고속도로 건설공사 기본 및 실시설계(제2공구),한국도로공사,종심제,6816997000,6873237226,100.825,KCI+경동+내경(36:32:32),100,5525000000,81.0474,Y
2020-01286,20201120,세종-청주간 고속도로 건설공사 기본 및 실시설계(제2공구),한국도로공사,종심제,6816997000,6873237226,100.825,드림+천마+평화,99,5530000000,81.1208,N
2020-01286,20201120,세종-청주간 고속도로 건설공사 기본 및 실시설계(제3공구),한국도로공사,종심제,6592388000,6590097146,99.96525001,태조+제일+벽산(39:31:30),100,5366200000,81.3999,Y
2020-01286,20201120,세종-청주간 고속도로 건설공사 기본 및 실시설계(제3공구),한국도로공사,종심제,6592388000,6590097146,99.96525001,선진+KSM+용마,99,5438700000,82.4997,N
2020-01286,20201120,세종-청주간 고속도로 건설공사 기본 및 실시설계(제4공구),한국도로공사,종심제,5942750000,5982893277,100.6755,대콘+선진+KSM(37:32:31),100,4847500000,81.57,Y
2020-01286,20201120,세종-청주간 고속도로 건설공사 기본 및 실시설계(제4공구),한국도로공사,종심제,5942750000,5982893277,100.6755,바우+동부+태조,99,4873000000,81.9991,N
2020-01286,20201120,울산외곽순환 고속도로 건설공사 기본 및 실시설계(제1공구),한국도로공사,종심제,6877772000,6907243254,100.4285,한맥+동성+홍익(36:32:32),100,5660400000,82.2999,Y
2020-01286,20201120,울산외곽순환 고속도로 건설공사 기본 및 실시설계(제1공구),한국도로공사,종심제,6877772000,6907243254,100.4285,삼보+KG+화신,99,5615000000,81.6398,N
2020-01286,20201120,울산외곽순환 고속도로 건설공사 기본 및 실시설계(제2공구),한국도로공사,종심제,6919891000,6904909437,99.78350001,다산+유신+하이콘(36:32:32),100,5577000000,80.5938,Y
2020-01286,20201120,울산외곽순환 고속도로 건설공사 기본 및 실시설계(제2공구),한국도로공사,종심제,6919891000,6904909437,99.78350001,극동+한종+천일,99,5559400000,80.3394,N
2020-01286,20201120,울산외곽순환 고속도로 건설공사 기본 및 실시설계(제3공구),한국도로공사,종심제,5381310000,5432741871,100.95575,KG+삼보+화신(37:33:30),100,4439580000,82.5,Y
2020-01286,20201120,울산외곽순환 고속도로 건설공사 기본 및 실시설계(제3공구),한국도로공사,종심제,5381310000,5432741871,100.95575,동명+삼안+동해,99,4445000000,82.6007,N
2020-01286,20201120,부산신항-김해간 고속도로 건설공사 기본 및 실시설계(제1공구),한국도로공사,종심제,6351972000,6242956282,98.28375002,서영+동일+이산(36:33:31),100,5176857000,81.5,Y
2020-01286,20201120,부산신항-김해간 고속도로 건설공사 기본 및 실시설계(제1공구),한국도로공사,종심제,6351972000,6242956282,98.28375002,유신+다산+하이콘,99,5189580000,81.7003,N
2020-01286,20201120,부산신항-김해간 고속도로 건설공사 기본 및 실시설계(제2공구),한국도로공사,종심제,5317470000,5258937950,98.89925002,천일+극동+한종(36:32:32),99.0973,4380000000,82.37,Y
2020-01286,20201120,부산신항-김해간 고속도로 건설공사 기본 및 실시설계(제2공구),한국도로공사,종심제,5317470000,5258937950,98.89925002,이산+서영+동일,98.0973,4466000000,83.9873,N
2020-01286,20201120,부산신항-김해간 고속도로 건설공사 기본 및 실시설계(제3공구),한국도로공사,종심제,4803853000,4828953133,100.5225,삼안+동명+동해(36:33:31),99.9564,3915120000,81.4996,Y
2020-01286,20201120,부산신항-김해간 고속도로 건설공사 기본 및 실시설계(제3공구),한국도로공사,종심제,4803853000,4828953133,100.5225,경호+도화+강호,98.9564,3905000000,81.2889,N
2020-01286,20201120,당진-아산간 고속도로 건설공사 기본 및 실시설계(제1공구),한국도로공사,종심제,6037900000,5975770009,98.971,도화+경호+단우(40:35:25),100,4890000000,80.9884,Y
2020-01286,20201120,당진-아산간 고속도로 건설공사 기본 및 실시설계(제1공구),한국도로공사,종심제,6037900000,5975770009,98.971,동성+홍익+한맥,99,4920000000,81.4853,N
2020-01286,20201120,당진-아산간 고속도로 건설공사 기본 및 실시설계(제2공구),한국도로공사,종심제,5723300000,5620366450,98.20150001,평화+드림+천마(4:3:3),98.7457,4630000000,80.8974,Y
2020-01286,20201120,당진-아산간 고속도로 건설공사 기본 및 실시설계(제2공구),한국도로공사,종심제,5723300000,5620366450,98.20150001,대건+신성+진화,97.7457,4636000000,81.0022,N
2020-01286,20201120,당진-아산간 고속도로 건설공사 기본 및 실시설계(제3공구),한국도로공사,종심제,5278900000,5225332363,98.98525001,한기+진우+일신(36:32:32),99.2131,4200000000,79.562,Y
2020-01286,20201120,당진-아산간 고속도로 건설공사 기본 및 실시설계(제3공구),한국도로공사,종심제,5278900000,5225332363,98.98525001,도화+수성+경원,98.2131,4275000000,80.9828,N
익산지방국토관리청 공고 제2020-403호,20201118,섬진강 곡성2제 재해복구사업 건설사업관리용역,익산지방국토관리청,PQ,1672000000,1673847600,100.1105024,동성,100,1390300000,100.1891,Y
익산지방국토관리청 공고 제2020-403호,20201118,섬진강 곡성2제 재해복구사업 건설사업관리용역,익산지방국토관리청,PQ,1672000000,1673847600,100.1105024,신명+KSM,100,1389000000,100.0954,N
익산지방국토관리청 공고 제2020-403호,20201118,섬진강 곡성2제 재해복구사업 건설사업관리용역,익산지방국토관리청,PQ,1672000000,1673847600,100.1105024,서영+한기,99.84,1392400000,100.2558,N
익산지방국토관리청 공고 제2020-403호,20201118,섬진강 곡성2제 재해복구사업 건설사업관리용역,익산지방국토관리청,PQ,1672000000,1673847600,100.1105024,도화+삼보,99.84,1363800000,98.1966,N
익산지방국토관리청 공고 제2020-403호,20201118,섬진강 곡성2제 재해복구사업 건설사업관리용역,익산지방국토관리청,PQ,1672000000,1673847600,100.1105024,삼안+태조,99.83,1384680000,99.7,N
익산지방국토관리청 공고 제2020-403호,20201118,섬진강 곡성2제 재해복구사업 건설사업관리용역,익산지방국토관리청,PQ,1672000000,1673847600,100.1105024,경동+동일,99.76,1398370000,100.6493,N
익산지방국토관리청 공고 제2020-403호,20201118,섬진강 곡성2제 재해복구사업 건설사업관리용역,익산지방국토관리청,PQ,1672000000,1673847600,100.1105024,평화,99.76,1397600000,100.5939,N
익산지방국토관리청 공고 제2020-403호,20201118,섬진강 곡성2제 재해복구사업 건설사업관리용역,익산지방국토관리청,PQ,1672000000,1673847600,100.1105024,한종+하이콘,99.75,1384900000,99.6798,N
익산지방국토관리청 공고 제2020-403호,20201118,섬진강 곡성2제 재해복구사업 건설사업관리용역,익산지방국토관리청,PQ,1672000000,1673847600,100.1105024,유신+동부,99.75,1391419000,100.149,N
익산지방국토관리청 공고 제2020-403호,20201118,섬진강 곡성2제 재해복구사업 건설사업관리용역,익산지방국토관리청,PQ,1672000000,1673847600,100.1105024,건화,99.61,1382000000,99.3993,N
익산지방국토관리청 공고 제2020-403호,20201118,섬진강 곡성2제 재해복구사업 건설사업관리용역,익산지방국토관리청,PQ,1672000000,1673847600,100.1105024,이산,99.6,1408420000,101.2996,N
익산지방국토관리청 공고 제2020-403호,20201118,섬진강 곡성2제 재해복구사업 건설사업관리용역,익산지방국토관리청,PQ,1672000000,1673847600,100.1105024,극동,99.43,1550000000,111.3888,N
익산지방국토관리청 공고 제2020-403호,20201118,섬진강 곡성2제 재해복구사업 건설사업관리용역,익산지방국토관리청,PQ,1672000000,1673847600,100.1105024,천일+건일,99.3,1380470000,99.1462,N
20201124540 - 00,20201119,일산수질복원센터 시설개량사업 기본 및 실시설계용역,경기도 고양시,PQ,2984080000,2995255450,100.3745024,도화+삼안+KG+한종,100,2362100000,101.4895,Y
20201124540 - 00,20201119,일산수질복원센터 시설개량사업 기본 및 실시설계용역,경기도 고양시,PQ,2984080000,2995255450,100.3745024,동명+제일,97.9,2345200000,99.0489,N
20201124540 - 00,20201119,일산수질복원센터 시설개량사업 기본 및 실시설계용역,경기도 고양시,PQ,2984080000,2995255450,100.3745024,이산+건화+선진,97.8,2555500000,107.8494,N
20201125539 - 00,20201119,천안 제3·외국인·백석 산업단지 완충저류시설 기본 및 실시설계 용역,충청남도 천안시,PQ,1099300000,1102710650,100.3102565,삼안+한맥,99.1,946550000,100.4782,Y
20201125539 - 00,20201119,천안 제3·외국인·백석 산업단지 완충저류시설 기본 및 실시설계 용역,충청남도 천안시,PQ,1099300000,1102710650,100.3102565,KG+우리,98.12,938610000,99.3802,N
20201125539 - 00,20201119,천안 제3·외국인·백석 산업단지 완충저류시설 기본 및 실시설계 용역,충청남도 천안시,PQ,1099300000,1102710650,100.3102565,건화+수성E,98.02,940890000,99.5984,N
20201125539 - 00,20201119,천안 제3·외국인·백석 산업단지 완충저류시설 기본 및 실시설계 용역,충청남도 천안시,PQ,1099300000,1102710650,100.3102565,도화+경동,98,952660000,100.8444,N
20201125539 - 00,20201119,천안 제3·외국인·백석 산업단지 완충저류시설 기본 및 실시설계 용역,충청남도 천안시,PQ,1099300000,1102710650,100.3102565,한종+세일,98,941000000,99.6101,N
20201125539 - 00,20201119,천안 제3·외국인·백석 산업단지 완충저류시설 기본 및 실시설계 용역,충청남도 천안시,PQ,1099300000,1102710650,100.3102565,홍익+천마,97.9,939059000,99.3699,N
20201125539 - 00,20201119,천안 제3·외국인·백석 산업단지 완충저류시설 기본 및 실시설계 용역,충청남도 천안시,PQ,1099300000,1102710650,100.3102565,동명+드림,97.9,940300000,99.5013,N
20201125539 - 00,20201119,천안 제3·외국인·백석 산업단지 완충저류시설 기본 및 실시설계 용역,충청남도 천안시,PQ,1099300000,1102710650,100.3102565,이산+장맥,97.8,933190000,98.7259,N
20201125539 - 00,20201119,천안 제3·외국인·백석 산업단지 완충저류시설 기본 및 실시설계 용역,충청남도 천안시,PQ,1099300000,1102710650,100.3102565,건양+송현+수성,97.8,954400000,100.9698,N
20201125539 - 00,20201119,천안 제3·외국인·백석 산업단지 완충저류시설 기본 및 실시설계 용역,충청남도 천안시,PQ,1099300000,1102710650,100.3102565,화신+동양+KCI,97.69,935079000,98.9028,N
20201125539 - 00,20201119,천안 제3·외국인·백석 산업단지 완충저류시설 기본 및 실시설계 용역,충청남도 천안시,PQ,1099300000,1102710650,100.3102565,선진+바셈,97.64,936800000,99.0733,N
20201125539 - 00,20201119,천안 제3·외국인·백석 산업단지 완충저류시설 기본 및 실시설계 용역,충청남도 천안시,PQ,1099300000,1102710650,100.3102565,제일+기산,96.9,970200000,102.4032,N
20201125019 - 00,20201119,국립새만금수목원 조성사업 교통영향평가,산림청,PQ,241841000,242203225,100.1497782,도화,99.1,209620000,99.9214,N
20201125019 - 00,20201119,국립새만금수목원 조성사업 교통영향평가,산림청,PQ,241841000,242203225,100.1497782,건화,98.9,210799000,100.4834,N
20201125019 - 00,20201119,국립새만금수목원 조성사업 교통영향평가,산림청,PQ,241841000,242203225,100.1497782,서영,98.9,210420000,100.3027,N
20201125019 - 00,20201119,국립새만금수목원 조성사업 교통영향평가,산림청,PQ,241841000,242203225,100.1497782,수성,98.7,210056000,100.1292,N
20201125019 - 00,20201119,국립새만금수목원 조성사업 교통영향평가,산림청,PQ,241841000,242203225,100.1497782,유신,98.2,211087000,100.6206,N
20201125019 - 00,20201119,국립새만금수목원 조성사업 교통영향평가,산림청,PQ,241841000,242203225,100.1497782,한종,98.1,209880000,100.0453,N
20201125019 - 00,20201119,국립새만금수목원 조성사업 교통영향평가,산림청,PQ,241841000,242203225,100.1497782,보람+KG,98.1,208695000,99.4804,N
20201125019 - 00,20201119,국립새만금수목원 조성사업 교통영향평가,산림청,PQ,241841000,242203225,100.1497782,평화,97.7,210170000,100.1835,Y
20201125019 - 00,20201119,국립새만금수목원 조성사업 교통영향평가,산림청,PQ,241841000,242203225,100.1497782,삼안,97.7,211420000,100.7794,N
20201125019 - 00,20201119,국립새만금수목원 조성사업 교통영향평가,산림청,PQ,241841000,242203225,100.1497782,동명,96.9,209200000,99.7212,N
20201125019 - 00,20201119,국립새만금수목원 조성사업 교통영향평가,산림청,PQ,241841000,242203225,100.1497782,동성,94.5,208844000,99.2996,N
20201125019 - 00,20201119,국립새만금수목원 조성사업 교통영향평가,산림청,PQ,241841000,242203225,100.1497782,제일,93.65,212399000,100.9203,N
20201125019 - 00,20201119,국립새만금수목원 조성사업 교통영향평가,산림청,PQ,241841000,242203225,100.1497782,신명이엔씨,95.3,213326000,101.2677,N
20201125019 - 00,20201119,국립새만금수목원 조성사업 교통영향평가,산림청,PQ,241841000,242203225,100.1497782,홍익,92.15,213890000,101.5004,N
9225596 - 00 ,20201119,충북선 삼탄역외 14개소 수해복구 실시설계용역,한국철도공사,PQ,309958000,306578452,98.9096755,건화,96.7,271200000,100.5756,N
9225596 - 00 ,20201119,충북선 삼탄역외 14개소 수해복구 실시설계용역,한국철도공사,PQ,309958000,306578452,98.9096755,이산,96.6,269663000,99.9941,N
9225596 - 00 ,20201119,충북선 삼탄역외 14개소 수해복구 실시설계용역,한국철도공사,PQ,309958000,306578452,98.9096755,삼안,94.6,269280000,99.6802,Y
9225596 - 00 ,20201119,충북선 삼탄역외 14개소 수해복구 실시설계용역,한국철도공사,PQ,309958000,306578452,98.9096755,대콘,94.15,271200000,100.3564,N
20201128175 - 00,20201120,낙민 지구단위종합복구사업 기본 및 실시설계 용역,경상남도 합천군,PQ,903000000,911136100,100.9010078,삼안+KSM,98.35,775940000,100.0747,N
20201128175 - 00,20201120,낙민 지구단위종합복구사업 기본 및 실시설계 용역,경상남도 합천군,PQ,903000000,911136100,100.9010078,동부+한성+동해,98.04,772970000,99.6104,N
20201128175 - 00,20201120,낙민 지구단위종합복구사업 기본 및 실시설계 용역,경상남도 합천군,PQ,903000000,911136100,100.9010078,한종+우진+현진,97.97,772300000,99.5125,N
20201128175 - 00,20201120,낙민 지구단위종합복구사업 기본 및 실시설계 용역,경상남도 합천군,PQ,903000000,911136100,100.9010078,도화+경화+고려,97.97,785250000,101.1811,Y
20201128175 - 00,20201120,낙민 지구단위종합복구사업 기본 및 실시설계 용역,경상남도 합천군,PQ,903000000,911136100,100.9010078,KG+천진,97.95,770895000,99.3199,N
20201128175 - 00,20201120,낙민 지구단위종합복구사업 기본 및 실시설계 용역,경상남도 합천군,PQ,903000000,911136100,100.9010078,이산+로텍,97.57,783600000,100.8629,N
20201128175 - 00,20201120,낙민 지구단위종합복구사업 기본 및 실시설계 용역,경상남도 합천군,PQ,903000000,911136100,100.9010078,다산+신화,97.57,783733000,100.88,N
20201128175 - 00,20201120,낙민 지구단위종합복구사업 기본 및 실시설계 용역,경상남도 합천군,PQ,903000000,911136100,100.9010078,평화+한올,97.52,776400000,99.9245,N
20201128175 - 00,20201120,낙민 지구단위종합복구사업 기본 및 실시설계 용역,경상남도 합천군,PQ,903000000,911136100,100.9010078,건화+화성+KCI,97.49,768490000,98.895,N
20201128175 - 00,20201120,낙민 지구단위종합복구사업 기본 및 실시설계 용역,경상남도 합천군,PQ,903000000,911136100,100.9010078,유신+수성,97.35,768797000,98.9,N
20201128175 - 00,20201120,낙민 지구단위종합복구사업 기본 및 실시설계 용역,경상남도 합천군,PQ,903000000,911136100,100.9010078,동성+금성+동명,96.99,786628000,101.0999,N
20201128175 - 00,20201120,낙민 지구단위종합복구사업 기본 및 실시설계 용역,경상남도 합천군,PQ,903000000,911136100,100.9010078,화신+혜인+서화,96.97,769530000,98.9024,N
20201128175 - 00,20201120,낙민 지구단위종합복구사업 기본 및 실시설계 용역,경상남도 합천군,PQ,903000000,911136100,100.9010078,경호+하우,94.57,806000000,102.9564,N
20201127902 - 00,20201120,쌍용배수지 개량 및 증설공사 감독권한대행 등 건설사업관리용역,충청남도 천안시,PQ,2500000000,2476931250,99.07725,도화+경동+드림,99.73,1960300000,100.3032,N
20201127902 - 00,20201120,쌍용배수지 개량 및 증설공사 감독권한대행 등 건설사업관리용역,충청남도 천안시,PQ,2500000000,2476931250,99.07725,삼안+한맥+용마,99.7,1952500000,99.8785,N
20201127902 - 00,20201120,쌍용배수지 개량 및 증설공사 감독권한대행 등 건설사업관리용역,충청남도 천안시,PQ,2500000000,2476931250,99.07725,한종+송현eng,99.62,1974000000,100.9138,N
20201127902 - 00,20201120,쌍용배수지 개량 및 증설공사 감독권한대행 등 건설사업관리용역,충청남도 천안시,PQ,2500000000,2476931250,99.07725,건화+송현+세일(중앙산림기술),99.45,1942000000,99.1385,Y
20201127902 - 00,20201120,쌍용배수지 개량 및 증설공사 감독권한대행 등 건설사업관리용역,충청남도 천안시,PQ,2500000000,2476931250,99.07725,동명+동양+천마,99.28,1946700000,99.2392,N
20201127902 - 00,20201120,쌍용배수지 개량 및 증설공사 감독권한대행 등 건설사업관리용역,충청남도 천안시,PQ,2500000000,2476931250,99.07725,KG+우리,99.23,1980430000,100.9201,N
20201127902 - 00,20201120,쌍용배수지 개량 및 증설공사 감독권한대행 등 건설사업관리용역,충청남도 천안시,PQ,2500000000,2476931250,99.07725,범한+수성,99.05,1945470000,98.9998,N
20201127902 - 00,20201120,쌍용배수지 개량 및 증설공사 감독권한대행 등 건설사업관리용역,충청남도 천안시,PQ,2500000000,2476931250,99.07725,이산+기산,99.05,1946500000,99.0522,N
20201127902 - 00,20201120,쌍용배수지 개량 및 증설공사 감독권한대행 등 건설사업관리용역,충청남도 천안시,PQ,2500000000,2476931250,99.07725,신명+재성,99.02,1989989000,101.2395,N
20201127902 - 00,20201120,쌍용배수지 개량 및 증설공사 감독권한대행 등 건설사업관리용역,충청남도 천안시,PQ,2500000000,2476931250,99.07725,천일+더원+장맥,99,1941300000,98.7499,N
20201127902 - 00,20201120,쌍용배수지 개량 및 증설공사 감독권한대행 등 건설사업관리용역,충청남도 천안시,PQ,2500000000,2476931250,99.07725,홍익+에스알,98.84,2006100000,101.9036,N
20201127902 - 00,20201120,쌍용배수지 개량 및 증설공사 감독권한대행 등 건설사업관리용역,충청남도 천안시,PQ,2500000000,2476931250,99.07725,대콘+정안,98.33,2375000000,120.1543,N
20201127016 - 00,20201120,부리천외 1개소(현내천) 하천기본계획(재수립) 및 재해복구사업 실시설계 용역,충청남도 금산군,PQ,998255000,1009924675,101.1690074,도화+경동+계림,100,853850000,100.0459,N
20201127016 - 00,20201120,부리천외 1개소(현내천) 하천기본계획(재수립) 및 재해복구사업 실시설계 용역,충청남도 금산군,PQ,998255000,1009924675,101.1690074,화신+고려+수성E,99.81,855068000,100.1301,N
20201127016 - 00,20201120,부리천외 1개소(현내천) 하천기본계획(재수립) 및 재해복구사업 실시설계 용역,충청남도 금산군,PQ,998255000,1009924675,101.1690074,KSM+동국,99.67,853390000,99.8985,N
20201127016 - 00,20201120,부리천외 1개소(현내천) 하천기본계획(재수립) 및 재해복구사업 실시설계 용역,충청남도 금산군,PQ,998255000,1009924675,101.1690074,이산,99.64,850840000,99.6,N
20201127016 - 00,20201120,부리천외 1개소(현내천) 하천기본계획(재수립) 및 재해복구사업 실시설계 용역,충청남도 금산군,PQ,998255000,1009924675,101.1690074,건화+장맥+KCI(제온기술+우경),99.63,845500000,98.9634,N
20201127016 - 00,20201120,부리천외 1개소(현내천) 하천기본계획(재수립) 및 재해복구사업 실시설계 용역,충청남도 금산군,PQ,998255000,1009924675,101.1690074,동부+세일,99.63,860343000,100.7007,N
20201127016 - 00,20201120,부리천외 1개소(현내천) 하천기본계획(재수립) 및 재해복구사업 실시설계 용역,충청남도 금산군,PQ,998255000,1009924675,101.1690074,다산+한맥,99.58,854628000,100.0201,N
20201127016 - 00,20201120,부리천외 1개소(현내천) 하천기본계획(재수립) 및 재해복구사업 실시설계 용역,충청남도 금산군,PQ,998255000,1009924675,101.1690074,한종+천마,99.48,847820000,99.2001,N
20201127016 - 00,20201120,부리천외 1개소(현내천) 하천기본계획(재수립) 및 재해복구사업 실시설계 용역,충청남도 금산군,PQ,998255000,1009924675,101.1690074,KG+삼육,99.48,865940000,101.3203,N
20201127016 - 00,20201120,부리천외 1개소(현내천) 하천기본계획(재수립) 및 재해복구사업 실시설계 용역,충청남도 금산군,PQ,998255000,1009924675,101.1690074,삼안+드림,99.44,846120000,98.9897,N
20201127016 - 00,20201120,부리천외 1개소(현내천) 하천기본계획(재수립) 및 재해복구사업 실시설계 용역,충청남도 금산군,PQ,998255000,1009924675,101.1690074,유신,99.43,846208000,99,N
20201127016 - 00,20201120,부리천외 1개소(현내천) 하천기본계획(재수립) 및 재해복구사업 실시설계 용역,충청남도 금산군,PQ,998255000,1009924675,101.1690074,동성,99.42,865697000,101.28,Y
20201127016 - 00,20201120,부리천외 1개소(현내천) 하천기본계획(재수립) 및 재해복구사업 실시설계 용역,충청남도 금산군,PQ,998255000,1009924675,101.1690074,평화,99.42,849870000,99.4284,N
20201127016 - 00,20201120,부리천외 1개소(현내천) 하천기본계획(재수립) 및 재해복구사업 실시설계 용역,충청남도 금산군,PQ,998255000,1009924675,101.1690074,동명+대웅,99.4,859130000,100.5,N
20201127016 - 00,20201120,부리천외 1개소(현내천) 하천기본계획(재수립) 및 재해복구사업 실시설계 용역,충청남도 금산군,PQ,998255000,1009924675,101.1690074,경호+강호,98.94,868440000,101.4706,N
20201127016 - 00,20201120,부리천외 1개소(현내천) 하천기본계획(재수립) 및 재해복구사업 실시설계 용역,충청남도 금산군,PQ,998255000,1009924675,101.1690074,서광+한성,98.13,865200000,100.8802,N
20201127046 - 00,20201120,하서1리-1지구 연안정비사업 실시설계용역,경상북도 경주시,PQ,1087268000,1090856025,100.3300037,아라+대영,99.16,935308000,100.3953,Y
20201127046 - 00,20201120,하서1리-1지구 연안정비사업 실시설계용역,경상북도 경주시,PQ,1087268000,1090856025,100.3300037,도화+유신+주하,97.97,933430000,99.8906,N
20201127046 - 00,20201120,하서1리-1지구 연안정비사업 실시설계용역,경상북도 경주시,PQ,1087268000,1090856025,100.3300037,건화+한도,97.84,0,0,N
20201127046 - 00,20201120,하서1리-1지구 연안정비사업 실시설계용역,경상북도 경주시,PQ,1087268000,1090856025,100.3300037,세광+동성,97.84,942724000,100.85,N
20201127046 - 00,20201120,하서1리-1지구 연안정비사업 실시설계용역,경상북도 경주시,PQ,1087268000,1090856025,100.3300037,한항+세원,97.78,938157000,100.3497,N
20201127046 - 00,20201120,하서1리-1지구 연안정비사업 실시설계용역,경상북도 경주시,PQ,1087268000,1090856025,100.3300037,한종+보원,97.74,941600000,100.7063,N
20201127046 - 00,20201120,하서1리-1지구 연안정비사업 실시설계용역,경상북도 경주시,PQ,1087268000,1090856025,100.3300037,건일+혜인,97.72,946790000,101.2378,N
20201127046 - 00,20201120,하서1리-1지구 연안정비사업 실시설계용역,경상북도 경주시,PQ,1087268000,1090856025,100.3300037,서영+해인,97.1,950600000,101.5036,N
20201127046 - 00,20201120,하서1리-1지구 연안정비사업 실시설계용역,경상북도 경주시,PQ,1087268000,1090856025,100.3300037,세일+반석,95.9,928932000,98.88,N
9225621-00,20201120,경강선 신둔도예촌~세종대왕릉역 간 22개소 수해복구 기타공사 실시설계용역,한국철도공사,PQ,336587000,338239725,100.4910246,건화,96.53,294300000,100.496,Y
9225621-00,20201120,경강선 신둔도예촌~세종대왕릉역 간 22개소 수해복구 기타공사 실시설계용역,한국철도공사,PQ,336587000,338239725,100.4910246,삼안,94.6,293040000,99.8935,N
9225621-00,20201120,경강선 신둔도예촌~세종대왕릉역 간 22개소 수해복구 기타공사 실시설계용역,한국철도공사,PQ,336587000,338239725,100.4910246,대콘,93.93,294550000,100.3507,N
9225621-00,20201120,경강선 신둔도예촌~세종대왕릉역 간 22개소 수해복구 기타공사 실시설계용역,한국철도공사,PQ,336587000,338239725,100.4910246,대건,89.79,0,0,N
E082000476-1,20201112,대호호 수상태양광 발전설비 건설사업 설계기술용역(종합심사낙찰제),한국동서발전(주),종심제,6468962500,6300000000,97.38810513,도화+테크피아,97.04,5945000000,91.9004,Y
E082000476-1,20201112,대호호 수상태양광 발전설비 건설사업 설계기술용역(종합심사낙찰제),한국동서발전(주),종심제,6468962500,6300000000,97.38810513,KOPEC,92.04,5776000000,89.2879,N
E082000476-1,20201112,대호호 수상태양광 발전설비 건설사업 설계기술용역(종합심사낙찰제),한국동서발전(주),종심제,6468962500,6300000000,97.38810513,유신,87.04,6210000000,95.9968,N
E082000476-1,20201112,대호호 수상태양광 발전설비 건설사업 설계기술용역(종합심사낙찰제),한국동서발전(주),종심제,6468962500,6300000000,97.38810513,한종,82.04,5653000000,87.3865,N
E082000476-1,20201112,대호호 수상태양광 발전설비 건설사업 설계기술용역(종합심사낙찰제),한국동서발전(주),종심제,6468962500,6300000000,97.38810513,건화+진성+청우,77.04,6000000000,92.7506,N
20201128463 - 00,20201123,안양시 석수하수처리장 슬러지 자원화사업 기본계획 수립 용역,경기도 안양시,PQ,241000000,240040275,99.60177386,도화+삼안(한경),87.56,212288000,100.3204,N
20201128463 - 00,20201123,안양시 석수하수처리장 슬러지 자원화사업 기본계획 수립 용역,경기도 안양시,PQ,241000000,240040275,99.60177386,건화+드림(테크피아),87.1,211447000,99.8774,Y
20201130667 - 00,20201123,여주 역세권 도시개발사업 환지처분 용역,경기도 여주시,PQ,1245200000,1250610425,100.4345025,건화+대콘,94.75,1043400000,102.9977,Y
20201130667 - 00,20201123,여주 역세권 도시개발사업 환지처분 용역,경기도 여주시,PQ,1245200000,1250610425,100.4345025,유신+서영,85.9,1105300000,101.9993,N
20201131130 - 00,20201124,공영차고지 조성 등 도시계획시설 결정 용역,경기도 광주시,PQ,731207000,736851975,100.7720078,한종+명성,99.3,629000000,100.4286,N
20201131130 - 00,20201124,공영차고지 조성 등 도시계획시설 결정 용역,경기도 광주시,PQ,731207000,736851975,100.7720078,경호+대성,99.02,625080000,99.7329,N
20201131130 - 00,20201124,공영차고지 조성 등 도시계획시설 결정 용역,경기도 광주시,PQ,731207000,736851975,100.7720078,건화+신명,98.93,628780000,100.2998,N
20201131130 - 00,20201124,공영차고지 조성 등 도시계획시설 결정 용역,경기도 광주시,PQ,731207000,736851975,100.7720078,동명+정,98.93,625700000,99.8085,N
20201131130 - 00,20201124,공영차고지 조성 등 도시계획시설 결정 용역,경기도 광주시,PQ,731207000,736851975,100.7720078,KG+유신,98.72,623000000,99.3199,N
20201131130 - 00,20201124,공영차고지 조성 등 도시계획시설 결정 용역,경기도 광주시,PQ,731207000,736851975,100.7720078,수성+서영,98.62,623084000,99.3102,N
20201131130 - 00,20201124,공영차고지 조성 등 도시계획시설 결정 용역,경기도 광주시,PQ,731207000,736851975,100.7720078,도화+동부,98.49,633400000,100.9191,Y
20201131130 - 00,20201124,공영차고지 조성 등 도시계획시설 결정 용역,경기도 광주시,PQ,731207000,736851975,100.7720078,동일+삼안,98.35,634000000,100.9794,N
20201131130 - 00,20201124,공영차고지 조성 등 도시계획시설 결정 용역,경기도 광주시,PQ,731207000,736851975,100.7720078,선진+화신,97.96,621800000,98.9441,N
20201131130 - 00,20201124,공영차고지 조성 등 도시계획시설 결정 용역,경기도 광주시,PQ,731207000,736851975,100.7720078,제일+이산,97.9,642980000,102.2905,N
20201130826 - 00,20201124,횡성군 자연재해저감 종합계획 재수립 용역,강원도 횡성군,PQ,1492175000,1501784675,100.6440046,이산+고려,99.14,1172000000,99.9848,N
20201130826 - 00,20201124,횡성군 자연재해저감 종합계획 재수립 용역,강원도 횡성군,PQ,1492175000,1501784675,100.6440046,건화+화신+한올,99.12,1178000000,100.4839,N
20201130826 - 00,20201124,횡성군 자연재해저감 종합계획 재수립 용역,강원도 횡성군,PQ,1492175000,1501784675,100.6440046,동부+삼경,98.99,1170598000,99.7509,N
20201130826 - 00,20201124,횡성군 자연재해저감 종합계획 재수립 용역,강원도 횡성군,PQ,1492175000,1501784675,100.6440046,삼안+진화+KCI,98.97,1172930000,99.9369,N
20201130826 - 00,20201124,횡성군 자연재해저감 종합계획 재수립 용역,강원도 횡성군,PQ,1492175000,1501784675,100.6440046,경호+미래+강호,98.97,1168640000,99.5714,N
20201130826 - 00,20201124,횡성군 자연재해저감 종합계획 재수립 용역,강원도 횡성군,PQ,1492175000,1501784675,100.6440046,한종+정,98.94,1178900000,100.4201,N
20201130826 - 00,20201124,횡성군 자연재해저감 종합계획 재수립 용역,강원도 횡성군,PQ,1492175000,1501784675,100.6440046,도화+서광+하우,98.9,1162700000,99.0024,N
20201130826 - 00,20201124,횡성군 자연재해저감 종합계획 재수립 용역,강원도 횡성군,PQ,1492175000,1501784675,100.6440046,경동+평화+동서,98.88,1163770000,99.0809,N
20201130826 - 00,20201124,횡성군 자연재해저감 종합계획 재수립 용역,강원도 횡성군,PQ,1492175000,1501784675,100.6440046,동명+일신,98.8,1190600000,101.3008,Y
20201130826 - 00,20201124,횡성군 자연재해저감 종합계획 재수립 용역,강원도 횡성군,PQ,1492175000,1501784675,100.6440046,KG+동남+천진,98.45,1438000000,121.9943,N
20201130826 - 00,20201124,횡성군 자연재해저감 종합계획 재수립 용역,강원도 횡성군,PQ,1492175000,1501784675,100.6440046,유신+국일+주하,98.39,1163537000,98.66,N
20201131598 - 00,20201124,청담천 등 2개 지방하천 정비사업 실시설계용역,경기도청 북부청사,PQ,944000000,945427850,100.1512553,이산+강동건설,98.63,812198000,100.2715,Y
20201131598 - 00,20201124,청담천 등 2개 지방하천 정비사업 실시설계용역,경기도청 북부청사,PQ,944000000,945427850,100.1512553,도화+(주)한종,98.2,810770000,99.9903,N
20201131598 - 00,20201124,청담천 등 2개 지방하천 정비사업 실시설계용역,경기도청 북부청사,PQ,944000000,945427850,100.1512553,다산+선진,97.95,811578000,100.0201,N
20201131598 - 00,20201124,청담천 등 2개 지방하천 정비사업 실시설계용역,경기도청 북부청사,PQ,944000000,945427850,100.1512553,동부+동명,97.95,811987000,100.0705,N
20201131598 - 00,20201124,청담천 등 2개 지방하천 정비사업 실시설계용역,경기도청 북부청사,PQ,944000000,945427850,100.1512553,삼안+KCI,97.95,807510000,99.5187,N
20201131598 - 00,20201124,청담천 등 2개 지방하천 정비사업 실시설계용역,경기도청 북부청사,PQ,944000000,945427850,100.1512553,한종+주하,97.81,816000000,100.53,N
20201131598 - 00,20201124,청담천 등 2개 지방하천 정비사업 실시설계용역,경기도청 북부청사,PQ,944000000,945427850,100.1512553,건화+화신(KS+테크피아),97.8,0,0,N
20201131598 - 00,20201124,청담천 등 2개 지방하천 정비사업 실시설계용역,경기도청 북부청사,PQ,944000000,945427850,100.1512553,평화+용마,97.8,808300000,99.5813,N
20201131598 - 00,20201124,청담천 등 2개 지방하천 정비사업 실시설계용역,경기도청 북부청사,PQ,944000000,945427850,100.1512553,유신+경호,97.76,804237000,99.0692,N
20201131598 - 00,20201124,청담천 등 2개 지방하천 정비사업 실시설계용역,경기도청 북부청사,PQ,944000000,945427850,100.1512553,KG+동진,97.75,808707000,99.6199,N
20201131598 - 00,20201124,청담천 등 2개 지방하천 정비사업 실시설계용역,경기도청 북부청사,PQ,944000000,945427850,100.1512553,KSM+효광,97.69,817617000,100.7057,N
20201131598 - 00,20201124,청담천 등 2개 지방하천 정비사업 실시설계용역,경기도청 북부청사,PQ,944000000,945427850,100.1512553,극동+신성,97.6,822632000,101.2999,N
20201131598 - 00,20201124,청담천 등 2개 지방하천 정비사업 실시설계용역,경기도청 북부청사,PQ,944000000,945427850,100.1512553,동성+서영,97.05,804100000,98.8799,N
20201131259 - 00,20201124,단장천 생태하천 복원사업 사후환경영향조사(운영시) 및 사후모니터링 용역,경상남도 밀양시,PQ,1083438000,1086225175,100.2572528,한맥+수성+씨엔에스,99.35,850432000,100.1005,N
20201131259 - 00,20201124,단장천 생태하천 복원사업 사후환경영향조사(운영시) 및 사후모니터링 용역,경상남도 밀양시,PQ,1083438000,1086225175,100.2572528,화신+화성+선진,99.04,854897000,100.3701,Y
20201131259 - 00,20201124,단장천 생태하천 복원사업 사후환경영향조사(운영시) 및 사후모니터링 용역,경상남도 밀양시,PQ,1083438000,1086225175,100.2572528,삼안+부경+다산,98.98,848650000,99.586,N
20201131259 - 00,20201124,단장천 생태하천 복원사업 사후환경영향조사(운영시) 및 사후모니터링 용역,경상남도 밀양시,PQ,1083438000,1086225175,100.2572528,건화+경화+신일,98.97,851480000,99.9181,N
20201131259 - 00,20201124,단장천 생태하천 복원사업 사후환경영향조사(운영시) 및 사후모니터링 용역,경상남도 밀양시,PQ,1083438000,1086225175,100.2572528,이산+혜인+퍼스트,98.97,858188000,100.7052,N
20201131259 - 00,20201124,단장천 생태하천 복원사업 사후환경영향조사(운영시) 및 사후모니터링 용역,경상남도 밀양시,PQ,1083438000,1086225175,100.2572528,도화+한성+라임,98.96,849100000,99.6261,N
20201131259 - 00,20201124,단장천 생태하천 복원사업 사후환경영향조사(운영시) 및 사후모니터링 용역,경상남도 밀양시,PQ,1083438000,1086225175,100.2572528,서영+대영+마린,98.96,858680000,100.7502,N
20201131259 - 00,20201124,단장천 생태하천 복원사업 사후환경영향조사(운영시) 및 사후모니터링 용역,경상남도 밀양시,PQ,1083438000,1086225175,100.2572528,평화+조은,98.91,846000000,99.2246,N
20201131259 - 00,20201124,단장천 생태하천 복원사업 사후환경영향조사(운영시) 및 사후모니터링 용역,경상남도 밀양시,PQ,1083438000,1086225175,100.2572528,동성+수+디에스,98.87,845090000,99.0801,N
20201131259 - 00,20201124,단장천 생태하천 복원사업 사후환경영향조사(운영시) 및 사후모니터링 용역,경상남도 밀양시,PQ,1083438000,1086225175,100.2572528,신성+한올+효산,98.79,862720000,101.0828,N
20201131259 - 00,20201124,단장천 생태하천 복원사업 사후환경영향조사(운영시) 및 사후모니터링 용역,경상남도 밀양시,PQ,1083438000,1086225175,100.2572528,KG+KSM+휴먼,98.66,865280000,101.2799,N
20201131259 - 00,20201124,단장천 생태하천 복원사업 사후환경영향조사(운영시) 및 사후모니터링 용역,경상남도 밀양시,PQ,1083438000,1086225175,100.2572528,동아+도운+강호,98.58,922300000,107.8856,N
20201131259 - 00,20201124,단장천 생태하천 복원사업 사후환경영향조사(운영시) 및 사후모니터링 용역,경상남도 밀양시,PQ,1083438000,1086225175,100.2572528,동부+우리+경동+중천,98.47,868912000,101.5505,N
20201131259 - 00,20201124,단장천 생태하천 복원사업 사후환경영향조사(운영시) 및 사후모니터링 용역,경상남도 밀양시,PQ,1083438000,1086225175,100.2572528,세광+제일+대항+보드,98.37,871072500,101.7129,N
20201132521 - 00,20201124,봉산대전지구 개선복구사업 기본 및 실시설계 용역,전라남도 담양군,PQ,1732830000,1760221750,101.5807523,삼안+동아+KCI,97.94,1376980000,100.1881,N
20201132521 - 00,20201124,봉산대전지구 개선복구사업 기본 및 실시설계 용역,전라남도 담양군,PQ,1732830000,1760221750,101.5807523,건화+원우+하이콘,97.9,1371600000,99.759,N
20201132521 - 00,20201124,봉산대전지구 개선복구사업 기본 및 실시설계 용역,전라남도 담양군,PQ,1732830000,1760221750,101.5807523,도화+한기,97.89,1386850000,100.8554,N
20201132521 - 00,20201124,봉산대전지구 개선복구사업 기본 및 실시설계 용역,전라남도 담양군,PQ,1732830000,1760221750,101.5807523,이산+우영,97.88,1370930000,99.6977,N
20201132521 - 00,20201124,봉산대전지구 개선복구사업 기본 및 실시설계 용역,전라남도 담양군,PQ,1732830000,1760221750,101.5807523,유신+신명+건일,97.83,1374369000,99.91,N
20201132521 - 00,20201124,봉산대전지구 개선복구사업 기본 및 실시설계 용역,전라남도 담양군,PQ,1732830000,1760221750,101.5807523,동부+신오,97.81,1389718000,101.0003,N
20201132521 - 00,20201124,봉산대전지구 개선복구사업 기본 및 실시설계 용역,전라남도 담양군,PQ,1732830000,1760221750,101.5807523,평화+우리+동성,97.8,1365600000,99.2475,N
20201132521 - 00,20201124,봉산대전지구 개선복구사업 기본 및 실시설계 용역,전라남도 담양군,PQ,1732830000,1760221750,101.5807523,한종+우빈,97.18,1400000000,101.2376,N
20201132521 - 00,20201124,봉산대전지구 개선복구사업 기본 및 실시설계 용역,전라남도 담양군,PQ,1732830000,1760221750,101.5807523,KSM+SE,96.76,1415290000,101.9982,Y
20201132521 - 00,20201124,봉산대전지구 개선복구사업 기본 및 실시설계 용역,전라남도 담양군,PQ,1732830000,1760221750,101.5807523,KG+산이+화신,96.61,1372180000,98.7803,N
20201131925 - 00,20201124,해운대~송정해수욕장간 연안정비사업 감독권한대행 등 건설사업관리용역,부산광역시 해운대구,PQ,1683300000,1654827050,98.30850413,유신+경성,100,1312890000,100,N
20201131925 - 00,20201124,해운대~송정해수욕장간 연안정비사업 감독권한대행 등 건설사업관리용역,부산광역시 해운대구,PQ,1683300000,1654827050,98.30850413,한종+선일,100,1319500000,100.5035,N
20201131925 - 00,20201124,해운대~송정해수욕장간 연안정비사업 감독권한대행 등 건설사업관리용역,부산광역시 해운대구,PQ,1683300000,1654827050,98.30850413,평화+삼영,99.97,1314270000,100.0795,N
20201131925 - 00,20201124,해운대~송정해수욕장간 연안정비사업 감독권한대행 등 건설사업관리용역,부산광역시 해운대구,PQ,1683300000,1654827050,98.30850413,도화+이화,99.93,1311100000,99.7997,N
20201131925 - 00,20201124,해운대~송정해수욕장간 연안정비사업 감독권한대행 등 건설사업관리용역,부산광역시 해운대구,PQ,1683300000,1654827050,98.30850413,수성+대진,99.9,1309473000,99.6503,N
20201131925 - 00,20201124,해운대~송정해수욕장간 연안정비사업 감독권한대행 등 건설사업관리용역,부산광역시 해운대구,PQ,1683300000,1654827050,98.30850413,대콘+나우,99.87,1309600000,99.6345,N
20201131925 - 00,20201124,해운대~송정해수욕장간 연안정비사업 감독권한대행 등 건설사업관리용역,부산광역시 해운대구,PQ,1683300000,1654827050,98.30850413,삼안+씨엠,99.84,1323190000,100.6426,N
20201131925 - 00,20201124,해운대~송정해수욕장간 연안정비사업 감독권한대행 등 건설사업관리용역,부산광역시 해운대구,PQ,1683300000,1654827050,98.30850413,천일+한진,99.77,1328430000,100.9894,N
20201131925 - 00,20201124,해운대~송정해수욕장간 연안정비사업 감독권한대행 등 건설사업관리용역,부산광역시 해운대구,PQ,1683300000,1654827050,98.30850413,이산+문창,99.75,1327370000,100.8959,N
20201131925 - 00,20201124,해운대~송정해수욕장간 연안정비사업 감독권한대행 등 건설사업관리용역,부산광역시 해운대구,PQ,1683300000,1654827050,98.30850413,신명+GS,99.74,1326999000,100.8548,N
20201131925 - 00,20201124,해운대~송정해수욕장간 연안정비사업 감독권한대행 등 건설사업관리용역,부산광역시 해운대구,PQ,1683300000,1654827050,98.30850413,다산+한가람,99.7,1301515000,98.88,N
20201131925 - 00,20201124,해운대~송정해수욕장간 연안정비사업 감독권한대행 등 건설사업관리용역,부산광역시 해운대구,PQ,1683300000,1654827050,98.30850413,건화+거원,99.69,1325200000,100.6795,N
20201131925 - 00,20201124,해운대~송정해수욕장간 연안정비사업 감독권한대행 등 건설사업관리용역,부산광역시 해운대구,PQ,1683300000,1654827050,98.30850413,동명+대원,99.66,1302700000,98.9448,N
20201131925 - 00,20201124,해운대~송정해수욕장간 연안정비사업 감독권한대행 등 건설사업관리용역,부산광역시 해운대구,PQ,1683300000,1654827050,98.30850413,동성+한림,99.64,1332077000,101.1502,N
20201131925 - 00,20201124,해운대~송정해수욕장간 연안정비사업 감독권한대행 등 건설사업관리용역,부산광역시 해운대구,PQ,1683300000,1654827050,98.30850413,서영+HK,99.61,1299400000,98.6563,Y
20201131925 - 00,20201124,해운대~송정해수욕장간 연안정비사업 감독권한대행 등 건설사업관리용역,부산광역시 해운대구,PQ,1683300000,1654827050,98.30850413,제일+세일+경원,99.58,1335900000,101.4016,N
20201131925 - 00,20201124,해운대~송정해수욕장간 연안정비사업 감독권한대행 등 건설사업관리용역,부산광역시 해운대구,PQ,1683300000,1654827050,98.30850413,KG+하나,99.53,1307300000,99.18,N
20201131925 - 00,20201124,해운대~송정해수욕장간 연안정비사업 감독권한대행 등 건설사업관리용역,부산광역시 해운대구,PQ,1683300000,1654827050,98.30850413,동일+조은,99.5,1302000000,98.7653,N
20201131925 - 00,20201124,해운대~송정해수욕장간 연안정비사업 감독권한대행 등 건설사업관리용역,부산광역시 해운대구,PQ,1683300000,1654827050,98.30850413,경동+정인,99.46,1300780000,98.635,N
20201131925 - 00,20201124,해운대~송정해수욕장간 연안정비사업 감독권한대행 등 건설사업관리용역,부산광역시 해운대구,PQ,1683300000,1654827050,98.30850413,화신+에이플러스,99.38,1299760000,98.4948,N
20201131925 - 00,20201124,해운대~송정해수욕장간 연안정비사업 감독권한대행 등 건설사업관리용역,부산광역시 해운대구,PQ,1683300000,1654827050,98.30850413,홍익+청남,99.27,1343250000,101.6996,N
20201131925 - 00,20201124,해운대~송정해수욕장간 연안정비사업 감독권한대행 등 건설사업관리용역,부산광역시 해운대구,PQ,1683300000,1654827050,98.30850413,극동+길평+대영,99.19,1303271000,98.6099,N
20201131925 - 00,20201124,해운대~송정해수욕장간 연안정비사업 감독권한대행 등 건설사업관리용역,부산광역시 해운대구,PQ,1683300000,1654827050,98.30850413,용마+청출,98.78,1350800000,101.8559,N
20201131925 - 00,20201124,해운대~송정해수욕장간 연안정비사업 감독권한대행 등 건설사업관리용역,부산광역시 해운대구,PQ,1683300000,1654827050,98.30850413,바우+상지+한항,98.48,1400000000,105.3118,N
20201133344 - 00,20201125,2020년 양양군 기사문항 어촌뉴딜사업 기본 및 실시설계용역,한국어촌어항공단,PQ,469590000,466176150,99.27301476,유신+일신,99.98,411353000,100.9721,N
20201133344 - 00,20201125,2020년 양양군 기사문항 어촌뉴딜사업 기본 및 실시설계용역,한국어촌어항공단,PQ,469590000,466176150,99.27301476,한종+정,97.02,406500000,99.4941,Y
20201133344 - 00,20201125,2020년 양양군 기사문항 어촌뉴딜사업 기본 및 실시설계용역,한국어촌어항공단,PQ,469590000,466176150,99.27301476,건화+동서(진화기술공사),95.84,406000000,99.2577,N
20201133344 - 00,20201125,2020년 양양군 기사문항 어촌뉴딜사업 기본 및 실시설계용역,한국어촌어항공단,PQ,469590000,466176150,99.27301476,삼안+한울,94.92,417560000,101.9902,N
2005014 - 00,20201125,김해진례 공공지원민간임대주택 공급촉진지구 사후환경영향조사용역(공사시),한국토지주택공사,PQ,627330000,623491000,99.38804138,동명+예평+동진,99.37,538200000,100.1601,N
2005014 - 00,20201125,김해진례 공공지원민간임대주택 공급촉진지구 사후환경영향조사용역(공사시),한국토지주택공사,PQ,627330000,623491000,99.38804138,평화+이산+휴먼,99.27,539090000,100.2906,N
2005014 - 00,20201125,김해진례 공공지원민간임대주택 공급촉진지구 사후환경영향조사용역(공사시),한국토지주택공사,PQ,627330000,623491000,99.38804138,서영+퍼스트,99.26,535400000,99.6042,N
2005014 - 00,20201125,김해진례 공공지원민간임대주택 공급촉진지구 사후환경영향조사용역(공사시),한국토지주택공사,PQ,627330000,623491000,99.38804138,도화+신일,99.24,542630000,100.9492,N
2005014 - 00,20201125,김해진례 공공지원민간임대주택 공급촉진지구 사후환경영향조사용역(공사시),한국토지주택공사,PQ,627330000,623491000,99.38804138,동성+DS,99.24,540644000,100.5797,N
2005014 - 00,20201125,김해진례 공공지원민간임대주택 공급촉진지구 사후환경영향조사용역(공사시),한국토지주택공사,PQ,627330000,623491000,99.38804138,동일+다원,99.24,534800000,99.4925,Y
2005014 - 00,20201125,김해진례 공공지원민간임대주택 공급촉진지구 사후환경영향조사용역(공사시),한국토지주택공사,PQ,627330000,623491000,99.38804138,선진+동아+한국환경,99.24,538690000,100.2162,N
2005014 - 00,20201125,김해진례 공공지원민간임대주택 공급촉진지구 사후환경영향조사용역(공사시),한국토지주택공사,PQ,627330000,623491000,99.38804138,홍익+신성+중천,99.24,536828000,99.8698,N
2005014 - 00,20201125,김해진례 공공지원민간임대주택 공급촉진지구 사후환경영향조사용역(공사시),한국토지주택공사,PQ,627330000,623491000,99.38804138,KG+한맥+CNS,99.24,536880000,99.8795,N
2005014 - 00,20201125,김해진례 공공지원민간임대주택 공급촉진지구 사후환경영향조사용역(공사시),한국토지주택공사,PQ,627330000,623491000,99.38804138,수성+보드플랜+엔탑,99.21,541189000,100.6694,N
2005014 - 00,20201125,김해진례 공공지원민간임대주택 공급촉진지구 사후환경영향조사용역(공사시),한국토지주택공사,PQ,627330000,623491000,99.38804138,유신+레오,99.18,541546000,100.724,N
2005014 - 00,20201125,김해진례 공공지원민간임대주택 공급촉진지구 사후환경영향조사용역(공사시),한국토지주택공사,PQ,627330000,623491000,99.38804138,다산+삼안+강호,99.11,533995000,99.2964,N
2005014 - 00,20201125,김해진례 공공지원민간임대주택 공급촉진지구 사후환경영향조사용역(공사시),한국토지주택공사,PQ,627330000,623491000,99.38804138,동부+경동+중앙방재,98.87,542465000,100.8009,N
2005014 - 00,20201125,김해진례 공공지원민간임대주택 공급촉진지구 사후환경영향조사용역(공사시),한국토지주택공사,PQ,627330000,623491000,99.38804138,세광+제일+대현,97.91,550389000,101.988,N
20201133618 - 00,20201125,평택시 상수도관망 최적화 운영시스템 구축 용역(2차분),경기도 평택시 상하수도사업소,PQ,3457170000,3422287200,98.99100131,빅텍+건화(마인드원),98.26,2625500000,102.4673,Y
20201133618 - 00,20201125,평택시 상수도관망 최적화 운영시스템 구축 용역(2차분),경기도 평택시 상하수도사업소,PQ,3457170000,3422287200,98.99100131,한일,94.59,2637900000,99.7872,N
20201133419 - 00,20201125,예산천 하천기본계획(변경) 및 읍내지구 개선복구사업 기본 및 실시설계 용역,충청남도 예산군,PQ,1836970000,1838242125,100.0692513,삼안+한맥+계림,100,1438140000,100.3766,N
20201133419 - 00,20201125,예산천 하천기본계획(변경) 및 읍내지구 개선복구사업 기본 및 실시설계 용역,충청남도 예산군,PQ,1836970000,1838242125,100.0692513,한종+천마,99.88,1429900000,99.6992,N
20201133419 - 00,20201125,예산천 하천기본계획(변경) 및 읍내지구 개선복구사업 기본 및 실시설계 용역,충청남도 예산군,PQ,1836970000,1838242125,100.0692513,유신+드림,99.77,1437366000,100.13,Y
20201133419 - 00,20201125,예산천 하천기본계획(변경) 및 읍내지구 개선복구사업 기본 및 실시설계 용역,충청남도 예산군,PQ,1836970000,1838242125,100.0692513,KG+삼육+주하,99.77,1444400000,100.62,N
20201133419 - 00,20201125,예산천 하천기본계획(변경) 및 읍내지구 개선복구사업 기본 및 실시설계 용역,충청남도 예산군,PQ,1836970000,1838242125,100.0692513,KSM+동국,99.72,1446182000,100.7055,N
20201133419 - 00,20201125,예산천 하천기본계획(변경) 및 읍내지구 개선복구사업 기본 및 실시설계 용역,충청남도 예산군,PQ,1836970000,1838242125,100.0692513,동명+송현,99.7,1446700000,100.7158,N
20201133419 - 00,20201125,예산천 하천기본계획(변경) 및 읍내지구 개선복구사업 기본 및 실시설계 용역,충청남도 예산군,PQ,1836970000,1838242125,100.0692513,이산+명성+조화,99.66,1426630000,99.2931,N
20201133419 - 00,20201125,예산천 하천기본계획(변경) 및 읍내지구 개선복구사업 기본 및 실시설계 용역,충청남도 예산군,PQ,1836970000,1838242125,100.0692513,동부+세일,99.65,1423323000,99.0503,N
20201133419 - 00,20201125,예산천 하천기본계획(변경) 및 읍내지구 개선복구사업 기본 및 실시설계 용역,충청남도 예산군,PQ,1836970000,1838242125,100.0692513,극동+기산,99.63,1451380000,100.9899,N
20201133419 - 00,20201125,예산천 하천기본계획(변경) 및 읍내지구 개선복구사업 기본 및 실시설계 용역,충청남도 예산군,PQ,1836970000,1838242125,100.0692513,다산+경호+강호,99.44,1423488000,98.8974,N
20201133419 - 00,20201125,예산천 하천기본계획(변경) 및 읍내지구 개선복구사업 기본 및 실시설계 용역,충청남도 예산군,PQ,1836970000,1838242125,100.0692513,건화+KCI+양지,99.4,1445000000,100.3536,N
20201133419 - 00,20201125,예산천 하천기본계획(변경) 및 읍내지구 개선복구사업 기본 및 실시설계 용역,충청남도 예산군,PQ,1836970000,1838242125,100.0692513,화신+수성E+강동,99.31,1460620000,101.3608,N
20201133419 - 00,20201125,예산천 하천기본계획(변경) 및 읍내지구 개선복구사업 기본 및 실시설계 용역,충청남도 예산군,PQ,1836970000,1838242125,100.0692513,도화+경동+고려,99.19,1460000000,101.2274,N
20201133419 - 00,20201125,예산천 하천기본계획(변경) 및 읍내지구 개선복구사업 기본 및 실시설계 용역,충청남도 예산군,PQ,1836970000,1838242125,100.0692513,동성+우주,99.15,1420488000,98.4503,N
20201133419 - 00,20201125,예산천 하천기본계획(변경) 및 읍내지구 개선복구사업 기본 및 실시설계 용역,충청남도 예산군,PQ,1836970000,1838242125,100.0692513,서광+한경,98.6,1476813000,101.8999,N
20201133419 - 00,20201125,예산천 하천기본계획(변경) 및 읍내지구 개선복구사업 기본 및 실시설계 용역,충청남도 예산군,PQ,1836970000,1838242125,100.0692513,평화+장맥,98.38,1500000000,103.3165,N
20201133813 - 02,20201125,남상 청림지구 소규모 하수처리시설 설치사업 실시설계 용역,경상남도 거창군수도사업소,PQ,371200000,370111500,99.70676185,한종+우진,99.13,322000000,99.9087,Y
20201133813 - 02,20201125,남상 청림지구 소규모 하수처리시설 설치사업 실시설계 용역,경상남도 거창군수도사업소,PQ,371200000,370111500,99.70676185,삼안+수성,98.5,324390000,100.5923,N
20201133813 - 02,20201125,남상 청림지구 소규모 하수처리시설 설치사업 실시설계 용역,경상남도 거창군수도사업소,PQ,371200000,370111500,99.70676185,건화+로텍,98.47,324600000,100.6458,N
20201133813 - 02,20201125,남상 청림지구 소규모 하수처리시설 설치사업 실시설계 용역,경상남도 거창군수도사업소,PQ,371200000,370111500,99.70676185,경동+하우,98.37,323230000,100.221,N
20201133813 - 02,20201125,남상 청림지구 소규모 하수처리시설 설치사업 실시설계 용역,경상남도 거창군수도사업소,PQ,371200000,370111500,99.70676185,범한+신명,98.3,323500000,100.2932,N
20201133813 - 02,20201125,남상 청림지구 소규모 하수처리시설 설치사업 실시설계 용역,경상남도 거창군수도사업소,PQ,371200000,370111500,99.70676185,제일+하나,98.29,321490000,99.6701,N
20201133813 - 02,20201125,남상 청림지구 소규모 하수처리시설 설치사업 실시설계 용역,경상남도 거창군수도사업소,PQ,371200000,370111500,99.70676185,건양+금성,98.02,324629000,100.6201,N
20201133813 - 02,20201125,남상 청림지구 소규모 하수처리시설 설치사업 실시설계 용역,경상남도 거창군수도사업소,PQ,371200000,370111500,99.70676185,경화+도화,97.97,320475000,99.3211,N
20201133813 - 02,20201125,남상 청림지구 소규모 하수처리시설 설치사업 실시설계 용역,경상남도 거창군수도사업소,PQ,371200000,370111500,99.70676185,화신+한올,97.8,325419000,100.8417,N
20201133813 - 02,20201125,남상 청림지구 소규모 하수처리시설 설치사업 실시설계 용역,경상남도 거창군수도사업소,PQ,371200000,370111500,99.70676185,HEC+서영,97.78,324770000,100.6406,N
20201133813 - 02,20201125,남상 청림지구 소규모 하수처리시설 설치사업 실시설계 용역,경상남도 거창군수도사업소,PQ,371200000,370111500,99.70676185,선진+KSM,97.75,319900000,99.1201,N
20201133813 - 02,20201125,남상 청림지구 소규모 하수처리시설 설치사업 실시설계 용역,경상남도 거창군수도사업소,PQ,371200000,370111500,99.70676185,KG+한성,97.69,325700000,100.9172,N
20201133813 - 02,20201125,남상 청림지구 소규모 하수처리시설 설치사업 실시설계 용역,경상남도 거창군수도사업소,PQ,371200000,370111500,99.70676185,이산+신화,97.64,318980000,98.8237,N
20201133813 - 02,20201125,남상 청림지구 소규모 하수처리시설 설치사업 실시설계 용역,경상남도 거창군수도사업소,PQ,371200000,370111500,99.70676185,정+주원,96.34,330000000,102.1086,N
20201134292 - 01,20201126,2020년 김화읍 생창지구 재해복구사업 기본 및 실시설계용역,강원도 철원군,PQ,1154800000,1157710125,100.2520025,도화+정+고려,99.66,915500000,101.3588,Y
20201134292 - 01,20201126,2020년 김화읍 생창지구 재해복구사업 기본 및 실시설계용역,강원도 철원군,PQ,1154800000,1157710125,100.2520025,한종+삼경+서광+진화,97.8,909188000,99.1515,N
20201134292 - 01,20201126,2020년 김화읍 생창지구 재해복구사업 기본 및 실시설계용역,강원도 철원군,PQ,1154800000,1157710125,100.2520025,삼안+화신+정원,97.13,908600000,98.5536,N
20201134292 - 01,20201126,2020년 김화읍 생창지구 재해복구사업 기본 및 실시설계용역,강원도 철원군,PQ,1154800000,1157710125,100.2520025,건화+동서+미래(영화),95.91,1100000000,118.1599,N
20201134724 - 01,20201126,부산광역시 노후하수관로 정비사업 실시설계용역(3-1단계)[오수관로 1차](개찰1순위),부산광역시,PQ,671000000,680464500,101.4105067,건화+한가람,98.5,575800000,99.9851,N
20201134724 - 01,20201126,부산광역시 노후하수관로 정비사업 실시설계용역(3-1단계)[오수관로 1차](개찰1순위),부산광역시,PQ,671000000,680464500,101.4105067,동명+대원기술+선일,98.16,577577000,100.2003,N
20201134724 - 01,20201126,부산광역시 노후하수관로 정비사업 실시설계용역(3-1단계)[오수관로 1차](개찰1순위),부산광역시,PQ,671000000,680464500,101.4105067,제일+세일,98.16,574980000,99.7497,N
20201134724 - 01,20201126,부산광역시 노후하수관로 정비사업 실시설계용역(3-1단계)[오수관로 1차](개찰1순위),부산광역시,PQ,671000000,680464500,101.4105067,한종+삼영,98.06,573800000,99.5219,N
20201134724 - 01,20201126,부산광역시 노후하수관로 정비사업 실시설계용역(3-1단계)[오수관로 1차](개찰1순위),부산광역시,PQ,671000000,680464500,101.4105067,이산+거원,97.95,581380000,100.8014,N
20201134724 - 01,20201126,부산광역시 노후하수관로 정비사업 실시설계용역(3-1단계)[오수관로 1차](개찰1순위),부산광역시,PQ,671000000,680464500,101.4105067,삼안+수성+하나,97.83,581900000,100.8681,N
20201134724 - 01,20201126,부산광역시 노후하수관로 정비사업 실시설계용역(3-1단계)[오수관로 1차](개찰1순위),부산광역시,PQ,671000000,680464500,101.4105067,경동+정인,97.5,570898000,98.8804,N
20201134724 - 01,20201126,부산광역시 노후하수관로 정비사업 실시설계용역(3-1단계)[오수관로 1차](개찰1순위),부산광역시,PQ,671000000,680464500,101.4105067,건양+이화,97.35,582598000,100.86,N
20201134724 - 01,20201126,부산광역시 노후하수관로 정비사업 실시설계용역(3-1단계)[오수관로 1차](개찰1순위),부산광역시,PQ,671000000,680464500,101.4105067,범한+문창,97.08,572800000,99.0947,N
20201134724 - 01,20201126,부산광역시 노후하수관로 정비사업 실시설계용역(3-1단계)[오수관로 1차](개찰1순위),부산광역시,PQ,671000000,680464500,101.4105067,도화+한진,96.74,587200000,101.5034,Y
20201134724 - 01,20201126,부산광역시 노후하수관로 정비사업 실시설계용역(3-1단계)[오수관로 1차](개찰1순위),부산광역시,PQ,671000000,680464500,101.4105067,선진+대진+평화+씨엠,96.55,585310000,101.1298,N
20201134724 - 01,20201126,부산광역시 노후하수관로 정비사업 실시설계용역(3-1단계)[오수관로 1차](개찰1순위),부산광역시,PQ,671000000,680464500,101.4105067,유신+경성,96.38,571570000,98.71,N
20201134724 - 01,20201126,부산광역시 노후하수관로 정비사업 실시설계용역(3-1단계)[오수관로 1차](개찰1순위),부산광역시,PQ,671000000,680464500,101.4105067,경화+미래,95.94,573800000,98.9804,N
20201134724 - 01,20201126,부산광역시 노후하수관로 정비사업 실시설계용역(3-1단계)[오수관로 1차](개찰1순위),부산광역시,PQ,671000000,680464500,101.4105067,화신+GS+청출,94.89,590849000,101.6508,N
20201134724 - 01,20201126,부산광역시 노후하수관로 정비사업 실시설계용역(3-1단계)[오수관로 1차](개찰1순위),부산광역시,PQ,671000000,680464500,101.4105067,삼주+한림,94.03,590101000,101.2999,N
20201134724 - 01,20201126,부산광역시 노후하수관로 정비사업 실시설계용역(3-1단계)[오수관로 1차](개찰1순위),부산광역시,PQ,671000000,680464500,101.4105067,정+조은,92.69,595594000,101.9025,N
20201134724 - 01,20201126,부산광역시 노후하수관로 정비사업 실시설계용역(3-1단계)[오수관로 1차](개찰1순위),부산광역시,PQ,671000000,680464500,101.4105067,KG+한창+다산,96.4,577430000,98.591,N
20201134724 - 01,20201126,부산광역시 노후하수관로 정비사업 실시설계용역(3-1단계)[우수(합류식)관로](개찰2순위),부산광역시,PQ,575000000,572685650,99.59750435,건화+한가람,98.5,493400000,99.981,N
20201134724 - 01,20201126,부산광역시 노후하수관로 정비사업 실시설계용역(3-1단계)[우수(합류식)관로](개찰2순위),부산광역시,PQ,575000000,572685650,99.59750435,동명+대원기술+선일,98.16,494950000,100.2017,N
20201134724 - 01,20201126,부산광역시 노후하수관로 정비사업 실시설계용역(3-1단계)[우수(합류식)관로](개찰2순위),부산광역시,PQ,575000000,572685650,99.59750435,제일+세일,98.16,492970000,99.8008,Y
20201134724 - 01,20201126,부산광역시 노후하수관로 정비사업 실시설계용역(3-1단계)[우수(합류식)관로](개찰2순위),부산광역시,PQ,575000000,572685650,99.59750435,한종+삼영,98.06,491880000,99.557,N
20201134724 - 01,20201126,부산광역시 노후하수관로 정비사업 실시설계용역(3-1단계)[우수(합류식)관로](개찰2순위),부산광역시,PQ,575000000,572685650,99.59750435,이산+거원,97.95,498188000,100.7985,N
20201134724 - 01,20201126,부산광역시 노후하수관로 정비사업 실시설계용역(3-1단계)[우수(합류식)관로](개찰2순위),부산광역시,PQ,575000000,572685650,99.59750435,삼안+수성+하나,97.83,498740000,100.8868,N
20201134724 - 01,20201126,부산광역시 노후하수관로 정비사업 실시설계용역(3-1단계)[우수(합류식)관로](개찰2순위),부산광역시,PQ,575000000,572685650,99.59750435,경동+정인,97.5,488980000,98.832,N
20201134724 - 01,20201126,부산광역시 노후하수관로 정비사업 실시설계용역(3-1단계)[우수(합류식)관로](개찰2순위),부산광역시,PQ,575000000,572685650,99.59750435,건양+이화,97.35,499246000,100.8601,N
20201134724 - 01,20201126,부산광역시 노후하수관로 정비사업 실시설계용역(3-1단계)[우수(합류식)관로](개찰2순위),부산광역시,PQ,575000000,572685650,99.59750435,범한+문창,97.08,490850000,99.0948,N
20201134724 - 01,20201126,부산광역시 노후하수관로 정비사업 실시설계용역(3-1단계)[우수(합류식)관로](개찰2순위),부산광역시,PQ,575000000,572685650,99.59750435,도화+한진,96.74,503200000,101.5056,N
20201134724 - 01,20201126,부산광역시 노후하수관로 정비사업 실시설계용역(3-1단계)[우수(합류식)관로](개찰2순위),부산광역시,PQ,575000000,572685650,99.59750435,선진+대진+평화+씨엠,96.55,490160000,98.8293,N
20201134724 - 01,20201126,부산광역시 노후하수관로 정비사업 실시설계용역(3-1단계)[우수(합류식)관로](개찰2순위),부산광역시,PQ,575000000,572685650,99.59750435,유신+경성,96.38,504136000,101.6001,N
20201134724 - 01,20201126,부산광역시 노후하수관로 정비사업 실시설계용역(3-1단계)[우수(합류식)관로](개찰2순위),부산광역시,PQ,575000000,572685650,99.59750435,경화+미래,95.94,491710000,98.9812,N
20201134724 - 01,20201126,부산광역시 노후하수관로 정비사업 실시설계용역(3-1단계)[우수(합류식)관로](개찰2순위),부산광역시,PQ,575000000,572685650,99.59750435,화신+GS+청출,94.89,506318000,101.6511,N
20201134724 - 01,20201126,부산광역시 노후하수관로 정비사업 실시설계용역(3-1단계)[우수(합류식)관로](개찰2순위),부산광역시,PQ,575000000,572685650,99.59750435,삼주+한림,94.03,508171000,101.7999,N
20201134724 - 01,20201126,부산광역시 노후하수관로 정비사업 실시설계용역(3-1단계)[우수(합류식)관로](개찰2순위),부산광역시,PQ,575000000,572685650,99.59750435,정+조은,92.69,510494000,101.9248,N
20201134724 - 01,20201126,부산광역시 노후하수관로 정비사업 실시설계용역(3-1단계)[우수(합류식)관로](개찰2순위),부산광역시,PQ,575000000,572685650,99.59750435,KG+한창+다산,96.4,494820000,98.5916,N
20201136700 - 00,20201126,화룡삼거리~서산건널목간 도로확포장공사외 1건 통합건설사업관리용역 ,경상북도 영천시,SOQ,2517288000,2498276225,99.24475169,한도+건화+세원,99.02,2010800000,101.5957,Y
20201136700 - 00,20201126,화룡삼거리~서산건널목간 도로확포장공사외 1건 통합건설사업관리용역 ,경상북도 영천시,SOQ,2517288000,2498276225,99.24475169,도화+한백,95.87,2004900000,98.7603,N
20201136700 - 00,20201126,화룡삼거리~서산건널목간 도로확포장공사외 1건 통합건설사업관리용역 ,경상북도 영천시,SOQ,2517288000,2498276225,99.24475169,다산+용마,95.8,2064500000,101.6457,N
20201136700 - 00,20201126,화룡삼거리~서산건널목간 도로확포장공사외 1건 통합건설사업관리용역 ,경상북도 영천시,SOQ,2517288000,2498276225,99.24475169,천일+강산,95.74,2001470000,98.4936,N
20201136700 - 00,20201126,화룡삼거리~서산건널목간 도로확포장공사외 1건 통합건설사업관리용역 ,경상북도 영천시,SOQ,2517288000,2498276225,99.24475169,동성+동해,95.73,2062800000,101.4991,N
20201136700 - 00,20201126,화룡삼거리~서산건널목간 도로확포장공사외 1건 통합건설사업관리용역 ,경상북도 영천시,SOQ,2517288000,2498276225,99.24475169,삼보+명성,95.72,2061850000,101.4524,N
20201136592 - 00,20201126,영등포로터리 구조개선사업 기본 및 실시설계용역 ,서울특별시,PQ,1298145000,1288912000,99.28875434,동일+KG,98.57,1032000000,100.7388,N
20201136592 - 00,20201126,영등포로터리 구조개선사업 기본 및 실시설계용역 ,서울특별시,PQ,1298145000,1288912000,99.28875434,대콘+다산,98.56,1023472000,99.8937,N
20201136592 - 00,20201126,영등포로터리 구조개선사업 기본 및 실시설계용역 ,서울특별시,PQ,1298145000,1288912000,99.28875434,삼안+태조+극동,98.3,1020800000,99.4314,Y
20201136592 - 00,20201126,영등포로터리 구조개선사업 기본 및 실시설계용역 ,서울특별시,PQ,1298145000,1288912000,99.28875434,수성+동해,98.24,1023388999,99.6331,N
20201136592 - 00,20201126,영등포로터리 구조개선사업 기본 및 실시설계용역 ,서울특별시,PQ,1298145000,1288912000,99.28875434,유신+이산,98.07,1038305000,100.945,N
20201136592 - 00,20201126,영등포로터리 구조개선사업 기본 및 실시설계용역 ,서울특별시,PQ,1298145000,1288912000,99.28875434,서영+진우+건화,97.78,0,0,N
20201136592 - 00,20201126,영등포로터리 구조개선사업 기본 및 실시설계용역 ,서울특별시,PQ,1298145000,1288912000,99.28875434,신명+도화+경원,97.66,1043340000,101.1027,N
20201136592 - 00,20201126,영등포로터리 구조개선사업 기본 및 실시설계용역 ,서울특별시,PQ,1298145000,1288912000,99.28875434,제일+한종,97.5,1050800000,101.6977,N
20201136592 - 00,20201126,영등포로터리 구조개선사업 기본 및 실시설계용역 ,서울특별시,PQ,1298145000,1288912000,99.28875434,천일+경동+동명,96.98,1048600000,101.0531,N
20201136489 - 00,20201126,약사리고개 마을연결로 조성사업 실시설계용역,강원도 춘천시,PQ,336950000,332391975,98.64726962,경원+KG,99.85,293410000,100.361,N
20201136489 - 00,20201126,약사리고개 마을연결로 조성사업 실시설계용역,강원도 춘천시,PQ,336950000,332391975,98.64726962,홍익+서광,99.6,293299000,100.2999,N
20201136489 - 00,20201126,약사리고개 마을연결로 조성사업 실시설계용역,강원도 춘천시,PQ,336950000,332391975,98.64726962,건화+대성(예건),99.52,0,0,N
20201136489 - 00,20201126,약사리고개 마을연결로 조성사업 실시설계용역,강원도 춘천시,PQ,336950000,332391975,98.64726962,천일+동남,99.47,292140000,99.892,N
20201136489 - 00,20201126,약사리고개 마을연결로 조성사업 실시설계용역,강원도 춘천시,PQ,336950000,332391975,98.64726962,진화+극동,99.4,291555000,99.6805,N
20201136489 - 00,20201126,약사리고개 마을연결로 조성사업 실시설계용역,강원도 춘천시,PQ,336950000,332391975,98.64726962,경동+일신,99.2,291090000,99.5101,N
20201136489 - 00,20201126,약사리고개 마을연결로 조성사업 실시설계용역,강원도 춘천시,PQ,336950000,332391975,98.64726962,한맥+삼주,99.2,292430000,99.9566,N
20201136489 - 00,20201126,약사리고개 마을연결로 조성사업 실시설계용역,강원도 춘천시,PQ,336950000,332391975,98.64726962,정+동명,99.08,294324000,100.5809,N
20201136489 - 00,20201126,약사리고개 마을연결로 조성사업 실시설계용역,강원도 춘천시,PQ,336950000,332391975,98.64726962,동성+고려,98.94,294585000,100.6701,N
20201136489 - 00,20201126,약사리고개 마을연결로 조성사업 실시설계용역,강원도 춘천시,PQ,336950000,332391975,98.64726962,제일+강원길,98.93,294527000,100.6502,N
20201136489 - 00,20201126,약사리고개 마을연결로 조성사업 실시설계용역,강원도 춘천시,PQ,336950000,332391975,98.64726962,수성+삼경,98.9,293293000,100.2285,N
20201136489 - 00,20201126,약사리고개 마을연결로 조성사업 실시설계용역,강원도 춘천시,PQ,336950000,332391975,98.64726962,드림+서강,98.89,291300000,99.5475,N
20201136489 - 00,20201126,약사리고개 마을연결로 조성사업 실시설계용역,강원도 춘천시,PQ,336950000,332391975,98.64726962,동일+한올,98.79,290000000,99.0918,N
20201136489 - 00,20201126,약사리고개 마을연결로 조성사업 실시설계용역,강원도 춘천시,PQ,336950000,332391975,98.64726962,유신+동서,98.77,292883000,100.0769,N
20201136489 - 00,20201126,약사리고개 마을연결로 조성사업 실시설계용역,강원도 춘천시,PQ,336950000,332391975,98.64726962,한종+정원,98.5,289900000,99.0348,Y
20201136489 - 00,20201126,약사리고개 마을연결로 조성사업 실시설계용역,강원도 춘천시,PQ,336950000,332391975,98.64726962,화신+용마,98.3,290310000,99.1521,N
20201136489 - 00,20201126,약사리고개 마을연결로 조성사업 실시설계용역,강원도 춘천시,PQ,336950000,332391975,98.64726962,서영+동해,98.1,296400000,101.2087,N
20201136489 - 00,20201126,약사리고개 마을연결로 조성사업 실시설계용역,강원도 춘천시,PQ,336950000,332391975,98.64726962,도화+현산,97.83,297100000,101.4244,N
20201136489 - 00,20201126,약사리고개 마을연결로 조성사업 실시설계용역,강원도 춘천시,PQ,336950000,332391975,98.64726962,국일+바우,97.59,294238000,100.4243,N
20201136489 - 00,20201126,약사리고개 마을연결로 조성사업 실시설계용역,강원도 춘천시,PQ,336950000,332391975,98.64726962,다산+서윤,97.45,297999999,101.6966,N
20201136489 - 00,20201126,약사리고개 마을연결로 조성사업 실시설계용역,강원도 춘천시,PQ,336950000,332391975,98.64726962,경호+미래,96.92,300000000,102.3203,N
20201136287 - 00,20201126,"보성 하수도 시설정비(보성, 복내, 문덕) 기본 및 실시설계용역",전라남도 보성군,PQ,1191197000,1200932075,100.8172515,도화+우영,100,938100000,100.9715,Y
20201136287 - 00,20201126,"보성 하수도 시설정비(보성, 복내, 문덕) 기본 및 실시설계용역",전라남도 보성군,PQ,1191197000,1200932075,100.8172515,건화+신오(동신),97.9,935900000,99.0208,N
20201136287 - 00,20201126,"보성 하수도 시설정비(보성, 복내, 문덕) 기본 및 실시설계용역",전라남도 보성군,PQ,1191197000,1200932075,100.8172515,유신+동아,97.9,935987000,99.03,N
20201136287 - 00,20201126,"보성 하수도 시설정비(보성, 복내, 문덕) 기본 및 실시설계용역",전라남도 보성군,PQ,1191197000,1200932075,100.8172515,범한+신명,97.9,936640000,99.0991,N
20201136287 - 00,20201126,"보성 하수도 시설정비(보성, 복내, 문덕) 기본 및 실시설계용역",전라남도 보성군,PQ,1191197000,1200932075,100.8172515,한종+KG+한기,97.84,937200000,99.1083,N
20201136287 - 00,20201126,"보성 하수도 시설정비(보성, 복내, 문덕) 기본 및 실시설계용역",전라남도 보성군,PQ,1191197000,1200932075,100.8172515,이산+하이콘,97.8,933460000,98.688,N
20201136287 - 00,20201126,"보성 하수도 시설정비(보성, 복내, 문덕) 기본 및 실시설계용역",전라남도 보성군,PQ,1191197000,1200932075,100.8172515,삼안+평화,97.8,958540000,101.3395,N
20201136287 - 00,20201126,"보성 하수도 시설정비(보성, 복내, 문덕) 기본 및 실시설계용역",전라남도 보성군,PQ,1191197000,1200932075,100.8172515,제일+우리+정,97.8,957690000,101.2496,N
20201136287 - 00,20201126,"보성 하수도 시설정비(보성, 복내, 문덕) 기본 및 실시설계용역",전라남도 보성군,PQ,1191197000,1200932075,100.8172515,동명+원우,97.79,956400000,101.1005,N
20201136287 - 00,20201126,"보성 하수도 시설정비(보성, 복내, 문덕) 기본 및 실시설계용역",전라남도 보성군,PQ,1191197000,1200932075,100.8172515,수성+우빈+경동,97.79,941072000,99.4802,N
20201136287 - 00,20201126,"보성 하수도 시설정비(보성, 복내, 문덕) 기본 및 실시설계용역",전라남도 보성군,PQ,1191197000,1200932075,100.8172515,선진+건영+화신,97.78,934370000,98.7593,N
20201135977 - 00,20201126,"보성 농어촌마을하수도 정비사업(삼정, 장도, 강산, 대전) 기본 및 실시설계용역",전라남도 보성군,PQ,1653584000,1649462500,99.75075351,도화+우영+서영,98.4,1306500000,99.9813,Y
20201135977 - 00,20201126,"보성 농어촌마을하수도 정비사업(삼정, 장도, 강산, 대전) 기본 및 실시설계용역",전라남도 보성군,PQ,1653584000,1649462500,99.75075351,범한+신명,98,1305800000,99.6126,N
20201135977 - 00,20201126,"보성 농어촌마을하수도 정비사업(삼정, 장도, 강산, 대전) 기본 및 실시설계용역",전라남도 보성군,PQ,1653584000,1649462500,99.75075351,동명+원우,97.99,1319170000,100.6198,N
20201135977 - 00,20201126,"보성 농어촌마을하수도 정비사업(삼정, 장도, 강산, 대전) 기본 및 실시설계용역",전라남도 보성군,PQ,1653584000,1649462500,99.75075351,건화+신오(동신),97.9,1305400000,99.4942,N
20201135977 - 00,20201126,"보성 농어촌마을하수도 정비사업(삼정, 장도, 강산, 대전) 기본 및 실시설계용역",전라남도 보성군,PQ,1653584000,1649462500,99.75075351,선진+건영+화신+건영,97.88,1321780000,100.73,N
20201135977 - 00,20201126,"보성 농어촌마을하수도 정비사업(삼정, 장도, 강산, 대전) 기본 및 실시설계용역",전라남도 보성군,PQ,1653584000,1649462500,99.75075351,KG+한종+한기,97.83,1297210000,98.8202,N
20201135977 - 00,20201126,"보성 농어촌마을하수도 정비사업(삼정, 장도, 강산, 대전) 기본 및 실시설계용역",전라남도 보성군,PQ,1653584000,1649462500,99.75075351,이산+하이콘,97.8,1317300000,100.3253,N
20201135977 - 00,20201126,"보성 농어촌마을하수도 정비사업(삼정, 장도, 강산, 대전) 기본 및 실시설계용역",전라남도 보성군,PQ,1653584000,1649462500,99.75075351,삼안+평화,97.8,1324620000,100.8828,N
20201135977 - 00,20201126,"보성 농어촌마을하수도 정비사업(삼정, 장도, 강산, 대전) 기본 및 실시설계용역",전라남도 보성군,PQ,1653584000,1649462500,99.75075351,유신+동아,97.8,1302065000,99.165,N
20201135977 - 00,20201126,"보성 농어촌마을하수도 정비사업(삼정, 장도, 강산, 대전) 기본 및 실시설계용역",전라남도 보성군,PQ,1653584000,1649462500,99.75075351,제일+우리+정,97.7,1337850000,101.8007,N
20201135977 - 00,20201126,"보성 농어촌마을하수도 정비사업(삼정, 장도, 강산, 대전) 기본 및 실시설계용역",전라남도 보성군,PQ,1653584000,1649462500,99.75075351,수성+우빈+경동,97.59,1334410000,101.4496,N
20201137080 - 00,20201127,공산정소하천 개선복구사업 실시설계용역,충청북도 음성군,PQ,683100000,681474250,99.7620041,홍익+이산,98.72,588930000,100.5005,N
20201137080 - 00,20201127,공산정소하천 개선복구사업 실시설계용역,충청북도 음성군,PQ,683100000,681474250,99.7620041,화신+강동+선,97.72,586799000,99.8807,Y
20201137080 - 00,20201127,공산정소하천 개선복구사업 실시설계용역,충청북도 음성군,PQ,683100000,681474250,99.7620041,다산+해린,97.65,593386000,100.9901,N
20201137080 - 00,20201127,공산정소하천 개선복구사업 실시설계용역,충청북도 음성군,PQ,683100000,681474250,99.7620041,KG+동림,97.64,591035000,100.59,N
20201137080 - 00,20201127,공산정소하천 개선복구사업 실시설계용역,충청북도 음성군,PQ,683100000,681474250,99.7620041,한종+영진,97.61,592150000,100.768,N
20201137080 - 00,20201127,공산정소하천 개선복구사업 실시설계용역,충청북도 음성군,PQ,683100000,681474250,99.7620041,동부+지명,97.6,592636000,100.8507,N
20201137080 - 00,20201127,공산정소하천 개선복구사업 실시설계용역,충청북도 음성군,PQ,683100000,681474250,99.7620041,삼안+청우건축,97.6,583220000,99.2484,N
20201137080 - 00,20201127,공산정소하천 개선복구사업 실시설계용역,충청북도 음성군,PQ,683100000,681474250,99.7620041,KSM+세광,97.58,592371000,100.7939,N
20201137080 - 00,20201127,공산정소하천 개선복구사업 실시설계용역,충청북도 음성군,PQ,683100000,681474250,99.7620041,건화+KCI+대원(명지기술단),97.48,586880000,99.8364,N
20201137080 - 00,20201127,공산정소하천 개선복구사업 실시설계용역,충청북도 음성군,PQ,683100000,681474250,99.7620041,유신+좋은,97.41,587616000,99.95,N
20201137080 - 00,20201127,공산정소하천 개선복구사업 실시설계용역,충청북도 음성군,PQ,683100000,681474250,99.7620041,동성+세영,96.95,595700000,101.1957,N
20201137080 - 00,20201127,공산정소하천 개선복구사업 실시설계용역,충청북도 음성군,PQ,683100000,681474250,99.7620041,평화+창민,96.6,583200000,98.9918,N
20201137080 - 00,20201127,공산정소하천 개선복구사업 실시설계용역,충청북도 음성군,PQ,683100000,681474250,99.7620041,도화+건양,96.2,607000000,102.9242,N
20201137027 - 04,20201127,"서재리, 동곡2리, 강정마을 오수관로 설치공사 건설사업관리용역",대구광역시 달성군,PQ,1215000000,1209247000,99.52650206,동성+한백,100,951620000,100.4201,N
20201137027 - 04,20201127,"서재리, 동곡2리, 강정마을 오수관로 설치공사 건설사업관리용역",대구광역시 달성군,PQ,1215000000,1209247000,99.52650206,경동+창일,99.69,950734000,100.07,N
20201137027 - 04,20201127,"서재리, 동곡2리, 강정마을 오수관로 설치공사 건설사업관리용역",대구광역시 달성군,PQ,1215000000,1209247000,99.52650206,건화+유성(청이앤지),99.67,950820000,100.0534,N
20201137027 - 04,20201127,"서재리, 동곡2리, 강정마을 오수관로 설치공사 건설사업관리용역",대구광역시 달성군,PQ,1215000000,1209247000,99.52650206,선진+가람,99.58,946690000,99.5552,Y
20201137027 - 04,20201127,"서재리, 동곡2리, 강정마을 오수관로 설치공사 건설사업관리용역",대구광역시 달성군,PQ,1215000000,1209247000,99.52650206,한종+경림,99.57,963400000,101.2995,N
20201137027 - 04,20201127,"서재리, 동곡2리, 강정마을 오수관로 설치공사 건설사업관리용역",대구광역시 달성군,PQ,1215000000,1209247000,99.52650206,이산+유한,99.42,943970000,99.1298,N
20201137027 - 04,20201127,"서재리, 동곡2리, 강정마을 오수관로 설치공사 건설사업관리용역",대구광역시 달성군,PQ,1215000000,1209247000,99.52650206,도화+대성,99.27,961200000,100.8234,N
20201136366 - 00,20201127,신광가운지구 농어촌생활용수 개발사업 외 1개소 통합건설사업관리용역 ,전라남도 나주시 상수도사업소,PQ,1162000000,1153938675,99.3062543,동명+누리,100,913550000,100.7997,N
20201136366 - 00,20201127,신광가운지구 농어촌생활용수 개발사업 외 1개소 통합건설사업관리용역 ,전라남도 나주시 상수도사업소,PQ,1162000000,1153938675,99.3062543,도화+우리,99.7,904400000,99.5349,N
20201136366 - 00,20201127,신광가운지구 농어촌생활용수 개발사업 외 1개소 통합건설사업관리용역 ,전라남도 나주시 상수도사업소,PQ,1162000000,1153938675,99.3062543,한종+영진,99.63,905600000,99.616,N
20201136366 - 00,20201127,신광가운지구 농어촌생활용수 개발사업 외 1개소 통합건설사업관리용역 ,전라남도 나주시 상수도사업소,PQ,1162000000,1153938675,99.3062543,동성+원우,99.6,903413000,99.3501,Y
20201136366 - 00,20201127,신광가운지구 농어촌생활용수 개발사업 외 1개소 통합건설사업관리용역 ,전라남도 나주시 상수도사업소,PQ,1162000000,1153938675,99.3062543,수성+우빈,99.57,916489999,100.7624,N
20201136366 - 00,20201127,신광가운지구 농어촌생활용수 개발사업 외 1개소 통합건설사업관리용역 ,전라남도 나주시 상수도사업소,PQ,1162000000,1153938675,99.3062543,천일+산이,99.5,904470000,99.3901,N
20201136366 - 00,20201127,신광가운지구 농어촌생활용수 개발사업 외 1개소 통합건설사업관리용역 ,전라남도 나주시 상수도사업소,PQ,1162000000,1153938675,99.3062543,선진+평화,99.47,902780000,99.1791,N
20201136366 - 00,20201127,신광가운지구 농어촌생활용수 개발사업 외 1개소 통합건설사업관리용역 ,전라남도 나주시 상수도사업소,PQ,1162000000,1153938675,99.3062543,건화+진성,99.43,920800000,101.12,N
20201136366 - 00,20201127,신광가운지구 농어촌생활용수 개발사업 외 1개소 통합건설사업관리용역 ,전라남도 나주시 상수도사업소,PQ,1162000000,1153938675,99.3062543,범한+신명,99.4,900600000,98.8764,N
20201136366 - 00,20201127,신광가운지구 농어촌생활용수 개발사업 외 1개소 통합건설사업관리용역 ,전라남도 나주시 상수도사업소,PQ,1162000000,1153938675,99.3062543,경동+우영,99.33,900454000,98.81,N
20201136366 - 00,20201127,신광가운지구 농어촌생활용수 개발사업 외 1개소 통합건설사업관리용역 ,전라남도 나주시 상수도사업소,PQ,1162000000,1153938675,99.3062543,서영+서진,99.27,901200000,98.8414,N
20201136366 - 00,20201127,신광가운지구 농어촌생활용수 개발사업 외 1개소 통합건설사업관리용역 ,전라남도 나주시 상수도사업소,PQ,1162000000,1153938675,99.3062543,화신+동아,99.17,927819000,101.6702,N
20201136366 - 00,20201127,신광가운지구 농어촌생활용수 개발사업 외 1개소 통합건설사업관리용역 ,전라남도 나주시 상수도사업소,PQ,1162000000,1153938675,99.3062543,대콘+동신,98.44,1110000000,120.9253,N
20201136155 - 00,20201127,현경지구 등 4개 소하천 정비사업 통합건설사업관리용역,전라남도 무안군,PQ,2319900000,2314802050,99.7802513,삼안+유지,100,1819950000,100.5827,N
20201136155 - 00,20201127,현경지구 등 4개 소하천 정비사업 통합건설사업관리용역,전라남도 무안군,PQ,2319900000,2314802050,99.7802513,동아+건화+유성,99.96,1807944000,99.8808,Y
20201136155 - 00,20201127,현경지구 등 4개 소하천 정비사업 통합건설사업관리용역,전라남도 무안군,PQ,2319900000,2314802050,99.7802513,이산+성월,99.39,1807789000,99.4009,N
20201136155 - 00,20201127,현경지구 등 4개 소하천 정비사업 통합건설사업관리용역,전라남도 무안군,PQ,2319900000,2314802050,99.7802513,도화+원우,99.38,1807770000,99.3998,N
20201136155 - 00,20201127,현경지구 등 4개 소하천 정비사업 통합건설사업관리용역,전라남도 무안군,PQ,2319900000,2314802050,99.7802513,동성+평화,99.38,1805770000,99.2898,N
20201136155 - 00,20201127,현경지구 등 4개 소하천 정비사업 통합건설사업관리용역,전라남도 무안군,PQ,2319900000,2314802050,99.7802513,동부+우영,99.36,1841664000,101.2505,N
20201136155 - 00,20201127,현경지구 등 4개 소하천 정비사업 통합건설사업관리용역,전라남도 무안군,PQ,2319900000,2314802050,99.7802513,경동+서진,99.36,1796800000,98.784,N
20201136155 - 00,20201127,현경지구 등 4개 소하천 정비사업 통합건설사업관리용역,전라남도 무안군,PQ,2319900000,2314802050,99.7802513,한기+KSM,99.36,1835000000,100.8842,N
20201136155 - 00,20201127,현경지구 등 4개 소하천 정비사업 통합건설사업관리용역,전라남도 무안군,PQ,2319900000,2314802050,99.7802513,극동+신오,99.36,1833286000,100.7899,N
20201136155 - 00,20201127,현경지구 등 4개 소하천 정비사업 통합건설사업관리용역,전라남도 무안군,PQ,2319900000,2314802050,99.7802513,신명+건일,99.36,1799998000,98.9598,N
20201136155 - 00,20201127,현경지구 등 4개 소하천 정비사업 통합건설사업관리용역,전라남도 무안군,PQ,2319900000,2314802050,99.7802513,수성+우빈,99.36,1800700000,98.9984,N
20201136155 - 00,20201127,현경지구 등 4개 소하천 정비사업 통합건설사업관리용역,전라남도 무안군,PQ,2319900000,2314802050,99.7802513,서영+우리+하이콘,99.35,1851000000,101.7508,N
20201136155 - 00,20201127,현경지구 등 4개 소하천 정비사업 통합건설사업관리용역,전라남도 무안군,PQ,2319900000,2314802050,99.7802513,천일+산이+에스이,99.35,1807320000,99.3497,N
20201136155 - 00,20201127,현경지구 등 4개 소하천 정비사업 통합건설사업관리용역,전라남도 무안군,PQ,2319900000,2314802050,99.7802513,한종+중원,99.34,1836600000,100.9464,N
20201136256 - 00,20201127,현경지구 자연재해위험개선지구 정비사업 기본 및 실시설계 용역,전라남도 무안군,PQ,1183000000,1187249950,100.3592519,한종+주하,99.13,935800000,100.6988,Y
20201136256 - 00,20201127,현경지구 자연재해위험개선지구 정비사업 기본 및 실시설계 용역,전라남도 무안군,PQ,1183000000,1187249950,100.3592519,이산,97.7,933800000,99.3204,N
20201136256 - 00,20201127,현경지구 자연재해위험개선지구 정비사업 기본 및 실시설계 용역,전라남도 무안군,PQ,1183000000,1187249950,100.3592519,도화+하이콘,97.7,950000000,101.0435,N
20201136256 - 00,20201127,현경지구 자연재해위험개선지구 정비사업 기본 및 실시설계 용역,전라남도 무안군,PQ,1183000000,1187249950,100.3592519,삼안+동아+KCI,97.7,932580000,99.1907,N
20201136256 - 00,20201127,현경지구 자연재해위험개선지구 정비사업 기본 및 실시설계 용역,전라남도 무안군,PQ,1183000000,1187249950,100.3592519,건화+원우+강산(금양+씨와이),97.64,951900000,101.1946,N
20201136256 - 00,20201127,현경지구 자연재해위험개선지구 정비사업 기본 및 실시설계 용역,전라남도 무안군,PQ,1183000000,1187249950,100.3592519,동부+한기,97.63,949608000,100.951,N
20201136256 - 00,20201127,현경지구 자연재해위험개선지구 정비사업 기본 및 실시설계 용역,전라남도 무안군,PQ,1183000000,1187249950,100.3592519,유신+동신,97.61,935842000,99.475,N
20201136256 - 00,20201127,현경지구 자연재해위험개선지구 정비사업 기본 및 실시설계 용역,전라남도 무안군,PQ,1183000000,1187249950,100.3592519,수성+경호,97.6,929698000,98.8095,N
20201136256 - 00,20201127,현경지구 자연재해위험개선지구 정비사업 기본 및 실시설계 용역,전라남도 무안군,PQ,1183000000,1187249950,100.3592519,동명+동진,97.56,949700000,100.8973,N
20201136256 - 00,20201127,현경지구 자연재해위험개선지구 정비사업 기본 및 실시설계 용역,전라남도 무안군,PQ,1183000000,1187249950,100.3592519,평화+동성,97.52,933800000,99.1832,N
20201136256 - 00,20201127,현경지구 자연재해위험개선지구 정비사업 기본 및 실시설계 용역,전라남도 무안군,PQ,1183000000,1187249950,100.3592519,다산,97.48,948840000,100.7426,N
20201136256 - 00,20201127,현경지구 자연재해위험개선지구 정비사업 기본 및 실시설계 용역,전라남도 무안군,PQ,1183000000,1187249950,100.3592519,화신+강동+우빈,97.3,958710000,101.6501,N
20201136256 - 00,20201127,현경지구 자연재해위험개선지구 정비사업 기본 및 실시설계 용역,전라남도 무안군,PQ,1183000000,1187249950,100.3592519,KSM+SE,97.07,969000000,102.5482,N
20201136256 - 00,20201127,현경지구 자연재해위험개선지구 정비사업 기본 및 실시설계 용역,전라남도 무안군,PQ,1183000000,1187249950,100.3592519,KG,85.5,1053000000,101.9891,N
20201137439 - 00,20201126,부남 금강변 관광자원 활성화사업 기본 및 실시설계 용역,전라북도 무주군,PQ,1267266000,1268511150,100.0982548,도화+국성,98.1,1007350000,100.3472,Y
20201137439 - 00,20201126,부남 금강변 관광자원 활성화사업 기본 및 실시설계 용역,전라북도 무주군,PQ,1267266000,1268511150,100.0982548,유신+더한,96.78,1007362000,99.283,N
20201137439 - 00,20201126,부남 금강변 관광자원 활성화사업 기본 및 실시설계 용역,전라북도 무주군,PQ,1267266000,1268511150,100.0982548,KG+인우,96.66,1005980000,99.0602,N
20201137439 - 00,20201126,부남 금강변 관광자원 활성화사업 기본 및 실시설계 용역,전라북도 무주군,PQ,1267266000,1268511150,100.0982548,경호+성원,95.79,1040720000,101.7699,N
20201137439 - 00,20201126,부남 금강변 관광자원 활성화사업 기본 및 실시설계 용역,전라북도 무주군,PQ,1267266000,1268511150,100.0982548,한종+세화,95.35,1039400000,101.2894,N
20201137439 - 00,20201126,부남 금강변 관광자원 활성화사업 기본 및 실시설계 용역,전라북도 무주군,PQ,1267266000,1268511150,100.0982548,건화+한가람(건우설계+주영기술),94.94,1054000000,102.3834,N
20201137439 - 00,20201126,부남 금강변 관광자원 활성화사업 기본 및 실시설계 용역,전라북도 무주군,PQ,1267266000,1268511150,100.0982548,선진+대성,93.14,1186220000,113.6048,N
20201138487 - 00,20201128,관산 중사 농어촌마을하수도 정비사업 등 3개지구 통합건설사업관리용역,전라남도 장흥군,PQ,1493911000,1505907150,100.803003,수성+산이,100,1167389999,100.19,N
20201138487 - 00,20201128,관산 중사 농어촌마을하수도 정비사업 등 3개지구 통합건설사업관리용역,전라남도 장흥군,PQ,1493911000,1505907150,100.803003,한기+유신,100,1167000000,100.1566,N
20201138487 - 00,20201128,관산 중사 농어촌마을하수도 정비사업 등 3개지구 통합건설사업관리용역,전라남도 장흥군,PQ,1493911000,1505907150,100.803003,동명+원우,99.83,1174800000,100.684,N
20201138487 - 00,20201128,관산 중사 농어촌마을하수도 정비사업 등 3개지구 통합건설사업관리용역,전라남도 장흥군,PQ,1493911000,1505907150,100.803003,이산+영진,99.8,1163570000,99.696,N
20201138487 - 00,20201128,관산 중사 농어촌마을하수도 정비사업 등 3개지구 통합건설사업관리용역,전라남도 장흥군,PQ,1493911000,1505907150,100.803003,건양+하이콘+서영,99.73,1178843000,100.94,N
20201138487 - 00,20201128,관산 중사 농어촌마을하수도 정비사업 등 3개지구 통합건설사업관리용역,전라남도 장흥군,PQ,1493911000,1505907150,100.803003,신명+범한,99.73,1160000000,99.3266,N
20201138487 - 00,20201128,관산 중사 농어촌마을하수도 정비사업 등 3개지구 통합건설사업관리용역,전라남도 장흥군,PQ,1493911000,1505907150,100.803003,건화+우영,99.7,1178600000,100.8934,Y
20201138487 - 00,20201128,관산 중사 농어촌마을하수도 정비사업 등 3개지구 통합건설사업관리용역,전라남도 장흥군,PQ,1493911000,1505907150,100.803003,도화+중원,99.7,1156550000,99.0058,N
20201138487 - 00,20201128,관산 중사 농어촌마을하수도 정비사업 등 3개지구 통합건설사업관리용역,전라남도 장흥군,PQ,1493911000,1505907150,100.803003,한종+우리,99.7,1155500000,98.9159,N
20201138487 - 00,20201128,관산 중사 농어촌마을하수도 정비사업 등 3개지구 통합건설사업관리용역,전라남도 장흥군,PQ,1493911000,1505907150,100.803003,선진+평화,99.47,1157140000,98.8793,N
20201138487 - 00,20201128,관산 중사 농어촌마을하수도 정비사업 등 3개지구 통합건설사업관리용역,전라남도 장흥군,PQ,1493911000,1505907150,100.803003,동성+신오,99.45,1154755000,98.6503,N
20201138487 - 00,20201128,관산 중사 농어촌마을하수도 정비사업 등 3개지구 통합건설사업관리용역,전라남도 장흥군,PQ,1493911000,1505907150,100.803003,삼안+동아,99.38,1185690000,101.2414,N
20201138487 - 00,20201128,관산 중사 농어촌마을하수도 정비사업 등 3개지구 통합건설사업관리용역,전라남도 장흥군,PQ,1493911000,1505907150,100.803003,제일+원진,99.2,1157290000,98.6654,N
20201138487 - 00,20201128,관산 중사 농어촌마을하수도 정비사업 등 3개지구 통합건설사업관리용역,전라남도 장흥군,PQ,1493911000,1505907150,100.803003,경동+우빈,98.86,1191480000,101.3093,N
20201138487 - 00,20201128,관산 중사 농어촌마을하수도 정비사업 등 3개지구 통합건설사업관리용역,전라남도 장흥군,PQ,1493911000,1505907150,100.803003,SE+동일+경호,98.84,1161175000,98.7075,N
20201138487 - 00,20201128,관산 중사 농어촌마을하수도 정비사업 등 3개지구 통합건설사업관리용역,전라남도 장흥군,PQ,1493911000,1505907150,100.803003,천일+산하,98.65,0,0,N
20201138487 - 00,20201128,관산 중사 농어촌마을하수도 정비사업 등 3개지구 통합건설사업관리용역,전라남도 장흥군,PQ,1493911000,1505907150,100.803003,경원+다우,97.91,1424000000,120.1491,N
20201138922 - 00,20201130,신원정수장 신설사업 외 1개소 통합 건설사업관리용역,경기도 양평군 수도사업소,PQ,5595788000,5611484250,100.2805012,도화+KG,98.8,4177300000,101.2008,Y
20201138922 - 00,20201130,신원정수장 신설사업 외 1개소 통합 건설사업관리용역,경기도 양평군 수도사업소,PQ,5595788000,5611484250,100.2805012,건화+동명(건일엠이씨),97.4,4148760000,99.2979,N
20201138922 - 00,20201130,신원정수장 신설사업 외 1개소 통합 건설사업관리용역,경기도 양평군 수도사업소,PQ,5595788000,5611484250,100.2805012,한종+용마+KSM+오이디,97.09,4139800000,98.8187,N
20201138922 - 00,20201130,신원정수장 신설사업 외 1개소 통합 건설사업관리용역,경기도 양평군 수도사업소,PQ,5595788000,5611484250,100.2805012,삼안+범한,94.15,5038000000,117.3132,N
20201139268 - 00,20201130,청주 북이산업단지 용수공급시설 설치사업 기본 및 실시설계용역 ,충청북도 청주시,PQ,767910000,767011600,99.88300712,건화+홍익,100,0,0,N
20201139268 - 00,20201130,청주 북이산업단지 용수공급시설 설치사업 기본 및 실시설계용역 ,충청북도 청주시,PQ,767910000,767011600,99.88300712,한종+청우,100,660500000,100.6055,Y
20201139268 - 00,20201130,청주 북이산업단지 용수공급시설 설치사업 기본 및 실시설계용역 ,충청북도 청주시,PQ,767910000,767011600,99.88300712,도화+영진,99.9,653360000,99.4831,N
20201139268 - 00,20201130,청주 북이산업단지 용수공급시설 설치사업 기본 및 실시설계용역 ,충청북도 청주시,PQ,767910000,767011600,99.88300712,삼안+건양,99.9,661650000,100.7453,N
20201139268 - 00,20201130,청주 북이산업단지 용수공급시설 설치사업 기본 및 실시설계용역 ,충청북도 청주시,PQ,767910000,767011600,99.88300712,경동+지명,99.62,651670000,99.1562,N
20201139268 - 00,20201130,청주 북이산업단지 용수공급시설 설치사업 기본 및 실시설계용역 ,충청북도 청주시,PQ,767910000,767011600,99.88300712,동명+대원,99.1,666000000,101.2065,N
20201139268 - 00,20201130,청주 북이산업단지 용수공급시설 설치사업 기본 및 실시설계용역 ,충청북도 청주시,PQ,767910000,767011600,99.88300712,범한+창민,98.97,653500000,99.2722,N
20201139268 - 00,20201130,청주 북이산업단지 용수공급시설 설치사업 기본 및 실시설계용역 ,충청북도 청주시,PQ,767910000,767011600,99.88300712,HEC+동림+KCI,98.35,667200000,101.1881,N
20201139268 - 00,20201130,청주 북이산업단지 용수공급시설 설치사업 기본 및 실시설계용역 ,충청북도 청주시,PQ,767910000,767011600,99.88300712,유신+도우,97.35,690800000,104.4996,N
20201140056 - 01,20201130,2020년 시흥시 오이도항 어촌뉴딜사업 기본 및 실시설계용역,한국어촌어항공단,PQ,448800000,454376350,101.2425022,한종+건화+동명(선영),100,392000000,100.6906,N
20201140056 - 01,20201130,2020년 시흥시 오이도항 어촌뉴딜사업 기본 및 실시설계용역,한국어촌어항공단,PQ,448800000,454376350,101.2425022,아라+삼안,99.25,389037000,99.8489,N
20201140056 - 01,20201130,2020년 시흥시 오이도항 어촌뉴딜사업 기본 및 실시설계용역,한국어촌어항공단,PQ,448800000,454376350,101.2425022,유신+이산,98.4,388926000,99.74,N
20201140056 - 01,20201130,2020년 시흥시 오이도항 어촌뉴딜사업 기본 및 실시설계용역,한국어촌어항공단,PQ,448800000,454376350,101.2425022,서영,96.9,396380000,101.4997,Y
20201140739 - 01,20201130,회진지구 우수저류시설 설치사업 건설사업관리용역,경상남도 거제시,PQ,1025607000,1028419775,100.2742547,동명+하우,99.97,877780000,100.0952,N
20201140739 - 01,20201130,회진지구 우수저류시설 설치사업 건설사업관리용역,경상남도 거제시,PQ,1025607000,1028419775,100.2742547,도화+경화,99.9,874100000,99.6522,N
20201140739 - 01,20201130,회진지구 우수저류시설 설치사업 건설사업관리용역,경상남도 거제시,PQ,1025607000,1028419775,100.2742547,동성+한가람,99.87,882238000,100.58,Y
20201140739 - 01,20201130,회진지구 우수저류시설 설치사업 건설사업관리용역,경상남도 거제시,PQ,1025607000,1028419775,100.2742547,KSM+한종,99.83,878190000,100.1068,N
20201140739 - 01,20201130,회진지구 우수저류시설 설치사업 건설사업관리용역,경상남도 거제시,PQ,1025607000,1028419775,100.2742547,범한+삼안,99.8,873100000,99.515,N
20201140739 - 01,20201130,회진지구 우수저류시설 설치사업 건설사업관리용역,경상남도 거제시,PQ,1025607000,1028419775,100.2742547,수성+서화,99.77,883861000,100.7297,N
20201140739 - 01,20201130,회진지구 우수저류시설 설치사업 건설사업관리용역,경상남도 거제시,PQ,1025607000,1028419775,100.2742547,건화+한성,99.73,874800000,99.6971,N
20201140739 - 01,20201130,회진지구 우수저류시설 설치사업 건설사업관리용역,경상남도 거제시,PQ,1025607000,1028419775,100.2742547,경동+현진,99.73,884565000,100.8099,N
20201140739 - 01,20201130,회진지구 우수저류시설 설치사업 건설사업관리용역,경상남도 거제시,PQ,1025607000,1028419775,100.2742547,천일+한올,99.69,879180000,100.1845,N
20201140739 - 01,20201130,회진지구 우수저류시설 설치사업 건설사업관리용역,경상남도 거제시,PQ,1025607000,1028419775,100.2742547,경원+금성,99.56,876100000,99.7986,N
20201140739 - 01,20201130,회진지구 우수저류시설 설치사업 건설사업관리용역,경상남도 거제시,PQ,1025607000,1028419775,100.2742547,신명+우정,99.44,884884000,100.7639,N
20201140739 - 01,20201130,회진지구 우수저류시설 설치사업 건설사업관리용역,경상남도 거제시,PQ,1025607000,1028419775,100.2742547,유신+혜인,99.44,868604000,98.91,N
20201140739 - 01,20201130,회진지구 우수저류시설 설치사업 건설사업관리용역,경상남도 거제시,PQ,1025607000,1028419775,100.2742547,대콘+주원,99.33,884490000,100.6955,N
20201140739 - 01,20201130,회진지구 우수저류시설 설치사업 건설사업관리용역,경상남도 거제시,PQ,1025607000,1028419775,100.2742547,선진+로텍,99.31,869390000,98.9648,N
20201140739 - 01,20201130,회진지구 우수저류시설 설치사업 건설사업관리용역,경상남도 거제시,PQ,1025607000,1028419775,100.2742547,이산+신화,99.26,868990000,98.9078,N
20201140739 - 01,20201130,회진지구 우수저류시설 설치사업 건설사업관리용역,경상남도 거제시,PQ,1025607000,1028419775,100.2742547,서영+재화+ING,99.04,869000000,98.8512,N
20201140739 - 01,20201130,회진지구 우수저류시설 설치사업 건설사업관리용역,경상남도 거제시,PQ,1025607000,1028419775,100.2742547,동일+HEC,98.93,870300000,98.9991,N
20201140739 - 01,20201130,회진지구 우수저류시설 설치사업 건설사업관리용역,경상남도 거제시,PQ,1025607000,1028419775,100.2742547,제일+하나,98.93,891350000,101.3936,N
20201140739 - 01,20201130,회진지구 우수저류시설 설치사업 건설사업관리용역,경상남도 거제시,PQ,1025607000,1028419775,100.2742547,홍익+태일,97.75,904000000,102.4977,N
20201140581 - 00,20201130,생초지구 풍수해생활권 종합정비사업 기본 및 실시설계용역,경상남도 산청군,PQ,1578076000,1575965400,99.86625486,삼안+수성,100,1240800000,100.869,Y
20201140581 - 00,20201130,생초지구 풍수해생활권 종합정비사업 기본 및 실시설계용역,경상남도 산청군,PQ,1578076000,1575965400,99.86625486,도화+천진,97.9,1269700000,101.4037,N
20201140581 - 00,20201130,생초지구 풍수해생활권 종합정비사업 기본 및 실시설계용역,경상남도 산청군,PQ,1578076000,1575965400,99.86625486,KG+한올,97.89,1237000000,98.7797,N
20201140581 - 00,20201130,생초지구 풍수해생활권 종합정비사업 기본 및 실시설계용역,경상남도 산청군,PQ,1578076000,1575965400,99.86625486,한종+경화+현진,97.85,1239800000,98.9783,N
20201140581 - 00,20201130,생초지구 풍수해생활권 종합정비사업 기본 및 실시설계용역,경상남도 산청군,PQ,1578076000,1575965400,99.86625486,KSM+동명+이도,97.68,0,0,N
20201140581 - 00,20201130,생초지구 풍수해생활권 종합정비사업 기본 및 실시설계용역,경상남도 산청군,PQ,1578076000,1575965400,99.86625486,다산+HEC,97.58,1238200000,98.6393,N
20201140581 - 00,20201130,생초지구 풍수해생활권 종합정비사업 기본 및 실시설계용역,경상남도 산청군,PQ,1578076000,1575965400,99.86625486,동부+한성,97.55,1240283000,98.7804,N
20201140581 - 00,20201130,생초지구 풍수해생활권 종합정비사업 기본 및 실시설계용역,경상남도 산청군,PQ,1578076000,1575965400,99.86625486,이산+하존,97.54,1235800000,98.411,N
20201140581 - 00,20201130,생초지구 풍수해생활권 종합정비사업 기본 및 실시설계용역,경상남도 산청군,PQ,1578076000,1575965400,99.86625486,화신+창미+강동,97.54,1276599000,101.66,N
20201140581 - 00,20201130,생초지구 풍수해생활권 종합정비사업 기본 및 실시설계용역,경상남도 산청군,PQ,1578076000,1575965400,99.86625486,유신+화성,97.45,1279020000,101.776,N
20201140581 - 00,20201130,생초지구 풍수해생활권 종합정비사업 기본 및 실시설계용역,경상남도 산청군,PQ,1578076000,1575965400,99.86625486,경호+우진+극동,97.38,1290000000,102.5982,N
20201140581 - 00,20201130,생초지구 풍수해생활권 종합정비사업 기본 및 실시설계용역,경상남도 산청군,PQ,1578076000,1575965400,99.86625486,건화+두레+KCI,96.35,0,0,N
20201140483 - 00,20201130,대가야문화물길 (회천) 정비사업 건설사업관리용역,경상북도 고령군,PQ,1759000000,1746964075,99.31575185,한종+강산+한백,100,1373150000,100.0888,N
20201140483 - 00,20201130,대가야문화물길 (회천) 정비사업 건설사업관리용역,경상북도 고령군,PQ,1759000000,1746964075,99.31575185,도화+보원,100,1375400000,100.2528,N
20201140483 - 00,20201130,대가야문화물길 (회천) 정비사업 건설사업관리용역,경상북도 고령군,PQ,1759000000,1746964075,99.31575185,평화+다산,100,1375880000,100.2878,N
20201140483 - 00,20201130,대가야문화물길 (회천) 정비사업 건설사업관리용역,경상북도 고령군,PQ,1759000000,1746964075,99.31575185,유신+해동,100,1369399000,99.8154,N
20201140483 - 00,20201130,대가야문화물길 (회천) 정비사업 건설사업관리용역,경상북도 고령군,PQ,1759000000,1746964075,99.31575185,이산+주하,99.92,1365199000,99.4327,Y
20201140483 - 00,20201130,대가야문화물길 (회천) 정비사업 건설사업관리용역,경상북도 고령군,PQ,1759000000,1746964075,99.31575185,동성+경림,99.84,1384033000,100.74,N
20201140483 - 00,20201130,대가야문화물길 (회천) 정비사업 건설사업관리용역,경상북도 고령군,PQ,1759000000,1746964075,99.31575185,건화+한도,99.8,0,0,N
20201140483 - 00,20201130,대가야문화물길 (회천) 정비사업 건설사업관리용역,경상북도 고령군,PQ,1759000000,1746964075,99.31575185,동부+건일,99.74,1387298000,100.9001,N
20201140483 - 00,20201130,대가야문화물길 (회천) 정비사업 건설사업관리용역,경상북도 고령군,PQ,1759000000,1746964075,99.31575185,삼보+선진,99.72,1362440000,99.0795,N
20201140483 - 00,20201130,대가야문화물길 (회천) 정비사업 건설사업관리용역,경상북도 고령군,PQ,1759000000,1746964075,99.31575185,서영+세원,99.7,1389900000,101.0506,N
20201140483 - 00,20201130,대가야문화물길 (회천) 정비사업 건설사업관리용역,경상북도 고령군,PQ,1759000000,1746964075,99.31575185,삼안+청우+명성,99.67,1360260000,98.8703,N
20201140483 - 00,20201130,대가야문화물길 (회천) 정비사업 건설사업관리용역,경상북도 고령군,PQ,1759000000,1746964075,99.31575185,수성+청명,99.64,1391984000,101.1503,N
20201140483 - 00,20201130,대가야문화물길 (회천) 정비사업 건설사업관리용역,경상북도 고령군,PQ,1759000000,1746964075,99.31575185,천일+해인,99.61,1361000000,98.8862,N
20201140483 - 00,20201130,대가야문화물길 (회천) 정비사업 건설사업관리용역,경상북도 고령군,PQ,1759000000,1746964075,99.31575185,KG+보람,99.54,1391250000,101.0195,N
20201140483 - 00,20201130,대가야문화물길 (회천) 정비사업 건설사업관리용역,경상북도 고령군,PQ,1759000000,1746964075,99.31575185,극동+상금,99.52,1361819000,98.8699,N
20201140483 - 00,20201130,대가야문화물길 (회천) 정비사업 건설사업관리용역,경상북도 고령군,PQ,1759000000,1746964075,99.31575185,경동+KCI,99.48,1359589000,98.6702,N
20201140483 - 00,20201130,대가야문화물길 (회천) 정비사업 건설사업관리용역,경상북도 고령군,PQ,1759000000,1746964075,99.31575185,신명+승보+한올,99.35,1404400000,101.8183,N
20201140483 - 00,20201130,대가야문화물길 (회천) 정비사업 건설사업관리용역,경상북도 고령군,PQ,1759000000,1746964075,99.31575185,대콘+동아,99.3,1401500000,101.5692,N
20201140483 - 00,20201130,대가야문화물길 (회천) 정비사업 건설사업관리용역,경상북도 고령군,PQ,1759000000,1746964075,99.31575185,KSM+중앙방재,98.98,1406000000,101.6233,N
20201140483 - 00,20201130,대가야문화물길 (회천) 정비사업 건설사업관리용역,경상북도 고령군,PQ,1759000000,1746964075,99.31575185,경원+동진,98.92,1677000000,121.1491,N
20201140483 - 00,20201130,대가야문화물길 (회천) 정비사업 건설사업관리용역,경상북도 고령군,PQ,1759000000,1746964075,99.31575185,화신+금일+제일,88.72,1600000000,106.7427,N
