PQ공고 NO.,공고일자,사업명,발주처,입찰구분,기초금액,예정금액,예가,업체명,PQ점수,투찰금액,추정예가,낙찰여부
2020UMM06392020-09348-01,20200601,20-국-00부대 설계용역(B133),국군재정관리단,PQ,2374741000,2347894346,98.86949128,예성+벽산,100,1836200000,99.1373,Y
2020UMM06392020-09348-01,20200601,20-국-00부대 설계용역(B133),국군재정관리단,PQ,2374741000,2347894346,98.86949128,행림+건화,100,1852179000,100,N
20200600975 - 01,20200601,동이-우정간 도로 확포장공사외 5개노선 통합건설사업관리용역,경기도 연천군,PQ,2841300000,2849277000,100.2807518,한종+KG,100,2217300000,100.0554,N
20200600975 - 01,20200601,동이-우정간 도로 확포장공사외 5개노선 통합건설사업관리용역,경기도 연천군,PQ,2841300000,2849277000,100.2807518,경원+건영,99.9,2229400000,100.5112,Y
20200600975 - 01,20200601,동이-우정간 도로 확포장공사외 5개노선 통합건설사업관리용역,경기도 연천군,PQ,2841300000,2849277000,100.2807518,동명+다산+천일,99.89,2217800000,99.9754,N
20200600975 - 01,20200601,동이-우정간 도로 확포장공사외 5개노선 통합건설사업관리용역,경기도 연천군,PQ,2841300000,2849277000,100.2807518,대콘+선진,99.86,2211100000,99.6606,N
20200600975 - 01,20200601,동이-우정간 도로 확포장공사외 5개노선 통합건설사업관리용역,경기도 연천군,PQ,2841300000,2849277000,100.2807518,용마+이산+서영,99.8,2231889000,100.5462,N
20200600975 - 01,20200601,동이-우정간 도로 확포장공사외 5개노선 통합건설사업관리용역,경기도 연천군,PQ,2841300000,2849277000,100.2807518,동성+천마+오이디,99.78,2238988000,100.8401,N
20200600975 - 01,20200601,동이-우정간 도로 확포장공사외 5개노선 통합건설사업관리용역,경기도 연천군,PQ,2841300000,2849277000,100.2807518,수성+신성,99.74,2203135000,99.2,N
20200600975 - 01,20200601,동이-우정간 도로 확포장공사외 5개노선 통합건설사업관리용역,경기도 연천군,PQ,2841300000,2849277000,100.2807518,유신+경호+KSM,99.56,2257298000,101.483,N
20200600975 - 01,20200601,동이-우정간 도로 확포장공사외 5개노선 통합건설사업관리용역,경기도 연천군,PQ,2841300000,2849277000,100.2807518,건화+극동,99.5,2198000000,98.7792,N
20200600975 - 01,20200601,동이-우정간 도로 확포장공사외 5개노선 통합건설사업관리용역,경기도 연천군,PQ,2841300000,2849277000,100.2807518,동부+장맥,99.47,2249995000,101.0901,N
20200600975 - 01,20200601,동이-우정간 도로 확포장공사외 5개노선 통합건설사업관리용역,경기도 연천군,PQ,2841300000,2849277000,100.2807518,도화+대성,99.35,2203400000,98.8956,N
20200600975 - 01,20200601,동이-우정간 도로 확포장공사외 5개노선 통합건설사업관리용역,경기도 연천군,PQ,2841300000,2849277000,100.2807518,삼보+벽산,99.19,2254900000,101.0782,N
20200600975 - 01,20200601,동이-우정간 도로 확포장공사외 5개노선 통합건설사업관리용역,경기도 연천군,PQ,2841300000,2849277000,100.2807518,동해+KCM+HEC,99.17,2209770000,99.03,N
20200600975 - 01,20200601,동이-우정간 도로 확포장공사외 5개노선 통합건설사업관리용역,경기도 연천군,PQ,2841300000,2849277000,100.2807518,신명+다음,99.17,2260423000,101.3,N
20200600975 - 01,20200601,동이-우정간 도로 확포장공사외 5개노선 통합건설사업관리용역,경기도 연천군,PQ,2841300000,2849277000,100.2807518,동일+목양,99.16,2260400000,101.299,N
20200600975 - 01,20200601,동이-우정간 도로 확포장공사외 5개노선 통합건설사업관리용역,경기도 연천군,PQ,2841300000,2849277000,100.2807518,평화+내경,99.16,2202600000,98.7087,N
20200600975 - 01,20200601,동이-우정간 도로 확포장공사외 5개노선 통합건설사업관리용역,경기도 연천군,PQ,2841300000,2849277000,100.2807518,태조+삼안+한맥,99.02,2198000000,98.3898,N
20200600975 - 01,20200601,동이-우정간 도로 확포장공사외 5개노선 통합건설사업관리용역,경기도 연천군,PQ,2841300000,2849277000,100.2807518,경동+서현,98.98,2198797000,98.3879,N
20200600975 - 01,20200601,동이-우정간 도로 확포장공사외 5개노선 통합건설사업관리용역,경기도 연천군,PQ,2841300000,2849277000,100.2807518,하이콘+케이탑,98.95,2276240000,101.8273,N
20200600975 - 01,20200601,동이-우정간 도로 확포장공사외 5개노선 통합건설사업관리용역,경기도 연천군,PQ,2841300000,2849277000,100.2807518,홍익+테크피아+서광,98.83,2286600000,102.1998,N
20200600643 - 00,20200529,학포지구 연안정비사업 기본 및 실시설계용역,경상북도 울릉군,PQ,1178300000,1166720275,99.01725155,아라+대영,99,937189000,101.1476,Y
20200600643 - 00,20200529,학포지구 연안정비사업 기본 및 실시설계용역,경상북도 울릉군,PQ,1178300000,1166720275,99.01725155,유신+주하,96.77,933028000,98.9,N
20200600643 - 00,20200529,학포지구 연안정비사업 기본 및 실시설계용역,경상북도 울릉군,PQ,1178300000,1166720275,99.01725155,한종+보원,96.26,963100000,101.6685,N
20200600643 - 00,20200529,학포지구 연안정비사업 기본 및 실시설계용역,경상북도 울릉군,PQ,1178300000,1166720275,99.01725155,건일+혜인,96.06,961320000,101.3168,N
20200600643 - 00,20200529,학포지구 연안정비사업 기본 및 실시설계용역,경상북도 울릉군,PQ,1178300000,1166720275,99.01725155,서영+해인,95.49,972000000,101.9864,N
20200600643 - 00,20200529,학포지구 연안정비사업 기본 및 실시설계용역,경상북도 울릉군,PQ,1178300000,1166720275,99.01725155,건화+동성,94.9,1116000000,116.548,N
20200600632 - 00,20200529,남양 해양관광 친수공간 조성사업 기본 및 실시설계용역 ,경상북도 울릉군,PQ,568260000,571064425,100.4935109,도화+아라,95.9,495930000,101.003,Y
20200600632 - 00,20200529,남양 해양관광 친수공간 조성사업 기본 및 실시설계용역 ,경상북도 울릉군,PQ,568260000,571064425,100.4935109,삼안+건일,94.53,491366000,99.7273,N
20200600632 - 00,20200529,남양 해양관광 친수공간 조성사업 기본 및 실시설계용역 ,경상북도 울릉군,PQ,568260000,571064425,100.4935109,한종+반석,92.66,490100000,99.0022,N
20200600632 - 00,20200529,남양 해양관광 친수공간 조성사업 기본 및 실시설계용역 ,경상북도 울릉군,PQ,568260000,571064425,100.4935109,건화+동성,91.5,507800000,102.2841,N
20200600254 - 00,20200601,농어촌마을하수도 설치사업(웅천 및 대천처리구역) 기본 및 실시설계용역,충청남도 보령시 경제도시국 수도과,PQ,1049170000,1051210700,100.1945061,이산+장맥,99.4,900200000,100.194,N
20200600254 - 00,20200601,농어촌마을하수도 설치사업(웅천 및 대천처리구역) 기본 및 실시설계용역,충청남도 보령시 경제도시국 수도과,PQ,1049170000,1051210700,100.1945061,한종+세일,99.33,903150000,100.5106,N
20200600254 - 00,20200601,농어촌마을하수도 설치사업(웅천 및 대천처리구역) 기본 및 실시설계용역,충청남도 보령시 경제도시국 수도과,PQ,1049170000,1051210700,100.1945061,삼안+한맥,99.3,903430000,100.5301,N
20200600254 - 00,20200601,농어촌마을하수도 설치사업(웅천 및 대천처리구역) 기본 및 실시설계용역,충청남도 보령시 경제도시국 수도과,PQ,1049170000,1051210700,100.1945061,건화+수성(예당),99.27,902780000,100.446,Y
20200600254 - 00,20200601,농어촌마을하수도 설치사업(웅천 및 대천처리구역) 기본 및 실시설계용역,충청남도 보령시 경제도시국 수도과,PQ,1049170000,1051210700,100.1945061,동명+드림,99.26,899670000,100.1,N
20200600254 - 00,20200601,농어촌마을하수도 설치사업(웅천 및 대천처리구역) 기본 및 실시설계용역,충청남도 보령시 경제도시국 수도과,PQ,1049170000,1051210700,100.1945061,유신+천마,99.18,905724000,100.75,N
20200600254 - 00,20200601,농어촌마을하수도 설치사업(웅천 및 대천처리구역) 기본 및 실시설계용역,충청남도 보령시 경제도시국 수도과,PQ,1049170000,1051210700,100.1945061,범한+세종,99.15,896100000,99.6795,N
20200600254 - 00,20200601,농어촌마을하수도 설치사업(웅천 및 대천처리구역) 기본 및 실시설계용역,충청남도 보령시 경제도시국 수도과,PQ,1049170000,1051210700,100.1945061,선진+경동,99.14,907790000,100.9799,N
20200600254 - 00,20200601,농어촌마을하수도 설치사업(웅천 및 대천처리구역) 기본 및 실시설계용역,충청남도 보령시 경제도시국 수도과,PQ,1049170000,1051210700,100.1945061,건양+동양,99.06,896673000,99.72,N
20200600254 - 00,20200601,농어촌마을하수도 설치사업(웅천 및 대천처리구역) 기본 및 실시설계용역,충청남도 보령시 경제도시국 수도과,PQ,1049170000,1051210700,100.1945061,KG+우리,98.93,905799000,100.6996,N
20200600254 - 00,20200601,농어촌마을하수도 설치사업(웅천 및 대천처리구역) 기본 및 실시설계용역,충청남도 보령시 경제도시국 수도과,PQ,1049170000,1051210700,100.1945061,도화+우빈,98.8,910770000,101.2168,N
20200600254 - 00,20200601,농어촌마을하수도 설치사업(웅천 및 대천처리구역) 기본 및 실시설계용역,충청남도 보령시 경제도시국 수도과,PQ,1049170000,1051210700,100.1945061,제일+기산,98.8,892800000,99.2198,N
20200600254 - 00,20200601,농어촌마을하수도 설치사업(웅천 및 대천처리구역) 기본 및 실시설계용역,충청남도 보령시 경제도시국 수도과,PQ,1049170000,1051210700,100.1945061,경화+우주,97.9,913325000,101.2646,N
20200600254 - 00,20200601,농어촌마을하수도 설치사업(웅천 및 대천처리구역) 기본 및 실시설계용역,충청남도 보령시 경제도시국 수도과,PQ,1049170000,1051210700,100.1945061,동일+송현,97.28,920445000,101.9,N
2001974 - 00,20200601,고양탄현 공공주택지구 조성사업 환경영향평가용역,한국토지주택공사,PQ,886600000,890345000,100.4224002,동아+경동+한종+퍼스트,99.19,763279000,100.4499,Y
2001974 - 00,20200601,고양탄현 공공주택지구 조성사업 환경영향평가용역,한국토지주택공사,PQ,886600000,890345000,100.4224002,선진+도화+한국환경,99.14,761710000,100.2317,N
2001974 - 00,20200601,고양탄현 공공주택지구 조성사업 환경영향평가용역,한국토지주택공사,PQ,886600000,890345000,100.4224002,동부+KG+한맥+아이케이,98.73,764643000,100.5004,N
2001974 - 00,20200601,고양탄현 공공주택지구 조성사업 환경영향평가용역,한국토지주택공사,PQ,886600000,890345000,100.4224002,다산+건화+삼안+레오,98.71,755636200,99.305,N
2001974 - 00,20200601,고양탄현 공공주택지구 조성사업 환경영향평가용역,한국토지주택공사,PQ,886600000,890345000,100.4224002,신성+홍익+효산,98.64,757760000,99.5725,N
2001974 - 00,20200601,고양탄현 공공주택지구 조성사업 환경영향평가용역,한국토지주택공사,PQ,886600000,890345000,100.4224002,이산+수성+평화+보드플랜,98.35,757188000,99.4047,N
2001974 - 00,20200601,고양탄현 공공주택지구 조성사업 환경영향평가용역,한국토지주택공사,PQ,886600000,890345000,100.4224002,동일+동성+서영+덕영,98.15,771000000,101.1591,N
2001974 - 00,20200601,고양탄현 공공주택지구 조성사업 환경영향평가용역,한국토지주택공사,PQ,886600000,890345000,100.4224002,동명+동진+예평,96.37,777500000,101.4925,N
2001974 - 00,20200601,고양탄현 공공주택지구 조성사업 환경영향평가용역,한국토지주택공사,PQ,886600000,890345000,100.4224002,유신+동해종합+씨엔에스+신일환경,95.6,797940000,103.9321,N
2001972 - 00,20200601,남청주 현도 일반산업단지 사후환경영향조사(공사시) 용역,한국토지주택공사,PQ,1421530000,1430115000,100.6039268,도화+신일,99.24,1151860000,100.6141,Y
2001972 - 00,20200601,남청주 현도 일반산업단지 사후환경영향조사(공사시) 용역,한국토지주택공사,PQ,1421530000,1430115000,100.6039268,선진+신명+한국환경,99.24,1146200000,100.1197,N
2001972 - 00,20200601,남청주 현도 일반산업단지 사후환경영향조사(공사시) 용역,한국토지주택공사,PQ,1421530000,1430115000,100.6039268,KG+한맥+동부+CNS,99.23,1145740000,100.0796,N
2001972 - 00,20200601,남청주 현도 일반산업단지 사후환경영향조사(공사시) 용역,한국토지주택공사,PQ,1421530000,1430115000,100.6039268,평화+경동+퍼스트,99.16,1146500000,100.0838,N
2001972 - 00,20200601,남청주 현도 일반산업단지 사후환경영향조사(공사시) 용역,한국토지주택공사,PQ,1421530000,1430115000,100.6039268,동일+서영+다원,99.13,1153000000,100.6263,N
2001972 - 00,20200601,남청주 현도 일반산업단지 사후환경영향조사(공사시) 용역,한국토지주택공사,PQ,1421530000,1430115000,100.6039268,건화+우신,99.03,1139900000,99.3967,N
2001972 - 00,20200601,남청주 현도 일반산업단지 사후환경영향조사(공사시) 용역,한국토지주택공사,PQ,1421530000,1430115000,100.6039268,동성+DS,98.91,1155210000,100.6194,N
2001972 - 00,20200601,남청주 현도 일반산업단지 사후환경영향조사(공사시) 용역,한국토지주택공사,PQ,1421530000,1430115000,100.6039268,수성+대콘+보드플랜,98.84,1159037000,100.8903,N
2001972 - 00,20200601,남청주 현도 일반산업단지 사후환경영향조사(공사시) 용역,한국토지주택공사,PQ,1421530000,1430115000,100.6039268,삼안+다산+국토환경,98.82,1167980000,101.6562,N
2001972 - 00,20200601,남청주 현도 일반산업단지 사후환경영향조사(공사시) 용역,한국토지주택공사,PQ,1421530000,1430115000,100.6039268,이산+세일+휴먼,98.82,1139990000,99.22,N
2001972 - 00,20200601,남청주 현도 일반산업단지 사후환경영향조사(공사시) 용역,한국토지주택공사,PQ,1421530000,1430115000,100.6039268,홍익+신성+중천,97.23,1153050000,98.9971,N
2001972 - 00,20200601,남청주 현도 일반산업단지 사후환경영향조사(공사시) 용역,한국토지주택공사,PQ,1421530000,1430115000,100.6039268,동명+동진+대현,97.16,1176500000,100.9489,N
2001972 - 00,20200601,남청주 현도 일반산업단지 사후환경영향조사(공사시) 용역,한국토지주택공사,PQ,1421530000,1430115000,100.6039268,유신+동해종합+동해,96.62,1250946000,106.8415,N
20200600201 - 01,20200602,상수도관 노후도 정밀조사 용역,부산광역시 상수도사업본부,PQ,979924000,975933325,99.59275668,HEC+한창,100,839900000,100.2523,Y
20200600201 - 01,20200602,상수도관 노후도 정밀조사 용역,부산광역시 상수도사업본부,PQ,979924000,975933325,99.59275668,도화+한진,100,833500000,99.4884,N
20200600201 - 01,20200602,상수도관 노후도 정밀조사 용역,부산광역시 상수도사업본부,PQ,979924000,975933325,99.59275668,유신+경성+경호,100,843885000,100.728,N
20200600201 - 01,20200602,상수도관 노후도 정밀조사 용역,부산광역시 상수도사업본부,PQ,979924000,975933325,99.59275668,한종+삼영,99.3,833480000,99.3002,N
20200600201 - 01,20200602,상수도관 노후도 정밀조사 용역,부산광역시 상수도사업본부,PQ,979924000,975933325,99.59275668,건화+한가람,99,851400000,101.3642,N
20200600201 - 01,20200602,상수도관 노후도 정밀조사 용역,부산광역시 상수도사업본부,PQ,979924000,975933325,99.59275668,삼안+하나,98.44,833580000,99.0923,N
20200600201 - 01,20200602,상수도관 노후도 정밀조사 용역,부산광역시 상수도사업본부,PQ,979924000,975933325,99.59275668,동명+선일+대원,97.54,862600000,102.3037,N
20200602048 - 00,20200602,화성1송수관로공사(4구간) 외1건 통합건설사업관리용역,경기도 화성시 맑은물사업소,PQ,1047959000,1042805700,99.50825366,건화+경동,100,895057000,99.9,Y
20200602048 - 00,20200602,화성1송수관로공사(4구간) 외1건 통합건설사업관리용역,경기도 화성시 맑은물사업소,PQ,1047959000,1042805700,99.50825366,도화+선진,100,890577000,99.4,N
20200602048 - 00,20200602,화성1송수관로공사(4구간) 외1건 통합건설사업관리용역,경기도 화성시 맑은물사업소,PQ,1047959000,1042805700,99.50825366,한종+동진,100,899536000,100.4,N
20200602048 - 00,20200602,화성1송수관로공사(4구간) 외1건 통합건설사업관리용역,경기도 화성시 맑은물사업소,PQ,1047959000,1042805700,99.50825366,범한+목양,100,907000000,101.233,N
20200602048 - 00,20200602,화성1송수관로공사(4구간) 외1건 통합건설사업관리용역,경기도 화성시 맑은물사업소,PQ,1047959000,1042805700,99.50825366,KCM+이산,99.96,895820000,99.9735,N
20200602151 - 01,20200602,우도 농어촌마을 하수도 정비사업 건설사업관리용역,제주특별자치도 상하수도본부,PQ,1189900000,1179577650,99.13250273,동명+청풍,100,928340000,100.0299,N
20200602151 - 01,20200602,우도 농어촌마을 하수도 정비사업 건설사업관리용역,제주특별자치도 상하수도본부,PQ,1189900000,1179577650,99.13250273,천일+리헌,99.57,939600000,100.881,N
20200602151 - 01,20200602,우도 농어촌마을 하수도 정비사업 건설사업관리용역,제주특별자치도 상하수도본부,PQ,1189900000,1179577650,99.13250273,경동+태신,99.57,930459000,99.8996,N
20200602151 - 01,20200602,우도 농어촌마을 하수도 정비사업 건설사업관리용역,제주특별자치도 상하수도본부,PQ,1189900000,1179577650,99.13250273,신명+도암,99.53,926626000,99.4499,N
20200602151 - 01,20200602,우도 농어촌마을 하수도 정비사업 건설사업관리용역,제주특별자치도 상하수도본부,PQ,1189900000,1179577650,99.13250273,도화+해진,99.48,925950000,99.3393,N
20200602151 - 01,20200602,우도 농어촌마을 하수도 정비사업 건설사업관리용역,제주특별자치도 상하수도본부,PQ,1189900000,1179577650,99.13250273,한종+한라,99.35,942100000,100.9688,N
20200602151 - 01,20200602,우도 농어촌마을 하수도 정비사업 건설사업관리용역,제주특별자치도 상하수도본부,PQ,1189900000,1179577650,99.13250273,동성+토펙+상지,99.35,925410000,99.1801,Y
20200602151 - 01,20200602,우도 농어촌마을 하수도 정비사업 건설사업관리용역,제주특별자치도 상하수도본부,PQ,1189900000,1179577650,99.13250273,건화+JPM(청운),99.23,956400000,102.397,N
20200602151 - 01,20200602,우도 농어촌마을 하수도 정비사업 건설사업관리용역,제주특별자치도 상하수도본부,PQ,1189900000,1179577650,99.13250273,범한+해오름,99.04,925100000,98.8947,N
20200602954 - 00,20200602,물길 100리 관광기반 조성사업 실시설계용역,충청북도 제천시 수도사업소,PQ,653448000,650996000,99.62475974,삼안+대원+하이콘,99.35,561550000,100.3403,N
20200602954 - 00,20200602,물길 100리 관광기반 조성사업 실시설계용역,충청북도 제천시 수도사업소,PQ,653448000,650996000,99.62475974,도화+영진+수일,99.34,559000000,99.8847,N
20200602954 - 00,20200602,물길 100리 관광기반 조성사업 실시설계용역,충청북도 제천시 수도사업소,PQ,653448000,650996000,99.62475974,동명+건양,99.26,558400000,99.7541,Y
20200602954 - 00,20200602,물길 100리 관광기반 조성사업 실시설계용역,충청북도 제천시 수도사업소,PQ,653448000,650996000,99.62475974,건화+홍익(예당),99.18,557380000,99.5487,N
20200602954 - 00,20200602,물길 100리 관광기반 조성사업 실시설계용역,충청북도 제천시 수도사업소,PQ,653448000,650996000,99.62475974,경동+지명,98.91,554539000,98.9835,N
20200602954 - 00,20200602,물길 100리 관광기반 조성사업 실시설계용역,충청북도 제천시 수도사업소,PQ,653448000,650996000,99.62475974,유신+도우,98.87,561420000,100.2001,N
20200602954 - 00,20200602,물길 100리 관광기반 조성사업 실시설계용역,충청북도 제천시 수도사업소,PQ,653448000,650996000,99.62475974,HEC+동림,98.7,564040000,100.6207,N
20200602954 - 00,20200602,물길 100리 관광기반 조성사업 실시설계용역,충청북도 제천시 수도사업소,PQ,653448000,650996000,99.62475974,범한+창민,98.35,556600000,99.201,N
20200602954 - 00,20200602,물길 100리 관광기반 조성사업 실시설계용역,충청북도 제천시 수도사업소,PQ,653448000,650996000,99.62475974,한종+청우,98.21,568450000,101.2776,N
20200602954 - 00,20200602,물길 100리 관광기반 조성사업 실시설계용역,충청북도 제천시 수도사업소,PQ,653448000,650996000,99.62475974,이산+진우,98.1,554989000,98.8563,N
20200603707 - 00,20200602,백석고가교 주변 교통소음 개선사업 기본 및 실시설계용역,인천광역시 종합건설본부,PQ,578127000,572590050,99.04226061,동성+도담,97.94,499215000,100.46,N
20200603707 - 00,20200602,백석고가교 주변 교통소음 개선사업 기본 및 실시설계용역,인천광역시 종합건설본부,PQ,578127000,572590050,99.04226061,서영+바우,97.9,497600000,100.1234,N
20200603707 - 00,20200602,백석고가교 주변 교통소음 개선사업 기본 및 실시설계용역,인천광역시 종합건설본부,PQ,578127000,572590050,99.04226061,다산+대한건설,97.71,500649000,100.69,N
20200603707 - 00,20200602,백석고가교 주변 교통소음 개선사업 기본 및 실시설계용역,인천광역시 종합건설본부,PQ,578127000,572590050,99.04226061,KG+동남,97.63,503550000,101.2499,N
20200603707 - 00,20200602,백석고가교 주변 교통소음 개선사업 기본 및 실시설계용역,인천광역시 종합건설본부,PQ,578127000,572590050,99.04226061,건화+극동(테크피아),97.56,499390000,100.4018,N
20200603707 - 00,20200602,백석고가교 주변 교통소음 개선사업 기본 및 실시설계용역,인천광역시 종합건설본부,PQ,578127000,572590050,99.04226061,삼안+한서,97.15,497662000,99.9498,N
20200603707 - 00,20200602,백석고가교 주변 교통소음 개선사업 기본 및 실시설계용역,인천광역시 종합건설본부,PQ,578127000,572590050,99.04226061,도화+장원,97.08,494550000,99.3017,Y
20200603707 - 00,20200602,백석고가교 주변 교통소음 개선사업 기본 및 실시설계용역,인천광역시 종합건설본부,PQ,578127000,572590050,99.04226061,동명+일진,96.82,500510000,100.4402,N
20200603707 - 00,20200602,백석고가교 주변 교통소음 개선사업 기본 및 실시설계용역,인천광역시 종합건설본부,PQ,578127000,572590050,99.04226061,동부+고산,96.63,492866000,98.8489,N
20200603707 - 00,20200602,백석고가교 주변 교통소음 개선사업 기본 및 실시설계용역,인천광역시 종합건설본부,PQ,578127000,572590050,99.04226061,제일+청해,96.52,0,0,N
20200603707 - 00,20200602,백석고가교 주변 교통소음 개선사업 기본 및 실시설계용역,인천광역시 종합건설본부,PQ,578127000,572590050,99.04226061,대콘+경서,96.4,501320000,100.4861,N
20200603707 - 00,20200602,백석고가교 주변 교통소음 개선사업 기본 및 실시설계용역,인천광역시 종합건설본부,PQ,578127000,572590050,99.04226061,수성+미소,96.16,504526000,101.0702,N
20200603707 - 00,20200602,백석고가교 주변 교통소음 개선사업 기본 및 실시설계용역,인천광역시 종합건설본부,PQ,578127000,572590050,99.04226061,홍익+경서,96.16,493190000,98.7993,N
20200603707 - 00,20200602,백석고가교 주변 교통소음 개선사업 기본 및 실시설계용역,인천광역시 종합건설본부,PQ,578127000,572590050,99.04226061,평화+정방,95.98,507480000,101.6149,N
20200603707 - 00,20200602,백석고가교 주변 교통소음 개선사업 기본 및 실시설계용역,인천광역시 종합건설본부,PQ,578127000,572590050,99.04226061,드림+명인+경안,95.82,507100000,101.5035,N
20200603707 - 00,20200602,백석고가교 주변 교통소음 개선사업 기본 및 실시설계용역,인천광역시 종합건설본부,PQ,578127000,572590050,99.04226061,천일+한승,95.82,507900000,101.6637,N
20200603707 - 00,20200602,백석고가교 주변 교통소음 개선사업 기본 및 실시설계용역,인천광역시 종합건설본부,PQ,578127000,572590050,99.04226061,한종+아이엔씨,95.3,506800000,101.3028,N
20200603628 - 00,20200602,시흥시 맑은물관리센터 하수처리수 재이용사업 건설사업관리용역,경기도 시흥시,PQ,1463000000,1451771525,99.23250342,삼안+극동,100,1143920000,100.25,N
20200603628 - 00,20200602,시흥시 맑은물관리센터 하수처리수 재이용사업 건설사업관리용역,경기도 시흥시,PQ,1463000000,1451771525,99.23250342,건화+동성,99.9,1136952000,99.55,Y
20200603628 - 00,20200602,시흥시 맑은물관리센터 하수처리수 재이용사업 건설사업관리용역,경기도 시흥시,PQ,1463000000,1451771525,99.23250342,한종+보람,99.9,1160500000,101.6119,N
20200603628 - 00,20200602,시흥시 맑은물관리센터 하수처리수 재이용사업 건설사업관리용역,경기도 시흥시,PQ,1463000000,1451771525,99.23250342,도화+이산,99.4,1143700000,99.7321,N
20200602725 - 00,20200603,"부산광역시 노후하수관로 정밀조사(2단계)[수영, 남부, 해운대 처리구역]개찰1순위",부산광역시,PQ,939000000,936718275,99.75700479,제일+HEC,100,803600000,100.0999,Y
20200602725 - 00,20200603,"부산광역시 노후하수관로 정밀조사(2단계)[수영, 남부, 해운대 처리구역]개찰1순위",부산광역시,PQ,939000000,936718275,99.75700479,삼안+경화+하나,99.8,807840000,100.5692,N
20200602725 - 00,20200603,"부산광역시 노후하수관로 정밀조사(2단계)[수영, 남부, 해운대 처리구역]개찰1순위",부산광역시,PQ,939000000,936718275,99.75700479,이산+수성+한수,99.78,800700000,99.6804,N
20200602725 - 00,20200603,"부산광역시 노후하수관로 정밀조사(2단계)[수영, 남부, 해운대 처리구역]개찰1순위",부산광역시,PQ,939000000,936718275,99.75700479,건화+범한,99.47,797300000,99.1759,N
20200602725 - 00,20200603,"부산광역시 노후하수관로 정밀조사(2단계)[수영, 남부, 해운대 처리구역]개찰1순위",부산광역시,PQ,939000000,936718275,99.75700479,선진+KG+한국건설안전,99.31,809690000,100.6701,N
20200602725 - 00,20200603,"부산광역시 노후하수관로 정밀조사(2단계)[수영, 남부, 해운대 처리구역]개찰1순위",부산광역시,PQ,939000000,936718275,99.75700479,도화+한진,99.22,814240000,101.2122,N
20200602725 - 00,20200603,"부산광역시 노후하수관로 정밀조사(2단계)[수영, 남부, 해운대 처리구역]개찰1순위",부산광역시,PQ,939000000,936718275,99.75700479,동명+코리아ENT,98.25,845100000,104.7913,N
20200602725 - 00,20200603,"부산광역시 노후하수관로 정밀조사(2단계)[수영, 남부, 해운대 처리구역]개찰1순위",부산광역시,PQ,939000000,936718275,99.75700479,한종+동아+한국라이텍,98.02,797260000,98.8017,N
20200602725 - 00,20200603,부산광역시 노후하수관로 정밀조사(2단계)강변 처리구역]개찰2순위,부산광역시,PQ,931000000,927760175,99.65200591,제일+HEC,100,793570000,99.6999,N
20200602725 - 00,20200603,부산광역시 노후하수관로 정밀조사(2단계)강변 처리구역]개찰2순위,부산광역시,PQ,931000000,927760175,99.65200591,삼안+경화+하나,99.8,797220000,100.1,Y
20200602725 - 00,20200603,부산광역시 노후하수관로 정밀조사(2단계)강변 처리구역]개찰2순위,부산광역시,PQ,931000000,927760175,99.65200591,이산+수성+한수,99.78,800800000,100.5495,N
20200602725 - 00,20200603,부산광역시 노후하수관로 정밀조사(2단계)강변 처리구역]개찰2순위,부산광역시,PQ,931000000,927760175,99.65200591,건화+범한,99.47,790600000,99.1876,N
20200602725 - 00,20200603,부산광역시 노후하수관로 정밀조사(2단계)강변 처리구역]개찰2순위,부산광역시,PQ,931000000,927760175,99.65200591,선진+KG+한국건설안전,99.31,802790000,100.6699,N
20200602725 - 00,20200603,부산광역시 노후하수관로 정밀조사(2단계)강변 처리구역]개찰2순위,부산광역시,PQ,931000000,927760175,99.65200591,도화+한진,99.22,807330000,101.2156,N
20200602725 - 00,20200603,부산광역시 노후하수관로 정밀조사(2단계)강변 처리구역]개찰2순위,부산광역시,PQ,931000000,927760175,99.65200591,동명+코리아ENT,98.25,837900000,104.7913,N
20200602725 - 00,20200603,부산광역시 노후하수관로 정밀조사(2단계)강변 처리구역]개찰2순위,부산광역시,PQ,931000000,927760175,99.65200591,한종+동아+한국라이텍,98.02,791240000,98.8982,N
20200602725 - 00,20200603,"부산광역시 노후하수관로 정밀조사(2단계)서부, 녹산 처리구역]개찰3순위",부산광역시,PQ,900000000,911706750,101.30075,제일+HEC,100,773300000,100.4997,N
20200602725 - 00,20200603,"부산광역시 노후하수관로 정밀조사(2단계)서부, 녹산 처리구역]개찰3순위",부산광역시,PQ,900000000,911706750,101.30075,삼안+경화+하나,99.8,767595000,99.7,N
20200602725 - 00,20200603,"부산광역시 노후하수관로 정밀조사(2단계)서부, 녹산 처리구역]개찰3순위",부산광역시,PQ,900000000,911706750,101.30075,이산+수성+한수,99.78,770675000,100.1,N
20200602725 - 00,20200603,"부산광역시 노후하수관로 정밀조사(2단계)서부, 녹산 처리구역]개찰3순위",부산광역시,PQ,900000000,911706750,101.30075,건화+범한,99.47,764400000,99.2038,N
20200602725 - 00,20200603,"부산광역시 노후하수관로 정밀조사(2단계)서부, 녹산 처리구역]개찰3순위",부산광역시,PQ,900000000,911706750,101.30075,선진+KG+한국건설안전,99.31,775990000,100.6609,N
20200602725 - 00,20200603,"부산광역시 노후하수관로 정밀조사(2단계)서부, 녹산 처리구역]개찰3순위",부산광역시,PQ,900000000,911706750,101.30075,도화+한진,99.22,780520000,101.2249,N
20200602725 - 00,20200603,"부산광역시 노후하수관로 정밀조사(2단계)서부, 녹산 처리구역]개찰3순위",부산광역시,PQ,900000000,911706750,101.30075,동명+코리아ENT,98.25,810000000,104.7913,Y
20200602725 - 00,20200603,"부산광역시 노후하수관로 정밀조사(2단계)서부, 녹산 처리구역]개찰3순위",부산광역시,PQ,900000000,911706750,101.30075,한종+동아+한국라이텍,98.02,765550000,98.9831,N
B5202001838,20200603,(20~23)시화지구 광역도로 건설사업 사후환경영향조사 용역,한국수자원공사,PQ,771890000,766943122,99.35912138,홍익+한종+우신,99.06,624300000,100.1789,N
B5202001838,20200603,(20~23)시화지구 광역도로 건설사업 사후환경영향조사 용역,한국수자원공사,PQ,771890000,766943122,99.35912138,선진+한맥+한국환경,98.46,626720000,100.3807,N
B5202001838,20200603,(20~23)시화지구 광역도로 건설사업 사후환경영향조사 용역,한국수자원공사,PQ,771890000,766943122,99.35912138,경동+대현,98.32,622950000,99.7399,Y
B5202001838,20200603,(20~23)시화지구 광역도로 건설사업 사후환경영향조사 용역,한국수자원공사,PQ,771890000,766943122,99.35912138,KG+동성+양지,98.2,624930000,100.0198,N
B5202001838,20200603,(20~23)시화지구 광역도로 건설사업 사후환경영향조사 용역,한국수자원공사,PQ,771890000,766943122,99.35912138,서영+보드플랜,98.06,628866000,100.6,N
B5202001838,20200603,(20~23)시화지구 광역도로 건설사업 사후환경영향조사 용역,한국수자원공사,PQ,771890000,766943122,99.35912138,건화+동아+자연과사람,98.03,630600000,100.865,N
B5202001838,20200603,(20~23)시화지구 광역도로 건설사업 사후환경영향조사 용역,한국수자원공사,PQ,771890000,766943122,99.35912138,도화+라임,98.02,620750000,99.2894,N
B5202001838,20200603,(20~23)시화지구 광역도로 건설사업 사후환경영향조사 용역,한국수자원공사,PQ,771890000,766943122,99.35912138,경호+천일+소운,97.95,620656000,99.2499,N
B5202001838,20200603,(20~23)시화지구 광역도로 건설사업 사후환경영향조사 용역,한국수자원공사,PQ,771890000,766943122,99.35912138,삼안+퍼스트+휴먼,97.94,619960000,99.1386,N
B5202001838,20200603,(20~23)시화지구 광역도로 건설사업 사후환경영향조사 용역,한국수자원공사,PQ,771890000,766943122,99.35912138,이산+엔탑,97.86,620260000,99.1621,N
B5202001838,20200603,(20~23)시화지구 광역도로 건설사업 사후환경영향조사 용역,한국수자원공사,PQ,771890000,766943122,99.35912138,동해+동명+DS+(주)동해,97.84,621247000,99.3199,N
B5202001838,20200603,(20~23)시화지구 광역도로 건설사업 사후환경영향조사 용역,한국수자원공사,PQ,771890000,766943122,99.35912138,수성+동부+레오,97.84,629937000,100.7092,N
B5202001838,20200603,(20~23)시화지구 광역도로 건설사업 사후환경영향조사 용역,한국수자원공사,PQ,771890000,766943122,99.35912138,화신+CNS+마린,97.82,630583000,100.8,N
B5202001838,20200603,(20~23)시화지구 광역도로 건설사업 사후환경영향조사 용역,한국수자원공사,PQ,771890000,766943122,99.35912138,신성+예평+효산,97.65,632760000,101.0981,N
B5202001838,20200603,(20~23)시화지구 광역도로 건설사업 사후환경영향조사 용역,한국수자원공사,PQ,771890000,766943122,99.35912138,동일+다원,97.6,634000000,101.2837,N
B5202001838,20200603,(20~23)시화지구 광역도로 건설사업 사후환경영향조사 용역,한국수자원공사,PQ,771890000,766943122,99.35912138,평화+신일+KCI,97.6,619600000,98.9833,N
B5202001838,20200603,(20~23)시화지구 광역도로 건설사업 사후환경영향조사 용역,한국수자원공사,PQ,771890000,766943122,99.35912138,다산+중천,96.89,638646000,101.8,N
B5202001838,20200603,(20~23)시화지구 광역도로 건설사업 사후환경영향조사 용역,한국수자원공사,PQ,771890000,766943122,99.35912138,유신+세원+신일,95.08,679800000,107.7633,N
20200604742 - 00,20200603,해안.오미 공공하수처리시설 확충사업 기본 및 실시설계 용역,강원도 양구군 상하수도사업소,PQ,1918135000,1927342100,100.4800027,동명+서광+경원,99.45,1514400000,100.7615,Y
20200604742 - 00,20200603,해안.오미 공공하수처리시설 확충사업 기본 및 실시설계 용역,강원도 양구군 상하수도사업소,PQ,1918135000,1927342100,100.4800027,건화+정+한종+정원,97.88,1520000000,99.8597,N
20200604742 - 00,20200603,해안.오미 공공하수처리시설 확충사업 기본 및 실시설계 용역,강원도 양구군 상하수도사업소,PQ,1918135000,1927342100,100.4800027,이산+동서+미래,97.83,1545450000,101.4933,N
20200604742 - 00,20200603,해안.오미 공공하수처리시설 확충사업 기본 및 실시설계 용역,강원도 양구군 상하수도사업소,PQ,1918135000,1927342100,100.4800027,선진+제일+고려+성우,97.78,1517550000,99.6108,N
20200604742 - 00,20200603,해안.오미 공공하수처리시설 확충사업 기본 및 실시설계 용역,강원도 양구군 상하수도사업소,PQ,1918135000,1927342100,100.4800027,경동+진화+삼경,95.74,1577524000,101.88,N
20200604742 - 00,20200603,해안.오미 공공하수처리시설 확충사업 기본 및 실시설계 용역,강원도 양구군 상하수도사업소,PQ,1918135000,1927342100,100.4800027,도화+삼주+동해,95.07,1600000000,102.784,N
20200604742 - 00,20200603,해안.오미 공공하수처리시설 확충사업 기본 및 실시설계 용역,강원도 양구군 상하수도사업소,PQ,1918135000,1927342100,100.4800027,화신+HEC+동남,93.89,1608180000,103.2586,N
20200604742 - 00,20200603,해안.오미 공공하수처리시설 확충사업 기본 및 실시설계 용역,강원도 양구군 상하수도사업소,PQ,1918135000,1927342100,100.4800027,삼안+일신+대성,91.68,1630000000,101.9843,N
20200607088 - 00,20200605,대호지 조금 하수처리시설 건설공사 외 2건 통합건설사업관리용역,충청남도 당진시,PQ,1724000000,1726560175,100.148502,동부+양지,99.95,1351372000,100.4496,Y
20200607088 - 00,20200605,대호지 조금 하수처리시설 건설공사 외 2건 통합건설사업관리용역,충청남도 당진시,PQ,1724000000,1726560175,100.148502,건화+장맥,99.85,1347700000,100.0997,N
20200607088 - 00,20200605,대호지 조금 하수처리시설 건설공사 외 2건 통합건설사업관리용역,충청남도 당진시,PQ,1724000000,1726560175,100.148502,건양+우빈,99.85,1355243000,100.6599,N
20200607088 - 00,20200605,대호지 조금 하수처리시설 건설공사 외 2건 통합건설사업관리용역,충청남도 당진시,PQ,1724000000,1726560175,100.148502,경동+용마,99.85,1347889000,100.1137,N
20200607088 - 00,20200605,대호지 조금 하수처리시설 건설공사 외 2건 통합건설사업관리용역,충청남도 당진시,PQ,1724000000,1726560175,100.148502,극동+예당,99.84,1338854000,99.4299,N
20200607088 - 00,20200605,대호지 조금 하수처리시설 건설공사 외 2건 통합건설사업관리용역,충청남도 당진시,PQ,1724000000,1726560175,100.148502,도화+천마,99.83,1347700000,100.0869,N
20200607088 - 00,20200605,대호지 조금 하수처리시설 건설공사 외 2건 통합건설사업관리용역,충청남도 당진시,PQ,1724000000,1726560175,100.148502,선진+유원,99.83,1341990000,99.6628,N
20200607088 - 00,20200605,대호지 조금 하수처리시설 건설공사 외 2건 통합건설사업관리용역,충청남도 당진시,PQ,1724000000,1726560175,100.148502,동성+우주,99.81,1354150000,100.5401,N
20200607088 - 00,20200605,대호지 조금 하수처리시설 건설공사 외 2건 통합건설사업관리용역,충청남도 당진시,PQ,1724000000,1726560175,100.148502,동명+한빛,99.79,1346700000,99.9742,N
20200607088 - 00,20200605,대호지 조금 하수처리시설 건설공사 외 2건 통합건설사업관리용역,충청남도 당진시,PQ,1724000000,1726560175,100.148502,신명+재성,99.79,1337373700,99.2819,N
20200607088 - 00,20200605,대호지 조금 하수처리시설 건설공사 외 2건 통합건설사업관리용역,충청남도 당진시,PQ,1724000000,1726560175,100.148502,이산+드림,99.7,1338638000,99.2995,N
20200607088 - 00,20200605,대호지 조금 하수처리시설 건설공사 외 2건 통합건설사업관리용역,충청남도 당진시,PQ,1724000000,1726560175,100.148502,삼안+송현,99.7,1358500000,100.7728,N
20200607088 - 00,20200605,대호지 조금 하수처리시설 건설공사 외 2건 통합건설사업관리용역,충청남도 당진시,PQ,1724000000,1726560175,100.148502,수성+기산,99.7,1360095000,100.8911,N
20200607088 - 00,20200605,대호지 조금 하수처리시설 건설공사 외 2건 통합건설사업관리용역,충청남도 당진시,PQ,1724000000,1726560175,100.148502,동일+동양,99.69,1335700000,99.0815,N
20200607088 - 00,20200605,대호지 조금 하수처리시설 건설공사 외 2건 통합건설사업관리용역,충청남도 당진시,PQ,1724000000,1726560175,100.148502,홍익+계림,99.65,1331606000,98.74,N
20200607088 - 00,20200605,대호지 조금 하수처리시설 건설공사 외 2건 통합건설사업관리용역,충청남도 당진시,PQ,1724000000,1726560175,100.148502,대콘+우경,99.64,1364957000,101.2,N
20200607088 - 00,20200605,대호지 조금 하수처리시설 건설공사 외 2건 통합건설사업관리용역,충청남도 당진시,PQ,1724000000,1726560175,100.148502,평화+명성,99.64,1364770000,101.1862,N
20200607088 - 00,20200605,대호지 조금 하수처리시설 건설공사 외 2건 통합건설사업관리용역,충청남도 당진시,PQ,1724000000,1726560175,100.148502,범한+수성,99.61,1333900000,98.8848,N
20200607088 - 00,20200605,대호지 조금 하수처리시설 건설공사 외 2건 통합건설사업관리용역,충청남도 당진시,PQ,1724000000,1726560175,100.148502,삼보+상연,99.52,1362600000,100.935,N
20200607088 - 00,20200605,대호지 조금 하수처리시설 건설공사 외 2건 통합건설사업관리용역,충청남도 당진시,PQ,1724000000,1726560175,100.148502,KG+우리,99.47,1330510000,98.5201,N
20200607088 - 00,20200605,대호지 조금 하수처리시설 건설공사 외 2건 통합건설사업관리용역,충청남도 당진시,PQ,1724000000,1726560175,100.148502,서영+송현+청출어람,99.42,1370770000,101.4495,N
20200607088 - 00,20200605,대호지 조금 하수처리시설 건설공사 외 2건 통합건설사업관리용역,충청남도 당진시,PQ,1724000000,1726560175,100.148502,화신+한맥,99.35,1334579000,98.7206,N
20200607088 - 00,20200605,대호지 조금 하수처리시설 건설공사 외 2건 통합건설사업관리용역,충청남도 당진시,PQ,1724000000,1726560175,100.148502,한종+세일,99.3,1371400000,101.4055,N
20200607088 - 00,20200605,대호지 조금 하수처리시설 건설공사 외 2건 통합건설사업관리용역,충청남도 당진시,PQ,1724000000,1726560175,100.148502,천일+더원,99.14,1517000000,112.0146,N
20200606850 - 00,20200604,충주시 노은 하수처리장 증설사업 외 1 개소 건설사업관리용역,충청북도 충주시,PQ,1488080000,1480237850,99.47300212,건화+영진,100,1168400000,100.6696,N
20200606850 - 00,20200604,충주시 노은 하수처리장 증설사업 외 1 개소 건설사업관리용역,충청북도 충주시,PQ,1488080000,1480237850,99.47300212,선진+동림,100,1161324000,100.06,N
20200606850 - 00,20200604,충주시 노은 하수처리장 증설사업 외 1 개소 건설사업관리용역,충청북도 충주시,PQ,1488080000,1480237850,99.47300212,신명+태광,99.84,1164000000,100.1493,N
20200606850 - 00,20200604,충주시 노은 하수처리장 증설사업 외 1 개소 건설사업관리용역,충청북도 충주시,PQ,1488080000,1480237850,99.47300212,동명+대원,99.8,1157330000,99.5499,Y
20200606850 - 00,20200604,충주시 노은 하수처리장 증설사업 외 1 개소 건설사업관리용역,충청북도 충주시,PQ,1488080000,1480237850,99.47300212,한종+청우+HEC,99.78,1166200000,100.2872,N
20200606850 - 00,20200604,충주시 노은 하수처리장 증설사업 외 1 개소 건설사업관리용역,충청북도 충주시,PQ,1488080000,1480237850,99.47300212,도화+건양,99.78,1154900000,99.3155,N
20200606850 - 00,20200604,충주시 노은 하수처리장 증설사업 외 1 개소 건설사업관리용역,충청북도 충주시,PQ,1488080000,1480237850,99.47300212,천일+한맥,99.77,1175530000,101.0895,N
20200606850 - 00,20200604,충주시 노은 하수처리장 증설사업 외 1 개소 건설사업관리용역,충청북도 충주시,PQ,1488080000,1480237850,99.47300212,용마+평화+내린,99.76,1171214000,100.7055,N
20200606850 - 00,20200604,충주시 노은 하수처리장 증설사업 외 1 개소 건설사업관리용역,충청북도 충주시,PQ,1488080000,1480237850,99.47300212,동성+가원,99.73,1152720000,99.09,N
20200606850 - 00,20200604,충주시 노은 하수처리장 증설사업 외 1 개소 건설사업관리용역,충청북도 충주시,PQ,1488080000,1480237850,99.47300212,극동+건일,99.71,1152635000,99.07,N
20200606850 - 00,20200604,충주시 노은 하수처리장 증설사업 외 1 개소 건설사업관리용역,충청북도 충주시,PQ,1488080000,1480237850,99.47300212,경원+홍익,99.64,1179300000,101.2971,N
20200606850 - 00,20200604,충주시 노은 하수처리장 증설사업 외 1 개소 건설사업관리용역,충청북도 충주시,PQ,1488080000,1480237850,99.47300212,이산+창민,99.55,1150800000,98.7859,N
20200606850 - 00,20200604,충주시 노은 하수처리장 증설사업 외 1 개소 건설사업관리용역,충청북도 충주시,PQ,1488080000,1480237850,99.47300212,경동+세광,99.47,1150767000,98.72,N
20200606850 - 00,20200604,충주시 노은 하수처리장 증설사업 외 1 개소 건설사업관리용역,충청북도 충주시,PQ,1488080000,1480237850,99.47300212,범한+도우,99.47,1175600000,100.8504,N
20200606850 - 00,20200604,충주시 노은 하수처리장 증설사업 외 1 개소 건설사업관리용역,충청북도 충주시,PQ,1488080000,1480237850,99.47300212,서영+해림,99.41,1181450000,101.3005,N
20200606850 - 00,20200604,충주시 노은 하수처리장 증설사업 외 1 개소 건설사업관리용역,충청북도 충주시,PQ,1488080000,1480237850,99.47300212,KG+유일,99.31,1182990000,101.342,N
20200606850 - 00,20200604,충주시 노은 하수처리장 증설사업 외 1 개소 건설사업관리용역,충청북도 충주시,PQ,1488080000,1480237850,99.47300212,수성+도명,99.29,1184634000,101.457,N
20200606850 - 00,20200604,충주시 노은 하수처리장 증설사업 외 1 개소 건설사업관리용역,충청북도 충주시,PQ,1488080000,1480237850,99.47300212,KCM+지명,99.15,1151000000,98.476,N
20200606335 - 00,20200604,비안동부농어촌마을 하수도정비사업 건설사업관리용역,경상북도 의성군 상하수도사업소,PQ,1413241000,1411531050,99.87900507,건화+한도,100,1104200000,100.1762,N
20200606335 - 00,20200604,비안동부농어촌마을 하수도정비사업 건설사업관리용역,경상북도 의성군 상하수도사업소,PQ,1413241000,1411531050,99.87900507,도화+대성,100,1097700000,99.5865,N
20200606335 - 00,20200604,비안동부농어촌마을 하수도정비사업 건설사업관리용역,경상북도 의성군 상하수도사업소,PQ,1413241000,1411531050,99.87900507,한종+동진,100,1100200000,99.8134,N
20200606335 - 00,20200604,비안동부농어촌마을 하수도정비사업 건설사업관리용역,경상북도 의성군 상하수도사업소,PQ,1413241000,1411531050,99.87900507,삼안+상금,100,1109680000,100.6734,N
20200606335 - 00,20200604,비안동부농어촌마을 하수도정비사업 건설사업관리용역,경상북도 의성군 상하수도사업소,PQ,1413241000,1411531050,99.87900507,동명+청우,100,1109970000,100.6997,N
20200606335 - 00,20200604,비안동부농어촌마을 하수도정비사업 건설사업관리용역,경상북도 의성군 상하수도사업소,PQ,1413241000,1411531050,99.87900507,동성+용마,100,1113280000,101,N
20200606335 - 00,20200604,비안동부농어촌마을 하수도정비사업 건설사업관리용역,경상북도 의성군 상하수도사업소,PQ,1413241000,1411531050,99.87900507,보원+천일,100,1106589000,100.393,N
20200606335 - 00,20200604,비안동부농어촌마을 하수도정비사업 건설사업관리용역,경상북도 의성군 상하수도사업소,PQ,1413241000,1411531050,99.87900507,신명+해인,100,1105000000,100.2488,N
20200606335 - 00,20200604,비안동부농어촌마을 하수도정비사업 건설사업관리용역,경상북도 의성군 상하수도사업소,PQ,1413241000,1411531050,99.87900507,이산+KCM,100,1095313000,99.37,N
20200606335 - 00,20200604,비안동부농어촌마을 하수도정비사업 건설사업관리용역,경상북도 의성군 상하수도사업소,PQ,1413241000,1411531050,99.87900507,범한+건일,100,1104020000,100.1599,N
20200606335 - 00,20200604,비안동부농어촌마을 하수도정비사업 건설사업관리용역,경상북도 의성군 상하수도사업소,PQ,1413241000,1411531050,99.87900507,보람+KG,100,0,0,N
20200606335 - 00,20200604,비안동부농어촌마을 하수도정비사업 건설사업관리용역,경상북도 의성군 상하수도사업소,PQ,1413241000,1411531050,99.87900507,동해+태성,100,1095272000,99.3663,N
20200606335 - 00,20200604,비안동부농어촌마을 하수도정비사업 건설사업관리용역,경상북도 의성군 상하수도사업소,PQ,1413241000,1411531050,99.87900507,동부+한백,100,1103696000,100.1305,Y
20200606335 - 00,20200604,비안동부농어촌마을 하수도정비사업 건설사업관리용역,경상북도 의성군 상하수도사업소,PQ,1413241000,1411531050,99.87900507,경동+청명,100,1111780000,100.8639,N
20200606335 - 00,20200604,비안동부농어촌마을 하수도정비사업 건설사업관리용역,경상북도 의성군 상하수도사업소,PQ,1413241000,1411531050,99.87900507,건양+KCI,99.99,1109675000,100.66,N
20200606335 - 00,20200604,비안동부농어촌마을 하수도정비사업 건설사업관리용역,경상북도 의성군 상하수도사업소,PQ,1413241000,1411531050,99.87900507,경원+DS,99.83,1092100000,98.939,N
20200606335 - 00,20200604,비안동부농어촌마을 하수도정비사업 건설사업관리용역,경상북도 의성군 상하수도사업소,PQ,1413241000,1411531050,99.87900507,세원+서영,99.5,1094605100,98.9,N
20200607047 - 00 ,20200604,안행 평화지구 노후하수관로 정비사업 기본 및 실시설계용역,전라북도 전주시,PQ,1374310000,1365054050,99.32650203,동명+더한,98.5,1096000000,101.0058,N
20200607047 - 00 ,20200604,안행 평화지구 노후하수관로 정비사업 기본 및 실시설계용역,전라북도 전주시,PQ,1374310000,1365054050,99.32650203,도화+국성+세움,98.2,1085100000,99.7486,Y
20200607047 - 00 ,20200604,안행 평화지구 노후하수관로 정비사업 기본 및 실시설계용역,전라북도 전주시,PQ,1374310000,1365054050,99.32650203,KG+인우+보람,97.99,1085394000,99.612,N
20200607047 - 00 ,20200604,안행 평화지구 노후하수관로 정비사업 기본 및 실시설계용역,전라북도 전주시,PQ,1374310000,1365054050,99.32650203,삼안+현성,97.83,1080970000,99.081,N
20200607047 - 00 ,20200604,안행 평화지구 노후하수관로 정비사업 기본 및 실시설계용역,전라북도 전주시,PQ,1374310000,1365054050,99.32650203,경동+신한,97.74,1082697000,99.1644,N
20200607047 - 00 ,20200604,안행 평화지구 노후하수관로 정비사업 기본 및 실시설계용역,전라북도 전주시,PQ,1374310000,1365054050,99.32650203,한종+성원+세화,97.7,1103250000,101.0087,N
20200607047 - 00 ,20200604,안행 평화지구 노후하수관로 정비사업 기본 및 실시설계용역,전라북도 전주시,PQ,1374310000,1365054050,99.32650203,제일+조화+평화,97.68,1082800000,99.1239,N
20200607047 - 00 ,20200604,안행 평화지구 노후하수관로 정비사업 기본 및 실시설계용역,전라북도 전주시,PQ,1374310000,1365054050,99.32650203,범한+대도,97.64,1080210000,98.8495,N
20200607047 - 00 ,20200604,안행 평화지구 노후하수관로 정비사업 기본 및 실시설계용역,전라북도 전주시,PQ,1374310000,1365054050,99.32650203,선진+대성+청우,97.64,1105130000,101.1299,N
20200607047 - 00 ,20200604,안행 평화지구 노후하수관로 정비사업 기본 및 실시설계용역,전라북도 전주시,PQ,1374310000,1365054050,99.32650203,HEC+가온+동해,97.59,1082000000,98.9759,N
20200607047 - 00 ,20200604,안행 평화지구 노후하수관로 정비사업 기본 및 실시설계용역,전라북도 전주시,PQ,1374310000,1365054050,99.32650203,건화+유현(아라),97.52,1113800000,101.8336,N
20200607047 - 00 ,20200604,안행 평화지구 노후하수관로 정비사업 기본 및 실시설계용역,전라북도 전주시,PQ,1374310000,1365054050,99.32650203,유신+한가람,97.5,1077802000,98.53,N
20200607047 - 00 ,20200604,안행 평화지구 노후하수관로 정비사업 기본 및 실시설계용역,전라북도 전주시,PQ,1374310000,1365054050,99.32650203,이산+JCN,97.2,1079900000,98.4744,N
20200607047 - 00 ,20200604,안행 평화지구 노후하수관로 정비사업 기본 및 실시설계용역,전라북도 전주시,PQ,1374310000,1365054050,99.32650203,화신+고산,96.4,1131900000,102.5607,N
20200607047 - 00 ,20200604,안행 평화지구 노후하수관로 정비사업 기본 및 실시설계용역,전라북도 전주시,PQ,1374310000,1365054050,99.32650203,삼주+승우,94.17,1299000000,115.6422,N
E012005084-1,20200604,부산 강서지역 전기공급시설 전력구공사(델타분기) 설계용역,한국전력공사 남부건설본부,PQ,1124508000,1120255722,99.62185436,신성,100,902980000,100.3813,N
E012005084-1,20200604,부산 강서지역 전기공급시설 전력구공사(델타분기) 설계용역,한국전력공사 남부건설본부,PQ,1124508000,1120255722,99.62185436,KG,99.7,902679000,100.3478,N
E012005084-1,20200604,부산 강서지역 전기공급시설 전력구공사(델타분기) 설계용역,한국전력공사 남부건설본부,PQ,1124508000,1120255722,99.62185436,도화,99.11,900600000,100.1167,N
E012005084-1,20200604,부산 강서지역 전기공급시설 전력구공사(델타분기) 설계용역,한국전력공사 남부건설본부,PQ,1124508000,1120255722,99.62185436,KOPEC,99.11,898201000,99.85,Y
E012005084-1,20200604,부산 강서지역 전기공급시설 전력구공사(델타분기) 설계용역,한국전력공사 남부건설본부,PQ,1124508000,1120255722,99.62185436,태조+대콘,98.99,896789000,99.4568,N
E012005084-1,20200604,부산 강서지역 전기공급시설 전력구공사(델타분기) 설계용역,한국전력공사 남부건설본부,PQ,1124508000,1120255722,99.62185436,경동+선진,98.59,896907000,99.4699,N
E012005084-1,20200604,부산 강서지역 전기공급시설 전력구공사(델타분기) 설계용역,한국전력공사 남부건설본부,PQ,1124508000,1120255722,99.62185436,건화+다산,98.56,892600000,98.9676,N
E012005084-1,20200604,부산 강서지역 전기공급시설 전력구공사(델타분기) 설계용역,한국전력공사 남부건설본부,PQ,1124508000,1120255722,99.62185436,삼안,97.23,1067000000,116.9482,N
B5202001856,20200604,함평지역 통합 지하수 기초조사(보완조사),한국수자원공사,PQ,653780000,648283326,99.15924715,도화+송암,100,522897000,99.3609,Y
B5202001856,20200604,함평지역 통합 지하수 기초조사(보완조사),한국수자원공사,PQ,653780000,648283326,99.15924715,삼안,100,524810000,99.7244,N
B5202001856,20200604,함평지역 통합 지하수 기초조사(보완조사),한국수자원공사,PQ,653780000,648283326,99.15924715,성지엔지니어링,100,524981000,99.7569,N
B5202001856,20200604,함평지역 통합 지하수 기초조사(보완조사),한국수자원공사,PQ,653780000,648283326,99.15924715,인텔리지오+건화+건일,100,525000000,99.7605,N
B5202001856,20200604,함평지역 통합 지하수 기초조사(보완조사),한국수자원공사,PQ,653780000,648283326,99.15924715,지오그린21,100,527223000,100.1829,N
B5202001856,20200604,함평지역 통합 지하수 기초조사(보완조사),한국수자원공사,PQ,653780000,648283326,99.15924715,유신,100,527260000,100.19,N
B5202001856,20200604,함평지역 통합 지하수 기초조사(보완조사),한국수자원공사,PQ,653780000,648283326,99.15924715,한서엔지니어링,100,527500000,100.2356,N
B5202001856,20200604,함평지역 통합 지하수 기초조사(보완조사),한국수자원공사,PQ,653780000,648283326,99.15924715,중앙컨설턴트,100,530893000,100.8803,N
20200608135 - 00,20200605,섬진강 에코뮤지엄 진입 및 연계도로 기본 및 실시설계 용역,전라북도 임실군,PQ,1221726000,1223873225,100.1757534,동부+대콘+동우,98.26,971399000,100.4998,Y
20200608135 - 00,20200605,섬진강 에코뮤지엄 진입 및 연계도로 기본 및 실시설계 용역,전라북도 임실군,PQ,1221726000,1223873225,100.1757534,유신+한가람+동서,98.1,966522000,99.869,N
20200608135 - 00,20200605,섬진강 에코뮤지엄 진입 및 연계도로 기본 및 실시설계 용역,전라북도 임실군,PQ,1221726000,1223873225,100.1757534,경동+대도,98.04,965664000,99.7299,N
20200608135 - 00,20200605,섬진강 에코뮤지엄 진입 및 연계도로 기본 및 실시설계 용역,전라북도 임실군,PQ,1221726000,1223873225,100.1757534,한종+건일,98.04,977900000,100.9936,N
20200608135 - 00,20200605,섬진강 에코뮤지엄 진입 및 연계도로 기본 및 실시설계 용역,전라북도 임실군,PQ,1221726000,1223873225,100.1757534,다산+신한,97.74,963612000,99.28,N
20200608135 - 00,20200605,섬진강 에코뮤지엄 진입 및 연계도로 기본 및 실시설계 용역,전라북도 임실군,PQ,1221726000,1223873225,100.1757534,수성+세화+삼경,97.69,961939000,99.0702,N
20200608135 - 00,20200605,섬진강 에코뮤지엄 진입 및 연계도로 기본 및 실시설계 용역,전라북도 임실군,PQ,1221726000,1223873225,100.1757534,건화+성원,97.64,959890000,98.8095,N
20200608135 - 00,20200605,섬진강 에코뮤지엄 진입 및 연계도로 기본 및 실시설계 용역,전라북도 임실군,PQ,1221726000,1223873225,100.1757534,극동+유현+동해,97.63,981655000,101.0499,N
20200608135 - 00,20200605,섬진강 에코뮤지엄 진입 및 연계도로 기본 및 실시설계 용역,전라북도 임실군,PQ,1221726000,1223873225,100.1757534,KG+더한,97.62,980520000,100.9204,N
20200608135 - 00,20200605,섬진강 에코뮤지엄 진입 및 연계도로 기본 및 실시설계 용역,전라북도 임실군,PQ,1221726000,1223873225,100.1757534,홍익+대성,97.52,960450000,98.7802,N
20200608135 - 00,20200605,섬진강 에코뮤지엄 진입 및 연계도로 기본 및 실시설계 용역,전라북도 임실군,PQ,1221726000,1223873225,100.1757534,제일+인우+장맥,97.5,979726000,100.75,N
20200608135 - 00,20200605,섬진강 에코뮤지엄 진입 및 연계도로 기본 및 실시설계 용역,전라북도 임실군,PQ,1221726000,1223873225,100.1757534,동성+현성+서광,97.44,986544000,101.4002,N
20200608135 - 00,20200605,섬진강 에코뮤지엄 진입 및 연계도로 기본 및 실시설계 용역,전라북도 임실군,PQ,1221726000,1223873225,100.1757534,도화+국성,97.36,961730000,98.7877,N
20200608135 - 00,20200605,섬진강 에코뮤지엄 진입 및 연계도로 기본 및 실시설계 용역,전라북도 임실군,PQ,1221726000,1223873225,100.1757534,동명+조화,97.36,960400000,98.6511,N
20200608135 - 00,20200605,섬진강 에코뮤지엄 진입 및 연계도로 기본 및 실시설계 용역,전라북도 임실군,PQ,1221726000,1223873225,100.1757534,화신+내경+고산,97.25,961240000,98.6507,N
20200608135 - 00,20200605,섬진강 에코뮤지엄 진입 및 연계도로 기본 및 실시설계 용역,전라북도 임실군,PQ,1221726000,1223873225,100.1757534,이산+JCN,97.24,963800000,98.901,N
20200608135 - 00,20200605,섬진강 에코뮤지엄 진입 및 연계도로 기본 및 실시설계 용역,전라북도 임실군,PQ,1221726000,1223873225,100.1757534,용마+가온+평화,96.71,960080000,98.1011,N
20200608135 - 00,20200605,섬진강 에코뮤지엄 진입 및 연계도로 기본 및 실시설계 용역,전라북도 임실군,PQ,1221726000,1223873225,100.1757534,동일+범산,96.16,1012000000,102.9565,N
20200608135 - 00,20200605,섬진강 에코뮤지엄 진입 및 연계도로 기본 및 실시설계 용역,전라북도 임실군,PQ,1221726000,1223873225,100.1757534,신명+바우+동신,93.84,1027000000,102.5827,N
20200608135 - 00,20200605,섬진강 에코뮤지엄 진입 및 연계도로 기본 및 실시설계 용역,전라북도 임실군,PQ,1221726000,1223873225,100.1757534,한맥+태영,93.35,1136000000,113.0426,N
20200609024 - 00,20200608,농어촌마을하수도 설치사업(보령처리구역) 기본 및 실시설계용역,충청남도 보령시 경제도시국 수도과,PQ,2015610000,2005239725,99.48550191,선진+경동,100,1584180000,100.77,Y
20200609024 - 00,20200608,농어촌마을하수도 설치사업(보령처리구역) 기본 및 실시설계용역,충청남도 보령시 경제도시국 수도과,PQ,2015610000,2005239725,99.48550191,도화+천마,98.07,1587330000,99.3902,N
20200609024 - 00,20200608,농어촌마을하수도 설치사업(보령처리구역) 기본 및 실시설계용역,충청남도 보령시 경제도시국 수도과,PQ,2015610000,2005239725,99.48550191,한종+세일,97.93,1618300000,101.2144,N
20200609024 - 00,20200608,농어촌마을하수도 설치사업(보령처리구역) 기본 및 실시설계용역,충청남도 보령시 경제도시국 수도과,PQ,2015610000,2005239725,99.48550191,화신+계림,97.83,1578330000,98.64,N
20200609024 - 00,20200608,농어촌마을하수도 설치사업(보령처리구역) 기본 및 실시설계용역,충청남도 보령시 경제도시국 수도과,PQ,2015610000,2005239725,99.48550191,이산+장맥,97.8,1581580000,98.8182,N
20200609024 - 00,20200608,농어촌마을하수도 설치사업(보령처리구역) 기본 및 실시설계용역,충청남도 보령시 경제도시국 수도과,PQ,2015610000,2005239725,99.48550191,삼안+한맥,97.78,1623160000,101.3906,N
20200609024 - 00,20200608,농어촌마을하수도 설치사업(보령처리구역) 기본 및 실시설계용역,충청남도 보령시 경제도시국 수도과,PQ,2015610000,2005239725,99.48550191,KG+우리,97.78,1586842000,99.122,N
20200609024 - 00,20200608,농어촌마을하수도 설치사업(보령처리구역) 기본 및 실시설계용역,충청남도 보령시 경제도시국 수도과,PQ,2015610000,2005239725,99.48550191,건화+수성,97.74,1593800000,99.5315,N
20200609024 - 00,20200608,농어촌마을하수도 설치사업(보령처리구역) 기본 및 실시설계용역,충청남도 보령시 경제도시국 수도과,PQ,2015610000,2005239725,99.48550191,건양+우빈,97.68,0,0,N
20200609024 - 00,20200608,농어촌마을하수도 설치사업(보령처리구역) 기본 및 실시설계용역,충청남도 보령시 경제도시국 수도과,PQ,2015610000,2005239725,99.48550191,동명+드림,97.67,1628600000,101.6408,N
20200609024 - 00,20200608,농어촌마을하수도 설치사업(보령처리구역) 기본 및 실시설계용역,충청남도 보령시 경제도시국 수도과,PQ,2015610000,2005239725,99.48550191,HEC+바셈,97.19,1638910000,101.8997,N
20200609024 - 00,20200608,농어촌마을하수도 설치사업(보령처리구역) 기본 및 실시설계용역,충청남도 보령시 경제도시국 수도과,PQ,2015610000,2005239725,99.48550191,제일+기산,96.84,1650100000,102.3006,N
20200608835 - 00,20200605,단양 평동지구 풍수해생활권 종합정비사업 기본 및 실시설계용역,충청북도 단양군,PQ,1720000000,1712526600,99.5655,도화+영진,99.6,1357700000,100.8703,Y
20200608835 - 00,20200605,단양 평동지구 풍수해생활권 종합정비사업 기본 및 실시설계용역,충청북도 단양군,PQ,1720000000,1712526600,99.5655,한종+홍익+보람+삼경,98.16,1349400000,99.0887,N
20200608835 - 00,20200605,단양 평동지구 풍수해생활권 종합정비사업 기본 및 실시설계용역,충청북도 단양군,PQ,1720000000,1712526600,99.5655,건화+KCI+건양+창민,98.15,1351770000,99.2502,N
20200608835 - 00,20200605,단양 평동지구 풍수해생활권 종합정비사업 기본 및 실시설계용역,충청북도 단양군,PQ,1720000000,1712526600,99.5655,유신+도우+경호,98.14,1379848000,101.299,N
20200608835 - 00,20200605,단양 평동지구 풍수해생활권 종합정비사업 기본 및 실시설계용역,충청북도 단양군,PQ,1720000000,1712526600,99.5655,동부+지명,98.14,1349920000,99.1019,N
20200608835 - 00,20200605,단양 평동지구 풍수해생활권 종합정비사업 기본 및 실시설계용역,충청북도 단양군,PQ,1720000000,1712526600,99.5655,KG+대원+한맥,98.13,1369920000,100.5701,N
20200608835 - 00,20200605,단양 평동지구 풍수해생활권 종합정비사업 기본 및 실시설계용역,충청북도 단양군,PQ,1720000000,1712526600,99.5655,삼안+청우건축+동서,98.1,1346950000,98.8589,N
20200608835 - 00,20200605,단양 평동지구 풍수해생활권 종합정비사업 기본 및 실시설계용역,충청북도 단양군,PQ,1720000000,1712526600,99.5655,화신+극동+선+유일,98.08,1344000000,98.6299,N
20200608835 - 00,20200605,단양 평동지구 풍수해생활권 종합정비사업 기본 및 실시설계용역,충청북도 단양군,PQ,1720000000,1712526600,99.5655,이산+동림+주하,97.6,1344000000,98.2455,N
20200608835 - 00,20200605,단양 평동지구 풍수해생활권 종합정비사업 기본 및 실시설계용역,충청북도 단양군,PQ,1720000000,1712526600,99.5655,평화+동성+좋은+자연환경,97.51,0,0,N
20200608835 - 00,20200605,단양 평동지구 풍수해생활권 종합정비사업 기본 및 실시설계용역,충청북도 단양군,PQ,1720000000,1712526600,99.5655,동명+도명+동국+일신,95.57,1634000000,117.5234,N
20200608756 - 01,20200605,어린이정원 조성사업 실시설계 용역,경상북도 상주시,PQ,1351551000,1367553400,101.1840027,도화+해동+대성,99.29,1068220000,100.7413,N
20200608756 - 01,20200605,어린이정원 조성사업 실시설계 용역,경상북도 상주시,PQ,1351551000,1367553400,101.1840027,경호+삼안+한백,99.22,1059569000,99.8745,N
20200608756 - 01,20200605,어린이정원 조성사업 실시설계 용역,경상북도 상주시,PQ,1351551000,1367553400,101.1840027,KG+보람,99.1,1059220000,99.74,N
20200608756 - 01,20200605,어린이정원 조성사업 실시설계 용역,경상북도 상주시,PQ,1351551000,1367553400,101.1840027,건화+명성(태산+동아건축),98.79,1078800000,101.3258,Y
20200608756 - 01,20200605,어린이정원 조성사업 실시설계 용역,경상북도 상주시,PQ,1351551000,1367553400,101.1840027,유신+세원+경동,98.64,1058392000,99.283,N
20200608756 - 01,20200605,어린이정원 조성사업 실시설계 용역,경상북도 상주시,PQ,1351551000,1367553400,101.1840027,한종+해인,98.33,1086000000,101.6279,N
20200608756 - 01,20200605,어린이정원 조성사업 실시설계 용역,경상북도 상주시,PQ,1351551000,1367553400,101.1840027,선진+대흥,96.23,1291880000,118.8646,N
20200608553 - 01,20200605,함평 공공하수처리 구역 하수관로 정비 사업(2차) 기본 및 실시설계용역 ,전라남도 함평군,PQ,1230168000,1219816200,99.15850518,삼안+동아,99.9,970893000,101.0999,N
20200608553 - 01,20200605,함평 공공하수처리 구역 하수관로 정비 사업(2차) 기본 및 실시설계용역 ,전라남도 함평군,PQ,1230168000,1219816200,99.15850518,도화+우리,98.3,965300000,99.221,Y
20200608553 - 01,20200605,함평 공공하수처리 구역 하수관로 정비 사업(2차) 기본 및 실시설계용역 ,전라남도 함평군,PQ,1230168000,1219816200,99.15850518,선진+건영+청우,98.18,986810000,101.3295,N
20200608553 - 01,20200605,함평 공공하수처리 구역 하수관로 정비 사업(2차) 기본 및 실시설계용역 ,전라남도 함평군,PQ,1230168000,1219816200,99.15850518,KG+우빈+보람,97.9,985057000,100.92,N
20200608553 - 01,20200605,함평 공공하수처리 구역 하수관로 정비 사업(2차) 기본 및 실시설계용역 ,전라남도 함평군,PQ,1230168000,1219816200,99.15850518,건화+신오(서진+경동건설),97.8,963000000,98.5857,N
20200608553 - 01,20200605,함평 공공하수처리 구역 하수관로 정비 사업(2차) 기본 및 실시설계용역 ,전라남도 함평군,PQ,1230168000,1219816200,99.15850518,이산+하이콘,97.8,989890000,101.3385,N
20200608553 - 01,20200605,함평 공공하수처리 구역 하수관로 정비 사업(2차) 기본 및 실시설계용역 ,전라남도 함평군,PQ,1230168000,1219816200,99.15850518,유신+평화,97.65,963667000,98.5299,N
20200608553 - 01,20200605,함평 공공하수처리 구역 하수관로 정비 사업(2차) 기본 및 실시설계용역 ,전라남도 함평군,PQ,1230168000,1219816200,99.15850518,범한+신명,97.52,985400000,100.6507,N
20200608553 - 01,20200605,함평 공공하수처리 구역 하수관로 정비 사업(2차) 기본 및 실시설계용역 ,전라남도 함평군,PQ,1230168000,1219816200,99.15850518,제일+원우,97.46,997450000,101.8304,N
20200608553 - 01,20200605,함평 공공하수처리 구역 하수관로 정비 사업(2차) 기본 및 실시설계용역 ,전라남도 함평군,PQ,1230168000,1219816200,99.15850518,한종+우영,97.4,991880000,101.2109,N
20200608553 - 01,20200605,함평 공공하수처리 구역 하수관로 정비 사업(2차) 기본 및 실시설계용역 ,전라남도 함평군,PQ,1230168000,1219816200,99.15850518,동명+한기,96.5,1168000000,118.3354,N
20200608695 - 00,20200608,군산 국가산업단지 경쟁력 강화사업 사업계획 수립(재생계획 및 재생시행계획) 용역,전라북도 군산시,PQ,1746782000,1726567425,98.84275342,건화+세화,99.28,1373090000,100.1808,N
20200608695 - 00,20200608,군산 국가산업단지 경쟁력 강화사업 사업계획 수립(재생계획 및 재생시행계획) 용역,전라북도 군산시,PQ,1746782000,1726567425,98.84275342,삼안+JCN,99.23,1366200000,99.64,N
20200608695 - 00,20200608,군산 국가산업단지 경쟁력 강화사업 사업계획 수립(재생계획 및 재생시행계획) 용역,전라북도 군산시,PQ,1746782000,1726567425,98.84275342,한종+인우,99.21,1374650000,100.2435,N
20200608695 - 00,20200608,군산 국가산업단지 경쟁력 강화사업 사업계획 수립(재생계획 및 재생시행계획) 용역,전라북도 군산시,PQ,1746782000,1726567425,98.84275342,수성+한가람,99.21,1371865000,100.0404,N
20200608695 - 00,20200608,군산 국가산업단지 경쟁력 강화사업 사업계획 수립(재생계획 및 재생시행계획) 용역,전라북도 군산시,PQ,1746782000,1726567425,98.84275342,유신+고산,99.19,1364217000,99.47,N
20200608695 - 00,20200608,군산 국가산업단지 경쟁력 강화사업 사업계획 수립(재생계획 및 재생시행계획) 용역,전라북도 군산시,PQ,1746782000,1726567425,98.84275342,경동+유현+동해,99.16,1358700000,99.0425,Y
20200608695 - 00,20200608,군산 국가산업단지 경쟁력 강화사업 사업계획 수립(재생계획 및 재생시행계획) 용역,전라북도 군산시,PQ,1746782000,1726567425,98.84275342,동명+성원,99.08,1390200000,101.2742,N
20200608695 - 00,20200608,군산 국가산업단지 경쟁력 강화사업 사업계획 수립(재생계획 및 재생시행계획) 용역,전라북도 군산시,PQ,1746782000,1726567425,98.84275342,KG+조화,99.06,1389260000,101.18,N
20200608695 - 00,20200608,군산 국가산업단지 경쟁력 강화사업 사업계획 수립(재생계획 및 재생시행계획) 용역,전라북도 군산시,PQ,1746782000,1726567425,98.84275342,도화+국성,98.7,1397300000,101.4686,N
20200608695 - 00,20200608,군산 국가산업단지 경쟁력 강화사업 사업계획 수립(재생계획 및 재생시행계획) 용역,전라북도 군산시,PQ,1746782000,1726567425,98.84275342,서영+태원,98.09,1401880000,101.3001,N
20200608695 - 00,20200608,군산 국가산업단지 경쟁력 강화사업 사업계획 수립(재생계획 및 재생시행계획) 용역,전라북도 군산시,PQ,1746782000,1726567425,98.84275342,경호+더한건설,97.96,1417150000,102.3002,N
20200609979 - 00,20200608,제주시 도시바람길숲 조성사업 실시설계용역,제주특별자치도 제주시,PQ,416704000,418196925,100.3582699,한종+JPM,97.74,362387000,100.0231,N
20200609979 - 00,20200608,제주시 도시바람길숲 조성사업 실시설계용역,제주특별자치도 제주시,PQ,416704000,418196925,100.3582699,유신+해진,97.28,364358000,100.5209,Y
20200609979 - 00,20200608,제주시 도시바람길숲 조성사업 실시설계용역,제주특별자치도 제주시,PQ,416704000,418196925,100.3582699,건화+태신,96.71,360480000,99.4053,N
20200609979 - 00,20200608,제주시 도시바람길숲 조성사업 실시설계용역,제주특별자치도 제주시,PQ,416704000,418196925,100.3582699,도화+제원,96.35,366100000,100.9087,N
20200609979 - 00,20200608,제주시 도시바람길숲 조성사업 실시설계용역,제주특별자치도 제주시,PQ,416704000,418196925,100.3582699,경호+한라,95.25,368000000,101.3276,N
20200609979 - 00,20200608,제주시 도시바람길숲 조성사업 실시설계용역,제주특별자치도 제주시,PQ,416704000,418196925,100.3582699,선진+청풍,93.48,360090000,98.9793,N
20200609979 - 00,20200608,제주시 도시바람길숲 조성사업 실시설계용역,제주특별자치도 제주시,PQ,416704000,418196925,100.3582699,화신+한일,91.15,371160000,101.7889,N
20200611437 - 00,20200608,"봉덕2, 3동 일원 오수관로 설치공사 실시설계 용역",대구광역시 남구,PQ,502380000,497881225,99.10450754,이산+세연+KCI,99.98,436600000,100.1744,N
20200611437 - 00,20200608,"봉덕2, 3동 일원 오수관로 설치공사 실시설계 용역",대구광역시 남구,PQ,502380000,497881225,99.10450754,KG+한백,99.92,431830000,99.08,N
20200611437 - 00,20200608,"봉덕2, 3동 일원 오수관로 설치공사 실시설계 용역",대구광역시 남구,PQ,502380000,497881225,99.10450754,한종+동성,99.89,438800000,100.6792,N
20200611437 - 00,20200608,"봉덕2, 3동 일원 오수관로 설치공사 실시설계 용역",대구광역시 남구,PQ,502380000,497881225,99.10450754,동명+한주,99.68,435500000,99.899,N
20200611437 - 00,20200608,"봉덕2, 3동 일원 오수관로 설치공사 실시설계 용역",대구광역시 남구,PQ,502380000,497881225,99.10450754,범한+삼보,99.36,434090000,99.5412,N
20200611437 - 00,20200608,"봉덕2, 3동 일원 오수관로 설치공사 실시설계 용역",대구광역시 남구,PQ,502380000,497881225,99.10450754,건화+청우(아람),98.98,433980000,99.4816,N
20200611437 - 00,20200608,"봉덕2, 3동 일원 오수관로 설치공사 실시설계 용역",대구광역시 남구,PQ,502380000,497881225,99.10450754,제일+다산,98.9,442618000,101.45,N
20200611437 - 00,20200608,"봉덕2, 3동 일원 오수관로 설치공사 실시설계 용역",대구광역시 남구,PQ,502380000,497881225,99.10450754,도화+한도,98.84,433400000,99.3372,Y
20200611437 - 00,20200608,"봉덕2, 3동 일원 오수관로 설치공사 실시설계 용역",대구광역시 남구,PQ,502380000,497881225,99.10450754,선진+보람,98.58,441810000,101.2298,N
20200611437 - 00,20200608,"봉덕2, 3동 일원 오수관로 설치공사 실시설계 용역",대구광역시 남구,PQ,502380000,497881225,99.10450754,삼안+대성,98.17,432190000,98.9914,N
20200611437 - 00,20200608,"봉덕2, 3동 일원 오수관로 설치공사 실시설계 용역",대구광역시 남구,PQ,502380000,497881225,99.10450754,화신+주하,93.93,448660000,102.3399,N
20200611437 - 00,20200608,"봉덕2, 3동 일원 오수관로 설치공사 실시설계 용역",대구광역시 남구,PQ,502380000,497881225,99.10450754,경호+해동,93.5,432840000,98.6861,N
20200611326 - 00,20200608,수곡교 재해복구사업 외 2건 통합건설사업관리 용역,경상북도 울진군,PQ,2283000000,2265826175,99.24775186,도화+이산+반석,98.62,1841000000,102.2241,Y
20200611326 - 00,20200608,수곡교 재해복구사업 외 2건 통합건설사업관리 용역,경상북도 울진군,PQ,2283000000,2265826175,99.24775186,천일+건일,95.53,1821723000,98.677,N
20200611326 - 00,20200608,수곡교 재해복구사업 외 2건 통합건설사업관리 용역,경상북도 울진군,PQ,2283000000,2265826175,99.24775186,건화+보원,94.69,1902800000,102.3975,N
20200611326 - 00,20200608,수곡교 재해복구사업 외 2건 통합건설사업관리 용역,경상북도 울진군,PQ,2283000000,2265826175,99.24775186,수성+청명,93.94,1904716000,101.8997,N
20200611326 - 00,20200608,수곡교 재해복구사업 외 2건 통합건설사업관리 용역,경상북도 울진군,PQ,2283000000,2265826175,99.24775186,동성+동일,93.58,1915700000,102.2003,N
20200611326 - 00,20200608,수곡교 재해복구사업 외 2건 통합건설사업관리 용역,경상북도 울진군,PQ,2283000000,2265826175,99.24775186,대콘+HD,92.68,1906300000,100.9854,N
20200611326 - 00,20200608,수곡교 재해복구사업 외 2건 통합건설사업관리 용역,경상북도 울진군,PQ,2283000000,2265826175,99.24775186,동명+KCI,92.2,2100000000,110.8311,N
20200611326 - 00,20200608,수곡교 재해복구사업 외 2건 통합건설사업관리 용역,경상북도 울진군,PQ,2283000000,2265826175,99.24775186,동해+주하,92.17,1948000000,102.7842,N
20200611326 - 00,20200608,수곡교 재해복구사업 외 2건 통합건설사업관리 용역,경상북도 울진군,PQ,2283000000,2265826175,99.24775186,삼안+한도,92.11,1938200000,102.2302,N
20200611326 - 00,20200608,수곡교 재해복구사업 외 2건 통합건설사업관리 용역,경상북도 울진군,PQ,2283000000,2265826175,99.24775186,동부+한백,92.08,1939960000,102.2984,N
20200611529 - 00,20200608,양구군 소각시설 신설사업 기본 및 실시설계,한국환경공단,PQ,939301000,944091500,100.5100069,도화+화신+경호,97.99,816250000,101.1109,Y
20200611529 - 00,20200608,양구군 소각시설 신설사업 기본 및 실시설계,한국환경공단,PQ,939301000,944091500,100.5100069,건화+경원+동부,97.89,806569000,99.8884,N
20200611529 - 00,20200608,양구군 소각시설 신설사업 기본 및 실시설계,한국환경공단,PQ,939301000,944091500,100.5100069,한종+진화+동일,96.81,803250000,99.2004,N
20200611529 - 00,20200608,양구군 소각시설 신설사업 기본 및 실시설계,한국환경공단,PQ,939301000,944091500,100.5100069,벽산+정+삼안,93.34,834000000,102.0979,N
20200613586 - 00,20200609,지천소하천 정비사업 등 2건 통합건설사업관리용역,전라남도 구례군,PQ,950000000,956859000,100.722,우영+건화,100,810310000,99.767,N
20200613586 - 00,20200609,지천소하천 정비사업 등 2건 통합건설사업관리용역,전라남도 구례군,PQ,950000000,956859000,100.722,동성+우리,99.53,813655000,100.0501,N
20200613586 - 00,20200609,지천소하천 정비사업 등 2건 통합건설사업관리용역,전라남도 구례군,PQ,950000000,956859000,100.722,한기+경원,99.5,819700000,100.7934,Y
20200613586 - 00,20200609,지천소하천 정비사업 등 2건 통합건설사업관리용역,전라남도 구례군,PQ,950000000,956859000,100.722,우빈+천일,99.5,817395000,100.51,N
20200613586 - 00,20200609,지천소하천 정비사업 등 2건 통합건설사업관리용역,전라남도 구례군,PQ,950000000,956859000,100.722,경동+에스이+건영,99.47,818787000,100.6694,N
20200613586 - 00,20200609,지천소하천 정비사업 등 2건 통합건설사업관리용역,전라남도 구례군,PQ,950000000,956859000,100.722,서영+진성,99.47,819850000,100.8001,N
20200613586 - 00,20200609,지천소하천 정비사업 등 2건 통합건설사업관리용역,전라남도 구례군,PQ,950000000,956859000,100.722,신명+한올,99.47,808991000,99.465,N
20200613586 - 00,20200609,지천소하천 정비사업 등 2건 통합건설사업관리용역,전라남도 구례군,PQ,950000000,956859000,100.722,도화+신오,99.47,808720000,99.4317,N
20200613586 - 00,20200609,지천소하천 정비사업 등 2건 통합건설사업관리용역,전라남도 구례군,PQ,950000000,956859000,100.722,이산+영진,99.46,825520000,101.4972,N
20200613586 - 00,20200609,지천소하천 정비사업 등 2건 통합건설사업관리용역,전라남도 구례군,PQ,950000000,956859000,100.722,평화+용마,99.46,808750000,99.4354,N
20200612752 - 00,20200609,완주군 우분연료화시설 설치사업 기본 및 실시설계용역,고산농업협동조합,PQ,1169000000,1172647325,100.3120038,삼안+드림,98.43,943536000,102.162,Y
20200612752 - 00,20200609,완주군 우분연료화시설 설치사업 기본 및 실시설계용역,고산농업협동조합,PQ,1169000000,1172647325,100.3120038,건화(테크피아),98.17,923638000,99.7928,N
20200612752 - 00,20200609,완주군 우분연료화시설 설치사업 기본 및 실시설계용역,고산농업협동조합,PQ,1169000000,1172647325,100.3120038,도화+태경,95.51,1110000000,117.407,N
20200611972 - 00,20200608,울릉군 오아시스천부 어촌뉴딜300사업 건설사업관리용역,경상북도 울릉군,PQ,1184700000,1180757975,99.66725542,아라+도화,100,928700000,100.5079,N
20200611972 - 00,20200608,울릉군 오아시스천부 어촌뉴딜300사업 건설사업관리용역,경상북도 울릉군,PQ,1184700000,1180757975,99.66725542,건화+세원(도담),99.8,924620000,99.8999,Y
20200611972 - 00,20200608,울릉군 오아시스천부 어촌뉴딜300사업 건설사업관리용역,경상북도 울릉군,PQ,1184700000,1180757975,99.66725542,한종+보원,99.65,935100000,100.903,N
20200611972 - 00,20200608,울릉군 오아시스천부 어촌뉴딜300사업 건설사업관리용역,경상북도 울릉군,PQ,1184700000,1180757975,99.66725542,세일+건일,99.63,934172000,100.79,N
20200611972 - 00,20200608,울릉군 오아시스천부 어촌뉴딜300사업 건설사업관리용역,경상북도 울릉군,PQ,1184700000,1180757975,99.66725542,유신+다산,99.4,941865000,101.4255,N
20200611972 - 00,20200608,울릉군 오아시스천부 어촌뉴딜300사업 건설사업관리용역,경상북도 울릉군,PQ,1184700000,1180757975,99.66725542,동성+혜인,99.39,920388000,99.1001,N
20200611972 - 00,20200608,울릉군 오아시스천부 어촌뉴딜300사업 건설사업관리용역,경상북도 울릉군,PQ,1184700000,1180757975,99.66725542,수성+청명,99.22,1143450000,122.9608,N
20200613686 - 00,20200609,서성로(가시~성읍) 개설공사 건설사업관리 용역,제주특별자치도,PQ,1382612000,1384174425,100.1130053,수성+청풍,99.99,1082290000,100.3508,Y
20200613686 - 00,20200609,서성로(가시~성읍) 개설공사 건설사업관리 용역,제주특별자치도,PQ,1382612000,1384174425,100.1130053,천일+해진,99.99,1077428000,99.9,N
20200613686 - 00,20200609,서성로(가시~성읍) 개설공사 건설사업관리 용역,제주특별자치도,PQ,1382612000,1384174425,100.1130053,다산+부림,99.93,1085211000,100.5701,N
20200613686 - 00,20200609,서성로(가시~성읍) 개설공사 건설사업관리 용역,제주특별자치도,PQ,1382612000,1384174425,100.1130053,서영+리헌,99.84,1073950000,99.45,N
20200613686 - 00,20200609,서성로(가시~성읍) 개설공사 건설사업관리 용역,제주특별자치도,PQ,1382612000,1384174425,100.1130053,홍익+원,99.81,1088800000,100.7994,N
20200613686 - 00,20200609,서성로(가시~성읍) 개설공사 건설사업관리 용역,제주특별자치도,PQ,1382612000,1384174425,100.1130053,동명+한라,99.76,1074740000,99.4595,N
20200613686 - 00,20200609,서성로(가시~성읍) 개설공사 건설사업관리 용역,제주특별자치도,PQ,1382612000,1384174425,100.1130053,신명+도암,99.75,1089553000,100.8303,N
20200613686 - 00,20200609,서성로(가시~성읍) 개설공사 건설사업관리 용역,제주특별자치도,PQ,1382612000,1384174425,100.1130053,이산+디케이,99.65,1072520000,99.1652,N
20200613686 - 00,20200609,서성로(가시~성읍) 개설공사 건설사업관리 용역,제주특별자치도,PQ,1382612000,1384174425,100.1130053,극동+해오름,99.58,1092164000,100.9299,N
20200613686 - 00,20200609,서성로(가시~성읍) 개설공사 건설사업관리 용역,제주특별자치도,PQ,1382612000,1384174425,100.1130053,유신+제원,99.56,1092769000,100.96,N
20200613686 - 00,20200609,서성로(가시~성읍) 개설공사 건설사업관리 용역,제주특별자치도,PQ,1382612000,1384174425,100.1130053,동성+토펙,99.54,1094966000,101.1501,N
20200613686 - 00,20200609,서성로(가시~성읍) 개설공사 건설사업관리 용역,제주특별자치도,PQ,1382612000,1384174425,100.1130053,건화+한일,99.51,1101000000,101.6815,N
20200613686 - 00,20200609,서성로(가시~성읍) 개설공사 건설사업관리 용역,제주특별자치도,PQ,1382612000,1384174425,100.1130053,한종+JPM,99.47,1073300000,99.098,N
20200613686 - 00,20200609,서성로(가시~성읍) 개설공사 건설사업관리 용역,제주특별자치도,PQ,1382612000,1384174425,100.1130053,도화+태신,99.38,1071100000,98.8192,N
20200613686 - 00,20200609,서성로(가시~성읍) 개설공사 건설사업관리 용역,제주특별자치도,PQ,1382612000,1384174425,100.1130053,하이콘+JK,99.36,1068860000,98.6,N
20200613686 - 00,20200609,서성로(가시~성읍) 개설공사 건설사업관리 용역,제주특별자치도,PQ,1382612000,1384174425,100.1130053,경동+성광,98.92,1345000000,123.616,N
20200611199 - 00,20200608,"지방하천(대학천, 제민천) 정비사업 통합건설사업관리용역",충청남도 공주시,PQ,2944865000,2933512575,99.614501,건화+송현,100,2299000000,100.0937,N
20200611199 - 00,20200608,"지방하천(대학천, 제민천) 정비사업 통합건설사업관리용역",충청남도 공주시,PQ,2944865000,2933512575,99.614501,도화+드림,100,2282700000,99.384,N
20200611199 - 00,20200608,"지방하천(대학천, 제민천) 정비사업 통합건설사업관리용역",충청남도 공주시,PQ,2944865000,2933512575,99.614501,한종+세일,100,2308240000,100.496,N
20200611199 - 00,20200608,"지방하천(대학천, 제민천) 정비사업 통합건설사업관리용역",충청남도 공주시,PQ,2944865000,2933512575,99.614501,삼안+우리기술,100,2309230000,100.5391,N
20200611199 - 00,20200608,"지방하천(대학천, 제민천) 정비사업 통합건설사업관리용역",충청남도 공주시,PQ,2944865000,2933512575,99.614501,평화+예당,100,2298450000,100.0698,N
20200611199 - 00,20200608,"지방하천(대학천, 제민천) 정비사업 통합건설사업관리용역",충청남도 공주시,PQ,2944865000,2933512575,99.614501,천일+더원+우주,100,2296690000,99.9931,N
20200611199 - 00,20200608,"지방하천(대학천, 제민천) 정비사업 통합건설사업관리용역",충청남도 공주시,PQ,2944865000,2933512575,99.614501,이산+우빈,100,2272989000,98.9613,N
20200611199 - 00,20200608,"지방하천(대학천, 제민천) 정비사업 통합건설사업관리용역",충청남도 공주시,PQ,2944865000,2933512575,99.614501,동부+장맥,100,2295480000,99.9405,N
20200611199 - 00,20200608,"지방하천(대학천, 제민천) 정비사업 통합건설사업관리용역",충청남도 공주시,PQ,2944865000,2933512575,99.614501,서영+계림,100,2297996000,100.05,N
20200611199 - 00,20200608,"지방하천(대학천, 제민천) 정비사업 통합건설사업관리용역",충청남도 공주시,PQ,2944865000,2933512575,99.614501,수성+천마,100,2288803000,99.6498,Y
20200611199 - 00,20200608,"지방하천(대학천, 제민천) 정비사업 통합건설사업관리용역",충청남도 공주시,PQ,2944865000,2933512575,99.614501,신명+경동,100,2303000000,100.2679,N
20200611199 - 00,20200608,"지방하천(대학천, 제민천) 정비사업 통합건설사업관리용역",충청남도 공주시,PQ,2944865000,2933512575,99.614501,극동+송현E,100,2311087000,100.62,N
20200611199 - 00,20200608,"지방하천(대학천, 제민천) 정비사업 통합건설사업관리용역",충청남도 공주시,PQ,2944865000,2933512575,99.614501,KCM+유원,98.96,2860000000,123.458,N
20200614070 - 00,20200610,부평정수장 외 3개정수장 기술진단용역,인천광역시 상수도사업본부,PQ,1781120000,1786712775,100.3140033,도화+장원+건화,97.97,1423500000,100.7902,Y
20200614070 - 00,20200610,부평정수장 외 3개정수장 기술진단용역,인천광역시 상수도사업본부,PQ,1781120000,1786712775,100.3140033,동명+도담+HEC,96.92,1414500000,99.3014,N
20200614070 - 00,20200610,부평정수장 외 3개정수장 기술진단용역,인천광역시 상수도사업본부,PQ,1781120000,1786712775,100.3140033,삼안+극동,96.84,1415359000,99.2997,N
20200615022 - 00,20200610,김제역지구 풍수해생활권 종합정비사업 실시설계 용역,전라북도 김제시,PQ,1986347000,1956497225,98.49725275,이산+조화+성원,98.45,1583200000,100.8977,N
20200615022 - 00,20200610,김제역지구 풍수해생활권 종합정비사업 실시설계 용역,전라북도 김제시,PQ,1986347000,1956497225,98.49725275,유신+더한+경호,98.2,1567985000,99.726,N
20200615022 - 00,20200610,김제역지구 풍수해생활권 종합정비사업 실시설계 용역,전라북도 김제시,PQ,1986347000,1956497225,98.49725275,삼안+JCN+한맥,98,1575200000,100.0332,N
20200615022 - 00,20200610,김제역지구 풍수해생활권 종합정비사업 실시설계 용역,전라북도 김제시,PQ,1986347000,1956497225,98.49725275,도화+한가람,97.85,1586000000,100.5922,N
20200615022 - 00,20200610,김제역지구 풍수해생활권 종합정비사업 실시설계 용역,전라북도 김제시,PQ,1986347000,1956497225,98.49725275,한종+국성+평화,97.8,1564640000,99.2,N
20200615022 - 00,20200610,김제역지구 풍수해생활권 종합정비사업 실시설계 용역,전라북도 김제시,PQ,1986347000,1956497225,98.49725275,KG+세화+삼경,97.62,1564320000,99.03,N
20200615022 - 00,20200610,김제역지구 풍수해생활권 종합정비사업 실시설계 용역,전라북도 김제시,PQ,1986347000,1956497225,98.49725275,동부+인우+화신,97.6,1562143000,98.8798,Y
20200615022 - 00,20200610,김제역지구 풍수해생활권 종합정비사업 실시설계 용역,전라북도 김제시,PQ,1986347000,1956497225,98.49725275,KCI+유현+건화(아라기술),97.45,1880000000,118.8499,N
20200600917 - 01,20200610,노후 상수관로 정밀조사 용역,전라남도 여수시 상하수도사업단,PQ,1070892000,1065567050,99.50275565,삼안+동아+한일,98.16,926387000,100.6997,N
20200600917 - 01,20200610,노후 상수관로 정밀조사 용역,전라남도 여수시 상하수도사업단,PQ,1070892000,1065567050,99.50275565,HEC+우빈,97.9,920130000,99.9498,N
20200600917 - 01,20200610,노후 상수관로 정밀조사 용역,전라남도 여수시 상하수도사업단,PQ,1070892000,1065567050,99.50275565,건화+원우,97.6,917900000,99.638,Y
20200600917 - 01,20200610,노후 상수관로 정밀조사 용역,전라남도 여수시 상하수도사업단,PQ,1070892000,1065567050,99.50275565,유신+평화+경호,97.6,934132000,101.4,N
20200600917 - 01,20200610,노후 상수관로 정밀조사 용역,전라남도 여수시 상하수도사업단,PQ,1070892000,1065567050,99.50275565,도화+한기,94.9,916000000,98.7431,N
20200615749 - 01,20200610,동창천 재해위험지역정비사업 환경영향평가 용역,경상북도 청도군,PQ,1323770000,1345301175,101.6265042,동성+보원+퍼스트,98.28,1051350000,100.3993,N
20200615749 - 01,20200610,동창천 재해위험지역정비사업 환경영향평가 용역,경상북도 청도군,PQ,1323770000,1345301175,101.6265042,도화+DS+청명,96.75,1056420000,99.6614,N
20200615749 - 01,20200610,동창천 재해위험지역정비사업 환경영향평가 용역,경상북도 청도군,PQ,1323770000,1345301175,101.6265042,신성+홍익+동진+보람,96.66,1051980000,99.1683,N
20200615749 - 01,20200610,동창천 재해위험지역정비사업 환경영향평가 용역,경상북도 청도군,PQ,1323770000,1345301175,101.6265042,건화+한종+한도+하눌+동아,96.64,1050800000,99.0323,N
20200615749 - 01,20200610,동창천 재해위험지역정비사업 환경영향평가 용역,경상북도 청도군,PQ,1323770000,1345301175,101.6265042,화신+서영+KCI+덕영,96.39,1077868000,101.381,N
20200615749 - 01,20200610,동창천 재해위험지역정비사업 환경영향평가 용역,경상북도 청도군,PQ,1323770000,1345301175,101.6265042,평화+건일+동부+이에프,96.38,1084000000,101.9577,Y
20200615749 - 01,20200610,동창천 재해위험지역정비사업 환경영향평가 용역,경상북도 청도군,PQ,1323770000,1345301175,101.6265042,삼안+다산+선진환경,95.6,1092960000,102.1644,N
20200615749 - 01,20200610,동창천 재해위험지역정비사업 환경영향평가 용역,경상북도 청도군,PQ,1323770000,1345301175,101.6265042,이산+해동+현대,94.59,1110800000,103.0036,N
20200615749 - 01,20200610,동창천 재해위험지역정비사업 환경영향평가 용역,경상북도 청도군,PQ,1323770000,1345301175,101.6265042,동명+유신+중방+아라,93.73,1191400000,109.7367,N
B5202001974,20200611,영주지역 통합 지하수 기초조사,한국수자원공사,PQ,1221970000,1216422239,99.54599859,(주)한서엔지니어링,100,891300000,99.9241,Y
B5202001974,20200611,영주지역 통합 지하수 기초조사,한국수자원공사,PQ,1221970000,1216422239,99.54599859,중앙컨설턴트(주),100,892375000,100.0446,N
B5202001974,20200611,영주지역 통합 지하수 기초조사,한국수자원공사,PQ,1221970000,1216422239,99.54599859,주식회사 유신,100,894599000,100.294,N
B5202001974,20200611,영주지역 통합 지하수 기초조사,한국수자원공사,PQ,1221970000,1216422239,99.54599859,도화+송암,100,895366000,100.3799,N
B5202001974,20200611,영주지역 통합 지하수 기초조사,한국수자원공사,PQ,1221970000,1216422239,99.54599859,주식회사 성지엔지니어링,100,896240900,100.478,N
B5202001974,20200611,영주지역 통합 지하수 기초조사,한국수자원공사,PQ,1221970000,1216422239,99.54599859,인텔리지오+건화+건일,100,900100000,100.9107,N
B5202001974,20200611,영주지역 통합 지하수 기초조사,한국수자원공사,PQ,1221970000,1216422239,99.54599859,주식회사 지오그린21,100,903225000,101.261,N
B5202001970,20200611,하동지역 통합 지하수 기초조사,한국수자원공사,PQ,1280220000,1281278233,100.0826602,(주)한서엔지니어링,100,929700000,99.4867,N
B5202001970,20200611,하동지역 통합 지하수 기초조사,한국수자원공사,PQ,1280220000,1281278233,100.0826602,주식회사 유신,100,932786000,99.817,N
B5202001970,20200611,하동지역 통합 지하수 기초조사,한국수자원공사,PQ,1280220000,1281278233,100.0826602,중앙컨설턴트(주),100,933042000,99.8443,N
B5202001970,20200611,하동지역 통합 지하수 기초조사,한국수자원공사,PQ,1280220000,1281278233,100.0826602,도화+송암,100,938000000,100.3749,Y
B5202001970,20200611,하동지역 통합 지하수 기초조사,한국수자원공사,PQ,1280220000,1281278233,100.0826602,주식회사 성지엔지니어링,100,939066200,100.489,N
B5202001970,20200611,하동지역 통합 지하수 기초조사,한국수자원공사,PQ,1280220000,1281278233,100.0826602,인텔리지오+건화+건일,100,943000000,100.9099,N
B5202001970,20200611,하동지역 통합 지하수 기초조사,한국수자원공사,PQ,1280220000,1281278233,100.0826602,주식회사 지오그린21,100,946277000,101.2606,N
20200616902 - 00,20200611,봉성 제3배수펌프장 증설 공사 감독권한대행 등 건설사업관리 용역,경기도 김포시,PQ,3094819000,3066973425,99.1002519,건화+극동,100,2426400000,100.5218,N
20200616902 - 00,20200611,봉성 제3배수펌프장 증설 공사 감독권한대행 등 건설사업관리 용역,경기도 김포시,PQ,3094819000,3066973425,99.1002519,도화+서영,99.61,2412900000,99.6432,N
20200616902 - 00,20200611,봉성 제3배수펌프장 증설 공사 감독권한대행 등 건설사업관리 용역,경기도 김포시,PQ,3094819000,3066973425,99.1002519,한종+KG+오이디,99.58,2414600000,99.6879,N
20200616902 - 00,20200611,봉성 제3배수펌프장 증설 공사 감독권한대행 등 건설사업관리 용역,경기도 김포시,PQ,3094819000,3066973425,99.1002519,동성+경호,99.55,2425220000,100.1007,N
20200616902 - 00,20200611,봉성 제3배수펌프장 증설 공사 감독권한대행 등 건설사업관리 용역,경기도 김포시,PQ,3094819000,3066973425,99.1002519,동부+세명,99.4,2411079000,99.3901,Y
20200616902 - 00,20200611,봉성 제3배수펌프장 증설 공사 감독권한대행 등 건설사업관리 용역,경기도 김포시,PQ,3094819000,3066973425,99.1002519,동명+이산,99.25,2404000000,98.9847,N
20200616902 - 00,20200611,봉성 제3배수펌프장 증설 공사 감독권한대행 등 건설사업관리 용역,경기도 김포시,PQ,3094819000,3066973425,99.1002519,경동+다음+청명,99.2,2403697000,98.9218,N
20200616902 - 00,20200611,봉성 제3배수펌프장 증설 공사 감독권한대행 등 건설사업관리 용역,경기도 김포시,PQ,3094819000,3066973425,99.1002519,삼안+선진+용마,99.13,2462570000,101.293,N
20200616902 - 00,20200611,봉성 제3배수펌프장 증설 공사 감독권한대행 등 건설사업관리 용역,경기도 김포시,PQ,3094819000,3066973425,99.1002519,신명+범한+목양,98.87,2940940000,120.7086,N
E012005283-1,20200611,부산 강서지역 전기공급시설 전력구공사(신강서-세산) 설계용역,한국전력공사 남부건설본부,PQ,1483108000,1483041520,99.99551752,신성,100,1197880000,100.9666,N
E012005283-1,20200611,부산 강서지역 전기공급시설 전력구공사(신강서-세산) 설계용역,한국전력공사 남부건설본부,PQ,1483108000,1483041520,99.99551752,대콘+경동,99.63,1182999000,99.7123,N
E012005283-1,20200611,부산 강서지역 전기공급시설 전력구공사(신강서-세산) 설계용역,한국전력공사 남부건설본부,PQ,1483108000,1483041520,99.99551752,태조+도화,99.6,1188888000,100.2087,N
E012005283-1,20200611,부산 강서지역 전기공급시설 전력구공사(신강서-세산) 설계용역,한국전력공사 남부건설본부,PQ,1483108000,1483041520,99.99551752,KG+건화(동일컨설탄트),99.58,1187836000,100.12,Y
E012005283-1,20200611,부산 강서지역 전기공급시설 전력구공사(신강서-세산) 설계용역,한국전력공사 남부건설본부,PQ,1483108000,1483041520,99.99551752,KOPEC,99.2,1187005000,100.05,N
E012005283-1,20200611,부산 강서지역 전기공급시설 전력구공사(신강서-세산) 설계용역,한국전력공사 남부건설본부,PQ,1483108000,1483041520,99.99551752,선진,97.11,1217750000,101.2117,N
E012005283-1,20200611,부산 강서지역 전기공급시설 전력구공사(신강서-세산) 설계용역,한국전력공사 남부건설본부,PQ,1483108000,1483041520,99.99551752,삼안,96.94,1219900000,101.1286,N
2002120 - 00,20200610,행정중심복합도시 5-1생활권 조성공사 시공단계 건설사업관리용역,한국토지주택공사,SOQ,4605770000,4613880000,100.1760835,삼안+선진+제일,99.93,3731750000,101.2223,Y
2002120 - 00,20200610,행정중심복합도시 5-1생활권 조성공사 시공단계 건설사업관리용역,한국토지주택공사,SOQ,4605770000,4613880000,100.1760835,수성+도화+경동,97,3730067000,98.6501,N
2002120 - 00,20200610,행정중심복합도시 5-1생활권 조성공사 시공단계 건설사업관리용역,한국토지주택공사,SOQ,4605770000,4613880000,100.1760835,KG+동부+목양,97,3827240000,101.2201,N
2002120 - 00,20200610,행정중심복합도시 5-1생활권 조성공사 시공단계 건설사업관리용역,한국토지주택공사,SOQ,4605770000,4613880000,100.1760835,신성+한종+유신,96.84,3833880000,101.2477,N
2002120 - 00,20200610,행정중심복합도시 5-1생활권 조성공사 시공단계 건설사업관리용역,한국토지주택공사,SOQ,4605770000,4613880000,100.1760835,동명+건화+동일,94,4145000000,106.8897,N
20200617294 - 02,20200611,우도 농어촌마을하수도 해양방류관로 설치사업 기본 및 실시설계용역,제주특별자치도 상하수도본부,PQ,466829000,463937050,99.38051192,한종+JPM,99.74,407110000,100.4984,N
20200617294 - 02,20200611,우도 농어촌마을하수도 해양방류관로 설치사업 기본 및 실시설계용역,제주특별자치도 상하수도본부,PQ,466829000,463937050,99.38051192,건화(리헌),97.91,407600000,100.4458,N
20200617294 - 02,20200611,우도 농어촌마을하수도 해양방류관로 설치사업 기본 및 실시설계용역,제주특별자치도 상하수도본부,PQ,466829000,463937050,99.38051192,제일+해진,97,404750000,99.6517,N
20200617294 - 02,20200611,우도 농어촌마을하수도 해양방류관로 설치사업 기본 및 실시설계용역,제주특별자치도 상하수도본부,PQ,466829000,463937050,99.38051192,범한+해오름,96.24,404410000,99.4994,Y
20200617294 - 02,20200611,우도 농어촌마을하수도 해양방류관로 설치사업 기본 및 실시설계용역,제주특별자치도 상하수도본부,PQ,466829000,463937050,99.38051192,동명+청풍,95.72,403430000,99.2013,N
20200617294 - 02,20200611,우도 농어촌마을하수도 해양방류관로 설치사업 기본 및 실시설계용역,제주특별자치도 상하수도본부,PQ,466829000,463937050,99.38051192,유신+태신,95,416569000,102.3499,N
20200618969 - 00,20200612,산북면 급수구역 확장사업 기본 및 실시설계용역,경상북도 문경시 상수도사업소,PQ,1542900000,1536065000,99.55700305,건화+도화+보람+청우,100,1215700000,101.0234,Y
20200618969 - 00,20200612,산북면 급수구역 확장사업 기본 및 실시설계용역,경상북도 문경시 상수도사업소,PQ,1542900000,1536065000,99.55700305,삼안+한주,97.77,1212420000,98.9369,N
20200618969 - 00,20200612,산북면 급수구역 확장사업 기본 및 실시설계용역,경상북도 문경시 상수도사업소,PQ,1542900000,1536065000,99.55700305,유신+한도,97.76,1212188000,98.9055,N
20200618969 - 00,20200612,산북면 급수구역 확장사업 기본 및 실시설계용역,경상북도 문경시 상수도사업소,PQ,1542900000,1536065000,99.55700305,동명+태성+HEC,97.76,1240900000,101.2482,N
20200618969 - 00,20200612,산북면 급수구역 확장사업 기본 및 실시설계용역,경상북도 문경시 상수도사업소,PQ,1542900000,1536065000,99.55700305,제일+다산+평화,97.73,1214990000,99.1091,N
20200618969 - 00,20200612,산북면 급수구역 확장사업 기본 및 실시설계용역,경상북도 문경시 상수도사업소,PQ,1542900000,1536065000,99.55700305,한종+명성,97.68,1240400000,101.1437,N
20200618969 - 00,20200612,산북면 급수구역 확장사업 기본 및 실시설계용역,경상북도 문경시 상수도사업소,PQ,1542900000,1536065000,99.55700305,이산+세연+하이콘,97.5,1209200000,98.4633,N
20200618969 - 00,20200612,산북면 급수구역 확장사업 기본 및 실시설계용역,경상북도 문경시 상수도사업소,PQ,1542900000,1536065000,99.55700305,범한+KCI,97.5,1218250000,99.2003,N
20200618969 - 00,20200612,산북면 급수구역 확장사업 기본 및 실시설계용역,경상북도 문경시 상수도사업소,PQ,1542900000,1536065000,99.55700305,KG+한백+대성,97.26,1219960000,99.1402,N
20200618969 - 00,20200612,산북면 급수구역 확장사업 기본 및 실시설계용역,경상북도 문경시 상수도사업소,PQ,1542900000,1536065000,99.55700305,화신+주하,95.84,1357600000,109.081,N
20200618878 - 00,20200612,성주 공공하수처리시설 증설사업외 3개소 통합건설사업관리용역,경상북도 성주군,SOQ,2553000000,2540107400,99.49500196,삼안+강산,98.86,2019316000,100.471,Y
20200618878 - 00,20200612,성주 공공하수처리시설 증설사업외 3개소 통합건설사업관리용역,경상북도 성주군,SOQ,2553000000,2540107400,99.49500196,건화+동진+한백,97.46,2066900000,101.6762,N
20200618878 - 00,20200612,성주 공공하수처리시설 증설사업외 3개소 통합건설사업관리용역,경상북도 성주군,SOQ,2553000000,2540107400,99.49500196,동성+용마,96.1,2043900000,99.458,N
20200618878 - 00,20200612,성주 공공하수처리시설 증설사업외 3개소 통합건설사업관리용역,경상북도 성주군,SOQ,2553000000,2540107400,99.49500196,수성+청명,95.7,2100846000,101.9,N
20200618878 - 00,20200612,성주 공공하수처리시설 증설사업외 3개소 통합건설사업관리용역,경상북도 성주군,SOQ,2553000000,2540107400,99.49500196,도화+보원,95.4,2112000000,102.2005,N
20200618878 - 00,20200612,성주 공공하수처리시설 증설사업외 3개소 통합건설사업관리용역,경상북도 성주군,SOQ,2553000000,2540107400,99.49500196,동명+상금+태성,95.36,2119000000,102.5139,N
20200618878 - 00,20200612,성주 공공하수처리시설 증설사업외 3개소 통합건설사업관리용역,경상북도 성주군,SOQ,2553000000,2540107400,99.49500196,한종+해동+오이디,94.55,2092000000,100.5618,N
20200619719 - 00,20200612,FDA지정해역 공공하수처리시설(산달 외 6개소) 통합건설사업관리용역,경상남도 거제시,PQ,3666440000,3692600100,100.7135014,삼안+범한+나인,100,2689500000,100.4925,N
20200619719 - 00,20200612,FDA지정해역 공공하수처리시설(산달 외 6개소) 통합건설사업관리용역,경상남도 거제시,PQ,3666440000,3692600100,100.7135014,한종+신화+우진,99.17,2682900000,99.5098,N
20200619719 - 00,20200612,FDA지정해역 공공하수처리시설(산달 외 6개소) 통합건설사업관리용역,경상남도 거제시,PQ,3666440000,3692600100,100.7135014,도화+수성+천진,99.17,2718000000,100.8117,Y
20200619719 - 00,20200612,FDA지정해역 공공하수처리시설(산달 외 6개소) 통합건설사업관리용역,경상남도 거제시,PQ,3666440000,3692600100,100.7135014,선진+경화,99.14,2692930000,99.8546,N
20200619719 - 00,20200612,FDA지정해역 공공하수처리시설(산달 외 6개소) 통합건설사업관리용역,경상남도 거제시,PQ,3666440000,3692600100,100.7135014,이산+하우+혜인,99.09,2677700000,99.2494,N
20200619719 - 00,20200612,FDA지정해역 공공하수처리시설(산달 외 6개소) 통합건설사업관리용역,경상남도 거제시,PQ,3666440000,3692600100,100.7135014,경동+현진,99.07,2675880000,99.1685,N
20200619719 - 00,20200612,FDA지정해역 공공하수처리시설(산달 외 6개소) 통합건설사업관리용역,경상남도 거제시,PQ,3666440000,3692600100,100.7135014,동성+유신+한가람+금성,99.04,2682855000,99.4,N
20200619719 - 00,20200612,FDA지정해역 공공하수처리시설(산달 외 6개소) 통합건설사업관리용역,경상남도 거제시,PQ,3666440000,3692600100,100.7135014,대콘+HEC,99.02,2691999000,99.7252,N
20200619719 - 00,20200612,FDA지정해역 공공하수처리시설(산달 외 6개소) 통합건설사업관리용역,경상남도 거제시,PQ,3666440000,3692600100,100.7135014,신명+서영+우정,98.97,2665000000,98.6848,N
20200619719 - 00,20200612,FDA지정해역 공공하수처리시설(산달 외 6개소) 통합건설사업관리용역,경상남도 거제시,PQ,3666440000,3692600100,100.7135014,동명+KSM+한올,98.96,2672672000,98.9555,N
20200619719 - 00,20200612,FDA지정해역 공공하수처리시설(산달 외 6개소) 통합건설사업관리용역,경상남도 거제시,PQ,3666440000,3692600100,100.7135014,건화+한성,98.93,2748000000,101.7169,N
20200619719 - 00,20200612,FDA지정해역 공공하수처리시설(산달 외 6개소) 통합건설사업관리용역,경상남도 거제시,PQ,3666440000,3692600100,100.7135014,극동+하나,98.78,2749741000,101.6434,N
20200619719 - 00,20200612,FDA지정해역 공공하수처리시설(산달 외 6개소) 통합건설사업관리용역,경상남도 거제시,PQ,3666440000,3692600100,100.7135014,KG+로텍,98.78,2676336000,98.93,N
20200620601 - 00,20200615,2025년 단양 군관리계획(재정비) 수립용역,충청북도 단양군,PQ,1120000000,1133899200,101.241,경호+건화+홍익+동림,100,883990000,101.1958,N
20200620601 - 00,20200615,2025년 단양 군관리계획(재정비) 수립용역,충청북도 단양군,PQ,1120000000,1133899200,101.241,동명+대원,97.56,882200000,98.9981,N
20200620601 - 00,20200615,2025년 단양 군관리계획(재정비) 수립용역,충청북도 단양군,PQ,1120000000,1133899200,101.241,도화+영진,97.38,905350000,101.4557,N
20200620601 - 00,20200615,2025년 단양 군관리계획(재정비) 수립용역,충청북도 단양군,PQ,1120000000,1133899200,101.241,삼안+청우,97.32,879670000,98.5285,N
20200620601 - 00,20200615,2025년 단양 군관리계획(재정비) 수립용역,충청북도 단양군,PQ,1120000000,1133899200,101.241,KG+건양,97.25,905136000,101.33,Y
20200620601 - 00,20200615,2025년 단양 군관리계획(재정비) 수립용역,충청북도 단양군,PQ,1120000000,1133899200,101.241,화신+선,93.78,1041700000,113.4463,N
20200620054 - 00,20200615,농암면 급수구역 확장사업 감독권한대행 등 건설사업관리 용역,경상북도 문경시 상수도사업소,PQ,1736000000,1748069575,100.695252,청우+도화,100,1363600000,100.7095,Y
20200620054 - 00,20200615,농암면 급수구역 확장사업 감독권한대행 등 건설사업관리 용역,경상북도 문경시 상수도사업소,PQ,1736000000,1748069575,100.695252,동명+동진,100,1351300000,99.8011,N
20200620054 - 00,20200615,농암면 급수구역 확장사업 감독권한대행 등 건설사업관리 용역,경상북도 문경시 상수도사업소,PQ,1736000000,1748069575,100.695252,동성+건화,99.98,1348246000,99.55,N
20200620054 - 00,20200615,농암면 급수구역 확장사업 감독권한대행 등 건설사업관리 용역,경상북도 문경시 상수도사업소,PQ,1736000000,1748069575,100.695252,한백+한종,99.59,0,0,N
20200620054 - 00,20200615,농암면 급수구역 확장사업 감독권한대행 등 건설사업관리 용역,경상북도 문경시 상수도사업소,PQ,1736000000,1748069575,100.695252,범한+KCM,99.08,1500000000,109.9517,N
20200620054 - 00,20200615,농암면 급수구역 확장사업 감독권한대행 등 건설사업관리 용역,경상북도 문경시 상수도사업소,PQ,1736000000,1748069575,100.695252,삼안+보원,98.89,1347775000,98.6303,N
20200620961 - 00,20200615,병천·광기천 지방하천 정비사업 통합건설사업관리용역,충청남도 종합건설사업소,PQ,1957560000,1964303825,100.3445016,도화+송현,100,1528326000,100.1,N
20200620961 - 00,20200615,병천·광기천 지방하천 정비사업 통합건설사업관리용역,충청남도 종합건설사업소,PQ,1957560000,1964303825,100.3445016,천일+더원+상연,99.94,1536650000,100.5936,Y
20200620961 - 00,20200615,병천·광기천 지방하천 정비사업 통합건설사업관리용역,충청남도 종합건설사업소,PQ,1957560000,1964303825,100.3445016,건화+장맥,99.93,1523194000,99.7,N
20200620961 - 00,20200615,병천·광기천 지방하천 정비사업 통합건설사업관리용역,충청남도 종합건설사업소,PQ,1957560000,1964303825,100.3445016,경동+KCI,99.9,1523690000,99.7069,N
20200620961 - 00,20200615,병천·광기천 지방하천 정비사업 통합건설사업관리용역,충청남도 종합건설사업소,PQ,1957560000,1964303825,100.3445016,서영+동국,99.87,1520200000,99.453,N
20200620961 - 00,20200615,병천·광기천 지방하천 정비사업 통합건설사업관리용역,충청남도 종합건설사업소,PQ,1957560000,1964303825,100.3445016,동부+명성,99.84,1513490000,98.9887,N
20200620961 - 00,20200615,병천·광기천 지방하천 정비사업 통합건설사업관리용역,충청남도 종합건설사업소,PQ,1957560000,1964303825,100.3445016,삼안+동양,99.84,1531200000,100.147,N
20200620961 - 00,20200615,병천·광기천 지방하천 정비사업 통합건설사업관리용역,충청남도 종합건설사업소,PQ,1957560000,1964303825,100.3445016,이산+드림,99.83,1512370000,98.9155,N
20200620961 - 00,20200615,병천·광기천 지방하천 정비사업 통합건설사업관리용역,충청남도 종합건설사업소,PQ,1957560000,1964303825,100.3445016,홍익+계림,99.83,1519480000,99.3805,N
20200620961 - 00,20200615,병천·광기천 지방하천 정비사업 통합건설사업관리용역,충청남도 종합건설사업소,PQ,1957560000,1964303825,100.3445016,KG+송현E,99.81,1514356000,99.02,N
20200620961 - 00,20200615,병천·광기천 지방하천 정비사업 통합건설사업관리용역,충청남도 종합건설사업소,PQ,1957560000,1964303825,100.3445016,수성+한맥,99.77,1543509000,100.9004,N
20200620961 - 00,20200615,병천·광기천 지방하천 정비사업 통합건설사업관리용역,충청남도 종합건설사업소,PQ,1957560000,1964303825,100.3445016,평화+예당,99.77,1539600000,100.6449,N
20200620961 - 00,20200615,병천·광기천 지방하천 정비사업 통합건설사업관리용역,충청남도 종합건설사업소,PQ,1957560000,1964303825,100.3445016,동일+양지,99.73,1518000000,99.1948,N
20200620961 - 00,20200615,병천·광기천 지방하천 정비사업 통합건설사업관리용역,충청남도 종합건설사업소,PQ,1957560000,1964303825,100.3445016,삼보+우빈,99.53,1549400000,101.0785,N
20200620961 - 00,20200615,병천·광기천 지방하천 정비사업 통합건설사업관리용역,충청남도 종합건설사업소,PQ,1957560000,1964303825,100.3445016,한종+세일,99.5,1549800000,101.0917,N
20200620961 - 00,20200615,병천·광기천 지방하천 정비사업 통합건설사업관리용역,충청남도 종합건설사업소,PQ,1957560000,1964303825,100.3445016,선진+유원,99.47,1556150000,101.48,N
20200620961 - 00,20200615,병천·광기천 지방하천 정비사업 통합건설사업관리용역,충청남도 종합건설사업소,PQ,1957560000,1964303825,100.3445016,동성+우주,99.4,1549777000,101,N
20200620961 - 00,20200615,병천·광기천 지방하천 정비사업 통합건설사업관리용역,충청남도 종합건설사업소,PQ,1957560000,1964303825,100.3445016,대콘+대웅,99.35,1557300000,101.4514,N
20200620961 - 00,20200615,병천·광기천 지방하천 정비사업 통합건설사업관리용역,충청남도 종합건설사업소,PQ,1957560000,1964303825,100.3445016,신명+제성,99.27,1558558000,101.4687,N
20200620961 - 00,20200615,병천·광기천 지방하천 정비사업 통합건설사업관리용역,충청남도 종합건설사업소,PQ,1957560000,1964303825,100.3445016,KSM+한빛,98.08,1578900000,102.636,N
20200620961 - 00,20200615,병천·광기천 지방하천 정비사업 통합건설사업관리용역,충청남도 종합건설사업소,PQ,1957560000,1964303825,100.3445016,제일+기산+극동,97.99,1579990000,101.8001,N
20200620961 - 00,20200615,병천·광기천 지방하천 정비사업 통합건설사업관리용역,충청남도 종합건설사업소,PQ,1957560000,1964303825,100.3445016,유신+천마+용마,97.2,1722000000,110.2408,N
20200621906 - 00,20200615,청양군 생활폐기물 소각시설 설치사업 기본 및 실시설계,한국환경공단,PQ,690629000,687498800,99.546761,도화+경동,97.38,597431000,100.5,Y
20200621906 - 00,20200615,청양군 생활폐기물 소각시설 설치사업 기본 및 실시설계,한국환경공단,PQ,690629000,687498800,99.546761,동부+건화+한맥(강호),96.2,593273000,99.5,N
20200621906 - 00,20200615,청양군 생활폐기물 소각시설 설치사업 기본 및 실시설계,한국환경공단,PQ,690629000,687498800,99.546761,한종+경호+드림,95.67,606000000,101.4934,N
20200621906 - 00,20200615,청양군 생활폐기물 소각시설 설치사업 기본 및 실시설계,한국환경공단,PQ,690629000,687498800,99.546761,벽산+기산+삼안,91.84,611358000,101.4055,N
20200621906 - 00,20200615,청양군 생활폐기물 소각시설 설치사업 기본 및 실시설계,한국환경공단,PQ,690629000,687498800,99.546761,동일+선진+천마,90.38,615300000,101.6866,N
20200622660 - 02,20200616,"금산군 부리, 수영2, 제원지구 마을하수도정비사업 기본 및 세부설계 용역",한국농어촌공사 충남지역본부,PQ,756545000,755767725,99.89725991,건화,100,648000000,100.1843,N
20200622660 - 02,20200616,"금산군 부리, 수영2, 제원지구 마을하수도정비사업 기본 및 세부설계 용역",한국농어촌공사 충남지역본부,PQ,756545000,755767725,99.89725991,삼안,100,647130000,100.0498,N
20200622660 - 02,20200616,"금산군 부리, 수영2, 제원지구 마을하수도정비사업 기본 및 세부설계 용역",한국농어촌공사 충남지역본부,PQ,756545000,755767725,99.89725991,이산+평화,99.84,647780000,100.1503,N
20200622660 - 02,20200616,"금산군 부리, 수영2, 제원지구 마을하수도정비사업 기본 및 세부설계 용역",한국농어촌공사 충남지역본부,PQ,756545000,755767725,99.89725991,한종+세일,99.8,646180000,99.9029,Y
20200622660 - 02,20200616,"금산군 부리, 수영2, 제원지구 마을하수도정비사업 기본 및 세부설계 용역",한국농어촌공사 충남지역본부,PQ,756545000,755767725,99.89725991,수성+KG,99.15,646943000,100.0208,N
20200622660 - 02,20200616,"금산군 부리, 수영2, 제원지구 마을하수도정비사업 기본 및 세부설계 용역",한국농어촌공사 충남지역본부,PQ,756545000,755767725,99.89725991,동명+드림,99.11,649100000,100.3543,N
20200622660 - 02,20200616,"금산군 부리, 수영2, 제원지구 마을하수도정비사업 기본 및 세부설계 용역",한국농어촌공사 충남지역본부,PQ,756545000,755767725,99.89725991,도화+경동,98.91,653100000,100.9728,N
20200622660 - 02,20200616,"금산군 부리, 수영2, 제원지구 마을하수도정비사업 기본 및 세부설계 용역",한국농어촌공사 충남지역본부,PQ,756545000,755767725,99.89725991,홍익,98.45,644000000,99.5658,N
20200622660 - 02,20200616,"금산군 부리, 수영2, 제원지구 마을하수도정비사업 기본 및 세부설계 용역",한국농어촌공사 충남지역본부,PQ,756545000,755767725,99.89725991,범한+정,99.25,650840000,100.5998,N
20200622660 - 02,20200616,"금산군 부리, 수영2, 제원지구 마을하수도정비사업 기본 및 세부설계 용역",한국농어촌공사 충남지역본부,PQ,756545000,755767725,99.89725991,화신+계림,98.2,645396000,99.7,N
20200622660 - 02,20200616,"금산군 부리, 수영2, 제원지구 마을하수도정비사업 기본 및 세부설계 용역",한국농어촌공사 충남지역본부,PQ,756545000,755767725,99.89725991,선진+바셈,98.15,642600000,99.1407,N
2002210 - 00,20200616,빛그린산업단지 2단계 사후환경영향조사(공사시) 용역,한국토지주택공사,PQ,1056385000,1062936000,100.6201338,선진+신명+한국환경,99.24,907270000,100.2327,N
2002210 - 00,20200616,빛그린산업단지 2단계 사후환경영향조사(공사시) 용역,한국토지주택공사,PQ,1056385000,1062936000,100.6201338,신성+홍익+중천,99.24,905880000,100.0792,N
2002210 - 00,20200616,빛그린산업단지 2단계 사후환경영향조사(공사시) 용역,한국토지주택공사,PQ,1056385000,1062936000,100.6201338,KG+한맥+동부+CNS,99.23,904980000,99.9681,N
2002210 - 00,20200616,빛그린산업단지 2단계 사후환경영향조사(공사시) 용역,한국토지주택공사,PQ,1056385000,1062936000,100.6201338,경동+평화+엔탑,99.16,908597000,100.3559,N
2002210 - 00,20200616,빛그린산업단지 2단계 사후환경영향조사(공사시) 용역,한국토지주택공사,PQ,1056385000,1062936000,100.6201338,서영+퍼스트,99.11,901964000,99.6,N
2002210 - 00,20200616,빛그린산업단지 2단계 사후환경영향조사(공사시) 용역,한국토지주택공사,PQ,1056385000,1062936000,100.6201338,건화+우신,99.03,912000000,100.6848,Y
2002210 - 00,20200616,빛그린산업단지 2단계 사후환경영향조사(공사시) 용역,한국토지주택공사,PQ,1056385000,1062936000,100.6201338,동성+DS,98.91,901946000,99.54,N
2002210 - 00,20200616,빛그린산업단지 2단계 사후환경영향조사(공사시) 용역,한국토지주택공사,PQ,1056385000,1062936000,100.6201338,이산+휴먼+예평,98.85,900678000,99.3885,N
2002210 - 00,20200616,빛그린산업단지 2단계 사후환경영향조사(공사시) 용역,한국토지주택공사,PQ,1056385000,1062936000,100.6201338,한종+동아+자연과사람,98.76,911990000,100.6133,N
2002210 - 00,20200616,빛그린산업단지 2단계 사후환경영향조사(공사시) 용역,한국토지주택공사,PQ,1056385000,1062936000,100.6201338,동일+다원,97.61,920000000,101.1551,N
2002210 - 00,20200616,빛그린산업단지 2단계 사후환경영향조사(공사시) 용역,한국토지주택공사,PQ,1056385000,1062936000,100.6201338,삼안+다산+국토환경,97.09,949300000,104.2193,N
2002210 - 00,20200616,빛그린산업단지 2단계 사후환경영향조사(공사시) 용역,한국토지주택공사,PQ,1056385000,1062936000,100.6201338,유신+동해종합+동해,96.62,902376000,98.93,N
20200622385 - 00,20200616,새만금 장신배수지 설치사업 기본 및 실시설계용역,전라북도 부안군,PQ,431200000,426854650,98.99226577,건화+유현(아라),98.37,374280000,99.9017,N
20200622385 - 00,20200616,새만금 장신배수지 설치사업 기본 및 실시설계용역,전라북도 부안군,PQ,431200000,426854650,98.99226577,이산+JCN,98.15,375750000,100.271,N
20200622385 - 00,20200616,새만금 장신배수지 설치사업 기본 및 실시설계용역,전라북도 부안군,PQ,431200000,426854650,98.99226577,제일+조화,97.99,374190000,99.8318,N
20200622385 - 00,20200616,새만금 장신배수지 설치사업 기본 및 실시설계용역,전라북도 부안군,PQ,431200000,426854650,98.99226577,한종+더한,97.9,375990000,100.312,N
20200622385 - 00,20200616,새만금 장신배수지 설치사업 기본 및 실시설계용역,전라북도 부안군,PQ,431200000,426854650,98.99226577,경동+성원,97.63,373412000,99.5898,N
20200622385 - 00,20200616,새만금 장신배수지 설치사업 기본 및 실시설계용역,전라북도 부안군,PQ,431200000,426854650,98.99226577,화신+항도,97.56,377879000,100.7812,N
20200622385 - 00,20200616,새만금 장신배수지 설치사업 기본 및 실시설계용역,전라북도 부안군,PQ,431200000,426854650,98.99226577,유신+한가람,97.36,373386000,99.56,N
20200622385 - 00,20200616,새만금 장신배수지 설치사업 기본 및 실시설계용역,전라북도 부안군,PQ,431200000,426854650,98.99226577,동명+세화,97.24,373000000,99.4456,N
20200622385 - 00,20200616,새만금 장신배수지 설치사업 기본 및 실시설계용역,전라북도 부안군,PQ,431200000,426854650,98.99226577,도화+국성,97.18,380500000,101.4452,N
20200622385 - 00,20200616,새만금 장신배수지 설치사업 기본 및 실시설계용역,전라북도 부안군,PQ,431200000,426854650,98.99226577,KG+인우,97.16,372159000,99.21,Y
20200622385 - 00,20200616,새만금 장신배수지 설치사업 기본 및 실시설계용역,전라북도 부안군,PQ,431200000,426854650,98.99226577,삼안+범산,96.44,384120000,102.328,N
20200623656 - 00,20200616,미산농어촌 지방상수도 시설공사 외 1건 건설사업관리용역,충청남도 보령시 경제도시국 수도과,PQ,2148115000,2168344925,100.9417524,한종+세일,100,1670240000,99.6907,N
20200623656 - 00,20200616,미산농어촌 지방상수도 시설공사 외 1건 건설사업관리용역,충청남도 보령시 경제도시국 수도과,PQ,2148115000,2168344925,100.9417524,도화+천마,100,1677500000,100.124,N
20200623656 - 00,20200616,미산농어촌 지방상수도 시설공사 외 1건 건설사업관리용역,충청남도 보령시 경제도시국 수도과,PQ,2148115000,2168344925,100.9417524,삼안+드림,100,1669800000,99.6644,N
20200623656 - 00,20200616,미산농어촌 지방상수도 시설공사 외 1건 건설사업관리용역,충청남도 보령시 경제도시국 수도과,PQ,2148115000,2168344925,100.9417524,범한+경동,100,1683800000,100.5,N
20200623656 - 00,20200616,미산농어촌 지방상수도 시설공사 외 1건 건설사업관리용역,충청남도 보령시 경제도시국 수도과,PQ,2148115000,2168344925,100.9417524,건화+동국(동양기술단),99.92,1698400000,101.2935,Y
20200623656 - 00,20200616,미산농어촌 지방상수도 시설공사 외 1건 건설사업관리용역,충청남도 보령시 경제도시국 수도과,PQ,2148115000,2168344925,100.9417524,KCM+유원,99.86,1690420000,100.7789,N
20200623994 - 00,20200616,구리시 하수찌꺼기 처리시설 개선사업 및 구리하수처리장 악취개선사업 통합건설사업관리용역 ,경기도 구리시,SOQ,2904851000,2904059475,99.97275161,동명+경호,99.7,2300900000,101.2966,Y
20200623994 - 00,20200616,구리시 하수찌꺼기 처리시설 개선사업 및 구리하수처리장 악취개선사업 통합건설사업관리용역 ,경기도 구리시,SOQ,2904851000,2904059475,99.97275161,동성+동해+용마,96.58,2300377000,98.7602,N
20200623994 - 00,20200616,구리시 하수찌꺼기 처리시설 개선사업 및 구리하수처리장 악취개선사업 통합건설사업관리용역 ,경기도 구리시,SOQ,2904851000,2904059475,99.97275161,건화+경동,96.03,2388000000,102.0638,N
20200623994 - 00,20200616,구리시 하수찌꺼기 처리시설 개선사업 및 구리하수처리장 악취개선사업 통합건설사업관리용역 ,경기도 구리시,SOQ,2904851000,2904059475,99.97275161,한종+도화+주하+오이디,95.78,2374800000,101.2984,N
20200622296 - 00,20200615,북평~북일 국가지원지방도 확포장공사 건설사업관리용역 ,전라남도,PQ,2413677000,2381792375,98.679002,천일+NH,100,1886312000,100.2,N
20200622296 - 00,20200615,북평~북일 국가지원지방도 확포장공사 건설사업관리용역 ,전라남도,PQ,2413677000,2381792375,98.679002,도화+신오,99.97,1910700000,101.4694,N
20200622296 - 00,20200615,북평~북일 국가지원지방도 확포장공사 건설사업관리용역 ,전라남도,PQ,2413677000,2381792375,98.679002,건화+하나,99.9,1875758000,99.55,Y
20200622296 - 00,20200615,북평~북일 국가지원지방도 확포장공사 건설사업관리용역 ,전라남도,PQ,2413677000,2381792375,98.679002,KCM+산하,98.79,1933500000,101.6896,N
20200622296 - 00,20200615,북평~북일 국가지원지방도 확포장공사 건설사업관리용역 ,전라남도,PQ,2413677000,2381792375,98.679002,천마+마인+대현,98.77,1939600000,101.9975,N
20200622296 - 00,20200615,북평~북일 국가지원지방도 확포장공사 건설사업관리용역 ,전라남도,PQ,2413677000,2381792375,98.679002,수성+중원,98.48,2317854000,121.5954,N
20200624928 - 00,20200617,역사 향기숲 테마공원 조성사업 군관리계획(변경)결정 및 실시설계용역,전라남도 장흥군,PQ,831048000,837123025,100.7310077,유신,99.32,709721000,99.7148,N
20200624928 - 00,20200617,역사 향기숲 테마공원 조성사업 군관리계획(변경)결정 및 실시설계용역,전라남도 장흥군,PQ,831048000,837123025,100.7310077,도화,99.21,717700000,100.8005,Y
20200624928 - 00,20200617,역사 향기숲 테마공원 조성사업 군관리계획(변경)결정 및 실시설계용역,전라남도 장흥군,PQ,831048000,837123025,100.7310077,한종,98.81,714600000,100.2598,N
20200624928 - 00,20200617,역사 향기숲 테마공원 조성사업 군관리계획(변경)결정 및 실시설계용역,전라남도 장흥군,PQ,831048000,837123025,100.7310077,건화(우빈),98.77,708800000,99.4344,N
20200624928 - 00,20200617,역사 향기숲 테마공원 조성사업 군관리계획(변경)결정 및 실시설계용역,전라남도 장흥군,PQ,831048000,837123025,100.7310077,경호,98.71,709550000,99.5281,N
20200624928 - 00,20200617,역사 향기숲 테마공원 조성사업 군관리계획(변경)결정 및 실시설계용역,전라남도 장흥군,PQ,831048000,837123025,100.7310077,선진,98.6,719350000,100.8792,N
20200624928 - 00,20200617,역사 향기숲 테마공원 조성사업 군관리계획(변경)결정 및 실시설계용역,전라남도 장흥군,PQ,831048000,837123025,100.7310077,KG(우영),98.36,723350000,101.3692,N
20200624928 - 00,20200617,역사 향기숲 테마공원 조성사업 군관리계획(변경)결정 및 실시설계용역,전라남도 장흥군,PQ,831048000,837123025,100.7310077,삼안(신명),97.63,748000000,104.6287,N
20200624969 - 00,20200617,연무공공하수처리시설 증설사업 기본 및 실시설계용역,충청남도 논산시 행복도시국 맑은물과,PQ,1105400000,1087315700,98.36400398,경동+KG+드림,99.9,869590000,100.7717,N
20200624969 - 00,20200617,연무공공하수처리시설 증설사업 기본 및 실시설계용역,충청남도 논산시 행복도시국 맑은물과,PQ,1105400000,1087315700,98.36400398,건화+수성E(예당),98.04,869360000,99.2324,N
20200624969 - 00,20200617,연무공공하수처리시설 증설사업 기본 및 실시설계용역,충청남도 논산시 행복도시국 맑은물과,PQ,1105400000,1087315700,98.36400398,삼안+한맥,97.9,886380000,101.0604,N
20200624969 - 00,20200617,연무공공하수처리시설 증설사업 기본 및 실시설계용역,충청남도 논산시 행복도시국 맑은물과,PQ,1105400000,1087315700,98.36400398,선진+바셈,97.81,886890000,101.0421,N
20200624969 - 00,20200617,연무공공하수처리시설 증설사업 기본 및 실시설계용역,충청남도 논산시 행복도시국 맑은물과,PQ,1105400000,1087315700,98.36400398,한종+세일,97.8,868600000,98.9584,N
20200624969 - 00,20200617,연무공공하수처리시설 증설사업 기본 및 실시설계용역,충청남도 논산시 행복도시국 맑은물과,PQ,1105400000,1087315700,98.36400398,화신+계림,97.8,865729000,98.6313,N
20200624969 - 00,20200617,연무공공하수처리시설 증설사업 기본 및 실시설계용역,충청남도 논산시 행복도시국 맑은물과,PQ,1105400000,1087315700,98.36400398,이산+장맥,97.8,865740000,98.6325,N
20200624969 - 00,20200617,연무공공하수처리시설 증설사업 기본 및 실시설계용역,충청남도 논산시 행복도시국 맑은물과,PQ,1105400000,1087315700,98.36400398,동명+천마,97.6,865550000,98.4497,Y
20200624969 - 00,20200617,연무공공하수처리시설 증설사업 기본 및 실시설계용역,충청남도 논산시 행복도시국 맑은물과,PQ,1105400000,1087315700,98.36400398,도화+우리기술,97.53,867100000,98.564,N
20200624969 - 00,20200617,연무공공하수처리시설 증설사업 기본 및 실시설계용역,충청남도 논산시 행복도시국 맑은물과,PQ,1105400000,1087315700,98.36400398,건양+동양+도우,97.17,901862000,102.2201,N
20200624969 - 00,20200617,연무공공하수처리시설 증설사업 기본 및 실시설계용역,충청남도 논산시 행복도시국 맑은물과,PQ,1105400000,1087315700,98.36400398,제일+기산+평화,96.95,1039000000,117.5575,N
20200626454 - 00,20200617,금성지구(금성천) 우수저류지 시설사업 건설사업관리용역,제주특별자치도 제주시,PQ,885082000,872604625,98.59025774,도화+JPM,100,759100000,100.3171,N
20200626454 - 00,20200617,금성지구(금성천) 우수저류지 시설사업 건설사업관리용역,제주특별자치도 제주시,PQ,885082000,872604625,98.59025774,한종+해진,99.78,756165000,99.8708,N
20200626454 - 00,20200617,금성지구(금성천) 우수저류지 시설사업 건설사업관리용역,제주특별자치도 제주시,PQ,885082000,872604625,98.59025774,이산+청풍,99.6,762700000,100.6868,N
20200626454 - 00,20200617,금성지구(금성천) 우수저류지 시설사업 건설사업관리용역,제주특별자치도 제주시,PQ,885082000,872604625,98.59025774,동성+토펙,99.46,762613000,100.64,N
20200626454 - 00,20200617,금성지구(금성천) 우수저류지 시설사업 건설사업관리용역,제주특별자치도 제주시,PQ,885082000,872604625,98.59025774,서영+DKL,99.45,751100000,99.1091,Y
20200626454 - 00,20200617,금성지구(금성천) 우수저류지 시설사업 건설사업관리용역,제주특별자치도 제주시,PQ,885082000,872604625,98.59025774,극동+제원,99.39,763472000,100.7299,N
20200626454 - 00,20200617,금성지구(금성천) 우수저류지 시설사업 건설사업관리용역,제주특별자치도 제주시,PQ,885082000,872604625,98.59025774,수성+리헌,99.27,753049000,99.3199,N
20200626454 - 00,20200617,금성지구(금성천) 우수저류지 시설사업 건설사업관리용역,제주특별자치도 제주시,PQ,885082000,872604625,98.59025774,건화+한라,99.06,763500000,100.6513,N
20200626454 - 00,20200617,금성지구(금성천) 우수저류지 시설사업 건설사업관리용역,제주특별자치도 제주시,PQ,885082000,872604625,98.59025774,평화+태신+KCI,98.97,751800000,99.0858,N
20200626454 - 00,20200617,금성지구(금성천) 우수저류지 시설사업 건설사업관리용역,제주특별자치도 제주시,PQ,885082000,872604625,98.59025774,신명+도암,98.92,770000000,101.4727,N
20200626114 - 00,20200617,영월군 생활폐기물 소각시설 설치사업 기본 및 실시설계,한국환경공단,PQ,650010000,652083575,100.3190066,건화+정,98.94,559412000,100.3815,Y
20200626114 - 00,20200617,영월군 생활폐기물 소각시설 설치사업 기본 및 실시설계,한국환경공단,PQ,650010000,652083575,100.3190066,도화+화신,97.52,566600000,101.305,N
20200626114 - 00,20200617,영월군 생활폐기물 소각시설 설치사업 기본 및 실시설계,한국환경공단,PQ,650010000,652083575,100.3190066,동부+한종+경원,97.43,556076000,99.4003,N
20200626114 - 00,20200617,영월군 생활폐기물 소각시설 설치사업 기본 및 실시설계,한국환경공단,PQ,650010000,652083575,100.3190066,벽산+일신+삼안,94.13,568700000,100.8018,N
20200626114 - 00,20200617,영월군 생활폐기물 소각시설 설치사업 기본 및 실시설계,한국환경공단,PQ,650010000,652083575,100.3190066,동일+동서,88.29,583000000,101.9215,N
2002219 - 00,20200617,양주회천 택지개발사업 2단계 조경(공원·녹지 등) 실시설계용역,한국토지주택공사,PQ,768119000,760580000,99.01851145,건화+수성+해인ENG,98.48,661600000,100.2998,N
2002219 - 00,20200617,양주회천 택지개발사업 2단계 조경(공원·녹지 등) 실시설계용역,한국토지주택공사,PQ,768119000,760580000,99.01851145,선진+동부+케이아트,97.72,667890000,101.0299,N
2002219 - 00,20200617,양주회천 택지개발사업 2단계 조경(공원·녹지 등) 실시설계용역,한국토지주택공사,PQ,768119000,760580000,99.01851145,서영+유신+동서,97.26,663330000,100.2004,N
2002219 - 00,20200617,양주회천 택지개발사업 2단계 조경(공원·녹지 등) 실시설계용역,한국토지주택공사,PQ,768119000,760580000,99.01851145,경동+도화+기산,97.23,659779000,99.6524,Y
2002219 - 00,20200617,양주회천 택지개발사업 2단계 조경(공원·녹지 등) 실시설계용역,한국토지주택공사,PQ,768119000,760580000,99.01851145,동일+한종+서호,94.33,680900000,101.9906,N
B5202002058,20200617,대산임해 해수담수화사업 도시계획시설 결정 용역,한국수자원공사,PQ,484000000,485345232,100.2779405,화신,100,402259000,100.1402,N
B5202002058,20200617,대산임해 해수담수화사업 도시계획시설 결정 용역,한국수자원공사,PQ,484000000,485345232,100.2779405,수성,100,402600000,100.2251,N
B5202002058,20200617,대산임해 해수담수화사업 도시계획시설 결정 용역,한국수자원공사,PQ,484000000,485345232,100.2779405,유신+서광,100,401688000,99.9981,N
B5202002058,20200617,대산임해 해수담수화사업 도시계획시설 결정 용역,한국수자원공사,PQ,484000000,485345232,100.2779405,한도+대성,100,402500000,100.2002,N
B5202002058,20200617,대산임해 해수담수화사업 도시계획시설 결정 용역,한국수자원공사,PQ,484000000,485345232,100.2779405,경동+드림,100,402870000,100.2923,Y
B5202002058,20200617,대산임해 해수담수화사업 도시계획시설 결정 용역,한국수자원공사,PQ,484000000,485345232,100.2779405,KG+보람,99.78,399752000,99.4801,N
B5202002058,20200617,대산임해 해수담수화사업 도시계획시설 결정 용역,한국수자원공사,PQ,484000000,485345232,100.2779405,도화,99.68,405630000,100.9308,N
B5202002058,20200617,대산임해 해수담수화사업 도시계획시설 결정 용역,한국수자원공사,PQ,484000000,485345232,100.2779405,건화,99.64,400100000,99.5548,N
B5202002058,20200617,대산임해 해수담수화사업 도시계획시설 결정 용역,한국수자원공사,PQ,484000000,485345232,100.2779405,경호+강호,99.52,399690000,99.4408,N
B5202002058,20200617,대산임해 해수담수화사업 도시계획시설 결정 용역,한국수자원공사,PQ,484000000,485345232,100.2779405,동명+장맥,99.44,435600000,108.3619,N
20200625358 - 01,20200617,이천시 소하천정비종합계획 재수립 및 지형도면고시 용역 ,경기도 이천시,PQ,4720000000,4667100600,98.87925,유신+동명,98.09,3514519000,100.3168,N
20200625358 - 01,20200617,이천시 소하천정비종합계획 재수립 및 지형도면고시 용역 ,경기도 이천시,PQ,4720000000,4667100600,98.87925,삼안+KCI+조화,97.87,3536940000,100.7667,N
20200625358 - 01,20200617,이천시 소하천정비종합계획 재수립 및 지형도면고시 용역 ,경기도 이천시,PQ,4720000000,4667100600,98.87925,이산+도화+강동,97.85,3499880000,99.6975,N
20200625358 - 01,20200617,이천시 소하천정비종합계획 재수립 및 지형도면고시 용역 ,경기도 이천시,PQ,4720000000,4667100600,98.87925,동부+KG+주하,97.78,3498770000,99.5989,N
20200625358 - 01,20200617,이천시 소하천정비종합계획 재수립 및 지형도면고시 용역 ,경기도 이천시,PQ,4720000000,4667100600,98.87925,건화+경호+KSM(경수컨설탄트),97.77,3498800000,99.5998,N
20200625358 - 01,20200617,이천시 소하천정비종합계획 재수립 및 지형도면고시 용역 ,경기도 이천시,PQ,4720000000,4667100600,98.87925,다산+서영+삼육,97.71,3539703000,100.71,N
20200625358 - 01,20200617,이천시 소하천정비종합계획 재수립 및 지형도면고시 용역 ,경기도 이천시,PQ,4720000000,4667100600,98.87925,평화+용마+(주)한종+보원,97.67,3551700000,101.0106,N
20200625358 - 01,20200617,이천시 소하천정비종합계획 재수립 및 지형도면고시 용역 ,경기도 이천시,PQ,4720000000,4667100600,98.87925,화신+선진+고려,97.52,3480639000,98.8702,N
20200625358 - 01,20200617,이천시 소하천정비종합계획 재수립 및 지형도면고시 용역 ,경기도 이천시,PQ,4720000000,4667100600,98.87925,한종,97.43,3484300000,98.8947,Y
20200625358 - 01,20200617,이천시 소하천정비종합계획 재수립 및 지형도면고시 용역 ,경기도 이천시,PQ,4720000000,4667100600,98.87925,동성+효광+극동,97.37,3479300000,98.6999,N
20200625358 - 01,20200617,이천시 소하천정비종합계획 재수립 및 지형도면고시 용역 ,경기도 이천시,PQ,4720000000,4667100600,98.87925,한기+신성,96.94,3605000000,101.8973,N
순천국토관리사무소 공고 제2020 - 16호,20200617,순천국토 제3권역 도로 통합건설사업관리용역 ,익산지방국토관리청 순천국토관리사무소,PQ,2185810000,2188799125,100.1367514,건화+경호,100,1827100000,100.7159,N
순천국토관리사무소 공고 제2020 - 16호,20200617,순천국토 제3권역 도로 통합건설사업관리용역 ,익산지방국토관리청 순천국토관리사무소,PQ,2185810000,2188799125,100.1367514,용마,100,1820281000,100.34,Y
순천국토관리사무소 공고 제2020 - 16호,20200617,순천국토 제3권역 도로 통합건설사업관리용역 ,익산지방국토관리청 순천국토관리사무소,PQ,2185810000,2188799125,100.1367514,다산+한디앤씨,100,1814839000,100.04,N
순천국토관리사무소 공고 제2020 - 16호,20200617,순천국토 제3권역 도로 통합건설사업관리용역 ,익산지방국토관리청 순천국토관리사무소,PQ,2185810000,2188799125,100.1367514,삼보+도화,100,1809396000,99.74,N
순천국토관리사무소 공고 제2020 - 16호,20200617,순천국토 제3권역 도로 통합건설사업관리용역 ,익산지방국토관리청 순천국토관리사무소,PQ,2185810000,2188799125,100.1367514,이산,99.79,1828370000,100.6767,N
순천국토관리사무소 공고 제2020 - 16호,20200617,순천국토 제3권역 도로 통합건설사업관리용역 ,익산지방국토관리청 순천국토관리사무소,PQ,2185810000,2188799125,100.1367514,동해+한종,99.72,1832575000,100.884,N
순천국토관리사무소 공고 제2020 - 16호,20200617,순천국토 제3권역 도로 통합건설사업관리용역 ,익산지방국토관리청 순천국토관리사무소,PQ,2185810000,2188799125,100.1367514,동성,99.72,1828330000,100.6503,N
순천국토관리사무소 공고 제2020 - 16호,20200617,순천국토 제3권역 도로 통합건설사업관리용역 ,익산지방국토관리청 순천국토관리사무소,PQ,2185810000,2188799125,100.1367514,서영,99.71,1833000000,100.8952,N
순천국토관리사무소 공고 제2020 - 16호,20200617,순천국토 제3권역 도로 통합건설사업관리용역 ,익산지방국토관리청 순천국토관리사무소,PQ,2185810000,2188799125,100.1367514,삼안,99.46,1837000000,100.9939,N
순천국토관리사무소 공고 제2020 - 16호,20200617,순천국토 제3권역 도로 통합건설사업관리용역 ,익산지방국토관리청 순천국토관리사무소,PQ,2185810000,2188799125,100.1367514,한기+범한,99.45,1808000000,99.3995,N
순천국토관리사무소 공고 제2020 - 16호,20200617,순천국토 제3권역 도로 통합건설사업관리용역 ,익산지방국토관리청 순천국토관리사무소,PQ,2185810000,2188799125,100.1367514,진우,98.84,2000000000,109.6259,N
20200628092 - 01,20200618,"성서1,2차산업단지 재생사업 사후환경영향조사 용역",대구광역시,PQ,980000000,991392500,101.1625,천일+건일+소운,98.25,845670000,100.4749,N
20200628092 - 01,20200618,"성서1,2차산업단지 재생사업 사후환경영향조사 용역",대구광역시,PQ,980000000,991392500,101.1625,신성+한도+효산,98.2,843280000,100.1793,N
20200628092 - 01,20200618,"성서1,2차산업단지 재생사업 사후환경영향조사 용역",대구광역시,PQ,980000000,991392500,101.1625,도화+DS,98.08,842000000,99.9923,N
20200628092 - 01,20200618,"성서1,2차산업단지 재생사업 사후환경영향조사 용역",대구광역시,PQ,980000000,991392500,101.1625,대콘+경호+현대,97.88,846800000,100.5155,N
20200628092 - 01,20200618,"성서1,2차산업단지 재생사업 사후환경영향조사 용역",대구광역시,PQ,980000000,991392500,101.1625,선진+청명+휴먼,97.73,847049000,100.51,N
20200628092 - 01,20200618,"성서1,2차산업단지 재생사업 사후환경영향조사 용역",대구광역시,PQ,980000000,991392500,101.1625,동일+동진+CNS,97.67,837800000,99.3894,N
20200628092 - 01,20200618,"성서1,2차산업단지 재생사업 사후환경영향조사 용역",대구광역시,PQ,980000000,991392500,101.1625,KG+다올,97.64,837720000,99.3799,N
20200628092 - 01,20200618,"성서1,2차산업단지 재생사업 사후환경영향조사 용역",대구광역시,PQ,980000000,991392500,101.1625,수성+세원+레오,97.58,840532000,99.6903,N
20200628092 - 01,20200618,"성서1,2차산업단지 재생사업 사후환경영향조사 용역",대구광역시,PQ,980000000,991392500,101.1625,동성+세일+퍼스트,97.12,850455000,100.7501,N
20200628092 - 01,20200618,"성서1,2차산업단지 재생사업 사후환경영향조사 용역",대구광역시,PQ,980000000,991392500,101.1625,삼안+보람+우신,96.81,855470000,101.2619,Y
20200628092 - 01,20200618,"성서1,2차산업단지 재생사업 사후환경영향조사 용역",대구광역시,PQ,980000000,991392500,101.1625,한맥+해동+장원,96.66,834900000,98.7927,N
20200628092 - 01,20200618,"성서1,2차산업단지 재생사업 사후환경영향조사 용역",대구광역시,PQ,980000000,991392500,101.1625,홍익+현대E,96.52,834410000,98.7004,N
20200628092 - 01,20200618,"성서1,2차산업단지 재생사업 사후환경영향조사 용역",대구광역시,PQ,980000000,991392500,101.1625,다산+동해+연컨,96.45,856328000,101.2695,N
20200628092 - 01,20200618,"성서1,2차산업단지 재생사업 사후환경영향조사 용역",대구광역시,PQ,980000000,991392500,101.1625,동명+중앙방재,96.44,835200000,98.7709,N
20200628092 - 01,20200618,"성서1,2차산업단지 재생사업 사후환경영향조사 용역",대구광역시,PQ,980000000,991392500,101.1625,동부+새길+중천,96.16,854700000,101.0068,N
20200628092 - 01,20200618,"성서1,2차산업단지 재생사업 사후환경영향조사 용역",대구광역시,PQ,980000000,991392500,101.1625,화신+서영+덕영,96.14,835097000,98.6901,N
20200628092 - 01,20200618,"성서1,2차산업단지 재생사업 사후환경영향조사 용역",대구광역시,PQ,980000000,991392500,101.1625,동아+KCI+다원,96.05,860000000,101.6096,N
20200628092 - 01,20200618,"성서1,2차산업단지 재생사업 사후환경영향조사 용역",대구광역시,PQ,980000000,991392500,101.1625,평화+이에트,95.86,835000000,98.5987,N
20200628092 - 01,20200618,"성서1,2차산업단지 재생사업 사후환경영향조사 용역",대구광역시,PQ,980000000,991392500,101.1625,건화+정솔,94.98,868000000,102.2706,N
2002275 - 00,20200618,안산장상 공공주택지구 조성사업 환경영향평가용역,한국토지주택공사,PQ,1438250000,1441062000,100.1955154,선진+도화+동진,99.1,1171000000,100.9841,Y
2002275 - 00,20200618,안산장상 공공주택지구 조성사업 환경영향평가용역,한국토지주택공사,PQ,1438250000,1441062000,100.1955154,이산+수성+평화+한국환경,98.93,1159872000,99.8757,N
2002275 - 00,20200618,안산장상 공공주택지구 조성사업 환경영향평가용역,한국토지주택공사,PQ,1438250000,1441062000,100.1955154,동부+한맥+KG+IK,98.63,1173656000,100.8005,N
2002275 - 00,20200618,안산장상 공공주택지구 조성사업 환경영향평가용역,한국토지주택공사,PQ,1438250000,1441062000,100.1955154,신성+서영+동아+덕영,98.6,1158350000,99.4614,N
2002275 - 00,20200618,안산장상 공공주택지구 조성사업 환경영향평가용역,한국토지주택공사,PQ,1438250000,1441062000,100.1955154,동성+동일+퍼스트,98.26,1158730000,99.2,N
2002275 - 00,20200618,안산장상 공공주택지구 조성사업 환경영향평가용역,한국토지주택공사,PQ,1438250000,1441062000,100.1955154,동명+예평+중앙방재,98.05,1189000000,101.6038,N
2002275 - 00,20200618,안산장상 공공주택지구 조성사업 환경영향평가용역,한국토지주택공사,PQ,1438250000,1441062000,100.1955154,삼안+건화+다산+디에스,98.03,1156320000,98.799,N
2002275 - 00,20200618,안산장상 공공주택지구 조성사업 환경영향평가용역,한국토지주택공사,PQ,1438250000,1441062000,100.1955154,유신+동해+CNS,96.33,1265660000,106.5827,N
2002273 - 00,20200618,부천대장 공공주택지구 조성사업 환경영향평가용역,한국토지주택공사,PQ,1853390000,1842801000,99.42866855,수성+이산+한종+보드플랜,99.54,1501699999,100.8708,N
2002273 - 00,20200618,부천대장 공공주택지구 조성사업 환경영향평가용역,한국토지주택공사,PQ,1853390000,1842801000,99.42866855,신성+동아+서영+효산,98.92,1491580000,99.6576,Y
2002273 - 00,20200618,부천대장 공공주택지구 조성사업 환경영향평가용역,한국토지주택공사,PQ,1853390000,1842801000,99.42866855,평화+홍익+우신,98.79,1492170000,99.586,N
2002273 - 00,20200618,부천대장 공공주택지구 조성사업 환경영향평가용역,한국토지주택공사,PQ,1853390000,1842801000,99.42866855,도화+선진+신일환경,98.68,1518300000,101.2297,N
2002273 - 00,20200618,부천대장 공공주택지구 조성사업 환경영향평가용역,한국토지주택공사,PQ,1853390000,1842801000,99.42866855,동성+동일+한맥+다원,98.54,1492098000,99.36,N
2002273 - 00,20200618,부천대장 공공주택지구 조성사업 환경영향평가용역,한국토지주택공사,PQ,1853390000,1842801000,99.42866855,다산+건화+삼안+레오,98.16,1515266000,100.58,N
2002273 - 00,20200618,부천대장 공공주택지구 조성사업 환경영향평가용역,한국토지주택공사,PQ,1853390000,1842801000,99.42866855,유신+동해종합+씨엔에스,96.55,1630983000,106.7767,N
20200628446 - 00,20200618,도봉산~옥정 광역철도 건설공사 사후 지하안전 영향조사용역,경기도청 북부청사,PQ,898000000,908868100,101.2102561,유신+동부,100,777419000,101.26,Y
20200628446 - 00,20200618,도봉산~옥정 광역철도 건설공사 사후 지하안전 영향조사용역,경기도청 북부청사,PQ,898000000,908868100,101.2102561,동명+서영,100,766977000,99.9,N
20200628446 - 00,20200618,도봉산~옥정 광역철도 건설공사 사후 지하안전 영향조사용역,경기도청 북부청사,PQ,898000000,908868100,101.2102561,동일+KG,95.1,800000000,102.9014,N
20200628446 - 00,20200618,도봉산~옥정 광역철도 건설공사 사후 지하안전 영향조사용역,경기도청 북부청사,PQ,898000000,908868100,101.2102561,건화+평화,95,766800000,98.6082,N
20200625786 - 01,20200618,영주시 소규모 공공시설 안전점검 및 정비계획 수립 용역,경상북도 영주시,PQ,1980000000,1951468200,98.559,동부+동진+보람,100,1547390000,100.2,N
20200625786 - 01,20200618,영주시 소규모 공공시설 안전점검 및 정비계획 수립 용역,경상북도 영주시,PQ,1980000000,1951468200,98.559,도화+금일+주하,99.62,1565500000,101.0488,N
20200625786 - 01,20200618,영주시 소규모 공공시설 안전점검 및 정비계획 수립 용역,경상북도 영주시,PQ,1980000000,1951468200,98.559,건화+KCI+한도,99.43,1540700000,99.2958,Y
20200625786 - 01,20200618,영주시 소규모 공공시설 안전점검 및 정비계획 수립 용역,경상북도 영주시,PQ,1980000000,1951468200,98.559,한종+청명+삼경,99.05,1541200000,99.0247,N
20200625786 - 01,20200618,영주시 소규모 공공시설 안전점검 및 정비계획 수립 용역,경상북도 영주시,PQ,1980000000,1951468200,98.559,유신+경동+건일,98.37,1594374000,101.871,N
20200625786 - 01,20200618,영주시 소규모 공공시설 안전점검 및 정비계획 수립 용역,경상북도 영주시,PQ,1980000000,1951468200,98.559,삼안+다산+유현,98.29,1540990000,98.3978,N
20200625786 - 01,20200618,영주시 소규모 공공시설 안전점검 및 정비계획 수립 용역,경상북도 영주시,PQ,1980000000,1951468200,98.559,평화+동성+한백,97.58,1606900000,102.026,N
20200625786 - 01,20200618,영주시 소규모 공공시설 안전점검 및 정비계획 수립 용역,경상북도 영주시,PQ,1980000000,1951468200,98.559,화신+현대+극동+서광,96.87,1861200000,117.4927,N
20200627529 - 00,20200619,논산시 상수도관망 전문기술진단 용역,충청남도 논산시 행복도시국 맑은물과,PQ,700000000,705187000,100.741,동명+천마,98.79,601856000,100.25,N
20200627529 - 00,20200619,논산시 상수도관망 전문기술진단 용역,충청남도 논산시 행복도시국 맑은물과,PQ,700000000,705187000,100.741,도화+경동,98.2,597100000,99.3073,N
20200627529 - 00,20200619,논산시 상수도관망 전문기술진단 용역,충청남도 논산시 행복도시국 맑은물과,PQ,700000000,705187000,100.741,건양+드림,98,599499000,99.6599,N
20200627529 - 00,20200619,논산시 상수도관망 전문기술진단 용역,충청남도 논산시 행복도시국 맑은물과,PQ,700000000,705187000,100.741,삼안+한맥,97.8,597080000,99.2,N
20200627529 - 00,20200619,논산시 상수도관망 전문기술진단 용역,충청남도 논산시 행복도시국 맑은물과,PQ,700000000,705187000,100.741,건화+수성E,97.74,607980000,100.9992,N
20200627529 - 00,20200619,논산시 상수도관망 전문기술진단 용역,충청남도 논산시 행복도시국 맑은물과,PQ,700000000,705187000,100.741,한종+세일,97.7,605700000,100.6088,N
20200627529 - 00,20200619,논산시 상수도관망 전문기술진단 용역,충청남도 논산시 행복도시국 맑은물과,PQ,700000000,705187000,100.741,HEC+계림+경호,97.6,607300000,100.8511,Y
20200629122 - 00,20200619,강릉~제진 단선전철 건설사업 전략환경영향평가,국토교통부,PQ,492100000,493529575,100.290505,도화+신일,98.96,428640000,100.4141,N
20200629122 - 00,20200619,강릉~제진 단선전철 건설사업 전략환경영향평가,국토교통부,PQ,492100000,493529575,100.290505,한종+소운,98.96,428333000,100.3422,N
20200629122 - 00,20200619,강릉~제진 단선전철 건설사업 전략환경영향평가,국토교통부,PQ,492100000,493529575,100.290505,한맥+중천,98.96,423038000,99.1018,N
20200629122 - 00,20200619,강릉~제진 단선전철 건설사업 전략환경영향평가,국토교통부,PQ,492100000,493529575,100.290505,동아+자연과사람,98.96,428160000,100.3017,Y
20200629122 - 00,20200619,강릉~제진 단선전철 건설사업 전략환경영향평가,국토교통부,PQ,492100000,493529575,100.290505,이산+엔탑,98.94,425880000,99.7676,N
20200629122 - 00,20200619,강릉~제진 단선전철 건설사업 전략환경영향평가,국토교통부,PQ,492100000,493529575,100.290505,삼안+휴먼,98.94,429220000,100.55,N
20200629122 - 00,20200619,강릉~제진 단선전철 건설사업 전략환경영향평가,국토교통부,PQ,492100000,493529575,100.290505,선진+한국환경,98.94,428950000,100.4868,N
20200629122 - 00,20200619,강릉~제진 단선전철 건설사업 전략환경영향평가,국토교통부,PQ,492100000,493529575,100.290505,동성+DS,98.94,424655000,99.4806,N
20200629122 - 00,20200619,강릉~제진 단선전철 건설사업 전략환경영향평가,국토교통부,PQ,492100000,493529575,100.290505,경동+선진환경,98.94,423198000,99.1393,N
20200629122 - 00,20200619,강릉~제진 단선전철 건설사업 전략환경영향평가,국토교통부,PQ,492100000,493529575,100.290505,신성+효산,98.94,428780000,100.4469,N
20200629122 - 00,20200619,강릉~제진 단선전철 건설사업 전략환경영향평가,국토교통부,PQ,492100000,493529575,100.290505,동해+다원,98.94,424396300,99.42,N
20200629122 - 00,20200619,강릉~제진 단선전철 건설사업 전략환경영향평가,국토교통부,PQ,492100000,493529575,100.290505,건화+우신,98.91,425000000,99.5614,N
20200629122 - 00,20200619,강릉~제진 단선전철 건설사업 전략환경영향평가,국토교통부,PQ,492100000,493529575,100.290505,다산+국토환경,98.77,428751000,100.4401,N
20200629122 - 00,20200619,강릉~제진 단선전철 건설사업 전략환경영향평가,국토교통부,PQ,492100000,493529575,100.290505,화신+CNS+마린,98.71,427560000,100.1611,N
20200629122 - 00,20200619,강릉~제진 단선전철 건설사업 전략환경영향평가,국토교통부,PQ,492100000,493529575,100.290505,동명+보드플랜,98.65,426660000,99.9503,N
20200629122 - 00,20200619,강릉~제진 단선전철 건설사업 전략환경영향평가,국토교통부,PQ,492100000,493529575,100.290505,수성+덕영,98.64,427218000,100.081,N
20200629122 - 00,20200619,강릉~제진 단선전철 건설사업 전략환경영향평가,국토교통부,PQ,492100000,493529575,100.290505,동일,98.5,425248000,99.6195,N
20200629122 - 00,20200619,강릉~제진 단선전철 건설사업 전략환경영향평가,국토교통부,PQ,492100000,493529575,100.290505,홍익,98.5,425548000,99.6898,N
20200629122 - 00,20200619,강릉~제진 단선전철 건설사업 전략환경영향평가,국토교통부,PQ,492100000,493529575,100.290505,평화,98.5,429690000,100.6601,N
20200629122 - 00,20200619,강릉~제진 단선전철 건설사업 전략환경영향평가,국토교통부,PQ,492100000,493529575,100.290505,동부+세광,98.5,429220000,100.55,N
20200629122 - 00,20200619,강릉~제진 단선전철 건설사업 전략환경영향평가,국토교통부,PQ,492100000,493529575,100.290505,천일,98.5,425130000,99.5919,N
20200629122 - 00,20200619,강릉~제진 단선전철 건설사업 전략환경영향평가,국토교통부,PQ,492100000,493529575,100.290505,KG+보람,98.41,430240000,100.789,N
20200629122 - 00,20200619,강릉~제진 단선전철 건설사업 전략환경영향평가,국토교통부,PQ,492100000,493529575,100.290505,서영+퍼스트,98.28,428370000,100.3509,N
20200629122 - 00,20200619,강릉~제진 단선전철 건설사업 전략환경영향평가,국토교통부,PQ,492100000,493529575,100.290505,경호,97.9,424688000,99.4883,N
20200629122 - 00,20200619,강릉~제진 단선전철 건설사업 전략환경영향평가,국토교통부,PQ,492100000,493529575,100.290505,KCI,97.5,425380000,99.6504,N
20200629122 - 00,20200619,강릉~제진 단선전철 건설사업 전략환경영향평가,국토교통부,PQ,492100000,493529575,100.290505,유신+레오+대현,96.85,433070000,101.3351,N
20200629122 - 00,20200619,강릉~제진 단선전철 건설사업 전략환경영향평가,국토교통부,PQ,492100000,493529575,100.290505,대콘+청운,97.55,431562000,100.9822,N
20200629122 - 00,20200619,강릉~제진 단선전철 건설사업 전략환경영향평가,국토교통부,PQ,492100000,493529575,100.290505,예평,96.17,429570000,100.4699,N
20200629122 - 00,20200619,강릉~제진 단선전철 건설사업 전략환경영향평가,국토교통부,PQ,492100000,493529575,100.290505,드림+IK,97.5,424600000,99.296,N
20200629351 - 00,20200619,예천군 자연재해저감종합계획 재수립 용역,경상북도 예천군,PQ,1500000000,1498702500,99.9135,도화+한도+한백,99.14,1187500000,100.7786,Y
20200629351 - 00,20200619,예천군 자연재해저감종합계획 재수립 용역,경상북도 예천군,PQ,1500000000,1498702500,99.9135,한종+청명+동서,98.74,1179000000,99.7399,N
20200629351 - 00,20200619,예천군 자연재해저감종합계획 재수립 용역,경상북도 예천군,PQ,1500000000,1498702500,99.9135,동부+동성+한맥,98.64,1176032000,99.4005,N
20200629351 - 00,20200619,예천군 자연재해저감종합계획 재수립 용역,경상북도 예천군,PQ,1500000000,1498702500,99.9135,삼안+KCI+삼보,98.58,1176670000,99.4166,N
20200629351 - 00,20200619,예천군 자연재해저감종합계획 재수립 용역,경상북도 예천군,PQ,1500000000,1498702500,99.9135,화신+건일+극동+현대기술,98.56,1197220000,101.1272,N
20200629351 - 00,20200619,예천군 자연재해저감종합계획 재수립 용역,경상북도 예천군,PQ,1500000000,1498702500,99.9135,이산+강동건설+서광,98.4,1193980000,100.7259,N
20200629351 - 00,20200619,예천군 자연재해저감종합계획 재수립 용역,경상북도 예천군,PQ,1500000000,1498702500,99.9135,동명+강산+화성+해동,98.28,1173400000,98.8897,N
20200629351 - 00,20200619,예천군 자연재해저감종합계획 재수립 용역,경상북도 예천군,PQ,1500000000,1498702500,99.9135,다산+정+일신,98.27,1171743000,98.75,N
20200629351 - 00,20200619,예천군 자연재해저감종합계획 재수립 용역,경상북도 예천군,PQ,1500000000,1498702500,99.9135,건화+보원+경동,98.2,1206800000,101.6402,N
20200629351 - 00,20200619,예천군 자연재해저감종합계획 재수립 용역,경상북도 예천군,PQ,1500000000,1498702500,99.9135,유신+보람+원우,98.19,1173315000,98.82,N
20200629351 - 00,20200619,예천군 자연재해저감종합계획 재수립 용역,경상북도 예천군,PQ,1500000000,1498702500,99.9135,평화+경호+해인+청우,98.18,1171600000,98.6631,N
20200629351 - 00,20200619,예천군 자연재해저감종합계획 재수립 용역,경상북도 예천군,PQ,1500000000,1498702500,99.9135,KG+주하,97.89,1450000000,121.8155,N
20200631458 - 01,20200622,창원시 도시교통정비 기본계획(변경) 및 중기계획 수립,경상남도 창원시,PQ,350000000,345095625,98.59875,동명+경화,96.12,303850000,99.7006,N
20200631458 - 01,20200622,창원시 도시교통정비 기본계획(변경) 및 중기계획 수립,경상남도 창원시,PQ,350000000,345095625,98.59875,수성+경동+신성,95.18,304183000,99.7182,N
20200631458 - 01,20200622,창원시 도시교통정비 기본계획(변경) 및 중기계획 수립,경상남도 창원시,PQ,350000000,345095625,98.59875,서영+한성,95.04,305800000,100.2253,N
20200631458 - 01,20200622,창원시 도시교통정비 기본계획(변경) 및 중기계획 수립,경상남도 창원시,PQ,350000000,345095625,98.59875,KG+한가람,93.96,303080000,99.2314,N
20200631458 - 01,20200622,창원시 도시교통정비 기본계획(변경) 및 중기계획 수립,경상남도 창원시,PQ,350000000,345095625,98.59875,도화+우리,93.94,303550000,99.3853,N
20200631458 - 01,20200622,창원시 도시교통정비 기본계획(변경) 및 중기계획 수립,경상남도 창원시,PQ,350000000,345095625,98.59875,한종+이솔,93.87,306680000,100.3986,N
20200631458 - 01,20200622,창원시 도시교통정비 기본계획(변경) 및 중기계획 수립,경상남도 창원시,PQ,350000000,345095625,98.59875,경호+로텍,93.13,309560000,101.2718,N
20200631458 - 01,20200622,창원시 도시교통정비 기본계획(변경) 및 중기계획 수립,경상남도 창원시,PQ,350000000,345095625,98.59875,동일+천진,92.62,308700000,100.9442,N
20200631458 - 01,20200622,창원시 도시교통정비 기본계획(변경) 및 중기계획 수립,경상남도 창원시,PQ,350000000,345095625,98.59875,유신+KSM,92.22,303138000,99.0801,N
20200631458 - 01,20200622,창원시 도시교통정비 기본계획(변경) 및 중기계획 수립,경상남도 창원시,PQ,350000000,345095625,98.59875,화신+신화,91.52,311735000,101.8201,N
20200631458 - 01,20200622,창원시 도시교통정비 기본계획(변경) 및 중기계획 수립,경상남도 창원시,PQ,350000000,345095625,98.59875,보람+하우+건화,91.24,309999000,101.2299,N
20200631458 - 01,20200622,창원시 도시교통정비 기본계획(변경) 및 중기계획 수립,경상남도 창원시,PQ,350000000,345095625,98.59875,평화+금성,90.16,302368000,98.6366,Y
20200632100 - 00,20200623,증평군 노후하수관로 정비사업 감독권한대행등 건설사업관리용역,충청북도 증평군 상하수도사업소,PQ,1298208000,1283992675,98.90500405,건화+홍익,100,1014000000,100.1445,N
20200632100 - 00,20200623,증평군 노후하수관로 정비사업 감독권한대행등 건설사업관리용역,충청북도 증평군 상하수도사업소,PQ,1298208000,1283992675,98.90500405,도화+진우,100,1004900000,99.2457,Y
20200632100 - 00,20200623,증평군 노후하수관로 정비사업 감독권한대행등 건설사업관리용역,충청북도 증평군 상하수도사업소,PQ,1298208000,1283992675,98.90500405,한종+영진+오이디,100,1009470000,99.6971,N
20200632100 - 00,20200623,증평군 노후하수관로 정비사업 감독권한대행등 건설사업관리용역,충청북도 증평군 상하수도사업소,PQ,1298208000,1283992675,98.90500405,동명+대원,100,1010000000,99.7494,N
20200632100 - 00,20200623,증평군 노후하수관로 정비사업 감독권한대행등 건설사업관리용역,충청북도 증평군 상하수도사업소,PQ,1298208000,1283992675,98.90500405,선진+동림+천일,100,1013880000,100.1326,N
20200632100 - 00,20200623,증평군 노후하수관로 정비사업 감독권한대행등 건설사업관리용역,충청북도 증평군 상하수도사업소,PQ,1298208000,1283992675,98.90500405,동성+창민,100,1019118000,100.6499,N
20200632100 - 00,20200623,증평군 노후하수관로 정비사업 감독권한대행등 건설사업관리용역,충청북도 증평군 상하수도사업소,PQ,1298208000,1283992675,98.90500405,경호+해림+서영,100,1019000000,100.6383,N
20200632100 - 00,20200623,증평군 노후하수관로 정비사업 감독권한대행등 건설사업관리용역,충청북도 증평군 상하수도사업소,PQ,1298208000,1283992675,98.90500405,범한+도우,100,1011530000,99.9005,N
20200632100 - 00,20200623,증평군 노후하수관로 정비사업 감독권한대행등 건설사업관리용역,충청북도 증평군 상하수도사업소,PQ,1298208000,1283992675,98.90500405,경동+수일+용마,100,1007500000,99.5025,N
20200632100 - 00,20200623,증평군 노후하수관로 정비사업 감독권한대행등 건설사업관리용역,충청북도 증평군 상하수도사업소,PQ,1298208000,1283992675,98.90500405,이산+오성,100,1006500000,99.4037,N
20200632100 - 00,20200623,증평군 노후하수관로 정비사업 감독권한대행등 건설사업관리용역,충청북도 증평군 상하수도사업소,PQ,1298208000,1283992675,98.90500405,KG+청우,100,1007576000,99.51,N
20200632100 - 00,20200623,증평군 노후하수관로 정비사업 감독권한대행등 건설사업관리용역,충청북도 증평군 상하수도사업소,PQ,1298208000,1283992675,98.90500405,건양+KCI,99.89,1001717000,98.83,N
20200632100 - 00,20200623,증평군 노후하수관로 정비사업 감독권한대행등 건설사업관리용역,충청북도 증평군 상하수도사업소,PQ,1298208000,1283992675,98.90500405,경원+옥토,99.8,1269000000,125.1202,N
20200632100 - 00,20200623,증평군 노후하수관로 정비사업 감독권한대행등 건설사업관리용역,충청북도 증평군 상하수도사업소,PQ,1298208000,1283992675,98.90500405,신명+단+아라,99.75,1002410000,98.7971,N
20200631787 - 00,20200622,노온정수장 고도정수처리시설 기본 및 실시설계용역,경기도 광명시,TP,3789600000,3766587700,99.39275121,도화+HEC+건화+경호,96.78,2930000000,102.9999,Y
20200631787 - 00,20200622,노온정수장 고도정수처리시설 기본 및 실시설계용역,경기도 광명시,TP,3789600000,3766587700,99.39275121,한종+서영,95.15,2861505000,99.2174,N
20200631787 - 00,20200622,노온정수장 고도정수처리시설 기본 및 실시설계용역,경기도 광명시,TP,3789600000,3766587700,99.39275121,동성+삼주,86.93,3145000000,101.9975,N
20200633233 - 00,20200623,"정봉동, 율량동 하수관로 정비사업 건설사업관리용역",충청북도 청주시,PQ,1501500000,1492780100,99.41925408,건화+영진,100,1170200000,99.9236,Y
20200633233 - 00,20200623,"정봉동, 율량동 하수관로 정비사업 건설사업관리용역",충청북도 청주시,PQ,1501500000,1492780100,99.41925408,도화+홍익,100,1173800000,100.231,N
20200633233 - 00,20200623,"정봉동, 율량동 하수관로 정비사업 건설사업관리용역",충청북도 청주시,PQ,1501500000,1492780100,99.41925408,동명+건양,100,1176890000,100.4948,N
20200633233 - 00,20200623,"정봉동, 율량동 하수관로 정비사업 건설사업관리용역",충청북도 청주시,PQ,1501500000,1492780100,99.41925408,삼안+청우건축,99.85,1171940000,99.944,N
20200633233 - 00,20200623,"정봉동, 율량동 하수관로 정비사업 건설사업관리용역",충청북도 청주시,PQ,1501500000,1492780100,99.41925408,한종+지명,99.78,1180000000,100.567,N
20200633233 - 00,20200623,"정봉동, 율량동 하수관로 정비사업 건설사업관리용역",충청북도 청주시,PQ,1501500000,1492780100,99.41925408,동부+오성,99.75,1180100000,100.5626,N
20200633233 - 00,20200623,"정봉동, 율량동 하수관로 정비사업 건설사업관리용역",충청북도 청주시,PQ,1501500000,1492780100,99.41925408,극동+건일,99.74,1182977000,100.7949,N
20200633233 - 00,20200623,"정봉동, 율량동 하수관로 정비사업 건설사업관리용역",충청북도 청주시,PQ,1501500000,1492780100,99.41925408,천일+한맥E+서윤,99.67,1164400000,99.1487,N
20200633233 - 00,20200623,"정봉동, 율량동 하수관로 정비사업 건설사업관리용역",충청북도 청주시,PQ,1501500000,1492780100,99.41925408,동성+가원,99.65,1162099000,98.9401,N
20200633233 - 00,20200623,"정봉동, 율량동 하수관로 정비사업 건설사업관리용역",충청북도 청주시,PQ,1501500000,1492780100,99.41925408,이산+창민,99.65,1161630000,98.9001,N
20200633233 - 00,20200623,"정봉동, 율량동 하수관로 정비사업 건설사업관리용역",충청북도 청주시,PQ,1501500000,1492780100,99.41925408,용마+평화+해린,99.64,1162590000,98.9692,N
20200633233 - 00,20200623,"정봉동, 율량동 하수관로 정비사업 건설사업관리용역",충청북도 청주시,PQ,1501500000,1492780100,99.41925408,경원+대원,99.6,1164200000,99.081,N
20200633233 - 00,20200623,"정봉동, 율량동 하수관로 정비사업 건설사업관리용역",충청북도 청주시,PQ,1501500000,1492780100,99.41925408,선진+수일,99.54,1162980000,98.9266,N
20200633233 - 00,20200623,"정봉동, 율량동 하수관로 정비사업 건설사업관리용역",충청북도 청주시,PQ,1501500000,1492780100,99.41925408,신명+태광,99.51,1189981000,101.1975,N
20200633233 - 00,20200623,"정봉동, 율량동 하수관로 정비사업 건설사업관리용역",충청북도 청주시,PQ,1501500000,1492780100,99.41925408,범한+도우,99.44,1188260000,100.9995,N
20200633233 - 00,20200623,"정봉동, 율량동 하수관로 정비사업 건설사업관리용역",충청북도 청주시,PQ,1501500000,1492780100,99.41925408,KG+유일,99.44,1190970000,101.2299,N
20200633233 - 00,20200623,"정봉동, 율량동 하수관로 정비사업 건설사업관리용역",충청북도 청주시,PQ,1501500000,1492780100,99.41925408,동해+진우,99.34,1194980000,101.4801,N
20200633233 - 00,20200623,"정봉동, 율량동 하수관로 정비사업 건설사업관리용역",충청북도 청주시,PQ,1501500000,1492780100,99.41925408,경동+동림,99.3,1190880000,101.1061,N
20200633233 - 00,20200623,"정봉동, 율량동 하수관로 정비사업 건설사업관리용역",충청북도 청주시,PQ,1501500000,1492780100,99.41925408,제일+도명,99.27,1197000000,101.5998,N
20200633233 - 00,20200623,"정봉동, 율량동 하수관로 정비사업 건설사업관리용역",충청북도 청주시,PQ,1501500000,1492780100,99.41925408,대콘+한광,99.25,1159432000,98.3985,N
20200633233 - 00,20200623,"정봉동, 율량동 하수관로 정비사업 건설사업관리용역",충청북도 청주시,PQ,1501500000,1492780100,99.41925408,서영+해림,99.25,1199000000,101.7566,N
20200633233 - 00,20200623,"정봉동, 율량동 하수관로 정비사업 건설사업관리용역",충청북도 청주시,PQ,1501500000,1492780100,99.41925408,KCM+세광,99.23,1204000000,102.1549,N
20200633233 - 00,20200623,"정봉동, 율량동 하수관로 정비사업 건설사업관리용역",충청북도 청주시,PQ,1501500000,1492780100,99.41925408,화신+명지+한맥,98.72,1411410000,119.2666,N
20200635034 - 00,20200624,2020년 이천시 시도 및 농어촌도로 확포장공사 통합건설사업관리용역,경기도 이천시,PQ,1455581000,1449831525,99.60500481,건화+국성,100,1148000000,101.1204,N
20200635034 - 00,20200624,2020년 이천시 시도 및 농어촌도로 확포장공사 통합건설사업관리용역,경기도 이천시,PQ,1455581000,1449831525,99.60500481,도화+선진,100,1138900000,100.3188,N
20200635034 - 00,20200624,2020년 이천시 시도 및 농어촌도로 확포장공사 통합건설사업관리용역,경기도 이천시,PQ,1455581000,1449831525,99.60500481,삼안+삼우+태조,100,1140700000,100.4774,N
20200635034 - 00,20200624,2020년 이천시 시도 및 농어촌도로 확포장공사 통합건설사업관리용역,경기도 이천시,PQ,1455581000,1449831525,99.60500481,한종+천마,100,1144110000,100.7777,N
20200635034 - 00,20200624,2020년 이천시 시도 및 농어촌도로 확포장공사 통합건설사업관리용역,경기도 이천시,PQ,1455581000,1449831525,99.60500481,동명+정엔,100,1140800000,100.4862,N
20200635034 - 00,20200624,2020년 이천시 시도 및 농어촌도로 확포장공사 통합건설사업관리용역,경기도 이천시,PQ,1455581000,1449831525,99.60500481,KSM+효광,100,1131946000,99.7063,N
20200635034 - 00,20200624,2020년 이천시 시도 및 농어촌도로 확포장공사 통합건설사업관리용역,경기도 이천시,PQ,1455581000,1449831525,99.60500481,KG+보람,100,1127670000,99.3296,N
20200635034 - 00,20200624,2020년 이천시 시도 및 농어촌도로 확포장공사 통합건설사업관리용역,경기도 이천시,PQ,1455581000,1449831525,99.60500481,경동+㈜한종,100,1129965000,99.5318,N
20200635034 - 00,20200624,2020년 이천시 시도 및 농어촌도로 확포장공사 통합건설사업관리용역,경기도 이천시,PQ,1455581000,1449831525,99.60500481,경원+세일,100,1134260000,99.9101,N
20200635034 - 00,20200624,2020년 이천시 시도 및 농어촌도로 확포장공사 통합건설사업관리용역,경기도 이천시,PQ,1455581000,1449831525,99.60500481,경호+동서,100,1127580000,99.3217,N
20200635034 - 00,20200624,2020년 이천시 시도 및 농어촌도로 확포장공사 통합건설사업관리용역,경기도 이천시,PQ,1455581000,1449831525,99.60500481,극동+건영,100,1141637000,100.5599,N
20200635034 - 00,20200624,2020년 이천시 시도 및 농어촌도로 확포장공사 통합건설사업관리용역,경기도 이천시,PQ,1455581000,1449831525,99.60500481,내경+한맥,100,1147427000,101.0699,N
20200635034 - 00,20200624,2020년 이천시 시도 및 농어촌도로 확포장공사 통합건설사업관리용역,경기도 이천시,PQ,1455581000,1449831525,99.60500481,다산+효산,100,1138346000,100.27,N
20200635034 - 00,20200624,2020년 이천시 시도 및 농어촌도로 확포장공사 통합건설사업관리용역,경기도 이천시,PQ,1455581000,1449831525,99.60500481,동부+한울,100,1141074000,100.5103,N
20200635034 - 00,20200624,2020년 이천시 시도 및 농어촌도로 확포장공사 통합건설사업관리용역,경기도 이천시,PQ,1455581000,1449831525,99.60500481,동성+오이디,100,1133237000,99.82,N
20200635034 - 00,20200624,2020년 이천시 시도 및 농어촌도로 확포장공사 통합건설사업관리용역,경기도 이천시,PQ,1455581000,1449831525,99.60500481,동일+목양,100,1129599000,99.4996,N
20200635034 - 00,20200624,2020년 이천시 시도 및 농어촌도로 확포장공사 통합건설사업관리용역,경기도 이천시,PQ,1455581000,1449831525,99.60500481,서영+천일,100,1142660000,100.65,N
20200635034 - 00,20200624,2020년 이천시 시도 및 농어촌도로 확포장공사 통합건설사업관리용역,경기도 이천시,PQ,1455581000,1449831525,99.60500481,수성+토아,100,1134826000,99.96,N
20200635034 - 00,20200624,2020년 이천시 시도 및 농어촌도로 확포장공사 통합건설사업관리용역,경기도 이천시,PQ,1455581000,1449831525,99.60500481,신명+다음+한올,100,1131300000,99.6494,Y
20200635034 - 00,20200624,2020년 이천시 시도 및 농어촌도로 확포장공사 통합건설사업관리용역,경기도 이천시,PQ,1455581000,1449831525,99.60500481,신성+우빈,100,1132980000,99.7974,N
20200635034 - 00,20200624,2020년 이천시 시도 및 농어촌도로 확포장공사 통합건설사업관리용역,경기도 이천시,PQ,1455581000,1449831525,99.60500481,용마+삼보,100,1123700000,98.98,N
20200635034 - 00,20200624,2020년 이천시 시도 및 농어촌도로 확포장공사 통합건설사업관리용역,경기도 이천시,PQ,1455581000,1449831525,99.60500481,유신+서현,100,1136495000,100.107,N
20200635034 - 00,20200624,2020년 이천시 시도 및 농어촌도로 확포장공사 통합건설사업관리용역,경기도 이천시,PQ,1455581000,1449831525,99.60500481,이산+더원,100,1139500000,100.3717,N
20200635034 - 00,20200624,2020년 이천시 시도 및 농어촌도로 확포장공사 통합건설사업관리용역,경기도 이천시,PQ,1455581000,1449831525,99.60500481,하이콘+케이탑,100,1141500000,100.5478,N
20200635034 - 00,20200624,2020년 이천시 시도 및 농어촌도로 확포장공사 통합건설사업관리용역,경기도 이천시,PQ,1455581000,1449831525,99.60500481,홍익+테크피아,100,1123360000,98.95,N
20200635034 - 00,20200624,2020년 이천시 시도 및 농어촌도로 확포장공사 통합건설사업관리용역,경기도 이천시,PQ,1455581000,1449831525,99.60500481,대콘+이도,99.83,1411235000,124.1321,N
20200634543 - 00,20200624,오산시 지방상수도 현대화사업 기본 및 실시설계 용역,경기도 오산시 환경사업소,PQ,2052466000,2070291725,100.8685028,삼안+한맥,99.38,1613037000,100.249,N
20200634543 - 00,20200624,오산시 지방상수도 현대화사업 기본 및 실시설계 용역,경기도 오산시 환경사업소,PQ,2052466000,2070291725,100.8685028,도화+이산,99.34,1995000000,123.9403,Y
20200634543 - 00,20200624,오산시 지방상수도 현대화사업 기본 및 실시설계 용역,경기도 오산시 환경사업소,PQ,2052466000,2070291725,100.8685028,건화+정,99.33,1602258000,99.541,N
20200634417 - 00,20200624,천안시 소규모 공공시설 안전점검 및 정비계획 수립 용역,충청남도 천안시,PQ,1141900000,1149365225,100.6537547,화신+서광+극동+계림+우주,99.68,897388000,100.4888,N
20200634417 - 00,20200624,천안시 소규모 공공시설 안전점검 및 정비계획 수립 용역,충청남도 천안시,PQ,1141900000,1149365225,100.6537547,KG+삼육,99.51,903040000,100.9797,Y
20200634417 - 00,20200624,천안시 소규모 공공시설 안전점검 및 정비계획 수립 용역,충청남도 천안시,PQ,1141900000,1149365225,100.6537547,KSM+동명+송현+대콘,99.22,892700000,99.5945,N
20200634417 - 00,20200624,천안시 소규모 공공시설 안전점검 및 정비계획 수립 용역,충청남도 천안시,PQ,1141900000,1149365225,100.6537547,한종+천마+삼경,99.06,908300000,101.1931,N
20200634417 - 00,20200624,천안시 소규모 공공시설 안전점검 및 정비계획 수립 용역,충청남도 천안시,PQ,1141900000,1149365225,100.6537547,동부+보람+세일,98.93,891220000,99.1893,N
20200634417 - 00,20200624,천안시 소규모 공공시설 안전점검 및 정비계획 수립 용역,충청남도 천안시,PQ,1141900000,1149365225,100.6537547,유신+기산+KCI,98.61,890248000,98.8299,N
20200634417 - 00,20200624,천안시 소규모 공공시설 안전점검 및 정비계획 수립 용역,충청남도 천안시,PQ,1141900000,1149365225,100.6537547,도화+경동+주하,98.57,912300000,101.2395,N
20200634417 - 00,20200624,천안시 소규모 공공시설 안전점검 및 정비계획 수립 용역,충청남도 천안시,PQ,1141900000,1149365225,100.6537547,이산+장맥+JCN,98.37,889889000,98.5901,N
20200634417 - 00,20200624,천안시 소규모 공공시설 안전점검 및 정비계획 수립 용역,충청남도 천안시,PQ,1141900000,1149365225,100.6537547,삼안+한맥+한경,97.72,924440000,101.8895,N
20200634417 - 00,20200624,천안시 소규모 공공시설 안전점검 및 정비계획 수립 용역,충청남도 천안시,PQ,1141900000,1149365225,100.6537547,건화+드림,97.7,922890000,101.6931,N
20200634417 - 00,20200624,천안시 소규모 공공시설 안전점검 및 정비계획 수립 용역,충청남도 천안시,PQ,1141900000,1149365225,100.6537547,평화+예당+명성,96.54,1000000000,109.1733,N
제2020-02-000410-00호,20200623,경부선 천안~소정리 등 61개소 방음벽 설치공사 실시설계용역,한국철도시설공단,PQ,1662360000,1662360000,100,다산+KRTC,100,1302133000,100.43,Y
제2020-02-000410-00호,20200623,경부선 천안~소정리 등 61개소 방음벽 설치공사 실시설계용역,한국철도시설공단,PQ,1662360000,1662360000,100,도화,100,1304700000,100.628,N
제2020-02-000410-00호,20200623,경부선 천안~소정리 등 61개소 방음벽 설치공사 실시설계용역,한국철도시설공단,PQ,1662360000,1662360000,100,대콘+동부+수성,99.94,1305300000,100.6227,N
제2020-02-000410-00호,20200623,경부선 천안~소정리 등 61개소 방음벽 설치공사 실시설계용역,한국철도시설공단,PQ,1662360000,1662360000,100,유신,99.93,1294924000,99.81,N
제2020-02-000410-00호,20200623,경부선 천안~소정리 등 61개소 방음벽 설치공사 실시설계용역,한국철도시설공단,PQ,1662360000,1662360000,100,이산+신성+동일+동해,99.8,1293210000,99.5631,N
제2020-02-000410-00호,20200623,경부선 천안~소정리 등 61개소 방음벽 설치공사 실시설계용역,한국철도시설공단,PQ,1662360000,1662360000,100,태조+천일,99.66,1313131000,100.9676,N
제2020-02-000410-00호,20200623,경부선 천안~소정리 등 61개소 방음벽 설치공사 실시설계용역,한국철도시설공단,PQ,1662360000,1662360000,100,서현+동명,99.61,1293100000,99.3893,N
제2020-02-000410-00호,20200623,경부선 천안~소정리 등 61개소 방음벽 설치공사 실시설계용역,한국철도시설공단,PQ,1662360000,1662360000,100,건화+제일+한종(테크피아),99.42,1321600000,101.3984,N
제2020-02-000410-00호,20200623,경부선 천안~소정리 등 61개소 방음벽 설치공사 실시설계용역,한국철도시설공단,PQ,1662360000,1662360000,100,선구+삼안+삼보+KG,99.27,1327000000,101.683,N
20200635372 - 00,20200624,석모 및 볼음지구 마을하수도 정비사업 기본 및 실시설계 용역,한국농어촌공사 경기지역본부,PQ,785100000,786417075,100.1677589,삼안,99.87,672760000,100.2292,Y
20200635372 - 00,20200624,석모 및 볼음지구 마을하수도 정비사업 기본 및 실시설계 용역,한국농어촌공사 경기지역본부,PQ,785100000,786417075,100.1677589,한종+이산,99.58,669100000,99.684,N
20200635372 - 00,20200624,석모 및 볼음지구 마을하수도 정비사업 기본 및 실시설계 용역,한국농어촌공사 경기지역본부,PQ,785100000,786417075,100.1677589,수성+KG+경동,99.56,669405000,99.7294,N
20200635372 - 00,20200624,석모 및 볼음지구 마을하수도 정비사업 기본 및 실시설계 용역,한국농어촌공사 경기지역본부,PQ,785100000,786417075,100.1677589,동명,97.97,670300000,99.8511,N
20200635372 - 00,20200624,석모 및 볼음지구 마을하수도 정비사업 기본 및 실시설계 용역,한국농어촌공사 경기지역본부,PQ,785100000,786417075,100.1677589,도화,98.25,678100000,100.9776,N
20200635372 - 00,20200624,석모 및 볼음지구 마을하수도 정비사업 기본 및 실시설계 용역,한국농어촌공사 경기지역본부,PQ,785100000,786417075,100.1677589,건화,98,668200000,99.4336,N
20200635372 - 00,20200624,석모 및 볼음지구 마을하수도 정비사업 기본 및 실시설계 용역,한국농어촌공사 경기지역본부,PQ,785100000,786417075,100.1677589,범한+신명,98.32,690000000,102.4144,N
20200635372 - 00,20200624,석모 및 볼음지구 마을하수도 정비사업 기본 및 실시설계 용역,한국농어촌공사 경기지역본부,PQ,785100000,786417075,100.1677589,화신+경원,96.54,667899000,98.984,N
20200635238 - 00,20200624,음성군 하이텍산업단지 완충저류시설 설치사업 기본 및 실시설계 용역,충청북도 음성군,PQ,554695000,554837850,100.0257529,도화+영진,99.34,478100000,100.6381,N
20200635238 - 00,20200624,음성군 하이텍산업단지 완충저류시설 설치사업 기본 및 실시설계 용역,충청북도 음성군,PQ,554695000,554837850,100.0257529,경동+대원,99.34,476797000,100.3638,Y
20200635238 - 00,20200624,음성군 하이텍산업단지 완충저류시설 설치사업 기본 및 실시설계 용역,충청북도 음성군,PQ,554695000,554837850,100.0257529,제일+해린,99.34,473970000,99.7688,N
20200635238 - 00,20200624,음성군 하이텍산업단지 완충저류시설 설치사업 기본 및 실시설계 용역,충청북도 음성군,PQ,554695000,554837850,100.0257529,삼안+선,99.28,473440000,99.6456,N
20200635238 - 00,20200624,음성군 하이텍산업단지 완충저류시설 설치사업 기본 및 실시설계 용역,충청북도 음성군,PQ,554695000,554837850,100.0257529,한종+청우,99.21,473550000,99.6455,N
20200635238 - 00,20200624,음성군 하이텍산업단지 완충저류시설 설치사업 기본 및 실시설계 용역,충청북도 음성군,PQ,554695000,554837850,100.0257529,건화+홍익,99.18,480000000,100.9909,N
20200635238 - 00,20200624,음성군 하이텍산업단지 완충저류시설 설치사업 기본 및 실시설계 용역,충청북도 음성군,PQ,554695000,554837850,100.0257529,유신+도우,98.47,472680000,99.277,N
20200635238 - 00,20200624,음성군 하이텍산업단지 완충저류시설 설치사업 기본 및 실시설계 용역,충청북도 음성군,PQ,554695000,554837850,100.0257529,동명+건양,98.44,481900000,101.2017,N
20200635238 - 00,20200624,음성군 하이텍산업단지 완충저류시설 설치사업 기본 및 실시설계 용역,충청북도 음성군,PQ,554695000,554837850,100.0257529,화신+창민,98.01,470890000,98.7859,N
20200635238 - 00,20200624,음성군 하이텍산업단지 완충저류시설 설치사업 기본 및 실시설계 용역,충청북도 음성군,PQ,554695000,554837850,100.0257529,이산+동림,97.27,485780000,101.7084,N
20200635238 - 00,20200624,음성군 하이텍산업단지 완충저류시설 설치사업 기본 및 실시설계 용역,충청북도 음성군,PQ,554695000,554837850,100.0257529,KG+지명,95.31,499300000,104.0197,N
B5202002153,20200624,전주시 지방상수도 현대화사업 기본 및 실시설계 용역,한국수자원공사,종심제,7839000000,7943948293,101.338797,건화+국성+동부+정+범한,100,6239800000,79.5994,Y
B5202002153,20200624,전주시 지방상수도 현대화사업 기본 및 실시설계 용역,한국수자원공사,종심제,7839000000,7943948293,101.338797,유신+경동+가온+세종,97.3,6355800000,81.0792,N
B5202002152,20200624,익산시 지방상수도 현대화사업 기본 및 실시설계 용역,한국수자원공사,종심제,8002000000,7955462611,99.41842803,유신+경동+가온+세종+대콘,100,6487800000,81.0772,Y
B5202002152,20200624,익산시 지방상수도 현대화사업 기본 및 실시설계 용역,한국수자원공사,종심제,8002000000,7955462611,99.41842803,경호+도화+제일+국성+정,99,6361600000,79.5001,N
2002356 - 01,20200625,금이~가학간 도로 개설공사 조사설계용역,한국토지주택공사,PQ,1295470000,1295060000,99.96835125,유신+신성+동서,98.46,1056709000,100.61,Y
2002356 - 01,20200625,금이~가학간 도로 개설공사 조사설계용역,한국토지주택공사,PQ,1295470000,1295060000,99.96835125,평화+한종+한올,98.01,1052375000,99.8034,N
2002356 - 01,20200625,금이~가학간 도로 개설공사 조사설계용역,한국토지주택공사,PQ,1295470000,1295060000,99.96835125,동부+대콘+선일,97.59,1051655000,99.3811,N
2002356 - 01,20200625,금이~가학간 도로 개설공사 조사설계용역,한국토지주택공사,PQ,1295470000,1295060000,99.96835125,제일+선진+성우,97.57,1071200000,101.2033,N
2002356 - 01,20200625,금이~가학간 도로 개설공사 조사설계용역,한국토지주택공사,PQ,1295470000,1295060000,99.96835125,수성+경동+장맥,97.09,1052000000,98.9895,N
2002356 - 01,20200625,금이~가학간 도로 개설공사 조사설계용역,한국토지주택공사,PQ,1295470000,1295060000,99.96835125,도화+동일+KSM,97.09,1078500000,101.4831,N
2002356 - 01,20200625,금이~가학간 도로 개설공사 조사설계용역,한국토지주택공사,PQ,1295470000,1295060000,99.96835125,KG+하이콘,96.76,1052720000,98.7803,N
2002356 - 01,20200625,금이~가학간 도로 개설공사 조사설계용역,한국토지주택공사,PQ,1295470000,1295060000,99.96835125,건화(미가존건축),96.4,1084800000,101.4821,N
2002356 - 01,20200625,금이~가학간 도로 개설공사 조사설계용역,한국토지주택공사,PQ,1295470000,1295060000,99.96835125,용마+이산+해인,96.28,1087000000,101.5771,N
2002356 - 01,20200625,금이~가학간 도로 개설공사 조사설계용역,한국토지주택공사,PQ,1295470000,1295060000,99.96835125,홍익+동성+진우,96.15,1086600000,101.4292,N
2020-02-000303-00,20200624,인덕원~동탄 복선전철 교통영향평가 용역,한국철도시설공단,PQ,577000000,580513799,100.6089773,도화,92.6,489700000,100.0295,N
2020-02-000303-00,20200624,인덕원~동탄 복선전철 교통영향평가 용역,한국철도시설공단,PQ,577000000,580513799,100.6089773,동명+대원,92.4,497180000,101.4976,Y
2020-02-000303-00,20200624,인덕원~동탄 복선전철 교통영향평가 용역,한국철도시설공단,PQ,577000000,580513799,100.6089773,서영+수성,87.5,506380000,101.8994,N
2020-02-000303-00,20200624,인덕원~동탄 복선전철 교통영향평가 용역,한국철도시설공단,PQ,577000000,580513799,100.6089773,유신,86.7,504919000,101.37,N
2020-02-000303-00,20200624,인덕원~동탄 복선전철 교통영향평가 용역,한국철도시설공단,PQ,577000000,580513799,100.6089773,한종+건화,85.27,508100000,101.5967,N
2020-02-000303-00,20200624,인덕원~동탄 복선전철 교통영향평가 용역,한국철도시설공단,PQ,577000000,580513799,100.6089773,KG,84.4,509310000,101.5808,N
2020-02-000303-00,20200624,인덕원~동탄 복선전철 교통영향평가 용역,한국철도시설공단,PQ,577000000,580513799,100.6089773,삼안,83.26,512490000,101.875,N
2020-02-000303-00,20200624,인덕원~동탄 복선전철 교통영향평가 용역,한국철도시설공단,PQ,577000000,580513799,100.6089773,평화,80.5,511800000,100.939,N
20200637030 - 00,20200625,광암항 정비공사 건설사업관리용역,해양수산부 마산지방해양수산청,종심제,2724000000,2718218350,99.78775147,항도+한항,99.9338,2296600000,84.3098,Y
20200637030 - 00,20200625,광암항 정비공사 건설사업관리용역,해양수산부 마산지방해양수산청,종심제,2724000000,2718218350,99.78775147,세일+서영,92.9614,2300800000,84.464,N
20200637030 - 00,20200625,광암항 정비공사 건설사업관리용역,해양수산부 마산지방해양수산청,종심제,2724000000,2718218350,99.78775147,세광+혜인,91.136,2289000000,84.0308,N
20200637030 - 00,20200625,광암항 정비공사 건설사업관리용역,해양수산부 마산지방해양수산청,종심제,2724000000,2718218350,99.78775147,대영+건화(한국검정),0,0,0,N
20200637882 - 00,20200626,2020년 노후 하수관로 정밀조사용역(2차),인천광역시 계양구,PQ,599720000,599801000,100.0135063,이산+일진,97.76,517830000,100.4073,Y
20200637882 - 00,20200626,2020년 노후 하수관로 정밀조사용역(2차),인천광역시 계양구,PQ,599720000,599801000,100.0135063,건화+장원,97.5,515290000,99.8568,N
20200637882 - 00,20200626,2020년 노후 하수관로 정밀조사용역(2차),인천광역시 계양구,PQ,599720000,599801000,100.0135063,도화+브니엘,97.44,521100000,100.9592,N
20200637882 - 00,20200626,2020년 노후 하수관로 정밀조사용역(2차),인천광역시 계양구,PQ,599720000,599801000,100.0135063,한종+바우,97.16,515300000,99.766,N
20200637882 - 00,20200626,2020년 노후 하수관로 정밀조사용역(2차),인천광역시 계양구,PQ,599720000,599801000,100.0135063,제일+동남+정방,97.15,521700000,101.005,N
20200637882 - 00,20200626,2020년 노후 하수관로 정밀조사용역(2차),인천광역시 계양구,PQ,599720000,599801000,100.0135063,삼안+극동,97.1,512710000,99.253,N
20200637882 - 00,20200626,2020년 노후 하수관로 정밀조사용역(2차),인천광역시 계양구,PQ,599720000,599801000,100.0135063,선진+도담,96.49,513420000,99.2292,N
20200637882 - 00,20200626,2020년 노후 하수관로 정밀조사용역(2차),인천광역시 계양구,PQ,599720000,599801000,100.0135063,범한+명인,96.22,522800000,100.9718,N
20200637882 - 00,20200626,2020년 노후 하수관로 정밀조사용역(2차),인천광역시 계양구,PQ,599720000,599801000,100.0135063,KG+고산+경동,95.76,529880000,102.2208,N
20200637966 - 00,20200626,동부간선도로(창동~상계구간) 지하차도 건설공사 감독 권한대행 등 건설사업관리용역,서울특별시 도시기반시설본부,SOQ,10219000000,10272036650,100.5190004,도화+이산+삼보+홍익,99.7,7592000000,101.5001,Y
20200637966 - 00,20200626,동부간선도로(창동~상계구간) 지하차도 건설공사 감독 권한대행 등 건설사업관리용역,서울특별시 도시기반시설본부,SOQ,10219000000,10272036650,100.5190004,제일+KG+KRTC+한종,97.18,7554200000,98.821,N
20200637966 - 00,20200626,동부간선도로(창동~상계구간) 지하차도 건설공사 감독 권한대행 등 건설사업관리용역,서울특별시 도시기반시설본부,SOQ,10219000000,10272036650,100.5190004,건화+태조+진우+신성(석우),97,7780000000,101.6254,N
20200637966 - 00,20200626,동부간선도로(창동~상계구간) 지하차도 건설공사 감독 권한대행 등 건설사업관리용역,서울특별시 도시기반시설본부,SOQ,10219000000,10272036650,100.5190004,동명+대콘+신명+청우,96.6,7777777000,101.245,N
20200637966 - 00,20200626,동부간선도로(창동~상계구간) 지하차도 건설공사 감독 권한대행 등 건설사업관리용역,서울특별시 도시기반시설본부,SOQ,10219000000,10272036650,100.5190004,서영+천일+동부+다산,95.18,8100000000,104.1784,N
2020-00720 ,20200623,고속국도 제29호선 안성-용인간 조경설계용역,한국도로공사,PQ,352000000,349209520,99.20725,유신,85.16,298351000,100.3241,N
2020-00720 ,20200623,고속국도 제29호선 안성-용인간 조경설계용역,한국도로공사,PQ,352000000,349209520,99.20725,건화+이산,82.65,302800000,101.5197,N
2020-00720 ,20200623,고속국도 제29호선 안성-용인간 조경설계용역,한국도로공사,PQ,352000000,349209520,99.20725,동일+수성,81.95,296862000,99.4467,Y
2020-00720 ,20200623,고속국도 제29호선 안성-용인간 조경설계용역,한국도로공사,PQ,352000000,349209520,99.20725,화신+드림,72.48,303760000,100.6302,N
20200638225 - 00,20200626,하수도정비 중점관리지역 연수천분구 도심침수예방사업 기본 및 실시설계 용역,충청북도 충주시,PQ,1811460000,1800459975,99.39275364,삼안+청우건축,98.1,1439240000,100.2991,N
20200638225 - 00,20200626,하수도정비 중점관리지역 연수천분구 도심침수예방사업 기본 및 실시설계 용역,충청북도 충주시,PQ,1811460000,1800459975,99.39275364,KG+지명+보람,98,1442067000,100.4201,N
20200638225 - 00,20200626,하수도정비 중점관리지역 연수천분구 도심침수예방사업 기본 및 실시설계 용역,충청북도 충주시,PQ,1811460000,1800459975,99.39275364,건화+홍익,97.8,1437600000,99.9451,N
20200638225 - 00,20200626,하수도정비 중점관리지역 연수천분구 도심침수예방사업 기본 및 실시설계 용역,충청북도 충주시,PQ,1811460000,1800459975,99.39275364,이산+동림,97.8,1430880000,99.4779,Y
20200638225 - 00,20200626,하수도정비 중점관리지역 연수천분구 도심침수예방사업 기본 및 실시설계 용역,충청북도 충주시,PQ,1811460000,1800459975,99.39275364,동명+대원,97.8,1450600000,100.8489,N
20200638225 - 00,20200626,하수도정비 중점관리지역 연수천분구 도심침수예방사업 기본 및 실시설계 용역,충청북도 충주시,PQ,1811460000,1800459975,99.39275364,도화+건양,97.6,1429000000,99.1848,N
20200638225 - 00,20200626,하수도정비 중점관리지역 연수천분구 도심침수예방사업 기본 및 실시설계 용역,충청북도 충주시,PQ,1811460000,1800459975,99.39275364,한종+영진,97.6,1459600000,101.3087,N
20200638225 - 00,20200626,하수도정비 중점관리지역 연수천분구 도심침수예방사업 기본 및 실시설계 용역,충청북도 충주시,PQ,1811460000,1800459975,99.39275364,선진+선+고려,97.58,1457930000,101.1801,N
20200638225 - 00,20200626,하수도정비 중점관리지역 연수천분구 도심침수예방사업 기본 및 실시설계 용역,충청북도 충주시,PQ,1811460000,1800459975,99.39275364,범한+창민,97.22,1466600000,101.4883,N
20200638225 - 00,20200626,하수도정비 중점관리지역 연수천분구 도심침수예방사업 기본 및 실시설계 용역,충청북도 충주시,PQ,1811460000,1800459975,99.39275364,제일+해린,97.16,1481963000,102.5001,N
20200638225 - 00,20200626,하수도정비 중점관리지역 연수천분구 도심침수예방사업 기본 및 실시설계 용역,충청북도 충주시,PQ,1811460000,1800459975,99.39275364,화신+도우,97.09,1425745000,98.55,N
20200638209 - 00,20200626,충주시 하수도정비 기본계획 변경용역,충청북도 충주시,PQ,1553190000,1541405225,99.24125348,동명+홍익,99.34,1224690000,100.5419,Y
20200638209 - 00,20200626,충주시 하수도정비 기본계획 변경용역,충청북도 충주시,PQ,1553190000,1541405225,99.24125348,한종+영진+건화(수일),98,1245000000,101.1134,N
20200638209 - 00,20200626,충주시 하수도정비 기본계획 변경용역,충청북도 충주시,PQ,1553190000,1541405225,99.24125348,KG+지명+보람,97.9,1226460000,99.5197,N
20200638209 - 00,20200626,충주시 하수도정비 기본계획 변경용역,충청북도 충주시,PQ,1553190000,1541405225,99.24125348,삼안+청우건축,97.9,1220340000,99.0231,N
20200638209 - 00,20200626,충주시 하수도정비 기본계획 변경용역,충청북도 충주시,PQ,1553190000,1541405225,99.24125348,도화+건양,97.6,1250380000,101.2183,N
20200638209 - 00,20200626,충주시 하수도정비 기본계획 변경용역,충청북도 충주시,PQ,1553190000,1541405225,99.24125348,선진+선+서영,97.45,1229990000,99.4427,N
20200638209 - 00,20200626,충주시 하수도정비 기본계획 변경용역,충청북도 충주시,PQ,1553190000,1541405225,99.24125348,제일+대원,97.37,1254368000,101.35,N
20200638209 - 00,20200626,충주시 하수도정비 기본계획 변경용역,충청북도 충주시,PQ,1553190000,1541405225,99.24125348,이산+동림+유신,97.3,1220498000,98.5639,N
20200638209 - 00,20200626,충주시 하수도정비 기본계획 변경용역,충청북도 충주시,PQ,1553190000,1541405225,99.24125348,범한+창민,97.07,1280000000,103.175,N
20200638209 - 00,20200626,충주시 하수도정비 기본계획 변경용역,충청북도 충주시,PQ,1553190000,1541405225,99.24125348,화신+도우,95.27,1456000000,115.6958,N
E052000342-2,20200625,서천화력 폐부지개발에 따른 군관리계획 결정 및 실시설계용역,한국중부발전(주),PQ,1193610000,0,0,한종+세일,100,0,0,N
E052000342-2,20200625,서천화력 폐부지개발에 따른 군관리계획 결정 및 실시설계용역,한국중부발전(주),PQ,1193610000,0,0,동명+장맥,97.8,0,0,N
E052000342-2,20200625,서천화력 폐부지개발에 따른 군관리계획 결정 및 실시설계용역,한국중부발전(주),PQ,1193610000,0,0,유신+드림+KG,96.33,0,0,N
E052000342-2,20200625,서천화력 폐부지개발에 따른 군관리계획 결정 및 실시설계용역,한국중부발전(주),PQ,1193610000,0,0,화신+계림,96.3,0,0,N
E052000342-2,20200625,서천화력 폐부지개발에 따른 군관리계획 결정 및 실시설계용역,한국중부발전(주),PQ,1193610000,0,0,도화+경동,95.2,0,0,N
E052000342-2,20200625,서천화력 폐부지개발에 따른 군관리계획 결정 및 실시설계용역,한국중부발전(주),PQ,1193610000,0,0,건화+우주,94.24,0,0,N
E052000342-2,20200625,서천화력 폐부지개발에 따른 군관리계획 결정 및 실시설계용역,한국중부발전(주),PQ,1193610000,0,0,선진,90.57,0,0,N
B5202002177 ,20200626,김해시 지방상수도 현대화사업 기본 및 실시설계 용역,한국수자원공사,종심제,3616000000,3638401508,100.6195107,HEC+건화+대콘+경동+수성,98.914,2950000000,81.5819,Y
B5202002177 ,20200626,김해시 지방상수도 현대화사업 기본 및 실시설계 용역,한국수자원공사,종심제,3616000000,3638401508,100.6195107,동해+도화+한성+삼영+금성,97.914,2856000000,78.9823,N
20200639679 - 00,20200629,사창하수처리장 증설 및 하수관로 정비사업 건설사업관리용역,강원도 화천군,PQ,4049148000,4068381525,100.4750018,동성+천일+동남+동해,99.8,2975981000,100.508,Y
20200639679 - 00,20200629,사창하수처리장 증설 및 하수관로 정비사업 건설사업관리용역,강원도 화천군,PQ,4049148000,4068381525,100.4750018,도화+삼주+정,99.7,2959054000,99.8407,N
20200639679 - 00,20200629,사창하수처리장 증설 및 하수관로 정비사업 건설사업관리용역,강원도 화천군,PQ,4049148000,4068381525,100.4750018,경호+선진+동서+건일,99.68,2943030000,99.2865,N
20200639679 - 00,20200629,사창하수처리장 증설 및 하수관로 정비사업 건설사업관리용역,강원도 화천군,PQ,4049148000,4068381525,100.4750018,건화+삼경+한울,99.56,3006800000,101.3271,N
20200639679 - 00,20200629,사창하수처리장 증설 및 하수관로 정비사업 건설사업관리용역,강원도 화천군,PQ,4049148000,4068381525,100.4750018,삼안+화신+일신,99.1,2951960000,99.087,N
20200639679 - 00,20200629,사창하수처리장 증설 및 하수관로 정비사업 건설사업관리용역,강원도 화천군,PQ,4049148000,4068381525,100.4750018,동명+서광+성우,99.09,3018700000,101.3134,N
20200639679 - 00,20200629,사창하수처리장 증설 및 하수관로 정비사업 건설사업관리용역,강원도 화천군,PQ,4049148000,4068381525,100.4750018,한종+경원+정민,98.73,3033300000,101.4862,N
20200639679 - 00,20200629,사창하수처리장 증설 및 하수관로 정비사업 건설사업관리용역,강원도 화천군,PQ,4049148000,4068381525,100.4750018,수성+정원+서강,98.3,3044800000,101.4997,N
20200638839 - 00,20200629,영월군 하수도정비 기본계획(변경) 수립 용역 ,강원도 영월군,PQ,923300000,930845725,100.817256,도화+삼주,98.95,796450000,100.6138,N
20200638839 - 00,20200629,영월군 하수도정비 기본계획(변경) 수립 용역 ,강원도 영월군,PQ,923300000,930845725,100.817256,제일+삼경+서영,98.22,791538000,99.807,N
20200638839 - 00,20200629,영월군 하수도정비 기본계획(변경) 수립 용역 ,강원도 영월군,PQ,923300000,930845725,100.817256,건화+정,97.9,796000000,100.2879,N
20200638839 - 00,20200629,영월군 하수도정비 기본계획(변경) 수립 용역 ,강원도 영월군,PQ,923300000,930845725,100.817256,경동+성우,97.88,787837000,99.2595,N
20200638839 - 00,20200629,영월군 하수도정비 기본계획(변경) 수립 용역 ,강원도 영월군,PQ,923300000,930845725,100.817256,한종+서광+일신,97.85,801000000,100.9061,Y
20200638839 - 00,20200629,영월군 하수도정비 기본계획(변경) 수립 용역 ,강원도 영월군,PQ,923300000,930845725,100.817256,KG+동남+한맥,97.81,786993000,99.1301,N
20200638839 - 00,20200629,영월군 하수도정비 기본계획(변경) 수립 용역 ,강원도 영월군,PQ,923300000,930845725,100.817256,삼안+대성,97.75,798930000,100.6219,N
20200638839 - 00,20200629,영월군 하수도정비 기본계획(변경) 수립 용역 ,강원도 영월군,PQ,923300000,930845725,100.817256,동명+진화,97.56,789800000,99.4258,N
20200638839 - 00,20200629,영월군 하수도정비 기본계획(변경) 수립 용역 ,강원도 영월군,PQ,923300000,930845725,100.817256,화신+KCI,97.5,801286000,100.86,N
20200638839 - 00,20200629,영월군 하수도정비 기본계획(변경) 수립 용역 ,강원도 영월군,PQ,923300000,930845725,100.817256,범한+미래,97.41,788600000,99.2401,N
20200638839 - 00,20200629,영월군 하수도정비 기본계획(변경) 수립 용역 ,강원도 영월군,PQ,923300000,930845725,100.817256,이산+고려+선진,97.37,784770000,98.7467,N
20200638839 - 00,20200629,영월군 하수도정비 기본계획(변경) 수립 용역 ,강원도 영월군,PQ,923300000,930845725,100.817256,HEC+정원,96.98,789190000,99.1991,N
20200638839 - 00,20200629,영월군 하수도정비 기본계획(변경) 수립 용역 ,강원도 영월군,PQ,923300000,930845725,100.817256,건양+동해+도우,96.8,805481900,101.2,N
20200640295 - 00,20200630,가덕 상대리 및 내수 구성리 일원 하수관로 정비사업 건설사업관리용역,충청북도 청주시,PQ,1091860000,1096358525,100.4120057,건화+홍익,100,933600000,100.0122,N
20200640295 - 00,20200630,가덕 상대리 및 내수 구성리 일원 하수관로 정비사업 건설사업관리용역,충청북도 청주시,PQ,1091860000,1096358525,100.4120057,동명+대원,99.9,933790000,99.9975,N
20200640295 - 00,20200630,가덕 상대리 및 내수 구성리 일원 하수관로 정비사업 건설사업관리용역,충청북도 청주시,PQ,1091860000,1096358525,100.4120057,천일+한맥,99.9,930540000,99.6495,N
20200640295 - 00,20200630,가덕 상대리 및 내수 구성리 일원 하수관로 정비사업 건설사업관리용역,충청북도 청주시,PQ,1091860000,1096358525,100.4120057,극동+건일,99.84,939618000,100.6099,N
20200640295 - 00,20200630,가덕 상대리 및 내수 구성리 일원 하수관로 정비사업 건설사업관리용역,충청북도 청주시,PQ,1091860000,1096358525,100.4120057,건양+동해,99.8,938515000,100.48,Y
20200640295 - 00,20200630,가덕 상대리 및 내수 구성리 일원 하수관로 정비사업 건설사업관리용역,충청북도 청주시,PQ,1091860000,1096358525,100.4120057,용마+평화+해린,99.74,938905000,100.51,N
20200640295 - 00,20200630,가덕 상대리 및 내수 구성리 일원 하수관로 정비사업 건설사업관리용역,충청북도 청주시,PQ,1091860000,1096358525,100.4120057,한종+영진,99.7,942800000,100.9152,N
20200640295 - 00,20200630,가덕 상대리 및 내수 구성리 일원 하수관로 정비사업 건설사업관리용역,충청북도 청주시,PQ,1091860000,1096358525,100.4120057,동성+가원,99.65,941460000,100.76,N
20200640295 - 00,20200630,가덕 상대리 및 내수 구성리 일원 하수관로 정비사업 건설사업관리용역,충청북도 청주시,PQ,1091860000,1096358525,100.4120057,범한+도우,99.63,939514000,100.5399,N
20200640295 - 00,20200630,가덕 상대리 및 내수 구성리 일원 하수관로 정비사업 건설사업관리용역,충청북도 청주시,PQ,1091860000,1096358525,100.4120057,신명+태광,99.61,941419000,100.7438,N
20200640295 - 00,20200630,가덕 상대리 및 내수 구성리 일원 하수관로 정비사업 건설사업관리용역,충청북도 청주시,PQ,1091860000,1096358525,100.4120057,KG+청우,99.6,945960000,101.2297,N
20200640295 - 00,20200630,가덕 상대리 및 내수 구성리 일원 하수관로 정비사업 건설사업관리용역,충청북도 청주시,PQ,1091860000,1096358525,100.4120057,수성+도명,99.59,928785000,99.3802,N
20200640295 - 00,20200630,가덕 상대리 및 내수 구성리 일원 하수관로 정비사업 건설사업관리용역,충청북도 청주시,PQ,1091860000,1096358525,100.4120057,이산+창민,99.55,924370000,98.9078,N
20200640295 - 00,20200630,가덕 상대리 및 내수 구성리 일원 하수관로 정비사업 건설사업관리용역,충청북도 청주시,PQ,1091860000,1096358525,100.4120057,선진+수일,99.54,944780000,101.0799,N
20200640295 - 00,20200630,가덕 상대리 및 내수 구성리 일원 하수관로 정비사업 건설사업관리용역,충청북도 청주시,PQ,1091860000,1096358525,100.4120057,도화+진우,99.52,928500000,99.3381,N
20200640295 - 00,20200630,가덕 상대리 및 내수 구성리 일원 하수관로 정비사업 건설사업관리용역,충청북도 청주시,PQ,1091860000,1096358525,100.4120057,경원+옥토,99.51,925600000,99.0278,N
20200640295 - 00,20200630,가덕 상대리 및 내수 구성리 일원 하수관로 정비사업 건설사업관리용역,충청북도 청주시,PQ,1091860000,1096358525,100.4120057,서영+해림,99.45,945600000,101.144,N
20200640295 - 00,20200630,가덕 상대리 및 내수 구성리 일원 하수관로 정비사업 건설사업관리용역,충청북도 청주시,PQ,1091860000,1096358525,100.4120057,제일+세광,99.33,949150000,101.5,N
20200640295 - 00,20200630,가덕 상대리 및 내수 구성리 일원 하수관로 정비사업 건설사업관리용역,충청북도 청주시,PQ,1091860000,1096358525,100.4120057,KCM+지명,99.32,924500000,98.8639,N
20200640295 - 00,20200630,가덕 상대리 및 내수 구성리 일원 하수관로 정비사업 건설사업관리용역,충청북도 청주시,PQ,1091860000,1096358525,100.4120057,경동+동림,99.3,923916000,98.79,N
20200640295 - 00,20200630,가덕 상대리 및 내수 구성리 일원 하수관로 정비사업 건설사업관리용역,충청북도 청주시,PQ,1091860000,1096358525,100.4120057,화신+유일,98.66,953870000,101.8264,N
20200640295 - 00,20200630,가덕 상대리 및 내수 구성리 일원 하수관로 정비사업 건설사업관리용역,충청북도 청주시,PQ,1091860000,1096358525,100.4120057,대콘+오성,97.51,952643000,101.3999,N
20200640443 - 00,20200630,궁리항 어촌뉴딜300사업 실시설계용역(해양부분),한국농어촌공사 충남지역본부,PQ,420000000,421526700,100.3635,한종,99.14,364890000,100.154,N
20200640443 - 00,20200630,궁리항 어촌뉴딜300사업 실시설계용역(해양부분),한국농어촌공사 충남지역본부,PQ,420000000,421526700,100.3635,세일+동명,99.05,365567000,100.3398,N
20200640443 - 00,20200630,궁리항 어촌뉴딜300사업 실시설계용역(해양부분),한국농어촌공사 충남지역본부,PQ,420000000,421526700,100.3635,유신+평화+천마,99.03,364668000,100.093,N
20200640443 - 00,20200630,궁리항 어촌뉴딜300사업 실시설계용역(해양부분),한국농어촌공사 충남지역본부,PQ,420000000,421526700,100.3635,건화(삼기지질+한국공간정보),97.84,367240000,100.799,Y
20200640443 - 00,20200630,궁리항 어촌뉴딜300사업 실시설계용역(해양부분),한국농어촌공사 충남지역본부,PQ,420000000,421526700,100.3635,서영,96.61,371870000,101.9993,N
20200641234 - 00,20200630,울산광역시 도시바람길숲 조성 기본 및 실시설계용역,울산광역시,PQ,893665300,885865875,99.12725435,도화+한도+부광,94.83,773000000,99.8415,N
20200641234 - 00,20200630,울산광역시 도시바람길숲 조성 기본 및 실시설계용역,울산광역시,PQ,893665300,885865875,99.12725435,한종+성지토목,94.72,780800000,100.8141,N
20200641234 - 00,20200630,울산광역시 도시바람길숲 조성 기본 및 실시설계용역,울산광역시,PQ,893665300,885865875,99.12725435,유신,94.21,776308000,100.107,N
20200641234 - 00,20200630,울산광역시 도시바람길숲 조성 기본 및 실시설계용역,울산광역시,PQ,893665300,885865875,99.12725435,건화(혜인+선우산림기술사사무소+청목),92.65,772300000,99.2015,Y
20200641234 - 00,20200630,울산광역시 도시바람길숲 조성 기본 및 실시설계용역,울산광역시,PQ,893665300,885865875,99.12725435,화신+한올+비아이엠,88.92,794646000,101.12,N
20200641222 - 00,20200630,대치2 자연재해위험개선지구 정비사업 기본 및 실시설계 용역,경상남도 하동군,PQ,1237000000,1229420325,99.38725344,수성+한울+평화,100,970577000,100.599,Y
20200641222 - 00,20200630,대치2 자연재해위험개선지구 정비사업 기본 및 실시설계 용역,경상남도 하동군,PQ,1237000000,1229420325,99.38725344,유신+화성,98.2,971823000,99.252,N
20200641222 - 00,20200630,대치2 자연재해위험개선지구 정비사업 기본 및 실시설계 용역,경상남도 하동군,PQ,1237000000,1229420325,99.38725344,이산+경화,98.2,993840000,101.5006,N
20200641222 - 00,20200630,대치2 자연재해위험개선지구 정비사업 기본 및 실시설계 용역,경상남도 하동군,PQ,1237000000,1229420325,99.38725344,도화+하존+강산,98.16,992800000,101.3687,N
20200641222 - 00,20200630,대치2 자연재해위험개선지구 정비사업 기본 및 실시설계 용역,경상남도 하동군,PQ,1237000000,1229420325,99.38725344,한종+이도,97.92,970578000,98.8999,N
20200641222 - 00,20200630,대치2 자연재해위험개선지구 정비사업 기본 및 실시설계 용역,경상남도 하동군,PQ,1237000000,1229420325,99.38725344,경호+창미+세화,97.5,1007000000,102.2761,N
20200641222 - 00,20200630,대치2 자연재해위험개선지구 정비사업 기본 및 실시설계 용역,경상남도 하동군,PQ,1237000000,1229420325,99.38725344,KG+천진,97.5,972580000,98.7802,N
20200641222 - 00,20200630,대치2 자연재해위험개선지구 정비사업 기본 및 실시설계 용역,경상남도 하동군,PQ,1237000000,1229420325,99.38725344,KCI+미래공간정보+건화(SC),96.43,1016000000,102.3033,N
20200641222 - 00,20200630,대치2 자연재해위험개선지구 정비사업 기본 및 실시설계 용역,경상남도 하동군,PQ,1237000000,1229420325,99.38725344,화신+두레+극동,95.27,1026340000,102.1736,N
20200641222 - 00,20200630,대치2 자연재해위험개선지구 정비사업 기본 및 실시설계 용역,경상남도 하동군,PQ,1237000000,1229420325,99.38725344,KSM+동명,95.1,1026700000,102.2976,N
20200641222 - 00,20200630,대치2 자연재해위험개선지구 정비사업 기본 및 실시설계 용역,경상남도 하동군,PQ,1237000000,1229420325,99.38725344,동부+한성,95.1,1025750000,102.203,N
20200641001 - 00,20200630,새만금 기본계획 재정비 용역(기술부문),새만금개발청,PQ,1968352000,1956581325,99.40200355,경호+동명+대성,99.36,1582300000,100.4901,N
20200641001 - 00,20200630,새만금 기본계획 재정비 용역(기술부문),새만금개발청,PQ,1968352000,1956581325,99.40200355,삼안+도화+국성,99.35,1577620000,100.1929,N
20200641001 - 00,20200630,새만금 기본계획 재정비 용역(기술부문),새만금개발청,PQ,1968352000,1956581325,99.40200355,유신+한종,99.3,1569072000,99.65,Y
20200641001 - 00,20200630,새만금 기본계획 재정비 용역(기술부문),새만금개발청,PQ,1968352000,1956581325,99.40200355,KG+건화,98.86,1570174000,99.72,N
20200641001 - 00,20200630,새만금 기본계획 재정비 용역(기술부문),새만금개발청,PQ,1968352000,1956581325,99.40200355,일신,91.5,1781186000,106.279,N
