PQ공고 NO.,공고일자,사업명,발주처,입찰구분,기초금액,예정금액,예가,업체명,PQ점수,투찰금액,추정예가,낙찰여부
20200826449 - 00,20200901,청주 오창 제2산업단지 완충저류시설 설치사업 기본 및 실시설계,한국환경공단,PQ,737067000,738554075,100.2017557,도화+영진+동해종합,98.13,634518000,100.2001,N
20200826449 - 00,20200901,청주 오창 제2산업단지 완충저류시설 설치사업 기본 및 실시설계,한국환경공단,PQ,737067000,738554075,100.2017557,삼안+청우,97.6,631526000,99.6001,N
20200826449 - 00,20200901,청주 오창 제2산업단지 완충저류시설 설치사업 기본 및 실시설계,한국환경공단,PQ,737067000,738554075,100.2017557,한종+창민+정,97.48,641000000,101.059,Y
20200826449 - 00,20200901,청주 오창 제2산업단지 완충저류시설 설치사업 기본 및 실시설계,한국환경공단,PQ,737067000,738554075,100.2017557,건화+홍익,96.68,629300000,99.0073,N
20200826449 - 00,20200901,청주 오창 제2산업단지 완충저류시설 설치사업 기본 및 실시설계,한국환경공단,PQ,737067000,738554075,100.2017557,동명+건양,96.56,634480000,99.7991,N
20200826449 - 00,20200901,청주 오창 제2산업단지 완충저류시설 설치사업 기본 및 실시설계,한국환경공단,PQ,737067000,738554075,100.2017557,이산+동림,95.8,629789000,98.8664,N
20200826449 - 00,20200901,청주 오창 제2산업단지 완충저류시설 설치사업 기본 및 실시설계,한국환경공단,PQ,737067000,738554075,100.2017557,제일+대원,95.44,650350000,101.9997,N
20200826449 - 00,20200901,청주 오창 제2산업단지 완충저류시설 설치사업 기본 및 실시설계,한국환경공단,PQ,737067000,738554075,100.2017557,선진+선,92.75,647000000,100.7869,N
20200900569 - 01,20200901,흥해 초곡리 도시계획도로(소1-3 )실시설계용역,경상북도 포항시 건설교통사업본부,PQ,756400000,752612350,99.49925304,동명+세원,98.23,649650000,100.0024,N
20200900569 - 01,20200901,흥해 초곡리 도시계획도로(소1-3 )실시설계용역,경상북도 포항시 건설교통사업본부,PQ,756400000,752612350,99.49925304,서영+건일,98.2,649000000,99.8908,N
20200900569 - 01,20200901,흥해 초곡리 도시계획도로(소1-3 )실시설계용역,경상북도 포항시 건설교통사업본부,PQ,756400000,752612350,99.49925304,동성+진성,98.17,650300000,100.0792,N
20200900569 - 01,20200901,흥해 초곡리 도시계획도로(소1-3 )실시설계용역,경상북도 포항시 건설교통사업본부,PQ,756400000,752612350,99.49925304,평화+태성,97.99,648220000,99.7127,N
20200900569 - 01,20200901,흥해 초곡리 도시계획도로(소1-3 )실시설계용역,경상북도 포항시 건설교통사업본부,PQ,756400000,752612350,99.49925304,한종+한도,97.93,654000000,100.5901,N
20200900569 - 01,20200901,흥해 초곡리 도시계획도로(소1-3 )실시설계용역,경상북도 포항시 건설교통사업본부,PQ,756400000,752612350,99.49925304,건화+한백,97.91,655890000,100.8808,N
20200900569 - 01,20200901,흥해 초곡리 도시계획도로(소1-3 )실시설계용역,경상북도 포항시 건설교통사업본부,PQ,756400000,752612350,99.49925304,바우+극동+상금,97.88,647900000,99.6402,Y
20200900569 - 01,20200901,흥해 초곡리 도시계획도로(소1-3 )실시설계용역,경상북도 포항시 건설교통사업본부,PQ,756400000,752612350,99.49925304,삼안+주하,97.88,645920000,99.3357,N
20200900569 - 01,20200901,흥해 초곡리 도시계획도로(소1-3 )실시설계용역,경상북도 포항시 건설교통사업본부,PQ,756400000,752612350,99.49925304,다산+경원,97.84,655323000,100.7701,N
20200900569 - 01,20200901,흥해 초곡리 도시계획도로(소1-3 )실시설계용역,경상북도 포항시 건설교통사업본부,PQ,756400000,752612350,99.49925304,유신+해동,97.81,644472000,99.09,N
20200900569 - 01,20200901,흥해 초곡리 도시계획도로(소1-3 )실시설계용역,경상북도 포항시 건설교통사업본부,PQ,756400000,752612350,99.49925304,보람+삼보,97.77,646110000,99.3303,N
20200900569 - 01,20200901,흥해 초곡리 도시계획도로(소1-3 )실시설계용역,경상북도 포항시 건설교통사업본부,PQ,756400000,752612350,99.49925304,한맥+동진,97.69,654130000,100.5516,N
20200900569 - 01,20200901,흥해 초곡리 도시계획도로(소1-3 )실시설계용역,경상북도 포항시 건설교통사업본부,PQ,756400000,752612350,99.49925304,KG+KCI,97.63,655120000,100.6803,N
20200900569 - 01,20200901,흥해 초곡리 도시계획도로(소1-3 )실시설계용역,경상북도 포항시 건설교통사업본부,PQ,756400000,752612350,99.49925304,천일+해인,97.58,644100000,98.9753,N
20200900569 - 01,20200901,흥해 초곡리 도시계획도로(소1-3 )실시설계용역,경상북도 포항시 건설교통사업본부,PQ,756400000,752612350,99.49925304,경동+보원,97.52,642887000,98.7774,N
20200900569 - 01,20200901,흥해 초곡리 도시계획도로(소1-3 )실시설계용역,경상북도 포항시 건설교통사업본부,PQ,756400000,752612350,99.49925304,제일+정도,97.4,657257000,100.9501,N
20200900569 - 01,20200901,흥해 초곡리 도시계획도로(소1-3 )실시설계용역,경상북도 포항시 건설교통사업본부,PQ,756400000,752612350,99.49925304,홍익+강동,97.31,642887000,98.72,N
20200900569 - 01,20200901,흥해 초곡리 도시계획도로(소1-3 )실시설계용역,경상북도 포항시 건설교통사업본부,PQ,756400000,752612350,99.49925304,신성+반석,97.23,661380000,101.548,N
20200900569 - 01,20200901,흥해 초곡리 도시계획도로(소1-3 )실시설계용역,경상북도 포항시 건설교통사업본부,PQ,756400000,752612350,99.49925304,수성+청명,96.78,659428000,101.1308,N
20200900569 - 01,20200901,흥해 초곡리 도시계획도로(소1-3 )실시설계용역,경상북도 포항시 건설교통사업본부,PQ,756400000,752612350,99.49925304,이산+강산,95.96,663900000,101.6045,N
20200900569 - 01,20200901,흥해 초곡리 도시계획도로(소1-3 )실시설계용역,경상북도 포항시 건설교통사업본부,PQ,756400000,752612350,99.49925304,도화+대성,95.34,664140000,101.4767,N
20200900569 - 01,20200901,흥해 초곡리 도시계획도로(소1-3 )실시설계용역,경상북도 포항시 건설교통사업본부,PQ,756400000,752612350,99.49925304,동일+명성,95.32,666000000,101.7609,N
20200900569 - 01,20200901,흥해 초곡리 도시계획도로(소1-3 )실시설계용역,경상북도 포항시 건설교통사업본부,PQ,756400000,752612350,99.49925304,화신+현대기술,93.02,673475000,102.3001,N
E042000434-1,20200831,하동발전본부 태양광 발전사업 기술용역(2020-1),한국남부발전(주) 하동발전본부,PQ,555099600,551743360,99.39538058,한빛디엔에스,100,475726148,100.241,Y
E042000434-1,20200831,하동발전본부 태양광 발전사업 기술용역(2020-1),한국남부발전(주) 하동발전본부,PQ,555099600,551743360,99.39538058,건화,99.8,475870000,100.2713,N
20200902063 - 00,20200902,군위 공공하수처리시설 증설외 1개사업 통합건설사업관리용역,경상북도 군위군,PQ,2165000000,2147490600,99.19125173,한종+한백종합,100,1690540000,100.1154,N
20200902063 - 00,20200902,군위 공공하수처리시설 증설외 1개사업 통합건설사업관리용역,경상북도 군위군,PQ,2165000000,2147490600,99.19125173,건화+동진,99.73,1703800000,100.6683,N
20200902063 - 00,20200902,군위 공공하수처리시설 증설외 1개사업 통합건설사업관리용역,경상북도 군위군,PQ,2165000000,2147490600,99.19125173,동명+상금,99.64,1698900000,100.3018,N
20200902063 - 00,20200902,군위 공공하수처리시설 증설외 1개사업 통합건설사업관리용역,경상북도 군위군,PQ,2165000000,2147490600,99.19125173,수성+건일,99.55,1686288888,99.4937,N
20200902063 - 00,20200902,군위 공공하수처리시설 증설외 1개사업 통합건설사업관리용역,경상북도 군위군,PQ,2165000000,2147490600,99.19125173,도화+강산,99.53,1682500000,99.2448,Y
20200902063 - 00,20200902,군위 공공하수처리시설 증설외 1개사업 통합건설사업관리용역,경상북도 군위군,PQ,2165000000,2147490600,99.19125173,삼안+한도,99.4,1683000000,99.173,N
20200902063 - 00,20200902,군위 공공하수처리시설 증설외 1개사업 통합건설사업관리용역,경상북도 군위군,PQ,2165000000,2147490600,99.19125173,선진+해동,99.3,1716160000,101.0496,N
20200902063 - 00,20200902,군위 공공하수처리시설 증설외 1개사업 통합건설사업관리용역,경상북도 군위군,PQ,2165000000,2147490600,99.19125173,범한+KCI,99.25,1708500000,100.5601,N
20200902063 - 00,20200902,군위 공공하수처리시설 증설외 1개사업 통합건설사업관리용역,경상북도 군위군,PQ,2165000000,2147490600,99.19125173,경동+청명,99.23,1677990000,98.7392,N
20200902063 - 00,20200902,군위 공공하수처리시설 증설외 1개사업 통합건설사업관리용역,경상북도 군위군,PQ,2165000000,2147490600,99.19125173,이산+한주,99.23,1722200000,101.3407,N
20200902063 - 00,20200902,군위 공공하수처리시설 증설외 1개사업 통합건설사업관리용역,경상북도 군위군,PQ,2165000000,2147490600,99.19125173,동성+태조,99.2,1721948000,101.3,N
20200902063 - 00,20200902,군위 공공하수처리시설 증설외 1개사업 통합건설사업관리용역,경상북도 군위군,PQ,2165000000,2147490600,99.19125173,경호+주화,99.17,1678780000,98.7353,N
20200902063 - 00,20200902,군위 공공하수처리시설 증설외 1개사업 통합건설사업관리용역,경상북도 군위군,PQ,2165000000,2147490600,99.19125173,신명+해인,99.14,1728000000,101.6043,N
20200902063 - 00,20200902,군위 공공하수처리시설 증설외 1개사업 통합건설사업관리용역,경상북도 군위군,PQ,2165000000,2147490600,99.19125173,제일+태성,99.14,1722825000,101.3,N
20200902063 - 00,20200902,군위 공공하수처리시설 증설외 1개사업 통합건설사업관리용역,경상북도 군위군,PQ,2165000000,2147490600,99.19125173,건양+삼보,99.13,1724865000,101.4199,N
20200902063 - 00,20200902,군위 공공하수처리시설 증설외 1개사업 통합건설사업관리용역,경상북도 군위군,PQ,2165000000,2147490600,99.19125173,경원+다산,99.13,1710400000,100.5694,N
20200902063 - 00,20200902,군위 공공하수처리시설 증설외 1개사업 통합건설사업관리용역,경상북도 군위군,PQ,2165000000,2147490600,99.19125173,보원+천일,99.1,1720456800,101.135,N
20200902063 - 00,20200902,군위 공공하수처리시설 증설외 1개사업 통합건설사업관리용역,경상북도 군위군,PQ,2165000000,2147490600,99.19125173,청우+KG,99.05,1696000000,99.6593,N
20200901915 - 00,20200902,장수군 동화·명덕천 지방하천 정비사업 통합건설사업관리용역,전라북도 장수군,PQ,2682196000,2688492500,100.2347517,건화+가온,100,2094000000,100.0966,N
20200901915 - 00,20200902,장수군 동화·명덕천 지방하천 정비사업 통합건설사업관리용역,전라북도 장수군,PQ,2682196000,2688492500,100.2347517,동성+동운,100,2107400000,100.7372,Y
20200901915 - 00,20200902,장수군 동화·명덕천 지방하천 정비사업 통합건설사업관리용역,전라북도 장수군,PQ,2682196000,2688492500,100.2347517,도화+현성,99.47,2086000000,99.2814,N
20200901915 - 00,20200902,장수군 동화·명덕천 지방하천 정비사업 통합건설사업관리용역,전라북도 장수군,PQ,2682196000,2688492500,100.2347517,동명+JCN,99.4,2108200000,100.274,N
20200901915 - 00,20200902,장수군 동화·명덕천 지방하천 정비사업 통합건설사업관리용역,전라북도 장수군,PQ,2682196000,2688492500,100.2347517,천일+국성,99.4,2106450000,100.1908,N
20200901915 - 00,20200902,장수군 동화·명덕천 지방하천 정비사업 통합건설사업관리용역,전라북도 장수군,PQ,2682196000,2688492500,100.2347517,KCI+길건축,99.4,2089780000,99.3979,N
20200901915 - 00,20200902,장수군 동화·명덕천 지방하천 정비사업 통합건설사업관리용역,전라북도 장수군,PQ,2682196000,2688492500,100.2347517,KG+인우,99.4,0,0,N
20200901915 - 00,20200902,장수군 동화·명덕천 지방하천 정비사업 통합건설사업관리용역,전라북도 장수군,PQ,2682196000,2688492500,100.2347517,KSM+대도,99.4,2089600000,99.3893,N
20200901915 - 00,20200902,장수군 동화·명덕천 지방하천 정비사업 통합건설사업관리용역,전라북도 장수군,PQ,2682196000,2688492500,100.2347517,다산+새움,99.37,2044900000,97.2384,N
20200901915 - 00,20200902,장수군 동화·명덕천 지방하천 정비사업 통합건설사업관리용역,전라북도 장수군,PQ,2682196000,2688492500,100.2347517,경동+한가람,99.35,2083960000,99.0831,N
20200901915 - 00,20200902,장수군 동화·명덕천 지방하천 정비사업 통합건설사업관리용역,전라북도 장수군,PQ,2682196000,2688492500,100.2347517,한종+더한,99.35,2084400000,99.1041,N
20200901915 - 00,20200902,장수군 동화·명덕천 지방하천 정비사업 통합건설사업관리용역,전라북도 장수군,PQ,2682196000,2688492500,100.2347517,경원+고산,99.34,2106270000,100.1311,N
20200901915 - 00,20200902,장수군 동화·명덕천 지방하천 정비사업 통합건설사업관리용역,전라북도 장수군,PQ,2682196000,2688492500,100.2347517,동부+세화,99.34,2088990000,99.3096,N
20200901915 - 00,20200902,장수군 동화·명덕천 지방하천 정비사업 통합건설사업관리용역,전라북도 장수군,PQ,2682196000,2688492500,100.2347517,경호+유일,99.33,2079390000,98.8532,N
20200901915 - 00,20200902,장수군 동화·명덕천 지방하천 정비사업 통합건설사업관리용역,전라북도 장수군,PQ,2682196000,2688492500,100.2347517,동일+신한,99.32,2082800000,99.0027,N
20200901915 - 00,20200902,장수군 동화·명덕천 지방하천 정비사업 통합건설사업관리용역,전라북도 장수군,PQ,2682196000,2688492500,100.2347517,홍익+대성,99.32,2073275000,98.55,N
20200901915 - 00,20200902,장수군 동화·명덕천 지방하천 정비사업 통합건설사업관리용역,전라북도 장수군,PQ,2682196000,2688492500,100.2347517,삼안+건일,99.3,2130150000,101.2405,N
20200901915 - 00,20200902,장수군 동화·명덕천 지방하천 정비사업 통합건설사업관리용역,전라북도 장수군,PQ,2682196000,2688492500,100.2347517,서영+천마,99.29,2137980000,101.5997,N
20200901915 - 00,20200902,장수군 동화·명덕천 지방하천 정비사업 통합건설사업관리용역,전라북도 장수군,PQ,2682196000,2688492500,100.2347517,이산+유현,99.29,2077121000,98.7076,N
20200901915 - 00,20200902,장수군 동화·명덕천 지방하천 정비사업 통합건설사업관리용역,전라북도 장수군,PQ,2682196000,2688492500,100.2347517,신명+성원,99.27,2128999000,101.16,N
20200901915 - 00,20200902,장수군 동화·명덕천 지방하천 정비사업 통합건설사업관리용역,전라북도 장수군,PQ,2682196000,2688492500,100.2347517,유신+성광,99.27,2104627000,100.002,N
20200901915 - 00,20200902,장수군 동화·명덕천 지방하천 정비사업 통합건설사업관리용역,전라북도 장수군,PQ,2682196000,2688492500,100.2347517,평화+목양,99.27,2140190000,101.6918,N
20200901915 - 00,20200902,장수군 동화·명덕천 지방하천 정비사업 통합건설사업관리용역,전라북도 장수군,PQ,2682196000,2688492500,100.2347517,우빈+금산,99.2,2088812000,99.1873,N
20200901915 - 00,20200902,장수군 동화·명덕천 지방하천 정비사업 통합건설사업관리용역,전라북도 장수군,PQ,2682196000,2688492500,100.2347517,대콘+주영,99.19,2117899000,100.5685,N
20200901915 - 00,20200902,장수군 동화·명덕천 지방하천 정비사업 통합건설사업관리용역,전라북도 장수군,PQ,2682196000,2688492500,100.2347517,하이콘+혜원,99.19,2076440000,98.5998,N
20200901915 - 00,20200902,장수군 동화·명덕천 지방하천 정비사업 통합건설사업관리용역,전라북도 장수군,PQ,2682196000,2688492500,100.2347517,삼보+태평,99.18,2136950000,101.4602,N
20200901915 - 00,20200902,장수군 동화·명덕천 지방하천 정비사업 통합건설사업관리용역,전라북도 장수군,PQ,2682196000,2688492500,100.2347517,화신+동해+태영,99.16,2078658000,98.68,N
20200901915 - 00,20200902,장수군 동화·명덕천 지방하천 정비사업 통합건설사업관리용역,전라북도 장수군,PQ,2682196000,2688492500,100.2347517,극동+조화,99.14,2090143000,99.2,N
20200901915 - 00,20200902,장수군 동화·명덕천 지방하천 정비사업 통합건설사업관리용역,전라북도 장수군,PQ,2682196000,2688492500,100.2347517,용마+아라+범한,99.06,2133857000,101.2103,N
20200901915 - 00,20200902,장수군 동화·명덕천 지방하천 정비사업 통합건설사업관리용역,전라북도 장수군,PQ,2682196000,2688492500,100.2347517,수성+온길+제일,98.99,2145066000,101.6902,N
20200901572 - 00,20200902,대정하수처리장 차집관로 정비사업 등 통합건설사업관리용역,제주특별자치도 상하수도본부,PQ,2093000000,2099116850,100.2922527,삼안+JPM,100,1639440000,100.4291,Y
20200901572 - 00,20200902,대정하수처리장 차집관로 정비사업 등 통합건설사업관리용역,제주특별자치도 상하수도본부,PQ,2093000000,2099116850,100.2922527,동명+청풍,99.73,1632000000,99.7431,N
20200901572 - 00,20200902,대정하수처리장 차집관로 정비사업 등 통합건설사업관리용역,제주특별자치도 상하수도본부,PQ,2093000000,2099116850,100.2922527,선진+해진,99.7,1646810000,100.6225,N
20200901572 - 00,20200902,대정하수처리장 차집관로 정비사업 등 통합건설사업관리용역,제주특별자치도 상하수도본부,PQ,2093000000,2099116850,100.2922527,이산+해오름,99.54,1627250000,99.3004,N
20200901572 - 00,20200902,대정하수처리장 차집관로 정비사업 등 통합건설사업관리용역,제주특별자치도 상하수도본부,PQ,2093000000,2099116850,100.2922527,경동+태신,99.47,1630467000,99.4459,N
20200901572 - 00,20200902,대정하수처리장 차집관로 정비사업 등 통합건설사업관리용역,제주특별자치도 상하수도본부,PQ,2093000000,2099116850,100.2922527,건양+서영+DKL,99.45,1652106000,100.74,N
20200901572 - 00,20200902,대정하수처리장 차집관로 정비사업 등 통합건설사업관리용역,제주특별자치도 상하수도본부,PQ,2093000000,2099116850,100.2922527,KG+한일,99.44,1632100000,99.5201,N
20200901572 - 00,20200902,대정하수처리장 차집관로 정비사업 등 통합건설사업관리용역,제주특별자치도 상하수도본부,PQ,2093000000,2099116850,100.2922527,동성+토펙,99.43,1659200000,101.1597,N
20200901572 - 00,20200902,대정하수처리장 차집관로 정비사업 등 통합건설사업관리용역,제주특별자치도 상하수도본부,PQ,2093000000,2099116850,100.2922527,신명+도암,99.42,1656656000,100.9917,N
20200901572 - 00,20200902,대정하수처리장 차집관로 정비사업 등 통합건설사업관리용역,제주특별자치도 상하수도본부,PQ,2093000000,2099116850,100.2922527,수성+부림,99.41,1623160000,98.9497,N
20200901572 - 00,20200902,대정하수처리장 차집관로 정비사업 등 통합건설사업관리용역,제주특별자치도 상하수도본부,PQ,2093000000,2099116850,100.2922527,건화+한라(웅진),99.4,1619600000,98.7201,N
20200901572 - 00,20200902,대정하수처리장 차집관로 정비사업 등 통합건설사업관리용역,제주특별자치도 상하수도본부,PQ,2093000000,2099116850,100.2922527,제일+리헌+천일+하나,99.39,1665900000,101.5293,N
20200901572 - 00,20200902,대정하수처리장 차집관로 정비사업 등 통합건설사업관리용역,제주특별자치도 상하수도본부,PQ,2093000000,2099116850,100.2922527,도화+제원,99.37,2030000000,123.7038,N
20200901572 - 00,20200902,대정하수처리장 차집관로 정비사업 등 통합건설사업관리용역,제주특별자치도 상하수도본부,PQ,2093000000,2099116850,100.2922527,한종+원,99.16,1623800000,98.7871,N
20200826845 - 00,20200902,강릉시 폐기물처리시설(소각시설) 설치사업 사후환경영향조사 용역,강원도 강릉시,PQ,3170010000,3129869800,98.73375163,한맥+우신,99.88,2492380000,100.7028,Y
20200826845 - 00,20200902,강릉시 폐기물처리시설(소각시설) 설치사업 사후환경영향조사 용역,강원도 강릉시,PQ,3170010000,3129869800,98.73375163,경호+유신+신일,98.37,2493950000,99.5297,N
20200826845 - 00,20200902,강릉시 폐기물처리시설(소각시설) 설치사업 사후환경영향조사 용역,강원도 강릉시,PQ,3170010000,3129869800,98.73375163,도화+화신+서광+엔탑,98.2,2499200000,99.6006,N
20200826845 - 00,20200902,강릉시 폐기물처리시설(소각시설) 설치사업 사후환경영향조사 용역,강원도 강릉시,PQ,3170010000,3129869800,98.73375163,KG+동일+동서+정원,98.2,2541340000,101.28,N
20200826845 - 00,20200902,강릉시 폐기물처리시설(소각시설) 설치사업 사후환경영향조사 용역,강원도 강릉시,PQ,3170010000,3129869800,98.73375163,삼안+경동+선진환경+자연과사람,97.96,2479840000,98.6421,N
20200826845 - 00,20200902,강릉시 폐기물처리시설(소각시설) 설치사업 사후환경영향조사 용역,강원도 강릉시,PQ,3170010000,3129869800,98.73375163,한종+한국환경+평화+홍익,97.92,2547600000,101.2991,N
20200826845 - 00,20200902,강릉시 폐기물처리시설(소각시설) 설치사업 사후환경영향조사 용역,강원도 강릉시,PQ,3170010000,3129869800,98.73375163,건화+경원+레오,97.77,2541780000,100.9532,N
20200826845 - 00,20200902,강릉시 폐기물처리시설(소각시설) 설치사업 사후환경영향조사 용역,강원도 강릉시,PQ,3170010000,3129869800,98.73375163,천일+이산+중천,97.69,2542000000,100.8984,N
20200826845 - 00,20200902,강릉시 폐기물처리시설(소각시설) 설치사업 사후환경영향조사 용역,강원도 강릉시,PQ,3170010000,3129869800,98.73375163,동명+동해+건일+효산,97.53,2544500000,100.8581,N
20200826845 - 00,20200902,강릉시 폐기물처리시설(소각시설) 설치사업 사후환경영향조사 용역,강원도 강릉시,PQ,3170010000,3129869800,98.73375163,동부+동성+미래+세현,97.3,2581634000,102.1503,N
20200826845 - 00,20200902,강릉시 폐기물처리시설(소각시설) 설치사업 사후환경영향조사 용역,강원도 강릉시,PQ,3170010000,3129869800,98.73375163,예평+서영+일신+백두,96.79,2600870000,102.4872,N
20200903279 - 00,20200903,충주시 충주천 배수분구 도시침수 예방사업 기본 및 실시설계,한국환경공단,SOQ,2324377000,2320158325,99.81850298,도화+건양+동해,98.63,1829450000,99.7871,N
20200903279 - 00,20200903,충주시 충주천 배수분구 도시침수 예방사업 기본 및 실시설계,한국환경공단,SOQ,2324377000,2320158325,99.81850298,KG+홍익+동명+건화,98.59,1852020000,100.9798,Y
20200903279 - 00,20200903,충주시 충주천 배수분구 도시침수 예방사업 기본 및 실시설계,한국환경공단,SOQ,2324377000,2320158325,99.81850298,한종+영진,98.33,1852500000,100.8016,N
20200903279 - 00,20200903,충주시 충주천 배수분구 도시침수 예방사업 기본 및 실시설계,한국환경공단,SOQ,2324377000,2320158325,99.81850298,삼안+청우+하이콘,97.42,2186800000,118.1108,N
20200903279 - 00,20200903,충주시 충주천 배수분구 도시침수 예방사업 기본 및 실시설계,한국환경공단,SOQ,2324377000,2320158325,99.81850298,이산+동림+유신+선진,97.23,1827700000,98.567,N
20200903-02-04-0,20200903,탄광문화공원 3단계 조성사업 설계 용역 ,(주)강원랜드,PQ,628000000,628577016,100.0918815,유신,100,538546000,100.305,N
20200903-02-04-0,20200903,탄광문화공원 3단계 조성사업 설계 용역 ,(주)강원랜드,PQ,628000000,628577016,100.0918815,건화+화신(태경),99.2,535800000,99.7935,N
20200903-02-04-0,20200903,탄광문화공원 3단계 조성사업 설계 용역 ,(주)강원랜드,PQ,628000000,628577016,100.0918815,한종+정,98.93,539200000,100.4268,N
20200903-02-04-0,20200903,탄광문화공원 3단계 조성사업 설계 용역 ,(주)강원랜드,PQ,628000000,628577016,100.0918815,서영,98.9,535300000,99.7004,N
20200903-02-04-0,20200903,탄광문화공원 3단계 조성사업 설계 용역 ,(주)강원랜드,PQ,628000000,628577016,100.0918815,경호,98.6,537740000,100.1548,Y
20200903-02-04-0,20200903,탄광문화공원 3단계 조성사업 설계 용역 ,(주)강원랜드,PQ,628000000,628577016,100.0918815,선진,97.8,534490000,99.3752,N
20200903-02-04-0,20200903,탄광문화공원 3단계 조성사업 설계 용역 ,(주)강원랜드,PQ,628000000,628577016,100.0918815,도화,95.45,549700000,101.5039,N
20200903-02-04-0,20200903,탄광문화공원 3단계 조성사업 설계 용역 ,(주)강원랜드,PQ,628000000,628577016,100.0918815,동일,93.4,555600000,101.9901,N
20200903686 - 00,20200903,제천시 장락동 및 고암동 도시침수예방사업 기본 및 실시설계,한국환경공단,PQ,1082093000,1078911700,99.70600494,건화+홍익+한종,99.42,852384000,100.5063,Y
20200903686 - 00,20200903,제천시 장락동 및 고암동 도시침수예방사업 기본 및 실시설계,한국환경공단,PQ,1082093000,1078911700,99.70600494,삼안+건양+하이콘,98.81,847227000,99.4036,N
20200903686 - 00,20200903,제천시 장락동 및 고암동 도시침수예방사업 기본 및 실시설계,한국환경공단,PQ,1082093000,1078911700,99.70600494,도화+영진+이산,98.65,865100000,101.3462,N
20200903686 - 00,20200903,제천시 장락동 및 고암동 도시침수예방사업 기본 및 실시설계,한국환경공단,PQ,1082093000,1078911700,99.70600494,KG+지명+경동+동해,98.02,855830000,99.7795,N
20200903686 - 00,20200903,제천시 장락동 및 고암동 도시침수예방사업 기본 및 실시설계,한국환경공단,PQ,1082093000,1078911700,99.70600494,제일+대원,97.29,882400000,102.2709,N
20200903686 - 00,20200903,제천시 장락동 및 고암동 도시침수예방사업 기본 및 실시설계,한국환경공단,PQ,1082093000,1078911700,99.70600494,동명+청우종합,96.69,887900000,102.4202,N
20200903686 - 00,20200903,제천시 장락동 및 고암동 도시침수예방사업 기본 및 실시설계,한국환경공단,PQ,1082093000,1078911700,99.70600494,화신+동림,95.38,896896000,102.3844,N
2003333 - 00,20200903,칠곡북삼 도시개발사업 사후환경영향조사(공사시) 용역,한국토지주택공사,PQ,860640000,864863000,100.4906814,유신+레오,99.51,738913000,100.27,N
2003333 - 00,20200903,칠곡북삼 도시개발사업 사후환경영향조사(공사시) 용역,한국토지주택공사,PQ,860640000,864863000,100.4906814,동일+중앙,99.26,742600000,100.6998,Y
2003333 - 00,20200903,칠곡북삼 도시개발사업 사후환경영향조사(공사시) 용역,한국토지주택공사,PQ,860640000,864863000,100.4906814,신성+홍익+중천,99.24,735880000,99.7885,N
2003333 - 00,20200903,칠곡북삼 도시개발사업 사후환경영향조사(공사시) 용역,한국토지주택공사,PQ,860640000,864863000,100.4906814,동명+예평+동진,99.21,736900000,99.9152,N
2003333 - 00,20200903,칠곡북삼 도시개발사업 사후환경영향조사(공사시) 용역,한국토지주택공사,PQ,860640000,864863000,100.4906814,삼안+디에스+다산,99.21,735130000,99.6752,N
2003333 - 00,20200903,칠곡북삼 도시개발사업 사후환경영향조사(공사시) 용역,한국토지주택공사,PQ,860640000,864863000,100.4906814,평화+경동+엔탑,99.2,734900000,99.644,N
2003333 - 00,20200903,칠곡북삼 도시개발사업 사후환경영향조사(공사시) 용역,한국토지주택공사,PQ,860640000,864863000,100.4906814,선진+동성+한국환경,99.19,734440000,99.57,N
2003333 - 00,20200903,칠곡북삼 도시개발사업 사후환경영향조사(공사시) 용역,한국토지주택공사,PQ,860640000,864863000,100.4906814,도화+신일,99.15,744100000,100.8679,N
2003333 - 00,20200903,칠곡북삼 도시개발사업 사후환경영향조사(공사시) 용역,한국토지주택공사,PQ,860640000,864863000,100.4906814,수성+보드플랜,99.02,744667000,100.9094,N
2003333 - 00,20200903,칠곡북삼 도시개발사업 사후환경영향조사(공사시) 용역,한국토지주택공사,PQ,860640000,864863000,100.4906814,KG+한맥+CNS,99.02,731905000,99.1801,N
2003333 - 00,20200903,칠곡북삼 도시개발사업 사후환경영향조사(공사시) 용역,한국토지주택공사,PQ,860640000,864863000,100.4906814,이산+대현+휴먼,99.01,732790000,99.3,N
2003333 - 00,20200903,칠곡북삼 도시개발사업 사후환경영향조사(공사시) 용역,한국토지주택공사,PQ,860640000,864863000,100.4906814,서영+세일+퍼스트,98.98,746200000,101.1054,N
2003333 - 00,20200903,칠곡북삼 도시개발사업 사후환경영향조사(공사시) 용역,한국토지주택공사,PQ,860640000,864863000,100.4906814,건화+우신,98.9,732300000,99.1989,N
20200904951 - 00,20200904,태화 및 우정 자연재해위험개선지구 정비사업 감독권한대행 등 건설사업관리용역,울산광역시 중구,PQ,1798800000,1790143325,99.51875278,한종+청목,99.81,1408150000,100.2019,N
20200904951 - 00,20200904,태화 및 우정 자연재해위험개선지구 정비사업 감독권한대행 등 건설사업관리용역,울산광역시 중구,PQ,1798800000,1790143325,99.51875278,건화+CM+부광(정인전력),99.76,1404177000,99.8808,N
20200904951 - 00,20200904,태화 및 우정 자연재해위험개선지구 정비사업 감독권한대행 등 건설사업관리용역,울산광역시 중구,PQ,1798800000,1790143325,99.51875278,경호+유앤씨+용마,99.65,1402750000,99.6901,Y
20200904951 - 00,20200904,태화 및 우정 자연재해위험개선지구 정비사업 감독권한대행 등 건설사업관리용역,울산광역시 중구,PQ,1798800000,1790143325,99.51875278,도화+한신,99.63,1409800000,100.1783,N
20200904951 - 00,20200904,태화 및 우정 자연재해위험개선지구 정비사업 감독권한대행 등 건설사업관리용역,울산광역시 중구,PQ,1798800000,1790143325,99.51875278,삼안+성지,99.63,1414600000,100.5194,N
20200904951 - 00,20200904,태화 및 우정 자연재해위험개선지구 정비사업 감독권한대행 등 건설사업관리용역,울산광역시 중구,PQ,1798800000,1790143325,99.51875278,이산+동남,99.57,1415388000,100.524,N
20200904951 - 00,20200904,태화 및 우정 자연재해위험개선지구 정비사업 감독권한대행 등 건설사업관리용역,울산광역시 중구,PQ,1798800000,1790143325,99.51875278,선진+신흥+다산,99.54,1394700000,99.0293,N
20200904951 - 00,20200904,태화 및 우정 자연재해위험개선지구 정비사업 감독권한대행 등 건설사업관리용역,울산광역시 중구,PQ,1798800000,1790143325,99.51875278,경동+대흥,99.53,1393789000,98.952,N
20200904951 - 00,20200904,태화 및 우정 자연재해위험개선지구 정비사업 감독권한대행 등 건설사업관리용역,울산광역시 중구,PQ,1798800000,1790143325,99.51875278,서영+범한+선진e,99.49,1432200000,101.653,N
20200904951 - 00,20200904,태화 및 우정 자연재해위험개선지구 정비사업 감독권한대행 등 건설사업관리용역,울산광역시 중구,PQ,1798800000,1790143325,99.51875278,천일+삼두,99.06,1600000000,113.1584,N
20200904662 - 00,20200904,양산시 북정배수구역 도시침수예방사업 기본 및 실시설계,한국환경공단,SOQ,2261100000,2261563575,100.0205022,KG+삼안+수성,99.01,1787970000,100.5598,Y
20200904662 - 00,20200904,양산시 북정배수구역 도시침수예방사업 기본 및 실시설계,한국환경공단,SOQ,2261100000,2261563575,100.0205022,이산+건화+경화,98.4,1777999000,99.5055,N
20200904662 - 00,20200904,양산시 북정배수구역 도시침수예방사업 기본 및 실시설계,한국환경공단,SOQ,2261100000,2261563575,100.0205022,한종+범한+동명,98.12,1833800000,102.3952,N
20200904662 - 00,20200904,양산시 북정배수구역 도시침수예방사업 기본 및 실시설계,한국환경공단,SOQ,2261100000,2261563575,100.0205022,도화+한올+동해,97.9,1778100000,99.1099,N
20200904685 - 00,20200904,국가소유 공공폐수처리시설(진주상평) 폐수관로 조사 및 기본계획 수립,한국환경공단,PQ,545182000,539662075,98.98750784,이산+평화,99.27,467035000,100.1999,N
20200904685 - 00,20200904,국가소유 공공폐수처리시설(진주상평) 폐수관로 조사 및 기본계획 수립,한국환경공단,PQ,545182000,539662075,98.98750784,삼안,99.15,465404000,99.85,Y
20200904685 - 00,20200904,국가소유 공공폐수처리시설(진주상평) 폐수관로 조사 및 기본계획 수립,한국환경공단,PQ,545182000,539662075,98.98750784,한종+정,99.02,469330000,100.6923,N
20200904685 - 00,20200904,국가소유 공공폐수처리시설(진주상평) 폐수관로 조사 및 기본계획 수립,한국환경공단,PQ,545182000,539662075,98.98750784,건화,98.93,465600000,99.892,N
20200904685 - 00,20200904,국가소유 공공폐수처리시설(진주상평) 폐수관로 조사 및 기본계획 수립,한국환경공단,PQ,545182000,539662075,98.98750784,동명+한올,97.95,471650000,101.001,N
20200904685 - 00,20200904,국가소유 공공폐수처리시설(진주상평) 폐수관로 조사 및 기본계획 수립,한국환경공단,PQ,545182000,539662075,98.98750784,범한+하이콘,98.52,472200000,100.9891,N
20200904685 - 00,20200904,국가소유 공공폐수처리시설(진주상평) 폐수관로 조사 및 기본계획 수립,한국환경공단,PQ,545182000,539662075,98.98750784,제일+하나,97.62,471700000,100.8704,N
20200904685 - 00,20200904,국가소유 공공폐수처리시설(진주상평) 폐수관로 조사 및 기본계획 수립,한국환경공단,PQ,545182000,539662075,98.98750784,선진,97.01,472430000,100.9441,N
20200905150 - 01,20200904,조야~동명 광역도로 건설 기본 및 실시설계용역(2공구),대구광역시 건설본부,PQ,2748680000,2729363700,99.29725177,다산+경호+한백,100,2145977000,100.1,N
20200905150 - 01,20200904,조야~동명 광역도로 건설 기본 및 실시설계용역(2공구),대구광역시 건설본부,PQ,2748680000,2729363700,99.29725177,수성+보람+청명,100,2156693000,100.5999,N
20200905150 - 01,20200904,조야~동명 광역도로 건설 기본 및 실시설계용역(2공구),대구광역시 건설본부,PQ,2748680000,2729363700,99.29725177,신성+제일+동진,99.86,2136000000,99.5198,N
20200905150 - 01,20200904,조야~동명 광역도로 건설 기본 및 실시설계용역(2공구),대구광역시 건설본부,PQ,2748680000,2729363700,99.29725177,경동+삼보+해인+경원+가람,99.84,2137590000,99.5684,N
20200905150 - 01,20200904,조야~동명 광역도로 건설 기본 및 실시설계용역(2공구),대구광역시 건설본부,PQ,2748680000,2729363700,99.29725177,도화+동성+한도,99.83,2132330000,99.3234,Y
20200905150 - 01,20200904,조야~동명 광역도로 건설 기본 및 실시설계용역(2공구),대구광역시 건설본부,PQ,2748680000,2729363700,99.29725177,삼안+주하,99.71,2131646000,99.1899,N
20200905150 - 01,20200904,조야~동명 광역도로 건설 기본 및 실시설계용역(2공구),대구광역시 건설본부,PQ,2748680000,2729363700,99.29725177,서영+건화+건일(한명),99.6,2183200000,101.4979,N
20200905150 - 01,20200904,조야~동명 광역도로 건설 기본 및 실시설계용역(2공구),대구광역시 건설본부,PQ,2748680000,2729363700,99.29725177,이산+한맥+세원,99.46,2129290000,98.8779,N
20200905150 - 01,20200904,조야~동명 광역도로 건설 기본 및 실시설계용역(2공구),대구광역시 건설본부,PQ,2748680000,2729363700,99.29725177,홍익+강동+명성,98.68,2194950000,101.2806,N
20200905150 - 01,20200904,조야~동명 광역도로 건설 기본 및 실시설계용역(2공구),대구광역시 건설본부,PQ,2748680000,2729363700,99.29725177,한종+대성종합,98.58,2201400000,101.501,N
20200905150 - 01,20200904,조야~동명 광역도로 건설 기본 및 실시설계용역(2공구),대구광역시 건설본부,PQ,2748680000,2729363700,99.29725177,평화+용마+태성,98.34,2212000000,101.7833,N
20200905150 - 01,20200904,조야~동명 광역도로 건설 기본 및 실시설계용역(2공구),대구광역시 건설본부,PQ,2748680000,2729363700,99.29725177,극동+동부+상금,98.1,2216559000,101.8,N
20200905150 - 01,20200904,조야~동명 광역도로 건설 기본 및 실시설계용역(2공구),대구광역시 건설본부,PQ,2748680000,2729363700,99.29725177,동명+대콘+KCI,97.56,2227000000,101.8296,N
20200905150 - 01,20200904,조야~동명 광역도로 건설 기본 및 실시설계용역(2공구),대구광역시 건설본부,PQ,2748680000,2729363700,99.29725177,천일+신명+강산,97.44,2226100000,101.699,N
20200905150 - 01,20200904,조야~동명 광역도로 건설 기본 및 실시설계용역(2공구),대구광역시 건설본부,PQ,2748680000,2729363700,99.29725177,유신+해동,97.37,2240660000,102.2999,N
20200905150 - 01,20200904,조야~동명 광역도로 건설 기본 및 실시설계용역(2공구),대구광역시 건설본부,PQ,2748680000,2729363700,99.29725177,동일+DS,96.52,2300000000,104.3023,N
20200905957 - 01,20200907,모항항 어촌뉴딜300사업 어항SOC분야 기본 및 실시설계 용역,한국농어촌공사 전북지역본부,PQ,480909000,479888300,99.7877561,세일+이산,100,415913000,99.7,N
20200905957 - 01,20200907,모항항 어촌뉴딜300사업 어항SOC분야 기본 및 실시설계 용역,한국농어촌공사 전북지역본부,PQ,480909000,479888300,99.7877561,유신+평화,99.72,419999000,100.6795,N
20200905957 - 01,20200907,모항항 어촌뉴딜300사업 어항SOC분야 기본 및 실시설계 용역,한국농어촌공사 전북지역본부,PQ,480909000,479888300,99.7877561,서영+동명,98.71,418417000,100.3002,N
20200905957 - 01,20200907,모항항 어촌뉴딜300사업 어항SOC분야 기본 및 실시설계 용역,한국농어촌공사 전북지역본부,PQ,480909000,479888300,99.7877561,한종+수성E,98.4,421330000,100.9985,N
20200905957 - 01,20200907,모항항 어촌뉴딜300사업 어항SOC분야 기본 및 실시설계 용역,한국농어촌공사 전북지역본부,PQ,480909000,479888300,99.7877561,항도,98.32,416480000,99.8359,Y
20200905957 - 01,20200907,모항항 어촌뉴딜300사업 어항SOC분야 기본 및 실시설계 용역,한국농어촌공사 전북지역본부,PQ,480909000,479888300,99.7877561,건화(한국공간정보+삼기지질),97.13,423800000,101.5672,N
20200905823 - 00,20200907,평택·당진항 파제제 건설공사 사후환경영향조사용역(운영시),해양수산부 평택지방해양수산청,PQ,1116500000,1122654775,100.5512562,세일+대영+마린,98.63,897434000,100.3799,N
20200905823 - 00,20200907,평택·당진항 파제제 건설공사 사후환경영향조사용역(운영시),해양수산부 평택지방해양수산청,PQ,1116500000,1122654775,100.5512562,아라+건일+라임,98.54,895180000,99.9531,N
20200905823 - 00,20200907,평택·당진항 파제제 건설공사 사후환경영향조사용역(운영시),해양수산부 평택지방해양수산청,PQ,1116500000,1122654775,100.5512562,세광+DS,98.22,909668000,101.4064,Y
20200905823 - 00,20200907,평택·당진항 파제제 건설공사 사후환경영향조사용역(운영시),해양수산부 평택지방해양수산청,PQ,1116500000,1122654775,100.5512562,서영+한항+엔탑,96.74,919200000,101.0478,N
20200905823 - 00,20200907,평택·당진항 파제제 건설공사 사후환경영향조사용역(운영시),해양수산부 평택지방해양수산청,PQ,1116500000,1122654775,100.5512562,혜인+수성,96.52,921445000,101.0961,N
20200905823 - 00,20200907,평택·당진항 파제제 건설공사 사후환경영향조사용역(운영시),해양수산부 평택지방해양수산청,PQ,1116500000,1122654775,100.5512562,도화+건화,96.41,918660000,100.7042,N
20200904248 - 00,20200907,해창만지구 국가관리 방조제개보수사업 건설사업관리용역,전라남도 고흥군,PQ,454965000,456188925,100.2690152,우영+건화,99.9,400000000,101.3415,Y
20200904248 - 00,20200907,해창만지구 국가관리 방조제개보수사업 건설사업관리용역,전라남도 고흥군,PQ,454965000,456188925,100.2690152,한기+산이,99.9,394507500,99.95,N
20200906397 - 04,20200907,창원시 자연재해저감종합계획 재수립 용역,경상남도 창원시,PQ,1448000000,1465028500,101.1760014,도화+KSM+건화,98.82,1148000000,100.6689,N
20200906397 - 04,20200907,창원시 자연재해저감종합계획 재수립 용역,경상남도 창원시,PQ,1448000000,1465028500,101.1760014,한종+경화+동서,98.51,1139800000,99.6966,N
20200906397 - 04,20200907,창원시 자연재해저감종합계획 재수립 용역,경상남도 창원시,PQ,1448000000,1465028500,101.1760014,KG+천진+원우+서영,98.47,1153620000,100.8799,N
20200906397 - 04,20200907,창원시 자연재해저감종합계획 재수립 용역,경상남도 창원시,PQ,1448000000,1465028500,101.1760014,이산+수성+건일+한맥,98.43,1134980000,99.2122,N
20200906397 - 04,20200907,창원시 자연재해저감종합계획 재수립 용역,경상남도 창원시,PQ,1448000000,1465028500,101.1760014,삼안+하존+범한,98.31,1159400000,101.2443,Y
20200906397 - 04,20200907,창원시 자연재해저감종합계획 재수립 용역,경상남도 창원시,PQ,1448000000,1465028500,101.1760014,유신+화성+주하,97.72,1165382000,101.2928,N
20200906397 - 04,20200907,창원시 자연재해저감종합계획 재수립 용역,경상남도 창원시,PQ,1448000000,1465028500,101.1760014,평화+경동+한올+창미,97.72,1136600000,98.7911,N
20200906397 - 04,20200907,창원시 자연재해저감종합계획 재수립 용역,경상남도 창원시,PQ,1448000000,1465028500,101.1760014,동명+일신+신화+대영,97.54,1175300000,102.0008,N
20200906397 - 04,20200907,창원시 자연재해저감종합계획 재수립 용역,경상남도 창원시,PQ,1448000000,1465028500,101.1760014,화신+한성+KCI+한가람,96.24,1360980000,116.8961,N
20200906614 - 00,20200907,도시철도 9호선 4단계 환경영향평가용역,서울특별시 도시기반시설본부,PQ,673000000,673245675,100.0365045,동일+건화+한국환경,99.31,580000000,100.6144,N
20200906614 - 00,20200907,도시철도 9호선 4단계 환경영향평가용역,서울특별시 도시기반시설본부,PQ,673000000,673245675,100.0365045,한맥+예평+선진환경,98.86,577709000,100.1001,Y
20200906614 - 00,20200907,도시철도 9호선 4단계 환경영향평가용역,서울특별시 도시기반시설본부,PQ,673000000,673245675,100.0365045,수성+대콘+홍익,98.6,575333000,99.6303,N
20200906614 - 00,20200907,도시철도 9호선 4단계 환경영향평가용역,서울특별시 도시기반시설본부,PQ,673000000,673245675,100.0365045,천일+한종+CNS,98.59,583230000,100.9861,N
20200906614 - 00,20200907,도시철도 9호선 4단계 환경영향평가용역,서울특별시 도시기반시설본부,PQ,673000000,673245675,100.0365045,동명+제일+보드,98.56,576610000,99.8398,N
20200906614 - 00,20200907,도시철도 9호선 4단계 환경영향평가용역,서울특별시 도시기반시설본부,PQ,673000000,673245675,100.0365045,평화+동해+엔탑,98.53,582670000,100.8774,N
20200906614 - 00,20200907,도시철도 9호선 4단계 환경영향평가용역,서울특별시 도시기반시설본부,PQ,673000000,673245675,100.0365045,다산+세광+서영,98.47,572355000,99.08,N
20200906614 - 00,20200907,도시철도 9호선 4단계 환경영향평가용역,서울특별시 도시기반시설본부,PQ,673000000,673245675,100.0365045,유신+레오,98.46,571998000,99.0182,N
20200906614 - 00,20200907,도시철도 9호선 4단계 환경영향평가용역,서울특별시 도시기반시설본부,PQ,673000000,673245675,100.0365045,도화+아라+신일,98.42,572730000,99.1334,N
20200906614 - 00,20200907,도시철도 9호선 4단계 환경영향평가용역,서울특별시 도시기반시설본부,PQ,673000000,673245675,100.0365045,삼안+동림+경동,97.87,587510000,101.5497,N
20200906614 - 00,20200907,도시철도 9호선 4단계 환경영향평가용역,서울특별시 도시기반시설본부,PQ,673000000,673245675,100.0365045,신성+동성+다원,97.87,586000000,101.2887,N
20200906614 - 00,20200907,도시철도 9호선 4단계 환경영향평가용역,서울특별시 도시기반시설본부,PQ,673000000,673245675,100.0365045,KG+경호+이엔씨,97.09,578130000,99.7196,N
20200905453 - 00,20200907,완도 지방어항 시설공사 통합건설사업관리용역,전라남도 완도군,PQ,1148519000,1159432875,100.9502564,서영+우리,100,902900000,100.794,N
20200905453 - 00,20200907,완도 지방어항 시설공사 통합건설사업관리용역,전라남도 완도군,PQ,1148519000,1159432875,100.9502564,유신+평화,99.87,895856000,99.8924,N
20200905453 - 00,20200907,완도 지방어항 시설공사 통합건설사업관리용역,전라남도 완도군,PQ,1148519000,1159432875,100.9502564,도화+원우,99.63,894800000,99.5833,N
20200905453 - 00,20200907,완도 지방어항 시설공사 통합건설사업관리용역,전라남도 완도군,PQ,1148519000,1159432875,100.9502564,혜인+한기+동성,99.63,900813000,100.2525,N
20200905453 - 00,20200907,완도 지방어항 시설공사 통합건설사업관리용역,전라남도 완도군,PQ,1148519000,1159432875,100.9502564,세일+하이콘,99.6,906682000,100.8799,N
20200905453 - 00,20200907,완도 지방어항 시설공사 통합건설사업관리용역,전라남도 완도군,PQ,1148519000,1159432875,100.9502564,한항+동아,99.6,901736000,100.3296,N
20200905453 - 00,20200907,완도 지방어항 시설공사 통합건설사업관리용역,전라남도 완도군,PQ,1148519000,1159432875,100.9502564,천일+산이,99.57,890850000,99.0931,N
20200905453 - 00,20200907,완도 지방어항 시설공사 통합건설사업관리용역,전라남도 완도군,PQ,1148519000,1159432875,100.9502564,건일+신명,99.5,907930000,100.9414,N
20200905453 - 00,20200907,완도 지방어항 시설공사 통합건설사업관리용역,전라남도 완도군,PQ,1148519000,1159432875,100.9502564,수성+에스이,99.4,890362000,98.8998,N
20200905453 - 00,20200907,완도 지방어항 시설공사 통합건설사업관리용역,전라남도 완도군,PQ,1148519000,1159432875,100.9502564,건화+우빈,99.33,916000000,101.6957,Y
20200905453 - 00,20200907,완도 지방어항 시설공사 통합건설사업관리용역,전라남도 완도군,PQ,1148519000,1159432875,100.9502564,한종+신오,99.33,891600000,98.9868,N
20200907632 - 00,20200908,해창 자연재해위험개선지구 기본 및 실시설계 용역,전라남도 진도군,PQ,1685680000,1675249900,99.38125267,한종+우리종합,100,1322300000,100.5746,Y
20200907632 - 00,20200908,해창 자연재해위험개선지구 기본 및 실시설계 용역,전라남도 진도군,PQ,1685680000,1675249900,99.38125267,동부+동아,98.55,1343067000,100.9504,N
20200907632 - 00,20200908,해창 자연재해위험개선지구 기본 및 실시설계 용역,전라남도 진도군,PQ,1685680000,1675249900,99.38125267,도화+한기+장맥,98.55,1319550000,99.1827,N
20200907632 - 00,20200908,해창 자연재해위험개선지구 기본 및 실시설계 용역,전라남도 진도군,PQ,1685680000,1675249900,99.38125267,KG+신오,98.5,1345300000,101.0798,N
20200907632 - 00,20200908,해창 자연재해위험개선지구 기본 및 실시설계 용역,전라남도 진도군,PQ,1685680000,1675249900,99.38125267,삼안+신명,98.5,1318130000,99.0384,N
20200907632 - 00,20200908,해창 자연재해위험개선지구 기본 및 실시설계 용역,전라남도 진도군,PQ,1685680000,1675249900,99.38125267,KSM+SE,98.45,1344200000,100.946,N
20200907632 - 00,20200908,해창 자연재해위험개선지구 기본 및 실시설계 용역,전라남도 진도군,PQ,1685680000,1675249900,99.38125267,다산+기림,98.45,1341580000,100.7493,N
20200907632 - 00,20200908,해창 자연재해위험개선지구 기본 및 실시설계 용역,전라남도 진도군,PQ,1685680000,1675249900,99.38125267,이산+우영+동성,98.45,1340930000,100.7004,N
20200907632 - 00,20200908,해창 자연재해위험개선지구 기본 및 실시설계 용역,전라남도 진도군,PQ,1685680000,1675249900,99.38125267,유신+평화,98.45,1343987000,100.93,N
20200907632 - 00,20200908,해창 자연재해위험개선지구 기본 및 실시설계 용역,전라남도 진도군,PQ,1685680000,1675249900,99.38125267,건화+원우+강산,98.43,1317800000,98.9509,N
20200907632 - 00,20200908,해창 자연재해위험개선지구 기본 및 실시설계 용역,전라남도 진도군,PQ,1685680000,1675249900,99.38125267,동명+대현,98.39,1343000000,100.8048,N
20200907632 - 00,20200908,해창 자연재해위험개선지구 기본 및 실시설계 용역,전라남도 진도군,PQ,1685680000,1675249900,99.38125267,경호+우빈,98.37,1315880000,98.7567,N
20200907632 - 00,20200908,해창 자연재해위험개선지구 기본 및 실시설계 용역,전라남도 진도군,PQ,1685680000,1675249900,99.38125267,화신+KCI+하이콘,98.2,1584540000,118.7544,N
20200907617 - 00,20200908,염대 자연재해위험개선지구 기본 및 실시설계 용역,전라남도 진도군,PQ,1433930000,1446089800,100.8480051,한종+우리종합,100,1124000000,100.5013,N
20200907617 - 00,20200908,염대 자연재해위험개선지구 기본 및 실시설계 용역,전라남도 진도군,PQ,1433930000,1446089800,100.8480051,동부+동아,98.55,1142482000,100.9501,Y
20200907617 - 00,20200908,염대 자연재해위험개선지구 기본 및 실시설계 용역,전라남도 진도군,PQ,1433930000,1446089800,100.8480051,이산+우영+동성,98.5,1122990000,99.1901,N
20200907617 - 00,20200908,염대 자연재해위험개선지구 기본 및 실시설계 용역,전라남도 진도군,PQ,1433930000,1446089800,100.8480051,평화+유신,98.5,1124170000,99.2943,N
20200907617 - 00,20200908,염대 자연재해위험개선지구 기본 및 실시설계 용역,전라남도 진도군,PQ,1433930000,1446089800,100.8480051,삼안+신명,98.5,1144000000,101.0458,N
20200907617 - 00,20200908,염대 자연재해위험개선지구 기본 및 실시설계 용역,전라남도 진도군,PQ,1433930000,1446089800,100.8480051,동명+대현,98.49,1141500000,100.8123,N
20200907617 - 00,20200908,염대 자연재해위험개선지구 기본 및 실시설계 용역,전라남도 진도군,PQ,1433930000,1446089800,100.8480051,건화+원우+강산,98.48,1117800000,98.7067,N
20200907617 - 00,20200908,염대 자연재해위험개선지구 기본 및 실시설계 용역,전라남도 진도군,PQ,1433930000,1446089800,100.8480051,다산+기림,98.45,1127860000,99.5698,N
20200907617 - 00,20200908,염대 자연재해위험개선지구 기본 및 실시설계 용역,전라남도 진도군,PQ,1433930000,1446089800,100.8480051,KG+신오,98.45,1144970000,99.8167,N
20200907617 - 00,20200908,염대 자연재해위험개선지구 기본 및 실시설계 용역,전라남도 진도군,PQ,1433930000,1446089800,100.8480051,도화+한기+장맥,98.45,1146450000,101.211,N
20200907617 - 00,20200908,염대 자연재해위험개선지구 기본 및 실시설계 용역,전라남도 진도군,PQ,1433930000,1446089800,100.8480051,KSM+SE,98.45,1143400000,100.9417,N
20200907617 - 00,20200908,염대 자연재해위험개선지구 기본 및 실시설계 용역,전라남도 진도군,PQ,1433930000,1446089800,100.8480051,경호+우빈,98.27,1118880000,98.6397,N
20200907617 - 00,20200908,염대 자연재해위험개선지구 기본 및 실시설계 용역,전라남도 진도군,PQ,1433930000,1446089800,100.8480051,화신+KCI+하이콘,98.2,1347770000,118.7434,N
20200906772 - 00,20200907,고령 곽촌지구 도시개발사업에 따른 개발제한구역 해제 용역,경상북도 고령군,PQ,250000000,248617500,99.447,도화+해동,94.08,221400000,101.4956,N
20200906772 - 00,20200907,고령 곽촌지구 도시개발사업에 따른 개발제한구역 해제 용역,경상북도 고령군,PQ,250000000,248617500,99.447,건화+명성,91.93,218144000,99.7971,Y
20200907205 - 01,20200907,서귀포 서홍동홍 하수관로 정비사업(2단계) 건설사업관리용역 ,제주특별자치도 상하수도본부,PQ,1579600000,1597046725,101.1045027,동명+청풍,99.89,1237500000,100.3428,N
20200907205 - 01,20200907,서귀포 서홍동홍 하수관로 정비사업(2단계) 건설사업관리용역 ,제주특별자치도 상하수도본부,PQ,1579600000,1597046725,101.1045027,삼안+해진,99.85,1232197000,99.8872,N
20200907205 - 01,20200907,서귀포 서홍동홍 하수관로 정비사업(2단계) 건설사업관리용역 ,제주특별자치도 상하수도본부,PQ,1579600000,1597046725,101.1045027,신명+도암,99.68,1244944000,100.7786,N
20200907205 - 01,20200907,서귀포 서홍동홍 하수관로 정비사업(2단계) 건설사업관리용역 ,제주특별자치도 상하수도본부,PQ,1579600000,1597046725,101.1045027,이산+제원,99.62,1228489000,99.3957,N
20200907205 - 01,20200907,서귀포 서홍동홍 하수관로 정비사업(2단계) 건설사업관리용역 ,제주특별자치도 상하수도본부,PQ,1579600000,1597046725,101.1045027,도화+JPM+대경,99.56,1228300000,99.3296,N
20200907205 - 01,20200907,서귀포 서홍동홍 하수관로 정비사업(2단계) 건설사업관리용역 ,제주특별자치도 상하수도본부,PQ,1579600000,1597046725,101.1045027,건화+한라(웅진),99.55,1238600000,100.1626,N
20200907205 - 01,20200907,서귀포 서홍동홍 하수관로 정비사업(2단계) 건설사업관리용역 ,제주특별자치도 상하수도본부,PQ,1579600000,1597046725,101.1045027,수성+부림,99.54,1226236000,99.15,N
20200907205 - 01,20200907,서귀포 서홍동홍 하수관로 정비사업(2단계) 건설사업관리용역 ,제주특별자치도 상하수도본부,PQ,1579600000,1597046725,101.1045027,건양+서영+DKL,99.4,1238000000,99.9863,N
20200907205 - 01,20200907,서귀포 서홍동홍 하수관로 정비사업(2단계) 건설사업관리용역 ,제주특별자치도 상하수도본부,PQ,1579600000,1597046725,101.1045027,동성+토펙,99.39,1254178000,101.28,Y
20200907205 - 01,20200907,서귀포 서홍동홍 하수관로 정비사업(2단계) 건설사업관리용역 ,제주특별자치도 상하수도본부,PQ,1579600000,1597046725,101.1045027,경동+태신,99.21,1224440000,98.74,N
20200907205 - 01,20200907,서귀포 서홍동홍 하수관로 정비사업(2단계) 건설사업관리용역 ,제주특별자치도 상하수도본부,PQ,1579600000,1597046725,101.1045027,한종+원,99.12,1257500000,101.3285,N
20200907205 - 01,20200907,서귀포 서홍동홍 하수관로 정비사업(2단계) 건설사업관리용역 ,제주특별자치도 상하수도본부,PQ,1579600000,1597046725,101.1045027,범한+해오름,99.07,1257000000,101.2496,N
20200907205 - 01,20200907,서귀포 서홍동홍 하수관로 정비사업(2단계) 건설사업관리용역 ,제주특별자치도 상하수도본부,PQ,1579600000,1597046725,101.1045027,제일+리헌+천일,98.94,1485000000,119.493,N
20200908312 - 00,20200908,성남시 하수관로 정비사업(4단계) 기본 및 실시설계 용역,경기도 성남시,PQ,1789750000,1796237900,100.3625031,동명+삼안+도화+KG,100,1405970000,100.7203,Y
20200908312 - 00,20200908,성남시 하수관로 정비사업(4단계) 기본 및 실시설계 용역,경기도 성남시,PQ,1789750000,1796237900,100.3625031,이산+유신+한맥,98.24,1435500000,101.3671,N
20200908312 - 00,20200908,성남시 하수관로 정비사업(4단계) 기본 및 실시설계 용역,경기도 성남시,PQ,1789750000,1796237900,100.3625031,건화+정(DS),97.96,1409980000,99.3391,N
20200908312 - 00,20200908,성남시 하수관로 정비사업(4단계) 기본 및 실시설계 용역,경기도 성남시,PQ,1789750000,1796237900,100.3625031,선진+제일+평화,97.84,1404170000,98.83,N
20200908312 - 00,20200908,성남시 하수관로 정비사업(4단계) 기본 및 실시설계 용역,경기도 성남시,PQ,1789750000,1796237900,100.3625031,한종+고려,97.79,1445200000,101.6794,N
20200908312 - 00,20200908,성남시 하수관로 정비사업(4단계) 기본 및 실시설계 용역,경기도 성남시,PQ,1789750000,1796237900,100.3625031,범한+서영,97.59,1445400000,101.5273,N
20200908312 - 00,20200908,성남시 하수관로 정비사업(4단계) 기본 및 실시설계 용역,경기도 성남시,PQ,1789750000,1796237900,100.3625031,건양+동부+화신,97.55,1439960000,101.1198,N
2020-01016,20200909,당진~천안(인주~염치) 고속도로 건설사업 사후환경영향조사 용역,한국도로공사,PQ,1902000000,1889285130,99.3315,평화+한맥+홍익+CNS,98.57,1412663000,100.375,N
2020-01016,20200909,당진~천안(인주~염치) 고속도로 건설사업 사후환경영향조사 용역,한국도로공사,PQ,1902000000,1889285130,99.3315,천일+한종+하이콘+KEE,98.15,1404787000,99.4257,Y
2020-01016,20200909,당진~천안(인주~염치) 고속도로 건설사업 사후환경영향조사 용역,한국도로공사,PQ,1902000000,1889285130,99.3315,수성+경호+소운,98.09,1435060000,101.5,N
2020-01016,20200909,당진~천안(인주~염치) 고속도로 건설사업 사후환경영향조사 용역,한국도로공사,PQ,1902000000,1889285130,99.3315,도화+경동+DS,97.02,1456700000,102.0015,N
2020-01016,20200909,당진~천안(인주~염치) 고속도로 건설사업 사후환경영향조사 용역,한국도로공사,PQ,1902000000,1889285130,99.3315,서영+KG+라임,96.89,1434900000,100.3547,N
2020-01016,20200909,수도권 제2순환(양평~이천) 고속도로 건설사업 사후환경영향조사 용역,한국도로공사,PQ,3470000000,3479013325,100.25975,이산+유신+한맥+KEE,98.77,2571900000,100.8109,Y
2020-01016,20200909,수도권 제2순환(양평~이천) 고속도로 건설사업 사후환경영향조사 용역,한국도로공사,PQ,3470000000,3479013325,100.25975,수성+천일+라임,97.78,2575399999,99.5627,N
2020-01016,20200909,수도권 제2순환(양평~이천) 고속도로 건설사업 사후환경영향조사 용역,한국도로공사,PQ,3470000000,3479013325,100.25975,동아+한종+홍익+녹인,97.71,2585000000,99.8669,N
2020-01016,20200909,수도권 제2순환(양평~이천) 고속도로 건설사업 사후환경영향조사 용역,한국도로공사,PQ,3470000000,3479013325,100.25975,도화+건화+경동+신일,97.61,2618900000,101.0817,N
2020-01016,20200909,수도권 제2순환(양평~이천) 고속도로 건설사업 사후환경영향조사 용역,한국도로공사,PQ,3470000000,3479013325,100.25975,신성+동명+우신,97.46,2635000000,101.5535,N
2020-01016,20200909,수도권 제2순환(양평~이천) 고속도로 건설사업 사후환경영향조사 용역,한국도로공사,PQ,3470000000,3479013325,100.25975,다산+평화+KCI+DS,97.13,2563633000,98.5,N
2020-01016,20200909,수도권 제2순환(양평~이천) 고속도로 건설사업 사후환경영향조사 용역,한국도로공사,PQ,3470000000,3479013325,100.25975,동성+서영+퍼스트,96.95,2685000000,102.9984,N
2020-01016,20200909,세종-안성(6~10공구) 및 오송지선 고속도로 건설사업 사후환경영향조사 용역,한국도로공사,PQ,2525000000,2486234938,98.46475002,한종+홍익+하이콘+KEE,98.41,1877326000,100.33,N
2020-01016,20200909,세종-안성(6~10공구) 및 오송지선 고속도로 건설사업 사후환경영향조사 용역,한국도로공사,PQ,2525000000,2486234938,98.46475002,건화+도화+극동+신일,98.09,1908980000,101.706,N
2020-01016,20200909,세종-안성(6~10공구) 및 오송지선 고속도로 건설사업 사후환경영향조사 용역,한국도로공사,PQ,2525000000,2486234938,98.46475002,평화+동일+KCI+휴먼,98.09,1867199000,99.48,N
2020-01016,20200909,세종-안성(6~10공구) 및 오송지선 고속도로 건설사업 사후환경영향조사 용역,한국도로공사,PQ,2525000000,2486234938,98.46475002,동성+한맥+세광+대현,97.37,1866910000,98.8001,Y
2020-01016,20200909,세종-안성(6~10공구) 및 오송지선 고속도로 건설사업 사후환경영향조사 용역,한국도로공사,PQ,2525000000,2486234938,98.46475002,동아+다산+삼안+퍼스트,96.65,2449250000,128.7582,N
2020-01016,20200909,세종-안성(1~5공구) 및 오송지선 고속도로 건설사업 사후환경영향조사 용역 ,한국도로공사,PQ,2756000000,2763813260,100.2835,홍익+한종+DS,99.01,2049050000,100.9007,Y
2020-01016,20200909,세종-안성(1~5공구) 및 오송지선 고속도로 건설사업 사후환경영향조사 용역 ,한국도로공사,PQ,2756000000,2763813260,100.2835,한맥+동해+엔탑,97.85,2045000000,99.6063,N
2020-01016,20200909,세종-안성(1~5공구) 및 오송지선 고속도로 건설사업 사후환경영향조사 용역 ,한국도로공사,PQ,2756000000,2763813260,100.2835,신성+유신+다산+보드플랜,97.85,2048880000,99.7953,N
2020-01016,20200909,세종-안성(1~5공구) 및 오송지선 고속도로 건설사업 사후환경영향조사 용역 ,한국도로공사,PQ,2756000000,2763813260,100.2835,건화+도화+극동+퍼스트,96.89,2112000000,101.9392,N
2020-01016,20200909,세종-안성(1~5공구) 및 오송지선 고속도로 건설사업 사후환경영향조사 용역 ,한국도로공사,PQ,2756000000,2763813260,100.2835,서영+동성+덕영,96.89,2113000000,101.9875,N
2020-01016,20200909,남해고속도로(칠원-창원) 확장사업 전략 및 환경영향평가 용역 ,한국도로공사,PQ,975000000,981603188,100.6772501,다산+서영+홍익+KCI+엔탑,99.33,790023000,100.45,N
2020-01016,20200909,남해고속도로(칠원-창원) 확장사업 전략 및 환경영향평가 용역 ,한국도로공사,PQ,975000000,981603188,100.6772501,신성+유신+삼영+효산,98.74,784980000,99.6235,N
2020-01016,20200909,남해고속도로(칠원-창원) 확장사업 전략 및 환경영향평가 용역 ,한국도로공사,PQ,975000000,981603188,100.6772501,도화+평화+라임,97.85,793980000,100.4922,N
2020-01016,20200909,남해고속도로(칠원-창원) 확장사업 전략 및 환경영향평가 용역 ,한국도로공사,PQ,975000000,981603188,100.6772501,대콘+수성+건일+경호,97.44,784700000,99.1952,N
2020-01016,20200909,남해고속도로(칠원-창원) 확장사업 전략 및 환경영향평가 용역 ,한국도로공사,PQ,975000000,981603188,100.6772501,동성+한맥+DS,96.73,784000000,98.8874,N
2003417 - 00,20200909,오송화장품 산업단지 투자선도지구 환경영향평가용역,한국토지주택공사,PQ,1278310000,1267090000,99.12227863,평화+한맥+KG,99.14,1033480000,100.3007,N
2003417 - 00,20200909,오송화장품 산업단지 투자선도지구 환경영향평가용역,한국토지주택공사,PQ,1278310000,1267090000,99.12227863,신성+홍익+효산,99.04,1028580000,99.7385,N
2003417 - 00,20200909,오송화장품 산업단지 투자선도지구 환경영향평가용역,한국토지주택공사,PQ,1278310000,1267090000,99.12227863,유신+레오+덕영,99.02,1037696000,100.61,N
2003417 - 00,20200909,오송화장품 산업단지 투자선도지구 환경영향평가용역,한국토지주택공사,PQ,1278310000,1267090000,99.12227863,동일+다원,98.84,1029000000,99.6064,N
2003417 - 00,20200909,오송화장품 산업단지 투자선도지구 환경영향평가용역,한국토지주택공사,PQ,1278310000,1267090000,99.12227863,수성+이산+보드,98.57,1027788999,99.2558,Y
2003417 - 00,20200909,오송화장품 산업단지 투자선도지구 환경영향평가용역,한국토지주택공사,PQ,1278310000,1267090000,99.12227863,삼안+건화+다산+디에스,98.54,1026520000,99.1088,N
2003417 - 00,20200909,오송화장품 산업단지 투자선도지구 환경영향평가용역,한국토지주택공사,PQ,1278310000,1267090000,99.12227863,동성+서영+동진,98.42,1046620000,100.9497,N
2003417 - 00,20200909,오송화장품 산업단지 투자선도지구 환경영향평가용역,한국토지주택공사,PQ,1278310000,1267090000,99.12227863,동명+예평+중앙,98.25,1052900000,101.4054,N
2003417 - 00,20200909,오송화장품 산업단지 투자선도지구 환경영향평가용역,한국토지주택공사,PQ,1278310000,1267090000,99.12227863,도화+선진+신일,97.34,1200000000,114.6692,N
20200910140 - 00,20200910,남원 공공하수처리시설 증설사업 건설사업관리용역 ,제주특별자치도 상하수도본부,PQ,2042777000,2026710600,99.21350201,동명+청풍,100,1602900000,100.6048,N
20200910140 - 00,20200910,남원 공공하수처리시설 증설사업 건설사업관리용역 ,제주특별자치도 상하수도본부,PQ,2042777000,2026710600,99.21350201,삼안+해진+청운,99.77,1589940000,99.5998,N
20200910140 - 00,20200910,남원 공공하수처리시설 증설사업 건설사업관리용역 ,제주특별자치도 상하수도본부,PQ,2042777000,2026710600,99.21350201,건화+한라(웅진),99.72,1588000000,99.4401,N
20200910140 - 00,20200910,남원 공공하수처리시설 증설사업 건설사업관리용역 ,제주특별자치도 상하수도본부,PQ,2042777000,2026710600,99.21350201,범한+해오름,99.69,1611400000,100.8796,N
20200910140 - 00,20200910,남원 공공하수처리시설 증설사업 건설사업관리용역 ,제주특별자치도 상하수도본부,PQ,2042777000,2026710600,99.21350201,한종+한일,99.6,1587400000,99.3009,Y
20200910140 - 00,20200910,남원 공공하수처리시설 증설사업 건설사업관리용역 ,제주특별자치도 상하수도본부,PQ,2042777000,2026710600,99.21350201,이산+제원+윤,99.52,1598370000,99.9233,N
20200910140 - 00,20200910,남원 공공하수처리시설 증설사업 건설사업관리용역 ,제주특별자치도 상하수도본부,PQ,2042777000,2026710600,99.21350201,도화+JPM,99.41,1583200000,98.8866,N
20200910140 - 00,20200910,남원 공공하수처리시설 증설사업 건설사업관리용역 ,제주특별자치도 상하수도본부,PQ,2042777000,2026710600,99.21350201,동성+토펙,99.34,1584440000,98.9009,N
20200910140 - 00,20200910,남원 공공하수처리시설 증설사업 건설사업관리용역 ,제주특별자치도 상하수도본부,PQ,2042777000,2026710600,99.21350201,경원+부림+천일,99.3,1612070000,100.5999,N
20200910140 - 00,20200910,남원 공공하수처리시설 증설사업 건설사업관리용역 ,제주특별자치도 상하수도본부,PQ,2042777000,2026710600,99.21350201,건양+서영+DKL,99.17,1628038000,101.48,N
20200910140 - 00,20200910,남원 공공하수처리시설 증설사업 건설사업관리용역 ,제주특별자치도 상하수도본부,PQ,2042777000,2026710600,99.21350201,제일+리헌,99.11,1630600000,101.6009,N
20200910140 - 00,20200910,남원 공공하수처리시설 증설사업 건설사업관리용역 ,제주특별자치도 상하수도본부,PQ,2042777000,2026710600,99.21350201,수성+태신,99.03,1625888000,101.2299,N
20200910140 - 00,20200910,남원 공공하수처리시설 증설사업 건설사업관리용역 ,제주특별자치도 상하수도본부,PQ,2042777000,2026710600,99.21350201,신명+도암,98.85,1585585000,98.5827,N
20200909550 - 00,20200910,홍제천고가교 내진보강공사(2단계) 감독권한대행 등 건설사업관리 용역 ,서울시설공단,PQ,1369970000,1371641400,100.1220027,동성+태조,100,1075300000,100.6356,Y
20200909550 - 00,20200910,홍제천고가교 내진보강공사(2단계) 감독권한대행 등 건설사업관리 용역 ,서울시설공단,PQ,1369970000,1371641400,100.1220027,수성+삼우CM,99.44,1071689999,99.837,N
20200909550 - 00,20200910,홍제천고가교 내진보강공사(2단계) 감독권한대행 등 건설사업관리 용역 ,서울시설공단,PQ,1369970000,1371641400,100.1220027,한종+동해,99.35,1086000000,101.0927,N
20200909550 - 00,20200910,홍제천고가교 내진보강공사(2단계) 감독권한대행 등 건설사업관리 용역 ,서울시설공단,PQ,1369970000,1371641400,100.1220027,동일+하이콘+장맥,98.95,1087500000,100.8977,N
20200909550 - 00,20200910,홍제천고가교 내진보강공사(2단계) 감독권한대행 등 건설사업관리 용역 ,서울시설공단,PQ,1369970000,1371641400,100.1220027,경원+대콘,98.85,1083500000,100.45,N
20200909550 - 00,20200910,홍제천고가교 내진보강공사(2단계) 감독권한대행 등 건설사업관리 용역 ,서울시설공단,PQ,1369970000,1371641400,100.1220027,서영+진우,98.68,1067200000,98.8008,N
20200909550 - 00,20200910,홍제천고가교 내진보강공사(2단계) 감독권한대행 등 건설사업관리 용역 ,서울시설공단,PQ,1369970000,1371641400,100.1220027,건화+제일,98.66,1096200000,101.4728,N
20200909550 - 00,20200910,홍제천고가교 내진보강공사(2단계) 감독권한대행 등 건설사업관리 용역 ,서울시설공단,PQ,1369970000,1371641400,100.1220027,경동+유신+한맥,98.5,1066460000,98.5948,N
20200909550 - 00,20200910,홍제천고가교 내진보강공사(2단계) 감독권한대행 등 건설사업관리 용역 ,서울시설공단,PQ,1369970000,1371641400,100.1220027,이산+KRTC,97.5,1200000000,110.0486,N
2020-01028,20200910,중앙선(남원주~춘천) 리모델링 공사 실시설계 용역,한국도로공사,PQ,1083970000,1090780042,100.62825,삼안+대한건설,100,876880000,100.4972,N
2020-01028,20200910,중앙선(남원주~춘천) 리모델링 공사 실시설계 용역,한국도로공사,PQ,1083970000,1090780042,100.62825,KCI+천일,100,875500000,100.339,N
2020-01028,20200910,중앙선(남원주~춘천) 리모델링 공사 실시설계 용역,한국도로공사,PQ,1083970000,1090780042,100.62825,서영+경호,100,870800000,99.8004,N
2020-01028,20200910,중앙선(남원주~춘천) 리모델링 공사 실시설계 용역,한국도로공사,PQ,1083970000,1090780042,100.62825,제일+다산+하나,100,871580000,99.8898,N
2020-01028,20200910,중앙선(남원주~춘천) 리모델링 공사 실시설계 용역,한국도로공사,PQ,1083970000,1090780042,100.62825,태조+일신,100,871982000,99.9359,N
2020-01028,20200910,중앙선(남원주~춘천) 리모델링 공사 실시설계 용역,한국도로공사,PQ,1083970000,1090780042,100.62825,극동+내경,100,870534000,99.7699,N
2020-01028,20200910,중앙선(남원주~춘천) 리모델링 공사 실시설계 용역,한국도로공사,PQ,1083970000,1090780042,100.62825,이산+동일,99.9,868600000,99.5112,N
2020-01028,20200910,중앙선(남원주~춘천) 리모델링 공사 실시설계 용역,한국도로공사,PQ,1083970000,1090780042,100.62825,한기+평화,99.9,866720000,99.2958,N
2020-01028,20200910,중앙선(남원주~춘천) 리모델링 공사 실시설계 용역,한국도로공사,PQ,1083970000,1090780042,100.62825,경동+동해,99.9,867856000,99.4259,N
2020-01028,20200910,중앙선(남원주~춘천) 리모델링 공사 실시설계 용역,한국도로공사,PQ,1083970000,1090780042,100.62825,신성+동성,99.9,876880000,100.4598,N
2020-01028,20200910,중앙선(남원주~춘천) 리모델링 공사 실시설계 용역,한국도로공사,PQ,1083970000,1090780042,100.62825,KG+삼보,99.9,870946000,99.7799,N
2020-01028,20200910,중앙선(남원주~춘천) 리모델링 공사 실시설계 용역,한국도로공사,PQ,1083970000,1090780042,100.62825,도화,99.81,865730000,99.1577,N
2020-01028,20200910,중앙선(남원주~춘천) 리모델링 공사 실시설계 용역,한국도로공사,PQ,1083970000,1090780042,100.62825,홍익+경원,99.78,862713000,98.7999,N
2020-01028,20200910,중앙선(남원주~춘천) 리모델링 공사 실시설계 용역,한국도로공사,PQ,1083970000,1090780042,100.62825,동부+벽산,99.66,881122000,100.8706,Y
2020-01028,20200910,중앙선(남원주~춘천) 리모델링 공사 실시설계 용역,한국도로공사,PQ,1083970000,1090780042,100.62825,대콘+선진,99.6,867543000,99.3037,N
2020-01028,20200910,중앙선(남원주~춘천) 리모델링 공사 실시설계 용역,한국도로공사,PQ,1083970000,1090780042,100.62825,바우+화신,99.6,867200000,99.2645,N
2020-01028,20200910,중앙선(남원주~춘천) 리모델링 공사 실시설계 용역,한국도로공사,PQ,1083970000,1090780042,100.62825,진우+천마,99.5,884351000,101.19,N
2020-01028,20200910,중앙선(남원주~춘천) 리모델링 공사 실시설계 용역,한국도로공사,PQ,1083970000,1090780042,100.62825,건화,99.3,888800000,101.6361,N
2020-01028,20200910,중앙선(남원주~춘천) 리모델링 공사 실시설계 용역,한국도로공사,PQ,1083970000,1090780042,100.62825,드림+용마,99.22,865700000,98.97,N
2020-01028,20200910,중앙선(남원주~춘천) 리모델링 공사 실시설계 용역,한국도로공사,PQ,1083970000,1090780042,100.62825,유신,99.18,875693000,100.1,N
2020-01028,20200910,중앙선(남원주~춘천) 리모델링 공사 실시설계 용역,한국도로공사,PQ,1083970000,1090780042,100.62825,한종+하이콘,98.9,887800000,101.396,N
20200909823 - 00,20200910,김포한강시네폴리스 일반산업단지 공업용수도 공사 건설사업관리 용역,경기도 김포시,PQ,1022814000,1019510375,99.67700628,경동+건화,100,867730000,99.231,N
20200909823 - 00,20200910,김포한강시네폴리스 일반산업단지 공업용수도 공사 건설사업관리 용역,경기도 김포시,PQ,1022814000,1019510375,99.67700628,도화+서영,100,869200000,99.3991,N
20200909823 - 00,20200910,김포한강시네폴리스 일반산업단지 공업용수도 공사 건설사업관리 용역,경기도 김포시,PQ,1022814000,1019510375,99.67700628,한종+용마,100,871900000,99.7078,Y
20200909823 - 00,20200910,김포한강시네폴리스 일반산업단지 공업용수도 공사 건설사업관리 용역,경기도 김포시,PQ,1022814000,1019510375,99.67700628,범한+목양,100,874350000,99.988,N
20200909823 - 00,20200910,김포한강시네폴리스 일반산업단지 공업용수도 공사 건설사업관리 용역,경기도 김포시,PQ,1022814000,1019510375,99.67700628,대콘+이산,100,882880000,100.9635,N
20200909823 - 00,20200910,김포한강시네폴리스 일반산업단지 공업용수도 공사 건설사업관리 용역,경기도 김포시,PQ,1022814000,1019510375,99.67700628,신명+다음+KCM,99.94,900000000,102.8972,N
20200909823 - 00,20200910,김포한강시네폴리스 일반산업단지 공업용수도 공사 건설사업관리 용역,경기도 김포시,PQ,1022814000,1019510375,99.67700628,선진+천일,99.87,868890000,99.3288,N
20200909695 - 00,20200910,신음천 생태하천 복원사업 건설사업관리용역,경상남도 함안군,PQ,2128665000,2115078850,99.36175255,건화+경화,100,1658000000,99.8643,N
20200909695 - 00,20200910,신음천 생태하천 복원사업 건설사업관리용역,경상남도 함안군,PQ,2128665000,2115078850,99.36175255,도화+한성,100,1665900000,100.3402,N
20200909695 - 00,20200910,신음천 생태하천 복원사업 건설사업관리용역,경상남도 함안군,PQ,2128665000,2115078850,99.36175255,한종+KSM,100,1671400000,100.6714,N
20200909695 - 00,20200910,신음천 생태하천 복원사업 건설사업관리용역,경상남도 함안군,PQ,2128665000,2115078850,99.36175255,삼안+범한,100,1662540000,100.1378,N
20200909695 - 00,20200910,신음천 생태하천 복원사업 건설사업관리용역,경상남도 함안군,PQ,2128665000,2115078850,99.36175255,평화+태일,100,1656589000,99.7794,N
20200909695 - 00,20200910,신음천 생태하천 복원사업 건설사업관리용역,경상남도 함안군,PQ,2128665000,2115078850,99.36175255,이산+신화,100,1669669000,100.5672,N
20200909695 - 00,20200910,신음천 생태하천 복원사업 건설사업관리용역,경상남도 함안군,PQ,2128665000,2115078850,99.36175255,천일+한올,100,1649470000,99.3506,N
20200909695 - 00,20200910,신음천 생태하천 복원사업 건설사업관리용역,경상남도 함안군,PQ,2128665000,2115078850,99.36175255,신명+현진,100,1649480000,99.3512,N
20200909695 - 00,20200910,신음천 생태하천 복원사업 건설사업관리용역,경상남도 함안군,PQ,2128665000,2115078850,99.36175255,서영+우진+국성,100,1669400000,100.551,N
20200909695 - 00,20200910,신음천 생태하천 복원사업 건설사업관리용역,경상남도 함안군,PQ,2128665000,2115078850,99.36175255,극동+금성+창미,100,1661745000,100.0899,N
20200909695 - 00,20200910,신음천 생태하천 복원사업 건설사업관리용역,경상남도 함안군,PQ,2128665000,2115078850,99.36175255,수성+경원,100,1662545000,100.1381,N
20200909695 - 00,20200910,신음천 생태하천 복원사업 건설사업관리용역,경상남도 함안군,PQ,2128665000,2115078850,99.36175255,동부+화성,100,1653619000,99.6005,Y
익산지방국토관리청 공고 제2020-339호,20200910,영산강 나주지구 하천환경정비사업 실시설계용역 ,익산지방국토관리청,PQ,1861000000,1865238450,100.2277512,동부+천마,98.43,1606000000,103.196,Y
익산지방국토관리청 공고 제2020-339호,20200910,영산강 나주지구 하천환경정비사업 실시설계용역 ,익산지방국토관리청,PQ,1861000000,1865238450,100.2277512,KG+다산,98.28,1557598000,100.0141,N
익산지방국토관리청 공고 제2020-339호,20200910,만경강 고산지구 하천환경정비사업 실시설계용역 ,익산지방국토관리청,PQ,1843000000,1834886250,99.55975312,이산+동명,99.32,1565300000,101.99,N
익산지방국토관리청 공고 제2020-339호,20200910,만경강 고산지구 하천환경정비사업 실시설계용역 ,익산지방국토관리청,PQ,1843000000,1834886250,99.55975312,한기+극동,98.2,1539490000,99.7811,Y
익산지방국토관리청 공고 제2020-339호,20200910,만경강 고산지구 하천환경정비사업 실시설계용역 ,익산지방국토관리청,PQ,1843000000,1834886250,99.55975312,드림,88.1,1638000000,101.2784,N
익산지방국토관리청 공고 제2020-339호,20200910,섬진강 임실지구 하천환경정비사업 실시설계용역 ,익산지방국토관리청,PQ,1474000000,1469146875,99.67075136,도화+화신+건일,98.43,1256500000,101.9363,N
익산지방국토관리청 공고 제2020-339호,20200910,섬진강 임실지구 하천환경정비사업 실시설계용역 ,익산지방국토관리청,PQ,1474000000,1469146875,99.67075136,건화+KSM+경호(선샤인이엔씨),98.28,1233691000,100.0141,Y
익산지방국토관리청 공고 제2020-339호,20200910,섬진강 남원지구 하천환경정비사업 실시설계용역 ,익산지방국토관리청,PQ,1757000000,1750832975,99.64900256,삼안+동성,98.36,1470817000,100.0679,Y
익산지방국토관리청 공고 제2020-339호,20200910,섬진강 남원지구 하천환경정비사업 실시설계용역 ,익산지방국토관리청,PQ,1757000000,1750832975,99.64900256,평화+경동,98.28,1514460000,103.0003,N
익산지방국토관리청 공고 제2020-339호,20200910,섬진강 대강지구 하천환경정비사업 실시설계용역 ,익산지방국토관리청,PQ,1513000000,1507526775,99.63825347,한종+신명+삼보,98.43,1328500000,104.9993,N
익산지방국토관리청 공고 제2020-339호,20200910,섬진강 대강지구 하천환경정비사업 실시설계용역 ,익산지방국토관리청,PQ,1513000000,1507526775,99.63825347,유신+수성,98.28,1266333000,100.0141,Y
20200911459 - 00,20200911,여만처리분구 외 6개소 하수관로 정비사업 실시설계용역 ,강원도 평창군,PQ,1460932000,1466779425,100.4002531,삼주+도화+삼경,99.67,1151466000,100.77,Y
20200911459 - 00,20200911,여만처리분구 외 6개소 하수관로 정비사업 실시설계용역 ,강원도 평창군,PQ,1460932000,1466779425,100.4002531,한종+서광+고려,98.2,1147200000,99.2044,N
20200911459 - 00,20200911,여만처리분구 외 6개소 하수관로 정비사업 실시설계용역 ,강원도 평창군,PQ,1460932000,1466779425,100.4002531,이산+미래+동해,98.16,1169100000,101.0726,N
20200911459 - 00,20200911,여만처리분구 외 6개소 하수관로 정비사업 실시설계용역 ,강원도 평창군,PQ,1460932000,1466779425,100.4002531,건화+정+정원,98.05,1147700000,99.1349,N
20200911459 - 00,20200911,여만처리분구 외 6개소 하수관로 정비사업 실시설계용역 ,강원도 평창군,PQ,1460932000,1466779425,100.4002531,동명+일신+진화,97.97,1170000000,100.9974,N
20200911459 - 00,20200911,여만처리분구 외 6개소 하수관로 정비사업 실시설계용역 ,강원도 평창군,PQ,1460932000,1466779425,100.4002531,삼안+화신+하이콘+한울,97.74,1143670000,98.5381,N
20200911459 - 00,20200911,여만처리분구 외 6개소 하수관로 정비사업 실시설계용역 ,강원도 평창군,PQ,1460932000,1466779425,100.4002531,KG+동서+동남+KCI,97.52,1148500000,98.7802,N
20200911459 - 00,20200911,여만처리분구 외 6개소 하수관로 정비사업 실시설계용역 ,강원도 평창군,PQ,1460932000,1466779425,100.4002531,범한+경원+대성,97.44,1178000000,101.2538,N
20200911429 - 00,20200911,기흥·구갈레스피아 개량사업 통합건설사업관리용역,경기도 용인시,SOQ,2803780000,2797765925,99.78550118,도화+경동+경호,97.39,2251113000,100.77,Y
20200911429 - 00,20200911,기흥·구갈레스피아 개량사업 통합건설사업관리용역,경기도 용인시,SOQ,2803780000,2797765925,99.78550118,동명+이산,97.07,2231390000,99.637,N
20200911429 - 00,20200911,기흥·구갈레스피아 개량사업 통합건설사업관리용역,경기도 용인시,SOQ,2803780000,2797765925,99.78550118,건화+건양,96.39,2303600000,102.2978,N
20200911429 - 00,20200911,기흥·구갈레스피아 개량사업 통합건설사업관리용역,경기도 용인시,SOQ,2803780000,2797765925,99.78550118,한종+KG,95.57,2287200000,100.9162,N
20200911429 - 00,20200911,기흥·구갈레스피아 개량사업 통합건설사업관리용역,경기도 용인시,SOQ,2803780000,2797765925,99.78550118,선진+삼안+범한,92.42,2611580000,112.4192,N
20200912150 - 00,20200911,부여군 하수도정비기본계획(변경) 및 물재이용 관리계획(변경)수립 용역,충청남도 부여군,PQ,1585000000,1577566375,99.53100158,건양,98.68,1251938000,100.1796,N
20200912150 - 00,20200911,부여군 하수도정비기본계획(변경) 및 물재이용 관리계획(변경)수립 용역,충청남도 부여군,PQ,1585000000,1577566375,99.53100158,이산+장맥+화신,98.38,1250880000,99.8543,N
20200912150 - 00,20200911,부여군 하수도정비기본계획(변경) 및 물재이용 관리계획(변경)수립 용역,충청남도 부여군,PQ,1585000000,1577566375,99.53100158,홍익+계림,98.31,1247870000,99.5511,Y
20200912150 - 00,20200911,부여군 하수도정비기본계획(변경) 및 물재이용 관리계획(변경)수립 용역,충청남도 부여군,PQ,1585000000,1577566375,99.53100158,동명+천마,98.3,1264800000,100.9017,N
20200912150 - 00,20200911,부여군 하수도정비기본계획(변경) 및 물재이용 관리계획(변경)수립 용역,충청남도 부여군,PQ,1585000000,1577566375,99.53100158,경호+기산+KCI,97.99,1240650000,98.7254,N
20200912150 - 00,20200911,부여군 하수도정비기본계획(변경) 및 물재이용 관리계획(변경)수립 용역,충청남도 부여군,PQ,1585000000,1577566375,99.53100158,KG+우리,97.82,1280050000,101.7196,N
20200912150 - 00,20200911,부여군 하수도정비기본계획(변경) 및 물재이용 관리계획(변경)수립 용역,충청남도 부여군,PQ,1585000000,1577566375,99.53100158,삼안+한맥,97.8,1276660000,101.4374,N
20200912150 - 00,20200911,부여군 하수도정비기본계획(변경) 및 물재이용 관리계획(변경)수립 용역,충청남도 부여군,PQ,1585000000,1577566375,99.53100158,선진+경동,97.7,1276430000,101.3298,N
20200912150 - 00,20200911,부여군 하수도정비기본계획(변경) 및 물재이용 관리계획(변경)수립 용역,충청남도 부여군,PQ,1585000000,1577566375,99.53100158,한종+도화+세일,97.7,1274600000,101.1845,N
20200912150 - 00,20200911,부여군 하수도정비기본계획(변경) 및 물재이용 관리계획(변경)수립 용역,충청남도 부여군,PQ,1585000000,1577566375,99.53100158,제일+바셈+동양,97.69,1280970000,101.6902,N
20200912150 - 00,20200911,부여군 하수도정비기본계획(변경) 및 물재이용 관리계획(변경)수립 용역,충청남도 부여군,PQ,1585000000,1577566375,99.53100158,건화+수성E,97.44,1244500000,98.5965,N
20200912150 - 00,20200911,부여군 하수도정비기본계획(변경) 및 물재이용 관리계획(변경)수립 용역,충청남도 부여군,PQ,1585000000,1577566375,99.53100158,HEC+세종,97.08,1294000000,102.223,N
20200912144 - 00,20200911,통복공공하수처리시설 유량조정시설 설치 기본 및 실시설계 용역,경기도 평택시 상하수도사업소,PQ,328300000,325777875,99.23176211,건화+수성E,98.33,286770000,100.5236,N
20200912144 - 00,20200911,통복공공하수처리시설 유량조정시설 설치 기본 및 실시설계 용역,경기도 평택시 상하수도사업소,PQ,328300000,325777875,99.23176211,이산+동명,97.97,285040000,99.8827,N
20200912144 - 00,20200911,통복공공하수처리시설 유량조정시설 설치 기본 및 실시설계 용역,경기도 평택시 상하수도사업소,PQ,328300000,325777875,99.23176211,삼안+태조,97.97,285516000,100.0495,N
20200912144 - 00,20200911,통복공공하수처리시설 유량조정시설 설치 기본 및 실시설계 용역,경기도 평택시 상하수도사업소,PQ,328300000,325777875,99.23176211,한종+정,97.7,285700000,100.0909,N
20200912144 - 00,20200911,통복공공하수처리시설 유량조정시설 설치 기본 및 실시설계 용역,경기도 평택시 상하수도사업소,PQ,328300000,325777875,99.23176211,제일+경호,97.43,283800000,99.4024,Y
20200912144 - 00,20200911,통복공공하수처리시설 유량조정시설 설치 기본 및 실시설계 용역,경기도 평택시 상하수도사업소,PQ,328300000,325777875,99.23176211,선진+청우,95.25,283400000,99.0459,N
20200912144 - 00,20200911,통복공공하수처리시설 유량조정시설 설치 기본 및 실시설계 용역,경기도 평택시 상하수도사업소,PQ,328300000,325777875,99.23176211,범한+서영,95.04,290500000,101.504,N
20200912144 - 00,20200911,통복공공하수처리시설 유량조정시설 설치 기본 및 실시설계 용역,경기도 평택시 상하수도사업소,PQ,328300000,325777875,99.23176211,화신+용마,91.27,283382000,98.6548,N
20200911494 - 00,20200911,평창 공공하수처리장 증설사업 실시설계용역,강원도 평창군,PQ,1120826000,1105459525,98.62900441,한종+서광+고려,99.26,884850000,100.6005,N
20200911494 - 00,20200911,평창 공공하수처리장 증설사업 실시설계용역,강원도 평창군,PQ,1120826000,1105459525,98.62900441,동명+진화+일신,98.05,881626000,99.26,N
20200911494 - 00,20200911,평창 공공하수처리장 증설사업 실시설계용역,강원도 평창군,PQ,1120826000,1105459525,98.62900441,도화+삼주+삼경,98.05,897450000,101.0416,N
20200911494 - 00,20200911,평창 공공하수처리장 증설사업 실시설계용역,강원도 평창군,PQ,1120826000,1105459525,98.62900441,이산+경원+미래,97.88,882700000,99.2682,N
20200911494 - 00,20200911,평창 공공하수처리장 증설사업 실시설계용역,강원도 평창군,PQ,1120826000,1105459525,98.62900441,건화+정+정원,97.8,878400000,98.6975,Y
20200911494 - 00,20200911,평창 공공하수처리장 증설사업 실시설계용역,강원도 평창군,PQ,1120826000,1105459525,98.62900441,경동+동서+서우,97.63,879788000,98.7167,N
20200911494 - 00,20200911,평창 공공하수처리장 증설사업 실시설계용역,강원도 평창군,PQ,1120826000,1105459525,98.62900441,범한+대성+동해,97.31,1000000000,111.9096,N
20200912041 - 01,20200911,국회대로 지하차도 및 상부공원화사업(2단계) 감독권한대행등 건설사업관리용역 2공구 ,서울특별시 도시기반시설본부,SOQ,8414000000,8341471350,99.13800036,도화+유신+동부+다산(오이디),98.68,6265900000,100.8463,N
20200912041 - 01,20200911,국회대로 지하차도 및 상부공원화사업(2단계) 감독권한대행등 건설사업관리용역 2공구 ,서울특별시 도시기반시설본부,SOQ,8414000000,8341471350,99.13800036,한종+태조+동성+다음(삼우),97.63,6232000000,99.3988,Y
20200912041 - 01,20200911,국회대로 지하차도 및 상부공원화사업(2단계) 감독권한대행등 건설사업관리용역 2공구 ,서울특별시 도시기반시설본부,SOQ,8414000000,8341471350,99.13800036,대콘+건화+이산+동일,97.51,6409500000,102.1203,N
20200912041 - 01,20200911,국회대로 지하차도 및 상부공원화사업(2단계) 감독권한대행등 건설사업관리용역 2공구 ,서울특별시 도시기반시설본부,SOQ,8414000000,8341471350,99.13800036,경동+천일+한맥+동명(진전기),95.28,6533000000,102.1301,N
20200912041 - 01,20200911,국회대로 지하차도 및 상부공원화사업(2단계) 감독권한대행등 건설사업관리용역 2공구 ,서울특별시 도시기반시설본부,SOQ,8414000000,8341471350,99.13800036,제일+서영+삼보+신성+경원,94.5,6586000000,102.2993,N
20200912041 - 01,20200911,국회대로 지하차도 및 상부공원화사업(2단계) 감독권한대행등 건설사업관리용역 2공구 ,서울특별시 도시기반시설본부,SOQ,8414000000,8341471350,99.13800036,평화+진우+신명+동남(대경),94.22,6600000000,102.2762,N
20200912013 - 01,20200911,국회대로 지하차도 및 상부공원화사업(2단계) 감독권한대행등 건설사업관리용역 1공구 ,서울특별시 도시기반시설본부,SOQ,7532000000,7585872650,100.7152503,이산+동일+건화+대콘,97.89,5680000000,101.421,Y
20200912013 - 01,20200911,국회대로 지하차도 및 상부공원화사업(2단계) 감독권한대행등 건설사업관리용역 1공구 ,서울특별시 도시기반시설본부,SOQ,7532000000,7585872650,100.7152503,한맥+천일+경동+동명(신우),97.63,5600837700,99.7927,N
20200912013 - 01,20200911,국회대로 지하차도 및 상부공원화사업(2단계) 감독권한대행등 건설사업관리용역 1공구 ,서울특별시 도시기반시설본부,SOQ,7532000000,7585872650,100.7152503,제일+서영+삼보+신성+경원,96.2,5600800000,98.575,N
20200912013 - 01,20200911,국회대로 지하차도 및 상부공원화사업(2단계) 감독권한대행등 건설사업관리용역 1공구 ,서울특별시 도시기반시설본부,SOQ,7532000000,7585872650,100.7152503,유신+도화+동부+다산,96.08,5786929000,101.7565,N
20200912013 - 01,20200911,국회대로 지하차도 및 상부공원화사업(2단계) 감독권한대행등 건설사업관리용역 1공구 ,서울특별시 도시기반시설본부,SOQ,7532000000,7585872650,100.7152503,수성+동해+삼안,95.97,5600489999,98.387,N
20200912013 - 01,20200911,국회대로 지하차도 및 상부공원화사업(2단계) 감독권한대행등 건설사업관리용역 1공구 ,서울특별시 도시기반시설본부,SOQ,7532000000,7585872650,100.7152503,동성+태조+한종+다음(삼우),93.77,6930000000,119.5135,N
20200911866 - 01,20200911,추자항 방파제 보강공사 기본 및 실시설계용역,제주특별자치도,PQ,965000000,975576425,101.0960026,한항+JPM,97.33,838189000,100.8991,N
20200911866 - 01,20200911,추자항 방파제 보강공사 기본 및 실시설계용역,제주특별자치도,PQ,965000000,975576425,101.0960026,세광+태신,96.97,828580000,99.6498,N
20200911866 - 01,20200911,추자항 방파제 보강공사 기본 및 실시설계용역,제주특별자치도,PQ,965000000,975576425,101.0960026,건일+혜인+원,96.45,827100000,99.3334,N
20200911866 - 01,20200911,추자항 방파제 보강공사 기본 및 실시설계용역,제주특별자치도,PQ,965000000,975576425,101.0960026,세일+제원,96.22,844463000,101.36,Y
20200911866 - 01,20200911,추자항 방파제 보강공사 기본 및 실시설계용역,제주특별자치도,PQ,965000000,975576425,101.0960026,대영+한일,95.09,845570000,101.1998,N
20200911866 - 01,20200911,추자항 방파제 보강공사 기본 및 실시설계용역,제주특별자치도,PQ,965000000,975576425,101.0960026,건화+청풍+대양(삼기지질+가온도시정보),94.8,826990000,98.9075,N
20200911866 - 01,20200911,추자항 방파제 보강공사 기본 및 실시설계용역,제주특별자치도,PQ,965000000,975576425,101.0960026,서영+유신+아산,94.31,848100000,101.3037,N
20200911866 - 01,20200911,추자항 방파제 보강공사 기본 및 실시설계용역,제주특별자치도,PQ,965000000,975576425,101.0960026,일진+한종+해진,92.97,865000000,102.9781,N
2020-02-000549-00,20200911,경부선 신길역 외 2개소 방음벽 설치공사 감독 권한대행 등 건설사업관리용역 ,국가철도공단,PQ,1165049000,1166602475,100.1333399,KRTC+우주,100,910497000,100.2,Y
2020-02-000549-00,20200911,경부선 신길역 외 2개소 방음벽 설치공사 감독 권한대행 등 건설사업관리용역 ,국가철도공단,PQ,1165049000,1166602475,100.1333399,태조+도화,100,906863000,99.8,N
2020-02-000549-00,20200911,경부선 신길역 외 2개소 방음벽 설치공사 감독 권한대행 등 건설사업관리용역 ,국가철도공단,PQ,1165049000,1166602475,100.1333399,유신,100,917367000,100.956,N
2020-02-000549-00,20200911,경부선 신길역 외 2개소 방음벽 설치공사 감독 권한대행 등 건설사업관리용역 ,국가철도공단,PQ,1165049000,1166602475,100.1333399,선구+신성,99.64,923000000,101.2514,N
2020-02-000549-00,20200911,경부선 신길역 외 2개소 방음벽 설치공사 감독 권한대행 등 건설사업관리용역 ,국가철도공단,PQ,1165049000,1166602475,100.1333399,선진+대건,99.46,906490000,99.2753,N
2020-02-000549-00,20200911,경부선 신길역 외 2개소 방음벽 설치공사 감독 권한대행 등 건설사업관리용역 ,국가철도공단,PQ,1165049000,1166602475,100.1333399,글로벌건설+건화+서영,97.95,929882200,100.4908,N
2003473 - 00,20200914,하남교산 공공주택지구 주변도로 조사설계용역,한국토지주택공사,PQ,2389772000,2415409000,101.0727802,제일+평화+선진+하나,98.49,1952500000,100.7987,N
2003473 - 00,20200914,하남교산 공공주택지구 주변도로 조사설계용역,한국토지주택공사,PQ,2389772000,2415409000,101.0727802,용마+도화+KG+한올,98.02,1940973000,99.7973,N
2003473 - 00,20200914,하남교산 공공주택지구 주변도로 조사설계용역,한국토지주택공사,PQ,2389772000,2415409000,101.0727802,수성+경동+장맥,97.85,1941899999,99.6979,N
2003473 - 00,20200914,하남교산 공공주택지구 주변도로 조사설계용역,한국토지주택공사,PQ,2389772000,2415409000,101.0727802,동부+건화+화신,97.68,1975490000,101.2733,Y
2003473 - 00,20200914,하남교산 공공주택지구 주변도로 조사설계용역,한국토지주택공사,PQ,2389772000,2415409000,101.0727802,서영+신성+동일+삼안+주하,97.68,1936950000,99.2976,N
2003473 - 00,20200914,하남교산 공공주택지구 주변도로 조사설계용역,한국토지주택공사,PQ,2389772000,2415409000,101.0727802,홍익+동성+진우,96.96,2001000000,101.9566,N
2003473 - 00,20200914,하남교산 공공주택지구 주변도로 조사설계용역,한국토지주택공사,PQ,2389772000,2415409000,101.0727802,이산+한맥+세원,94.98,2150000000,107.7252,N
20200912568 - 01,20200914,추풍천 지방하천 정비사업 건설사업관리용역 ,충청남도 금산군,PQ,1467070000,1459169900,99.4615049,드림+동아,100,1146640000,100.2096,N
20200912568 - 01,20200914,추풍천 지방하천 정비사업 건설사업관리용역 ,충청남도 금산군,PQ,1467070000,1459169900,99.4615049,천일+상연+양지,100,1142750000,99.8697,N
20200912568 - 01,20200914,추풍천 지방하천 정비사업 건설사업관리용역 ,충청남도 금산군,PQ,1467070000,1459169900,99.4615049,삼안+세일,99.97,1141580000,99.7418,N
20200912568 - 01,20200914,추풍천 지방하천 정비사업 건설사업관리용역 ,충청남도 금산군,PQ,1467070000,1459169900,99.4615049,신명+재성,99.97,1144500000,99.997,N
20200912568 - 01,20200914,추풍천 지방하천 정비사업 건설사업관리용역 ,충청남도 금산군,PQ,1467070000,1459169900,99.4615049,건화+송현,99.96,1139600000,99.5561,Y
20200912568 - 01,20200914,추풍천 지방하천 정비사업 건설사업관리용역 ,충청남도 금산군,PQ,1467070000,1459169900,99.4615049,경동+용마,99.96,1151600000,100.6044,N
20200912568 - 01,20200914,추풍천 지방하천 정비사업 건설사업관리용역 ,충청남도 금산군,PQ,1467070000,1459169900,99.4615049,동일+장맥,99.96,1135800000,99.2241,N
20200912568 - 01,20200914,추풍천 지방하천 정비사업 건설사업관리용역 ,충청남도 금산군,PQ,1467070000,1459169900,99.4615049,홍익+계림,99.92,1154053000,100.78,N
20200912568 - 01,20200914,추풍천 지방하천 정비사업 건설사업관리용역 ,충청남도 금산군,PQ,1467070000,1459169900,99.4615049,수성+한맥,99.91,1137675000,99.3497,N
20200912568 - 01,20200914,추풍천 지방하천 정비사업 건설사업관리용역 ,충청남도 금산군,PQ,1467070000,1459169900,99.4615049,이산+천마,99.88,1138480000,99.3946,N
20200912568 - 01,20200914,추풍천 지방하천 정비사업 건설사업관리용역 ,충청남도 금산군,PQ,1467070000,1459169900,99.4615049,도화+부경,99.83,1133250000,98.8999,N
20200912568 - 01,20200914,추풍천 지방하천 정비사업 건설사업관리용역 ,충청남도 금산군,PQ,1467070000,1459169900,99.4615049,화신+기산,99.71,1133040000,98.7804,N
20200912568 - 01,20200914,추풍천 지방하천 정비사업 건설사업관리용역 ,충청남도 금산군,PQ,1467070000,1459169900,99.4615049,다산+세종,99.7,1158074000,100.95,N
20200912568 - 01,20200914,추풍천 지방하천 정비사업 건설사업관리용역 ,충청남도 금산군,PQ,1467070000,1459169900,99.4615049,대콘+한경,99.64,1157463000,100.8452,N
20200912568 - 01,20200914,추풍천 지방하천 정비사업 건설사업관리용역 ,충청남도 금산군,PQ,1467070000,1459169900,99.4615049,하이콘+정안,99.61,1158000000,100.8791,N
20200912568 - 01,20200914,추풍천 지방하천 정비사업 건설사업관리용역 ,충청남도 금산군,PQ,1467070000,1459169900,99.4615049,서영+신성E,99.58,1163200000,101.3062,N
20200912568 - 01,20200914,추풍천 지방하천 정비사업 건설사업관리용역 ,충청남도 금산군,PQ,1467070000,1459169900,99.4615049,동명+강호,99.57,1134350000,98.7809,N
20200912568 - 01,20200914,추풍천 지방하천 정비사업 건설사업관리용역 ,충청남도 금산군,PQ,1467070000,1459169900,99.4615049,극동+명성,99.55,1135862000,98.9,N
20200912568 - 01,20200914,추풍천 지방하천 정비사업 건설사업관리용역 ,충청남도 금산군,PQ,1467070000,1459169900,99.4615049,한종+수성E,99.52,1164000000,101.3241,N
20200912568 - 01,20200914,추풍천 지방하천 정비사업 건설사업관리용역 ,충청남도 금산군,PQ,1467070000,1459169900,99.4615049,평화+유원,99.5,1222000000,106.3593,N
20200912568 - 01,20200914,추풍천 지방하천 정비사업 건설사업관리용역 ,충청남도 금산군,PQ,1467070000,1459169900,99.4615049,선진+더원,99.47,1133300000,98.6139,N
20200912568 - 01,20200914,추풍천 지방하천 정비사업 건설사업관리용역 ,충청남도 금산군,PQ,1467070000,1459169900,99.4615049,동부+예당,99.24,1166440000,101.3036,N
20200912568 - 01,20200914,추풍천 지방하천 정비사업 건설사업관리용역 ,충청남도 금산군,PQ,1467070000,1459169900,99.4615049,제일+우리,99.22,1135500000,98.6039,N
20200912568 - 01,20200914,추풍천 지방하천 정비사업 건설사업관리용역 ,충청남도 금산군,PQ,1467070000,1459169900,99.4615049,동성+우주,99.14,1170550000,101.57,N
20200912568 - 01,20200914,추풍천 지방하천 정비사업 건설사업관리용역 ,충청남도 금산군,PQ,1467070000,1459169900,99.4615049,유신+동양,99.11,1130128000,98.05,N
20200912568 - 01,20200914,추풍천 지방하천 정비사업 건설사업관리용역 ,충청남도 금산군,PQ,1467070000,1459169900,99.4615049,KG+송현E,99.04,1172700000,101.6789,N
20200912568 - 01,20200914,추풍천 지방하천 정비사업 건설사업관리용역 ,충청남도 금산군,PQ,1467070000,1459169900,99.4615049,삼보+동국,99.03,1171700000,101.5922,N
20200912568 - 01,20200914,추풍천 지방하천 정비사업 건설사업관리용역 ,충청남도 금산군,PQ,1467070000,1459169900,99.4615049,KSM+한빛,98.99,1164181000,100.9017,N
20200912568 - 01,20200914,추풍천 지방하천 정비사업 건설사업관리용역 ,충청남도 금산군,PQ,1467070000,1459169900,99.4615049,동해+에스알씨,98.97,1185000000,102.6931,N
20200912568 - 01,20200914,추풍천 지방하천 정비사업 건설사업관리용역 ,충청남도 금산군,PQ,1467070000,1459169900,99.4615049,우빈+우경,96.85,1197353000,102,N
20200913714 - 00,20200914,김제시 소하천정비종합계획 재수립 및 지형도면 고시 용역,전라북도 김제시,PQ,558700000,549952200,98.4342581,극동+건일,98.04,480560000,100.0919,N
20200913714 - 00,20200914,김제시 소하천정비종합계획 재수립 및 지형도면 고시 용역,전라북도 김제시,PQ,558700000,549952200,98.4342581,한종+인우,97.98,480600000,100.0886,N
20200913714 - 00,20200914,김제시 소하천정비종합계획 재수립 및 지형도면 고시 용역,전라북도 김제시,PQ,558700000,549952200,98.4342581,도화+한가람,97.74,481650000,100.2489,N
20200913714 - 00,20200914,김제시 소하천정비종합계획 재수립 및 지형도면 고시 용역,전라북도 김제시,PQ,558700000,549952200,98.4342581,삼안+조화,97.62,478170000,99.4899,N
20200913714 - 00,20200914,김제시 소하천정비종합계획 재수립 및 지형도면 고시 용역,전라북도 김제시,PQ,558700000,549952200,98.4342581,이산+JCN,97.6,478874000,99.6364,N
20200913714 - 00,20200914,김제시 소하천정비종합계획 재수립 및 지형도면 고시 용역,전라북도 김제시,PQ,558700000,549952200,98.4342581,평화+세종,97.54,478230000,99.4793,N
20200913714 - 00,20200914,김제시 소하천정비종합계획 재수립 및 지형도면 고시 용역,전라북도 김제시,PQ,558700000,549952200,98.4342581,동명+신한,97.51,477400000,99.3066,N
20200913714 - 00,20200914,김제시 소하천정비종합계획 재수립 및 지형도면 고시 용역,전라북도 김제시,PQ,558700000,549952200,98.4342581,다산+성원,97.43,477384000,99.2802,N
20200913714 - 00,20200914,김제시 소하천정비종합계획 재수립 및 지형도면 고시 용역,전라북도 김제시,PQ,558700000,549952200,98.4342581,건화+유현(서금),97.37,482340000,100.2992,N
20200913714 - 00,20200914,김제시 소하천정비종합계획 재수립 및 지형도면 고시 용역,전라북도 김제시,PQ,558700000,549952200,98.4342581,KG+세화,97.34,477686000,99.3199,N
20200913714 - 00,20200914,김제시 소하천정비종합계획 재수립 및 지형도면 고시 용역,전라북도 김제시,PQ,558700000,549952200,98.4342581,경호+태영,97.28,475590000,98.8726,N
20200913714 - 00,20200914,김제시 소하천정비종합계획 재수립 및 지형도면 고시 용역,전라북도 김제시,PQ,558700000,549952200,98.4342581,유신+더한건설,97.25,475536000,98.8499,Y
20200913714 - 00,20200914,김제시 소하천정비종합계획 재수립 및 지형도면 고시 용역,전라북도 김제시,PQ,558700000,549952200,98.4342581,화신+동운+고산,96.48,488819000,101.4109,N
20200913714 - 00,20200914,김제시 소하천정비종합계획 재수립 및 지형도면 고시 용역,전라북도 김제시,PQ,558700000,549952200,98.4342581,한기+대성,96.09,487700000,101.0733,N
20200913714 - 00,20200914,김제시 소하천정비종합계획 재수립 및 지형도면 고시 용역,전라북도 김제시,PQ,558700000,549952200,98.4342581,KSM+대도,95.03,492514000,101.7998,N
20200913714 - 00,20200914,김제시 소하천정비종합계획 재수립 및 지형도면 고시 용역,전라북도 김제시,PQ,558700000,549952200,98.4342581,동성+범산,94.22,493900000,101.8746,N
20200913714 - 00,20200914,김제시 소하천정비종합계획 재수립 및 지형도면 고시 용역,전라북도 김제시,PQ,558700000,549952200,98.4342581,서광+가온,91.83,500000000,102.5184,N
20200912633 - 00,20200914,다사~왜관간 광역도로 건설공사 사후환경영향조사용역(공사시),대구광역시 건설본부,PQ,1077000000,1086698400,100.9005014,서영+건일+라임,98.73,926900000,100.3359,N
20200912633 - 00,20200914,다사~왜관간 광역도로 건설공사 사후환경영향조사용역(공사시),대구광역시 건설본부,PQ,1077000000,1086698400,100.9005014,동명+아라+양지,98.5,923000000,99.8555,N
20200912633 - 00,20200914,다사~왜관간 광역도로 건설공사 사후환경영향조사용역(공사시),대구광역시 건설본부,PQ,1077000000,1086698400,100.9005014,KG+세원+신일,98.45,933056000,100.9199,Y
20200912633 - 00,20200914,다사~왜관간 광역도로 건설공사 사후환경영향조사용역(공사시),대구광역시 건설본부,PQ,1077000000,1086698400,100.9005014,다산+휴먼,98.21,922962000,99.7701,N
20200912633 - 00,20200914,다사~왜관간 광역도로 건설공사 사후환경영향조사용역(공사시),대구광역시 건설본부,PQ,1077000000,1086698400,100.9005014,동일+동진+화신+다원,98.21,936000000,101.1794,N
20200912633 - 00,20200914,다사~왜관간 광역도로 건설공사 사후환경영향조사용역(공사시),대구광역시 건설본부,PQ,1077000000,1086698400,100.9005014,한맥+한백+장원,98.19,921388000,99.5999,N
20200912633 - 00,20200914,다사~왜관간 광역도로 건설공사 사후환경영향조사용역(공사시),대구광역시 건설본부,PQ,1077000000,1086698400,100.9005014,경동+동아+삼보+하눌,98.13,915674000,98.9592,N
20200912633 - 00,20200914,다사~왜관간 광역도로 건설공사 사후환경영향조사용역(공사시),대구광역시 건설본부,PQ,1077000000,1086698400,100.9005014,수성+태성,98.1,932063000,100.7304,N
20200912633 - 00,20200914,다사~왜관간 광역도로 건설공사 사후환경영향조사용역(공사시),대구광역시 건설본부,PQ,1077000000,1086698400,100.9005014,유신+정솔+새길,98.04,918764000,99.27,N
20200912633 - 00,20200914,다사~왜관간 광역도로 건설공사 사후환경영향조사용역(공사시),대구광역시 건설본부,PQ,1077000000,1086698400,100.9005014,한기+KCI+한국환경,98.02,917400000,99.1227,N
20200912633 - 00,20200914,다사~왜관간 광역도로 건설공사 사후환경영향조사용역(공사시),대구광역시 건설본부,PQ,1077000000,1086698400,100.9005014,대콘+경호+현대,97.99,936758900,101.2026,N
20200912633 - 00,20200914,다사~왜관간 광역도로 건설공사 사후환경영향조사용역(공사시),대구광역시 건설본부,PQ,1077000000,1086698400,100.9005014,건화+디에스,97.79,948000000,102.3693,N
20200905503 - 00,20200914,일산문화공원~일산호수공원 녹지축 연결사업 실시설계용역,경기도 고양시,PQ,638550000,639418475,100.1360074,한종+동일,98.1,552450000,100.6999,Y
20200905503 - 00,20200914,일산문화공원~일산호수공원 녹지축 연결사업 실시설계용역,경기도 고양시,PQ,638550000,639418475,100.1360074,도화+경호,97.86,555300000,101.1488,N
20200905503 - 00,20200914,일산문화공원~일산호수공원 녹지축 연결사업 실시설계용역,경기도 고양시,PQ,638550000,639418475,100.1360074,KG+보람,97.84,554040000,100.9193,N
20200905503 - 00,20200914,일산문화공원~일산호수공원 녹지축 연결사업 실시설계용역,경기도 고양시,PQ,638550000,639418475,100.1360074,유신+동부,97.45,548249000,99.76,N
20200905503 - 00,20200914,일산문화공원~일산호수공원 녹지축 연결사업 실시설계용역,경기도 고양시,PQ,638550000,639418475,100.1360074,선진,96.16,545950000,99.0195,N
20200905503 - 00,20200914,일산문화공원~일산호수공원 녹지축 연결사업 실시설계용역,경기도 고양시,PQ,638550000,639418475,100.1360074,건화(테크피아),95.6,564800000,102.2962,N
20200909726 - 00,20200910,소규모 전략사업 기본구상 및 사업화방안 수립용역,경기주택도시공사,PQ,719224000,714764875,99.38000887,도화+삼안,99.74,614820000,99.9168,Y
20200909726 - 00,20200910,소규모 전략사업 기본구상 및 사업화방안 수립용역,경기주택도시공사,PQ,719224000,714764875,99.38000887,KG+유신,98.65,617984000,100.15,N
20200909726 - 00,20200910,소규모 전략사업 기본구상 및 사업화방안 수립용역,경기주택도시공사,PQ,719224000,714764875,99.38000887,동명+건화,98.02,647300000,104.7301,N
B5202003092 ,20200915,부산 에코델타시티 엄궁-생곡도로 지하차도(동측) 건설공사 건설사업관리용역,한국수자원공사,PQ,1321100000,1340300511,101.453373,수성+천일,100,968385000,100.4198,N
B5202003092 ,20200915,부산 에코델타시티 엄궁-생곡도로 지하차도(동측) 건설공사 건설사업관리용역,한국수자원공사,PQ,1321100000,1340300511,101.453373,경동+동부,99.94,964128000,99.9099,N
B5202003092 ,20200915,부산 에코델타시티 엄궁-생곡도로 지하차도(동측) 건설공사 건설사업관리용역,한국수자원공사,PQ,1321100000,1340300511,101.453373,이산+다산,99.7,963639000,99.641,N
B5202003092 ,20200915,부산 에코델타시티 엄궁-생곡도로 지하차도(동측) 건설공사 건설사업관리용역,한국수자원공사,PQ,1321100000,1340300511,101.453373,동일+선진,99.66,962500000,99.4824,N
B5202003092 ,20200915,부산 에코델타시티 엄궁-생곡도로 지하차도(동측) 건설공사 건설사업관리용역,한국수자원공사,PQ,1321100000,1340300511,101.453373,도화,99.6,972200000,100.4301,N
B5202003092 ,20200915,부산 에코델타시티 엄궁-생곡도로 지하차도(동측) 건설공사 건설사업관리용역,한국수자원공사,PQ,1321100000,1340300511,101.453373,신성,99.46,981900000,101.2939,N
B5202003092 ,20200915,부산 에코델타시티 엄궁-생곡도로 지하차도(동측) 건설공사 건설사업관리용역,한국수자원공사,PQ,1321100000,1340300511,101.453373,건화+동해,99.4,961300000,99.1148,N
B5202003092 ,20200915,부산 에코델타시티 엄궁-생곡도로 지하차도(동측) 건설공사 건설사업관리용역,한국수자원공사,PQ,1321100000,1340300511,101.453373,유신+드림,99.36,986923000,101.7151,Y
B5202003092 ,20200915,부산 에코델타시티 엄궁-생곡도로 지하차도(동측) 건설공사 건설사업관리용역,한국수자원공사,PQ,1321100000,1340300511,101.453373,제일,99.28,960400000,98.9007,N
20200914243 - 00,20200915,팔공산 구름다리 설치공사 건설사업관리용역,대구광역시 건설본부,PQ,1172520000,1166267600,99.46675536,다산+경림,100,922738000,100.9001,N
20200914243 - 00,20200915,팔공산 구름다리 설치공사 건설사업관리용역,대구광역시 건설본부,PQ,1172520000,1166267600,99.46675536,이산+한백,100,915690000,100.1294,N
20200914243 - 00,20200915,팔공산 구름다리 설치공사 건설사업관리용역,대구광역시 건설본부,PQ,1172520000,1166267600,99.46675536,도화+CM,100,911580000,99.6799,Y
20200914243 - 00,20200915,팔공산 구름다리 설치공사 건설사업관리용역,대구광역시 건설본부,PQ,1172520000,1166267600,99.46675536,건화+대성,99.82,910000000,99.3543,N
20200914243 - 00,20200915,팔공산 구름다리 설치공사 건설사업관리용역,대구광역시 건설본부,PQ,1172520000,1166267600,99.46675536,경원+유한,99.62,909870000,99.1751,N
20200914243 - 00,20200915,팔공산 구름다리 설치공사 건설사업관리용역,대구광역시 건설본부,PQ,1172520000,1166267600,99.46675536,용마+극동+가람,99.57,930633000,101.3993,N
20200914243 - 00,20200915,팔공산 구름다리 설치공사 건설사업관리용역,대구광역시 건설본부,PQ,1172520000,1166267600,99.46675536,삼보+유성,99.38,909900000,98.9886,N
20200914243 - 00,20200915,팔공산 구름다리 설치공사 건설사업관리용역,대구광역시 건설본부,PQ,1172520000,1166267600,99.46675536,한종+유성E,99.07,944000000,102.437,N
20200915364 - 00,20200915,국동지구 하수도정비 중점관리지역 기본 및 실시설계용역,전라남도 여수시 상하수도사업단 하수도과,PQ,1931329000,1915110700,99.16025183,도화+동아,98.2,1535300000,100.4797,N
20200915364 - 00,20200915,국동지구 하수도정비 중점관리지역 기본 및 실시설계용역,전라남도 여수시 상하수도사업단 하수도과,PQ,1931329000,1915110700,99.16025183,삼안+신명+한맥,98.14,1523830000,99.6282,N
20200915364 - 00,20200915,국동지구 하수도정비 중점관리지역 기본 및 실시설계용역,전라남도 여수시 상하수도사업단 하수도과,PQ,1931329000,1915110700,99.16025183,동명+원우,98.08,1523790000,99.5879,N
20200915364 - 00,20200915,국동지구 하수도정비 중점관리지역 기본 및 실시설계용역,전라남도 여수시 상하수도사업단 하수도과,PQ,1931329000,1915110700,99.16025183,범한+우빈,98.02,1543100000,100.799,N
20200915364 - 00,20200915,국동지구 하수도정비 중점관리지역 기본 및 실시설계용역,전라남도 여수시 상하수도사업단 하수도과,PQ,1931329000,1915110700,99.16025183,한종+우영,97.78,1545000000,100.7198,N
20200915364 - 00,20200915,국동지구 하수도정비 중점관리지역 기본 및 실시설계용역,전라남도 여수시 상하수도사업단 하수도과,PQ,1931329000,1915110700,99.16025183,KG+신오+보람,97.73,1523490000,99.2801,Y
20200915364 - 00,20200915,국동지구 하수도정비 중점관리지역 기본 및 실시설계용역,전라남도 여수시 상하수도사업단 하수도과,PQ,1931329000,1915110700,99.16025183,건화+하이콘,97.66,1516900000,98.8009,N
20200915364 - 00,20200915,국동지구 하수도정비 중점관리지역 기본 및 실시설계용역,전라남도 여수시 상하수도사업단 하수도과,PQ,1931329000,1915110700,99.16025183,이산+한기,97.66,1555800000,101.3346,N
20200915364 - 00,20200915,국동지구 하수도정비 중점관리지역 기본 및 실시설계용역,전라남도 여수시 상하수도사업단 하수도과,PQ,1931329000,1915110700,99.16025183,유신+우리,97.63,1518343000,98.87,N
20200915364 - 00,20200915,국동지구 하수도정비 중점관리지역 기본 및 실시설계용역,전라남도 여수시 상하수도사업단 하수도과,PQ,1931329000,1915110700,99.16025183,선진+건영+서영,97.21,1858228000,120.5928,N
20200914179 - 00,20200915,부안군 소규모 공공시설 안전점검 및 정비계획 수립용역,전라북도 부안군,PQ,1660000000,1675234650,100.91775,한종+세화,98.41,1315300000,100.2784,N
20200914179 - 00,20200915,부안군 소규모 공공시설 안전점검 및 정비계획 수립용역,전라북도 부안군,PQ,1660000000,1675234650,100.91775,KG+동명+인우,97.8,1307840000,99.2199,N
20200914179 - 00,20200915,부안군 소규모 공공시설 안전점검 및 정비계획 수립용역,전라북도 부안군,PQ,1660000000,1675234650,100.91775,삼안+한가람+KCI,97.8,1311970000,99.5332,N
20200914179 - 00,20200915,부안군 소규모 공공시설 안전점검 및 정비계획 수립용역,전라북도 부안군,PQ,1660000000,1675234650,100.91775,유신+조화,97.74,1312061000,99.49,N
20200914179 - 00,20200915,부안군 소규모 공공시설 안전점검 및 정비계획 수립용역,전라북도 부안군,PQ,1660000000,1675234650,100.91775,도화+국성+삼경,97.7,1330700000,100.8652,N
20200914179 - 00,20200915,부안군 소규모 공공시설 안전점검 및 정비계획 수립용역,전라북도 부안군,PQ,1660000000,1675234650,100.91775,건화+유현(서금),97.62,1330000000,100.7488,N
20200914179 - 00,20200915,부안군 소규모 공공시설 안전점검 및 정비계획 수립용역,전라북도 부안군,PQ,1660000000,1675234650,100.91775,이산+JCN,97.6,1313280000,99.4697,N
20200914179 - 00,20200915,부안군 소규모 공공시설 안전점검 및 정비계획 수립용역,전라북도 부안군,PQ,1660000000,1675234650,100.91775,화신+더한+극동,97.6,1308680000,99.1213,N
20200914179 - 00,20200915,부안군 소규모 공공시설 안전점검 및 정비계획 수립용역,전라북도 부안군,PQ,1660000000,1675234650,100.91775,평화+동성+범산,97.57,1348800000,102.1344,Y
20200914179 - 00,20200915,부안군 소규모 공공시설 안전점검 및 정비계획 수립용역,전라북도 부안군,PQ,1660000000,1675234650,100.91775,수성+성원+서광,96.34,1571900000,117.8577,N
E012008004-1,20200915,강원지역 전기공급시설 전력구공사 설계용역,한국전력공사 경인건설본부,SOQ,2569028000,2587911984,100.7350634,대콘+태조,98.48,2094999000,100.6086,N
E012008004-1,20200915,강원지역 전기공급시설 전력구공사 설계용역,한국전력공사 경인건설본부,SOQ,2569028000,2587911984,100.7350634,도화+신성,98.19,2090100000,100.114,N
E012008004-1,20200915,강원지역 전기공급시설 전력구공사 설계용역,한국전력공사 경인건설본부,SOQ,2569028000,2587911984,100.7350634,건화+KG,98,0,0,N
E012008004-1,20200915,강원지역 전기공급시설 전력구공사 설계용역,한국전력공사 경인건설본부,SOQ,2569028000,2587911984,100.7350634,삼안+선진,96.66,2310000000,109.2091,Y
20200916067 - 00,20200916,궁평 소규모 공공하수처리시설 설치공사 감독 권한대행 건설사업관리용역,경기도 화성시 맑은물사업소,PQ,716067000,720707175,100.6480085,건화+동양,100,612800000,100.0978,N
20200916067 - 00,20200916,궁평 소규모 공공하수처리시설 설치공사 감독 권한대행 건설사업관리용역,경기도 화성시 맑은물사업소,PQ,716067000,720707175,100.6480085,건양+신성,100,614406000,100.3601,N
20200916067 - 00,20200916,궁평 소규모 공공하수처리시설 설치공사 감독 권한대행 건설사업관리용역,경기도 화성시 맑은물사업소,PQ,716067000,720707175,100.6480085,경동+용마,100,607775000,99.277,N
20200916067 - 00,20200916,궁평 소규모 공공하수처리시설 설치공사 감독 권한대행 건설사업관리용역,경기도 화성시 맑은물사업소,PQ,716067000,720707175,100.6480085,경호+동서,100,608660000,99.4215,N
20200916067 - 00,20200916,궁평 소규모 공공하수처리시설 설치공사 감독 권한대행 건설사업관리용역,경기도 화성시 맑은물사업소,PQ,716067000,720707175,100.6480085,도화+서영,100,614900000,100.4408,N
20200916067 - 00,20200916,궁평 소규모 공공하수처리시설 설치공사 감독 권한대행 건설사업관리용역,경기도 화성시 맑은물사업소,PQ,716067000,720707175,100.6480085,동해+㈜한종,100,610990000,99.8021,N
20200916067 - 00,20200916,궁평 소규모 공공하수처리시설 설치공사 감독 권한대행 건설사업관리용역,경기도 화성시 맑은물사업소,PQ,716067000,720707175,100.6480085,범한+목양,100,612100000,99.9834,N
20200916067 - 00,20200916,궁평 소규모 공공하수처리시설 설치공사 감독 권한대행 건설사업관리용역,경기도 화성시 맑은물사업소,PQ,716067000,720707175,100.6480085,한종+유성,100,610700000,99.7547,N
20200916067 - 00,20200916,궁평 소규모 공공하수처리시설 설치공사 감독 권한대행 건설사업관리용역,경기도 화성시 맑은물사업소,PQ,716067000,720707175,100.6480085,동성+오이디,99.95,607330000,99.1811,N
20200916067 - 00,20200916,궁평 소규모 공공하수처리시설 설치공사 감독 권한대행 건설사업관리용역,경기도 화성시 맑은물사업소,PQ,716067000,720707175,100.6480085,이산+상금,99.94,606200000,98.9965,N
20200916067 - 00,20200916,궁평 소규모 공공하수처리시설 설치공사 감독 권한대행 건설사업관리용역,경기도 화성시 맑은물사업소,PQ,716067000,720707175,100.6480085,정+동명,99.91,612344000,99.9999,N
20200916067 - 00,20200916,궁평 소규모 공공하수처리시설 설치공사 감독 권한대행 건설사업관리용역,경기도 화성시 맑은물사업소,PQ,716067000,720707175,100.6480085,경원+세일,99.9,610270000,99.6495,N
20200916067 - 00,20200916,궁평 소규모 공공하수처리시설 설치공사 감독 권한대행 건설사업관리용역,경기도 화성시 맑은물사업소,PQ,716067000,720707175,100.6480085,다음+신명,99.27,617860000,100.724,Y
20200916931 - 00,20200916,왕송공공하수처리시설 증설사업 통합건설사업관리 용역,경기도 의왕시 상하수도사업소,PQ,2110494000,2094069125,99.22175211,건화+천마,100,1646600000,100.0316,N
20200916931 - 00,20200916,왕송공공하수처리시설 증설사업 통합건설사업관리 용역,경기도 의왕시 상하수도사업소,PQ,2110494000,2094069125,99.22175211,도화+서영,100,1631900000,99.1386,N
20200916931 - 00,20200916,왕송공공하수처리시설 증설사업 통합건설사업관리 용역,경기도 의왕시 상하수도사업소,PQ,2110494000,2094069125,99.22175211,한종+우영+영진,100,1639850000,99.6215,N
20200916931 - 00,20200916,왕송공공하수처리시설 증설사업 통합건설사업관리 용역,경기도 의왕시 상하수도사업소,PQ,2110494000,2094069125,99.22175211,삼안+삼우+청우건축,100,1655280000,100.5589,N
20200916931 - 00,20200916,왕송공공하수처리시설 증설사업 통합건설사업관리 용역,경기도 의왕시 상하수도사업소,PQ,2110494000,2094069125,99.22175211,동명+정,100,1659750000,100.8305,N
20200916931 - 00,20200916,왕송공공하수처리시설 증설사업 통합건설사업관리 용역,경기도 의왕시 상하수도사업소,PQ,2110494000,2094069125,99.22175211,경호+수성E+동서,100,1644898000,99.9282,N
20200916931 - 00,20200916,왕송공공하수처리시설 증설사업 통합건설사업관리 용역,경기도 의왕시 상하수도사업소,PQ,2110494000,2094069125,99.22175211,건양+신성,100,1661718000,100.95,N
20200916931 - 00,20200916,왕송공공하수처리시설 증설사업 통합건설사업관리 용역,경기도 의왕시 상하수도사업소,PQ,2110494000,2094069125,99.22175211,경동+용마,100,1626870000,98.833,N
20200916931 - 00,20200916,왕송공공하수처리시설 증설사업 통합건설사업관리 용역,경기도 의왕시 상하수도사업소,PQ,2110494000,2094069125,99.22175211,극동+동부+수성,100,1657766000,100.7099,N
20200916931 - 00,20200916,왕송공공하수처리시설 증설사업 통합건설사업관리 용역,경기도 의왕시 상하수도사업소,PQ,2110494000,2094069125,99.22175211,동해+㈜한종,100,1656300000,100.6209,N
20200916931 - 00,20200916,왕송공공하수처리시설 증설사업 통합건설사업관리 용역,경기도 의왕시 상하수도사업소,PQ,2110494000,2094069125,99.22175211,범한+목양,100,1646000000,99.9952,N
20200916931 - 00,20200916,왕송공공하수처리시설 증설사업 통합건설사업관리 용역,경기도 의왕시 상하수도사업소,PQ,2110494000,2094069125,99.22175211,보람+KG,100,1644760000,99.9198,N
20200916931 - 00,20200916,왕송공공하수처리시설 증설사업 통합건설사업관리 용역,경기도 의왕시 상하수도사업소,PQ,2110494000,2094069125,99.22175211,선진,100,1651670000,100.3396,N
20200916931 - 00,20200916,왕송공공하수처리시설 증설사업 통합건설사업관리 용역,경기도 의왕시 상하수도사업소,PQ,2110494000,2094069125,99.22175211,신명+다음,100,1660000000,100.8457,N
20200916931 - 00,20200916,왕송공공하수처리시설 증설사업 통합건설사업관리 용역,경기도 의왕시 상하수도사업소,PQ,2110494000,2094069125,99.22175211,이산+거원,100,1636198000,99.3997,Y
20200916931 - 00,20200916,왕송공공하수처리시설 증설사업 통합건설사업관리 용역,경기도 의왕시 상하수도사업소,PQ,2110494000,2094069125,99.22175211,경원+천일+세일,99.96,1631900000,99.1005,N
20200916931 - 00,20200916,왕송공공하수처리시설 증설사업 통합건설사업관리 용역,경기도 의왕시 상하수도사업소,PQ,2110494000,2094069125,99.22175211,동성+오이디,99.95,1628480000,98.8801,N
20200915759 - 01,20200917,명장 제1정수장 재건설 공사 기본 및 실시설계용역,부산광역시 상수도사업본부,PQ,1210000000,1203484150,99.4615,도화+삼영,93.57,1019800000,102.6378,Y
20200915759 - 01,20200917,명장 제1정수장 재건설 공사 기본 및 실시설계용역,부산광역시 상수도사업본부,PQ,1210000000,1203484150,99.4615,건화(거원),88.38,1023400000,98.9975,N
B5202003019,20200909,지방(상) 생애주기관리(자산관리) 구축 용역(1권역),한국수자원공사,협상,2393000000,2373574850,99.18825115,한종,97.66,2196700000,91.7969,Y
B5202003019,20200909,지방(상) 생애주기관리(자산관리) 구축 용역(1권역),한국수자원공사,협상,2393000000,2373574850,99.18825115,HEC+건화(송화),94.54,2208734000,92.2998,N
2020-02-000553-00,20200917,충청권 광역철도 1단계 교통영향평가 용역(개찰2순위),국가철도공단,PQ,220000000,217331048,98.78684,도화+동명,91.5,189430000,100.6894,N
2020-02-000553-00,20200917,충청권 광역철도 1단계 교통영향평가 용역(개찰2순위),국가철도공단,PQ,220000000,217331048,98.78684,평화+서영,86.5,190870000,100.8651,N
2020-02-000553-00,20200917,충청권 광역철도 1단계 교통영향평가 용역(개찰2순위),국가철도공단,PQ,220000000,217331048,98.78684,수성,85.4,188892000,99.6923,Y
2020-02-000553-00,20200917,충청권 광역철도 1단계 교통영향평가 용역(개찰2순위),국가철도공단,PQ,220000000,217331048,98.78684,한종,84.4,191600000,101.0042,N
2020-02-000553-00,20200917,충청권 광역철도 1단계 교통영향평가 용역(개찰2순위),국가철도공단,PQ,220000000,217331048,98.78684,신명,84.2,189206000,99.7191,N
2020-02-000553-00,20200917,충청권 광역철도 1단계 교통영향평가 용역(개찰2순위),국가철도공단,PQ,220000000,217331048,98.78684,건화,83.5,192900000,101.5835,N
2020-02-000553-00,20200917,충청권 광역철도 1단계 교통영향평가 용역(개찰2순위),국가철도공단,PQ,220000000,217331048,98.78684,KG,82.6,192525000,101.2804,N
2020-02-000552-00,20200917,월곶~판교 복선전철 교통영향평가 용역(개찰1순위),국가철도공단,PQ,430000000,431411066,100.3281549,동명+도화,98.5,368440000,101.0243,Y
2020-02-000552-00,20200917,월곶~판교 복선전철 교통영향평가 용역(개찰1순위),국가철도공단,PQ,430000000,431411066,100.3281549,서영+평화,93.2,365800000,99.6775,N
2020-02-000552-00,20200917,월곶~판교 복선전철 교통영향평가 용역(개찰1순위),국가철도공단,PQ,430000000,431411066,100.3281549,한종,91,365350000,99.2989,N
2020-02-000552-00,20200917,월곶~판교 복선전철 교통영향평가 용역(개찰1순위),국가철도공단,PQ,430000000,431411066,100.3281549,유신,89.7,373651000,101.401,N
2020-02-000552-00,20200917,월곶~판교 복선전철 교통영향평가 용역(개찰1순위),국가철도공단,PQ,430000000,431411066,100.3281549,삼안,87.2,375760000,101.6767,N
2020-02-000552-00,20200917,월곶~판교 복선전철 교통영향평가 용역(개찰1순위),국가철도공단,PQ,430000000,431411066,100.3281549,KG,86.8,374470000,101.2805,N
2020-02-000552-00,20200917,월곶~판교 복선전철 교통영향평가 용역(개찰1순위),국가철도공단,PQ,430000000,431411066,100.3281549,수성,86.8,373912000,101.1296,N
2020-02-000552-00,20200917,월곶~판교 복선전철 교통영향평가 용역(개찰1순위),국가철도공단,PQ,430000000,431411066,100.3281549,건화,83.5,378200000,101.8983,N
20200918548 - 00,20200917,농소~강동간(1공구) 도로개설공사 기본 및 실시설계용역,울산광역시,TP,4973700000,4985475300,100.2367513,다산+유신+성지+신성,95.77,3858800000,102.4821,Y
20200918548 - 00,20200917,농소~강동간(1공구) 도로개설공사 기본 및 실시설계용역,울산광역시,TP,4973700000,4985475300,100.2367513,동일+홍익+천일+씨엠,89.97,4044000000,102.3833,N
20200918548 - 00,20200917,농소~강동간(1공구) 도로개설공사 기본 및 실시설계용역,울산광역시,TP,4973700000,4985475300,100.2367513,동부+한종+부광,88.03,4072222000,101.5002,N
20200918548 - 00,20200917,농소~강동간(1공구) 도로개설공사 기본 및 실시설계용역,울산광역시,TP,4973700000,4985475300,100.2367513,건화+도화+한신+DS(하람),87.29,4136000000,102.4926,N
20200918548 - 00,20200917,농소~강동간(1공구) 도로개설공사 기본 및 실시설계용역,울산광역시,TP,4973700000,4985475300,100.2367513,동명+KG+신흥,86.42,4376800000,107.7164,N
2020-01042,20200917,고속국도 제29호 세종포천선(세종-안성) 세종JCT~연기JCT 구간 재설계(4→6차로) 용역(제1공구),한국도로공사,PQ,2109094000,2102318536,99.67875002,다산+서영+경호,99.68,1587300000,102.7929,Y
2020-01042,20200917,고속국도 제29호 세종포천선(세종-안성) 세종JCT~연기JCT 구간 재설계(4→6차로) 용역(제1공구),한국도로공사,PQ,2109094000,2102318536,99.67875002,삼안+동일+대한ENG,98.05,1554475000,99.1237,N
2020-01042,20200917,고속국도 제29호 세종포천선(세종-안성) 세종JCT~연기JCT 구간 재설계(4→6차로)2공구,한국도로공사,PQ,2019400000,2006647489,99.3685,내경+이산+일신,99.33,1490578000,100.4736,Y
2020-01042,20200917,고속국도 제29호 세종포천선(세종-안성) 세종JCT~연기JCT 구간 재설계(4→6차로)2공구,한국도로공사,PQ,2019400000,2006647489,99.3685,신성+선진,98.16,1521000000,101.3925,N
2020-01042,20200917,고속국도 제29호 세종포천선(세종-안성) 세종JCT~연기JCT 구간 재설계(4→6차로)2공구,한국도로공사,PQ,2019400000,2006647489,99.3685,KSM+수성+유신,97.89,1523600000,101.3067,N
2020-01042,20200917,고속국도 제29호 세종포천선(세종-안성) 세종JCT~연기JCT 구간 재설계(4→6차로)2공구,한국도로공사,PQ,2019400000,2006647489,99.3685,용마+바우+드림,97.4,1491919000,98.7493,N
2020-01042,20200917,고속국도 제29호 세종포천선(세종-안성) 세종JCT~연기JCT 구간 재설계(4→6차로)2공구,한국도로공사,PQ,2019400000,2006647489,99.3685,대콘+화신,97.22,1940000000,128.1849,N
2020-01042,20200917,고속국도 제29호 세종포천선(세종-안성) 세종JCT~연기JCT 구간 재설계(4→6차로) 용역(제3공구)  ,한국도로공사,PQ,2339524000,2325744204,99.41100002,동명+홍익+제일,99.4,1727400000,100.5728,Y
2020-01042,20200917,고속국도 제29호 세종포천선(세종-안성) 세종JCT~연기JCT 구간 재설계(4→6차로) 용역(제3공구)  ,한국도로공사,PQ,2339524000,2325744204,99.41100002,건화+동부,98.2,1723600000,99.2164,N
2020-01042,20200917,고속국도 제29호 세종포천선(세종-안성) 세종JCT~연기JCT 구간 재설계(4→6차로) 용역(제3공구)  ,한국도로공사,PQ,2339524000,2325744204,99.41100002,KG+삼보,97.9,1766500000,101.3991,N
2020-01042,20200917,고속국도 제29호 세종포천선(세종-안성) 세종JCT~연기JCT 구간 재설계(4→6차로) 용역(제3공구)  ,한국도로공사,PQ,2339524000,2325744204,99.41100002,평화+경동+태조,97.62,1771000000,101.3851,N
2020-01042,20200917,고속국도 제29호 세종포천선(세종-안성) 세종JCT~연기JCT 구간 재설계(4→6차로) 용역(제3공구)  ,한국도로공사,PQ,2339524000,2325744204,99.41100002,천일+극동+하이콘,97.3,2105000000,120.1517,N
E022000385-1,20200917,구미 천연가스복합발전소 환경영향평가 및 통합환경인허가 용역,한국서부발전(주),PQ,1190354000,1185832551,99.6201593,도화+신일,99.67,954366000,100.225,N
E022000385-1,20200917,구미 천연가스복합발전소 환경영향평가 및 통합환경인허가 용역,한국서부발전(주),PQ,1190354000,1185832551,99.6201593,동일+건화+다원,99.65,949891000,99.755,Y
E022000385-1,20200917,구미 천연가스복합발전소 환경영향평가 및 통합환경인허가 용역,한국서부발전(주),PQ,1190354000,1185832551,99.6201593,유신+레오,99.55,1018600000,106.9707,N
20200920899 - 00,20200921,청도/화양 공공하수처리장 증설사업 기본 및 실시설계용역,경상북도 청도군,PQ,903930000,897146075,99.24950771,삼안+청우E,98.55,778800000,100.3987,N
20200920899 - 00,20200921,청도/화양 공공하수처리장 증설사업 기본 및 실시설계용역,경상북도 청도군,PQ,903930000,897146075,99.24950771,동명+동성,98.2,775290000,99.8531,N
20200920899 - 00,20200921,청도/화양 공공하수처리장 증설사업 기본 및 실시설계용역,경상북도 청도군,PQ,903930000,897146075,99.24950771,한종+태성,97.94,782200000,100.6727,N
20200920899 - 00,20200921,청도/화양 공공하수처리장 증설사업 기본 및 실시설계용역,경상북도 청도군,PQ,903930000,897146075,99.24950771,범한+보람,97.78,772580000,99.3999,N
20200920899 - 00,20200921,청도/화양 공공하수처리장 증설사업 기본 및 실시설계용역,경상북도 청도군,PQ,903930000,897146075,99.24950771,건화+명성+삼보,97.76,782770000,100.6992,N
20200920899 - 00,20200921,청도/화양 공공하수처리장 증설사업 기본 및 실시설계용역,경상북도 청도군,PQ,903930000,897146075,99.24950771,이산+하이콘+세연+KCI,97.69,771670000,99.2597,Y
20200920899 - 00,20200921,청도/화양 공공하수처리장 증설사업 기본 및 실시설계용역,경상북도 청도군,PQ,903930000,897146075,99.24950771,도화+한주,97.62,784100000,100.8352,N
20200920899 - 00,20200921,청도/화양 공공하수처리장 증설사업 기본 및 실시설계용역,경상북도 청도군,PQ,903930000,897146075,99.24950771,경동+해인,97.28,769660000,98.8977,N
20200920899 - 00,20200921,청도/화양 공공하수처리장 증설사업 기본 및 실시설계용역,경상북도 청도군,PQ,903930000,897146075,99.24950771,제일+다산+평화+한올,97.14,786300000,101.0007,N
20200920899 - 00,20200921,청도/화양 공공하수처리장 증설사업 기본 및 실시설계용역,경상북도 청도군,PQ,903930000,897146075,99.24950771,선진+한도+동진,97.02,787190000,101.0798,N
20200920899 - 00,20200921,청도/화양 공공하수처리장 증설사업 기본 및 실시설계용역,경상북도 청도군,PQ,903930000,897146075,99.24950771,KG+한백,96.9,787777000,101.1199,N
20200920899 - 00,20200921,청도/화양 공공하수처리장 증설사업 기본 및 실시설계용역,경상북도 청도군,PQ,903930000,897146075,99.24950771,화신+주하,96.24,793270000,101.6599,N
20200920899 - 00,20200921,청도/화양 공공하수처리장 증설사업 기본 및 실시설계용역,경상북도 청도군,PQ,903930000,897146075,99.24950771,HEC+반석,95.91,772000000,98.8539,N
20200920899 - 00,20200921,청도/화양 공공하수처리장 증설사업 기본 및 실시설계용역,경상북도 청도군,PQ,903930000,897146075,99.24950771,경호+강동,95.88,800000000,102.4274,N
20200918388 - 00,20200918,통영항 수산자원조사선 접안시설 설치공사 시공단계의 건설사업관리용역,경상남도,PQ,1710000000,1701638100,99.511,한종+KSM,99.95,1343000000,100.6446,N
20200918388 - 00,20200918,통영항 수산자원조사선 접안시설 설치공사 시공단계의 건설사업관리용역,경상남도,PQ,1710000000,1701638100,99.511,유신+로텍+금성,99.87,1337256000,100.15,Y
20200918388 - 00,20200918,통영항 수산자원조사선 접안시설 설치공사 시공단계의 건설사업관리용역,경상남도,PQ,1710000000,1701638100,99.511,건일+경화,99.65,1350340000,100.9489,N
20200918388 - 00,20200918,통영항 수산자원조사선 접안시설 설치공사 시공단계의 건설사업관리용역,경상남도,PQ,1710000000,1701638100,99.511,건화+하우,99.55,1326000000,99.0533,N
20200918388 - 00,20200918,통영항 수산자원조사선 접안시설 설치공사 시공단계의 건설사업관리용역,경상남도,PQ,1710000000,1701638100,99.511,천일+한올+신화,99.53,1328230000,99.1945,N
20200918388 - 00,20200918,통영항 수산자원조사선 접안시설 설치공사 시공단계의 건설사업관리용역,경상남도,PQ,1710000000,1701638100,99.511,수성+세일,99.45,1329889999,99.2551,N
20200918388 - 00,20200918,통영항 수산자원조사선 접안시설 설치공사 시공단계의 건설사업관리용역,경상남도,PQ,1710000000,1701638100,99.511,도화+혜인,99.35,1328500000,99.0755,N
20200918388 - 00,20200918,통영항 수산자원조사선 접안시설 설치공사 시공단계의 건설사업관리용역,경상남도,PQ,1710000000,1701638100,99.511,서영+재화,99.07,1384000000,102.9781,N
20200922029 - 01,20200921,"어촌뉴딜300사업(상진항,동율항) 통합건설사업관리 용역",전라남도 보성군,PQ,1358281000,1362257400,100.2927524,건화+우영,99.87,1068000000,100.6964,Y
20200922029 - 01,20200921,"어촌뉴딜300사업(상진항,동율항) 통합건설사업관리 용역",전라남도 보성군,PQ,1358281000,1362257400,100.2927524,한항+동아+한미,99.67,1061390000,99.9069,N
20200922029 - 01,20200921,"어촌뉴딜300사업(상진항,동율항) 통합건설사업관리 용역",전라남도 보성군,PQ,1358281000,1362257400,100.2927524,건일+우빈,99.57,1068000000,100.452,N
20200922029 - 01,20200921,"어촌뉴딜300사업(상진항,동율항) 통합건설사업관리 용역",전라남도 보성군,PQ,1358281000,1362257400,100.2927524,유신+우리+평화,99.53,1059986000,99.66,N
20200922029 - 01,20200921,"어촌뉴딜300사업(상진항,동율항) 통합건설사업관리 용역",전라남도 보성군,PQ,1358281000,1362257400,100.2927524,서영+영진,99.5,1071600000,100.7391,N
20200922029 - 01,20200921,"어촌뉴딜300사업(상진항,동율항) 통합건설사업관리 용역",전라남도 보성군,PQ,1358281000,1362257400,100.2927524,수성+SE,99.47,1057799999,99.4164,N
20200922029 - 01,20200921,"어촌뉴딜300사업(상진항,동율항) 통합건설사업관리 용역",전라남도 보성군,PQ,1358281000,1362257400,100.2927524,천일+산이,99.45,1055580000,99.1824,N
20200922029 - 01,20200921,"어촌뉴딜300사업(상진항,동율항) 통합건설사업관리 용역",전라남도 보성군,PQ,1358281000,1362257400,100.2927524,도화+진성,99.37,1081300000,101.5343,N
20200922029 - 01,20200921,"어촌뉴딜300사업(상진항,동율항) 통합건설사업관리 용역",전라남도 보성군,PQ,1358281000,1362257400,100.2927524,한종+신오+수성E,99.16,1053900000,98.7976,N
20200922029 - 01,20200921,"어촌뉴딜300사업(상진항,동율항) 통합건설사업관리 용역",전라남도 보성군,PQ,1358281000,1362257400,100.2927524,혜인+신명+경호,98.76,1064050000,99.42,N
20200921963 - 00,20200921,KTX 역세권 인도교 설치공사 실시설계용역,울산광역시 울주군,PQ,227790000,227934150,100.063282,건화+부광(유엔씨+동인),94.23,199133000,100.2001,Y
20200921963 - 00,20200921,KTX 역세권 인도교 설치공사 실시설계용역,울산광역시 울주군,PQ,227790000,227934150,100.063282,이산+청목,93.53,198054000,99.6001,N
20200921963 - 00,20200921,KTX 역세권 인도교 설치공사 실시설계용역,울산광역시 울주군,PQ,227790000,227934150,100.063282,다산+성지,93.46,200660000,100.899,N
20200921963 - 00,20200921,KTX 역세권 인도교 설치공사 실시설계용역,울산광역시 울주군,PQ,227790000,227934150,100.063282,도화+한신,91.18,197830000,99.26,N
20200921963 - 00,20200921,KTX 역세권 인도교 설치공사 실시설계용역,울산광역시 울주군,PQ,227790000,227934150,100.063282,제일+대흥,91.15,200600000,100.6383,N
20200920726 - 00,20200922,마산해양신도시건설사업 사후환경영향조사 용역,마산해양신도시주식회사,PQ,378148000,380418825,100.6005122,수성+라임,98.97,330792000,100.7392,Y
20200920726 - 00,20200922,마산해양신도시건설사업 사후환경영향조사 용역,마산해양신도시주식회사,PQ,378148000,380418825,100.6005122,유신+KSM+레오,98.96,331166000,100.8531,N
20200920726 - 00,20200922,마산해양신도시건설사업 사후환경영향조사 용역,마산해양신도시주식회사,PQ,378148000,380418825,100.6005122,다산+화성,98.91,326367000,99.3801,N
20200920726 - 00,20200922,마산해양신도시건설사업 사후환경영향조사 용역,마산해양신도시주식회사,PQ,378148000,380418825,100.6005122,대영+마린,98.91,328778000,100.1143,N
20200920726 - 00,20200922,마산해양신도시건설사업 사후환경영향조사 용역,마산해양신도시주식회사,PQ,378148000,380418825,100.6005122,동부+조은,98.71,330154000,100.5217,N
20200920726 - 00,20200922,마산해양신도시건설사업 사후환경영향조사 용역,마산해양신도시주식회사,PQ,378148000,380418825,100.6005122,건화+우리+우신,98.68,325800000,99.1846,N
20200920726 - 00,20200922,마산해양신도시건설사업 사후환경영향조사 용역,마산해양신도시주식회사,PQ,378148000,380418825,100.6005122,세광+혜인+DS,98.68,331490000,100.9169,N
20200920726 - 00,20200922,마산해양신도시건설사업 사후환경영향조사 용역,마산해양신도시주식회사,PQ,378148000,380418825,100.6005122,동명+경화,98.5,325980000,99.228,N
20200918014 - 00,20200918,산청~금서간 도로확포장공사(국지도60호선) 감독권한대행 등 건설사업관리용역,경상남도,PQ,1443000000,1447083750,100.2830042,다산+신화,100,1133909000,100.75,Y
20200918014 - 00,20200918,산청~금서간 도로확포장공사(국지도60호선) 감독권한대행 등 건설사업관리용역,경상남도,PQ,1443000000,1447083750,100.2830042,대콘+HEC,100,1124530000,99.9167,N
20200918014 - 00,20200918,산청~금서간 도로확포장공사(국지도60호선) 감독권한대행 등 건설사업관리용역,경상남도,PQ,1443000000,1447083750,100.2830042,도화+수성,100,1120600000,99.5675,N
20200918014 - 00,20200918,산청~금서간 도로확포장공사(국지도60호선) 감독권한대행 등 건설사업관리용역,경상남도,PQ,1443000000,1447083750,100.2830042,신성+KSM+태조,100,1124280000,99.8945,N
20200918014 - 00,20200918,산청~금서간 도로확포장공사(국지도60호선) 감독권한대행 등 건설사업관리용역,경상남도,PQ,1443000000,1447083750,100.2830042,이산+서화,99.92,1159570000,102.9508,N
20200918014 - 00,20200918,산청~금서간 도로확포장공사(국지도60호선) 감독권한대행 등 건설사업관리용역,경상남도,PQ,1443000000,1447083750,100.2830042,동일+우진,99.88,1135600000,100.7969,N
20200918014 - 00,20200918,산청~금서간 도로확포장공사(국지도60호선) 감독권한대행 등 건설사업관리용역,경상남도,PQ,1443000000,1447083750,100.2830042,동성+한가람,99.76,1119544000,99.27,N
20200918014 - 00,20200918,산청~금서간 도로확포장공사(국지도60호선) 감독권한대행 등 건설사업관리용역,경상남도,PQ,1443000000,1447083750,100.2830042,용마+혜인,99.74,1138214000,100.9126,N
20200918014 - 00,20200918,산청~금서간 도로확포장공사(국지도60호선) 감독권한대행 등 건설사업관리용역,경상남도,PQ,1443000000,1447083750,100.2830042,신명+우정,99.68,1119820000,99.231,N
20200918014 - 00,20200918,산청~금서간 도로확포장공사(국지도60호선) 감독권한대행 등 건설사업관리용역,경상남도,PQ,1443000000,1447083750,100.2830042,홍익+태일,99.64,1140110000,100.9902,N
20200918014 - 00,20200918,산청~금서간 도로확포장공사(국지도60호선) 감독권한대행 등 건설사업관리용역,경상남도,PQ,1443000000,1447083750,100.2830042,서영+우리+극동,99.61,1139300000,100.9056,N
20200918014 - 00,20200918,산청~금서간 도로확포장공사(국지도60호선) 감독권한대행 등 건설사업관리용역,경상남도,PQ,1443000000,1447083750,100.2830042,경호+하우,99.58,1117850000,98.9805,N
20200918014 - 00,20200918,산청~금서간 도로확포장공사(국지도60호선) 감독권한대행 등 건설사업관리용역,경상남도,PQ,1443000000,1447083750,100.2830042,천일+한올,99.55,1144900000,101.3497,N
20200918014 - 00,20200918,산청~금서간 도로확포장공사(국지도60호선) 감독권한대행 등 건설사업관리용역,경상남도,PQ,1443000000,1447083750,100.2830042,경동+현진,99.52,1115477000,98.7199,N
20200918014 - 00,20200918,산청~금서간 도로확포장공사(국지도60호선) 감독권한대행 등 건설사업관리용역,경상남도,PQ,1443000000,1447083750,100.2830042,한종+나인,99.39,1124450000,99.3998,N
20200918014 - 00,20200918,산청~금서간 도로확포장공사(국지도60호선) 감독권한대행 등 건설사업관리용역,경상남도,PQ,1443000000,1447083750,100.2830042,동해+금성,99.34,1159965000,102.5,N
20200918014 - 00,20200918,산청~금서간 도로확포장공사(국지도60호선) 감독권한대행 등 건설사업관리용역,경상남도,PQ,1443000000,1447083750,100.2830042,제일+하나,98.8,1124000000,98.8933,N
20200918014 - 00,20200918,산청~금서간 도로확포장공사(국지도60호선) 감독권한대행 등 건설사업관리용역,경상남도,PQ,1443000000,1447083750,100.2830042,우빈+동영,98.76,1157103000,101.8058,N
20200918014 - 00,20200918,산청~금서간 도로확포장공사(국지도60호선) 감독권한대행 등 건설사업관리용역,경상남도,PQ,1443000000,1447083750,100.2830042,건화+경화,97.4,0,0,N
20200918014 - 00,20200918,산청~금서간 도로확포장공사(국지도60호선) 감독권한대행 등 건설사업관리용역,경상남도,PQ,1443000000,1447083750,100.2830042,화신+범한,97.3,1356420000,117.9053,N
20200922855 - 00,20200922,"동암,성원지구 외3개지구 재해복구사업 통합건설사업관리용역",경상북도 성주군,SOQ,2215000000,2170849525,98.00675056,한종+동진+한백,99.15,1778920000,102.2502,Y
20200922855 - 00,20200922,"동암,성원지구 외3개지구 재해복구사업 통합건설사업관리용역",경상북도 성주군,SOQ,2215000000,2170849525,98.00675056,건화+한도,96.2,1808400000,101.5023,N
20200922855 - 00,20200922,"동암,성원지구 외3개지구 재해복구사업 통합건설사업관리용역",경상북도 성주군,SOQ,2215000000,2170849525,98.00675056,수성+청명,95.95,1820000000,101.9505,N
20200922855 - 00,20200922,"동암,성원지구 외3개지구 재해복구사업 통합건설사업관리용역",경상북도 성주군,SOQ,2215000000,2170849525,98.00675056,도화+보원,95.7,1779900000,99.5067,N
20200922855 - 00,20200922,"동암,성원지구 외3개지구 재해복구사업 통합건설사업관리용역",경상북도 성주군,SOQ,2215000000,2170849525,98.00675056,이산+상금,95.49,1826000000,101.9199,N
20200922855 - 00,20200922,"동암,성원지구 외3개지구 재해복구사업 통합건설사업관리용역",경상북도 성주군,SOQ,2215000000,2170849525,98.00675056,삼안+강산,95.15,1824900000,101.5822,N
20200923164 - 00,20200922,관음천 소하천 정비사업 외 4건 감독권한 대행 등 건설사업관리[통합]용역,경상북도 문경시,PQ,2148300000,2152832950,100.2110017,건화+동성,100,1678080000,100.15,N
20200923164 - 00,20200922,관음천 소하천 정비사업 외 4건 감독권한 대행 등 건설사업관리[통합]용역,경상북도 문경시,PQ,2148300000,2152832950,100.2110017,한종+청명,99.78,1689000000,100.6082,Y
20200923164 - 00,20200922,관음천 소하천 정비사업 외 4건 감독권한 대행 등 건설사업관리[통합]용역,경상북도 문경시,PQ,2148300000,2152832950,100.2110017,도화+동진,99.78,1671800000,99.5837,N
20200923164 - 00,20200922,관음천 소하천 정비사업 외 4건 감독권한 대행 등 건설사업관리[통합]용역,경상북도 문경시,PQ,2148300000,2152832950,100.2110017,평화+다산,99.75,1675880000,99.8139,N
20200923164 - 00,20200922,관음천 소하천 정비사업 외 4건 감독권한 대행 등 건설사업관리[통합]용역,경상북도 문경시,PQ,2148300000,2152832950,100.2110017,이산+KCI,99.73,1694690000,100.9084,N
20200923164 - 00,20200922,관음천 소하천 정비사업 외 4건 감독권한 대행 등 건설사업관리[통합]용역,경상북도 문경시,PQ,2148300000,2152832950,100.2110017,삼안+청우E,99.7,1665730000,99.1587,N
20200923164 - 00,20200922,관음천 소하천 정비사업 외 4건 감독권한 대행 등 건설사업관리[통합]용역,경상북도 문경시,PQ,2148300000,2152832950,100.2110017,수성+한도,99.7,1670460000,99.4402,N
20200923164 - 00,20200922,관음천 소하천 정비사업 외 4건 감독권한 대행 등 건설사업관리[통합]용역,경상북도 문경시,PQ,2148300000,2152832950,100.2110017,천일+삼보,99.67,1701290000,101.2496,N
20200923164 - 00,20200922,관음천 소하천 정비사업 외 4건 감독권한 대행 등 건설사업관리[통합]용역,경상북도 문경시,PQ,2148300000,2152832950,100.2110017,동부+보원,99.62,1663794000,98.9801,N
20200923164 - 00,20200922,관음천 소하천 정비사업 외 4건 감독권한 대행 등 건설사업관리[통합]용역,경상북도 문경시,PQ,2148300000,2152832950,100.2110017,극동+상금,99.29,2090000000,124.0026,N
20200922590 - 01,20200922,진주시 노후정수장 정비사업 기본 및 실시설계 용역,경상남도 진주시,PQ,4298680000,4310007050,100.2635007,이산+한종+범한+천진+우진,100,3164000000,100.8343,Y
20200922590 - 01,20200922,진주시 노후정수장 정비사업 기본 및 실시설계 용역,경상남도 진주시,PQ,4298680000,4310007050,100.2635007,도화+수성+한올,97.86,3168800000,99.1268,N
20200922590 - 01,20200922,진주시 노후정수장 정비사업 기본 및 실시설계 용역,경상남도 진주시,PQ,4298680000,4310007050,100.2635007,건화+HEC+정(대원),97.84,3248800000,101.6021,N
20200922590 - 01,20200922,진주시 노후정수장 정비사업 기본 및 실시설계 용역,경상남도 진주시,PQ,4298680000,4310007050,100.2635007,KG+한성+보람,97.84,3239780000,101.32,N
20200922590 - 01,20200922,진주시 노후정수장 정비사업 기본 및 실시설계 용역,경상남도 진주시,PQ,4298680000,4310007050,100.2635007,화신+혜인+건양+세원,97.79,3157484000,98.7065,N
20200922590 - 01,20200922,진주시 노후정수장 정비사업 기본 및 실시설계 용역,경상남도 진주시,PQ,4298680000,4310007050,100.2635007,삼안+동명+경화+금성,97.7,4180000000,130.5662,N
20200921479 - 00,20200921,국도4호선 경산 하양-금호 단구간 확장공사 실시설계용역,조달청,PQ,557960000,553991550,99.28875726,하이콘,99.9,474440000,99.4575,Y
20200921479 - 00,20200921,국도4호선 경산 하양-금호 단구간 확장공사 실시설계용역,조달청,PQ,557960000,553991550,99.28875726,한종,99.3,477300000,100.057,N
20200921479 - 00,20200921,국도4호선 경산 하양-금호 단구간 확장공사 실시설계용역,조달청,PQ,557960000,553991550,99.28875726,한맥,99.27,476542000,99.8981,N
20200921479 - 00,20200921,국도4호선 경산 하양-금호 단구간 확장공사 실시설계용역,조달청,PQ,557960000,553991550,99.28875726,평화+예당,99.25,477250000,100.0466,N
20200921479 - 00,20200921,국도4호선 경산 하양-금호 단구간 확장공사 실시설계용역,조달청,PQ,557960000,553991550,99.28875726,천일+건일,99.24,476470000,99.883,N
20200921479 - 00,20200921,국도4호선 경산 하양-금호 단구간 확장공사 실시설계용역,조달청,PQ,557960000,553991550,99.28875726,극동,99.11,475691000,99.7197,N
20200921479 - 00,20200921,국도4호선 경산 하양-금호 단구간 확장공사 실시설계용역,조달청,PQ,557960000,553991550,99.28875726,신명+KCI,99.09,491000000,102.929,N
20200921479 - 00,20200921,국도4호선 경산 하양-금호 단구간 확장공사 실시설계용역,조달청,PQ,557960000,553991550,99.28875726,유신,99.05,476742000,99.9401,N
20200921479 - 00,20200921,국도4호선 경산 하양-금호 단구간 확장공사 실시설계용역,조달청,PQ,557960000,553991550,99.28875726,삼안,99,479600000,100.5392,N
20200921479 - 00,20200921,국도4호선 경산 하양-금호 단구간 확장공사 실시설계용역,조달청,PQ,557960000,553991550,99.28875726,태조,99,477577000,100.1151,N
20200921479 - 00,20200921,국도4호선 경산 하양-금호 단구간 확장공사 실시설계용역,조달청,PQ,557960000,553991550,99.28875726,동성,98.9,476266000,99.8403,N
20200921479 - 00,20200921,국도4호선 경산 하양-금호 단구간 확장공사 실시설계용역,조달청,PQ,557960000,553991550,99.28875726,홍익,98.76,476980000,99.99,N
20200921479 - 00,20200921,국도4호선 경산 하양-금호 단구간 확장공사 실시설계용역,조달청,PQ,557960000,553991550,99.28875726,일신,98.7,476741000,99.9399,N
20200921479 - 00,20200921,국도4호선 경산 하양-금호 단구간 확장공사 실시설계용역,조달청,PQ,557960000,553991550,99.28875726,건화(지앤비),98.5,480600000,100.7488,N
20200921479 - 00,20200921,국도4호선 경산 하양-금호 단구간 확장공사 실시설계용역,조달청,PQ,557960000,553991550,99.28875726,서영,98.41,479200000,100.4553,N
20200921479 - 00,20200921,국도4호선 경산 하양-금호 단구간 확장공사 실시설계용역,조달청,PQ,557960000,553991550,99.28875726,제일,98.4,477886000,100.1799,N
20200921479 - 00,20200921,국도4호선 경산 하양-금호 단구간 확장공사 실시설계용역,조달청,PQ,557960000,553991550,99.28875726,화신+수성,98.26,478269000,100.2602,N
20200921479 - 00,20200921,국도4호선 경산 하양-금호 단구간 확장공사 실시설계용역,조달청,PQ,557960000,553991550,99.28875726,동명,98.2,477386000,100.0751,N
20200921479 - 00,20200921,국도4호선 경산 하양-금호 단구간 확장공사 실시설계용역,조달청,PQ,557960000,553991550,99.28875726,경호,98.15,474529000,99.4762,N
20200921479 - 00,20200921,국도4호선 경산 하양-금호 단구간 확장공사 실시설계용역,조달청,PQ,557960000,553991550,99.28875726,삼보,99.1,480250000,100.6401,N
20200921479 - 00,20200921,국도4호선 경산 하양-금호 단구간 확장공사 실시설계용역,조달청,PQ,557960000,553991550,99.28875726,신성,98.2,480000000,100.5642,N
20200921479 - 00,20200921,국도4호선 경산 하양-금호 단구간 확장공사 실시설계용역,조달청,PQ,557960000,553991550,99.28875726,벽산,98.2,480920000,100.757,N
20200921479 - 00,20200921,국도4호선 경산 하양-금호 단구간 확장공사 실시설계용역,조달청,PQ,557960000,553991550,99.28875726,KSM,98.76,477980000,100.1293,N
20200921479 - 00,20200921,국도4호선 경산 하양-금호 단구간 확장공사 실시설계용역,조달청,PQ,557960000,553991550,99.28875726,용마+한올,99.14,471218000,98.6897,N
20200921479 - 00,20200921,국도4호선 경산 하양-금호 단구간 확장공사 실시설계용역,조달청,PQ,557960000,553991550,99.28875726,경동,98.1,489800000,102.5814,N
20200921479 - 00,20200921,국도4호선 경산 하양-금호 단구간 확장공사 실시설계용역,조달청,PQ,557960000,553991550,99.28875726,드림+더그린,99.06,480867000,100.64,N
20200921479 - 00,20200921,국도4호선 경산 하양-금호 단구간 확장공사 실시설계용역,조달청,PQ,557960000,553991550,99.28875726,천마,97.7,487169000,101.9113,N
20200921479 - 00,20200921,국도4호선 경산 하양-금호 단구간 확장공사 실시설계용역,조달청,PQ,557960000,553991550,99.28875726,KG,97.6,475370000,99.4199,N
20200921479 - 00,20200921,국도4호선 경산 하양-금호 단구간 확장공사 실시설계용역,조달청,PQ,557960000,553991550,99.28875726,대콘,98.2,483770000,101.1177,N
20200921479 - 00,20200921,국도4호선 경산 하양-금호 단구간 확장공사 실시설계용역,조달청,PQ,557960000,553991550,99.28875726,선진,97.3,483950000,101.1199,N
20200921479 - 00,20200921,국도4호선 경산 하양-금호 단구간 확장공사 실시설계용역,조달청,PQ,557960000,553991550,99.28875726,동부,97.25,484440000,101.2105,N
20200921479 - 00,20200921,국도4호선 경산 하양-금호 단구간 확장공사 실시설계용역,조달청,PQ,557960000,553991550,99.28875726,정,97.25,484994000,101.2083,N
20200921479 - 00,20200921,국도4호선 경산 하양-금호 단구간 확장공사 실시설계용역,조달청,PQ,557960000,553991550,99.28875726,경원,98.02,485270000,101.2541,N
20200921479 - 00,20200921,국도4호선 경산 하양-금호 단구간 확장공사 실시설계용역,조달청,PQ,557960000,553991550,99.28875726,이산+대건E,97.04,486300000,101.351,N
20200921479 - 00,20200921,국도4호선 경산 하양-금호 단구간 확장공사 실시설계용역,조달청,PQ,557960000,553991550,99.28875726,동일,95.92,487700000,101.5011,N
20200921479 - 00,20200921,국도4호선 경산 하양-금호 단구간 확장공사 실시설계용역,조달청,PQ,557960000,553991550,99.28875726,서광+청솔,94.4,496000000,102.4198,N
20200923751 - 00,20200922,지리산정원 조성사업 건설사업관리용역 ,전라남도 구례군 지리산정원관리사업소,PQ,1175000000,1163811075,99.04775106,도화＋건영,99.98,925440000,100.956,N
20200923751 - 00,20200922,지리산정원 조성사업 건설사업관리용역 ,전라남도 구례군 지리산정원관리사업소,PQ,1175000000,1163811075,99.04775106,한종＋우리종합,99.93,915500000,99.8333,N
20200923751 - 00,20200922,지리산정원 조성사업 건설사업관리용역 ,전라남도 구례군 지리산정원관리사업소,PQ,1175000000,1163811075,99.04775106,선진＋한기,99.37,915540000,99.3792,N
20200923751 - 00,20200922,지리산정원 조성사업 건설사업관리용역 ,전라남도 구례군 지리산정원관리사업소,PQ,1175000000,1163811075,99.04775106,신명＋동신,99.32,914214000,99.1974,N
20200923751 - 00,20200922,지리산정원 조성사업 건설사업관리용역 ,전라남도 구례군 지리산정원관리사업소,PQ,1175000000,1163811075,99.04775106,삼안＋동아,99.3,913990000,99.1604,Y
20200923751 - 00,20200922,지리산정원 조성사업 건설사업관리용역 ,전라남도 구례군 지리산정원관리사업소,PQ,1175000000,1163811075,99.04775106,건화＋우빈,99.27,1146000000,124.2999,N
20200924323 - 02,20200923,하성처리분구 하수관로 정비사업 기본 및 실시설계 용역,경기도 김포시 상하수도사업소,PQ,1260000000,1241663850,98.54475,건화+이산+한종,100,996600000,101.4107,N
20200924323 - 02,20200923,하성처리분구 하수관로 정비사업 기본 및 실시설계 용역,경기도 김포시 상하수도사업소,PQ,1260000000,1241663850,98.54475,제일+경호,98.05,989500000,99.0999,N
20200924323 - 02,20200923,하성처리분구 하수관로 정비사업 기본 및 실시설계 용역,경기도 김포시 상하수도사업소,PQ,1260000000,1241663850,98.54475,도화+서영,97.9,1013000000,101.3256,N
20200924323 - 02,20200923,하성처리분구 하수관로 정비사업 기본 및 실시설계 용역,경기도 김포시 상하수도사업소,PQ,1260000000,1241663850,98.54475,삼안+선진+신명,97.9,987470000,98.772,Y
20200924323 - 02,20200923,하성처리분구 하수관로 정비사업 기본 및 실시설계 용역,경기도 김포시 상하수도사업소,PQ,1260000000,1241663850,98.54475,KG+수성,97.9,988050000,98.83,N
20200924323 - 02,20200923,하성처리분구 하수관로 정비사업 기본 및 실시설계 용역,경기도 김포시 상하수도사업소,PQ,1260000000,1241663850,98.54475,건양+동부,97.6,1021180000,101.8998,N
20200924323 - 02,20200923,하성처리분구 하수관로 정비사업 기본 및 실시설계 용역,경기도 김포시 상하수도사업소,PQ,1260000000,1241663850,98.54475,동명+대원,97.3,1029000000,102.4226,N
20200924323 - 02,20200923,하성처리분구 하수관로 정비사업 기본 및 실시설계 용역,경기도 김포시 상하수도사업소,PQ,1260000000,1241663850,98.54475,화신+용마+국성,96.1,1107700000,109.2151,N
20200923949 - 00,20200922,자원순환(post-플라스틱) 클러스터 최적지 선정 및 타당성조사 연구,환경부,협상,500000000,500000000,100,건화+세원+일신,100,480000000,96,N
20200925073 - 00,20200923,노후 상수도(용산정수장~배수지) 정비사업 기본 및 실시설계용역,강원도 춘천시 상하수도사업본부,PQ,786380000,786002600,99.95200794,건화+삼경+동진,99.15,676980000,100.4705,Y
20200925073 - 00,20200923,노후 상수도(용산정수장~배수지) 정비사업 기본 및 실시설계용역,강원도 춘천시 상하수도사업본부,PQ,786380000,786002600,99.95200794,도화+일신,98.13,673730000,99.7205,N
20200925073 - 00,20200923,노후 상수도(용산정수장~배수지) 정비사업 기본 및 실시설계용역,강원도 춘천시 상하수도사업본부,PQ,786380000,786002600,99.95200794,한종+정,98.07,678400000,100.4,N
20200925073 - 00,20200923,노후 상수도(용산정수장~배수지) 정비사업 기본 및 실시설계용역,강원도 춘천시 상하수도사업본부,PQ,786380000,786002600,99.95200794,KG+진화+보람,97.9,685340000,101.3799,N
20200925073 - 00,20200923,노후 상수도(용산정수장~배수지) 정비사업 기본 및 실시설계용역,강원도 춘천시 상하수도사업본부,PQ,786380000,786002600,99.95200794,삼안+대성+한맥,97.82,680680000,100.6789,N
20200925073 - 00,20200923,노후 상수도(용산정수장~배수지) 정비사업 기본 및 실시설계용역,강원도 춘천시 상하수도사업본부,PQ,786380000,786002600,99.95200794,이산+미래,97.73,681800000,100.8211,N
20200925073 - 00,20200923,노후 상수도(용산정수장~배수지) 정비사업 기본 및 실시설계용역,강원도 춘천시 상하수도사업본부,PQ,786380000,786002600,99.95200794,동명+서광,97.6,684940000,101.2501,N
20200925073 - 00,20200923,노후 상수도(용산정수장~배수지) 정비사업 기본 및 실시설계용역,강원도 춘천시 상하수도사업본부,PQ,786380000,786002600,99.95200794,경호+경원,97.27,682980000,100.8665,N
20200925073 - 00,20200923,노후 상수도(용산정수장~배수지) 정비사업 기본 및 실시설계용역,강원도 춘천시 상하수도사업본부,PQ,786380000,786002600,99.95200794,경동+동서,97.2,668576000,98.7278,N
20200925073 - 00,20200923,노후 상수도(용산정수장~배수지) 정비사업 기본 및 실시설계용역,강원도 춘천시 상하수도사업본부,PQ,786380000,786002600,99.95200794,범한+정원,96.88,685200000,101.1005,N
20200925073 - 00,20200923,노후 상수도(용산정수장~배수지) 정비사업 기본 및 실시설계용역,강원도 춘천시 상하수도사업본부,PQ,786380000,786002600,99.95200794,화신+삼주,96.3,670549000,98.7897,N
20200925073 - 00,20200923,노후 상수도(용산정수장~배수지) 정비사업 기본 및 실시설계용역,강원도 춘천시 상하수도사업본부,PQ,786380000,786002600,99.95200794,제일+고려,96.03,694900000,102.3062,N
20200925073 - 00,20200923,노후 상수도(용산정수장~배수지) 정비사업 기본 및 실시설계용역,강원도 춘천시 상하수도사업본부,PQ,786380000,786002600,99.95200794,유신+강원길+선진,95.74,691602000,101.7499,N
20200925804 - 00,20200924,성내~고부간 지방도 확포장공사 사후환경영향조사 용역,전라북도,PQ,1174800000,1162138625,98.92225272,서영+더한,98.55,930890000,100.3968,N
20200925804 - 00,20200924,성내~고부간 지방도 확포장공사 사후환경영향조사 용역,전라북도,PQ,1174800000,1162138625,98.92225272,동성+건일,98.46,926244000,99.8198,N
20200925804 - 00,20200924,성내~고부간 지방도 확포장공사 사후환경영향조사 용역,전라북도,PQ,1174800000,1162138625,98.92225272,도화+국성+라임,98.39,931000000,100.2689,N
20200925804 - 00,20200924,성내~고부간 지방도 확포장공사 사후환경영향조사 용역,전라북도,PQ,1174800000,1162138625,98.92225272,한맥+한누리+삼안,98.19,926530000,99.6362,N
20200925804 - 00,20200924,성내~고부간 지방도 확포장공사 사후환경영향조사 용역,전라북도,PQ,1174800000,1162138625,98.92225272,건화+현성+우신,98.06,921800000,99.015,Y
20200925804 - 00,20200924,성내~고부간 지방도 확포장공사 사후환경영향조사 용역,전라북도,PQ,1174800000,1162138625,98.92225272,평화+고산+새움,97.94,922300000,98.9813,N
20200925804 - 00,20200924,성내~고부간 지방도 확포장공사 사후환경영향조사 용역,전라북도,PQ,1174800000,1162138625,98.92225272,수성+JCN+CNS,97.76,944405000,101.2004,N
20200925804 - 00,20200924,성내~고부간 지방도 확포장공사 사후환경영향조사 용역,전라북도,PQ,1174800000,1162138625,98.92225272,홍익+태영+DS,97.53,923280000,98.7503,N
20200925804 - 00,20200924,성내~고부간 지방도 확포장공사 사후환경영향조사 용역,전라북도,PQ,1174800000,1162138625,98.92225272,동명+범산+신성E,97.51,947947000,101.3758,N
20200925804 - 00,20200924,성내~고부간 지방도 확포장공사 사후환경영향조사 용역,전라북도,PQ,1174800000,1162138625,98.92225272,이산+세종+중천,97.49,922200000,98.61,N
20200925804 - 00,20200924,성내~고부간 지방도 확포장공사 사후환경영향조사 용역,전라북도,PQ,1174800000,1162138625,98.92225272,신성+천마,97.47,947580000,101.3111,N
20200925804 - 00,20200924,성내~고부간 지방도 확포장공사 사후환경영향조사 용역,전라북도,PQ,1174800000,1162138625,98.92225272,KG+인우+한가람,97.2,1125000000,120.0087,N
20200925738 - 00,20200924,시흥시 하수도정비 기본계획(변경) 및 물 재이용 관리계획 (변경) 수립 용역,경기도 시흥시,PQ,1500000000,1487456250,99.16375,동명+건화+제일,98.34,1192000000,100.508,N
20200925738 - 00,20200924,시흥시 하수도정비 기본계획(변경) 및 물 재이용 관리계획 (변경) 수립 용역,경기도 시흥시,PQ,1500000000,1487456250,99.16375,KG+보람,98.32,1181620000,99.6202,N
20200925738 - 00,20200924,시흥시 하수도정비 기본계획(변경) 및 물 재이용 관리계획 (변경) 수립 용역,경기도 시흥시,PQ,1500000000,1487456250,99.16375,도화+이산,98.02,1179500000,99.2031,Y
20200925738 - 00,20200924,시흥시 하수도정비 기본계획(변경) 및 물 재이용 관리계획 (변경) 수립 용역,경기도 시흥시,PQ,1500000000,1487456250,99.16375,건양+동부+KCI,98,1181000000,99.3167,N
20200925738 - 00,20200924,시흥시 하수도정비 기본계획(변경) 및 물 재이용 관리계획 (변경) 수립 용역,경기도 시흥시,PQ,1500000000,1487456250,99.16375,한종+정+평화,98,1198400000,100.78,N
20200925738 - 00,20200924,시흥시 하수도정비 기본계획(변경) 및 물 재이용 관리계획 (변경) 수립 용역,경기도 시흥시,PQ,1500000000,1487456250,99.16375,삼안+한맥+태조,97.9,1178980000,99.0594,N
20200925738 - 00,20200924,시흥시 하수도정비 기본계획(변경) 및 물 재이용 관리계획 (변경) 수립 용역,경기도 시흥시,PQ,1500000000,1487456250,99.16375,선진+유신,97.9,1203660000,101.133,N
20200925738 - 00,20200924,시흥시 하수도정비 기본계획(변경) 및 물 재이용 관리계획 (변경) 수립 용역,경기도 시흥시,PQ,1500000000,1487456250,99.16375,범한+서영,97.8,1214000000,101.9247,N
20200925738 - 00,20200924,시흥시 하수도정비 기본계획(변경) 및 물 재이용 관리계획 (변경) 수립 용역,경기도 시흥시,PQ,1500000000,1487456250,99.16375,화신+용마+국성,96.03,1410000000,116.7049,N
20200925670 - 00,20200924,소흘처리구역 하수관로 정비사업(2단계) 외 2개소 통합건설사업관리용역,경기도 포천시 안전도시국 상하수과,PQ,3914900000,3891811925,99.41025122,KG+건영,99.14,2912710000,101.1496,Y
20200925670 - 00,20200924,소흘처리구역 하수관로 정비사업(2단계) 외 2개소 통합건설사업관리용역,경기도 포천시 안전도시국 상하수과,PQ,3914900000,3891811925,99.41025122,한종+오이디,96.26,3016000000,102.1805,N
20200925670 - 00,20200924,소흘처리구역 하수관로 정비사업(2단계) 외 2개소 통합건설사업관리용역,경기도 포천시 안전도시국 상하수과,PQ,3914900000,3891811925,99.41025122,건화+동명,94.9,3042000000,101.8857,N
20200925670 - 00,20200924,소흘처리구역 하수관로 정비사업(2단계) 외 2개소 통합건설사업관리용역,경기도 포천시 안전도시국 상하수과,PQ,3914900000,3891811925,99.41025122,삼안+범한+수성,94.3,3044800000,101.4739,N
20200925670 - 00,20200924,소흘처리구역 하수관로 정비사업(2단계) 외 2개소 통합건설사업관리용역,경기도 포천시 안전도시국 상하수과,PQ,3914900000,3891811925,99.41025122,도화+선진+제일,94.12,3788000000,126.0451,N
20200925850 - 01,20200924,태릉골프장 택지개발 관련 교통성 검토 용역,서울특별시 노원구,PQ,300000000,298135500,99.3785,도화+한종,99.3,262000000,100.6086,N
20200925850 - 01,20200924,태릉골프장 택지개발 관련 교통성 검토 용역,서울특별시 노원구,PQ,300000000,298135500,99.3785,유신+건화,98.6,259292000,99.5,Y
20200925850 - 01,20200924,태릉골프장 택지개발 관련 교통성 검토 용역,서울특별시 노원구,PQ,300000000,298135500,99.3785,KG+대콘,97.2,262365000,100.5403,N
20200925850 - 01,20200924,태릉골프장 택지개발 관련 교통성 검토 용역,서울특별시 노원구,PQ,300000000,298135500,99.3785,수성+동해,94.9,259754000,99.3114,N
20200926296 - 01,20200924,경상북도농업기술원 이전 시험연구포장 조성사업 기본 및 실시설계용역 ,경상북도,PQ,1035900000,1031383525,99.56400473,도화+건일+해동,97.66,894730000,100.4153,N
20200926296 - 01,20200924,경상북도농업기술원 이전 시험연구포장 조성사업 기본 및 실시설계용역 ,경상북도,PQ,1035900000,1031383525,99.56400473,삼안+세원,97.25,888800000,99.6455,Y
20200926296 - 01,20200924,경상북도농업기술원 이전 시험연구포장 조성사업 기본 및 실시설계용역 ,경상북도,PQ,1035900000,1031383525,99.56400473,경동+보원+평화,96.76,888190000,99.4501,N
20200926296 - 01,20200924,경상북도농업기술원 이전 시험연구포장 조성사업 기본 및 실시설계용역 ,경상북도,PQ,1035900000,1031383525,99.56400473,동명+한도,95.92,897650000,100.2999,N
20200926296 - 01,20200924,경상북도농업기술원 이전 시험연구포장 조성사업 기본 및 실시설계용역 ,경상북도,PQ,1035900000,1031383525,99.56400473,건화+명성(정수+진양),95.33,887300000,98.9945,N
20200926296 - 01,20200924,경상북도농업기술원 이전 시험연구포장 조성사업 기본 및 실시설계용역 ,경상북도,PQ,1035900000,1031383525,99.56400473,유신+반석+이산,94.7,932310000,103.8482,N
제2020-157호,20200924,영동~용산(1-1) 도로건설공사 등 2개소 사후환경영향조사용역 ,대전지방국토관리청,PQ,1360000000,1370417600,100.766,한기+DS,98.18,1142000000,100.2933,N
제2020-157호,20200924,영동~용산(1-1) 도로건설공사 등 2개소 사후환경영향조사용역 ,대전지방국토관리청,PQ,1360000000,1370417600,100.766,선진+한국환경+삼영,98.17,1149900000,100.9871,Y
제2020-157호,20200924,영동~용산(1-1) 도로건설공사 등 2개소 사후환경영향조사용역 ,대전지방국토관리청,PQ,1360000000,1370417600,100.766,동아+휴먼,98.12,1152600000,101.2001,N
제2020-157호,20200924,영동~용산(1-1) 도로건설공사 등 2개소 사후환경영향조사용역 ,대전지방국토관리청,PQ,1360000000,1370417600,100.766,삼안+신일환경,97.47,1136740000,99.4986,N
제2020-157호,20200924,입장~진천 도로건설공사 등 2개소 사후환경영향조사용역 ,대전지방국토관리청,PQ,2000000000,1998735000,99.93675,건화+동해+우신,98.24,1678000000,100.233,Y
제2020-157호,20200924,입장~진천 도로건설공사 등 2개소 사후환경영향조사용역 ,대전지방국토관리청,PQ,2000000000,1998735000,99.93675,다산+엔탑,98.24,1670000000,99.7551,N
제2020-157호,20200924,입장~진천 도로건설공사 등 2개소 사후환경영향조사용역 ,대전지방국토관리청,PQ,2000000000,1998735000,99.93675,이산+대현,98.24,1690690000,100.991,N
제2020-157호,20200924,입장~진천 도로건설공사 등 2개소 사후환경영향조사용역 ,대전지방국토관리청,PQ,2000000000,1998735000,99.93675,신성+건일+중앙방재,98.06,1800000000,107.4306,N
제2020-157호,20200924,입장~진천 도로건설공사 등 2개소 사후환경영향조사용역 ,대전지방국토관리청,PQ,2000000000,1998735000,99.93675,서영+퍼스트+동해,98.04,1671400000,99.7434,N
20200926899 - 01,20200925,인천항 제1항로 남측 및 북항 유지준설공사 건설사업관리용역,인천항만공사,PQ,998360000,1001170450,100.2815067,대영+건화+일진,99.29,860250000,100.4914,Y
20200926899 - 01,20200925,인천항 제1항로 남측 및 북항 유지준설공사 건설사업관리용역,인천항만공사,PQ,998360000,1001170450,100.2815067,세광+대양,98.77,857840000,99.9999,N
20200926899 - 01,20200925,인천항 제1항로 남측 및 북항 유지준설공사 건설사업관리용역,인천항만공사,PQ,998360000,1001170450,100.2815067,혜인+한서,98.57,864600000,100.7059,N
20200926899 - 01,20200925,인천항 제1항로 남측 및 북항 유지준설공사 건설사업관리용역,인천항만공사,PQ,998360000,1001170450,100.2815067,한항+도담,98.44,856295000,99.6806,N
20200926899 - 01,20200925,인천항 제1항로 남측 및 북항 유지준설공사 건설사업관리용역,인천항만공사,PQ,998360000,1001170450,100.2815067,한종+바우,97.79,854440000,99.1995,N
20200926899 - 01,20200925,인천항 제1항로 남측 및 북항 유지준설공사 건설사업관리용역,인천항만공사,PQ,998360000,1001170450,100.2815067,천일+한승,97.46,856240000,99.2819,N
20200926899 - 01,20200925,인천항 제1항로 남측 및 북항 유지준설공사 건설사업관리용역,인천항만공사,PQ,998360000,1001170450,100.2815067,세일,97.37,873445000,101.2417,N
20200926899 - 01,20200925,인천항 제1항로 남측 및 북항 유지준설공사 건설사업관리용역,인천항만공사,PQ,998360000,1001170450,100.2815067,유신+정방,96.27,888580000,102.5332,N
20200926766 - 00,20200925,양산시 바이오가스화시설 증설사업 환경영향평가,한국환경공단,PQ,399333000,400127725,100.1990131,도화+한성+대현,99.96,347320000,100.2536,Y
20200926766 - 00,20200925,양산시 바이오가스화시설 증설사업 환경영향평가,한국환경공단,PQ,399333000,400127725,100.1990131,건화+경화+우신,99.77,346380000,99.9708,N
20200926766 - 00,20200925,양산시 바이오가스화시설 증설사업 환경영향평가,한국환경공단,PQ,399333000,400127725,100.1990131,삼안+다산+화성,99.71,348392000,100.5399,N
20200926766 - 00,20200925,양산시 바이오가스화시설 증설사업 환경영향평가,한국환경공단,PQ,399333000,400127725,100.1990131,예평+서영+대영+마린,99.22,345312000,99.6051,N
20200926766 - 00,20200925,양산시 바이오가스화시설 증설사업 환경영향평가,한국환경공단,PQ,399333000,400127725,100.1990131,동명+혜인+휴먼,99.04,350600000,101.1072,N
20200926766 - 00,20200925,양산시 바이오가스화시설 증설사업 환경영향평가,한국환경공단,PQ,399333000,400127725,100.1990131,이산+한올+퍼스트,98.51,344688000,99.3565,N
20200926766 - 00,20200925,양산시 바이오가스화시설 증설사업 환경영향평가,한국환경공단,PQ,399333000,400127725,100.1990131,동일+조은,98.41,344880000,99.4004,N
20200926766 - 00,20200925,양산시 바이오가스화시설 증설사업 환경영향평가,한국환경공단,PQ,399333000,400127725,100.1990131,동부+평화+수,98.4,349052000,100.6028,N
제2020-186호,20200925,금호강 동변지구 외 4개소 하천환경정비사업 실시설계용역 ,부산지방국토관리청,PQ,1520000000,1525996400,100.3945,도화+건일,98.35,1270300000,99.9012,N
제2020-186호,20200925,금호강 동변지구 외 4개소 하천환경정비사업 실시설계용역 ,부산지방국토관리청,PQ,1520000000,1525996400,100.3945,동부+한맥,98.35,1277914000,100.5,Y
제2020-186호,20200925,금호강 동변지구 외 4개소 하천환경정비사업 실시설계용역 ,부산지방국토관리청,PQ,1520000000,1525996400,100.3945,화신+드림,97.9,1278890000,100.3608,N
제2020-186호,20200925,밀양강 차현지구 하천환경정비사업 실시설계용역 ,부산지방국토관리청,PQ,1463000000,1460461750,99.82650376,건화+KCI+경호(영한+테크피아),98.18,1234500000,100.784,Y
제2020-186호,20200925,밀양강 차현지구 하천환경정비사업 실시설계용역 ,부산지방국토관리청,PQ,1463000000,1460461750,99.82650376,한종+현대기술,98.16,1222400000,99.7842,N
제2020-186호,20200925,밀양강 차현지구 하천환경정비사업 실시설계용역 ,부산지방국토관리청,PQ,1463000000,1460461750,99.82650376,유신+강동+동남,98.14,1222493000,99.7799,N
제2020-186호,20200925,밀양강 차현지구 하천환경정비사업 실시설계용역 ,부산지방국토관리청,PQ,1463000000,1460461750,99.82650376,KG+홍익,97.93,1336000000,108.9403,N
제2020-186호,20200925,밀양강 중도지구 하천환경정비사업 실시설계용역 ,부산지방국토관리청,PQ,1602000000,1607823325,100.3635034,삼안+평화,98.35,1340823000,100.05,N
제2020-186호,20200925,밀양강 중도지구 하천환경정비사업 실시설계용역 ,부산지방국토관리청,PQ,1602000000,1607823325,100.3635034,이산+동명,98.35,1400000000,104.4657,Y
제2020-186호,20200925,반변천 신석지구 하천환경정비사업 실시설계용역 ,부산지방국토관리청,PQ,657000000,660378675,100.514258,KSM+정,98.38,550120000,100.2,N
제2020-186호,20200925,반변천 신석지구 하천환경정비사업 실시설계용역 ,부산지방국토관리청,PQ,657000000,660378675,100.514258,다산,98.18,549296000,99.9662,N
제2020-186호,20200925,반변천 신석지구 하천환경정비사업 실시설계용역 ,부산지방국토관리청,PQ,657000000,660378675,100.514258,한기+용마,97.85,570000000,103.5854,Y
제2020-186호,20200925,밀양나노 국가산단 진입도로 건설공사 사후환경영향조사용역 ,부산지방국토관리청,PQ,628000000,626985800,99.83850318,서영+신일,98.24,527200000,100.3995,N
제2020-186호,20200925,밀양나노 국가산단 진입도로 건설공사 사후환경영향조사용역 ,부산지방국토관리청,PQ,628000000,626985800,99.83850318,천일+건일+소운,98.19,523590000,99.6882,N
제2020-186호,20200925,밀양나노 국가산단 진입도로 건설공사 사후환경영향조사용역 ,부산지방국토관리청,PQ,628000000,626985800,99.83850318,동명+보드플랜,98.17,527860000,100.5012,N
제2020-186호,20200925,밀양나노 국가산단 진입도로 건설공사 사후환경영향조사용역 ,부산지방국토관리청,PQ,628000000,626985800,99.83850318,한맥+대콘,98.15,523720000,99.701,N
제2020-186호,20200925,밀양나노 국가산단 진입도로 건설공사 사후환경영향조사용역 ,부산지방국토관리청,PQ,628000000,626985800,99.83850318,평화+엔탑,98.14,528600000,100.63,N
제2020-186호,20200925,밀양나노 국가산단 진입도로 건설공사 사후환경영향조사용역 ,부산지방국토관리청,PQ,628000000,626985800,99.83850318,다산+대현기술,98.07,526478000,100.1901,Y
제2020-186호,20200925,밀양나노 국가산단 진입도로 건설공사 사후환경영향조사용역 ,부산지방국토관리청,PQ,628000000,626985800,99.83850318,동일+휴먼,97.92,529800000,100.7621,N
제2020-186호,20200925,밀양나노 국가산단 진입도로 건설공사 사후환경영향조사용역 ,부산지방국토관리청,PQ,628000000,626985800,99.83850318,KG+예평,97.85,523710000,99.58,N
제2020-186호,20200925,밀양나노 국가산단 진입도로 건설공사 사후환경영향조사용역 ,부산지방국토관리청,PQ,628000000,626985800,99.83850318,유신+동헤종합,97.58,523788000,99.4761,N
제2020-186호,20200925,밀양나노 국가산단 진입도로 건설공사 사후환경영향조사용역 ,부산지방국토관리청,PQ,628000000,626985800,99.83850318,신성+신명,97.48,522980000,99.2871,N
제2020-186호,20200925,밀양나노 국가산단 진입도로 건설공사 사후환경영향조사용역 ,부산지방국토관리청,PQ,628000000,626985800,99.83850318,한기+홍익+중앙방재,97.48,524700000,99.6137,N
제2020-186호,20200925,밀양나노 국가산단 진입도로 건설공사 사후환경영향조사용역 ,부산지방국토관리청,PQ,628000000,626985800,99.83850318,드림,97.1,540000000,102.3475,N
제2020-186호,20200925,밀양강 중도지구 외 1개지구 하천환경정비사업 환경영향평가용역 ,부산지방국토관리청,PQ,837000000,828142500,98.94175627,도화+퍼스트,98.35,736560000,105.2946,N
제2020-186호,20200925,밀양강 중도지구 외 1개지구 하천환경정비사업 환경영향평가용역 ,부산지방국토관리청,PQ,837000000,828142500,98.94175627,이산+한국환경평가,97.98,700417000,99.9723,Y
제2020-186호,20200925,금호강 동변지구 외 4개소 하천환경정비사업 등 2개사업 소규모환경영향평가용역 ,부산지방국토관리청,PQ,319000000,320748950,100.5482602,경동+동부,97.85,269460000,100.866,Y
제2020-186호,20200925,금호강 동변지구 외 4개소 하천환경정비사업 등 2개사업 소규모환경영향평가용역 ,부산지방국토관리청,PQ,319000000,320748950,100.5482602,동아+건화+우신,97.76,267344000,100.0261,N
제2020-186호,20200925,금호강 동변지구 외 4개소 하천환경정비사업 등 2개사업 소규모환경영향평가용역 ,부산지방국토관리청,PQ,319000000,320748950,100.5482602,수성+동진,97.5,266530000,99.6146,N
제2020-186호,20200925,금호강 동변지구 외 4개소 하천환경정비사업 등 2개사업 소규모환경영향평가용역 ,부산지방국토관리청,PQ,319000000,320748950,100.5482602,삼안+KCI,97.24,271370000,101.3148,N
제2020-186호,20200925,금호강 동변지구 외 4개소 하천환경정비사업 등 2개사업 소규모환경영향평가용역 ,부산지방국토관리청,PQ,319000000,320748950,100.5482602,디에스+화신+동성,96.47,274000000,101.9688,N
20200927643 - 01,20200925,2023순천만국제정원박람회 기본 및 실시설계 용역,전라남도 순천시,PQ,1655326000,1641110925,99.14125224,한종+신명,97.51,1324100000,100.4966,N
20200927643 - 01,20200925,2023순천만국제정원박람회 기본 및 실시설계 용역,전라남도 순천시,PQ,1655326000,1641110925,99.14125224,도화+동아,97.16,1319840000,99.8972,Y
20200927643 - 01,20200925,2023순천만국제정원박람회 기본 및 실시설계 용역,전라남도 순천시,PQ,1655326000,1641110925,99.14125224,유신+한기,97.01,1339945000,101.292,N
20200927643 - 01,20200925,2023순천만국제정원박람회 기본 및 실시설계 용역,전라남도 순천시,PQ,1655326000,1641110925,99.14125224,KG+보람+우영,96.96,1325730000,100.1798,N
20200927643 - 01,20200925,2023순천만국제정원박람회 기본 및 실시설계 용역,전라남도 순천시,PQ,1655326000,1641110925,99.14125224,건화+우빈(오월+영진),96.26,1500000000,112.7142,N
20200927626 - 00,20200925,독산 농어촌마을하수도 정비사업 외 2개소 기본 및 실시설계용역,경상북도 성주군,PQ,3298000000,3252866900,98.63150091,도화+한주+한백+태성+한종,100,2596700000,100.9495,N
20200927626 - 00,20200925,독산 농어촌마을하수도 정비사업 외 2개소 기본 및 실시설계용역,경상북도 성주군,PQ,3298000000,3252866900,98.63150091,건화+명성,97.74,2590890000,98.8853,N
20200927626 - 00,20200925,독산 농어촌마을하수도 정비사업 외 2개소 기본 및 실시설계용역,경상북도 성주군,PQ,3298000000,3252866900,98.63150091,제일+동성+유신,97.74,2593900000,99.0002,N
20200927626 - 00,20200925,독산 농어촌마을하수도 정비사업 외 2개소 기본 및 실시설계용역,경상북도 성주군,PQ,3298000000,3252866900,98.63150091,선진+삼보+서영,97.73,2655270000,101.3297,N
20200927626 - 00,20200925,독산 농어촌마을하수도 정비사업 외 2개소 기본 및 실시설계용역,경상북도 성주군,PQ,3298000000,3252866900,98.63150091,범한+KCI,97.72,2654000000,101.2812,N
20200927626 - 00,20200925,독산 농어촌마을하수도 정비사업 외 2개소 기본 및 실시설계용역,경상북도 성주군,PQ,3298000000,3252866900,98.63150091,이산+세연,97.72,0,0,N
20200927626 - 00,20200925,독산 농어촌마을하수도 정비사업 외 2개소 기본 및 실시설계용역,경상북도 성주군,PQ,3298000000,3252866900,98.63150091,화신+주하,97.71,2588970000,98.7872,Y
20200927626 - 00,20200925,독산 농어촌마을하수도 정비사업 외 2개소 기본 및 실시설계용역,경상북도 성주군,PQ,3298000000,3252866900,98.63150091,동명+한도,97.71,2594200000,98.9867,N
20200927626 - 00,20200925,독산 농어촌마을하수도 정비사업 외 2개소 기본 및 실시설계용역,경상북도 성주군,PQ,3298000000,3252866900,98.63150091,삼안+청우+보람,97.71,2582250000,98.5307,N
20200927626 - 00,20200925,독산 농어촌마을하수도 정비사업 외 2개소 기본 및 실시설계용역,경상북도 성주군,PQ,3298000000,3252866900,98.63150091,동일+동진,92.85,2805000000,102.9991,N
대전지방국토관리청 공고 제2020 - 160호,20200925,미호천 구곡지구 하천정비사업 실시설계용역 ,대전지방국토관리청,PQ,869000000,865734775,99.62425489,다산+한맥,98.4,740300000,101.9566,N
대전지방국토관리청 공고 제2020 - 160호,20200925,미호천 구곡지구 하천정비사업 실시설계용역 ,대전지방국토관리청,PQ,869000000,865734775,99.62425489,동성,98.3,726630000,100.0261,Y
대전지방국토관리청 공고 제2020 - 160호,20200925,미호천 인산지구  하천정비사업 실시설계용역 ,대전지방국토관리청,PQ,1253000000,1253620275,100.0495032,유신+KSM+동남,99,1127700000,107.9201,Y
대전지방국토관리청 공고 제2020 - 160호,20200925,미호천 인산지구  하천정비사업 실시설계용역 ,대전지방국토관리청,PQ,1253000000,1253620275,100.0495032,건화+경호+KCI(태광+제온),98.2,1047468000,99.8588,N
대전지방국토관리청 공고 제2020 - 160호,20200925,미호천 미잠지구 하천정비사업 실시설계용역 ,대전지방국토관리청,PQ,1358000000,1350887525,99.47625368,도화+수성,99.14,1195000000,105.5817,N
대전지방국토관리청 공고 제2020 - 160호,20200925,미호천 미잠지구 하천정비사업 실시설계용역 ,대전지방국토관리청,PQ,1358000000,1350887525,99.47625368,KG+홍익,98.25,1134769000,99.8408,Y
대전지방국토관리청 공고 제2020 - 160호,20200925,곡교천 배방지구 하천환경정비사업 실시설계용역 ,대전지방국토관리청,SOQ,1879000000,1885088025,100.3240035,한종+건일+동해,97.67,1609000000,102.0324,Y
대전지방국토관리청 공고 제2020 - 160호,20200925,곡교천 배방지구 하천환경정비사업 실시설계용역 ,대전지방국토관리청,SOQ,1879000000,1885088025,100.3240035,삼안+드림,94.96,1587985000,99.4086,N
대전지방국토관리청 공고 제2020 - 160호,20200925,곡교천 풍세지구 하천정비사업 실시설계용역 ,대전지방국토관리청,PQ,1269000000,1272841925,100.3027522,화신+동명,98.35,1064661000,100.29,N
대전지방국토관리청 공고 제2020 - 160호,20200925,곡교천 풍세지구 하천정비사업 실시설계용역 ,대전지방국토관리청,PQ,1269000000,1272841925,100.3027522,평화+장맥,98.3,1094000000,103.0291,Y
대전지방국토관리청 공고 제2020 - 160호,20200925,곡교천 풍세지구 하천정비사업 실시설계용역 ,대전지방국토관리청,PQ,1269000000,1272841925,100.3027522,동부+동아,98.23,1060016000,99.7928,N
대전지방국토관리청 공고 제2020 - 160호,20200925,곡교천 소정지구 하천정비사업 실시설계용역 ,대전지방국토관리청,PQ,887000000,889774125,100.3127537,극동+한기,98.45,765000000,103.2451,Y
대전지방국토관리청 공고 제2020 - 160호,20200925,곡교천 소정지구 하천정비사업 실시설계용역 ,대전지방국토관리청,PQ,887000000,889774125,100.3127537,정+기산,87.01,792000000,101.993,N
대전지방국토관리청 공고 제2020 - 160호,20200925,금강 송호지구 등 하천정비사업 실시설계용역 ,대전지방국토관리청,SOQ,1846000000,1849530500,100.1912514,이산+경동,98.83,1600000000,103.8446,Y
대전지방국토관리청 공고 제2020 - 160호,20200925,금강 송호지구 등 하천정비사업 실시설계용역 ,대전지방국토관리청,SOQ,1846000000,1849530500,100.1912514,강동+용마,95.17,1680000000,107.1623,N
20200929042 - 00,20200928,봉화군 자연재해저감종합계획 재수립 및 재해지도작성 용역,경상북도 봉화군,PQ,1500000000,1527675000,101.845,도화+한도+현대기술,99.16,1184300000,100.5327,N
20200929042 - 00,20200928,봉화군 자연재해저감종합계획 재수립 및 재해지도작성 용역,경상북도 봉화군,PQ,1500000000,1527675000,101.845,삼안+다산+강산+한맥,98.66,1179244000,99.6973,N
20200929042 - 00,20200928,봉화군 자연재해저감종합계획 재수립 및 재해지도작성 용역,경상북도 봉화군,PQ,1500000000,1527675000,101.845,한종+청명+해인,98.63,1191400000,100.6994,N
20200929042 - 00,20200928,봉화군 자연재해저감종합계획 재수립 및 재해지도작성 용역,경상북도 봉화군,PQ,1500000000,1527675000,101.845,건화+KCI+동서+보원,98.58,1184600000,100.0866,N
20200929042 - 00,20200928,봉화군 자연재해저감종합계획 재수립 및 재해지도작성 용역,경상북도 봉화군,PQ,1500000000,1527675000,101.845,동부+동성+건일,98.49,1177968000,99.4506,N
20200929042 - 00,20200928,봉화군 자연재해저감종합계획 재수립 및 재해지도작성 용역,경상북도 봉화군,PQ,1500000000,1527675000,101.845,평화+동진+경동+성원,98.45,1196600000,100.9853,N
20200929042 - 00,20200928,봉화군 자연재해저감종합계획 재수립 및 재해지도작성 용역,경상북도 봉화군,PQ,1500000000,1527675000,101.845,동명+금일+하존,98.39,1173570000,98.9916,N
20200929042 - 00,20200928,봉화군 자연재해저감종합계획 재수립 및 재해지도작성 용역,경상북도 봉화군,PQ,1500000000,1527675000,101.845,KG+강동,98.36,1172400000,98.8804,N
20200929042 - 00,20200928,봉화군 자연재해저감종합계획 재수립 및 재해지도작성 용역,경상북도 봉화군,PQ,1500000000,1527675000,101.845,이산+삼보+한백,98.33,1172300000,98.8469,N
20200929042 - 00,20200928,봉화군 자연재해저감종합계획 재수립 및 재해지도작성 용역,경상북도 봉화군,PQ,1500000000,1527675000,101.845,화신+보람,98.19,1171440000,98.6621,N
20200929042 - 00,20200928,봉화군 자연재해저감종합계획 재수립 및 재해지도작성 용역,경상북도 봉화군,PQ,1500000000,1527675000,101.845,유신+주하,98.03,1174113000,98.75,N
20200929042 - 00,20200928,봉화군 자연재해저감종합계획 재수립 및 재해지도작성 용역,경상북도 봉화군,PQ,1500000000,1527675000,101.845,경호+해동+극동+강호,97.49,1400000000,117.2456,Y
20200928255 - 00,20200928,파주시 환경순환센터 현대화사업기본계획 및 입찰안내서 작성,한국환경공단,PQ,866490000,867560150,100.123504,한종+동일+동부+평화,98.52,748200000,100.6098,Y
20200928255 - 00,20200928,파주시 환경순환센터 현대화사업기본계획 및 입찰안내서 작성,한국환경공단,PQ,866490000,867560150,100.123504,건화+세원,98.36,743095000,99.8768,N
20200928255 - 00,20200928,파주시 환경순환센터 현대화사업기본계획 및 입찰안내서 작성,한국환경공단,PQ,866490000,867560150,100.123504,도화+경호,97.36,741500000,99.4077,N
20200928255 - 00,20200928,파주시 환경순환센터 현대화사업기본계획 및 입찰안내서 작성,한국환경공단,PQ,866490000,867560150,100.123504,삼안+수성,96.87,778140000,104.1987,N
20200929463 - 00,20200928,음성 인곡산업단지 폐수처리시설 기본 및 실시설계 용역,충북개발공사,SOQ,1801100000,1789897200,99.37800233,동명+홍익+진우,96.8,1460500000,101.3047,N
20200929463 - 00,20200928,음성 인곡산업단지 폐수처리시설 기본 및 실시설계 용역,충북개발공사,SOQ,1801100000,1789897200,99.37800233,한종+청우+창민,96.46,1442228000,99.7631,Y
20200929463 - 00,20200928,음성 인곡산업단지 폐수처리시설 기본 및 실시설계 용역,충북개발공사,SOQ,1801100000,1789897200,99.37800233,도화+동림+영진,96.06,1440270000,99.306,N
20200929463 - 00,20200928,음성 인곡산업단지 폐수처리시설 기본 및 실시설계 용역,충북개발공사,SOQ,1801100000,1789897200,99.37800233,건화+대원,93.02,1506000000,101.3952,N
20200929463 - 00,20200928,음성 인곡산업단지 폐수처리시설 기본 및 실시설계 용역,충북개발공사,SOQ,1801100000,1789897200,99.37800233,삼안+선,92.94,1522400000,102.4373,N
20200929463 - 00,20200928,음성 인곡산업단지 폐수처리시설 기본 및 실시설계 용역,충북개발공사,SOQ,1801100000,1789897200,99.37800233,이산+건양,90.46,1560560000,103.0198,N
B5202003287,20200928,청주정수장 고도정수처리시설 기본 및 실시설계 용역,한국수자원공사,종심제,3045000000,3032801860,99.59940427,도화+동해+삼안+KG,99,2490000000,81.7734,Y
B5202003287,20200928,청주정수장 고도정수처리시설 기본 및 실시설계 용역,한국수자원공사,종심제,3045000000,3032801860,99.59940427,HEC+건화+한종(서윤),98,2513000000,82.5287,N
B5202003289,20200928,사천정수장 고도정수처리시설 설치사업 기본 및 실시설계 용역,한국수자원공사,종심제,2989000000,2943813185,98.48822968,건화+HEC+선진+대콘(서진),99,2420000000,80.9635,Y
B5202003289,20200928,사천정수장 고도정수처리시설 설치사업 기본 및 실시설계 용역,한국수자원공사,종심제,2989000000,2943813185,98.48822968,삼안+도화+동해+KG,98,2439000000,81.5992,N
서울지방국토관리청 공고 제2020-105호,20200928,동두천국가산업단지 진입도로 건설공사 건설사업관리용역 ,서울지방국토관리청,PQ,2061000000,2072541625,100.5600012,KG,100,1718220000,100.4497,N
서울지방국토관리청 공고 제2020-105호,20200928,동두천국가산업단지 진입도로 건설공사 건설사업관리용역 ,서울지방국토관리청,PQ,2061000000,2072541625,100.5600012,서영,99.77,1719900000,100.439,N
서울지방국토관리청 공고 제2020-105호,20200928,동두천국가산업단지 진입도로 건설공사 건설사업관리용역 ,서울지방국토관리청,PQ,2061000000,2072541625,100.5600012,한맥,99.64,1709164000,99.7401,N
서울지방국토관리청 공고 제2020-105호,20200928,동두천국가산업단지 진입도로 건설공사 건설사업관리용역 ,서울지방국토관리청,PQ,2061000000,2072541625,100.5600012,평화,99.63,1709300000,99.748,N
서울지방국토관리청 공고 제2020-105호,20200928,동두천국가산업단지 진입도로 건설공사 건설사업관리용역 ,서울지방국토관리청,PQ,2061000000,2072541625,100.5600012,용마,99.6,1727700000,100.8096,Y
서울지방국토관리청 공고 제2020-105호,20200928,동두천국가산업단지 진입도로 건설공사 건설사업관리용역 ,서울지방국토관리청,PQ,2061000000,2072541625,100.5600012,대콘,99.5,1709865000,99.721,N
서울지방국토관리청 공고 제2020-105호,20200928,동두천국가산업단지 진입도로 건설공사 건설사업관리용역 ,서울지방국토관리청,PQ,2061000000,2072541625,100.5600012,도화,99.4,1710000000,99.6809,N
서울지방국토관리청 공고 제2020-105호,20200928,동두천국가산업단지 진입도로 건설공사 건설사업관리용역 ,서울지방국토관리청,PQ,2061000000,2072541625,100.5600012,동부,99.3,1706001000,99.4001,N
서울지방국토관리청 공고 제2020-105호,20200928,동두천국가산업단지 진입도로 건설공사 건설사업관리용역 ,서울지방국토관리청,PQ,2061000000,2072541625,100.5600012,동일,99.05,1752000000,101.9578,N
서울지방국토관리청 공고 제2020-105호,20200928,동두천국가산업단지 진입도로 건설공사 건설사업관리용역 ,서울지방국토관리청,PQ,2061000000,2072541625,100.5600012,동성,98.8,1705790000,99.1496,N
서울지방국토관리청 공고 제2020-105호,20200928,국도3호선 연천-신탄리2 도로건설공사 사후환경영향조사 ,서울지방국토관리청,PQ,788000000,788731125,100.0927824,평화+선진+보드,98.83,660200000,100.4517,Y
서울지방국토관리청 공고 제2020-105호,20200928,국도3호선 연천-신탄리2 도로건설공사 사후환경영향조사 ,서울지방국토관리청,PQ,788000000,788731125,100.0927824,수성+엔탑,98.63,657744000,99.9941,N
서울지방국토관리청 공고 제2020-105호,20200928,국도3호선 연천-신탄리2 도로건설공사 사후환경영향조사 ,서울지방국토관리청,PQ,788000000,788731125,100.0927824,서영+퍼스트,98.06,660920000,100.2367,N
서울지방국토관리청 공고 제2020-105호,20200928,국도3호선 연천-신탄리2 도로건설공사 사후환경영향조사 ,서울지방국토관리청,PQ,788000000,788731125,100.0927824,동명+예평,98,657500000,99.6942,N
서울지방국토관리청 공고 제2020-105호,20200928,국도3호선 연천-신탄리2 도로건설공사 사후환경영향조사 ,서울지방국토관리청,PQ,788000000,788731125,100.0927824,다산+휴먼,97.91,656975000,99.5789,N
서울지방국토관리청 공고 제2020-105호,20200928,국도3호선 연천-신탄리2 도로건설공사 사후환경영향조사 ,서울지방국토관리청,PQ,788000000,788731125,100.0927824,유신+동해,97.8,656873000,99.5159,N
서울지방국토관리청 공고 제2020-105호,20200928,국도3호선 연천-신탄리2 도로건설공사 사후환경영향조사 ,서울지방국토관리청,PQ,788000000,788731125,100.0927824,신성+중앙,97.79,665780000,100.8533,N
서울지방국토관리청 공고 제2020-105호,20200928,국도3호선 연천-신탄리2 도로건설공사 사후환경영향조사 ,서울지방국토관리청,PQ,788000000,788731125,100.0927824,대콘+경호,97.6,0,0,N
서울지방국토관리청 공고 제2020-105호,20200928,국도3호선 연천-신탄리2 도로건설공사 사후환경영향조사 ,서울지방국토관리청,PQ,788000000,788731125,100.0927824,동아+KCI,97.6,657400000,99.5126,N
서울지방국토관리청 공고 제2020-105호,20200928,국도3호선 연천-신탄리2 도로건설공사 사후환경영향조사 ,서울지방국토관리청,PQ,788000000,788731125,100.0927824,건일+신명,97.37,671600000,101.5652,N
서울지방국토관리청 공고 제2020-108호 ,20200928,성남-장호원(6-1) 도로건설공사 사후환경영향조사 ,서울지방국토관리청,PQ,878000000,886663725,100.9867568,이산+대현,98.22,737880000,100.4975,N
서울지방국토관리청 공고 제2020-108호 ,20200928,성남-장호원(6-1) 도로건설공사 사후환경영향조사 ,서울지방국토관리청,PQ,878000000,886663725,100.9867568,건화+삼영+우신,98.14,735500000,100.1494,N
서울지방국토관리청 공고 제2020-108호 ,20200928,성남-장호원(6-1) 도로건설공사 사후환경영향조사 ,서울지방국토관리청,PQ,878000000,886663725,100.9867568,도화+신일,98.13,731420000,99.5819,N
서울지방국토관리청 공고 제2020-108호 ,20200928,성남-장호원(6-1) 도로건설공사 사후환경영향조사 ,서울지방국토관리청,PQ,878000000,886663725,100.9867568,동성+화신+DS,98.04,733650000,99.8497,N
서울지방국토관리청 공고 제2020-108호 ,20200928,성남-장호원(6-1) 도로건설공사 사후환경영향조사 ,서울지방국토관리청,PQ,878000000,886663725,100.9867568,홍익+천일+소운,97.93,741000000,100.8019,N
서울지방국토관리청 공고 제2020-108호 ,20200928,성남-장호원(6-1) 도로건설공사 사후환경영향조사 ,서울지방국토관리청,PQ,878000000,886663725,100.9867568,한기+한국환경평가,97.84,733000000,99.6779,N
서울지방국토관리청 공고 제2020-108호 ,20200928,성남-장호원(6-1) 도로건설공사 사후환경영향조사 ,서울지방국토관리청,PQ,878000000,886663725,100.9867568,한맥+삼안,97.72,744855000,101.2416,N
서울지방국토관리청 공고 제2020-108호 ,20200928,성남-장호원(6-1) 도로건설공사 사후환경영향조사 ,서울지방국토관리청,PQ,878000000,886663725,100.9867568,동일+동진,97.47,743800000,100.9898,Y
서울지방국토관리청 공고 제2020-108호 ,20200928,성남-장호원(6-1) 도로건설공사 사후환경영향조사 ,서울지방국토관리청,PQ,878000000,886663725,100.9867568,동부,97.32,745800000,101.201,N
B5202003298,20200929,평림정수장 고도정수처리시설 설치사업 기본 및 실시설계 용역,한국수자원공사,PQ,1163400000,1164280913,100.0757188,건화+평화(에프엠+서진),100,845717000,99.5871,N
B5202003298,20200929,평림정수장 고도정수처리시설 설치사업 기본 및 실시설계 용역,한국수자원공사,PQ,1163400000,1164280913,100.0757188,삼안+청우건축,100,849402000,100.021,N
B5202003298,20200929,평림정수장 고도정수처리시설 설치사업 기본 및 실시설계 용역,한국수자원공사,PQ,1163400000,1164280913,100.0757188,한종+HEC,100,853003000,100.445,Y
B5202003298,20200929,평림정수장 고도정수처리시설 설치사업 기본 및 실시설계 용역,한국수자원공사,PQ,1163400000,1164280913,100.0757188,유신+도화+동해,100,1036200000,122.0173,N
20200929051 - 00,20200928,청주 하수처리장 하수처리수 재이용 민간투자사업(BTO)건설사업관리 용역,충청북도 청주시 환경관리본부,PQ,2344619000,2350093725,100.2335017,건화+건양,100,1833600000,100.2687,Y
20200929051 - 00,20200928,청주 하수처리장 하수처리수 재이용 민간투자사업(BTO)건설사업관리 용역,충청북도 청주시 환경관리본부,PQ,2344619000,2350093725,100.2335017,경동+동림,100,1840000000,100.6187,N
20200929051 - 00,20200928,청주 하수처리장 하수처리수 재이용 민간투자사업(BTO)건설사업관리 용역,충청북도 청주시 환경관리본부,PQ,2344619000,2350093725,100.2335017,경호+해림,100,1813680000,99.1794,N
20200929051 - 00,20200928,청주 하수처리장 하수처리수 재이용 민간투자사업(BTO)건설사업관리 용역,충청북도 청주시 환경관리본부,PQ,2344619000,2350093725,100.2335017,도화+홍익,100,1817400000,99.3829,N
20200929051 - 00,20200928,청주 하수처리장 하수처리수 재이용 민간투자사업(BTO)건설사업관리 용역,충청북도 청주시 환경관리본부,PQ,2344619000,2350093725,100.2335017,동명+대원,100,1846060000,100.9501,N
20200929051 - 00,20200928,청주 하수처리장 하수처리수 재이용 민간투자사업(BTO)건설사업관리 용역,충청북도 청주시 환경관리본부,PQ,2344619000,2350093725,100.2335017,삼안+신성건축,100,1836780000,100.4426,N
20200929051 - 00,20200928,청주 하수처리장 하수처리수 재이용 민간투자사업(BTO)건설사업관리 용역,충청북도 청주시 환경관리본부,PQ,2344619000,2350093725,100.2335017,선진+수일,100,1827460000,99.933,N
20200929051 - 00,20200928,청주 하수처리장 하수처리수 재이용 민간투자사업(BTO)건설사업관리 용역,충청북도 청주시 환경관리본부,PQ,2344619000,2350093725,100.2335017,한종+영진,100,1824200000,99.7547,N
20200929051 - 00,20200928,청주 하수처리장 하수처리수 재이용 민간투자사업(BTO)건설사업관리 용역,충청북도 청주시 환경관리본부,PQ,2344619000,2350093725,100.2335017,KG+청우건축,100,1833799000,100.2796,N
20200929051 - 00,20200928,청주 하수처리장 하수처리수 재이용 민간투자사업(BTO)건설사업관리 용역,충청북도 청주시 환경관리본부,PQ,2344619000,2350093725,100.2335017,제일+도명,99.49,1859000000,101.2294,N
20200929051 - 00,20200928,청주 하수처리장 하수처리수 재이용 민간투자사업(BTO)건설사업관리 용역,충청북도 청주시 환경관리본부,PQ,2344619000,2350093725,100.2335017,범한+도우,99.32,1860000000,101.1418,N
E022000409-1,20200928,김포열병합발전사업 사후환경영향조사 용역,한국서부발전(주) 김포건설본부,PQ,1324213000,1322883775,99.89962151,유신+레오,98.85,1066650000,100.6935,Y
E022000409-1,20200928,김포열병합발전사업 사후환경영향조사 용역,한국서부발전(주) 김포건설본부,PQ,1324213000,1322883775,99.89962151,동일+신일환경,98.52,1062000000,99.8799,N
E022000409-1,20200928,김포열병합발전사업 사후환경영향조사 용역,한국서부발전(주) 김포건설본부,PQ,1324213000,1322883775,99.89962151,건화+다원,98.48,1073800000,100.9394,N
E022000409-1,20200928,김포열병합발전사업 사후환경영향조사 용역,한국서부발전(주) 김포건설본부,PQ,1324213000,1322883775,99.89962151,도화,97.95,1191700000,111.6193,N
