PQ공고 NO.,공고일자,사업명,발주처,입찰구분,기초금액,예정금액,예가,업체명,PQ점수,투찰금액,추정예가,낙찰여부
20200701164 - 00,20200701,2025년 거제 도시관리계획(재정비) 수립 용역,경상남도 거제시,PQ,1428000000,1426936200,99.9255042,동명+이솔+범한+금성,98.76,1134400000,100.8183,Y
20200701164 - 00,20200701,2025년 거제 도시관리계획(재정비) 수립 용역,경상남도 거제시,PQ,1428000000,1426936200,99.9255042,한종+경화,97.91,1127400000,99.5142,N
20200701164 - 00,20200701,2025년 거제 도시관리계획(재정비) 수립 용역,경상남도 거제시,PQ,1428000000,1426936200,99.9255042,도화+한성,97.75,1126800000,99.336,N
20200701164 - 00,20200701,2025년 거제 도시관리계획(재정비) 수립 용역,경상남도 거제시,PQ,1428000000,1426936200,99.9255042,삼안+천진+한맥,97.67,1156980000,101.9196,N
20200701164 - 00,20200701,2025년 거제 도시관리계획(재정비) 수립 용역,경상남도 거제시,PQ,1428000000,1426936200,99.9255042,KG+수성,97.62,1132440000,99.7202,N
20200701164 - 00,20200701,2025년 거제 도시관리계획(재정비) 수립 용역,경상남도 거제시,PQ,1428000000,1426936200,99.9255042,경호+하우+한도,97.5,1124120000,98.9005,N
20200701164 - 00,20200701,2025년 거제 도시관리계획(재정비) 수립 용역,경상남도 거제시,PQ,1428000000,1426936200,99.9255042,화신+신화,93.94,1190580000,101.8308,N
20200701164 - 00,20200701,2025년 거제 도시관리계획(재정비) 수립 용역,경상남도 거제시,PQ,1428000000,1426936200,99.9255042,건화+한올,93.25,1338000000,113.828,N
20200710097 - 00,20200709,다산신도시 경의중앙선 철도복개 기본 및 실시설계 용역,경기주택도시공사,PQ,988031000,983453975,99.5367529,경동+신성+동성,100,847590000,100.3401,N
20200710097 - 00,20200709,다산신도시 경의중앙선 철도복개 기본 및 실시설계 용역,경기주택도시공사,PQ,988031000,983453975,99.5367529,건화+유신,99.85,844180000,99.8897,Y
20200710097 - 00,20200709,다산신도시 경의중앙선 철도복개 기본 및 실시설계 용역,경기주택도시공사,PQ,988031000,983453975,99.5367529,서영+동명,99.28,853070000,100.8002,N
20200710097 - 00,20200709,다산신도시 경의중앙선 철도복개 기본 및 실시설계 용역,경기주택도시공사,PQ,988031000,983453975,99.5367529,수성+선진+천일,98.55,855250000,100.8694,N
20200710097 - 00,20200709,다산신도시 경의중앙선 철도복개 기본 및 실시설계 용역,경기주택도시공사,PQ,988031000,983453975,99.5367529,동부+한종,98.5,839916000,99.0493,N
20200710097 - 00,20200709,다산신도시 경의중앙선 철도복개 기본 및 실시설계 용역,경기주택도시공사,PQ,988031000,983453975,99.5367529,KG+도화+한맥,98.45,841560000,99.2201,N
20200710097 - 00,20200709,다산신도시 경의중앙선 철도복개 기본 및 실시설계 용역,경기주택도시공사,PQ,988031000,983453975,99.5367529,제일+이산,96.55,860749000,101.0001,N
20200710097 - 00,20200709,다산신도시 경의중앙선 철도복개 기본 및 실시설계 용역,경기주택도시공사,PQ,988031000,983453975,99.5367529,경호+삼안,96.35,885000000,103.7855,N
2020-00697,20200701,서울외곽선 고덕강일지구 방음시설 설치공사 실시설계용역,한국도로공사,PQ,1055000000,1041348300,98.706,대콘+동부,100,849099000,99.9855,N
2020-00697,20200701,서울외곽선 고덕강일지구 방음시설 설치공사 실시설계용역,한국도로공사,PQ,1055000000,1041348300,98.706,한종+KCI,100,848320000,99.8938,N
2020-00697,20200701,서울외곽선 고덕강일지구 방음시설 설치공사 실시설계용역,한국도로공사,PQ,1055000000,1041348300,98.706,홍익+천일+하이콘,100,847100000,99.7501,N
2020-00697,20200701,서울외곽선 고덕강일지구 방음시설 설치공사 실시설계용역,한국도로공사,PQ,1055000000,1041348300,98.706,다산+경원,99.9,844017000,99.35,N
2020-00697,20200701,서울외곽선 고덕강일지구 방음시설 설치공사 실시설계용역,한국도로공사,PQ,1055000000,1041348300,98.706,도화+용마,99.88,849550000,100.0013,N
2020-00697,20200701,서울외곽선 고덕강일지구 방음시설 설치공사 실시설계용역,한국도로공사,PQ,1055000000,1041348300,98.706,한맥+동해,99.86,854370000,100.5562,N
2020-00697,20200701,서울외곽선 고덕강일지구 방음시설 설치공사 실시설계용역,한국도로공사,PQ,1055000000,1041348300,98.706,제일+서영,99.7,845790000,99.497,N
2020-00697,20200701,서울외곽선 고덕강일지구 방음시설 설치공사 실시설계용역,한국도로공사,PQ,1055000000,1041348300,98.706,유신+수성,99.67,857938000,100.926,N
2020-00697,20200701,서울외곽선 고덕강일지구 방음시설 설치공사 실시설계용역,한국도로공사,PQ,1055000000,1041348300,98.706,평화+동일,99.63,858200000,100.9443,N
2020-00697,20200701,서울외곽선 고덕강일지구 방음시설 설치공사 실시설계용역,한국도로공사,PQ,1055000000,1041348300,98.706,경동+건화,99.21,844600000,99.2092,N
2020-00697,20200701,서울외곽선 고덕강일지구 방음시설 설치공사 실시설계용역,한국도로공사,PQ,1055000000,1041348300,98.706,이산+선진+동서,99.16,843720000,99.0936,Y
2020-00697,20200701,서울외곽선 고덕강일지구 방음시설 설치공사 실시설계용역,한국도로공사,PQ,1055000000,1041348300,98.706,KG+보람,99.09,859484000,100.92,N
2020-00697,20200701,서울외곽선 고덕강일지구 방음시설 설치공사 실시설계용역,한국도로공사,PQ,1055000000,1041348300,98.706,삼안,98.71,863500000,101.2787,N
2020-00697,20200701,서울외곽선 고덕강일지구 방음시설 설치공사 실시설계용역,한국도로공사,PQ,1055000000,1041348300,98.706,신성+화신,98.52,863350000,101.1984,N
2020-00697,20200701,서울외곽선 고덕강일지구 방음시설 설치공사 실시설계용역,한국도로공사,PQ,1055000000,1041348300,98.706,한기+경호,98.15,847700000,99.2535,N
20200701127 - 01,20200701,잠실대교 남단IC 연결체계 개선공사 감독권한대행 등 건설사업관리용역,서울특별시 도시기반시설본부,PQ,4760140000,4770802750,100.2240008,동해+삼안+수성,100,3505380000,100.884,Y
20200701127 - 01,20200701,잠실대교 남단IC 연결체계 개선공사 감독권한대행 등 건설사업관리용역,서울특별시 도시기반시설본부,PQ,4760140000,4770802750,100.2240008,한맥+천일,99.67,3476424000,99.75,N
20200701127 - 01,20200701,잠실대교 남단IC 연결체계 개선공사 감독권한대행 등 건설사업관리용역,서울특별시 도시기반시설본부,PQ,4760140000,4770802750,100.2240008,유신+경동+동명+일신,99.2,3545259000,101.31,N
20200701127 - 01,20200701,잠실대교 남단IC 연결체계 개선공사 감독권한대행 등 건설사업관리용역,서울특별시 도시기반시설본부,PQ,4760140000,4770802750,100.2240008,제일+서영+동성+KG+오이디,99.15,3475990000,99.29,N
20200701127 - 01,20200701,잠실대교 남단IC 연결체계 개선공사 감독권한대행 등 건설사업관리용역,서울특별시 도시기반시설본부,PQ,4760140000,4770802750,100.2240008,건화+진우+다산,99.03,3467200000,98.9313,N
20200701127 - 01,20200701,잠실대교 남단IC 연결체계 개선공사 감독권한대행 등 건설사업관리용역,서울특별시 도시기반시설본부,PQ,4760140000,4770802750,100.2240008,대콘+이산+삼보+KRTC+KJ,98.97,3548550000,101.2113,N
20200701127 - 01,20200701,잠실대교 남단IC 연결체계 개선공사 감독권한대행 등 건설사업관리용역,서울특별시 도시기반시설본부,PQ,4760140000,4770802750,100.2240008,동일+도화+동부,98.73,3470990000,98.7845,N
20200701127 - 01,20200701,잠실대교 남단IC 연결체계 개선공사 감독권한대행 등 건설사업관리용역,서울특별시 도시기반시설본부,PQ,4760140000,4770802750,100.2240008,한종+신성+태조,98.63,3572100000,101.5796,N
20200701127 - 01,20200701,잠실대교 남단IC 연결체계 개선공사 감독권한대행 등 건설사업관리용역,서울특별시 도시기반시설본부,PQ,4760140000,4770802750,100.2240008,신명+선진+삼우,98.34,3585500000,101.6991,N
20200701127 - 01,20200701,잠실대교 남단IC 연결체계 개선공사 감독권한대행 등 건설사업관리용역,서울특별시 도시기반시설본부,PQ,4760140000,4770802750,100.2240008,KCM+신승+다음+하이콘,98.2,3611000000,102.298,N
20200701127 - 01,20200701,잠실대교 남단IC 연결체계 개선공사 감독권한대행 등 건설사업관리용역,서울특별시 도시기반시설본부,PQ,4760140000,4770802750,100.2240008,용마+건양+극동,97.68,4000000000,112.8162,N
20200700974 - 01,20200701,2019년 충남권역 어촌뉴딜300사업(가경주항 등 4구역) 시설공사 감독권한대행 등 통합 건설사업관리용역,한국어촌어항공단,PQ,1595000000,1608613375,100.8535031,세일+건화(한미글로벌),100,1258326000,101.15,Y
20200700974 - 01,20200701,2019년 충남권역 어촌뉴딜300사업(가경주항 등 4구역) 시설공사 감독권한대행 등 통합 건설사업관리용역,한국어촌어항공단,PQ,1595000000,1608613375,100.8535031,천일+양지,99.59,1246173500,99.8275,N
20200700974 - 01,20200701,2019년 충남권역 어촌뉴딜300사업(가경주항 등 4구역) 시설공사 감독권한대행 등 통합 건설사업관리용역,한국어촌어항공단,PQ,1595000000,1608613375,100.8535031,서영+우주,99.48,1274430000,101.9998,N
20200700974 - 01,20200701,2019년 충남권역 어촌뉴딜300사업(가경주항 등 4구역) 시설공사 감독권한대행 등 통합 건설사업관리용역,한국어촌어항공단,PQ,1595000000,1608613375,100.8535031,한종+수성E,99.46,1240900000,99.3036,N
20200700986 - 00,20200701,2019년 전남권역 어촌뉴딜300사업(가학항 등 5구역) 시설공사 감독권한대행 등 통합 건설사업관리용역,한국어촌어항공단,PQ,1481300000,1470101400,99.24400189,한항+평화,99.78,1167485000,100.8572,N
20200700986 - 00,20200701,2019년 전남권역 어촌뉴딜300사업(가학항 등 5구역) 시설공사 감독권한대행 등 통합 건설사업관리용역,한국어촌어항공단,PQ,1481300000,1470101400,99.24400189,세일+신명,99.58,1154586000,99.59,Y
20200700986 - 00,20200701,2019년 전남권역 어촌뉴딜300사업(가학항 등 5구역) 시설공사 감독권한대행 등 통합 건설사업관리용역,한국어촌어항공단,PQ,1481300000,1470101400,99.24400189,유신+에쓰이+동아,99.56,1156850000,99.7598,N
20200700986 - 00,20200701,2019년 전남권역 어촌뉴딜300사업(가학항 등 5구역) 시설공사 감독권한대행 등 통합 건설사업관리용역,한국어촌어항공단,PQ,1481300000,1470101400,99.24400189,혜인+건화+우빈,99.39,1178600000,101.4928,N
20200700580 - 01,20200701,홍성역세권 도시개발사업 감독권한 대행 등 건설사업관리용역,충청남도 홍성군,PQ,1751849000,1750635900,99.93075316,한종+천마+우리기술,99.98,1372200000,100.4021,Y
20200700580 - 01,20200701,홍성역세권 도시개발사업 감독권한 대행 등 건설사업관리용역,충청남도 홍성군,PQ,1751849000,1750635900,99.93075316,유신+기산,99.9,1365776000,99.868,N
20200700580 - 01,20200701,홍성역세권 도시개발사업 감독권한 대행 등 건설사업관리용역,충청남도 홍성군,PQ,1751849000,1750635900,99.93075316,도화+송현+예당,99.75,1362800000,99.5357,N
20200700580 - 01,20200701,홍성역세권 도시개발사업 감독권한 대행 등 건설사업관리용역,충청남도 홍성군,PQ,1751849000,1750635900,99.93075316,동명+드림,99.71,1365600000,99.7019,N
20200700580 - 01,20200701,홍성역세권 도시개발사업 감독권한 대행 등 건설사업관리용역,충청남도 홍성군,PQ,1751849000,1750635900,99.93075316,경동+용마,99.7,1387980000,101.3229,N
20200700580 - 01,20200701,홍성역세권 도시개발사업 감독권한 대행 등 건설사업관리용역,충청남도 홍성군,PQ,1751849000,1750635900,99.93075316,건화+세일,99.59,1358600000,99.0894,N
20200700580 - 01,20200701,홍성역세권 도시개발사업 감독권한 대행 등 건설사업관리용역,충청남도 홍성군,PQ,1751849000,1750635900,99.93075316,삼안+장맥,99.51,1357000000,98.9096,N
20200700580 - 01,20200701,홍성역세권 도시개발사업 감독권한 대행 등 건설사업관리용역,충청남도 홍성군,PQ,1751849000,1750635900,99.93075316,수성+양지,99.45,1390510000,101.3003,N
20200700580 - 01,20200701,홍성역세권 도시개발사업 감독권한 대행 등 건설사업관리용역,충청남도 홍성군,PQ,1751849000,1750635900,99.93075316,제일+동국,97.13,1430756000,102.3,N
20200700580 - 01,20200701,홍성역세권 도시개발사업 감독권한 대행 등 건설사업관리용역,충청남도 홍성군,PQ,1751849000,1750635900,99.93075316,신명+재성,96.9,1423636000,101.6,N
20200700580 - 01,20200701,홍성역세권 도시개발사업 감독권한 대행 등 건설사업관리용역,충청남도 홍성군,PQ,1751849000,1750635900,99.93075316,우주+삼주,94.36,1472484000,103,N
20200700580 - 01,20200701,홍성역세권 도시개발사업 감독권한 대행 등 건설사업관리용역,충청남도 홍성군,PQ,1751849000,1750635900,99.93075316,신흥,94,1359809800,94.8511,N
2002424 - 00,20200701,부천대장 공공주택지구 교통영향평가용역,한국토지주택공사,PQ,610423000,610710000,100.0470166,한종,99.6,523500000,100.193,Y
2002424 - 00,20200701,부천대장 공공주택지구 교통영향평가용역,한국토지주택공사,PQ,610423000,610710000,100.0470166,건화,99.3,526890000,100.7477,N
2002424 - 00,20200701,부천대장 공공주택지구 교통영향평가용역,한국토지주택공사,PQ,610423000,610710000,100.0470166,도화,98.7,521800000,99.6,N
2002424 - 00,20200701,부천대장 공공주택지구 교통영향평가용역,한국토지주택공사,PQ,610423000,610710000,100.0470166,동명,97.7,526800000,100.2623,N
2002424 - 00,20200701,부천대장 공공주택지구 교통영향평가용역,한국토지주택공사,PQ,610423000,610710000,100.0470166,평화,97.5,521200000,99.1389,N
2002424 - 00,20200701,부천대장 공공주택지구 교통영향평가용역,한국토지주택공사,PQ,610423000,610710000,100.0470166,삼안,97.33,520960000,99.0473,N
2002424 - 00,20200701,부천대장 공공주택지구 교통영향평가용역,한국토지주택공사,PQ,610423000,610710000,100.0470166,서영,97.1,532650000,101.1994,N
2002424 - 00,20200701,부천대장 공공주택지구 교통영향평가용역,한국토지주택공사,PQ,610423000,610710000,100.0470166,KG,97.1,531495000,100.9799,N
2002424 - 00,20200701,부천대장 공공주택지구 교통영향평가용역,한국토지주택공사,PQ,610423000,610710000,100.0470166,수성,96.3,533885000,101.1993,N
2002424 - 00,20200701,부천대장 공공주택지구 교통영향평가용역,한국토지주택공사,PQ,610423000,610710000,100.0470166,신명E,94,537485000,101.2141,N
2002424 - 00,20200701,부천대장 공공주택지구 교통영향평가용역,한국토지주택공사,PQ,610423000,610710000,100.0470166,유신,90.1,549380000,102.3017,N
2002462 - 00,20200702,안산신길2 공공주택지구 조성사업 환경영향평가용역,한국토지주택공사,PQ,1115620000,1121918000,100.5645291,이산+수성+보드플랜,99.1,901447000,100.2199,N
2002462 - 00,20200702,안산신길2 공공주택지구 조성사업 환경영향평가용역,한국토지주택공사,PQ,1115620000,1121918000,100.5645291,신성+홍익+효산,99.04,898046000,99.78,N
2002462 - 00,20200702,안산신길2 공공주택지구 조성사업 환경영향평가용역,한국토지주택공사,PQ,1115620000,1121918000,100.5645291,유신+레오,99.03,908334000,100.923,Y
2002462 - 00,20200702,안산신길2 공공주택지구 조성사업 환경영향평가용역,한국토지주택공사,PQ,1115620000,1121918000,100.5645291,평화+세광+한국환경+휴먼,98.5,896800000,99.1866,N
2002462 - 00,20200702,안산신길2 공공주택지구 조성사업 환경영향평가용역,한국토지주택공사,PQ,1115620000,1121918000,100.5645291,다산+건화+삼안+신일,98.43,907517000,100.31,N
2002462 - 00,20200702,안산신길2 공공주택지구 조성사업 환경영향평가용역,한국토지주택공사,PQ,1115620000,1121918000,100.5645291,동부+한맥+KG+IK,98.26,916927000,101.2004,N
2002462 - 00,20200702,안산신길2 공공주택지구 조성사업 환경영향평가용역,한국토지주택공사,PQ,1115620000,1121918000,100.5645291,동성+서영+덕영,97.99,924550000,101.8036,N
2002462 - 00,20200702,안산신길2 공공주택지구 조성사업 환경영향평가용역,한국토지주택공사,PQ,1115620000,1121918000,100.5645291,동일+다원,96.56,933000000,101.4873,N
2002462 - 00,20200702,안산신길2 공공주택지구 조성사업 환경영향평가용역,한국토지주택공사,PQ,1115620000,1121918000,100.5645291,동명+예평+동진,96.52,981750000,106.7513,N
20200702276 - 00,20200702,천안북부지구 농촌용수이용체계재편사업 세부설계 용역,한국농어촌공사 충남지역본부,PQ,953563000,951541500,99.78800562,경호+한종+에이스,98.81,815850000,100.0738,Y
20200702276 - 00,20200702,천안북부지구 농촌용수이용체계재편사업 세부설계 용역,한국농어촌공사 충남지역본부,PQ,953563000,951541500,99.78800562,평화+동부+건일,98.24,816770000,100.1398,N
20200702276 - 00,20200702,천안북부지구 농촌용수이용체계재편사업 세부설계 용역,한국농어촌공사 충남지역본부,PQ,953563000,951541500,99.78800562,이산+강동,98.28,813798000,99.6938,N
20200702276 - 00,20200702,천안북부지구 농촌용수이용체계재편사업 세부설계 용역,한국농어촌공사 충남지역본부,PQ,953563000,951541500,99.78800562,동명+유신+삼육,97.75,822220000,100.6902,N
20200702276 - 00,20200702,천안북부지구 농촌용수이용체계재편사업 세부설계 용역,한국농어촌공사 충남지역본부,PQ,953563000,951541500,99.78800562,도화+우경,97.64,825830000,100.9673,N
20200702276 - 00,20200702,천안북부지구 농촌용수이용체계재편사업 세부설계 용역,한국농어촌공사 충남지역본부,PQ,953563000,951541500,99.78800562,동일+다산,97.21,813200000,99.3999,N
20200702276 - 00,20200702,천안북부지구 농촌용수이용체계재편사업 세부설계 용역,한국농어촌공사 충남지역본부,PQ,953563000,951541500,99.78800562,수성+건화+삼안,97.16,824175000,100.7297,N
20200702276 - 00,20200702,천안북부지구 농촌용수이용체계재편사업 세부설계 용역,한국농어촌공사 충남지역본부,PQ,953563000,951541500,99.78800562,화신+동해,96.47,859000000,104.8882,N
20200702053 - 00,20200702,의성~신도청간연결도로개설 기본 및 실시설계용역,경상북도 의성군,PQ,680765000,681661975,100.1317599,보람+대콘,99.4,584605000,100.2799,Y
20200702053 - 00,20200702,의성~신도청간연결도로개설 기본 및 실시설계용역,경상북도 의성군,PQ,680765000,681661975,100.1317599,한맥+동진,99.34,584610000,100.2691,N
20200702053 - 00,20200702,의성~신도청간연결도로개설 기본 및 실시설계용역,경상북도 의성군,PQ,680765000,681661975,100.1317599,유신+해동,99.33,583583000,100.0929,N
20200702053 - 00,20200702,의성~신도청간연결도로개설 기본 및 실시설계용역,경상북도 의성군,PQ,680765000,681661975,100.1317599,동성,99.3,585325000,100.38,N
20200702053 - 00,20200702,의성~신도청간연결도로개설 기본 및 실시설계용역,경상북도 의성군,PQ,680765000,681661975,100.1317599,한종+한백,99.3,586200000,100.53,N
20200702053 - 00,20200702,의성~신도청간연결도로개설 기본 및 실시설계용역,경상북도 의성군,PQ,680765000,681661975,100.1317599,다산+경원,99.28,579494000,99.38,N
20200702053 - 00,20200702,의성~신도청간연결도로개설 기본 및 실시설계용역,경상북도 의성군,PQ,680765000,681661975,100.1317599,동명+태성,99.25,582850000,99.9439,N
20200702053 - 00,20200702,의성~신도청간연결도로개설 기본 및 실시설계용역,경상북도 의성군,PQ,680765000,681661975,100.1317599,제일+KCI,99.25,581190000,99.6592,N
20200702053 - 00,20200702,의성~신도청간연결도로개설 기본 및 실시설계용역,경상북도 의성군,PQ,680765000,681661975,100.1317599,삼안+현대기술,99.22,578380000,99.1658,N
20200702053 - 00,20200702,의성~신도청간연결도로개설 기본 및 실시설계용역,경상북도 의성군,PQ,680765000,681661975,100.1317599,수성+청명,99.22,587268000,100.6897,N
20200702053 - 00,20200702,의성~신도청간연결도로개설 기본 및 실시설계용역,경상북도 의성군,PQ,680765000,681661975,100.1317599,용마+새길+드림,99.2,580338000,99.5015,N
20200702053 - 00,20200702,의성~신도청간연결도로개설 기본 및 실시설계용역,경상북도 의성군,PQ,680765000,681661975,100.1317599,경동+보원,99.18,575798000,98.7116,N
20200702053 - 00,20200702,의성~신도청간연결도로개설 기본 및 실시설계용역,경상북도 의성군,PQ,680765000,681661975,100.1317599,신성+건일,99.12,580280000,99.4683,N
20200702053 - 00,20200702,의성~신도청간연결도로개설 기본 및 실시설계용역,경상북도 의성군,PQ,680765000,681661975,100.1317599,건화+한백,99.1,576800000,98.8718,N
20200702053 - 00,20200702,의성~신도청간연결도로개설 기본 및 실시설계용역,경상북도 의성군,PQ,680765000,681661975,100.1317599,홍익+강동,99.1,576089000,98.7499,N
20200702053 - 00,20200702,의성~신도청간연결도로개설 기본 및 실시설계용역,경상북도 의성군,PQ,680765000,681661975,100.1317599,KG+해인,99.07,580415000,99.4799,N
20200702053 - 00,20200702,의성~신도청간연결도로개설 기본 및 실시설계용역,경상북도 의성군,PQ,680765000,681661975,100.1317599,동부+바우+주하,99.04,584749000,100.211,N
20200702053 - 00,20200702,의성~신도청간연결도로개설 기본 및 실시설계용역,경상북도 의성군,PQ,680765000,681661975,100.1317599,천일+승보,98.98,579430000,99.2879,N
20200702053 - 00,20200702,의성~신도청간연결도로개설 기본 및 실시설계용역,경상북도 의성군,PQ,680765000,681661975,100.1317599,극동+상금,98.92,579158000,99.2413,N
20200702053 - 00,20200702,의성~신도청간연결도로개설 기본 및 실시설계용역,경상북도 의성군,PQ,680765000,681661975,100.1317599,삼보+도담,98.91,579450000,99.2913,N
20200702053 - 00,20200702,의성~신도청간연결도로개설 기본 및 실시설계용역,경상북도 의성군,PQ,680765000,681661975,100.1317599,도화+대성,98.88,576100000,98.7173,N
20200702053 - 00,20200702,의성~신도청간연결도로개설 기본 및 실시설계용역,경상북도 의성군,PQ,680765000,681661975,100.1317599,경호+세원,98.85,590329000,101.1555,N
20200702053 - 00,20200702,의성~신도청간연결도로개설 기본 및 실시설계용역,경상북도 의성군,PQ,680765000,681661975,100.1317599,평화+DS,98.63,579420000,99.1936,N
20200702053 - 00,20200702,의성~신도청간연결도로개설 기본 및 실시설계용역,경상북도 의성군,PQ,680765000,681661975,100.1317599,서영+강산,98.51,591300000,101.2274,N
20200702053 - 00,20200702,의성~신도청간연결도로개설 기본 및 실시설계용역,경상북도 의성군,PQ,680765000,681661975,100.1317599,이산+한도,98.5,577970000,98.9454,N
20200702053 - 00,20200702,의성~신도청간연결도로개설 기본 및 실시설계용역,경상북도 의성군,PQ,680765000,681661975,100.1317599,장맥+중앙방재,98.45,575345000,98.496,N
20200702053 - 00,20200702,의성~신도청간연결도로개설 기본 및 실시설계용역,경상북도 의성군,PQ,680765000,681661975,100.1317599,화신+반석,98.45,595230000,101.9002,N
20200702053 - 00,20200702,의성~신도청간연결도로개설 기본 및 실시설계용역,경상북도 의성군,PQ,680765000,681661975,100.1317599,동서,92.88,603080000,103.2441,N
20200701288 - 00,20200703,여수시 노후하수관로 정밀조사 용역,전라남도 여수시 상하수도사업단 하수도과,PQ,794960000,778333450,97.90850483,건화+경화,98.5,676800000,99.1976,N
20200701288 - 00,20200703,여수시 노후하수관로 정밀조사 용역,전라남도 여수시 상하수도사업단 하수도과,PQ,794960000,778333450,97.90850483,한종+범한,98.5,682300000,100.0037,N
20200701288 - 00,20200703,여수시 노후하수관로 정밀조사 용역,전라남도 여수시 상하수도사업단 하수도과,PQ,794960000,778333450,97.90850483,이산+수성,98.5,677370000,99.2812,N
20200701288 - 00,20200703,여수시 노후하수관로 정밀조사 용역,전라남도 여수시 상하수도사업단 하수도과,PQ,794960000,778333450,97.90850483,삼안+HEC,98.5,682440000,100.0243,N
20200701288 - 00,20200703,여수시 노후하수관로 정밀조사 용역,전라남도 여수시 상하수도사업단 하수도과,PQ,794960000,778333450,97.90850483,유신+우리,98.5,676359000,99.133,Y
20200701288 - 00,20200703,여수시 노후하수관로 정밀조사 용역,전라남도 여수시 상하수도사업단 하수도과,PQ,794960000,778333450,97.90850483,선진+건영,98.44,686390000,100.5798,N
20200701288 - 00,20200703,여수시 노후하수관로 정밀조사 용역,전라남도 여수시 상하수도사업단 하수도과,PQ,794960000,778333450,97.90850483,제일+평화,98.37,691400000,101.3021,N
20200701288 - 00,20200703,여수시 노후하수관로 정밀조사 용역,전라남도 여수시 상하수도사업단 하수도과,PQ,794960000,778333450,97.90850483,도화+신명,98.3,677100000,99.1838,N
20200701288 - 00,20200703,여수시 노후하수관로 정밀조사 용역,전라남도 여수시 상하수도사업단 하수도과,PQ,794960000,778333450,97.90850483,동명+동아E,97.35,700770000,102.4007,N
2020-02-000432-00,20200706,경부선 심천~영동간 철도횡단 수로BOX 신설공사 감독 권한대행 등 건설사업관리용역,한국철도시설공단,PQ,1700800000,1698977974,99.89287241,대콘,100,1325874000,99.9499,Y
2020-02-000432-00,20200706,경부선 심천~영동간 철도횡단 수로BOX 신설공사 감독 권한대행 등 건설사업관리용역,한국철도시설공단,PQ,1700800000,1698977974,99.89287241,동명+서현,100,1328530000,100.1501,N
2020-02-000432-00,20200706,경부선 심천~영동간 철도횡단 수로BOX 신설공사 감독 권한대행 등 건설사업관리용역,한국철도시설공단,PQ,1700800000,1698977974,99.89287241,천일,100,1329800000,100.2458,N
2020-02-000432-00,20200706,경부선 심천~영동간 철도횡단 수로BOX 신설공사 감독 권한대행 등 건설사업관리용역,한국철도시설공단,PQ,1700800000,1698977974,99.89287241,동일+태조,99.9,1335300000,100.5702,N
2020-02-000432-00,20200706,경부선 심천~영동간 철도횡단 수로BOX 신설공사 감독 권한대행 등 건설사업관리용역,한국철도시설공단,PQ,1700800000,1698977974,99.89287241,삼보,99.9,1334750000,100.5288,N
2020-02-000432-00,20200706,경부선 심천~영동간 철도횡단 수로BOX 신설공사 감독 권한대행 등 건설사업관리용역,한국철도시설공단,PQ,1700800000,1698977974,99.89287241,유신,99.9,1332377000,100.35,N
2020-02-000432-00,20200706,경부선 심천~영동간 철도횡단 수로BOX 신설공사 감독 권한대행 등 건설사업관리용역,한국철도시설공단,PQ,1700800000,1698977974,99.89287241,이산,99.9,1334870000,100.5378,N
2020-02-000432-00,20200706,경부선 심천~영동간 철도횡단 수로BOX 신설공사 감독 권한대행 등 건설사업관리용역,한국철도시설공단,PQ,1700800000,1698977974,99.89287241,신성+삼안,99.83,1321880000,99.4957,N
2020-02-000432-00,20200706,경부선 심천~영동간 철도횡단 수로BOX 신설공사 감독 권한대행 등 건설사업관리용역,한국철도시설공단,PQ,1700800000,1698977974,99.89287241,KRTC+도화,99.83,1320600000,99.3994,N
2020-02-000432-00,20200706,경부선 심천~영동간 철도횡단 수로BOX 신설공사 감독 권한대행 등 건설사업관리용역,한국철도시설공단,PQ,1700800000,1698977974,99.89287241,다산+경동+동해,99.81,1317988000,99.1901,N
2020-02-000432-00,20200706,경부선 심천~영동간 철도횡단 수로BOX 신설공사 감독 권한대행 등 건설사업관리용역,한국철도시설공단,PQ,1700800000,1698977974,99.89287241,수성,99.79,1342385000,101.0003,N
2020-02-000432-00,20200706,경부선 심천~영동간 철도횡단 수로BOX 신설공사 감독 권한대행 등 건설사업관리용역,한국철도시설공단,PQ,1700800000,1698977974,99.89287241,선진+선구+대건,99.77,1318990000,99.2274,N
2020-02-000432-00,20200706,경부선 심천~영동간 철도횡단 수로BOX 신설공사 감독 권한대행 등 건설사업관리용역,한국철도시설공단,PQ,1700800000,1698977974,99.89287241,건화+한종,99.44,1354000000,101.5623,N
2020-02-000432-00,20200706,경부선 심천~영동간 철도횡단 수로BOX 신설공사 감독 권한대행 등 건설사업관리용역,한국철도시설공단,PQ,1700800000,1698977974,99.89287241,진우+삼경+KG,99.12,1362354000,101.8899,N
2020-02-000432-00,20200706,경부선 심천~영동간 철도횡단 수로BOX 신설공사 감독 권한대행 등 건설사업관리용역,한국철도시설공단,PQ,1700800000,1698977974,99.89287241,신승+KCM,98.31,1362220000,101.1593,N
20200704914 - 01,20200706,동남권 방사선 의과학 일반산업단지 사후환경영향조사(공사시) 용역(7차),부산광역시 기장군,PQ,433800000,428078250,98.6810166,건화+길평+우신,98.84,378700000,100.522,N
20200704914 - 01,20200706,동남권 방사선 의과학 일반산업단지 사후환경영향조사(공사시) 용역(7차),부산광역시 기장군,PQ,433800000,428078250,98.6810166,KG+메이텍+신일,98.77,381220000,101.1792,N
20200704914 - 01,20200706,동남권 방사선 의과학 일반산업단지 사후환경영향조사(공사시) 용역(7차),부산광역시 기장군,PQ,433800000,428078250,98.6810166,삼안+삼영+휴먼,98.51,374770000,99.4444,N
20200704914 - 01,20200706,동남권 방사선 의과학 일반산업단지 사후환경영향조사(공사시) 용역(7차),부산광역시 기장군,PQ,433800000,428078250,98.6810166,동성+선일+DS,97.9,374744000,99.3803,Y
20200704914 - 01,20200706,동남권 방사선 의과학 일반산업단지 사후환경영향조사(공사시) 용역(7차),부산광역시 기장군,PQ,433800000,428078250,98.6810166,다산+세일+부경,97.62,385990000,102.3274,N
2002493 - 00,20200706,남양주진접2 공공주택지구 조성공사 시공단계 건설사업관리용역,한국토지주택공사,SOQ,5790506000,5745966000,99.23080988,평화+한종+유신+신성,100,4690000000,101.2496,Y
2002493 - 00,20200706,남양주진접2 공공주택지구 조성공사 시공단계 건설사업관리용역,한국토지주택공사,SOQ,5790506000,5745966000,99.23080988,경동+도화+수성,97,4691789000,98.6973,N
2002493 - 00,20200706,남양주진접2 공공주택지구 조성공사 시공단계 건설사업관리용역,한국토지주택공사,SOQ,5790506000,5745966000,99.23080988,동명+건화+동일,97,4900000000,103.0773,N
2002493 - 00,20200706,남양주진접2 공공주택지구 조성공사 시공단계 건설사업관리용역,한국토지주택공사,SOQ,5790506000,5745966000,99.23080988,KG+동부+목양+동해,93.99,5363480000,109.9999,N
20200705721 - 00,20200706,2040 광양 도시기본계획 수립 용역,전라남도 광양시,PQ,1400000000,1401319500,100.09425,동명+신명,99.87,1100800000,100.6961,Y
20200705721 - 00,20200706,2040 광양 도시기본계획 수립 용역,전라남도 광양시,PQ,1400000000,1401319500,100.09425,KG+삼안+한기,98.08,1100380000,99.2093,N
20200705721 - 00,20200706,2040 광양 도시기본계획 수립 용역,전라남도 광양시,PQ,1400000000,1401319500,100.09425,도화+동아,97.84,1124800000,101.2066,N
20200705721 - 00,20200706,2040 광양 도시기본계획 수립 용역,전라남도 광양시,PQ,1400000000,1401319500,100.09425,한종+평화+원우,97.64,1131000000,101.5981,N
20200705721 - 00,20200706,2040 광양 도시기본계획 수립 용역,전라남도 광양시,PQ,1400000000,1401319500,100.09425,경호+우영+한도,97.6,1099490000,98.7427,N
20200705721 - 00,20200706,2040 광양 도시기본계획 수립 용역,전라남도 광양시,PQ,1400000000,1401319500,100.09425,건화+서진기술개발,96.36,1150000000,102.2631,N
20200705721 - 00,20200706,2040 광양 도시기본계획 수립 용역,전라남도 광양시,PQ,1400000000,1401319500,100.09425,화신+신오,94.86,1230320000,108.1134,N
20200706111 - 00,20200706,석대.시천 공공하수처리시설 신.증설사업 기본 및 실시설계 용역,경상남도 산청군,PQ,2036240000,2036805100,100.0277521,경화+도화+선진+HEC+범한,100,1600520000,100.7779,Y
20200706111 - 00,20200706,석대.시천 공공하수처리시설 신.증설사업 기본 및 실시설계 용역,경상남도 산청군,PQ,2036240000,2036805100,100.0277521,한종+KG+한성+우진,98.11,1594800000,98.8837,N
20200706111 - 00,20200706,석대.시천 공공하수처리시설 신.증설사업 기본 및 실시설계 용역,경상남도 산청군,PQ,2036240000,2036805100,100.0277521,건화+KSM,97.86,1597480000,98.8502,N
20200706111 - 00,20200706,석대.시천 공공하수처리시설 신.증설사업 기본 및 실시설계 용역,경상남도 산청군,PQ,2036240000,2036805100,100.0277521,이산+로텍,97.82,1602890000,99.1475,N
20200706111 - 00,20200706,석대.시천 공공하수처리시설 신.증설사업 기본 및 실시설계 용역,경상남도 산청군,PQ,2036240000,2036805100,100.0277521,동명+한올,97.79,1603700000,99.1726,N
20200706111 - 00,20200706,석대.시천 공공하수처리시설 신.증설사업 기본 및 실시설계 용역,경상남도 산청군,PQ,2036240000,2036805100,100.0277521,삼안+수성+하이콘,97.77,1640870000,101.4584,N
20200706111 - 00,20200706,석대.시천 공공하수처리시설 신.증설사업 기본 및 실시설계 용역,경상남도 산청군,PQ,2036240000,2036805100,100.0277521,경동+하우,97.68,1594887000,98.5407,N
20200706111 - 00,20200706,석대.시천 공공하수처리시설 신.증설사업 기본 및 실시설계 용역,경상남도 산청군,PQ,2036240000,2036805100,100.0277521,건양+금성,97.51,1661260000,102.4998,N
20200706111 - 00,20200706,석대.시천 공공하수처리시설 신.증설사업 기본 및 실시설계 용역,경상남도 산청군,PQ,2036240000,2036805100,100.0277521,화신+혜인+신화,97.26,1686000000,103.8175,N
20200706111 - 00,20200706,석대.시천 공공하수처리시설 신.증설사업 기본 및 실시설계 용역,경상남도 산청군,PQ,2036240000,2036805100,100.0277521,제일+하나+화성,93.71,1873300000,112.1585,N
20200705441 - 00,20200706,장지~매산간(중로1-14호선)도로개설공사(2구간) 외 5건 통합건설사업관리용역,경기도 광주시,PQ,1722653000,1730288725,100.4432538,건화+경화,100,1339490000,99.6954,N
20200705441 - 00,20200706,장지~매산간(중로1-14호선)도로개설공사(2구간) 외 5건 통합건설사업관리용역,경기도 광주시,PQ,1722653000,1730288725,100.4432538,도화+서현,100,1340330000,99.7579,N
20200705441 - 00,20200706,장지~매산간(중로1-14호선)도로개설공사(2구간) 외 5건 통합건설사업관리용역,경기도 광주시,PQ,1722653000,1730288725,100.4432538,삼안+태조+삼우,100,1344200000,100.0459,N
20200705441 - 00,20200706,장지~매산간(중로1-14호선)도로개설공사(2구간) 외 5건 통합건설사업관리용역,경기도 광주시,PQ,1722653000,1730288725,100.4432538,한종+KSM,100,1351570000,100.5944,Y
20200705441 - 00,20200706,장지~매산간(중로1-14호선)도로개설공사(2구간) 외 5건 통합건설사업관리용역,경기도 광주시,PQ,1722653000,1730288725,100.4432538,동명+정,100,1339450000,99.6924,N
20200705441 - 00,20200706,장지~매산간(중로1-14호선)도로개설공사(2구간) 외 5건 통합건설사업관리용역,경기도 광주시,PQ,1722653000,1730288725,100.4432538,경동+화정,100,1328698000,98.8921,N
20200705441 - 00,20200706,장지~매산간(중로1-14호선)도로개설공사(2구간) 외 5건 통합건설사업관리용역,경기도 광주시,PQ,1722653000,1730288725,100.4432538,동해+(주)한종,100,1338733000,99.639,N
20200705441 - 00,20200706,장지~매산간(중로1-14호선)도로개설공사(2구간) 외 5건 통합건설사업관리용역,경기도 광주시,PQ,1722653000,1730288725,100.4432538,동성+오이디,100,1345466000,100.1401,N
20200705441 - 00,20200706,장지~매산간(중로1-14호선)도로개설공사(2구간) 외 5건 통합건설사업관리용역,경기도 광주시,PQ,1722653000,1730288725,100.4432538,신성+천마,100,1343880000,100.0221,N
20200705441 - 00,20200706,장지~매산간(중로1-14호선)도로개설공사(2구간) 외 5건 통합건설사업관리용역,경기도 광주시,PQ,1722653000,1730288725,100.4432538,서영+천일,100,1347600000,100.299,N
20200705441 - 00,20200706,장지~매산간(중로1-14호선)도로개설공사(2구간) 외 5건 통합건설사업관리용역,경기도 광주시,PQ,1722653000,1730288725,100.4432538,수성+토아,100,1347753000,100.3103,N
20200705441 - 00,20200706,장지~매산간(중로1-14호선)도로개설공사(2구간) 외 5건 통합건설사업관리용역,경기도 광주시,PQ,1722653000,1730288725,100.4432538,KCM+대건,100,1355660000,100.8988,N
20200705441 - 00,20200706,장지~매산간(중로1-14호선)도로개설공사(2구간) 외 5건 통합건설사업관리용역,경기도 광주시,PQ,1722653000,1730288725,100.4432538,내경+한맥,100,1339955000,99.73,N
20200705441 - 00,20200706,장지~매산간(중로1-14호선)도로개설공사(2구간) 외 5건 통합건설사업관리용역,경기도 광주시,PQ,1722653000,1730288725,100.4432538,유신+경호,100,1347615000,100.3001,N
20200705441 - 00,20200706,장지~매산간(중로1-14호선)도로개설공사(2구간) 외 5건 통합건설사업관리용역,경기도 광주시,PQ,1722653000,1730288725,100.4432538,동일+목양,100,1337400000,99.5398,N
20200705441 - 00,20200706,장지~매산간(중로1-14호선)도로개설공사(2구간) 외 5건 통합건설사업관리용역,경기도 광주시,PQ,1722653000,1730288725,100.4432538,다산+벽산,100,1337672000,99.56,N
20200705441 - 00,20200706,장지~매산간(중로1-14호선)도로개설공사(2구간) 외 5건 통합건설사업관리용역,경기도 광주시,PQ,1722653000,1730288725,100.4432538,동부+대한건설,100,1339822000,99.7201,N
20200705441 - 00,20200706,장지~매산간(중로1-14호선)도로개설공사(2구간) 외 5건 통합건설사업관리용역,경기도 광주시,PQ,1722653000,1730288725,100.4432538,하이콘+케이탑,100,1345450000,100.1389,N
20200705441 - 00,20200706,장지~매산간(중로1-14호선)도로개설공사(2구간) 외 5건 통합건설사업관리용역,경기도 광주시,PQ,1722653000,1730288725,100.4432538,용마+KCI,100,1348600000,100.3734,N
20200705441 - 00,20200706,장지~매산간(중로1-14호선)도로개설공사(2구간) 외 5건 통합건설사업관리용역,경기도 광주시,PQ,1722653000,1730288725,100.4432538,KG+보람,100,1336060000,99.4401,N
20200705441 - 00,20200706,장지~매산간(중로1-14호선)도로개설공사(2구간) 외 5건 통합건설사업관리용역,경기도 광주시,PQ,1722653000,1730288725,100.4432538,경원+세일+세광,100,1334150000,99.2979,N
20200705441 - 00,20200706,장지~매산간(중로1-14호선)도로개설공사(2구간) 외 5건 통합건설사업관리용역,경기도 광주시,PQ,1722653000,1730288725,100.4432538,삼보+선진,100,1340200000,99.7482,N
20200705441 - 00,20200706,장지~매산간(중로1-14호선)도로개설공사(2구간) 외 5건 통합건설사업관리용역,경기도 광주시,PQ,1722653000,1730288725,100.4432538,극동+건영,100,1337402000,99.5399,N
20200705441 - 00,20200706,장지~매산간(중로1-14호선)도로개설공사(2구간) 외 5건 통합건설사업관리용역,경기도 광주시,PQ,1722653000,1730288725,100.4432538,이산+대콘,100,1329999000,98.989,N
20200705441 - 00,20200706,장지~매산간(중로1-14호선)도로개설공사(2구간) 외 5건 통합건설사업관리용역,경기도 광주시,PQ,1722653000,1730288725,100.4432538,평화+효산,99.94,1360300000,101.1923,N
20200705441 - 00,20200706,장지~매산간(중로1-14호선)도로개설공사(2구간) 외 5건 통합건설사업관리용역,경기도 광주시,PQ,1722653000,1730288725,100.4432538,홍익+테크피아,99.94,1328141000,98.8,N
20200705441 - 00,20200706,장지~매산간(중로1-14호선)도로개설공사(2구간) 외 5건 통합건설사업관리용역,경기도 광주시,PQ,1722653000,1730288725,100.4432538,신명+다음+아라,99.91,1357357000,100.9475,N
20200705441 - 00,20200706,장지~매산간(중로1-14호선)도로개설공사(2구간) 외 5건 통합건설사업관리용역,경기도 광주시,PQ,1722653000,1730288725,100.4432538,제일+효광,99.67,1378400000,102.3028,N
2020-0315-00,20200707,오성근린공원 조성사업 환경영향평가용역,인천국제공항공사,PQ,283424900,281874565,99.45299972,경동,100,250480000,101.8804,N
2020-0315-00,20200707,오성근린공원 조성사업 환경영향평가용역,인천국제공항공사,PQ,283424900,281874565,99.45299972,도화,100,245200000,99.7328,N
2020-0315-00,20200707,오성근린공원 조성사업 환경영향평가용역,인천국제공항공사,PQ,283424900,281874565,99.45299972,동부,100,247093000,100.5028,N
2020-0315-00,20200707,오성근린공원 조성사업 환경영향평가용역,인천국제공항공사,PQ,283424900,281874565,99.45299972,동성,100,247700000,100.7497,N
2020-0315-00,20200707,오성근린공원 조성사업 환경영향평가용역,인천국제공항공사,PQ,283424900,281874565,99.45299972,서영,100,246349000,100.2001,N
2020-0315-00,20200707,오성근린공원 조성사업 환경영향평가용역,인천국제공항공사,PQ,283424900,281874565,99.45299972,신성,100,245580000,99.8874,N
2020-0315-00,20200707,오성근린공원 조성사업 환경영향평가용역,인천국제공항공사,PQ,283424900,281874565,99.45299972,유신,100,246233000,100.153,N
2020-0315-00,20200707,오성근린공원 조성사업 환경영향평가용역,인천국제공항공사,PQ,283424900,281874565,99.45299972,이산,100,245770000,99.9646,N
2020-0315-00,20200707,오성근린공원 조성사업 환경영향평가용역,인천국제공항공사,PQ,283424900,281874565,99.45299972,평화,100,245696000,99.9345,N
2020-0315-00,20200707,오성근린공원 조성사업 환경영향평가용역,인천국제공항공사,PQ,283424900,281874565,99.45299972,KG,100,245290000,99.7694,N
2020-0315-00,20200707,오성근린공원 조성사업 환경영향평가용역,인천국제공항공사,PQ,283424900,281874565,99.45299972,경호,100,245763504,99.962,N
2020-0315-00,20200707,오성근린공원 조성사업 환경영향평가용역,인천국제공항공사,PQ,283424900,281874565,99.45299972,동명,100,245070000,99.6799,N
2020-0315-00,20200707,오성근린공원 조성사업 환경영향평가용역,인천국제공항공사,PQ,283424900,281874565,99.45299972,수성,100,246345000,100.1985,N
2020-0315-00,20200707,오성근린공원 조성사업 환경영향평가용역,인천국제공항공사,PQ,283424900,281874565,99.45299972,삼안,99.83,244992000,99.6252,Y
2020-0315-00,20200707,오성근린공원 조성사업 환경영향평가용역,인천국제공항공사,PQ,283424900,281874565,99.45299972,한맥,99.23,244300000,99.2981,N
2020-0315-00,20200707,오성근린공원 조성사업 환경영향평가용역,인천국제공항공사,PQ,283424900,281874565,99.45299972,화신,98.73,248766000,101.0667,N
2020-0315-00,20200707,오성근린공원 조성사업 환경영향평가용역,인천국제공항공사,PQ,283424900,281874565,99.45299972,건화,97.8,244089000,99.0867,N
2020-0315-00,20200707,오성근린공원 조성사업 환경영향평가용역,인천국제공항공사,PQ,283424900,281874565,99.45299972,다산,97.77,251000000,101.8922,N
20200705770 - 00,20200707,소제지구 택지개발사업 건설사업관리용역,전라남도 여수시,PQ,3738000000,3750344775,100.3302508,신명+산하,100,2743560000,100.55,Y
20200705770 - 00,20200707,소제지구 택지개발사업 건설사업관리용역,전라남도 여수시,PQ,3738000000,3750344775,100.3302508,삼안+동아,99.5,2759570000,100.6953,N
20200705770 - 00,20200707,소제지구 택지개발사업 건설사업관리용역,전라남도 여수시,PQ,3738000000,3750344775,100.3302508,도화+원우+KG,99.33,2728700000,99.4197,N
20200705770 - 00,20200707,소제지구 택지개발사업 건설사업관리용역,전라남도 여수시,PQ,3738000000,3750344775,100.3302508,건화+우리+건영,99.3,2742400000,99.8917,N
20200705770 - 00,20200707,소제지구 택지개발사업 건설사업관리용역,전라남도 여수시,PQ,3738000000,3750344775,100.3302508,수성+우빈,99.17,2722788999,99.056,N
20200705770 - 00,20200707,소제지구 택지개발사업 건설사업관리용역,전라남도 여수시,PQ,3738000000,3750344775,100.3302508,한종+우영,98.97,2790000000,101.3357,N
20200705770 - 00,20200707,소제지구 택지개발사업 건설사업관리용역,전라남도 여수시,PQ,3738000000,3750344775,100.3302508,유신+평화+신오+산이,98.97,2804709000,101.87,N
20200705770 - 00,20200707,소제지구 택지개발사업 건설사업관리용역,전라남도 여수시,PQ,3738000000,3750344775,100.3302508,경동+에스이,98.7,2718829000,98.51,N
20200705770 - 00,20200707,소제지구 택지개발사업 건설사업관리용역,전라남도 여수시,PQ,3738000000,3750344775,100.3302508,동명+한기,98.3,3550000000,128.1914,N
20200706772 - 00,20200707,무등산 고지대 자연마을 수돗물 공급공사 기본 및 실시설계 용역,광주광역시 상수도사업본부,PQ,601100000,601433650,100.0555066,삼안+하이콘,99.61,517000000,100.4954,Y
20200706772 - 00,20200707,무등산 고지대 자연마을 수돗물 공급공사 기본 및 실시설계 용역,광주광역시 상수도사업본부,PQ,601100000,601433650,100.0555066,도화+한기,99.36,513500000,99.7451,N
20200706772 - 00,20200707,무등산 고지대 자연마을 수돗물 공급공사 기본 및 실시설계 용역,광주광역시 상수도사업본부,PQ,601100000,601433650,100.0555066,범한+신명,99.07,513300000,99.6365,N
20200706772 - 00,20200707,무등산 고지대 자연마을 수돗물 공급공사 기본 및 실시설계 용역,광주광역시 상수도사업본부,PQ,601100000,601433650,100.0555066,한종+원우,98.77,521600000,101.165,N
20200706772 - 00,20200707,무등산 고지대 자연마을 수돗물 공급공사 기본 및 실시설계 용역,광주광역시 상수도사업본부,PQ,601100000,601433650,100.0555066,건화+우리종합(서진),98.56,511480000,99.1559,N
20200706772 - 00,20200707,무등산 고지대 자연마을 수돗물 공급공사 기본 및 실시설계 용역,광주광역시 상수도사업본부,PQ,601100000,601433650,100.0555066,HEC+우빈,98.01,512420000,99.1994,N
20200706772 - 00,20200707,무등산 고지대 자연마을 수돗물 공급공사 기본 및 실시설계 용역,광주광역시 상수도사업본부,PQ,601100000,601433650,100.0555066,유신+동아,97.51,511786000,98.9501,N
20200706772 - 00,20200707,무등산 고지대 자연마을 수돗물 공급공사 기본 및 실시설계 용역,광주광역시 상수도사업본부,PQ,601100000,601433650,100.0555066,동명+평화,97.1,529700000,102.3066,N
20200704809 - 00,20200707,성내~고부간 지방도 확포장공사 감독권한대행 등 건설사업관리용역,전라북도,PQ,2548667000,2565628450,100.6655028,동부+조화,100,1993200000,100.27,N
20200704809 - 00,20200707,성내~고부간 지방도 확포장공사 감독권한대행 등 건설사업관리용역,전라북도,PQ,2548667000,2565628450,100.6655028,KG+더한건설,100,1981270000,99.6699,N
20200704809 - 00,20200707,성내~고부간 지방도 확포장공사 감독권한대행 등 건설사업관리용역,전라북도,PQ,2548667000,2565628450,100.6655028,도화+세화,99.98,1984400000,99.8017,N
20200704809 - 00,20200707,성내~고부간 지방도 확포장공사 감독권한대행 등 건설사업관리용역,전라북도,PQ,2548667000,2565628450,100.6655028,한종+JCN,99.9,1993200000,100.1801,N
20200704809 - 00,20200707,성내~고부간 지방도 확포장공사 감독권한대행 등 건설사업관리용역,전라북도,PQ,2548667000,2565628450,100.6655028,신명+현성,99.7,2002000000,100.4551,N
20200704809 - 00,20200707,성내~고부간 지방도 확포장공사 감독권한대행 등 건설사업관리용역,전라북도,PQ,2548667000,2565628450,100.6655028,서영+한가람,99.65,1981700000,99.3984,N
20200704809 - 00,20200707,성내~고부간 지방도 확포장공사 감독권한대행 등 건설사업관리용역,전라북도,PQ,2548667000,2565628450,100.6655028,건화+가온(주연),99.6,1980400000,99.2951,N
20200704809 - 00,20200707,성내~고부간 지방도 확포장공사 감독권한대행 등 건설사업관리용역,전라북도,PQ,2548667000,2565628450,100.6655028,이산+KCI+항도,99.6,1971640000,98.8559,N
20200704809 - 00,20200707,성내~고부간 지방도 확포장공사 감독권한대행 등 건설사업관리용역,전라북도,PQ,2548667000,2565628450,100.6655028,다산+태영,99.59,2001670000,100.3487,N
20200704809 - 00,20200707,성내~고부간 지방도 확포장공사 감독권한대행 등 건설사업관리용역,전라북도,PQ,2548667000,2565628450,100.6655028,천일+국성,99.5,1979000000,99.1489,N
20200704809 - 00,20200707,성내~고부간 지방도 확포장공사 감독권한대행 등 건설사업관리용역,전라북도,PQ,2548667000,2565628450,100.6655028,유신+세움,99.47,2030095000,101.6828,N
20200704809 - 00,20200707,성내~고부간 지방도 확포장공사 감독권한대행 등 건설사업관리용역,전라북도,PQ,2548667000,2565628450,100.6655028,동명+성광,99.47,2019400000,101.1471,N
20200704809 - 00,20200707,성내~고부간 지방도 확포장공사 감독권한대행 등 건설사업관리용역,전라북도,PQ,2548667000,2565628450,100.6655028,극동+건일,99.45,1972843000,98.7899,N
20200704809 - 00,20200707,성내~고부간 지방도 확포장공사 감독권한대행 등 건설사업관리용역,전라북도,PQ,2548667000,2565628450,100.6655028,용마+세종+범한,99.45,2019358900,101.1192,Y
20200704809 - 00,20200707,성내~고부간 지방도 확포장공사 감독권한대행 등 건설사업관리용역,전라북도,PQ,2548667000,2565628450,100.6655028,홍익+대성,99.42,1970551000,98.6752,N
20200704809 - 00,20200707,성내~고부간 지방도 확포장공사 감독권한대행 등 건설사업관리용역,전라북도,PQ,2548667000,2565628450,100.6655028,동해+아라기술,99.41,2030500000,101.6512,N
20200704809 - 00,20200707,성내~고부간 지방도 확포장공사 감독권한대행 등 건설사업관리용역,전라북도,PQ,2548667000,2565628450,100.6655028,KSM+대도,99.35,2030500000,101.5993,N
20200704809 - 00,20200707,성내~고부간 지방도 확포장공사 감독권한대행 등 건설사업관리용역,전라북도,PQ,2548667000,2565628450,100.6655028,화신+경원+고산,99.29,2022749000,101.1599,N
20200704809 - 00,20200707,성내~고부간 지방도 확포장공사 감독권한대행 등 건설사업관리용역,전라북도,PQ,2548667000,2565628450,100.6655028,동일+유일,99.29,1974900000,98.7669,N
20200704809 - 00,20200707,성내~고부간 지방도 확포장공사 감독권한대행 등 건설사업관리용역,전라북도,PQ,2548667000,2565628450,100.6655028,수성+성원,99.26,2025672000,101.2802,N
20200704809 - 00,20200707,성내~고부간 지방도 확포장공사 감독권한대행 등 건설사업관리용역,전라북도,PQ,2548667000,2565628450,100.6655028,삼안+온길,99.22,2031370000,101.5651,N
20200704809 - 00,20200707,성내~고부간 지방도 확포장공사 감독권한대행 등 건설사업관리용역,전라북도,PQ,2548667000,2565628450,100.6655028,천마+인우,99.22,1971000000,98.5467,N
20200704809 - 00,20200707,성내~고부간 지방도 확포장공사 감독권한대행 등 건설사업관리용역,전라북도,PQ,2548667000,2565628450,100.6655028,한맥+목양,99.19,1969100000,98.4016,N
20200704809 - 00,20200707,성내~고부간 지방도 확포장공사 감독권한대행 등 건설사업관리용역,전라북도,PQ,2548667000,2565628450,100.6655028,선진+천마종합,99.18,1970890000,98.491,N
20200704809 - 00,20200707,성내~고부간 지방도 확포장공사 감독권한대행 등 건설사업관리용역,전라북도,PQ,2548667000,2565628450,100.6655028,동성+길건축,99.15,1967820000,98.3,N
20200704809 - 00,20200707,성내~고부간 지방도 확포장공사 감독권한대행 등 건설사업관리용역,전라북도,PQ,2548667000,2565628450,100.6655028,삼보+태평,99.13,2029570000,101.3718,N
20200704809 - 00,20200707,성내~고부간 지방도 확포장공사 감독권한대행 등 건설사업관리용역,전라북도,PQ,2548667000,2565628450,100.6655028,평화+주영,99.09,2040900000,101.8988,N
20200704809 - 00,20200707,성내~고부간 지방도 확포장공사 감독권한대행 등 건설사업관리용역,전라북도,PQ,2548667000,2565628450,100.6655028,하이콘+성진,99.05,2038430000,101.7496,N
20200704809 - 00,20200707,성내~고부간 지방도 확포장공사 감독권한대행 등 건설사업관리용역,전라북도,PQ,2548667000,2565628450,100.6655028,경동+동운,99,2035000000,101.5396,N
20200704809 - 00,20200707,성내~고부간 지방도 확포장공사 감독권한대행 등 건설사업관리용역,전라북도,PQ,2548667000,2565628450,100.6655028,경호+범한,98.97,2040000000,101.7632,N
20200704809 - 00,20200707,성내~고부간 지방도 확포장공사 감독권한대행 등 건설사업관리용역,전라북도,PQ,2548667000,2565628450,100.6655028,대콘+유현,98.94,2051287000,102.3002,N
20200706721 - 00,20200707,서귀포 중문관광단지 하수관로 정비사업 건설사업관리용역,제주특별자치도 상하수도본부,PQ,2015300000,2024142175,100.4387523,동명+청풍,99.8,1582000000,100.4793,Y
20200706721 - 00,20200707,서귀포 중문관광단지 하수관로 정비사업 건설사업관리용역,제주특별자치도 상하수도본부,PQ,2015300000,2024142175,100.4387523,삼안+해진,99.53,1591700000,100.863,N
20200706721 - 00,20200707,서귀포 중문관광단지 하수관로 정비사업 건설사업관리용역,제주특별자치도 상하수도본부,PQ,2015300000,2024142175,100.4387523,건화+한라(웅진),99.4,1577700000,99.8738,N
20200706721 - 00,20200707,서귀포 중문관광단지 하수관로 정비사업 건설사업관리용역,제주특별자치도 상하수도본부,PQ,2015300000,2024142175,100.4387523,경동+태신,99.2,1571367000,99.3082,N
20200706721 - 00,20200707,서귀포 중문관광단지 하수관로 정비사업 건설사업관리용역,제주특별자치도 상하수도본부,PQ,2015300000,2024142175,100.4387523,도화+JPM,99.17,1569200000,99.146,N
20200706721 - 00,20200707,서귀포 중문관광단지 하수관로 정비사업 건설사업관리용역,제주특별자치도 상하수도본부,PQ,2015300000,2024142175,100.4387523,한종+원,99.13,1599800000,101.0537,N
20200706721 - 00,20200707,서귀포 중문관광단지 하수관로 정비사업 건설사업관리용역,제주특별자치도 상하수도본부,PQ,2015300000,2024142175,100.4387523,신명+도암,99.09,1597978000,100.9001,N
20200706721 - 00,20200707,서귀포 중문관광단지 하수관로 정비사업 건설사업관리용역,제주특별자치도 상하수도본부,PQ,2015300000,2024142175,100.4387523,동성+토펙,99,1603590000,101.19,N
20200706721 - 00,20200707,서귀포 중문관광단지 하수관로 정비사업 건설사업관리용역,제주특별자치도 상하수도본부,PQ,2015300000,2024142175,100.4387523,천일+리헌+제일,98.91,1609690000,101.4975,N
20200706721 - 00,20200707,서귀포 중문관광단지 하수관로 정비사업 건설사업관리용역,제주특별자치도 상하수도본부,PQ,2015300000,2024142175,100.4387523,수성+부림,98.86,1606000000,101.2263,N
20200706721 - 00,20200707,서귀포 중문관광단지 하수관로 정비사업 건설사업관리용역,제주특별자치도 상하수도본부,PQ,2015300000,2024142175,100.4387523,이산+제원,98.76,1565656000,98.5957,N
20200706721 - 00,20200707,서귀포 중문관광단지 하수관로 정비사업 건설사업관리용역,제주특별자치도 상하수도본부,PQ,2015300000,2024142175,100.4387523,범한+해오름,98.44,1622200000,101.8979,N
20200706721 - 00,20200707,서귀포 중문관광단지 하수관로 정비사업 건설사업관리용역,제주특별자치도 상하수도본부,PQ,2015300000,2024142175,100.4387523,서영+DKL,98.08,1644000000,102.9674,N
20200706943 - 00,20200707,월산수북지구 농어촌 생활용수개발사업 건설사업관리용역,전라남도 담양군,PQ,1387443000,1388098600,100.0472524,건화+우리종합,100,1083000000,100.0798,Y
20200706943 - 00,20200707,월산수북지구 농어촌 생활용수개발사업 건설사업관리용역,전라남도 담양군,PQ,1387443000,1388098600,100.0472524,한종+우영,100,1088700000,100.6066,N
20200706943 - 00,20200707,월산수북지구 농어촌 생활용수개발사업 건설사업관리용역,전라남도 담양군,PQ,1387443000,1388098600,100.0472524,천일+우빈,99.95,1092381000,100.895,N
20200706943 - 00,20200707,월산수북지구 농어촌 생활용수개발사업 건설사업관리용역,전라남도 담양군,PQ,1387443000,1388098600,100.0472524,삼안+동아,99.75,1083940000,99.9616,N
20200706943 - 00,20200707,월산수북지구 농어촌 생활용수개발사업 건설사업관리용역,전라남도 담양군,PQ,1387443000,1388098600,100.0472524,동명+신오,99.6,1081400000,99.5999,N
20200706943 - 00,20200707,월산수북지구 농어촌 생활용수개발사업 건설사업관리용역,전라남도 담양군,PQ,1387443000,1388098600,100.0472524,신명+범한,99.6,1077600000,99.25,N
20200706943 - 00,20200707,월산수북지구 농어촌 생활용수개발사업 건설사업관리용역,전라남도 담양군,PQ,1387443000,1388098600,100.0472524,도화+원우,99.58,1089900000,100.37,N
20200706943 - 00,20200707,월산수북지구 농어촌 생활용수개발사업 건설사업관리용역,전라남도 담양군,PQ,1387443000,1388098600,100.0472524,경호+동일+에스이,99.5,1074697000,98.9068,N
20200706943 - 00,20200707,월산수북지구 농어촌 생활용수개발사업 건설사업관리용역,전라남도 담양군,PQ,1387443000,1388098600,100.0472524,선진+한기,99.4,1101460000,101.2793,N
20200706943 - 00,20200707,월산수북지구 농어촌 생활용수개발사업 건설사업관리용역,전라남도 담양군,PQ,1387443000,1388098600,100.0472524,경동+건영,99.22,1075480000,98.7518,N
20200706943 - 00,20200707,월산수북지구 농어촌 생활용수개발사업 건설사업관리용역,전라남도 담양군,PQ,1387443000,1388098600,100.0472524,KCM+산이,99.15,1200000000,110.1153,N
20200707283 - 00,20200707,오포·도척 처리구역 하수관로 정비사업 기본 및 실시설계용역,광주도시관리공사,PQ,1991700000,1995529075,100.1922516,동명+도화,99.22,1567300000,100.2504,Y
20200707283 - 00,20200707,오포·도척 처리구역 하수관로 정비사업 기본 및 실시설계용역,광주도시관리공사,PQ,1991700000,1995529075,100.1922516,선진+화신,98.5,1568300000,99.7299,N
20200707283 - 00,20200707,오포·도척 처리구역 하수관로 정비사업 기본 및 실시설계용역,광주도시관리공사,PQ,1991700000,1995529075,100.1922516,KG+경동,98.16,1596480000,101.2398,N
20200707283 - 00,20200707,오포·도척 처리구역 하수관로 정비사업 기본 및 실시설계용역,광주도시관리공사,PQ,1991700000,1995529075,100.1922516,건양+동부+KCI,97.9,1562298000,98.86,N
20200707283 - 00,20200707,오포·도척 처리구역 하수관로 정비사업 기본 및 실시설계용역,광주도시관리공사,PQ,1991700000,1995529075,100.1922516,건화(테크피아),97.9,1573600000,99.5751,N
20200707283 - 00,20200707,오포·도척 처리구역 하수관로 정비사업 기본 및 실시설계용역,광주도시관리공사,PQ,1991700000,1995529075,100.1922516,이산+유신,97.9,1563820000,98.9563,N
20200707283 - 00,20200707,오포·도척 처리구역 하수관로 정비사업 기본 및 실시설계용역,광주도시관리공사,PQ,1991700000,1995529075,100.1922516,삼안+하이콘+태조,97.6,1560000000,98.4787,N
20200707283 - 00,20200707,오포·도척 처리구역 하수관로 정비사업 기본 및 실시설계용역,광주도시관리공사,PQ,1991700000,1995529075,100.1922516,한종+범한,97.6,1605200000,101.3321,N
20200707283 - 00,20200707,오포·도척 처리구역 하수관로 정비사업 기본 및 실시설계용역,광주도시관리공사,PQ,1991700000,1995529075,100.1922516,제일+서영+경호,97.3,1627580000,102.5,N
20200707616 - 00,20200708,북내지구 다목적농촌용수개발사업 세부설계 용역,한국농어촌공사 경기지역본부,PQ,887558000,887620175,100.0070052,경호+한종+에이스,100,764000000,100.6829,Y
20200707616 - 00,20200708,북내지구 다목적농촌용수개발사업 세부설계 용역,한국농어촌공사 경기지역본부,PQ,887558000,887620175,100.0070052,도화+우경,99.04,758200000,99.6389,N
20200707616 - 00,20200708,북내지구 다목적농촌용수개발사업 세부설계 용역,한국농어촌공사 경기지역본부,PQ,887558000,887620175,100.0070052,동명+유신+삼육,98.96,766500000,100.7061,N
20200707616 - 00,20200708,북내지구 다목적농촌용수개발사업 세부설계 용역,한국농어촌공사 경기지역본부,PQ,887558000,887620175,100.0070052,평화+동부+건일,98.82,758300000,99.5823,N
20200707616 - 00,20200708,북내지구 다목적농촌용수개발사업 세부설계 용역,한국농어촌공사 경기지역본부,PQ,887558000,887620175,100.0070052,수성+건화+삼안,98.08,768955000,100.7702,N
20200707616 - 00,20200708,북내지구 다목적농촌용수개발사업 세부설계 용역,한국농어촌공사 경기지역본부,PQ,887558000,887620175,100.0070052,다산+동일,97.82,757514000,99.1901,N
20200707616 - 00,20200708,북내지구 다목적농촌용수개발사업 세부설계 용역,한국농어촌공사 경기지역본부,PQ,887558000,887620175,100.0070052,화신+동해,96.72,789932000,103.1114,N
20200708752 - 00,20200708,하남시 하수도정비기본계획(부분변경) 및 물재이용관리계획(변경)수립용역,경기도 하남시 친환경사업소,PQ,1551000000,1554509150,100.2262508,도화+동명,99.94,1224200000,101.1466,Y
20200708752 - 00,20200708,하남시 하수도정비기본계획(부분변경) 및 물재이용관리계획(변경)수립용역,경기도 하남시 친환경사업소,PQ,1551000000,1554509150,100.2262508,동성+한종+건화,98,1220948000,99.3,N
20200708752 - 00,20200708,하남시 하수도정비기본계획(부분변경) 및 물재이용관리계획(변경)수립용역,경기도 하남시 친환경사업소,PQ,1551000000,1554509150,100.2262508,삼안+한맥,97.88,1474000000,119.7599,N
2002567 - 00,20200709,청주지북 공공지원민간임대주택 공급촉진지구 사후환경영향조사용역(공사시),한국토지주택공사,PQ,602800000,601879000,99.84721301,도화+신일,99.24,515750000,99.853,Y
2002567 - 00,20200709,청주지북 공공지원민간임대주택 공급촉진지구 사후환경영향조사용역(공사시),한국토지주택공사,PQ,602800000,601879000,99.84721301,서영+세일+퍼스트,99.17,518200000,100.3039,N
2002567 - 00,20200709,청주지북 공공지원민간임대주택 공급촉진지구 사후환경영향조사용역(공사시),한국토지주택공사,PQ,602800000,601879000,99.84721301,평화+경동+엔탑,99.16,515700000,99.82,N
2002567 - 00,20200709,청주지북 공공지원민간임대주택 공급촉진지구 사후환경영향조사용역(공사시),한국토지주택공사,PQ,602800000,601879000,99.84721301,동명+세광+중앙,99.13,516600000,99.9826,N
2002567 - 00,20200709,청주지북 공공지원민간임대주택 공급촉진지구 사후환경영향조사용역(공사시),한국토지주택공사,PQ,602800000,601879000,99.84721301,동성+디에스,99.13,519790000,100.6,N
2002567 - 00,20200709,청주지북 공공지원민간임대주택 공급촉진지구 사후환경영향조사용역(공사시),한국토지주택공사,PQ,602800000,601879000,99.84721301,홍익+신성+중천,99.13,519790000,100.6,N
2002567 - 00,20200709,청주지북 공공지원민간임대주택 공급촉진지구 사후환경영향조사용역(공사시),한국토지주택공사,PQ,602800000,601879000,99.84721301,유신+대현,99.07,521555000,100.918,N
2002567 - 00,20200709,청주지북 공공지원민간임대주택 공급촉진지구 사후환경영향조사용역(공사시),한국토지주택공사,PQ,602800000,601879000,99.84721301,건화+우신,99.03,513500000,99.3478,N
2002567 - 00,20200709,청주지북 공공지원민간임대주택 공급촉진지구 사후환경영향조사용역(공사시),한국토지주택공사,PQ,602800000,601879000,99.84721301,KG+한맥+동부+CNS,98.93,515230000,99.6593,N
2002567 - 00,20200709,청주지북 공공지원민간임대주택 공급촉진지구 사후환경영향조사용역(공사시),한국토지주택공사,PQ,602800000,601879000,99.84721301,이산+휴먼,98.84,513590000,99.3189,N
2002567 - 00,20200709,청주지북 공공지원민간임대주택 공급촉진지구 사후환경영향조사용역(공사시),한국토지주택공사,PQ,602800000,601879000,99.84721301,동아+예평+자연과사람,98.67,523100000,101.099,N
2002567 - 00,20200709,청주지북 공공지원민간임대주택 공급촉진지구 사후환경영향조사용역(공사시),한국토지주택공사,PQ,602800000,601879000,99.84721301,선진+한종+한국환경,97.74,524960000,101.1874,N
2002567 - 00,20200709,청주지북 공공지원민간임대주택 공급촉진지구 사후환경영향조사용역(공사시),한국토지주택공사,PQ,602800000,601879000,99.84721301,동일+다원,97.63,524600000,101.0828,N
2002567 - 00,20200709,청주지북 공공지원민간임대주택 공급촉진지구 사후환경영향조사용역(공사시),한국토지주택공사,PQ,602800000,601879000,99.84721301,삼안+다산+국토환경,97.26,541420000,104.2148,N
2020-02-000440-00 ,20200710,호남선 서대전~가수원 등 22개소 재해예방시설개량공사 감독 권한대행 등 건설사업관리용역,한국철도시설공단,PQ,1983351700,1965118598,99.08069245,유신+일신,100,1549700000,100.18,N
2020-02-000440-00 ,20200710,호남선 서대전~가수원 등 22개소 재해예방시설개량공사 감독 권한대행 등 건설사업관리용역,한국철도시설공단,PQ,1983351700,1965118598,99.08069245,태조+이산+동일,100,1553300000,100.4127,N
2020-02-000440-00 ,20200710,호남선 서대전~가수원 등 22개소 재해예방시설개량공사 감독 권한대행 등 건설사업관리용역,한국철도시설공단,PQ,1983351700,1965118598,99.08069245,KRTC+도화,100,1550000000,100.1994,N
2020-02-000440-00 ,20200710,호남선 서대전~가수원 등 22개소 재해예방시설개량공사 감독 권한대행 등 건설사업관리용역,한국철도시설공단,PQ,1983351700,1965118598,99.08069245,대콘+수성,99.92,1543678900,99.7141,N
2020-02-000440-00 ,20200710,호남선 서대전~가수원 등 22개소 재해예방시설개량공사 감독 권한대행 등 건설사업관리용역,한국철도시설공단,PQ,1983351700,1965118598,99.08069245,삼보+경동,99.83,1553440000,100.2675,N
2020-02-000440-00 ,20200710,호남선 서대전~가수원 등 22개소 재해예방시설개량공사 감독 권한대행 등 건설사업관리용역,한국철도시설공단,PQ,1983351700,1965118598,99.08069245,선구+대건+선진,99.58,1577000000,101.5672,N
2020-02-000440-00 ,20200710,호남선 서대전~가수원 등 22개소 재해예방시설개량공사 감독 권한대행 등 건설사업관리용역,한국철도시설공단,PQ,1983351700,1965118598,99.08069245,동부+서현+동명,99.56,1539076000,99.0994,Y
2020-02-000440-00 ,20200710,호남선 서대전~가수원 등 22개소 재해예방시설개량공사 감독 권한대행 등 건설사업관리용역,한국철도시설공단,PQ,1983351700,1965118598,99.08069245,동해+서영+다산,99.56,1577900000,101.5992,N
2020-02-000440-00 ,20200710,호남선 서대전~가수원 등 22개소 재해예방시설개량공사 감독 권한대행 등 건설사업관리용역,한국철도시설공단,PQ,1983351700,1965118598,99.08069245,신성+삼안+건화,99.38,1570065000,100.94,N
2020-02-000439-00,20200710,경부선 영동~황간 등 26개소 재해예방시설개량공사 감독 권한대행 등 건설사업관리용역,한국철도시설공단,PQ,2015651000,2019163876,100.17428,수성+대콘,100,1575251000,100.2,Y
2020-02-000439-00,20200710,경부선 영동~황간 등 26개소 재해예방시설개량공사 감독 권한대행 등 건설사업관리용역,한국철도시설공단,PQ,2015651000,2019163876,100.17428,동명+서현+동부,100,1582000000,100.6293,N
2020-02-000439-00,20200710,경부선 영동~황간 등 26개소 재해예방시설개량공사 감독 권한대행 등 건설사업관리용역,한국철도시설공단,PQ,2015651000,2019163876,100.17428,도화+KRTC,99.85,1577730000,100.2292,N
2020-02-000439-00,20200710,경부선 영동~황간 등 26개소 재해예방시설개량공사 감독 권한대행 등 건설사업관리용역,한국철도시설공단,PQ,2015651000,2019163876,100.17428,이산+태조+동일,99.8,1571770000,99.7994,N
2020-02-000439-00,20200710,경부선 영동~황간 등 26개소 재해예방시설개량공사 감독 권한대행 등 건설사업관리용역,한국철도시설공단,PQ,2015651000,2019163876,100.17428,유신+일신,99.8,1571212000,99.764,N
2020-02-000439-00,20200710,경부선 영동~황간 등 26개소 재해예방시설개량공사 감독 권한대행 등 건설사업관리용역,한국철도시설공단,PQ,2015651000,2019163876,100.17428,다산+서영+동해,99.73,1566166000,99.38,N
2020-02-000439-00,20200710,경부선 영동~황간 등 26개소 재해예방시설개량공사 감독 권한대행 등 건설사업관리용역,한국철도시설공단,PQ,2015651000,2019163876,100.17428,경동+삼보+화정,99.63,1565199000,99.2298,N
2020-02-000439-00,20200710,경부선 영동~황간 등 26개소 재해예방시설개량공사 감독 권한대행 등 건설사업관리용역,한국철도시설공단,PQ,2015651000,2019163876,100.17428,대건+선진+선구,99.6,1588006000,100.65,N
2020-02-000439-00,20200710,경부선 영동~황간 등 26개소 재해예방시설개량공사 감독 권한대행 등 건설사업관리용역,한국철도시설공단,PQ,2015651000,2019163876,100.17428,건화+신성+삼안,99.34,1600800000,101.2281,N
20200711194 - 00,20200710,"2020년 당진시(한진포구), 서산시(벌말항) 어촌뉴딜사업 기본 및 실시설계용역(개찰3순위)",한국어촌어항공단,SOQ,1212860000,1206971600,99.51450291,항도+대영+한맥+천마,97.01,977900000,100.8917,Y
20200711194 - 00,20200710,"2020년 당진시(한진포구), 서산시(벌말항) 어촌뉴딜사업 기본 및 실시설계용역(개찰3순위)",한국어촌어항공단,SOQ,1212860000,1206971600,99.51450291,한종+세일+동명+대양,94.81,977500000,99.1019,N
20200711202 - 00,20200710,"2020년 보령시 어촌뉴딜사업(장고도, 고대도, 호도항) 기본 및 실시설계용역",한국어촌어항공단,SOQ,1819710000,1793428900,98.55575339,세일+대영+건화+대양(쏘일테크+한국공간정보),96.12,1500730000,102.4673,Y
20200711202 - 00,20200710,"2020년 보령시 어촌뉴딜사업(장고도, 고대도, 호도항) 기본 및 실시설계용역",한국어촌어항공단,SOQ,1819710000,1793428900,98.55575339,한항+더그린,96.05,1506350000,102.8,N
20200711186 - 00,20200710,"2020년 제주시 어촌뉴딜사업(하우목동권역, 고내항) 기본 및 실시설계 용역(개찰1순위)",한국어촌어항공단,SOQ,1905240000,1882162850,98.78875365,동명+아라+한종+혜인+JPM,98.4,1513713000,100.5378,Y
20200711186 - 00,20200710,"2020년 제주시 어촌뉴딜사업(하우목동권역, 고내항) 기본 및 실시설계 용역(개찰1순위)",한국어촌어항공단,SOQ,1905240000,1882162850,98.78875365,대영+해진+건화(기반이엔씨+오션그래픽),97.07,1559900000,102.5029,N
20200710299 - 01,20200709,마상천 재해복구사업 건설사업관리(감독권한대행)용역,강원도 동해시,PQ,385375000,385307600,99.98251054,동남+건화,100,334900000,100.1814,Y
20200710299 - 01,20200709,마상천 재해복구사업 건설사업관리(감독권한대행)용역,강원도 동해시,PQ,385375000,385307600,99.98251054,용마+형제,99.42,334114000,99.8887,N
20200710299 - 01,20200709,마상천 재해복구사업 건설사업관리(감독권한대행)용역,강원도 동해시,PQ,385375000,385307600,99.98251054,KSM+한울,99.39,334170000,99.8939,N
20200710299 - 01,20200709,마상천 재해복구사업 건설사업관리(감독권한대행)용역,강원도 동해시,PQ,385375000,385307600,99.98251054,서광+청솔+홍익,99.12,334233800,99.89,N
20200710299 - 01,20200709,마상천 재해복구사업 건설사업관리(감독권한대행)용역,강원도 동해시,PQ,385375000,385307600,99.98251054,동해종합+동해,99.1,332514000,99.376,N
20200710299 - 01,20200709,마상천 재해복구사업 건설사업관리(감독권한대행)용역,강원도 동해시,PQ,385375000,385307600,99.98251054,진화+동아,99.1,333470000,99.6617,N
20200710299 - 01,20200709,마상천 재해복구사업 건설사업관리(감독권한대행)용역,강원도 동해시,PQ,385375000,385307600,99.98251054,경호+일신,99.07,331760000,99.1507,N
20200710299 - 01,20200709,마상천 재해복구사업 건설사업관리(감독권한대행)용역,강원도 동해시,PQ,385375000,385307600,99.98251054,고려+화신,96.95,343285000,102.3828,N
20200712405 - 00,20200713,강진군 망호항 어촌뉴딜300사업 기본 및 실시설계 용역,한국농어촌공사 전남지역본부,PQ,463100000,459360525,99.19251242,유신+평화,97.46,404749000,100.5001,N
20200712405 - 00,20200713,강진군 망호항 어촌뉴딜300사업 기본 및 실시설계 용역,한국농어촌공사 전남지역본부,PQ,463100000,459360525,99.19251242,세일+천마+신명,96.86,404900000,100.4798,N
20200712405 - 00,20200713,강진군 망호항 어촌뉴딜300사업 기본 및 실시설계 용역,한국농어촌공사 전남지역본부,PQ,463100000,459360525,99.19251242,한종+동명+신오,96.78,402600000,99.8976,N
20200712405 - 00,20200713,강진군 망호항 어촌뉴딜300사업 기본 및 실시설계 용역,한국농어촌공사 전남지역본부,PQ,463100000,459360525,99.19251242,건화+한기(삼기지질+한국공간정보+미래해양),95.58,401500000,99.5103,Y
20200712405 - 00,20200713,강진군 망호항 어촌뉴딜300사업 기본 및 실시설계 용역,한국농어촌공사 전남지역본부,PQ,463100000,459360525,99.19251242,서영+하이콘,94.92,407600000,100.9526,N
20200712788 - 01,20200713,진천처리구역 차집관로 정비사업 건설사업관리 용역,충청북도 진천군 상하수도사업소,PQ,1082000000,1078716175,99.69650416,건화+홍익,100,926900000,100.1994,N
20200712788 - 01,20200713,진천처리구역 차집관로 정비사업 건설사업관리 용역,충청북도 진천군 상하수도사업소,PQ,1082000000,1078716175,99.69650416,용마+해린,100,926640000,100.1712,Y
20200712788 - 01,20200713,진천처리구역 차집관로 정비사업 건설사업관리 용역,충청북도 진천군 상하수도사업소,PQ,1082000000,1078716175,99.69650416,한종+영진,99.98,926850000,100.1822,N
20200712788 - 01,20200713,진천처리구역 차집관로 정비사업 건설사업관리 용역,충청북도 진천군 상하수도사업소,PQ,1082000000,1078716175,99.69650416,신명+태광,99.81,922173000,99.6301,N
20200712788 - 01,20200713,진천처리구역 차집관로 정비사업 건설사업관리 용역,충청북도 진천군 상하수도사업소,PQ,1082000000,1078716175,99.69650416,경동+동림,99.8,921794000,99.5891,N
20200712788 - 01,20200713,진천처리구역 차집관로 정비사업 건설사업관리 용역,충청북도 진천군 상하수도사업소,PQ,1082000000,1078716175,99.69650416,선진+수일,99.75,929800000,100.4424,N
20200712788 - 01,20200713,진천처리구역 차집관로 정비사업 건설사업관리 용역,충청북도 진천군 상하수도사업소,PQ,1082000000,1078716175,99.69650416,도화+청우,99.68,920800000,99.4469,N
20200712788 - 01,20200713,진천처리구역 차집관로 정비사업 건설사업관리 용역,충청북도 진천군 상하수도사업소,PQ,1082000000,1078716175,99.69650416,범한+도우,99.63,930850000,100.5205,N
20200712788 - 01,20200713,진천처리구역 차집관로 정비사업 건설사업관리 용역,충청북도 진천군 상하수도사업소,PQ,1082000000,1078716175,99.69650416,천일+한맥E,99.6,927250000,100.1318,N
20200712788 - 01,20200713,진천처리구역 차집관로 정비사업 건설사업관리 용역,충청북도 진천군 상하수도사업소,PQ,1082000000,1078716175,99.69650416,동명+대원,99.5,935050000,100.9505,N
20200712788 - 01,20200713,진천처리구역 차집관로 정비사업 건설사업관리 용역,충청북도 진천군 상하수도사업소,PQ,1082000000,1078716175,99.69650416,동해+건양,99.5,929465000,100.3475,N
20200712788 - 01,20200713,진천처리구역 차집관로 정비사업 건설사업관리 용역,충청북도 진천군 상하수도사업소,PQ,1082000000,1078716175,99.69650416,KG+유일,99.44,930910000,100.4801,N
20200712788 - 01,20200713,진천처리구역 차집관로 정비사업 건설사업관리 용역,충청북도 진천군 상하수도사업소,PQ,1082000000,1078716175,99.69650416,경원+옥토,99.41,928097000,100.1764,N
20200712788 - 01,20200713,진천처리구역 차집관로 정비사업 건설사업관리 용역,충청북도 진천군 상하수도사업소,PQ,1082000000,1078716175,99.69650416,KCM+지명,99.32,917950000,99.058,N
20200712788 - 01,20200713,진천처리구역 차집관로 정비사업 건설사업관리 용역,충청북도 진천군 상하수도사업소,PQ,1082000000,1078716175,99.69650416,대콘+오성,99.25,933690000,100.7331,N
20200712788 - 01,20200713,진천처리구역 차집관로 정비사업 건설사업관리 용역,충청북도 진천군 상하수도사업소,PQ,1082000000,1078716175,99.69650416,이산+창민,99.15,915951000,98.7962,N
20200712788 - 01,20200713,진천처리구역 차집관로 정비사업 건설사업관리 용역,충청북도 진천군 상하수도사업소,PQ,1082000000,1078716175,99.69650416,서영+좋은,98.95,940100000,101.3418,N
20200712788 - 01,20200713,진천처리구역 차집관로 정비사업 건설사업관리 용역,충청북도 진천군 상하수도사업소,PQ,1082000000,1078716175,99.69650416,제일+도명,98.87,949100000,102.3001,N
20200713586 - 00,20200713,"2020년 고성군 어촌뉴딜사업(당동항, 당항항, 동문항) 기본 및 실시설계용역(개찰1순위)",한국어촌어항공단,SOQ,2076800000,2069219725,99.63500217,한항+수성+천일+서영,97.93,1692515000,102.7372,Y
20200713586 - 00,20200713,"2020년 고성군 어촌뉴딜사업(당동항, 당항항, 동문항) 기본 및 실시설계용역(개찰1순위)",한국어촌어항공단,SOQ,2076800000,2069219725,99.63500217,세일+대영,95.23,1707000000,101.4049,N
20200713317 - 00,20200713,송림항 어촌뉴딜300사업 실시설계용역(해양토목),한국농어촌공사 충남지역본부,PQ,340000000,338607700,99.5905,세일+동명,99.05,294343000,99.8,Y
20200713317 - 00,20200713,송림항 어촌뉴딜300사업 실시설계용역(해양토목),한국농어촌공사 충남지역본부,PQ,340000000,338607700,99.5905,한종+수성E,99.04,296000000,100.3618,N
20200713317 - 00,20200713,송림항 어촌뉴딜300사업 실시설계용역(해양토목),한국농어촌공사 충남지역본부,PQ,340000000,338607700,99.5905,건화(삼기지질+한국공간정보),98.32,300000000,101.718,N
20200713317 - 00,20200713,송림항 어촌뉴딜300사업 실시설계용역(해양토목),한국농어촌공사 충남지역본부,PQ,340000000,338607700,99.5905,서영+천마,96.35,294500000,99.7497,N
20200713398 - 00,20200713,"2020년 남해군 어촌뉴딜사업(상주항, 장포항, 지족항) 기본 및 실시설계용역(개찰4순위)",한국어촌어항공단,SOQ,1538240000,1529672075,99.44300467,건일+혜인,98.46,1241900000,102.2158,Y
20200713398 - 00,20200713,"2020년 남해군 어촌뉴딜사업(상주항, 장포항, 지족항) 기본 및 실시설계용역(개찰4순위)",한국어촌어항공단,SOQ,1538240000,1529672075,99.44300467,항도+대영+건화+천일(지오메카+한올),97.6,1246600000,101.8931,N
20200713401 - 00,20200713,"2020년 창원시 어촌뉴딜사업(삼포항, 안성항, 진동항)) 기본 및 실시설계용역(개찰2순위)",한국어촌어항공단,SOQ,2074820000,2071375875,99.83400367,대영+세일+천일,98.06,1685460000,102.51,Y
20200713401 - 00,20200713,"2020년 창원시 어촌뉴딜사업(삼포항, 안성항, 진동항)) 기본 및 실시설계용역(개찰2순위)",한국어촌어항공단,SOQ,2074820000,2071375875,99.83400367,혜인,93.99,1703230000,100.3,N
20200713405 - 00,20200713,"2020년 하동군 어촌뉴딜사업(구노량항, 대도항) 기본 및 실시설계용역(개찰7순위)",한국어촌어항공단,SOQ,1184480000,1199848675,101.297504,수성+세광,96.73,986700000,104.0045,Y
20200713405 - 00,20200713,"2020년 하동군 어촌뉴딜사업(구노량항, 대도항) 기본 및 실시설계용역(개찰7순위)",한국어촌어항공단,SOQ,1184480000,1199848675,101.297504,한종,95.03,1017460000,105.8069,N
20200713384 - 00,20200713,"2020년 부산시 해운대구(청사포항), 영도구(하리항) 어촌뉴딜사업 기본 및 실시설계용역(개찰6순위)",한국어촌어항공단,SOQ,1249160000,1233111450,98.71525265,혜인+서영+삼영,96.7,1030000000,102.9213,N
20200713384 - 00,20200713,"2020년 부산시 해운대구(청사포항), 영도구(하리항) 어촌뉴딜사업 기본 및 실시설계용역(개찰6순위)",한국어촌어항공단,SOQ,1249160000,1233111450,98.71525265,도화+연안항만,96.62,1000076000,99.8689,Y
20200713384 - 00,20200713,"2020년 부산시 해운대구(청사포항), 영도구(하리항) 어촌뉴딜사업 기본 및 실시설계용역(개찰6순위)",한국어촌어항공단,SOQ,1249160000,1233111450,98.71525265,아라+이화,91.69,0,0,N
20200713384 - 00,20200713,"2020년 부산시 해운대구(청사포항), 영도구(하리항) 어촌뉴딜사업 기본 및 실시설계용역(개찰6순위)",한국어촌어항공단,SOQ,1249160000,1233111450,98.71525265,유신+거원+경성,91.11,1111752000,106.3512,N
20200713396 - 00,20200713,"2020년 통영시 어촌뉴딜사업(내지항, 달아항, 학림항) 기본 및 실시설계용역(개찰5순위)",한국어촌어항공단,SOQ,1338700000,1346076300,100.5510047,세광+수성+유신,95.96,1111550000,103.0366,Y
20200713396 - 00,20200713,"2020년 통영시 어촌뉴딜사업(내지항, 달아항, 학림항) 기본 및 실시설계용역(개찰5순위)",한국어촌어항공단,SOQ,1338700000,1346076300,100.5510047,대양+동명,92.29,1190000000,107.183,N
20200713318 - 00,20200713,삼도2동 자연재해위험개선지구 정비사업 건설사업관리용역 ,제주특별자치도 제주시,PQ,1063128000,1061631700,99.85925495,한종+JPM,99.95,912000000,100.3153,N
20200713318 - 00,20200713,삼도2동 자연재해위험개선지구 정비사업 건설사업관리용역 ,제주특별자치도 제주시,PQ,1063128000,1061631700,99.85925495,천일+해진,99.63,910690000,100.0892,Y
20200713318 - 00,20200713,삼도2동 자연재해위험개선지구 정비사업 건설사업관리용역 ,제주특별자치도 제주시,PQ,1063128000,1061631700,99.85925495,극동+제원,99.63,907603000,99.75,N
20200713318 - 00,20200713,삼도2동 자연재해위험개선지구 정비사업 건설사업관리용역 ,제주특별자치도 제주시,PQ,1063128000,1061631700,99.85925495,경동+토펙,99.54,913354000,100.3586,N
20200713318 - 00,20200713,삼도2동 자연재해위험개선지구 정비사업 건설사업관리용역 ,제주특별자치도 제주시,PQ,1063128000,1061631700,99.85925495,서영+DKL,99.52,915100000,100.5504,N
20200713318 - 00,20200713,삼도2동 자연재해위험개선지구 정비사업 건설사업관리용역 ,제주특별자치도 제주시,PQ,1063128000,1061631700,99.85925495,동성+그룹케이+삼영,99.49,903735000,99.29,N
20200713318 - 00,20200713,삼도2동 자연재해위험개선지구 정비사업 건설사업관리용역 ,제주특별자치도 제주시,PQ,1063128000,1061631700,99.85925495,도화+청풍,99.41,906100000,99.5382,N
20200713318 - 00,20200713,삼도2동 자연재해위험개선지구 정비사업 건설사업관리용역 ,제주특별자치도 제주시,PQ,1063128000,1061631700,99.85925495,평화+태신+KCI,99.34,915200000,100.5144,N
20200713318 - 00,20200713,삼도2동 자연재해위험개선지구 정비사업 건설사업관리용역 ,제주특별자치도 제주시,PQ,1063128000,1061631700,99.85925495,건화+한라(웅진),99.32,902800000,99.1526,N
20200713318 - 00,20200713,삼도2동 자연재해위험개선지구 정비사업 건설사업관리용역 ,제주특별자치도 제주시,PQ,1063128000,1061631700,99.85925495,이산+해오름,99.24,925300000,101.6,N
20200713318 - 00,20200713,삼도2동 자연재해위험개선지구 정비사업 건설사업관리용역 ,제주특별자치도 제주시,PQ,1063128000,1061631700,99.85925495,신명+도암,99.1,960000000,105.3732,N
20200713390 - 00,20200713,"2020년 거제시(산전항, 예구항, 저구항) 어촌뉴딜사업 기본 및 실시설계용역(개찰3순위)",한국어촌어항공단,SOQ,1667710000,1673163450,100.3270023,아라+수성+건화(천진+삼기지질),98.6,1340000000,101.8438,Y
20200713390 - 00,20200713,"2020년 거제시(산전항, 예구항, 저구항) 어촌뉴딜사업 기본 및 실시설계용역(개찰3순위)",한국어촌어항공단,SOQ,1667710000,1673163450,100.3270023,서영+혜인+삼안,94.6,1389600000,102.2943,N
20200713390 - 00,20200713,"2020년 거제시(산전항, 예구항, 저구항) 어촌뉴딜사업 기본 및 실시설계용역(개찰3순위)",한국어촌어항공단,SOQ,1667710000,1673163450,100.3270023,도화+한성,93.53,1530000000,111.6837,N
20200715634 - 00,20200715,경산시 상수관망 현대화사업 기본 및 실시설계용역,경상북도 경산시,PQ,2675200000,2651357350,99.10875262,건화+삼보+세연+도화(디에스),100,2108680000,101.0619,Y
20200715634 - 00,20200715,경산시 상수관망 현대화사업 기본 및 실시설계용역,경상북도 경산시,PQ,2675200000,2651357350,99.10875262,한종+청우+다산+이산,98.2,2146000000,101.3433,N
20200715634 - 00,20200715,경산시 상수관망 현대화사업 기본 및 실시설계용역,경상북도 경산시,PQ,2675200000,2651357350,99.10875262,삼안+태성+한도,97.78,2098800000,98.7774,N
20200715634 - 00,20200715,경산시 상수관망 현대화사업 기본 및 실시설계용역,경상북도 경산시,PQ,2675200000,2651357350,99.10875262,화신+주하,97.01,2159250000,100.9993,N
20200715634 - 00,20200715,경산시 상수관망 현대화사업 기본 및 실시설계용역,경상북도 경산시,PQ,2675200000,2651357350,99.10875262,선진+세원+평화,96.33,2199900000,102.35,N
20200715883 - 01,20200715,"2020년 군산시(비안도항, 선유1구항), 고창군(죽도항) 기본 및 실시설계용역(개찰1순위)",한국어촌어항공단,SOQ,1924670000,1908858900,99.17850333,항도+대영+건화+동명(삼기지질+한국공간정보),97.59,1556800000,101.6866,Y
20200715883 - 01,20200715,"2020년 군산시(비안도항, 선유1구항), 고창군(죽도항) 기본 및 실시설계용역(개찰1순위)",한국어촌어항공단,SOQ,1924670000,1908858900,99.17850333,건일,93.76,1600820000,101.4376,N
20200715883 - 01,20200715,"2020년 군산시(비안도항, 선유1구항), 고창군(죽도항) 기본 및 실시설계용역(개찰1순위)",한국어촌어항공단,SOQ,1924670000,1908858900,99.17850333,한종+세일+혜인+한가람,93.48,1760000000,111.2799,N
20200715995 - 00,20200715,"2020년 완도군(당인항, 모도항, 신구항) 기본 및 실시설계용역(개찰2순위)",한국어촌어항공단,SOQ,1899260000,1901862025,100.137002,아라+지오플랜+혜인,98.59,1541320000,102.8499,Y
20200715995 - 00,20200715,"2020년 완도군(당인항, 모도항, 신구항) 기본 및 실시설계용역(개찰2순위)",한국어촌어항공단,SOQ,1899260000,1901862025,100.137002,도화+한기,96.28,1564800000,102.4942,N
20200716004 - 00,20200715,"2020년 무안군(송현항, 영해항), 신안군(당사항) 어촌뉴딜사업 기본 및 실시설계용역(개찰3순위)",한국어촌어항공단,SOQ,1885180000,1873807700,99.39675256,건일+동명+건화+신명(예성+오션그래픽),95.38,1561300000,102.3034,Y
20200716004 - 00,20200715,"2020년 무안군(송현항, 영해항), 신안군(당사항) 어촌뉴딜사업 기본 및 실시설계용역(개찰3순위)",한국어촌어항공단,SOQ,1885180000,1873807700,99.39675256,천일+혜인,94.13,1572000000,101.9965,N
20200716025 - 00,20200715,"2020년 여수시(둔병항, 우학항, 직포항) 기본 및 실시설계용역(개찰4순위)",한국어촌어항공단,SOQ,1595880000,1575161525,98.70175232,혜인+평화+천마,99.04,1293000000,103.0606,Y
20200716025 - 00,20200715,"2020년 여수시(둔병항, 우학항, 직포항) 기본 및 실시설계용역(개찰4순위)",한국어촌어항공단,SOQ,1595880000,1575161525,98.70175232,대영+기찬,92.7,1332000000,100.9555,N
20200715890 - 00,20200715,"2020년 부안군(깊은금항, 벌금항) 어촌뉴딜사업 기본 및 실시설계용역(개찰5순위)",한국어촌어항공단,SOQ,1593680000,1589552400,99.74100196,세광+항도+동명+삼안,97.63,1315200000,103.7867,Y
20200715890 - 00,20200715,"2020년 부안군(깊은금항, 벌금항) 어촌뉴딜사업 기본 및 실시설계용역(개찰5순위)",한국어촌어항공단,SOQ,1593680000,1589552400,99.74100196,한항+평화+천일,95.42,1371000000,106.2918,N
20200716031 - 00,20200715,"2020년 진도군(귀성항), 장흥군(우산항) 기본 및 실시설계용역(개찰6순위)",한국어촌어항공단,SOQ,1262140000,1267810200,100.4492529,도화+한기,98.78,1019500000,102.5265,Y
20200716031 - 00,20200715,"2020년 진도군(귀성항), 장흥군(우산항) 기본 및 실시설계용역(개찰6순위)",한국어촌어항공단,SOQ,1262140000,1267810200,100.4492529,아라+지오플랜,95.26,1021700000,99.8949,N
20200716001 - 02,20200715,"2020년 해남군 어촌뉴딜사업(갈산항, 남성항) 기본 및 실시설계용역(개찰7순위)",한국어촌어항공단,SOQ,1202850000,1211501325,100.7192356,한항+평화+천일,98.05,991771000,104.0466,Y
20200716001 - 02,20200715,"2020년 해남군 어촌뉴딜사업(갈산항, 남성항) 기본 및 실시설계용역(개찰7순위)",한국어촌어항공단,SOQ,1202850000,1211501325,100.7192356,세광+항도+삼안+동명,93.11,1063000000,107.2428,N
20200716517 - 00,20200715,서부산권 복합산업유통단지 조성사업 환경영향평가용역,부산도시공사,PQ,850787000,845510050,99.37975663,수성+한맥+레오,99.6,729597000,100.1993,N
20200716517 - 00,20200715,서부산권 복합산업유통단지 조성사업 환경영향평가용역,부산도시공사,PQ,850787000,845510050,99.37975663,평화+혜인+덕영,99.3,728600000,99.9806,N
20200716517 - 00,20200715,서부산권 복합산업유통단지 조성사업 환경영향평가용역,부산도시공사,PQ,850787000,845510050,99.37975663,한종+엔탑+메이텍,99.23,728000000,99.8866,N
20200716517 - 00,20200715,서부산권 복합산업유통단지 조성사업 환경영향평가용역,부산도시공사,PQ,850787000,845510050,99.37975663,도화+한성+신일,99.18,732730000,100.5121,N
20200716517 - 00,20200715,서부산권 복합산업유통단지 조성사업 환경영향평가용역,부산도시공사,PQ,850787000,845510050,99.37975663,삼안+부경+경동,99.08,725120000,99.445,Y
20200716517 - 00,20200715,서부산권 복합산업유통단지 조성사업 환경영향평가용역,부산도시공사,PQ,850787000,845510050,99.37975663,KG+서영+길평,98.97,724090000,99.2806,N
20200716517 - 00,20200715,서부산권 복합산업유통단지 조성사업 환경영향평가용역,부산도시공사,PQ,850787000,845510050,99.37975663,동아+선일+동명+퍼스트,98.95,731850000,100.3328,N
20200716517 - 00,20200715,서부산권 복합산업유통단지 조성사업 환경영향평가용역,부산도시공사,PQ,850787000,845510050,99.37975663,동성+수엔지,98.86,723755000,99.1999,N
20200716517 - 00,20200715,서부산권 복합산업유통단지 조성사업 환경영향평가용역,부산도시공사,PQ,850787000,845510050,99.37975663,이산+삼경+동해+kci,98.84,721680000,98.9155,N
20200716517 - 00,20200715,서부산권 복합산업유통단지 조성사업 환경영향평가용역,부산도시공사,PQ,850787000,845510050,99.37975663,다산+세일,98.61,721980000,98.899,N
20200716517 - 00,20200715,서부산권 복합산업유통단지 조성사업 환경영향평가용역,부산도시공사,PQ,850787000,845510050,99.37975663,신성+한가람,98.57,724880000,99.2846,N
20200716517 - 00,20200715,서부산권 복합산업유통단지 조성사업 환경영향평가용역,부산도시공사,PQ,850787000,845510050,99.37975663,홍익+KSM+DS,98.14,747680000,102.3002,N
20200716517 - 00,20200715,서부산권 복합산업유통단지 조성사업 환경영향평가용역,부산도시공사,PQ,850787000,845510050,99.37975663,건화+거원+우신,97.9,750000000,102.546,N
20200714787 - 00,20200715,"서천, 장항읍 하수도사업 통합 건설사업관리용역",충청남도 서천군 맑은물사업소,PQ,3108495000,3114307925,100.1870013,건화+장맥+경원,100,2400000000,98.9907,N
20200714787 - 00,20200715,"서천, 장항읍 하수도사업 통합 건설사업관리용역",충청남도 서천군 맑은물사업소,PQ,3108495000,3114307925,100.1870013,경호+세종+서영,100,2440860000,100.676,N
20200714787 - 00,20200715,"서천, 장항읍 하수도사업 통합 건설사업관리용역",충청남도 서천군 맑은물사업소,PQ,3108495000,3114307925,100.1870013,도화+송현,100,2418300000,99.7455,N
20200714787 - 00,20200715,"서천, 장항읍 하수도사업 통합 건설사업관리용역",충청남도 서천군 맑은물사업소,PQ,3108495000,3114307925,100.1870013,동명+드림,100,2443870000,100.8001,N
20200714787 - 00,20200715,"서천, 장항읍 하수도사업 통합 건설사업관리용역",충청남도 서천군 맑은물사업소,PQ,3108495000,3114307925,100.1870013,동부+우주,100,2425687000,100.0502,N
20200714787 - 00,20200715,"서천, 장항읍 하수도사업 통합 건설사업관리용역",충청남도 서천군 맑은물사업소,PQ,3108495000,3114307925,100.1870013,범한+수성E+신명,100,2413400000,99.5434,N
20200714787 - 00,20200715,"서천, 장항읍 하수도사업 통합 건설사업관리용역",충청남도 서천군 맑은물사업소,PQ,3108495000,3114307925,100.1870013,삼안+세일+우리,100,2423300000,99.9517,N
20200714787 - 00,20200715,"서천, 장항읍 하수도사업 통합 건설사업관리용역",충청남도 서천군 맑은물사업소,PQ,3108495000,3114307925,100.1870013,선진+유원,100,2420200000,99.8239,N
20200714787 - 00,20200715,"서천, 장항읍 하수도사업 통합 건설사업관리용역",충청남도 서천군 맑은물사업소,PQ,3108495000,3114307925,100.1870013,이산+동양,100,2423324000,99.9527,N
20200714787 - 00,20200715,"서천, 장항읍 하수도사업 통합 건설사업관리용역",충청남도 서천군 맑은물사업소,PQ,3108495000,3114307925,100.1870013,한종+천마+오이디,100,2416227000,99.66,N
20200714787 - 00,20200715,"서천, 장항읍 하수도사업 통합 건설사업관리용역",충청남도 서천군 맑은물사업소,PQ,3108495000,3114307925,100.1870013,경동+동해+용마,100,2439700000,100.6282,N
20200714787 - 00,20200715,"서천, 장항읍 하수도사업 통합 건설사업관리용역",충청남도 서천군 맑은물사업소,PQ,3108495000,3114307925,100.1870013,KG+송현E+보람,100,2435380000,100.45,Y
20200714787 - 00,20200715,"서천, 장항읍 하수도사업 통합 건설사업관리용역",충청남도 서천군 맑은물사업소,PQ,3108495000,3114307925,100.1870013,건양+수성+계림,99.96,2400421000,98.97,N
20200714787 - 00,20200715,"서천, 장항읍 하수도사업 통합 건설사업관리용역",충청남도 서천군 맑은물사업소,PQ,3108495000,3114307925,100.1870013,제일+기산+동성,99.87,0,0,N
20200717330 - 00,20200716,(주)지엠이앤씨 폐기물매립시설 폐쇄절차 대행사업 기본 및 실시설계,한국환경공단,PQ,463991000,459144650,98.95550776,건화,99.48,406000000,100.8723,N
20200717330 - 00,20200716,(주)지엠이앤씨 폐기물매립시설 폐쇄절차 대행사업 기본 및 실시설계,한국환경공단,PQ,463991000,459144650,98.95550776,한종,99.07,402300000,99.953,Y
20200717330 - 00,20200716,(주)지엠이앤씨 폐기물매립시설 폐쇄절차 대행사업 기본 및 실시설계,한국환경공단,PQ,463991000,459144650,98.95550776,세원+선진,95.81,408445800,101.2,N
20200716728 - 01,20200716,"마산천, 전주천 지방하천 정비사업 통합건설사업관리용역",전라북도 완주군,PQ,1950411000,1940410300,99.48725166,서영+국성,100,1516700000,99.7027,Y
20200716728 - 01,20200716,"마산천, 전주천 지방하천 정비사업 통합건설사업관리용역",전라북도 완주군,PQ,1950411000,1940410300,99.48725166,동부+세화,100,1529143000,100.5206,N
20200716728 - 01,20200716,"마산천, 전주천 지방하천 정비사업 통합건설사업관리용역",전라북도 완주군,PQ,1950411000,1940410300,99.48725166,천일+대성,100,1527190000,100.3922,N
20200716728 - 01,20200716,"마산천, 전주천 지방하천 정비사업 통합건설사업관리용역",전라북도 완주군,PQ,1950411000,1940410300,99.48725166,동성+목양,100,1527000000,100.3798,N
20200716728 - 01,20200716,"마산천, 전주천 지방하천 정비사업 통합건설사업관리용역",전라북도 완주군,PQ,1950411000,1940410300,99.48725166,건화+가온(주연),99.97,1517500000,99.7297,N
20200716728 - 01,20200716,"마산천, 전주천 지방하천 정비사업 통합건설사업관리용역",전라북도 완주군,PQ,1950411000,1940410300,99.48725166,도화+건일,99.97,1528700000,100.4657,N
20200716728 - 01,20200716,"마산천, 전주천 지방하천 정비사업 통합건설사업관리용역",전라북도 완주군,PQ,1950411000,1940410300,99.48725166,경동+동운,99.93,1533270000,100.7274,N
20200716728 - 01,20200716,"마산천, 전주천 지방하천 정비사업 통합건설사업관리용역",전라북도 완주군,PQ,1950411000,1940410300,99.48725166,대콘+천마,99.77,1534867000,100.7032,N
20200716728 - 01,20200716,"마산천, 전주천 지방하천 정비사업 통합건설사업관리용역",전라북도 완주군,PQ,1950411000,1940410300,99.48725166,평화+조화,99.74,1514200000,99.3218,N
20200716728 - 01,20200716,"마산천, 전주천 지방하천 정비사업 통합건설사업관리용역",전라북도 완주군,PQ,1950411000,1940410300,99.48725166,한종+더한,99.73,1513440000,99.2593,N
20200716728 - 01,20200716,"마산천, 전주천 지방하천 정비사업 통합건설사업관리용역",전라북도 완주군,PQ,1950411000,1940410300,99.48725166,이산+온길,99.71,1505500000,98.7259,N
20200716728 - 01,20200716,"마산천, 전주천 지방하천 정비사업 통합건설사업관리용역",전라북도 완주군,PQ,1950411000,1940410300,99.48725166,극동+유일,99.67,1539090000,100.8899,N
20200716728 - 01,20200716,"마산천, 전주천 지방하천 정비사업 통합건설사업관리용역",전라북도 완주군,PQ,1950411000,1940410300,99.48725166,동명+JCN,99.67,1507900000,98.8454,N
20200716728 - 01,20200716,"마산천, 전주천 지방하천 정비사업 통합건설사업관리용역",전라북도 완주군,PQ,1950411000,1940410300,99.48725166,유신+한가람,99.63,1508661000,98.87,N
20200716728 - 01,20200716,"마산천, 전주천 지방하천 정비사업 통합건설사업관리용역",전라북도 완주군,PQ,1950411000,1940410300,99.48725166,KG+성광,99.63,1513390000,99.1799,N
20200716728 - 01,20200716,"마산천, 전주천 지방하천 정비사업 통합건설사업관리용역",전라북도 완주군,PQ,1950411000,1940410300,99.48725166,용마+세종+범한,99.6,1543839000,101.1495,N
20200716728 - 01,20200716,"마산천, 전주천 지방하천 정비사업 통합건설사업관리용역",전라북도 완주군,PQ,1950411000,1940410300,99.48725166,KSM+대도,99.6,1540090000,100.9039,N
20200716728 - 01,20200716,"마산천, 전주천 지방하천 정비사업 통합건설사업관리용역",전라북도 완주군,PQ,1950411000,1940410300,99.48725166,삼안+신한,99.55,1545830000,101.2411,N
20200716728 - 01,20200716,"마산천, 전주천 지방하천 정비사업 통합건설사업관리용역",전라북도 완주군,PQ,1950411000,1940410300,99.48725166,삼보+유현,99.54,1509940000,98.878,N
20200716728 - 01,20200716,"마산천, 전주천 지방하천 정비사업 통합건설사업관리용역",전라북도 완주군,PQ,1950411000,1940410300,99.48725166,수성+현성,99.5,1544873000,101.1397,N
20200716728 - 01,20200716,"마산천, 전주천 지방하천 정비사업 통합건설사업관리용역",전라북도 완주군,PQ,1950411000,1940410300,99.48725166,경원+고산,99.47,1554000000,101.7113,N
20200716728 - 01,20200716,"마산천, 전주천 지방하천 정비사업 통합건설사업관리용역",전라북도 완주군,PQ,1950411000,1940410300,99.48725166,다산+새움,99.47,1545884000,101.1801,N
20200716728 - 01,20200716,"마산천, 전주천 지방하천 정비사업 통합건설사업관리용역",전라북도 완주군,PQ,1950411000,1940410300,99.48725166,홍익+길건축,99.47,1506465000,98.6,N
20200716728 - 01,20200716,"마산천, 전주천 지방하천 정비사업 통합건설사업관리용역",전라북도 완주군,PQ,1950411000,1940410300,99.48725166,제일+성원,99.35,1555400000,101.699,N
20200716728 - 01,20200716,"마산천, 전주천 지방하천 정비사업 통합건설사업관리용역",전라북도 완주군,PQ,1950411000,1940410300,99.48725166,KCM+주영,99.22,1558500000,101.7979,N
20200716728 - 01,20200716,"마산천, 전주천 지방하천 정비사업 통합건설사업관리용역",전라북도 완주군,PQ,1950411000,1940410300,99.48725166,경호+아라,99.13,1507930000,98.4195,N
20200716728 - 01,20200716,"마산천, 전주천 지방하천 정비사업 통합건설사업관리용역",전라북도 완주군,PQ,1950411000,1940410300,99.48725166,신명+태영,99.12,1555555000,101.515,N
20200716728 - 01,20200716,"마산천, 전주천 지방하천 정비사업 통합건설사업관리용역",전라북도 완주군,PQ,1950411000,1940410300,99.48725166,화신+한맥+인우,99.09,1506284000,98.2746,N
20200719005 - 00,20200717,"선단 도시계획도로(중로1-선단1, 선단IC) 확·포장공사 실시설계용역",경기도 포천시,PQ,759600000,772025200,101.6357557,동명+천일,100,651693000,100.35,N
20200719005 - 00,20200717,"선단 도시계획도로(중로1-선단1, 선단IC) 확·포장공사 실시설계용역",경기도 포천시,PQ,759600000,772025200,101.6357557,KG+천마,100,645000000,99.3194,N
20200719005 - 00,20200717,"선단 도시계획도로(중로1-선단1, 선단IC) 확·포장공사 실시설계용역",경기도 포천시,PQ,759600000,772025200,101.6357557,유신+경호,99.75,649518000,99.9449,N
20200719005 - 00,20200717,"선단 도시계획도로(중로1-선단1, 선단IC) 확·포장공사 실시설계용역",경기도 포천시,PQ,759600000,772025200,101.6357557,서영+삼보,99.68,647000000,99.5342,N
20200719005 - 00,20200717,"선단 도시계획도로(중로1-선단1, 선단IC) 확·포장공사 실시설계용역",경기도 포천시,PQ,759600000,772025200,101.6357557,경동+한종,99.59,654800000,100.7106,N
20200719005 - 00,20200717,"선단 도시계획도로(중로1-선단1, 선단IC) 확·포장공사 실시설계용역",경기도 포천시,PQ,759600000,772025200,101.6357557,한맥+건영,99.52,649924000,99.949,N
20200719005 - 00,20200717,"선단 도시계획도로(중로1-선단1, 선단IC) 확·포장공사 실시설계용역",경기도 포천시,PQ,759600000,772025200,101.6357557,홍익+동부,99.45,655610000,100.7999,N
20200719005 - 00,20200717,"선단 도시계획도로(중로1-선단1, 선단IC) 확·포장공사 실시설계용역",경기도 포천시,PQ,759600000,772025200,101.6357557,건화(테크피아),99.4,649700000,99.8796,N
20200719005 - 00,20200717,"선단 도시계획도로(중로1-선단1, 선단IC) 확·포장공사 실시설계용역",경기도 포천시,PQ,759600000,772025200,101.6357557,다산+벽산,99.4,647557000,99.5501,N
20200719005 - 00,20200717,"선단 도시계획도로(중로1-선단1, 선단IC) 확·포장공사 실시설계용역",경기도 포천시,PQ,759600000,772025200,101.6357557,용마+도화,99.33,656148900,100.8592,N
20200719005 - 00,20200717,"선단 도시계획도로(중로1-선단1, 선단IC) 확·포장공사 실시설계용역",경기도 포천시,PQ,759600000,772025200,101.6357557,삼안+태조,98.99,656480000,100.8159,N
20200719005 - 00,20200717,"선단 도시계획도로(중로1-선단1, 선단IC) 확·포장공사 실시설계용역",경기도 포천시,PQ,759600000,772025200,101.6357557,선진+제일,98.89,658350000,101.0795,N
20200719005 - 00,20200717,"선단 도시계획도로(중로1-선단1, 선단IC) 확·포장공사 실시설계용역",경기도 포천시,PQ,759600000,772025200,101.6357557,이산+평화,98.88,644880000,99.0114,N
20200719005 - 00,20200717,"선단 도시계획도로(중로1-선단1, 선단IC) 확·포장공사 실시설계용역",경기도 포천시,PQ,759600000,772025200,101.6357557,동성+효광,98.71,643677000,98.7806,N
20200719005 - 00,20200717,"선단 도시계획도로(중로1-선단1, 선단IC) 확·포장공사 실시설계용역",경기도 포천시,PQ,759600000,772025200,101.6357557,드림,98.02,644600000,98.7496,N
20200719005 - 00,20200717,"선단 도시계획도로(중로1-선단1, 선단IC) 확·포장공사 실시설계용역",경기도 포천시,PQ,759600000,772025200,101.6357557,화신+바우+환경,98,644619000,98.7525,N
20200719005 - 00,20200717,"선단 도시계획도로(중로1-선단1, 선단IC) 확·포장공사 실시설계용역",경기도 포천시,PQ,759600000,772025200,101.6357557,한종+극동,97.9,661330000,101.2772,N
20200719005 - 00,20200717,"선단 도시계획도로(중로1-선단1, 선단IC) 확·포장공사 실시설계용역",경기도 포천시,PQ,759600000,772025200,101.6357557,일신,97.82,660641000,101.1599,N
20200719005 - 00,20200717,"선단 도시계획도로(중로1-선단1, 선단IC) 확·포장공사 실시설계용역",경기도 포천시,PQ,759600000,772025200,101.6357557,신명+KCI+청운,97.47,664764000,101.6966,Y
20200719005 - 00,20200717,"선단 도시계획도로(중로1-선단1, 선단IC) 확·포장공사 실시설계용역",경기도 포천시,PQ,759600000,772025200,101.6357557,신성+수성,97.2,663000000,101.3561,N
20200716871 - 00,20200717,태백 웰니스 항노화산업 특화단지 지역개발계획수립 및 기본및실시설계,강원도개발공사,PQ,4492280000,4513135475,100.4642514,서영+건화+진화+동남,98.5,3341900000,100.591,Y
20200716871 - 00,20200717,태백 웰니스 항노화산업 특화단지 지역개발계획수립 및 기본및실시설계,강원도개발공사,PQ,4492280000,4513135475,100.4642514,동일+삼안+화신+한울,98.19,3317900000,99.5992,N
20200716871 - 00,20200717,태백 웰니스 항노화산업 특화단지 지역개발계획수립 및 기본및실시설계,강원도개발공사,PQ,4492280000,4513135475,100.4642514,경호+동명+미래+일신,98.16,3344790000,100.3794,N
20200716871 - 00,20200717,태백 웰니스 항노화산업 특화단지 지역개발계획수립 및 기본및실시설계,강원도개발공사,PQ,4492280000,4513135475,100.4642514,유신+정+KG+수성+대성,97.89,3311939000,99.1529,N
20200716871 - 00,20200717,태백 웰니스 항노화산업 특화단지 지역개발계획수립 및 기본및실시설계,강원도개발공사,PQ,4492280000,4513135475,100.4642514,도화+삼경+서광,97.57,4370000000,130.4782,N
20200719222 - 00,20200717,천호대교 남단IC 연결체계 개선공사 감독권한대행 등 건설사업관리용역(장기),서울특별시 도시기반시설본부,PQ,4251500000,4275350975,100.5610014,도화+이산+신명+KRTC,99.8,3136700000,100.8939,Y
20200719222 - 00,20200717,천호대교 남단IC 연결체계 개선공사 감독권한대행 등 건설사업관리용역(장기),서울특별시 도시기반시설본부,PQ,4251500000,4275350975,100.5610014,천일+한맥,99.47,3103470000,99.5392,N
20200719222 - 00,20200717,천호대교 남단IC 연결체계 개선공사 감독권한대행 등 건설사업관리용역(장기),서울특별시 도시기반시설본부,PQ,4251500000,4275350975,100.5610014,건화+진우+다산,99.37,3157500000,101.1755,N
20200719222 - 00,20200717,천호대교 남단IC 연결체계 개선공사 감독권한대행 등 건설사업관리용역(장기),서울특별시 도시기반시설본부,PQ,4251500000,4275350975,100.5610014,동일+대콘+동부,99.37,3104990000,99.493,N
20200719222 - 00,20200717,천호대교 남단IC 연결체계 개선공사 감독권한대행 등 건설사업관리용역(장기),서울특별시 도시기반시설본부,PQ,4251500000,4275350975,100.5610014,한종+태조+신성+KSM,99.03,3164000000,101.0809,N
20200719222 - 00,20200717,천호대교 남단IC 연결체계 개선공사 감독권한대행 등 건설사업관리용역(장기),서울특별시 도시기반시설본부,PQ,4251500000,4275350975,100.5610014,유신+경동+동명+삼보,99,3097399000,98.9397,N
20200719222 - 00,20200717,천호대교 남단IC 연결체계 개선공사 감독권한대행 등 건설사업관리용역(장기),서울특별시 도시기반시설본부,PQ,4251500000,4275350975,100.5610014,제일+서영+동성+KG+오이디,98.82,3100900000,98.8904,N
20200719222 - 00,20200717,천호대교 남단IC 연결체계 개선공사 감독권한대행 등 건설사업관리용역(장기),서울특별시 도시기반시설본부,PQ,4251500000,4275350975,100.5610014,수성+동해+삼안,98.63,3099646000,98.6898,N
20200719222 - 00,20200717,천호대교 남단IC 연결체계 개선공사 감독권한대행 등 건설사업관리용역(장기),서울특별시 도시기반시설본부,PQ,4251500000,4275350975,100.5610014,KCM+삼우+다움+하이콘,97.83,3220000000,101.8189,N
20200719222 - 00,20200717,천호대교 남단IC 연결체계 개선공사 감독권한대행 등 건설사업관리용역(장기),서울특별시 도시기반시설본부,PQ,4251500000,4275350975,100.5610014,용마+건양+극동,97.62,3201000000,101.0279,N
20200719390 - 00,20200717,수도정비기본계획(변경) 및 수도시설기술진단 용역,대구광역시 상수도사업본부,TP,2995707000,3039444400,101.4600026,도화+한도,95.76,2449900000,101.3199,N
20200719390 - 00,20200717,수도정비기본계획(변경) 및 수도시설기술진단 용역,대구광역시 상수도사업본부,TP,2995707000,3039444400,101.4600026,HEC+건화+삼보,92.38,2455900000,98.9208,N
20200719390 - 00,20200717,수도정비기본계획(변경) 및 수도시설기술진단 용역,대구광역시 상수도사업본부,TP,2995707000,3039444400,101.4600026,한종+한주+범한,89.72,2585000000,102.028,Y
20200716435 - 00,20200720,가거도항 태풍‘링링’피해복구 실시설계용역,해양수산부 목포지방해양수산청,PQ,1375000000,1378293150,100.2395018,세일+혜인,98.27,1104829000,100.0825,N
20200716435 - 00,20200720,가거도항 태풍‘링링’피해복구 실시설계용역,해양수산부 목포지방해양수산청,PQ,1375000000,1378293150,100.2395018,대영+천일,98.1,1106250000,99.9125,N
20200716435 - 00,20200720,가거도항 태풍‘링링’피해복구 실시설계용역,해양수산부 목포지방해양수산청,PQ,1375000000,1378293150,100.2395018,유신+도화+대양,97.47,1123749000,101.0537,Y
20200716435 - 00,20200720,가거도항 태풍‘링링’피해복구 실시설계용역,해양수산부 목포지방해양수산청,PQ,1375000000,1378293150,100.2395018,건화,97.54,1105400000,99.3545,N
20200716435 - 00,20200720,가거도항 태풍‘링링’피해복구 실시설계용역,해양수산부 목포지방해양수산청,PQ,1375000000,1378293150,100.2395018,세광+경승,97.14,1108600000,99.2008,N
20200721745 - 00,20200721,장항지구 배수개선사업 세부설계 용역,한국농어촌공사 충남지역본부,PQ,261377000,262063800,100.2627622,건화+수성,99.16,226600000,99.942,N
20200721745 - 00,20200721,장항지구 배수개선사업 세부설계 용역,한국농어촌공사 충남지역본부,PQ,261377000,262063800,100.2627622,경호+계림,98.64,227139000,100.1797,N
20200721745 - 00,20200721,장항지구 배수개선사업 세부설계 용역,한국농어촌공사 충남지역본부,PQ,261377000,262063800,100.2627622,이산+강동,98.09,227580000,100.3742,Y
20200721745 - 00,20200721,장항지구 배수개선사업 세부설계 용역,한국농어촌공사 충남지역본부,PQ,261377000,262063800,100.2627622,한종+에이스,97.3,227200000,100.1028,N
20200721745 - 00,20200721,장항지구 배수개선사업 세부설계 용역,한국농어촌공사 충남지역본부,PQ,261377000,262063800,100.2627622,동명+우경,96.26,228600000,100.7196,N
20200721745 - 00,20200721,장항지구 배수개선사업 세부설계 용역,한국농어촌공사 충남지역본부,PQ,261377000,262063800,100.2627622,화신+삼안,95.56,233000000,102.6346,N
20200721745 - 00,20200721,장항지구 배수개선사업 세부설계 용역,한국농어촌공사 충남지역본부,PQ,261377000,262063800,100.2627622,삼육+유신,96.53,225929000,99.497,N
20200721365 - 01,20200721,2020년 영덕군 어촌뉴딜사업(백석항) 기본 및 실시설계용역(개찰1순위),한국어촌어항공단,PQ,564850000,574996175,101.7962601,유신+해동,98.8,484579000,100.0279,N
20200721365 - 01,20200721,2020년 영덕군 어촌뉴딜사업(백석항) 기본 및 실시설계용역(개찰1순위),한국어촌어항공단,PQ,564850000,574996175,101.7962601,아라+대영,97.78,490490000,100.9891,N
20200721365 - 01,20200721,2020년 영덕군 어촌뉴딜사업(백석항) 기본 및 실시설계용역(개찰1순위),한국어촌어항공단,PQ,564850000,574996175,101.7962601,건화+동성(삼기지질+테크피아),97.76,483900000,99.6206,N
20200721365 - 01,20200721,2020년 영덕군 어촌뉴딜사업(백석항) 기본 및 실시설계용역(개찰1순위),한국어촌어항공단,PQ,564850000,574996175,101.7962601,건일,97.61,489993000,100.8398,N
20200721365 - 01,20200721,2020년 영덕군 어촌뉴딜사업(백석항) 기본 및 실시설계용역(개찰1순위),한국어촌어항공단,PQ,564850000,574996175,101.7962601,서영+해인,97.15,492559000,101.2502,N
20200721365 - 01,20200721,2020년 영덕군 어촌뉴딜사업(백석항) 기본 및 실시설계용역(개찰1순위),한국어촌어항공단,PQ,564850000,574996175,101.7962601,한종+보원,97,483600000,99.374,N
20200721365 - 01,20200721,2020년 영덕군 어촌뉴딜사업(백석항) 기본 및 실시설계용역(개찰1순위),한국어촌어항공단,PQ,564850000,574996175,101.7962601,세일+KCI,96.24,498821000,102.2999,Y
20200721370 - 01,20200721,2020년 서귀포시 어촌뉴딜사업(태흥2리항) 기본 및 실시설계용역(개찰2순위),한국어촌어항공단,PQ,541600000,540715875,99.83675683,도화+제원,98.63,473000000,100.5397,Y
20200721370 - 01,20200721,2020년 서귀포시 어촌뉴딜사업(태흥2리항) 기본 및 실시설계용역(개찰2순위),한국어촌어항공단,PQ,541600000,540715875,99.83675683,유신+제이피엠,96.98,470041000,99.75,N
20200721370 - 01,20200721,2020년 서귀포시 어촌뉴딜사업(태흥2리항) 기본 및 실시설계용역(개찰2순위),한국어촌어항공단,PQ,541600000,540715875,99.83675683,일진+한종+한일,96.74,468500000,99.4001,N
20200721370 - 01,20200721,2020년 서귀포시 어촌뉴딜사업(태흥2리항) 기본 및 실시설계용역(개찰2순위),한국어촌어항공단,PQ,541600000,540715875,99.83675683,건화+청풍(삼기지질+한국공간정보),96.31,467700000,99.1848,N
20200721370 - 01,20200721,2020년 서귀포시 어촌뉴딜사업(태흥2리항) 기본 및 실시설계용역(개찰2순위),한국어촌어항공단,PQ,541600000,540715875,99.83675683,아라+태신,94.66,479380000,101.4986,N
20200721370 - 01,20200721,2020년 서귀포시 어촌뉴딜사업(태흥2리항) 기본 및 실시설계용역(개찰2순위),한국어촌어항공단,PQ,541600000,540715875,99.83675683,해진+대영,93.88,480000000,101.5483,N
20200721857 - 03,20200721,풍동지구 배수개선사업 건설사업관리용역,전라남도 강진군,PQ,477842000,467040425,97.73950908,한기+산이,100,418000000,100.8434,N
20200721857 - 03,20200721,풍동지구 배수개선사업 건설사업관리용역,전라남도 강진군,PQ,477842000,467040425,97.73950908,우영+건화,99.55,413210000,99.6419,N
20200721857 - 03,20200721,풍동지구 배수개선사업 건설사업관리용역,전라남도 강진군,PQ,477842000,467040425,97.73950908,우빈+천일,99.34,413131000,99.5999,Y
20200721857 - 03,20200721,풍동지구 배수개선사업 건설사업관리용역,전라남도 강진군,PQ,477842000,467040425,97.73950908,에스이+극동,98.47,423427000,101.9881,N
20200722850 - 00,20200721,충청내륙고속화도로~충주역간 도로연결사업 기본 및 실시설계용역,충청북도 충주시,PQ,3878530000,3904991325,100.6822514,장맥+홍익,98.85,2871245000,100.399,N
20200722850 - 00,20200721,충청내륙고속화도로~충주역간 도로연결사업 기본 및 실시설계용역,충청북도 충주시,PQ,3878530000,3904991325,100.6822514,KG+유신+청우,98.17,2861940000,99.48,N
20200722850 - 00,20200721,충청내륙고속화도로~충주역간 도로연결사업 기본 및 실시설계용역,충청북도 충주시,PQ,3878530000,3904991325,100.6822514,한맥+선,98.12,2866551000,99.6,N
20200722850 - 00,20200721,충청내륙고속화도로~충주역간 도로연결사업 기본 및 실시설계용역,충청북도 충주시,PQ,3878530000,3904991325,100.6822514,도화+영진,98,2903400000,100.7853,Y
20200722850 - 00,20200721,충청내륙고속화도로~충주역간 도로연결사업 기본 및 실시설계용역,충청북도 충주시,PQ,3878530000,3904991325,100.6822514,삼보+동해+건양+좋은,97.99,2859260000,99.2397,N
20200722850 - 00,20200721,충청내륙고속화도로~충주역간 도로연결사업 기본 및 실시설계용역,충청북도 충주시,PQ,3878530000,3904991325,100.6822514,수성+지명+대콘,97.9,2850815000,98.8667,N
20200722850 - 00,20200721,충청내륙고속화도로~충주역간 도로연결사업 기본 및 실시설계용역,충청북도 충주시,PQ,3878530000,3904991325,100.6822514,한종+천마+태광+한광,97.89,2915400000,101.0929,N
20200722850 - 00,20200721,충청내륙고속화도로~충주역간 도로연결사업 기본 및 실시설계용역,충청북도 충주시,PQ,3878530000,3904991325,100.6822514,경동+동부+도우,97.88,2851860000,98.8897,N
20200722850 - 00,20200721,충청내륙고속화도로~충주역간 도로연결사업 기본 및 실시설계용역,충청북도 충주시,PQ,3878530000,3904991325,100.6822514,극동+토영+바우,97.83,2921683000,101.2699,N
20200722850 - 00,20200721,충청내륙고속화도로~충주역간 도로연결사업 기본 및 실시설계용역,충청북도 충주시,PQ,3878530000,3904991325,100.6822514,건화+창민(가원),97.74,2881400000,99.7932,N
20200722850 - 00,20200721,충청내륙고속화도로~충주역간 도로연결사업 기본 및 실시설계용역,충청북도 충주시,PQ,3878530000,3904991325,100.6822514,동명+대원+서영,97.73,2851660000,98.7499,N
20200722850 - 00,20200721,충청내륙고속화도로~충주역간 도로연결사업 기본 및 실시설계용역,충청북도 충주시,PQ,3878530000,3904991325,100.6822514,천일+건일+해림+신오,97.62,2932380000,101.4498,N
20200722850 - 00,20200721,충청내륙고속화도로~충주역간 도로연결사업 기본 및 실시설계용역,충청북도 충주시,PQ,3878530000,3904991325,100.6822514,용마+드림+경원+혜린,97.4,2933839000,101.3099,N
20200722850 - 00,20200721,충청내륙고속화도로~충주역간 도로연결사업 기본 및 실시설계용역,충청북도 충주시,PQ,3878530000,3904991325,100.6822514,동일+동림,97.24,2943000000,101.4904,N
20200722850 - 00,20200721,충청내륙고속화도로~충주역간 도로연결사업 기본 및 실시설계용역,충청북도 충주시,PQ,3878530000,3904991325,100.6822514,이산+평화+세광,97.24,2848300000,98.2246,N
20200722850 - 00,20200721,충청내륙고속화도로~충주역간 도로연결사업 기본 및 실시설계용역,충청북도 충주시,PQ,3878530000,3904991325,100.6822514,삼안+태조+도명,97.23,2947890000,101.6454,N
20200722850 - 00,20200721,충청내륙고속화도로~충주역간 도로연결사업 기본 및 실시설계용역,충청북도 충주시,PQ,3878530000,3904991325,100.6822514,다산+제일+유일+서광,97.17,2953953000,101.8,N
20200722850 - 00,20200721,충청내륙고속화도로~충주역간 도로연결사업 기본 및 실시설계용역,충청북도 충주시,PQ,3878530000,3904991325,100.6822514,화신+내경+동국+옥토,97.02,2957490000,101.7994,N
20200722850 - 00,20200721,충청내륙고속화도로~충주역간 도로연결사업 기본 및 실시설계용역,충청북도 충주시,PQ,3878530000,3904991325,100.6822514,경호+녹색,96.49,3800000000,130.2083,N
20200721981 - 00,20200721,새만금신공항 건설사업 전략환경영향평가용역,국토교통부,PQ,984200000,985034150,100.0847541,신성+도화+효산,98.97,842880000,100.1709,Y
20200721981 - 00,20200721,새만금신공항 건설사업 전략환경영향평가용역,국토교통부,PQ,984200000,985034150,100.0847541,동부+한맥+중앙방재,98.97,845680000,100.5037,N
20200721981 - 00,20200721,새만금신공항 건설사업 전략환경영향평가용역,국토교통부,PQ,984200000,985034150,100.0847541,대영+마린,98.96,858369800,102.0118,N
20200721981 - 00,20200721,새만금신공항 건설사업 전략환경영향평가용역,국토교통부,PQ,984200000,985034150,100.0847541,다산+한종+우신,98.96,843209000,100.21,N
20200721981 - 00,20200721,새만금신공항 건설사업 전략환경영향평가용역,국토교통부,PQ,984200000,985034150,100.0847541,경호+신일,98.94,846460000,100.5964,N
20200721981 - 00,20200721,새만금신공항 건설사업 전략환경영향평가용역,국토교통부,PQ,984200000,985034150,100.0847541,동해+다원,98.94,837500000,99.5315,N
20200721981 - 00,20200721,새만금신공항 건설사업 전략환경영향평가용역,국토교통부,PQ,984200000,985034150,100.0847541,유신+레오+한국환경,98.91,839574000,99.778,N
20200721981 - 00,20200721,새만금신공항 건설사업 전략환경영향평가용역,국토교통부,PQ,984200000,985034150,100.0847541,천일+소운,98.91,841260000,99.9784,N
20200721981 - 00,20200721,새만금신공항 건설사업 전략환경영향평가용역,국토교통부,PQ,984200000,985034150,100.0847541,평화+서영+퍼스트,98.9,842030000,100.0699,N
20200721981 - 00,20200721,새만금신공항 건설사업 전략환경영향평가용역,국토교통부,PQ,984200000,985034150,100.0847541,화신+선진+CNS,98.82,843049000,100.191,N
20200721981 - 00,20200721,새만금신공항 건설사업 전략환경영향평가용역,국토교통부,PQ,984200000,985034150,100.0847541,동아+건화+엔탑,98.75,838891000,99.6969,N
20200721981 - 00,20200721,새만금신공항 건설사업 전략환경영향평가용역,국토교통부,PQ,984200000,985034150,100.0847541,KG+수성,98.5,850866000,101.12,N
20200721981 - 00,20200721,새만금신공항 건설사업 전략환경영향평가용역,국토교통부,PQ,984200000,985034150,100.0847541,삼안+경동,98.5,840400000,99.8762,N
20200721981 - 00,20200721,새만금신공항 건설사업 전략환경영향평가용역,국토교통부,PQ,984200000,985034150,100.0847541,동일,98.5,844800000,100.3991,N
20200721981 - 00,20200721,새만금신공항 건설사업 전략환경영향평가용역,국토교통부,PQ,984200000,985034150,100.0847541,동성+이산,98.5,836225000,99.38,N
20200721981 - 00,20200721,새만금신공항 건설사업 전략환경영향평가용역,국토교통부,PQ,984200000,985034150,100.0847541,동명+아라,98.43,837066000,99.48,N
20200721801 - 00,20200722,현풍천변 도로건설공사 건설사업관리용역,대구광역시 건설본부,PQ,980950000,973693475,99.26025536,동성+보원,99.9,839966000,100.1202,N
20200721801 - 00,20200722,현풍천변 도로건설공사 건설사업관리용역,대구광역시 건설본부,PQ,980950000,973693475,99.26025536,도화+한백E,99.77,838400000,99.8985,Y
20200721801 - 00,20200722,현풍천변 도로건설공사 건설사업관리용역,대구광역시 건설본부,PQ,980950000,973693475,99.26025536,건화+유성이앤씨,99.67,843600000,100.4946,N
20200721801 - 00,20200722,현풍천변 도로건설공사 건설사업관리용역,대구광역시 건설본부,PQ,980950000,973693475,99.26025536,이산+경림,99.67,844900000,100.6495,N
20200721801 - 00,20200722,현풍천변 도로건설공사 건설사업관리용역,대구광역시 건설본부,PQ,980950000,973693475,99.26025536,동부+유성,99.62,844954000,100.6442,N
20200721801 - 00,20200722,현풍천변 도로건설공사 건설사업관리용역,대구광역시 건설본부,PQ,980950000,973693475,99.26025536,한도+동우,99.61,850000000,101.2452,N
20200721801 - 00,20200722,현풍천변 도로건설공사 건설사업관리용역,대구광역시 건설본부,PQ,980950000,973693475,99.26025536,한종+씨이엠,98.75,862000000,102.4471,N
20200723643 - 00,20200722,한탄강 경관교량 및 전망대 설치사업 기본 및 실시설계용역,경기도 포천시,PQ,818833000,819981475,100.1402575,다산+건화(테크피아),98.63,708361000,100.82,Y
20200723643 - 00,20200722,한탄강 경관교량 및 전망대 설치사업 기본 및 실시설계용역,경기도 포천시,PQ,818833000,819981475,100.1402575,도화+동부,97.68,703615000,99.9,N
20200723643 - 00,20200722,한탄강 경관교량 및 전망대 설치사업 기본 및 실시설계용역,경기도 포천시,PQ,818833000,819981475,100.1402575,용마+극동,97.6,711370000,100.9893,N
20200723643 - 00,20200722,한탄강 경관교량 및 전망대 설치사업 기본 및 실시설계용역,경기도 포천시,PQ,818833000,819981475,100.1402575,이산+평화,97.38,701290000,99.5005,N
20200723643 - 00,20200722,한탄강 경관교량 및 전망대 설치사업 기본 및 실시설계용역,경기도 포천시,PQ,818833000,819981475,100.1402575,유신+KG,97.33,715290000,101.4751,N
20200723878 - 00,20200722,청주 넥스트폴리스 산업단지 조성사업 교통영향평가 용역,충북개발공사,PQ,502150000,496430550,98.86100767,동명+대원+선진,98.4,437300000,100.2308,N
20200723878 - 00,20200722,청주 넥스트폴리스 산업단지 조성사업 교통영향평가 용역,충북개발공사,PQ,502150000,496430550,98.86100767,KG+태광+보람,95.7,439990000,100.5811,N
20200723878 - 00,20200722,청주 넥스트폴리스 산업단지 조성사업 교통영향평가 용역,충북개발공사,PQ,502150000,496430550,98.86100767,삼안+한종+호연,95.55,441100000,100.8233,N
20200723878 - 00,20200722,청주 넥스트폴리스 산업단지 조성사업 교통영향평가 용역,충북개발공사,PQ,502150000,496430550,98.86100767,도화+지명+경동,95.2,435700000,99.5547,Y
20200723878 - 00,20200722,청주 넥스트폴리스 산업단지 조성사업 교통영향평가 용역,충북개발공사,PQ,502150000,496430550,98.86100767,유신+홍익,92.71,443898000,101.1841,N
20200723878 - 00,20200722,청주 넥스트폴리스 산업단지 조성사업 교통영향평가 용역,충북개발공사,PQ,502150000,496430550,98.86100767,수성+도명+신명,92.45,435820000,99.3087,N
20200723878 - 00,20200722,청주 넥스트폴리스 산업단지 조성사업 교통영향평가 용역,충북개발공사,PQ,502150000,496430550,98.86100767,평화+자림+서영,90.94,447400000,101.7959,N
20200723878 - 00,20200722,청주 넥스트폴리스 산업단지 조성사업 교통영향평가 용역,충북개발공사,PQ,502150000,496430550,98.86100767,건화+해린,81.24,450000000,101.8348,N
20200723848 - 00,20200722,청주 넥스트폴리스 산업단지 조성사업 환경영향평가 용역,충북개발공사,PQ,681450000,687850575,100.9392582,홍익+KG+우신,99.63,586135000,100.5,N
20200723848 - 00,20200722,청주 넥스트폴리스 산업단지 조성사업 환경영향평가 용역,충북개발공사,PQ,681450000,687850575,100.9392582,동성+세종+DS,99.32,583044000,99.9,N
20200723848 - 00,20200722,청주 넥스트폴리스 산업단지 조성사업 환경영향평가 용역,충북개발공사,PQ,681450000,687850575,100.9392582,수성+도명+경호,99.14,581394000,99.5707,N
20200723848 - 00,20200722,청주 넥스트폴리스 산업단지 조성사업 환경영향평가 용역,충북개발공사,PQ,681450000,687850575,100.9392582,평화+좋은+동림+덕영,99.03,582500000,99.7252,N
20200723848 - 00,20200722,청주 넥스트폴리스 산업단지 조성사업 환경영향평가 용역,충북개발공사,PQ,681450000,687850575,100.9392582,서영+유일+신성,99,589100000,100.8552,N
20200723848 - 00,20200722,청주 넥스트폴리스 산업단지 조성사업 환경영향평가 용역,충북개발공사,PQ,681450000,687850575,100.9392582,동명+호암,98.96,579500000,99.2001,N
20200723848 - 00,20200722,청주 넥스트폴리스 산업단지 조성사업 환경영향평가 용역,충북개발공사,PQ,681450000,687850575,100.9392582,한종+건양+옥토,98.96,585350000,100.2015,N
20200723848 - 00,20200722,청주 넥스트폴리스 산업단지 조성사업 환경영향평가 용역,충북개발공사,PQ,681450000,687850575,100.9392582,도화+지명+신일,98.56,579700000,99.1302,N
20200723848 - 00,20200722,청주 넥스트폴리스 산업단지 조성사업 환경영향평가 용역,충북개발공사,PQ,681450000,687850575,100.9392582,동아+선진+국토환경,98.42,592600000,101.3007,Y
20200723848 - 00,20200722,청주 넥스트폴리스 산업단지 조성사업 환경영향평가 용역,충북개발공사,PQ,681450000,687850575,100.9392582,다산+이산+명지,98.25,579380000,98.9948,N
20200723848 - 00,20200722,청주 넥스트폴리스 산업단지 조성사업 환경영향평가 용역,충북개발공사,PQ,681450000,687850575,100.9392582,삼안+선+건화,97.17,612700000,104.3962,N
20200723848 - 00,20200722,청주 넥스트폴리스 산업단지 조성사업 환경영향평가 용역,충북개발공사,PQ,681450000,687850575,100.9392582,동일+호연,96.89,580800000,98.8919,N
20200723804 - 00,20200722,청주 넥스트폴리스 산업단지 조성사업 조사설계 용역,충북개발공사,PQ,3682140000,3650492075,99.14050185,도화+영진+동림,98.2,2725600000,99.8209,N
20200723804 - 00,20200722,청주 넥스트폴리스 산업단지 조성사업 조사설계 용역,충북개발공사,PQ,3682140000,3650492075,99.14050185,홍익+동명+KG,98.14,2725130000,99.7499,Y
20200723804 - 00,20200722,청주 넥스트폴리스 산업단지 조성사업 조사설계 용역,충북개발공사,PQ,3682140000,3650492075,99.14050185,유신+삼안+청우+해린,97.98,2766285000,101.12,N
20200723804 - 00,20200722,청주 넥스트폴리스 산업단지 조성사업 조사설계 용역,충북개발공사,PQ,3682140000,3650492075,99.14050185,건화+건양+서영,97.62,3480000000,126.8169,N
20200723804 - 00,20200722,청주 넥스트폴리스 산업단지 조성사업 조사설계 용역,충북개발공사,PQ,3682140000,3650492075,99.14050185,한종+대원+창민,97.18,2721400000,98.801,N
20200723136 - 00,20200722,"경안·곤지암천변 도로조성, 순환도로망 구축 타당성평가 및 기본계획수립 용역",경기도 광주시,PQ,1399300000,1402598900,100.2357536,수성+KG+신명,93.45,1170950000,101.808,Y
20200723136 - 00,20200722,"경안·곤지암천변 도로조성, 순환도로망 구축 타당성평가 및 기본계획수립 용역",경기도 광주시,PQ,1399300000,1402598900,100.2357536,보람+건화,89.44,1171700000,98.7962,N
20200724175 - 00,20200723,거창 첨단 일반산업단지 조사설계 용역,경상남도 거창군,PQ,1242600000,1227959100,98.82175278,경호+하우,100,977880000,100.8991,N
20200724175 - 00,20200723,거창 첨단 일반산업단지 조사설계 용역,경상남도 거창군,PQ,1242600000,1227959100,98.82175278,수성+KG+한종,98.05,972888999,98.8007,N
20200724175 - 00,20200723,거창 첨단 일반산업단지 조사설계 용역,경상남도 거창군,PQ,1242600000,1227959100,98.82175278,건화+한올(덕신건설+주성이앤씨+신화),97.89,974800000,98.8576,Y
20200724175 - 00,20200723,거창 첨단 일반산업단지 조사설계 용역,경상남도 거창군,PQ,1242600000,1227959100,98.82175278,도화+한성,97.86,999100000,101.3091,N
20200724175 - 00,20200723,거창 첨단 일반산업단지 조사설계 용역,경상남도 거창군,PQ,1242600000,1227959100,98.82175278,서영+범한,97.75,998400000,101.1489,N
20200724175 - 00,20200723,거창 첨단 일반산업단지 조사설계 용역,경상남도 거창군,PQ,1242600000,1227959100,98.82175278,삼안+경화,97.73,971960000,98.4455,N
20200724175 - 00,20200723,거창 첨단 일반산업단지 조사설계 용역,경상남도 거창군,PQ,1242600000,1227959100,98.82175278,경동+신화,97.71,972770000,98.5151,N
20200724175 - 00,20200723,거창 첨단 일반산업단지 조사설계 용역,경상남도 거창군,PQ,1242600000,1227959100,98.82175278,유신+KSM,97.4,1006188000,101.6436,N
20200724175 - 00,20200723,거창 첨단 일반산업단지 조사설계 용역,경상남도 거창군,PQ,1242600000,1227959100,98.82175278,동명+이솔,97.36,982800000,99.2561,N
20200724175 - 00,20200723,거창 첨단 일반산업단지 조사설계 용역,경상남도 거창군,PQ,1242600000,1227959100,98.82175278,동일+한가람+한도,97.35,1012800000,102.2731,N
E042000365,20200722,하동발전본부 대용량 태양광 발전사업 기술용역,한국남부발전(주) 하동발전본부,PQ,624767000,625454232,100.1099981,한빛디엔에스,97.7,538264404,100.5596,Y
E042000365,20200722,하동발전본부 대용량 태양광 발전사업 기술용역,한국남부발전(주) 하동발전본부,PQ,624767000,625454232,100.1099981,에디슨전기,97.16,541424962,100.9968,N
E042000365,20200722,하동발전본부 대용량 태양광 발전사업 기술용역,한국남부발전(주) 하동발전본부,PQ,624767000,625454232,100.1099981,건화,96.8,535780000,99.8391,N
20200725144 - 00,20200723,평촌일반산업단지 지원도로 개설공사 건설사업관리용역,대전광역시 건설관리본부,PQ,1756439000,1751560525,99.72225195,동명+선구,100,1370286000,100.0257,Y
20200725144 - 00,20200723,평촌일반산업단지 지원도로 개설공사 건설사업관리용역,대전광역시 건설관리본부,PQ,1756439000,1751560525,99.72225195,삼보+와텍+경호,99.94,1379850000,100.6722,N
20200725144 - 00,20200723,평촌일반산업단지 지원도로 개설공사 건설사업관리용역,대전광역시 건설관리본부,PQ,1756439000,1751560525,99.72225195,이산+경림,99.76,1383700000,100.798,N
20200725144 - 00,20200723,평촌일반산업단지 지원도로 개설공사 건설사업관리용역,대전광역시 건설관리본부,PQ,1756439000,1751560525,99.72225195,건화+중부,99.66,1378600000,100.3495,N
20200725144 - 00,20200723,평촌일반산업단지 지원도로 개설공사 건설사업관리용역,대전광역시 건설관리본부,PQ,1756439000,1751560525,99.72225195,도화+신화,99.64,1364800000,99.3196,N
20200725144 - 00,20200723,평촌일반산업단지 지원도로 개설공사 건설사업관리용역,대전광역시 건설관리본부,PQ,1756439000,1751560525,99.72225195,수성+아주,99.63,1384799999,100.775,N
20200725144 - 00,20200723,평촌일반산업단지 지원도로 개설공사 건설사업관리용역,대전광역시 건설관리본부,PQ,1756439000,1751560525,99.72225195,선진+신원,99.61,1387120000,100.931,N
20200725144 - 00,20200723,평촌일반산업단지 지원도로 개설공사 건설사업관리용역,대전광역시 건설관리본부,PQ,1756439000,1751560525,99.72225195,서영+용마+포유,99.58,1389200000,101.0565,N
20200725144 - 00,20200723,평촌일반산업단지 지원도로 개설공사 건설사업관리용역,대전광역시 건설관리본부,PQ,1756439000,1751560525,99.72225195,홍익+상우,99.48,1400670000,101.7998,N
20200725144 - 00,20200723,평촌일반산업단지 지원도로 개설공사 건설사업관리용역,대전광역시 건설관리본부,PQ,1756439000,1751560525,99.72225195,KG+동양+유신,99.47,1392140000,101.1798,N
20200725144 - 00,20200723,평촌일반산업단지 지원도로 개설공사 건설사업관리용역,대전광역시 건설관리본부,PQ,1756439000,1751560525,99.72225195,한종+도원+세일,99.31,1397200000,101.4052,N
20200725791 - 00,20200723,울진군 어촌뉴딜300사업(울진항 외 1개소) 기본 및 실시설계 용역,한국농어촌공사 경북지역본부,PQ,1394558000,1367315375,98.0465047,아라+세광+도명,98.37,1112100000,100.8865,N
20200725791 - 00,20200723,울진군 어촌뉴딜300사업(울진항 외 1개소) 기본 및 실시설계 용역,한국농어촌공사 경북지역본부,PQ,1394558000,1367315375,98.0465047,도화+반석,96.67,1110650000,99.3844,N
20200725791 - 00,20200723,울진군 어촌뉴딜300사업(울진항 외 1개소) 기본 및 실시설계 용역,한국농어촌공사 경북지역본부,PQ,1394558000,1367315375,98.0465047,유신+혜인,96.6,1107778000,99.078,N
20200725791 - 00,20200723,울진군 어촌뉴딜300사업(울진항 외 1개소) 기본 및 실시설계 용역,한국농어촌공사 경북지역본부,PQ,1394558000,1367315375,98.0465047,한종+보원,96.59,1103700000,98.7009,Y
20200725791 - 00,20200723,울진군 어촌뉴딜300사업(울진항 외 1개소) 기본 및 실시설계 용역,한국농어촌공사 경북지역본부,PQ,1394558000,1367315375,98.0465047,건일+세일,96.56,1135790000,101.5453,N
20200725791 - 00,20200723,울진군 어촌뉴딜300사업(울진항 외 1개소) 기본 및 실시설계 용역,한국농어촌공사 경북지역본부,PQ,1394558000,1367315375,98.0465047,건화+동성+대양(한도+삼기지질+한국공간정보),96.43,1142000000,101.9988,N
20200725791 - 00,20200723,울진군 어촌뉴딜300사업(울진항 외 1개소) 기본 및 실시설계 용역,한국농어촌공사 경북지역본부,PQ,1394558000,1367315375,98.0465047,서영+해인,95.5,1162000000,103.028,N
20200725813 - 00,20200723,포항시 어촌뉴딜300사업(영암1리항 외 1개소) 기본 및 실시설계 용역,한국농어촌공사 경북지역본부,PQ,1201453000,1194917125,99.45600244,건일,98.02,951369000,99.8989,Y
20200725813 - 00,20200723,포항시 어촌뉴딜300사업(영암1리항 외 1개소) 기본 및 실시설계 용역,한국농어촌공사 경북지역본부,PQ,1201453000,1194917125,99.45600244,아라+도화+동명,97.64,954200000,99.8812,N
20200725813 - 00,20200723,포항시 어촌뉴딜300사업(영암1리항 외 1개소) 기본 및 실시설계 용역,한국농어촌공사 경북지역본부,PQ,1201453000,1194917125,99.45600244,유신+주하,97.07,971772000,101.2621,N
20200725813 - 00,20200723,포항시 어촌뉴딜300사업(영암1리항 외 1개소) 기본 및 실시설계 용역,한국농어촌공사 경북지역본부,PQ,1201453000,1194917125,99.45600244,대영,96.94,952850000,99.191,N
20200725813 - 00,20200723,포항시 어촌뉴딜300사업(영암1리항 외 1개소) 기본 및 실시설계 용역,한국농어촌공사 경북지역본부,PQ,1201453000,1194917125,99.45600244,세일,96.54,952373000,98.82,N
20200725813 - 00,20200723,포항시 어촌뉴딜300사업(영암1리항 외 1개소) 기본 및 실시설계 용역,한국농어촌공사 경북지역본부,PQ,1201453000,1194917125,99.45600244,한종,96.5,977800000,101.433,N
20200725813 - 00,20200723,포항시 어촌뉴딜300사업(영암1리항 외 1개소) 기본 및 실시설계 용역,한국농어촌공사 경북지역본부,PQ,1201453000,1194917125,99.45600244,건화+동성+대양(한도엔지니어링종합건축사사무소+삼기지질+한국,96.05,986800000,101.998,N
20200725813 - 00,20200723,포항시 어촌뉴딜300사업(영암1리항 외 1개소) 기본 및 실시설계 용역,한국농어촌공사 경북지역본부,PQ,1201453000,1194917125,99.45600244,서영+해인,95.56,1000000000,102.9532,N
20200727353 - 00,20200727,봉강~무안간 도로건설공사 사후환경영향조사용역,경상남도,PQ,1387000000,1390838575,100.2767538,도화+수성+라임,98.97,1095900000,100.4542,Y
20200727353 - 00,20200727,봉강~무안간 도로건설공사 사후환경영향조사용역,경상남도,PQ,1387000000,1390838575,100.2767538,동아+경화+퍼스트+엔탑,98.74,1090893000,99.8049,N
20200727353 - 00,20200727,봉강~무안간 도로건설공사 사후환경영향조사용역,경상남도,PQ,1387000000,1390838575,100.2767538,동명+혜인+레오,98.49,1095250000,100.0005,N
20200727353 - 00,20200727,봉강~무안간 도로건설공사 사후환경영향조사용역,경상남도,PQ,1387000000,1390838575,100.2767538,홍익+동성+수,98.48,1104150000,100.8003,N
20200727353 - 00,20200727,봉강~무안간 도로건설공사 사후환경영향조사용역,경상남도,PQ,1387000000,1390838575,100.2767538,건화+한성+우신,98.47,1084000000,98.9608,N
20200727353 - 00,20200727,봉강~무안간 도로건설공사 사후환경영향조사용역,경상남도,PQ,1387000000,1390838575,100.2767538,서영+대영+마린,98.44,1109400000,101.254,N
20200727353 - 00,20200727,봉강~무안간 도로건설공사 사후환경영향조사용역,경상남도,PQ,1387000000,1390838575,100.2767538,다산+한올+DS,98.24,1086380000,98.9901,N
20200727353 - 00,20200727,봉강~무안간 도로건설공사 사후환경영향조사용역,경상남도,PQ,1387000000,1390838575,100.2767538,평화+이산+부경,98.16,1113530000,101.3999,N
20200727353 - 00,20200727,봉강~무안간 도로건설공사 사후환경영향조사용역,경상남도,PQ,1387000000,1390838575,100.2767538,동일+천진+신성+우리+다원,97.92,1115700000,101.3926,N
20200727353 - 00,20200727,봉강~무안간 도로건설공사 사후환경영향조사용역,경상남도,PQ,1387000000,1390838575,100.2767538,유신+KSM+신일,97.53,1123790000,101.807,N
20200727353 - 00,20200727,봉강~무안간 도로건설공사 사후환경영향조사용역,경상남도,PQ,1387000000,1390838575,100.2767538,한맥+도운+삼안,96.88,1129000000,101.7547,N
20200727353 - 00,20200727,봉강~무안간 도로건설공사 사후환경영향조사용역,경상남도,PQ,1387000000,1390838575,100.2767538,동부+KG+용두,96.72,1132032000,101.9006,N
E012006608-1,20200727,평택지역 전기공급시설 전력구공사(오산-평택 등 5개T/L 지중화) 설계용역 ,한국전력공사 경기본부,PQ,1106655000,1107668890,100.0916175,신성,99.95,886760000,100.1685,Y
E012006608-1,20200727,평택지역 전기공급시설 전력구공사(오산-평택 등 5개T/L 지중화) 설계용역 ,한국전력공사 경기본부,PQ,1106655000,1107668890,100.0916175,KG,99.79,892085000,100.77,N
E012006608-1,20200727,평택지역 전기공급시설 전력구공사(오산-평택 등 5개T/L 지중화) 설계용역 ,한국전력공사 경기본부,PQ,1106655000,1107668890,100.0916175,태조,99.6,893330000,100.9106,N
E012006608-1,20200727,평택지역 전기공급시설 전력구공사(오산-평택 등 5개T/L 지중화) 설계용역 ,한국전력공사 경기본부,PQ,1106655000,1107668890,100.0916175,경동+삼안,99.21,884630000,99.9279,N
E012006608-1,20200727,평택지역 전기공급시설 전력구공사(오산-평택 등 5개T/L 지중화) 설계용역 ,한국전력공사 경기본부,PQ,1106655000,1107668890,100.0916175,대콘,99.18,883599000,99.5997,N
E012006608-1,20200727,평택지역 전기공급시설 전력구공사(오산-평택 등 5개T/L 지중화) 설계용역 ,한국전력공사 경기본부,PQ,1106655000,1107668890,100.0916175,도화,98.32,900700000,101.2621,N
E012006608-1,20200727,평택지역 전기공급시설 전력구공사(오산-평택 등 5개T/L 지중화) 설계용역 ,한국전력공사 경기본부,PQ,1106655000,1107668890,100.0916175,건화+다산(지오로직스),97.55,901780000,100.7194,N
E012006608-1,20200727,평택지역 전기공급시설 전력구공사(오산-평택 등 5개T/L 지중화) 설계용역 ,한국전력공사 경기본부,PQ,1106655000,1107668890,100.0916175,선진,94.42,934570000,101.6184,N
20200724-02-03-0,20200724,고도정수처리시설 조성사업 기본 및 실시설계 용역,(주)강원랜드,PQ,815000000,813024374,99.7575919,한종,100,696780000,99.9994,Y
20200724-02-03-0,20200724,고도정수처리시설 조성사업 기본 및 실시설계 용역,(주)강원랜드,PQ,815000000,813024374,99.7575919,삼안,100,703747000,100.9993,N
20200724-02-03-0,20200724,고도정수처리시설 조성사업 기본 및 실시설계 용역,(주)강원랜드,PQ,815000000,813024374,99.7575919,도화,100,702770000,100.8591,N
20200724-02-03-0,20200724,고도정수처리시설 조성사업 기본 및 실시설계 용역,(주)강원랜드,PQ,815000000,813024374,99.7575919,범한,99.73,698390000,100.2305,N
20200724-02-03-0,20200724,고도정수처리시설 조성사업 기본 및 실시설계 용역,(주)강원랜드,PQ,815000000,813024374,99.7575919,건화(국일),99.7,697940000,100.1659,N
부산지방국토관리청 공고 제2020-127호,20200724,포항-안동1-1(2공구) 국도건설공사 건설사업관리 (시공단계)용역 ,부산지방국토관리청,종심제,4642000000,4645319100,100.0715015,KG+동명+KCI,98.89,3852000000,82.9815,Y
부산지방국토관리청 공고 제2020-127호,20200724,포항-안동1-1(2공구) 국도건설공사 건설사업관리 (시공단계)용역 ,부산지방국토관리청,종심제,4642000000,4645319100,100.0715015,삼안+건화+건일,97.39,3861000000,83.1754,N
2002781 - 00,20200728,남원구암 도시개발사업 환지계획 및 환지처분용역,한국토지주택공사,PQ,921690000,924765000,100.3336263,대콘+건화+도화,92.16,810502000,100.5506,Y
2002781 - 00,20200728,남원구암 도시개발사업 환지계획 및 환지처분용역,한국토지주택공사,PQ,921690000,924765000,100.3336263,경동,83.1,831121000,102.47,N
20200728723 - 00,20200727,들막 자연재해위험개선지구 정비사업 건설사업관리용역,경상남도 거제시,PQ,901000000,908018825,100.7790039,건화+한성,100,773780000,100.4505,N
20200728723 - 00,20200727,들막 자연재해위험개선지구 정비사업 건설사업관리용역,경상남도 거제시,PQ,901000000,908018825,100.7790039,도화+서화,100,766100000,99.4535,N
20200728723 - 00,20200727,들막 자연재해위험개선지구 정비사업 건설사업관리용역,경상남도 거제시,PQ,901000000,908018825,100.7790039,수성+삼영,100,771848000,100.1997,N
20200728723 - 00,20200727,들막 자연재해위험개선지구 정비사업 건설사업관리용역,경상남도 거제시,PQ,901000000,908018825,100.7790039,유신+로텍,100,771080000,100.1,N
20200728723 - 00,20200727,들막 자연재해위험개선지구 정비사업 건설사업관리용역,경상남도 거제시,PQ,901000000,908018825,100.7790039,천일+신화,100,770890000,100.0753,N
20200728723 - 00,20200727,들막 자연재해위험개선지구 정비사업 건설사업관리용역,경상남도 거제시,PQ,901000000,908018825,100.7790039,한종+KSM+경화,100,773900000,100.4661,N
20200728723 - 00,20200727,들막 자연재해위험개선지구 정비사업 건설사업관리용역,경상남도 거제시,PQ,901000000,908018825,100.7790039,혜인+동성,100,775100000,100.6218,N
20200728723 - 00,20200727,들막 자연재해위험개선지구 정비사업 건설사업관리용역,경상남도 거제시,PQ,901000000,908018825,100.7790039,건일+한올+평화,99.78,785600000,101.9253,Y
20200728723 - 00,20200727,들막 자연재해위험개선지구 정비사업 건설사업관리용역,경상남도 거제시,PQ,901000000,908018825,100.7790039,서영+현진,99.51,764300000,99.0923,N
20200728075 - 00,20200727,예천군 수도정비기본계획(변경) 및 예천정수장 비상연계관로 설치사업 기본 및 실시설계 용역,경상북도 예천군,PQ,2476000000,2473722125,99.90800182,도화+청우+경호,100,1954100000,101.1881,Y
20200728075 - 00,20200727,예천군 수도정비기본계획(변경) 및 예천정수장 비상연계관로 설치사업 기본 및 실시설계 용역,경상북도 예천군,PQ,2476000000,2473722125,99.90800182,건화+삼보(태산),97.48,1947700000,98.8045,N
20200728075 - 00,20200727,예천군 수도정비기본계획(변경) 및 예천정수장 비상연계관로 설치사업 기본 및 실시설계 용역,경상북도 예천군,PQ,2476000000,2473722125,99.90800182,KG+한백+수성E,97.44,1944550000,98.6199,N
20200728075 - 00,20200727,예천군 수도정비기본계획(변경) 및 예천정수장 비상연계관로 설치사업 기본 및 실시설계 용역,경상북도 예천군,PQ,2476000000,2473722125,99.90800182,삼안+한주,97.44,1948980000,98.8446,N
20200728075 - 00,20200727,예천군 수도정비기본계획(변경) 및 예천정수장 비상연계관로 설치사업 기본 및 실시설계 용역,경상북도 예천군,PQ,2476000000,2473722125,99.90800182,범한+KCI,97.4,1955000000,99.1125,N
20200728075 - 00,20200727,예천군 수도정비기본계획(변경) 및 예천정수장 비상연계관로 설치사업 기본 및 실시설계 용역,경상북도 예천군,PQ,2476000000,2473722125,99.90800182,HEC+동해+명성,97.28,1947800000,98.6484,N
20200728075 - 00,20200727,예천군 수도정비기본계획(변경) 및 예천정수장 비상연계관로 설치사업 기본 및 실시설계 용역,경상북도 예천군,PQ,2476000000,2473722125,99.90800182,한종+동진,97.16,2003900000,101.4007,N
20200728075 - 00,20200727,예천군 수도정비기본계획(변경) 및 예천정수장 비상연계관로 설치사업 기본 및 실시설계 용역,경상북도 예천군,PQ,2476000000,2473722125,99.90800182,유신+한도+제일,97.01,2310000000,116.7436,N
20200728075 - 00,20200727,예천군 수도정비기본계획(변경) 및 예천정수장 비상연계관로 설치사업 기본 및 실시설계 용역,경상북도 예천군,PQ,2476000000,2473722125,99.90800182,화신+주하,97.01,1945678000,98.3314,N
20200728075 - 00,20200727,예천군 수도정비기본계획(변경) 및 예천정수장 비상연계관로 설치사업 기본 및 실시설계 용역,경상북도 예천군,PQ,2476000000,2473722125,99.90800182,이산+세연+KSM,97,1944970000,98.2956,N
B5202002509,20200727,부산 에코델타시티 사업계획 관리용역,한국수자원공사,PQ,2446653000,2450064158,100.1394214,유신+건화+거원,100,1780577000,99.7,N
B5202002509,20200727,부산 에코델타시티 사업계획 관리용역,한국수자원공사,PQ,2446653000,2450064158,100.1394214,수성+동명+한가람,100,1802000000,100.8996,N
B5202002509,20200727,부산 에코델타시티 사업계획 관리용역,한국수자원공사,PQ,2446653000,2450064158,100.1394214,도화+삼안+경호,100,1789506000,100.2,Y
B5202002509,20200727,부산 에코델타시티 사업계획 관리용역,한국수자원공사,PQ,2446653000,2450064158,100.1394214,동일+서영,99.66,1778500000,99.2574,N
20200731518 - 00,20200729,서산공공하수처리시설 하수처리수 재이용 외 3개사업 건설사업관리용역,충청남도 서산시,PQ,2009138000,1990699175,99.08225194,건화+동양,100,1572900000,100.3748,N
20200731518 - 00,20200729,서산공공하수처리시설 하수처리수 재이용 외 3개사업 건설사업관리용역,충청남도 서산시,PQ,2009138000,1990699175,99.08225194,도화+송현,100,1560900000,99.609,N
20200731518 - 00,20200729,서산공공하수처리시설 하수처리수 재이용 외 3개사업 건설사업관리용역,충청남도 서산시,PQ,2009138000,1990699175,99.08225194,한종+세일+서광,100,1570470000,100.2197,N
20200731518 - 00,20200729,서산공공하수처리시설 하수처리수 재이용 외 3개사업 건설사업관리용역,충청남도 서산시,PQ,2009138000,1990699175,99.08225194,삼안+장맥,100,1561120000,99.623,N
20200731518 - 00,20200729,서산공공하수처리시설 하수처리수 재이용 외 3개사업 건설사업관리용역,충청남도 서산시,PQ,2009138000,1990699175,99.08225194,동명+천마,100,1564650000,99.8483,N
20200731518 - 00,20200729,서산공공하수처리시설 하수처리수 재이용 외 3개사업 건설사업관리용역,충청남도 서산시,PQ,2009138000,1990699175,99.08225194,KG+우리,100,1564990000,99.87,N
20200731518 - 00,20200729,서산공공하수처리시설 하수처리수 재이용 외 3개사업 건설사업관리용역,충청남도 서산시,PQ,2009138000,1990699175,99.08225194,건양+수성+기산,100,1573138000,100.39,N
20200731518 - 00,20200729,서산공공하수처리시설 하수처리수 재이용 외 3개사업 건설사업관리용역,충청남도 서산시,PQ,2009138000,1990699175,99.08225194,경동+유신,100,1554290000,99.1872,Y
20200731518 - 00,20200729,서산공공하수처리시설 하수처리수 재이용 외 3개사업 건설사업관리용역,충청남도 서산시,PQ,2009138000,1990699175,99.08225194,경호+세종+서영,100,1577530000,100.6702,N
20200731518 - 00,20200729,서산공공하수처리시설 하수처리수 재이용 외 3개사업 건설사업관리용역,충청남도 서산시,PQ,2009138000,1990699175,99.08225194,범한+수성E,100,1566800000,99.9855,N
20200731518 - 00,20200729,서산공공하수처리시설 하수처리수 재이용 외 3개사업 건설사업관리용역,충청남도 서산시,PQ,2009138000,1990699175,99.08225194,선진+유원,100,1568900000,100.1195,N
20200731518 - 00,20200729,서산공공하수처리시설 하수처리수 재이용 외 3개사업 건설사업관리용역,충청남도 서산시,PQ,2009138000,1990699175,99.08225194,신명+재성,100,1570000000,100.1897,N
20200731518 - 00,20200729,서산공공하수처리시설 하수처리수 재이용 외 3개사업 건설사업관리용역,충청남도 서산시,PQ,2009138000,1990699175,99.08225194,이산+드림,100,1572830000,100.3703,N
20200731518 - 00,20200729,서산공공하수처리시설 하수처리수 재이용 외 3개사업 건설사업관리용역,충청남도 서산시,PQ,2009138000,1990699175,99.08225194,동성+우주,99.95,1584760000,101.0798,N
20200731518 - 00,20200729,서산공공하수처리시설 하수처리수 재이용 외 3개사업 건설사업관리용역,충청남도 서산시,PQ,2009138000,1990699175,99.08225194,경원+천일+더원,99.92,1557420000,99.3105,N
20200731518 - 00,20200729,서산공공하수처리시설 하수처리수 재이용 외 3개사업 건설사업관리용역,충청남도 서산시,PQ,2009138000,1990699175,99.08225194,제일+계림,99.89,1604700000,102.2992,N
20200731379 - 00,20200729,무곡지구 하수관로 정비사업 외 5건 통합 건설사업관리용역,경상남도 밀양시,PQ,3322374000,3331518900,100.275252,삼안+신화+하우+현진,100,2438260000,100.5399,Y
20200731379 - 00,20200729,무곡지구 하수관로 정비사업 외 5건 통합 건설사업관리용역,경상남도 밀양시,PQ,3322374000,3331518900,100.275252,도화+재화+경화,99.2,2431371000,99.5467,N
20200731379 - 00,20200729,무곡지구 하수관로 정비사업 외 5건 통합 건설사업관리용역,경상남도 밀양시,PQ,3322374000,3331518900,100.275252,선진+동영+우진,99.03,2429700000,99.3296,N
20200731379 - 00,20200729,무곡지구 하수관로 정비사업 외 5건 통합 건설사업관리용역,경상남도 밀양시,PQ,3322374000,3331518900,100.275252,대콘+천진,99.02,2465666000,100.8,N
20200731379 - 00,20200729,무곡지구 하수관로 정비사업 외 5건 통합 건설사업관리용역,경상남도 밀양시,PQ,3322374000,3331518900,100.275252,동명+한올,99.02,2467380000,100.87,N
20200731379 - 00,20200729,무곡지구 하수관로 정비사업 외 5건 통합 건설사업관리용역,경상남도 밀양시,PQ,3322374000,3331518900,100.275252,범한+건화,99,2427000000,99.2058,N
20200731379 - 00,20200729,무곡지구 하수관로 정비사업 외 5건 통합 건설사업관리용역,경상남도 밀양시,PQ,3322374000,3331518900,100.275252,KG+한성+혜인,99,2428080000,99.2499,N
20200731379 - 00,20200729,무곡지구 하수관로 정비사업 외 5건 통합 건설사업관리용역,경상남도 밀양시,PQ,3322374000,3331518900,100.275252,한종+HEC+KSM+태조,99,2427347000,99.22,N
20200731379 - 00,20200729,무곡지구 하수관로 정비사업 외 5건 통합 건설사업관리용역,경상남도 밀양시,PQ,3322374000,3331518900,100.275252,동성+한가람+유신,98.99,2472944000,101.0701,N
20200731379 - 00,20200729,무곡지구 하수관로 정비사업 외 5건 통합 건설사업관리용역,경상남도 밀양시,PQ,3322374000,3331518900,100.275252,수성+경동,98.95,2474197000,101.0801,N
20200731379 - 00,20200729,무곡지구 하수관로 정비사업 외 5건 통합 건설사업관리용역,경상남도 밀양시,PQ,3322374000,3331518900,100.275252,서영+서화+극동,98.94,2462450000,100.6002,N
20200731379 - 00,20200729,무곡지구 하수관로 정비사업 외 5건 통합 건설사업관리용역,경상남도 밀양시,PQ,3322374000,3331518900,100.275252,신명+우정,98.94,2413413000,98.5968,N
20200731379 - 00,20200729,무곡지구 하수관로 정비사업 외 5건 통합 건설사업관리용역,경상남도 밀양시,PQ,3322374000,3331518900,100.275252,천일+금성,98.93,2475000000,101.0992,N
20200731379 - 00,20200729,무곡지구 하수관로 정비사업 외 5건 통합 건설사업관리용역,경상남도 밀양시,PQ,3322374000,3331518900,100.275252,제일+하나,98.92,2489800000,101.6899,N
20200731379 - 00,20200729,무곡지구 하수관로 정비사업 외 5건 통합 건설사업관리용역,경상남도 밀양시,PQ,3322374000,3331518900,100.275252,홍익+태일,98.89,2495620000,101.9,N
20200731379 - 00,20200729,무곡지구 하수관로 정비사업 외 5건 통합 건설사업관리용역,경상남도 밀양시,PQ,3322374000,3331518900,100.275252,이산+로텍,98.85,2415900000,98.6181,N
20200731359 - 00,20200729,연천 노후하수관로 2차 정밀조사용역,경기도 연천군 맑은물관리사업소,PQ,1706100000,1712950025,100.401502,동명+도화+KG,100,1340900000,100.7686,Y
20200731359 - 00,20200729,연천 노후하수관로 2차 정밀조사용역,경기도 연천군 맑은물관리사업소,PQ,1706100000,1712950025,100.401502,제일+선진+이산,98.13,1367700000,101.2252,N
20200731359 - 00,20200729,연천 노후하수관로 2차 정밀조사용역,경기도 연천군 맑은물관리사업소,PQ,1706100000,1712950025,100.401502,삼안+수성,98.08,1535600000,113.6086,N
20200731359 - 00,20200729,연천 노후하수관로 2차 정밀조사용역,경기도 연천군 맑은물관리사업소,PQ,1706100000,1712950025,100.401502,건화+경화,97.93,1337400000,98.8204,N
20200731359 - 00,20200729,연천 노후하수관로 2차 정밀조사용역,경기도 연천군 맑은물관리사업소,PQ,1706100000,1712950025,100.401502,한종+범한,97.85,1584000000,116.968,N
2002802 - 01,20200729,고양창릉 지구외도로 조사설계용역,한국토지주택공사,PQ,3005343000,3005992000,100.0215949,동명+동일+한종+우진,98.2,2463000000,100.8603,Y
2002802 - 01,20200729,고양창릉 지구외도로 조사설계용역,한국토지주택공사,PQ,3005343000,3005992000,100.0215949,용마+도화+경동+KG+한올,98.11,2441821800,99.907,N
2002802 - 01,20200729,고양창릉 지구외도로 조사설계용역,한국토지주택공사,PQ,3005343000,3005992000,100.0215949,삼안+서영+신성+주하+유신,97.6,2441890000,99.4816,N
2002802 - 01,20200729,고양창릉 지구외도로 조사설계용역,한국토지주택공사,PQ,3005343000,3005992000,100.0215949,건화+동부+화신,97.31,2460600000,99.9868,N
2002802 - 01,20200729,고양창릉 지구외도로 조사설계용역,한국토지주택공사,PQ,3005343000,3005992000,100.0215949,제일+수성+하나+선진+평화,97.23,2493700000,101.27,N
2002802 - 01,20200729,고양창릉 지구외도로 조사설계용역,한국토지주택공사,PQ,3005343000,3005992000,100.0215949,이산+천마+한맥,96.67,2509100000,101.4003,N
2002802 - 01,20200729,고양창릉 지구외도로 조사설계용역,한국토지주택공사,PQ,3005343000,3005992000,100.0215949,홍익+동성+진우,96.1,2523462000,101.5,N
20200730938 - 00,20200727,서귀포 색달하수처리장 개량사업 건설사업관리용역,제주특별자치도 상하수도본부,PQ,1233000000,1241677275,100.703753,도화+JPM,100,969400000,100.8029,Y
20200730938 - 00,20200727,서귀포 색달하수처리장 개량사업 건설사업관리용역,제주특별자치도 상하수도본부,PQ,1233000000,1241677275,100.703753,선진+제원,99.71,961887000,99.7786,N
20200730938 - 00,20200727,서귀포 색달하수처리장 개량사업 건설사업관리용역,제주특별자치도 상하수도본부,PQ,1233000000,1241677275,100.703753,건화+한라(웅진),99.51,959550000,99.371,N
20200730938 - 00,20200727,서귀포 색달하수처리장 개량사업 건설사업관리용역,제주특별자치도 상하수도본부,PQ,1233000000,1241677275,100.703753,신명+도암,99.46,974974000,100.9296,N
20200730938 - 00,20200727,서귀포 색달하수처리장 개량사업 건설사업관리용역,제주특별자치도 상하수도본부,PQ,1233000000,1241677275,100.703753,한종+원,99.39,957850000,99.0937,N
20200730938 - 00,20200727,서귀포 색달하수처리장 개량사업 건설사업관리용역,제주특별자치도 상하수도본부,PQ,1233000000,1241677275,100.703753,범한+해오름,99.31,967226000,99.9999,N
20200730938 - 00,20200727,서귀포 색달하수처리장 개량사업 건설사업관리용역,제주특별자치도 상하수도본부,PQ,1233000000,1241677275,100.703753,경원+태신,99.26,995900000,102.9251,N
20200730938 - 00,20200727,서귀포 색달하수처리장 개량사업 건설사업관리용역,제주특별자치도 상하수도본부,PQ,1233000000,1241677275,100.703753,삼안+해진,99.26,972840000,100.5419,N
20200730938 - 00,20200727,서귀포 색달하수처리장 개량사업 건설사업관리용역,제주특별자치도 상하수도본부,PQ,1233000000,1241677275,100.703753,동명+청풍,98.9,956850000,98.6004,N
20200730938 - 00,20200727,서귀포 색달하수처리장 개량사업 건설사업관리용역,제주특별자치도 상하수도본부,PQ,1233000000,1241677275,100.703753,동성+토펙,98.4,1100000000,112.8925,N
20200731929 - 00,20200730,지방어항(학암포항) 정비사업 사후환경영향조사 용역,충청남도,PQ,1567100000,1573783725,100.4265028,KG+신성+CNS,98.6,1232900000,99.7199,N
20200731929 - 00,20200730,지방어항(학암포항) 정비사업 사후환경영향조사 용역,충청남도,PQ,1567100000,1573783725,100.4265028,서영+세일+신일,98.53,1234700000,99.8022,N
20200731929 - 00,20200730,지방어항(학암포항) 정비사업 사후환경영향조사 용역,충청남도,PQ,1567100000,1573783725,100.4265028,도화+양지+평화,98.38,1246300000,100.6251,Y
20200731929 - 00,20200730,지방어항(학암포항) 정비사업 사후환경영향조사 용역,충청남도,PQ,1567100000,1573783725,100.4265028,한종+드림+퍼스트,98.09,1248000000,100.5207,N
20200731929 - 00,20200730,지방어항(학암포항) 정비사업 사후환경영향조사 용역,충청남도,PQ,1567100000,1573783725,100.4265028,선진+경동+국토환경+중천,97.95,1232750000,99.1797,N
20200731929 - 00,20200730,지방어항(학암포항) 정비사업 사후환경영향조사 용역,충청남도,PQ,1567100000,1573783725,100.4265028,동일+레오+대영+화신,97.91,1232000000,99.0944,N
20200731929 - 00,20200730,지방어항(학암포항) 정비사업 사후환경영향조사 용역,충청남도,PQ,1567100000,1573783725,100.4265028,한맥+우신+라임+DS,97.87,1259100000,101.2359,N
20200731929 - 00,20200730,지방어항(학암포항) 정비사업 사후환경영향조사 용역,충청남도,PQ,1567100000,1573783725,100.4265028,건화+휴먼+경호,97.66,1228480000,98.6124,N
20200731929 - 00,20200730,지방어항(학암포항) 정비사업 사후환경영향조사 용역,충청남도,PQ,1567100000,1573783725,100.4265028,동성+한솔+이엔씨,97.66,1263200000,101.3994,N
20200731929 - 00,20200730,지방어항(학암포항) 정비사업 사후환경영향조사 용역,충청남도,PQ,1567100000,1573783725,100.4265028,동명+천마+세광+자연과사람,97.39,1276000000,102.1955,N
20200731929 - 00,20200730,지방어항(학암포항) 정비사업 사후환경영향조사 용역,충청남도,PQ,1567100000,1573783725,100.4265028,삼안+한경+다산+메이텍,97.3,1230460000,98.4864,N
20200731929 - 00,20200730,지방어항(학암포항) 정비사업 사후환경영향조사 용역,충청남도,PQ,1567100000,1573783725,100.4265028,동아+송현+혜인+한국환경,96.74,1488745000,118.624,N
20200731872 - 00,20200730,지방어항(방포항) 정비사업 사후환경영향조사 용역,충청남도,PQ,1232360000,1232418600,100.0047551,도화+경동+대현,98.39,972650000,99.8618,N
20200731872 - 00,20200730,지방어항(방포항) 정비사업 사후환경영향조사 용역,충청남도,PQ,1232360000,1232418600,100.0047551,평화+세일+라임,98.34,975238000,100.0896,Y
20200731872 - 00,20200730,지방어항(방포항) 정비사업 사후환경영향조사 용역,충청남도,PQ,1232360000,1232418600,100.0047551,서영+드림+엔탑,98.26,981500000,100.6686,N
20200731872 - 00,20200730,지방어항(방포항) 정비사업 사후환경영향조사 용역,충청남도,PQ,1232360000,1232418600,100.0047551,한맥+건일+우신+DS,98.16,971812000,99.5994,N
20200731872 - 00,20200730,지방어항(방포항) 정비사업 사후환경영향조사 용역,충청남도,PQ,1232360000,1232418600,100.0047551,동일+레오+대영+화신,98.01,971700000,99.4623,N
20200731872 - 00,20200730,지방어항(방포항) 정비사업 사후환경영향조사 용역,충청남도,PQ,1232360000,1232418600,100.0047551,한종+천마+다올,97.96,987100000,101.0004,N
20200731872 - 00,20200730,지방어항(방포항) 정비사업 사후환경영향조사 용역,충청남도,PQ,1232360000,1232418600,100.0047551,신성+CNS,97.72,988350000,100.9374,N
20200731872 - 00,20200730,지방어항(방포항) 정비사업 사후환경영향조사 용역,충청남도,PQ,1232360000,1232418600,100.0047551,건화+휴먼+경호,97.55,966890000,98.6092,N
20200731872 - 00,20200730,지방어항(방포항) 정비사업 사후환경영향조사 용역,충청남도,PQ,1232360000,1232418600,100.0047551,KG+양지+세광+중천,97.38,993469000,101.18,N
20200731872 - 00,20200730,지방어항(방포항) 정비사업 사후환경영향조사 용역,충청남도,PQ,1232360000,1232418600,100.0047551,삼안+한경+다산+메이텍,97.33,998800000,101.6846,N
20200731872 - 00,20200730,지방어항(방포항) 정비사업 사후환경영향조사 용역,충청남도,PQ,1232360000,1232418600,100.0047551,동명+송현+이엔씨+보드,97.26,967850000,98.472,N
20200731872 - 00,20200730,지방어항(방포항) 정비사업 사후환경영향조사 용역,충청남도,PQ,1232360000,1232418600,100.0047551,동아+장맥+혜인+한국환경,97.05,993800000,100.9476,N
20200731872 - 00,20200730,지방어항(방포항) 정비사업 사후환경영향조사 용역,충청남도,PQ,1232360000,1232418600,100.0047551,수성+삼육+대콘+한항,96.5,1007570000,101.8999,N
20200731872 - 00,20200730,지방어항(방포항) 정비사업 사후환경영향조사 용역,충청남도,PQ,1232360000,1232418600,100.0047551,동성+한솔+한솔이엔씨,96.42,1002388000,101.3001,N
20200731901 - 00,20200730,"동송하수처리구역(오지,오덕3,장흥처리분구)하수관거 정비사업 외 1건 통합건설사업관리용역",강원도 철원군,PQ,3388860000,3427077925,101.1277517,도화+경원+화신,100,2467100000,99.7333,N
20200731901 - 00,20200730,"동송하수처리구역(오지,오덕3,장흥처리분구)하수관거 정비사업 외 1건 통합건설사업관리용역",강원도 철원군,PQ,3388860000,3427077925,101.1277517,수성+서강+성우,99.94,2473579999,99.9404,N
20200731901 - 00,20200730,"동송하수처리구역(오지,오덕3,장흥처리분구)하수관거 정비사업 외 1건 통합건설사업관리용역",강원도 철원군,PQ,3388860000,3427077925,101.1277517,동명+정+정원,99.68,2463450000,99.3,N
20200731901 - 00,20200730,"동송하수처리구역(오지,오덕3,장흥처리분구)하수관거 정비사업 외 1건 통합건설사업관리용역",강원도 철원군,PQ,3388860000,3427077925,101.1277517,삼안+한울+건일종합,98.98,2462900000,98.6713,N
20200731901 - 00,20200730,"동송하수처리구역(오지,오덕3,장흥처리분구)하수관거 정비사업 외 1건 통합건설사업관리용역",강원도 철원군,PQ,3388860000,3427077925,101.1277517,건화+삼경+정민,98.9,2467600000,98.7925,N
20200731901 - 00,20200730,"동송하수처리구역(오지,오덕3,장흥처리분구)하수관거 정비사업 외 1건 통합건설사업관리용역",강원도 철원군,PQ,3388860000,3427077925,101.1277517,동성+고려+동해,98.86,2533415000,101.4,Y
20200731901 - 00,20200730,"동송하수처리구역(오지,오덕3,장흥처리분구)하수관거 정비사업 외 1건 통합건설사업관리용역",강원도 철원군,PQ,3388860000,3427077925,101.1277517,한종+서광+진화,98.8,2519790000,100.8,N
20200731901 - 00,20200730,"동송하수처리구역(오지,오덕3,장흥처리분구)하수관거 정비사업 외 1건 통합건설사업관리용역",강원도 철원군,PQ,3388860000,3427077925,101.1277517,경동+일신+동서,98.56,2459795000,98.187,N
20200731901 - 00,20200730,"동송하수처리구역(오지,오덕3,장흥처리분구)하수관거 정비사업 외 1건 통합건설사업관리용역",강원도 철원군,PQ,3388860000,3427077925,101.1277517,KG+선진+동남+미래,98.27,3320000000,132.2017,N
20200730694 - 00,20200729,북부순환도로(2단계) 개설공사 실시설계 용역,경상남도 창원시,PQ,833570000,832125900,99.8267572,수성+동아,99.43,714670000,100.1297,Y
20200730694 - 00,20200729,북부순환도로(2단계) 개설공사 실시설계 용역,경상남도 창원시,PQ,833570000,832125900,99.8267572,건화+한성,98.04,717770000,100.2013,N
20200730694 - 00,20200729,북부순환도로(2단계) 개설공사 실시설계 용역,경상남도 창원시,PQ,833570000,832125900,99.8267572,동일+천진,98.01,715300000,99.8564,N
20200730694 - 00,20200729,북부순환도로(2단계) 개설공사 실시설계 용역,경상남도 창원시,PQ,833570000,832125900,99.8267572,천일+금성,97.97,722716000,100.88,N
20200730694 - 00,20200729,북부순환도로(2단계) 개설공사 실시설계 용역,경상남도 창원시,PQ,833570000,832125900,99.8267572,신성+HEC,97.87,712720000,99.4615,N
20200730694 - 00,20200729,북부순환도로(2단계) 개설공사 실시설계 용역,경상남도 창원시,PQ,833570000,832125900,99.8267572,경동+하우,97.8,711680000,99.2933,N
20200730694 - 00,20200729,북부순환도로(2단계) 개설공사 실시설계 용역,경상남도 창원시,PQ,833570000,832125900,99.8267572,동명+범한,97.72,715490000,99.8017,N
20200730694 - 00,20200729,북부순환도로(2단계) 개설공사 실시설계 용역,경상남도 창원시,PQ,833570000,832125900,99.8267572,도화+경화,97.55,720550000,100.4724,N
20200730694 - 00,20200729,북부순환도로(2단계) 개설공사 실시설계 용역,경상남도 창원시,PQ,833570000,832125900,99.8267572,유신+KSM,97.5,709345000,98.8985,N
20200730694 - 00,20200729,북부순환도로(2단계) 개설공사 실시설계 용역,경상남도 창원시,PQ,833570000,832125900,99.8267572,극동+서화,97.47,720413000,100.43,N
20200730694 - 00,20200729,북부순환도로(2단계) 개설공사 실시설계 용역,경상남도 창원시,PQ,833570000,832125900,99.8267572,다산+신화,97.4,708080000,98.6877,N
20200730694 - 00,20200729,북부순환도로(2단계) 개설공사 실시설계 용역,경상남도 창원시,PQ,833570000,832125900,99.8267572,제일+로텍+하나,97.38,726100000,101.1993,N
20200730694 - 00,20200729,북부순환도로(2단계) 개설공사 실시설계 용역,경상남도 창원시,PQ,833570000,832125900,99.8267572,평화+한올,97.34,710800000,99.0553,N
20200730694 - 00,20200729,북부순환도로(2단계) 개설공사 실시설계 용역,경상남도 창원시,PQ,833570000,832125900,99.8267572,한종+우진,97.31,709800000,98.9045,N
20200730694 - 00,20200729,북부순환도로(2단계) 개설공사 실시설계 용역,경상남도 창원시,PQ,833570000,832125900,99.8267572,동성+화성,97.05,728490000,101.5088,N
20200730694 - 00,20200729,북부순환도로(2단계) 개설공사 실시설계 용역,경상남도 창원시,PQ,833570000,832125900,99.8267572,홍익+태일,97.04,708680000,98.7484,N
20200730694 - 00,20200729,북부순환도로(2단계) 개설공사 실시설계 용역,경상남도 창원시,PQ,833570000,832125900,99.8267572,바우+용마+혜인,96.98,728370000,101.4096,N
20200730694 - 00,20200729,북부순환도로(2단계) 개설공사 실시설계 용역,경상남도 창원시,PQ,833570000,832125900,99.8267572,서영+창미,96.94,730000000,101.6365,N
20200730694 - 00,20200729,북부순환도로(2단계) 개설공사 실시설계 용역,경상남도 창원시,PQ,833570000,832125900,99.8267572,KG+우정,96.72,709760000,98.8186,N
20200730694 - 00,20200729,북부순환도로(2단계) 개설공사 실시설계 용역,경상남도 창원시,PQ,833570000,832125900,99.8267572,삼안+우리,96.51,730400000,101.5744,N
20200730694 - 00,20200729,북부순환도로(2단계) 개설공사 실시설계 용역,경상남도 창원시,PQ,833570000,832125900,99.8267572,한맥+주원,96.18,729817000,101.4933,N
20200730694 - 00,20200729,북부순환도로(2단계) 개설공사 실시설계 용역,경상남도 창원시,PQ,833570000,832125900,99.8267572,대콘+한가람,96.12,706900000,98.3063,N
20200730694 - 00,20200729,북부순환도로(2단계) 개설공사 실시설계 용역,경상남도 창원시,PQ,833570000,832125900,99.8267572,화신+이산+해진,96.08,707899000,98.4452,N
20200730620 - 00,20200729,증도 덕정지구 농어촌마을하수도 정비사업 건설사업관리용역,전라남도 신안군,PQ,596157000,593589100,99.56925776,동아+대콘,99.95,511348000,100.3029,N
20200730620 - 00,20200729,증도 덕정지구 농어촌마을하수도 정비사업 건설사업관리용역,전라남도 신안군,PQ,596157000,593589100,99.56925776,신오+도화,99.75,508480000,99.6937,N
20200730620 - 00,20200729,증도 덕정지구 농어촌마을하수도 정비사업 건설사업관리용역,전라남도 신안군,PQ,596157000,593589100,99.56925776,건영+건화,99.68,508000000,99.5763,Y
20200730620 - 00,20200729,증도 덕정지구 농어촌마을하수도 정비사업 건설사업관리용역,전라남도 신안군,PQ,596157000,593589100,99.56925776,우빈+수성,99.64,507814000,99.5399,N
20200730620 - 00,20200729,증도 덕정지구 농어촌마을하수도 정비사업 건설사업관리용역,전라남도 신안군,PQ,596157000,593589100,99.56925776,범한+신명,99.55,510070000,99.9587,N
20200730620 - 00,20200729,증도 덕정지구 농어촌마을하수도 정비사업 건설사업관리용역,전라남도 신안군,PQ,596157000,593589100,99.56925776,한기+산이,99.45,520097000,101.888,N
20200732056 - 00,20200729,무주읍 하수처리구역 확장사업 외 2개지구 통합건설사업 관리용역,전라북도 무주군,PQ,1319780000,1314893550,99.62975269,건화+현성(진성),100,1027300000,99.7996,Y
20200732056 - 00,20200729,무주읍 하수처리구역 확장사업 외 2개지구 통합건설사업 관리용역,전라북도 무주군,PQ,1319780000,1314893550,99.62975269,한종+건일,100,1029200000,99.9842,N
20200732056 - 00,20200729,무주읍 하수처리구역 확장사업 외 2개지구 통합건설사업 관리용역,전라북도 무주군,PQ,1319780000,1314893550,99.62975269,삼보+세화,100,1028740000,99.9395,N
20200732056 - 00,20200729,무주읍 하수처리구역 확장사업 외 2개지구 통합건설사업 관리용역,전라북도 무주군,PQ,1319780000,1314893550,99.62975269,동명+더한,99.97,1036970000,100.7132,N
20200732056 - 00,20200729,무주읍 하수처리구역 확장사업 외 2개지구 통합건설사업 관리용역,전라북도 무주군,PQ,1319780000,1314893550,99.62975269,건양+천마,99.8,1032940000,100.1806,N
20200732056 - 00,20200729,무주읍 하수처리구역 확장사업 외 2개지구 통합건설사업 관리용역,전라북도 무주군,PQ,1319780000,1314893550,99.62975269,유신+한가람,99.77,1041656000,101,N
20200732056 - 00,20200729,무주읍 하수처리구역 확장사업 외 2개지구 통합건설사업 관리용역,전라북도 무주군,PQ,1319780000,1314893550,99.62975269,동성+대성,99.75,1022088000,99.09,N
20200732056 - 00,20200729,무주읍 하수처리구역 확장사업 외 2개지구 통합건설사업 관리용역,전라북도 무주군,PQ,1319780000,1314893550,99.62975269,선진+유일,99.73,1024980000,99.345,N
20200732056 - 00,20200729,무주읍 하수처리구역 확장사업 외 2개지구 통합건설사업 관리용역,전라북도 무주군,PQ,1319780000,1314893550,99.62975269,동일+신한,99.71,1040000000,100.7879,N
20200732056 - 00,20200729,무주읍 하수처리구역 확장사업 외 2개지구 통합건설사업 관리용역,전라북도 무주군,PQ,1319780000,1314893550,99.62975269,삼안+가온,99.67,1023770000,99.177,N
20200732056 - 00,20200729,무주읍 하수처리구역 확장사업 외 2개지구 통합건설사업 관리용역,전라북도 무주군,PQ,1319780000,1314893550,99.62975269,KG+성광,99.63,1042650000,100.9801,N
20200732056 - 00,20200729,무주읍 하수처리구역 확장사업 외 2개지구 통합건설사업 관리용역,전라북도 무주군,PQ,1319780000,1314893550,99.62975269,KCI+길건축,99.6,1042000000,100.8914,N
20200732056 - 00,20200729,무주읍 하수처리구역 확장사업 외 2개지구 통합건설사업 관리용역,전라북도 무주군,PQ,1319780000,1314893550,99.62975269,도화+국성,99.58,1022800000,99.0323,N
20200732056 - 00,20200729,무주읍 하수처리구역 확장사업 외 2개지구 통합건설사업 관리용역,전라북도 무주군,PQ,1319780000,1314893550,99.62975269,다산+새움,99.54,1035490000,100.2611,N
20200732056 - 00,20200729,무주읍 하수처리구역 확장사업 외 2개지구 통합건설사업 관리용역,전라북도 무주군,PQ,1319780000,1314893550,99.62975269,이산+목양,99.51,1046370000,101.2369,N
20200732056 - 00,20200729,무주읍 하수처리구역 확장사업 외 2개지구 통합건설사업 관리용역,전라북도 무주군,PQ,1319780000,1314893550,99.62975269,극동+태영,99.51,1044644000,101.0699,N
20200732056 - 00,20200729,무주읍 하수처리구역 확장사업 외 2개지구 통합건설사업 관리용역,전라북도 무주군,PQ,1319780000,1314893550,99.62975269,홍익+유현,99.51,1019630000,98.6498,N
20200732056 - 00,20200729,무주읍 하수처리구역 확장사업 외 2개지구 통합건설사업 관리용역,전라북도 무주군,PQ,1319780000,1314893550,99.62975269,경호+아라,99.5,1046860000,101.2843,N
20200732056 - 00,20200729,무주읍 하수처리구역 확장사업 외 2개지구 통합건설사업 관리용역,전라북도 무주군,PQ,1319780000,1314893550,99.62975269,경동+동운,99.5,1018797000,98.5692,N
20200732056 - 00,20200729,무주읍 하수처리구역 확장사업 외 2개지구 통합건설사업 관리용역,전라북도 무주군,PQ,1319780000,1314893550,99.62975269,신명+인우,99.4,1045889000,101.1904,N
20200732056 - 00,20200729,무주읍 하수처리구역 확장사업 외 2개지구 통합건설사업 관리용역,전라북도 무주군,PQ,1319780000,1314893550,99.62975269,용마+세종,99.37,1020294000,98.714,N
20200732056 - 00,20200729,무주읍 하수처리구역 확장사업 외 2개지구 통합건설사업 관리용역,전라북도 무주군,PQ,1319780000,1314893550,99.62975269,동해+태평,99.37,1031050000,99.7547,N
20200732056 - 00,20200729,무주읍 하수처리구역 확장사업 외 2개지구 통합건설사업 관리용역,전라북도 무주군,PQ,1319780000,1314893550,99.62975269,천일+온길,99.36,1019769000,98.55,N
20200732056 - 00,20200729,무주읍 하수처리구역 확장사업 외 2개지구 통합건설사업 관리용역,전라북도 무주군,PQ,1319780000,1314893550,99.62975269,범한+대도,99.33,1051000000,101.5681,N
20200732056 - 00,20200729,무주읍 하수처리구역 확장사업 외 2개지구 통합건설사업 관리용역,전라북도 무주군,PQ,1319780000,1314893550,99.62975269,서영+JCN,99.27,1053000000,101.7614,N
20200732056 - 00,20200729,무주읍 하수처리구역 확장사업 외 2개지구 통합건설사업 관리용역,전라북도 무주군,PQ,1319780000,1314893550,99.62975269,대콘+주영+승현,99.13,1017999000,98.1911,N
20200732056 - 00,20200729,무주읍 하수처리구역 확장사업 외 2개지구 통합건설사업 관리용역,전라북도 무주군,PQ,1319780000,1314893550,99.62975269,평화+조화,99.11,1054300000,101.6925,N
20200732056 - 00,20200729,무주읍 하수처리구역 확장사업 외 2개지구 통합건설사업 관리용역,전라북도 무주군,PQ,1319780000,1314893550,99.62975269,수성+성원,98.89,1057000000,101.9529,N
20200732056 - 00,20200729,무주읍 하수처리구역 확장사업 외 2개지구 통합건설사업 관리용역,전라북도 무주군,PQ,1319780000,1314893550,99.62975269,경원+고산,98.28,1277700000,123.2405,N
20200732492 - 00,20200730,청주산업단지 재생사업 건설사업관리용역 ,충청북도 청주시,PQ,1279000000,1276832150,99.8305043,건화+건양,100,998060000,100.0505,N
20200732492 - 00,20200730,청주산업단지 재생사업 건설사업관리용역 ,충청북도 청주시,PQ,1279000000,1276832150,99.8305043,도화+청호,100,991580000,99.4009,N
20200732492 - 00,20200730,청주산업단지 재생사업 건설사업관리용역 ,충청북도 청주시,PQ,1279000000,1276832150,99.8305043,천일+한맥+서윤,100,996460000,99.8901,Y
20200732492 - 00,20200730,청주산업단지 재생사업 건설사업관리용역 ,충청북도 청주시,PQ,1279000000,1276832150,99.8305043,한기+홍익,100,1000878000,100.333,N
20200732492 - 00,20200730,청주산업단지 재생사업 건설사업관리용역 ,충청북도 청주시,PQ,1279000000,1276832150,99.8305043,동명+영진,99.97,998750000,100.094,N
20200732492 - 00,20200730,청주산업단지 재생사업 건설사업관리용역 ,충청북도 청주시,PQ,1279000000,1276832150,99.8305043,이산+도우,99.81,989870000,99.0644,N
20200732492 - 00,20200730,청주산업단지 재생사업 건설사업관리용역 ,충청북도 청주시,PQ,1279000000,1276832150,99.8305043,동일+동림,99.7,995000000,99.4887,N
20200732492 - 00,20200730,청주산업단지 재생사업 건설사업관리용역 ,충청북도 청주시,PQ,1279000000,1276832150,99.8305043,극동+대원,99.67,1006970000,100.6598,N
20200732492 - 00,20200730,청주산업단지 재생사업 건설사업관리용역 ,충청북도 청주시,PQ,1279000000,1276832150,99.8305043,수성+지명,99.64,992420000,99.1799,N
20200732492 - 00,20200730,청주산업단지 재생사업 건설사업관리용역 ,충청북도 청주시,PQ,1279000000,1276832150,99.8305043,신명+세광,99.64,1010000000,100.9368,N
20200732492 - 00,20200730,청주산업단지 재생사업 건설사업관리용역 ,충청북도 청주시,PQ,1279000000,1276832150,99.8305043,KSM+서광,99.61,992807000,99.2059,N
20200732492 - 00,20200730,청주산업단지 재생사업 건설사업관리용역 ,충청북도 청주시,PQ,1279000000,1276832150,99.8305043,서영+해림,99.55,992254000,99.1,N
20200732492 - 00,20200730,청주산업단지 재생사업 건설사업관리용역 ,충청북도 청주시,PQ,1279000000,1276832150,99.8305043,유신+창민,99.55,988549000,98.73,N
20200732492 - 00,20200730,청주산업단지 재생사업 건설사업관리용역 ,충청북도 청주시,PQ,1279000000,1276832150,99.8305043,용마+평화+해린,99.5,1007160000,100.5502,N
20200732492 - 00,20200730,청주산업단지 재생사업 건설사업관리용역 ,충청북도 청주시,PQ,1279000000,1276832150,99.8305043,대콘+호영,99.49,1007800000,100.6013,N
20200732492 - 00,20200730,청주산업단지 재생사업 건설사업관리용역 ,충청북도 청주시,PQ,1279000000,1276832150,99.8305043,동성+가원,99.48,987878000,98.6,N
20200732492 - 00,20200730,청주산업단지 재생사업 건설사업관리용역 ,충청북도 청주시,PQ,1279000000,1276832150,99.8305043,삼보+유일,99.48,989180000,98.73,N
20200732492 - 00,20200730,청주산업단지 재생사업 건설사업관리용역 ,충청북도 청주시,PQ,1279000000,1276832150,99.8305043,경동+수일,99.41,1014600000,101.2154,N
20200732492 - 00,20200730,청주산업단지 재생사업 건설사업관리용역 ,충청북도 청주시,PQ,1279000000,1276832150,99.8305043,동해+태광,99.41,1017200000,101.4748,N
20200732492 - 00,20200730,청주산업단지 재생사업 건설사업관리용역 ,충청북도 청주시,PQ,1279000000,1276832150,99.8305043,천마+한광,99.25,1100000000,109.595,N
2002840 - 00,20200730,대전연축 도시개발사업 조사설계용역,한국토지주택공사,PQ,2399738000,2382266000,99.27192052,동일+유신+세원,99.83,1945500000,101.1937,N
2002840 - 00,20200730,대전연축 도시개발사업 조사설계용역,한국토지주택공사,PQ,2399738000,2382266000,99.27192052,도화+경동+수성+장맥,98.76,1930583000,99.4865,Y
2002840 - 00,20200730,대전연축 도시개발사업 조사설계용역,한국토지주택공사,PQ,2399738000,2382266000,99.27192052,건화+평화+목양+천마,98.1,1980980000,101.5061,N
2002840 - 00,20200730,대전연축 도시개발사업 조사설계용역,한국토지주택공사,PQ,2399738000,2382266000,99.27192052,삼안+신성+한맥+태원,97.87,1930940000,98.7356,N
20200733126 - 02,20200731,노곡1리(노실) 하수관로 정비공사 외 2건 통합건설사업 관리용역,강원도 삼척시 하수도사업소,PQ,1090640000,1091727950,100.0997534,KG+동남,99.97,929010000,99.6202,N
20200733126 - 02,20200731,노곡1리(노실) 하수관로 정비공사 외 2건 통합건설사업 관리용역,강원도 삼척시 하수도사업소,PQ,1090640000,1091727950,100.0997534,건화+경원,99.94,929100000,99.6182,N
20200733126 - 02,20200731,노곡1리(노실) 하수관로 정비공사 외 2건 통합건설사업 관리용역,강원도 삼척시 하수도사업소,PQ,1090640000,1091727950,100.0997534,한종+서광,99.93,936150000,100.3741,Y
20200733126 - 02,20200731,노곡1리(노실) 하수관로 정비공사 외 2건 통합건설사업 관리용역,강원도 삼척시 하수도사업소,PQ,1090640000,1091727950,100.0997534,경호+일신,99.84,930830000,99.7804,N
20200733126 - 02,20200731,노곡1리(노실) 하수관로 정비공사 외 2건 통합건설사업 관리용역,강원도 삼척시 하수도사업소,PQ,1090640000,1091727950,100.0997534,이산+정민,99.81,932760000,99.9756,N
20200733126 - 02,20200731,노곡1리(노실) 하수관로 정비공사 외 2건 통합건설사업 관리용역,강원도 삼척시 하수도사업소,PQ,1090640000,1091727950,100.0997534,정+동명,99.8,926614000,99.3168,N
20200733126 - 02,20200731,노곡1리(노실) 하수관로 정비공사 외 2건 통합건설사업 관리용역,강원도 삼척시 하수도사업소,PQ,1090640000,1091727950,100.0997534,동일+화신+우진,99.74,938800000,100.6112,N
20200733126 - 02,20200731,노곡1리(노실) 하수관로 정비공사 외 2건 통합건설사업 관리용역,강원도 삼척시 하수도사업소,PQ,1090640000,1091727950,100.0997534,서영+삼경+동서,99.72,940210000,100.7505,N
20200733126 - 02,20200731,노곡1리(노실) 하수관로 정비공사 외 2건 통합건설사업 관리용역,강원도 삼척시 하수도사업소,PQ,1090640000,1091727950,100.0997534,건양+진화,99.7,939926000,100.7201,N
20200733126 - 02,20200731,노곡1리(노실) 하수관로 정비공사 외 2건 통합건설사업 관리용역,강원도 삼척시 하수도사업소,PQ,1090640000,1091727950,100.0997534,선진+건일+성우,99.68,940130000,100.7302,N
20200733126 - 02,20200731,노곡1리(노실) 하수관로 정비공사 외 2건 통합건설사업 관리용역,강원도 삼척시 하수도사업소,PQ,1090640000,1091727950,100.0997534,도화+한울,99.65,932100000,99.8698,N
20200733126 - 02,20200731,노곡1리(노실) 하수관로 정비공사 외 2건 통합건설사업 관리용역,강원도 삼척시 하수도사업소,PQ,1090640000,1091727950,100.0997534,신명+서윤,99.64,927127000,99.337,N
20200733126 - 02,20200731,노곡1리(노실) 하수관로 정비공사 외 2건 통합건설사업 관리용역,강원도 삼척시 하수도사업소,PQ,1090640000,1091727950,100.0997534,천일+동해,99.46,942100000,100.8941,N
20200733126 - 02,20200731,노곡1리(노실) 하수관로 정비공사 외 2건 통합건설사업 관리용역,강원도 삼척시 하수도사업소,PQ,1090640000,1091727950,100.0997534,수성+정원,99.44,926486000,99.2103,N
20200733126 - 02,20200731,노곡1리(노실) 하수관로 정비공사 외 2건 통합건설사업 관리용역,강원도 삼척시 하수도사업소,PQ,1090640000,1091727950,100.0997534,동성+성안+서강,99.31,925313000,99.05,N
20200733126 - 02,20200731,노곡1리(노실) 하수관로 정비공사 외 2건 통합건설사업 관리용역,강원도 삼척시 하수도사업소,PQ,1090640000,1091727950,100.0997534,범한+대성,99.27,924100000,98.9086,N
20200733126 - 02,20200731,노곡1리(노실) 하수관로 정비공사 외 2건 통합건설사업 관리용역,강원도 삼척시 하수도사업소,PQ,1090640000,1091727950,100.0997534,홍익+청솔+경안,99.19,922730000,98.7505,N
20200733126 - 02,20200731,노곡1리(노실) 하수관로 정비공사 외 2건 통합건설사업 관리용역,강원도 삼척시 하수도사업소,PQ,1090640000,1091727950,100.0997534,제일+현산,99.1,949600000,101.6024,N
20200733126 - 02,20200731,노곡1리(노실) 하수관로 정비공사 외 2건 통합건설사업 관리용역,강원도 삼척시 하수도사업소,PQ,1090640000,1091727950,100.0997534,극동+대상+국일+HEC,99.08,947071000,101.3199,N
20200733126 - 02,20200731,노곡1리(노실) 하수관로 정비공사 외 2건 통합건설사업 관리용역,강원도 삼척시 하수도사업소,PQ,1090640000,1091727950,100.0997534,용마+형제+다음,98.5,922997900,98.6065,N
20200733126 - 02,20200731,노곡1리(노실) 하수관로 정비공사 외 2건 통합건설사업 관리용역,강원도 삼척시 하수도사업소,PQ,1090640000,1091727950,100.0997534,경동+고려,96.07,982400000,104.2964,N
20200731785 - 00,20200731,산두 등 4지구 배수개선사업 기본조사 용역,한국농어촌공사,PQ,355927000,354921550,99.7175123,평화+건일+동부,97.79,309900000,100.3728,N
20200731785 - 00,20200731,산두 등 4지구 배수개선사업 기본조사 용역,한국농어촌공사,PQ,355927000,354921550,99.7175123,동일+다산,97.01,308300000,99.8201,Y
20200731785 - 00,20200731,산두 등 4지구 배수개선사업 기본조사 용역,한국농어촌공사,PQ,355927000,354921550,99.7175123,건화+수성,96.77,311380000,100.7941,N
20200731785 - 00,20200731,산두 등 4지구 배수개선사업 기본조사 용역,한국농어촌공사,PQ,355927000,354921550,99.7175123,화신+삼안,95.54,317180000,102.6006,N
20200731785 - 00,20200731,산두 등 4지구 배수개선사업 기본조사 용역,한국농어촌공사,PQ,355927000,354921550,99.7175123,이산+강동건설,95.47,307970000,99.5412,N
20200733353 - 01,20200731,경주시 어촌뉴딜300사업(연동항 외 1개소) 기본 및 실시설계 용역,한국농어촌공사 경북지역본부,PQ,650918000,650756950,99.97525802,건화+동성(국토해양기술+디에스이앤씨+한신종합기술),98.23,559562000,100.0932,Y
20200733353 - 01,20200731,경주시 어촌뉴딜300사업(연동항 외 1개소) 기본 및 실시설계 용역,한국농어촌공사 경북지역본부,PQ,650918000,650756950,99.97525802,유신+주하,97.54,563827000,100.6686,N
20200733353 - 01,20200731,경주시 어촌뉴딜300사업(연동항 외 1개소) 기본 및 실시설계 용역,한국농어촌공사 경북지역본부,PQ,650918000,650756950,99.97525802,건일,97.04,561490000,100.1233,N
20200733353 - 01,20200731,경주시 어촌뉴딜300사업(연동항 외 1개소) 기본 및 실시설계 용역,한국농어촌공사 경북지역본부,PQ,650918000,650756950,99.97525802,한종+보원,96.38,566700000,100.8884,N
20200733353 - 01,20200731,경주시 어촌뉴딜300사업(연동항 외 1개소) 기본 및 실시설계 용역,한국농어촌공사 경북지역본부,PQ,650918000,650756950,99.97525802,서영+해인,96.14,558000000,99.282,N
20200733353 - 01,20200731,경주시 어촌뉴딜300사업(연동항 외 1개소) 기본 및 실시설계 용역,한국농어촌공사 경북지역본부,PQ,650918000,650756950,99.97525802,세일+반석,93.87,583000000,103.133,N
20200733465 - 00,20200731,구례군 노후정수장 정비사업 건설사업관리용역 ,전라남도 구례군 상하수도사업소,PQ,2653000000,2643489050,99.64150207,삼안+우리,100,2084830000,100.755,N
20200733465 - 00,20200731,구례군 노후정수장 정비사업 건설사업관리용역 ,전라남도 구례군 상하수도사업소,PQ,2653000000,2643489050,99.64150207,한종+우영,99.95,2067000000,99.8421,Y
20200733465 - 00,20200731,구례군 노후정수장 정비사업 건설사업관리용역 ,전라남도 구례군 상하수도사업소,PQ,2653000000,2643489050,99.64150207,극동+동명+원우,99.15,2111304000,101.32,N
20200733465 - 00,20200731,구례군 노후정수장 정비사업 건설사업관리용역 ,전라남도 구례군 상하수도사업소,PQ,2653000000,2643489050,99.64150207,도화+동아,99.15,2067500000,99.2178,N
20200733465 - 00,20200731,구례군 노후정수장 정비사업 건설사업관리용역 ,전라남도 구례군 상하수도사업소,PQ,2653000000,2643489050,99.64150207,신명+범한,99.15,2060060000,98.8608,N
20200733465 - 00,20200731,구례군 노후정수장 정비사업 건설사업관리용역 ,전라남도 구례군 상하수도사업소,PQ,2653000000,2643489050,99.64150207,건화+우빈,99.1,2110800000,101.2571,N
20200733465 - 00,20200731,구례군 노후정수장 정비사업 건설사업관리용역 ,전라남도 구례군 상하수도사업소,PQ,2653000000,2643489050,99.64150207,동성+신오,98.6,2060850000,98.46,N
20200733465 - 00,20200731,구례군 노후정수장 정비사업 건설사업관리용역 ,전라남도 구례군 상하수도사업소,PQ,2653000000,2643489050,99.64150207,경호+동일+에스이,98.55,2500000000,119.3956,N
20200734043 - 00,20200731,석곡~북면간 연결도로 개설사업 전략 및 환경영향평가 용역,전라남도,PQ,844500000,835157750,98.8937537,홍익+한기+DS,98.83,725500000,100.1794,N
20200734043 - 00,20200731,석곡~북면간 연결도로 개설사업 전략 및 환경영향평가 용역,전라남도,PQ,844500000,835157750,98.8937537,건화+동아+경호+효산,98.74,725094000,100.1,N
20200734043 - 00,20200731,석곡~북면간 연결도로 개설사업 전략 및 환경영향평가 용역,전라남도,PQ,844500000,835157750,98.8937537,서영+신오+보드,98.66,727800000,100.4501,N
20200734043 - 00,20200731,석곡~북면간 연결도로 개설사업 전략 및 환경영향평가 용역,전라남도,PQ,844500000,835157750,98.8937537,평화+이산+유일,98.61,728794000,100.5756,N
20200734043 - 00,20200731,석곡~북면간 연결도로 개설사업 전략 및 환경영향평가 용역,전라남도,PQ,844500000,835157750,98.8937537,유신+대현+신일,98.33,720330000,99.3381,N
20200734043 - 00,20200731,석곡~북면간 연결도로 개설사업 전략 및 환경영향평가 용역,전라남도,PQ,844500000,835157750,98.8937537,신성+도화+동진,98.3,721580000,99.4989,N
20200734043 - 00,20200731,석곡~북면간 연결도로 개설사업 전략 및 환경영향평가 용역,전라남도,PQ,844500000,835157750,98.8937537,한종+신명+엔탑,98.26,726600000,100.1794,N
20200734043 - 00,20200731,석곡~북면간 연결도로 개설사업 전략 및 환경영향평가 용역,전라남도,PQ,844500000,835157750,98.8937537,KG+다산+에이스테크,98.24,733130000,101.0797,N
20200734043 - 00,20200731,석곡~북면간 연결도로 개설사업 전략 및 환경영향평가 용역,전라남도,PQ,844500000,835157750,98.8937537,한맥+수성+한솔,97.74,734555000,101.1466,N
20200734043 - 00,20200731,석곡~북면간 연결도로 개설사업 전략 및 환경영향평가 용역,전라남도,PQ,844500000,835157750,98.8937537,동성+일월+대콘,97.72,719044000,98.9993,Y
20200734043 - 00,20200731,석곡~북면간 연결도로 개설사업 전략 및 환경영향평가 용역,전라남도,PQ,844500000,835157750,98.8937537,삼안+경동+상원+누리,97.25,736230000,101.2478,N
20200734043 - 00,20200731,석곡~북면간 연결도로 개설사업 전략 및 환경영향평가 용역,전라남도,PQ,844500000,835157750,98.8937537,선진+하우원,97.03,719430000,98.88,N
20200734043 - 00,20200731,석곡~북면간 연결도로 개설사업 전략 및 환경영향평가 용역,전라남도,PQ,844500000,835157750,98.8937537,동일+서남+다원,96.61,750000000,102.974,N
20200733546 - 01,20200731,영월 카르스트 지질테마공원 조성사업 기본 및 실시설계용역,강원도 영월군,PQ,407413000,405489050,99.52776421,유신+일신,100,353446000,100.0101,N
20200733546 - 01,20200731,영월 카르스트 지질테마공원 조성사업 기본 및 실시설계용역,강원도 영월군,PQ,407413000,405489050,99.52776421,KG+삼경,99.9,351967000,99.5801,Y
20200733546 - 01,20200731,영월 카르스트 지질테마공원 조성사업 기본 및 실시설계용역,강원도 영월군,PQ,407413000,405489050,99.52776421,한종+정,99.5,355400000,100.505,N
20200733546 - 01,20200731,영월 카르스트 지질테마공원 조성사업 기본 및 실시설계용역,강원도 영월군,PQ,407413000,405489050,99.52776421,동명+경원,99,353353000,99.8801,N
20200733546 - 01,20200731,영월 카르스트 지질테마공원 조성사업 기본 및 실시설계용역,강원도 영월군,PQ,407413000,405489050,99.52776421,도화+서광,98.83,356450000,100.7439,N
20200733546 - 01,20200731,영월 카르스트 지질테마공원 조성사업 기본 및 실시설계용역,강원도 영월군,PQ,407413000,405489050,99.52776421,건화+화신,98.33,356770000,100.7764,N
20200733546 - 01,20200731,영월 카르스트 지질테마공원 조성사업 기본 및 실시설계용역,강원도 영월군,PQ,407413000,405489050,99.52776421,선진+고려,97.72,352080000,99.3944,N
20200733546 - 01,20200731,영월 카르스트 지질테마공원 조성사업 기본 및 실시설계용역,강원도 영월군,PQ,407413000,405489050,99.52776421,삼안+삼주,97.36,359590000,101.4795,N
20200733546 - 01,20200731,영월 카르스트 지질테마공원 조성사업 기본 및 실시설계용역,강원도 영월군,PQ,407413000,405489050,99.52776421,경호+동서,95.77,363000000,102.2889,N
20200733546 - 01,20200731,영월 카르스트 지질테마공원 조성사업 기본 및 실시설계용역,강원도 영월군,PQ,407413000,405489050,99.52776421,동일+진화,94.86,351950000,99.0842,N
