PQ공고 NO.,공고일자,사업명,발주처,입찰구분,기초금액,예정금액,예가,업체명,PQ점수,투찰금액,추정예가,낙찰여부
20200500455 - 01,20200501,인제군 자연재해저감 종합계획 재수립 용역,강원도 인제군,PQ,1572700000,1566826000,99.62650219,이산+서광+국일+고려,98.95,1246800000,100.766,N
20200500455 - 01,20200501,인제군 자연재해저감 종합계획 재수립 용역,강원도 인제군,PQ,1572700000,1566826000,99.62650219,한종+삼경+정,98.93,1236160000,99.8934,Y
20200500455 - 01,20200501,인제군 자연재해저감 종합계획 재수립 용역,강원도 인제군,PQ,1572700000,1566826000,99.62650219,도화+동부+진화+동남,98.75,1230720000,99.315,N
20200500455 - 01,20200501,인제군 자연재해저감 종합계획 재수립 용역,강원도 인제군,PQ,1572700000,1566826000,99.62650219,KG+건화+동서+미래,98.67,1233704000,99.48,N
20200500455 - 01,20200501,인제군 자연재해저감 종합계획 재수립 용역,강원도 인제군,PQ,1572700000,1566826000,99.62650219,삼안+화신+일신,98.21,1493800000,120.0116,N
20200500478 - 00,20200501,서리 재해위험지구 정비사업 외 3개소 통합건설사업관리용역 ,강원도 인제군,PQ,1285740000,1289635850,100.3030045,건화+동남+서강,100,1011400000,100.8563,Y
20200500478 - 00,20200501,서리 재해위험지구 정비사업 외 3개소 통합건설사업관리용역 ,강원도 인제군,PQ,1285740000,1289635850,100.3030045,수성+삼경+동서,100,1004300000,100.1483,N
20200500478 - 00,20200501,서리 재해위험지구 정비사업 외 3개소 통합건설사업관리용역 ,강원도 인제군,PQ,1285740000,1289635850,100.3030045,경원+고려,99.88,1000280000,99.6452,N
20200500478 - 00,20200501,서리 재해위험지구 정비사업 외 3개소 통합건설사업관리용역 ,강원도 인제군,PQ,1285740000,1289635850,100.3030045,한맥+화신+미래,99.75,999834000,99.4988,N
20200500478 - 00,20200501,서리 재해위험지구 정비사업 외 3개소 통합건설사업관리용역 ,강원도 인제군,PQ,1285740000,1289635850,100.3030045,진화+평화+진화개발,99.68,996690000,99.1225,N
20200500478 - 00,20200501,서리 재해위험지구 정비사업 외 3개소 통합건설사업관리용역 ,강원도 인제군,PQ,1285740000,1289635850,100.3030045,신명+서윤+태백,99.62,997474000,99.1498,N
20200500478 - 00,20200501,서리 재해위험지구 정비사업 외 3개소 통합건설사업관리용역 ,강원도 인제군,PQ,1285740000,1289635850,100.3030045,홍익+청솔+서경,99.52,1023209000,101.6299,N
20200500478 - 00,20200501,서리 재해위험지구 정비사업 외 3개소 통합건설사업관리용역 ,강원도 인제군,PQ,1285740000,1289635850,100.3030045,신성+화인+국일,99.34,1038000000,102.9413,N
20200444009 - 00,20200501,하수관로 신설(확충)사업[강변처리구역(북구 제척지 일원)] 건설사업관리용역,부산광역시,PQ,2787000000,2771392850,99.44000179,동성+삼영+나우,100,2171825000,99.9128,N
20200444009 - 00,20200501,하수관로 신설(확충)사업[강변처리구역(북구 제척지 일원)] 건설사업관리용역,부산광역시,PQ,2787000000,2771392850,99.44000179,동명+대원+선일,99.97,2187330000,100.6003,N
20200444009 - 00,20200501,하수관로 신설(확충)사업[강변처리구역(북구 제척지 일원)] 건설사업관리용역,부산광역시,PQ,2787000000,2771392850,99.44000179,도화+한가람,99.81,2170200000,99.6719,N
20200444009 - 00,20200501,하수관로 신설(확충)사업[강변처리구역(북구 제척지 일원)] 건설사업관리용역,부산광역시,PQ,2787000000,2771392850,99.44000179,유신+경성,99.8,2169505000,99.64,Y
20200444009 - 00,20200501,하수관로 신설(확충)사업[강변처리구역(북구 제척지 일원)] 건설사업관리용역,부산광역시,PQ,2787000000,2771392850,99.44000179,천일+다산+한진+HM,99.77,2182034000,100.1898,N
20200444009 - 00,20200501,하수관로 신설(확충)사업[강변처리구역(북구 제척지 일원)] 건설사업관리용역,부산광역시,PQ,2787000000,2771392850,99.44000179,이산+한림+HK,99.68,2163540000,99.2644,N
20200444009 - 00,20200501,하수관로 신설(확충)사업[강변처리구역(북구 제척지 일원)] 건설사업관리용역,부산광역시,PQ,2787000000,2771392850,99.44000179,신명+GS,99.65,2165351000,99.3221,N
20200444009 - 00,20200501,하수관로 신설(확충)사업[강변처리구역(북구 제척지 일원)] 건설사업관리용역,부산광역시,PQ,2787000000,2771392850,99.44000179,건화+이화(선진이엔지),99.55,2163200000,99.1474,N
20200444009 - 00,20200501,하수관로 신설(확충)사업[강변처리구역(북구 제척지 일원)] 건설사업관리용역,부산광역시,PQ,2787000000,2771392850,99.44000179,한종+정인,99.54,2202200000,100.922,N
20200444009 - 00,20200501,하수관로 신설(확충)사업[강변처리구역(북구 제척지 일원)] 건설사업관리용역,부산광역시,PQ,2787000000,2771392850,99.44000179,거원+수성,99.52,2188400000,100.2767,N
20200444009 - 00,20200501,하수관로 신설(확충)사업[강변처리구역(북구 제척지 일원)] 건설사업관리용역,부산광역시,PQ,2787000000,2771392850,99.44000179,KG+CM+한창,99.48,2168569000,99.33,N
20200444009 - 00,20200501,하수관로 신설(확충)사업[강변처리구역(북구 제척지 일원)] 건설사업관리용역,부산광역시,PQ,2787000000,2771392850,99.44000179,동부+문창,99.47,2203520000,100.9309,N
20200444009 - 00,20200501,하수관로 신설(확충)사업[강변처리구역(북구 제척지 일원)] 건설사업관리용역,부산광역시,PQ,2787000000,2771392850,99.44000179,삼안+조은,99.47,2156330000,98.7694,N
20200444009 - 00,20200501,하수관로 신설(확충)사업[강변처리구역(북구 제척지 일원)] 건설사업관리용역,부산광역시,PQ,2787000000,2771392850,99.44000179,범한+대진,99.46,2158000000,98.8333,N
20200444009 - 00,20200501,하수관로 신설(확충)사업[강변처리구역(북구 제척지 일원)] 건설사업관리용역,부산광역시,PQ,2787000000,2771392850,99.44000179,선진+하나+에이플러스,99.42,2211500000,101.2447,N
20200444009 - 00,20200501,하수관로 신설(확충)사업[강변처리구역(북구 제척지 일원)] 건설사업관리용역,부산광역시,PQ,2787000000,2771392850,99.44000179,경동+화인,99.34,2155979000,98.64,N
20200444009 - 00,20200501,하수관로 신설(확충)사업[강변처리구역(북구 제척지 일원)] 건설사업관리용역,부산광역시,PQ,2787000000,2771392850,99.44000179,홍익+청출,99.33,2222860000,101.6999,N
20200444009 - 00,20200501,하수관로 신설(확충)사업[강변처리구역(북구 제척지 일원)] 건설사업관리용역,부산광역시,PQ,2787000000,2771392850,99.44000179,삼보+우성,99.25,2210700000,101.0791,N
20200444009 - 00,20200501,하수관로 신설(확충)사업[강변처리구역(북구 제척지 일원)] 건설사업관리용역,부산광역시,PQ,2787000000,2771392850,99.44000179,건양+상지+KCI,99.05,2157422000,98.48,N
20200444009 - 00,20200501,하수관로 신설(확충)사업[강변처리구역(북구 제척지 일원)] 건설사업관리용역,부산광역시,PQ,2787000000,2771392850,99.44000179,경원+미래,98.84,2233300000,101.7623,N
20200444009 - 00,20200501,하수관로 신설(확충)사업[강변처리구역(북구 제척지 일원)] 건설사업관리용역,부산광역시,PQ,2787000000,2771392850,99.44000179,극동+길평,98.8,2229205000,101.55,N
20200444009 - 00,20200501,하수관로 신설(확충)사업[강변처리구역(북구 제척지 일원)] 건설사업관리용역,부산광역시,PQ,2787000000,2771392850,99.44000179,평화+용마+청남,98.77,2237400000,101.8974,N
20200444009 - 00,20200501,하수관로 신설(확충)사업[강변처리구역(북구 제척지 일원)] 건설사업관리용역,부산광역시,PQ,2787000000,2771392850,99.44000179,대콘+지인,98.67,2240000000,101.9253,N
20200444009 - 00,20200501,하수관로 신설(확충)사업[강변처리구역(북구 제척지 일원)] 건설사업관리용역,부산광역시,PQ,2787000000,2771392850,99.44000179,세원+서영+원공+부흥,98.03,2264343500,102.5,N
20200500756 - 00 ,20200501,공유수면매립 기본계획 반영요청서 작성용역,인천광역시 옹진군,PQ,814300000,814271550,99.9965062,대양+유신,99.8,696942000,100.0501,Y
20200500756 - 00 ,20200501,공유수면매립 기본계획 반영요청서 작성용역,인천광역시 옹진군,PQ,814300000,814271550,99.9965062,도화+일진,99.7,695100000,99.7624,N
20200500756 - 00 ,20200501,공유수면매립 기본계획 반영요청서 작성용역,인천광역시 옹진군,PQ,814300000,814271550,99.9965062,한종+바우,98.82,699150000,100.1213,N
20200500756 - 00 ,20200501,공유수면매립 기본계획 반영요청서 작성용역,인천광역시 옹진군,PQ,814300000,814271550,99.9965062,건일+도담,98.64,704530000,100.8447,N
20200500756 - 00 ,20200501,공유수면매립 기본계획 반영요청서 작성용역,인천광역시 옹진군,PQ,814300000,814271550,99.9965062,건화+극동,98.64,692300000,99.0941,N
20200500756 - 00 ,20200501,공유수면매립 기본계획 반영요청서 작성용역,인천광역시 옹진군,PQ,814300000,814271550,99.9965062,삼안+정방,98.07,732820000,104.7354,N
20200500756 - 00 ,20200501,공유수면매립 기본계획 반영요청서 작성용역,인천광역시 옹진군,PQ,814300000,814271550,99.9965062,서영+명인,97.86,693700000,99.0866,N
20200501093 - 00,20200501,고령군 물 재이용 관리계획 수립용역,경상북도 고령군,PQ,305300000,302750025,99.16476417,도화+한주,97.86,267330000,100.7224,N
20200501093 - 00,20200501,고령군 물 재이용 관리계획 수립용역,경상북도 고령군,PQ,305300000,302750025,99.16476417,건화+청우,97.82,264200000,99.5431,Y
20200501093 - 00,20200501,고령군 물 재이용 관리계획 수립용역,경상북도 고령군,PQ,305300000,302750025,99.16476417,삼안+한도,96.21,268620000,101.0458,N
20200501093 - 00,20200501,고령군 물 재이용 관리계획 수립용역,경상북도 고령군,PQ,305300000,302750025,99.16476417,동명+태성,95.54,264800000,99.5516,N
20200501093 - 00,20200501,고령군 물 재이용 관리계획 수립용역,경상북도 고령군,PQ,305300000,302750025,99.16476417,한종+명성,92.46,266300000,99.8063,N
20200501093 - 00,20200501,고령군 물 재이용 관리계획 수립용역,경상북도 고령군,PQ,305300000,302750025,99.16476417,화신+세원,87.07,264549000,98.6421,N
20200501038 - 02,20200501,안성부남지구(상대~시목) 농어촌생활용수 개발사업 외 1개지구 통합건설사업관리용역,전라북도 무주군,PQ,860000000,852816850,99.16475,동일+신한,99.99,734651000,99.9059,N
20200501038 - 02,20200501,안성부남지구(상대~시목) 농어촌생활용수 개발사업 외 1개지구 통합건설사업관리용역,전라북도 무주군,PQ,860000000,852816850,99.16475,한종+인우,99.95,739100000,100.4992,N
20200501038 - 02,20200501,안성부남지구(상대~시목) 농어촌생활용수 개발사업 외 1개지구 통합건설사업관리용역,전라북도 무주군,PQ,860000000,852816850,99.16475,건화+한가람(세웅),99.77,734280000,99.7971,N
20200501038 - 02,20200501,안성부남지구(상대~시목) 농어촌생활용수 개발사업 외 1개지구 통합건설사업관리용역,전라북도 무주군,PQ,860000000,852816850,99.16475,신명+성원,99.73,733535100,99.6958,N
20200501038 - 02,20200501,안성부남지구(상대~시목) 농어촌생활용수 개발사업 외 1개지구 통합건설사업관리용역,전라북도 무주군,PQ,860000000,852816850,99.16475,경원+고산,99.71,729880000,99.1875,Y
20200501038 - 02,20200501,안성부남지구(상대~시목) 농어촌생활용수 개발사업 외 1개지구 통합건설사업관리용역,전라북도 무주군,PQ,860000000,852816850,99.16475,용마+대왕건설,99.55,740168000,100.5503,N
20200501038 - 02,20200501,안성부남지구(상대~시목) 농어촌생활용수 개발사업 외 1개지구 통합건설사업관리용역,전라북도 무주군,PQ,860000000,852816850,99.16475,건양+천마,99.51,739884100,100.5,N
20200501038 - 02,20200501,안성부남지구(상대~시목) 농어촌생활용수 개발사업 외 1개지구 통합건설사업관리용역,전라북도 무주군,PQ,860000000,852816850,99.16475,대콘+주영,99.51,731494000,99.3604,N
20200501038 - 02,20200501,안성부남지구(상대~시목) 농어촌생활용수 개발사업 외 1개지구 통합건설사업관리용역,전라북도 무주군,PQ,860000000,852816850,99.16475,유신+가온,99.5,740695000,100.6102,N
20200501038 - 02,20200501,안성부남지구(상대~시목) 농어촌생활용수 개발사업 외 1개지구 통합건설사업관리용역,전라북도 무주군,PQ,860000000,852816850,99.16475,선진+JCN,99.47,731350000,99.3292,N
20200501038 - 02,20200501,안성부남지구(상대~시목) 농어촌생활용수 개발사업 외 1개지구 통합건설사업관리용역,전라북도 무주군,PQ,860000000,852816850,99.16475,도화+국성,99.47,731200000,99.3088,N
20200501038 - 02,20200501,안성부남지구(상대~시목) 농어촌생활용수 개발사업 외 1개지구 통합건설사업관리용역,전라북도 무주군,PQ,860000000,852816850,99.16475,서영+새움+세원,99.34,742807000,100.8499,N
20200501038 - 02,20200501,안성부남지구(상대~시목) 농어촌생활용수 개발사업 외 1개지구 통합건설사업관리용역,전라북도 무주군,PQ,860000000,852816850,99.16475,동성+세화,99.29,746799000,101.3801,N
20200501038 - 02,20200501,안성부남지구(상대~시목) 농어촌생활용수 개발사업 외 1개지구 통합건설사업관리용역,전라북도 무주군,PQ,860000000,852816850,99.16475,범한+대도,99.27,733994000,99.6301,N
20200501038 - 02,20200501,안성부남지구(상대~시목) 농어촌생활용수 개발사업 외 1개지구 통합건설사업관리용역,전라북도 무주군,PQ,860000000,852816850,99.16475,경동+태성,99.24,745000000,101.124,N
20200501038 - 02,20200501,안성부남지구(상대~시목) 농어촌생활용수 개발사업 외 1개지구 통합건설사업관리용역,전라북도 무주군,PQ,860000000,852816850,99.16475,홍익+유현,99.21,770000000,104.5053,N
20200501038 - 02,20200501,안성부남지구(상대~시목) 농어촌생활용수 개발사업 외 1개지구 통합건설사업관리용역,전라북도 무주군,PQ,860000000,852816850,99.16475,KCM+태평,99.2,728150000,98.8253,N
20200501038 - 02,20200501,안성부남지구(상대~시목) 농어촌생활용수 개발사업 외 1개지구 통합건설사업관리용역,전라북도 무주군,PQ,860000000,852816850,99.16475,경호+아라,99.14,770000000,104.4931,N
20200501038 - 02,20200501,안성부남지구(상대~시목) 농어촌생활용수 개발사업 외 1개지구 통합건설사업관리용역,전라북도 무주군,PQ,860000000,852816850,99.16475,이산+목양,99.07,728500000,98.8382,N
20200500422 - 00,20200501,동부지구 및 남천지구 하수관로 정비공사 건설사업 관리용역,경상북도 경산시,PQ,2833010000,2849703550,100.5892514,동성+건화,100,2219550000,100.45,N
20200500422 - 00,20200501,동부지구 및 남천지구 하수관로 정비공사 건설사업 관리용역,경상북도 경산시,PQ,2833010000,2849703550,100.5892514,도화+한도+세연,99.91,2208246000,99.8616,N
20200500422 - 00,20200501,동부지구 및 남천지구 하수관로 정비공사 건설사업 관리용역,경상북도 경산시,PQ,2833010000,2849703550,100.5892514,KG+해인+보람,99.66,2203873000,99.46,N
20200500422 - 00,20200501,동부지구 및 남천지구 하수관로 정비공사 건설사업 관리용역,경상북도 경산시,PQ,2833010000,2849703550,100.5892514,한종+해동+유성,99.56,2200200000,99.2054,N
20200500422 - 00,20200501,동부지구 및 남천지구 하수관로 정비공사 건설사업 관리용역,경상북도 경산시,PQ,2833010000,2849703550,100.5892514,천일+강산,99.43,2201000000,99.1402,N
20200500422 - 00,20200501,동부지구 및 남천지구 하수관로 정비공사 건설사업 관리용역,경상북도 경산시,PQ,2833010000,2849703550,100.5892514,삼안+보원+청명,99.41,2203300000,99.2311,N
20200500422 - 00,20200501,동부지구 및 남천지구 하수관로 정비공사 건설사업 관리용역,경상북도 경산시,PQ,2833010000,2849703550,100.5892514,경동+동아,99.39,2248170000,101.2261,Y
20200500422 - 00,20200501,동부지구 및 남천지구 하수관로 정비공사 건설사업 관리용역,경상북도 경산시,PQ,2833010000,2849703550,100.5892514,동명+태성,99.23,2251570000,101.2501,N
20200500422 - 00,20200501,동부지구 및 남천지구 하수관로 정비공사 건설사업 관리용역,경상북도 경산시,PQ,2833010000,2849703550,100.5892514,동부+한백,99.1,2248290000,100.9996,N
20200500422 - 00,20200501,동부지구 및 남천지구 하수관로 정비공사 건설사업 관리용역,경상북도 경산시,PQ,2833010000,2849703550,100.5892514,범한+건일+신명,99,2258850000,101.3966,N
20200500422 - 00,20200501,동부지구 및 남천지구 하수관로 정비공사 건설사업 관리용역,경상북도 경산시,PQ,2833010000,2849703550,100.5892514,경호+대성,98.95,2267850000,101.7488,N
20200500422 - 00,20200501,동부지구 및 남천지구 하수관로 정비공사 건설사업 관리용역,경상북도 경산시,PQ,2833010000,2849703550,100.5892514,선진+이산+세원,98.72,2263649000,101.38,N
20200500422 - 00,20200501,동부지구 및 남천지구 하수관로 정비공사 건설사업 관리용역,경상북도 경산시,PQ,2833010000,2849703550,100.5892514,건양+청우,98.7,2199455000,98.48,N
20200500422 - 00,20200501,동부지구 및 남천지구 하수관로 정비공사 건설사업 관리용역,경상북도 경산시,PQ,2833010000,2849703550,100.5892514,경원+KCM,98.4,2277800000,101.7426,N
20200444146 - 00,20200429,고양시 노후 하수관로 정밀조사 용역(3단계),경기도 고양시,PQ,1582000000,1586690650,100.2965013,도화+삼안+KG,99.57,1244026000,100.4616,Y
20200444146 - 00,20200429,고양시 노후 하수관로 정밀조사 용역(3단계),경기도 고양시,PQ,1582000000,1586690650,100.2965013,건화+한종,98.19,1266000000,101.0995,N
20200444146 - 00,20200429,고양시 노후 하수관로 정밀조사 용역(3단계),경기도 고양시,PQ,1582000000,1586690650,100.2965013,선진+제일,98,1241330000,98.9793,N
20200444146 - 00,20200429,고양시 노후 하수관로 정밀조사 용역(3단계),경기도 고양시,PQ,1582000000,1586690650,100.2965013,이산+수성,97.7,1275300000,101.4321,N
20200444146 - 00,20200429,고양시 노후 하수관로 정밀조사 용역(3단계),경기도 고양시,PQ,1582000000,1586690650,100.2965013,동명+범한,97.4,1423800000,112.9731,N
20200500233 - 00,20200501,김해시 가축분뇨공공처리시설 현대화사업 건설사업관리용역,경상남도 김해시,PQ,2460492000,2440051525,99.16925253,도화+한성+서화,100,1913304000,99.7,N
20200500233 - 00,20200501,김해시 가축분뇨공공처리시설 현대화사업 건설사업관리용역,경상남도 김해시,PQ,2460492000,2440051525,99.16925253,삼안+동성+금성,100,1920980000,100.1,N
20200500233 - 00,20200501,김해시 가축분뇨공공처리시설 현대화사업 건설사업관리용역,경상남도 김해시,PQ,2460492000,2440051525,99.16925253,한종+KSM+수성,99.9,1936150000,100.8,N
20200500233 - 00,20200501,김해시 가축분뇨공공처리시설 현대화사업 건설사업관리용역,경상남도 김해시,PQ,2460492000,2440051525,99.16925253,이산+천진,99.67,1912950000,99.4012,N
20200500233 - 00,20200501,김해시 가축분뇨공공처리시설 현대화사업 건설사업관리용역,경상남도 김해시,PQ,2460492000,2440051525,99.16925253,홍익+태일,99.54,1912380000,99.27,Y
20200500233 - 00,20200501,김해시 가축분뇨공공처리시설 현대화사업 건설사업관리용역,경상남도 김해시,PQ,2460492000,2440051525,99.16925253,KG+로텍+우리,99.48,1946315000,100.98,N
20200500233 - 00,20200501,김해시 가축분뇨공공처리시설 현대화사업 건설사업관리용역,경상남도 김해시,PQ,2460492000,2440051525,99.16925253,건화+범한,99.4,1906800000,98.8667,N
20200500233 - 00,20200501,김해시 가축분뇨공공처리시설 현대화사업 건설사업관리용역,경상남도 김해시,PQ,2460492000,2440051525,99.16925253,동명+한올,99.38,1908264000,98.93,N
20200500233 - 00,20200501,김해시 가축분뇨공공처리시설 현대화사업 건설사업관리용역,경상남도 김해시,PQ,2460492000,2440051525,99.16925253,경원+동영,99.36,1906499000,98.8259,N
20200500233 - 00,20200501,김해시 가축분뇨공공처리시설 현대화사업 건설사업관리용역,경상남도 김해시,PQ,2460492000,2440051525,99.16925253,대콘+HEC,99.35,1952634000,101.2045,N
20200500233 - 00,20200501,김해시 가축분뇨공공처리시설 현대화사업 건설사업관리용역,경상남도 김해시,PQ,2460492000,2440051525,99.16925253,유신+한가람,99.28,1960553000,101.5502,N
20200500233 - 00,20200501,김해시 가축분뇨공공처리시설 현대화사업 건설사업관리용역,경상남도 김해시,PQ,2460492000,2440051525,99.16925253,선진+우진+현진,99.26,1908660000,98.8497,N
20200500233 - 00,20200501,김해시 가축분뇨공공처리시설 현대화사업 건설사업관리용역,경상남도 김해시,PQ,2460492000,2440051525,99.16925253,경호+하우,99.07,1959800000,101.3433,N
20200500233 - 00,20200501,김해시 가축분뇨공공처리시설 현대화사업 건설사업관리용역,경상남도 김해시,PQ,2460492000,2440051525,99.16925253,경동+혜인,98.97,1965684000,101.57,N
20200500233 - 00,20200501,김해시 가축분뇨공공처리시설 현대화사업 건설사업관리용역,경상남도 김해시,PQ,2460492000,2440051525,99.16925253,다산+경화+신화,98.96,1981980000,102.399,N
20200502232 - 01,20200508,2030년 양양 군관리계획(재정비) 수립 용역,강원도 양양군,PQ,938800000,942156275,100.3575069,동명+경원,98.88,809400000,100.5498,Y
20200502232 - 01,20200508,2030년 양양 군관리계획(재정비) 수립 용역,강원도 양양군,PQ,938800000,942156275,100.3575069,화신+삼안,98.5,804544000,99.8534,N
20200502232 - 01,20200508,2030년 양양 군관리계획(재정비) 수립 용역,강원도 양양군,PQ,938800000,942156275,100.3575069,건화+진화,97.98,805800000,99.8697,N
20200502232 - 01,20200508,2030년 양양 군관리계획(재정비) 수립 용역,강원도 양양군,PQ,938800000,942156275,100.3575069,수성+일신,97.96,807400000,100.068,N
20200502232 - 01,20200508,2030년 양양 군관리계획(재정비) 수립 용역,강원도 양양군,PQ,938800000,942156275,100.3575069,도화+삼경,97.82,802400000,99.4136,N
20200502232 - 01,20200508,2030년 양양 군관리계획(재정비) 수립 용역,강원도 양양군,PQ,938800000,942156275,100.3575069,경동+정,97.7,802408000,99.3799,N
20200502232 - 01,20200508,2030년 양양 군관리계획(재정비) 수립 용역,강원도 양양군,PQ,938800000,942156275,100.3575069,유신+서광+해동,97.62,802503000,99.3685,N
20200502232 - 01,20200508,2030년 양양 군관리계획(재정비) 수립 용역,강원도 양양군,PQ,938800000,942156275,100.3575069,서영+삼주,97.52,814660000,100.8504,N
20200502232 - 01,20200508,2030년 양양 군관리계획(재정비) 수립 용역,강원도 양양군,PQ,938800000,942156275,100.3575069,KG+대성+고려,97.5,800359000,99.08,N
20200502232 - 01,20200508,2030년 양양 군관리계획(재정비) 수립 용역,강원도 양양군,PQ,938800000,942156275,100.3575069,동일+미래,97.36,818600000,101.2911,N
20200502232 - 01,20200508,2030년 양양 군관리계획(재정비) 수립 용역,강원도 양양군,PQ,938800000,942156275,100.3575069,제일+국일,97.26,799500000,98.9047,N
20200502232 - 01,20200508,2030년 양양 군관리계획(재정비) 수립 용역,강원도 양양군,PQ,938800000,942156275,100.3575069,경호+동서,96.68,840000000,103.7582,N
20200502232 - 01,20200508,2030년 양양 군관리계획(재정비) 수립 용역,강원도 양양군,PQ,938800000,942156275,100.3575069,한종+동남,96.3,800800000,98.8245,N
20200502037 - 00,20200501,서귀포시 보목토평 하수관로 정비사업 건설사업관리용역,제주특별자치도 상하수도본부,PQ,2474000000,2496092850,100.8930012,한종+이산+제원,100,1942000000,100.6428,N
20200502037 - 00,20200501,서귀포시 보목토평 하수관로 정비사업 건설사업관리용역,제주특별자치도 상하수도본부,PQ,2474000000,2496092850,100.8930012,건화+한라(웅진),99.47,1933770000,99.7813,N
20200502037 - 00,20200501,서귀포시 보목토평 하수관로 정비사업 건설사업관리용역,제주특별자치도 상하수도본부,PQ,2474000000,2496092850,100.8930012,경동+태신+건일,99.39,1929880000,99.5044,N
20200502037 - 00,20200501,서귀포시 보목토평 하수관로 정비사업 건설사업관리용역,제주특별자치도 상하수도본부,PQ,2474000000,2496092850,100.8930012,천일+리헌+서영,99.37,1958167000,100.95,Y
20200502037 - 00,20200501,서귀포시 보목토평 하수관로 정비사업 건설사업관리용역,제주특별자치도 상하수도본부,PQ,2474000000,2496092850,100.8930012,삼안+한일,99.28,1922800000,99.0509,N
20200502037 - 00,20200501,서귀포시 보목토평 하수관로 정비사업 건설사업관리용역,제주특별자치도 상하수도본부,PQ,2474000000,2496092850,100.8930012,신명+도암,99.28,1958553500,100.8927,N
20200502037 - 00,20200501,서귀포시 보목토평 하수관로 정비사업 건설사업관리용역,제주특별자치도 상하수도본부,PQ,2474000000,2496092850,100.8930012,도화+JPM,99.25,1923450000,99.0718,N
20200502037 - 00,20200501,서귀포시 보목토평 하수관로 정비사업 건설사업관리용역,제주특별자치도 상하수도본부,PQ,2474000000,2496092850,100.8930012,수성+청풍,99.03,1965216000,101.0299,N
20200502037 - 00,20200501,서귀포시 보목토평 하수관로 정비사업 건설사업관리용역,제주특별자치도 상하수도본부,PQ,2474000000,2496092850,100.8930012,동성+토펙,98.71,1979380000,101.4999,N
20200502037 - 00,20200501,서귀포시 보목토평 하수관로 정비사업 건설사업관리용역,제주특별자치도 상하수도본부,PQ,2474000000,2496092850,100.8930012,선진+원,98.65,1921610000,98.4875,N
20200502037 - 00,20200501,서귀포시 보목토평 하수관로 정비사업 건설사업관리용역,제주특별자치도 상하수도본부,PQ,2474000000,2496092850,100.8930012,범한+해오림+경원,98.34,1996000000,102.0414,N
20200502037 - 00,20200501,서귀포시 보목토평 하수관로 정비사업 건설사업관리용역,제주특별자치도 상하수도본부,PQ,2474000000,2496092850,100.8930012,KCM+해진+동해,98.22,1987800000,101.5323,N
20200502037 - 00,20200501,서귀포시 보목토평 하수관로 정비사업 건설사업관리용역,제주특별자치도 상하수도본부,PQ,2474000000,2496092850,100.8930012,동명+부림,97.82,2003500000,101.9991,N
20200501938 - 00,20200504,군도 17호선 도로 확포장공사 실시설계 용역,전라남도 장성군,PQ,800000000,799786000,99.97325,KG+한기,98.2,686610000,99.92,N
20200501938 - 00,20200504,군도 17호선 도로 확포장공사 실시설계 용역,전라남도 장성군,PQ,800000000,799786000,99.97325,도화+신오,97.9,689150000,100.2079,Y
20200501938 - 00,20200504,군도 17호선 도로 확포장공사 실시설계 용역,전라남도 장성군,PQ,800000000,799786000,99.97325,동일+산이,97.84,687000000,99.8837,N
20200501938 - 00,20200504,군도 17호선 도로 확포장공사 실시설계 용역,전라남도 장성군,PQ,800000000,799786000,99.97325,수성+신명,97.62,689700000,100.218,N
20200501938 - 00,20200504,군도 17호선 도로 확포장공사 실시설계 용역,전라남도 장성군,PQ,800000000,799786000,99.97325,서영+에스이,97.57,692300000,100.5841,N
20200501938 - 00,20200504,군도 17호선 도로 확포장공사 실시설계 용역,전라남도 장성군,PQ,800000000,799786000,99.97325,경동+동아,97.55,693690000,100.786,N
20200501938 - 00,20200504,군도 17호선 도로 확포장공사 실시설계 용역,전라남도 장성군,PQ,800000000,799786000,99.97325,한종+대현,97.54,689150000,100.1148,N
20200501938 - 00,20200504,군도 17호선 도로 확포장공사 실시설계 용역,전라남도 장성군,PQ,800000000,799786000,99.97325,동성+양광,97.51,683440000,99.2853,N
20200501938 - 00,20200504,군도 17호선 도로 확포장공사 실시설계 용역,전라남도 장성군,PQ,800000000,799786000,99.97325,유신+평화,97.37,692902000,100.6247,N
20200501938 - 00,20200504,군도 17호선 도로 확포장공사 실시설계 용역,전라남도 장성군,PQ,800000000,799786000,99.97325,이산+원우+경원,97.29,683100000,99.1782,N
20200501938 - 00,20200504,군도 17호선 도로 확포장공사 실시설계 용역,전라남도 장성군,PQ,800000000,799786000,99.97325,제일+우빈,97.28,695170000,100.9307,N
20200501938 - 00,20200504,군도 17호선 도로 확포장공사 실시설계 용역,전라남도 장성군,PQ,800000000,799786000,99.97325,홍익+다우,97.16,697130000,101.18,N
20200501938 - 00,20200504,군도 17호선 도로 확포장공사 실시설계 용역,전라남도 장성군,PQ,800000000,799786000,99.97325,삼안+원진,96.95,697510000,101.1764,N
20200501938 - 00,20200504,군도 17호선 도로 확포장공사 실시설계 용역,전라남도 장성군,PQ,800000000,799786000,99.97325,바우+극동+서남,96.92,682160000,98.9498,N
20200501938 - 00,20200504,군도 17호선 도로 확포장공사 실시설계 용역,전라남도 장성군,PQ,800000000,799786000,99.97325,신성+기찬,96.86,683350000,98.1655,N
20200501938 - 00,20200504,군도 17호선 도로 확포장공사 실시설계 용역,전라남도 장성군,PQ,800000000,799786000,99.97325,천일+산하,96.85,681780000,97.94,N
20200501938 - 00,20200504,군도 17호선 도로 확포장공사 실시설계 용역,전라남도 장성군,PQ,800000000,799786000,99.97325,한맥+신촌,96.76,682470000,98.0279,N
20200501938 - 00,20200504,군도 17호선 도로 확포장공사 실시설계 용역,전라남도 장성군,PQ,800000000,799786000,99.97325,다산+서진,96.6,681340000,97.8543,N
20200501938 - 00,20200504,군도 17호선 도로 확포장공사 실시설계 용역,전라남도 장성군,PQ,800000000,799786000,99.97325,하이콘+동명,95.87,700770000,100.564,N
20200501938 - 00,20200504,군도 17호선 도로 확포장공사 실시설계 용역,전라남도 장성군,PQ,800000000,799786000,99.97325,용마+진우+장산,95.43,706640000,101.3714,N
20200501938 - 00,20200504,군도 17호선 도로 확포장공사 실시설계 용역,전라남도 장성군,PQ,800000000,799786000,99.97325,건화(영진+지앤비),91,713000000,102.2486,N
20200501938 - 00,20200504,군도 17호선 도로 확포장공사 실시설계 용역,전라남도 장성군,PQ,800000000,799786000,99.97325,화신+건영,90.47,709140000,101.1958,N
20200501758 - 01,20200501,성산3 하수관로 정비사업 건설사업관리용역,제주특별자치도 상하수도본부,PQ,2719000000,2738916725,100.7325018,삼안+JPM,99.9,2131800000,100.434,N
20200501758 - 01,20200501,성산3 하수관로 정비사업 건설사업관리용역,제주특별자치도 상하수도본부,PQ,2719000000,2738916725,100.7325018,동명+청풍,99.54,2123200000,99.735,N
20200501758 - 01,20200501,성산3 하수관로 정비사업 건설사업관리용역,제주특별자치도 상하수도본부,PQ,2719000000,2738916725,100.7325018,동성+부림,99.52,2148277000,100.9001,Y
20200501758 - 01,20200501,성산3 하수관로 정비사업 건설사업관리용역,제주특별자치도 상하수도본부,PQ,2719000000,2738916725,100.7325018,건화+한라(웅진),99.44,2119700000,99.4944,N
20200501758 - 01,20200501,성산3 하수관로 정비사업 건설사업관리용역,제주특별자치도 상하수도본부,PQ,2719000000,2738916725,100.7325018,신명+도암,99.25,2118455000,99.2839,N
20200501758 - 01,20200501,성산3 하수관로 정비사업 건설사업관리용역,제주특별자치도 상하수도본부,PQ,2719000000,2738916725,100.7325018,경동+토펙+건일건축,99.21,2116794000,99.1681,N
20200501758 - 01,20200501,성산3 하수관로 정비사업 건설사업관리용역,제주특별자치도 상하수도본부,PQ,2719000000,2738916725,100.7325018,천일+리헌+서영,99.17,2109670000,98.7966,N
20200501758 - 01,20200501,성산3 하수관로 정비사업 건설사업관리용역,제주특별자치도 상하수도본부,PQ,2719000000,2738916725,100.7325018,도화+제원,99.17,2167200000,101.4908,N
20200501758 - 01,20200501,성산3 하수관로 정비사업 건설사업관리용역,제주특별자치도 상하수도본부,PQ,2719000000,2738916725,100.7325018,수성+해진,99.1,2112528000,98.8801,N
20200501758 - 01,20200501,성산3 하수관로 정비사업 건설사업관리용역,제주특별자치도 상하수도본부,PQ,2719000000,2738916725,100.7325018,이산+그룹케이,99.04,2113989000,98.8981,N
20200501758 - 01,20200501,성산3 하수관로 정비사업 건설사업관리용역,제주특별자치도 상하수도본부,PQ,2719000000,2738916725,100.7325018,선진+원,98.92,2173520000,101.5798,N
20200501758 - 01,20200501,성산3 하수관로 정비사업 건설사업관리용역,제주특별자치도 상하수도본부,PQ,2719000000,2738916725,100.7325018,KG+한일,98.58,2171600000,101.2199,N
20200501758 - 01,20200501,성산3 하수관로 정비사업 건설사업관리용역,제주특별자치도 상하수도본부,PQ,2719000000,2738916725,100.7325018,범한+해오름,98.34,2184100000,101.5966,N
20200501758 - 01,20200501,성산3 하수관로 정비사업 건설사업관리용역,제주특별자치도 상하수도본부,PQ,2719000000,2738916725,100.7325018,경호+태신,96.81,2600000000,119.462,N
20200500651 - 00,20200504,금호강 하중도 진출입 보도교 설치공사 건설사업관리용역,대구광역시 건설본부,PQ,707696000,712635775,100.698008,건화+대성,99.93,606290000,100.1824,N
20200500651 - 00,20200504,금호강 하중도 진출입 보도교 설치공사 건설사업관리용역,대구광역시 건설본부,PQ,707696000,712635775,100.698008,도화+한백E,99.93,606289000,100.1822,N
20200500651 - 00,20200504,금호강 하중도 진출입 보도교 설치공사 건설사업관리용역,대구광역시 건설본부,PQ,707696000,712635775,100.698008,신성+경림,99.74,602580000,99.5228,N
20200500651 - 00,20200504,금호강 하중도 진출입 보도교 설치공사 건설사업관리용역,대구광역시 건설본부,PQ,707696000,712635775,100.698008,동성+보원,99.6,612222000,101.0798,Y
20200500651 - 00,20200504,금호강 하중도 진출입 보도교 설치공사 건설사업관리용역,대구광역시 건설본부,PQ,707696000,712635775,100.698008,경원+보원,99.51,614700000,101.4653,N
20200500651 - 00,20200504,금호강 하중도 진출입 보도교 설치공사 건설사업관리용역,대구광역시 건설본부,PQ,707696000,712635775,100.698008,한종+유성ENC,99.17,607200000,100.1337,N
20200500651 - 00,20200504,금호강 하중도 진출입 보도교 설치공사 건설사업관리용역,대구광역시 건설본부,PQ,707696000,712635775,100.698008,KCM+CEM,98.97,600440000,98.9727,N
20200502714 - 01,20200504,서태2지구 풍수해 생활권 종합정비사업 기본 및 실시설계,전라남도 화순군,PQ,2058466000,2075685150,100.836504,이산+우영+세일,98.28,1640000000,100.7155,N
20200502714 - 01,20200504,서태2지구 풍수해 생활권 종합정비사업 기본 및 실시설계,전라남도 화순군,PQ,2058466000,2075685150,100.836504,한종+신명,98.16,1625000000,99.7061,N
20200502714 - 01,20200504,서태2지구 풍수해 생활권 종합정비사업 기본 및 실시설계,전라남도 화순군,PQ,2058466000,2075685150,100.836504,유신+삼안+동아,97.9,1625940000,99.55,N
20200502714 - 01,20200504,서태2지구 풍수해 생활권 종합정비사업 기본 및 실시설계,전라남도 화순군,PQ,2058466000,2075685150,100.836504,동부+우빈,97.84,1636030000,100.1173,N
20200502714 - 01,20200504,서태2지구 풍수해 생활권 종합정비사업 기본 및 실시설계,전라남도 화순군,PQ,2058466000,2075685150,100.836504,도화+한기,97.8,1655430000,101.279,Y
20200502714 - 01,20200504,서태2지구 풍수해 생활권 종합정비사업 기본 및 실시설계,전라남도 화순군,PQ,2058466000,2075685150,100.836504,건화+원우+하이콘+KCI(서영정보),97.66,1663780000,101.6746,N
20200502714 - 01,20200504,서태2지구 풍수해 생활권 종합정비사업 기본 및 실시설계,전라남도 화순군,PQ,2058466000,2075685150,100.836504,화신+평화+극동,97.54,1618460000,98.8056,N
20200502714 - 01,20200504,서태2지구 풍수해 생활권 종합정비사업 기본 및 실시설계,전라남도 화순군,PQ,2058466000,2075685150,100.836504,KG+신오,97.12,1972300000,120.0001,N
2020-02-000288-00,20200504,경부선 영동~황간간 영동철도교개량 기타공사 감독 권한대행 등 건설사업관리용역,한국철도시설공단,PQ,1783333200,1788545258,100.292265,수성,100,1399999999,100.6535,N
2020-02-000288-00,20200504,경부선 영동~황간간 영동철도교개량 기타공사 감독 권한대행 등 건설사업관리용역,한국철도시설공단,PQ,1783333200,1788545258,100.292265,이산+천일,100,1389500000,99.8986,N
2020-02-000288-00,20200504,경부선 영동~황간간 영동철도교개량 기타공사 감독 권한대행 등 건설사업관리용역,한국철도시설공단,PQ,1783333200,1788545258,100.292265,태조+동일,100,1396999000,100.4377,Y
2020-02-000288-00,20200504,경부선 영동~황간간 영동철도교개량 기타공사 감독 권한대행 등 건설사업관리용역,한국철도시설공단,PQ,1783333200,1788545258,100.292265,대콘,100,1392325400,100.1017,N
2020-02-000288-00,20200504,경부선 영동~황간간 영동철도교개량 기타공사 감독 권한대행 등 건설사업관리용역,한국철도시설공단,PQ,1783333200,1788545258,100.292265,유신+대건,99.94,1384950000,99.5204,N
2020-02-000288-00,20200504,경부선 영동~황간간 영동철도교개량 기타공사 감독 권한대행 등 건설사업관리용역,한국철도시설공단,PQ,1783333200,1788545258,100.292265,동명+서현,99.87,1403500000,100.7888,N
2020-02-000288-00,20200504,경부선 영동~황간간 영동철도교개량 기타공사 감독 권한대행 등 건설사업관리용역,한국철도시설공단,PQ,1783333200,1788545258,100.292265,다산+동해,99.8,1385970000,99.4662,N
2020-02-000288-00,20200504,경부선 영동~황간간 영동철도교개량 기타공사 감독 권한대행 등 건설사업관리용역,한국철도시설공단,PQ,1783333200,1788545258,100.292265,KRTC,99.73,1384500000,99.2972,N
2020-02-000288-00,20200504,경부선 영동~황간간 영동철도교개량 기타공사 감독 권한대행 등 건설사업관리용역,한국철도시설공단,PQ,1783333200,1788545258,100.292265,삼보,99.73,1387320000,99.4995,N
2020-02-000288-00,20200504,경부선 영동~황간간 영동철도교개량 기타공사 감독 권한대행 등 건설사업관리용역,한국철도시설공단,PQ,1783333200,1788545258,100.292265,선진+일신,99.7,1408040000,100.9597,N
2020-02-000288-00,20200504,경부선 영동~황간간 영동철도교개량 기타공사 감독 권한대행 등 건설사업관리용역,한국철도시설공단,PQ,1783333200,1788545258,100.292265,신성+삼안,99.67,1385880000,99.3454,N
2020-02-000288-00,20200504,경부선 영동~황간간 영동철도교개량 기타공사 감독 권한대행 등 건설사업관리용역,한국철도시설공단,PQ,1783333200,1788545258,100.292265,도화+선구,99.64,1413500000,101.2994,N
2020-02-000288-00,20200504,경부선 영동~황간간 영동철도교개량 기타공사 감독 권한대행 등 건설사업관리용역,한국철도시설공단,PQ,1783333200,1788545258,100.292265,건화+서영,99.41,1385200000,99.0686,N
2020-02-000288-00,20200504,경부선 영동~황간간 영동철도교개량 기타공사 감독 권한대행 등 건설사업관리용역,한국철도시설공단,PQ,1783333200,1788545258,100.292265,경동,99.4,1381798000,98.8127,N
2020-02-000288-00,20200504,경부선 영동~황간간 영동철도교개량 기타공사 감독 권한대행 등 건설사업관리용역,한국철도시설공단,PQ,1783333200,1788545258,100.292265,동부,99.33,1417625000,101.3101,N
2020-02-000288-00,20200504,경부선 영동~황간간 영동철도교개량 기타공사 감독 권한대행 등 건설사업관리용역,한국철도시설공단,PQ,1783333200,1788545258,100.292265,진우,98.96,1432008000,102,N
2020-02-000288-00,20200504,경부선 영동~황간간 영동철도교개량 기타공사 감독 권한대행 등 건설사업관리용역,한국철도시설공단,PQ,1783333200,1788545258,100.292265,신승+KCM,98.47,1431250000,101.4948,N
20200502846 - 00,20200504,강릉시 소하천정비종합계획 재수립 및 지형도면 고시 용역,강원도 강릉시,PQ,1817800000,1827361700,100.526004,KG+정+제일+미래,97.89,1437899000,99.68,N
20200502846 - 00,20200504,강릉시 소하천정비종합계획 재수립 및 지형도면 고시 용역,강원도 강릉시,PQ,1817800000,1827361700,100.526004,건화+서광+KCI+청솔+서경,97.77,1440800000,99.7931,N
20200502846 - 00,20200504,강릉시 소하천정비종합계획 재수립 및 지형도면 고시 용역,강원도 강릉시,PQ,1817800000,1827361700,100.526004,한종+일신+청명+현진+유비,97.72,1457000000,100.877,Y
20200502846 - 00,20200504,강릉시 소하천정비종합계획 재수립 및 지형도면 고시 용역,강원도 강릉시,PQ,1817800000,1827361700,100.526004,동부+진화+강원길+삼보,97.49,1439130000,99.452,N
20200502846 - 00,20200504,강릉시 소하천정비종합계획 재수립 및 지형도면 고시 용역,강원도 강릉시,PQ,1817800000,1827361700,100.526004,도화+삼경+동남,97.36,1466300000,101.2279,N
20200502846 - 00,20200504,강릉시 소하천정비종합계획 재수립 및 지형도면 고시 용역,강원도 강릉시,PQ,1817800000,1827361700,100.526004,KSM+삼주+현산,97.14,1465600000,100.9895,N
20200502846 - 00,20200504,강릉시 소하천정비종합계획 재수립 및 지형도면 고시 용역,강원도 강릉시,PQ,1817800000,1827361700,100.526004,화신+고려+경호+평화,97.01,1471290000,101.28,N
20200502846 - 00,20200504,강릉시 소하천정비종합계획 재수립 및 지형도면 고시 용역,강원도 강릉시,PQ,1817800000,1827361700,100.526004,이산+동서+대성,96.99,1433990000,98.7001,N
20200502846 - 00,20200504,강릉시 소하천정비종합계획 재수립 및 지형도면 고시 용역,강원도 강릉시,PQ,1817800000,1827361700,100.526004,삼안+한맥+정원+경원,96.95,1474550000,101.4537,N
20200502846 - 00,20200504,강릉시 소하천정비종합계획 재수립 및 지형도면 고시 용역,강원도 강릉시,PQ,1817800000,1827361700,100.526004,다산+서윤+태경,96.26,1493000000,102.1609,N
20200502846 - 00,20200504,강릉시 소하천정비종합계획 재수립 및 지형도면 고시 용역,강원도 강릉시,PQ,1817800000,1827361700,100.526004,동성+동명+동해+한울,95.5,1498000000,101.8947,N
20200502846 - 00,20200504,강릉시 소하천정비종합계획 재수립 및 지형도면 고시 용역,강원도 강릉시,PQ,1817800000,1827361700,100.526004,극동+국일+성우,95.1,1500000000,101.7037,N
20200503658 - 00,20200506,제2매립장(1단계) 조성사업 기본 및 실시설계용역,대전도시공사,PQ,5119730000,5140682525,100.4092506,한종+건화+선구+신화,96.45,3900000000,101.1968,Y
20200503658 - 00,20200506,제2매립장(1단계) 조성사업 기본 및 실시설계용역,대전도시공사,PQ,5119730000,5140682525,100.4092506,선진+도화,95.36,5000000000,128.561,N
20200505878 - 00,20200507,성주군 자연재해저감종합계획 재수립 및 재해지도 작성 용역,경상북도 성주군,PQ,1974000000,1979438400,100.2755015,건화+KCI+한도+한백+동서,98.93,1564400000,100.7184,Y
20200505878 - 00,20200507,성주군 자연재해저감종합계획 재수립 및 재해지도 작성 용역,경상북도 성주군,PQ,1974000000,1979438400,100.2755015,KG+강동+보람,98.21,1569190000,100.4396,N
20200505878 - 00,20200507,성주군 자연재해저감종합계획 재수립 및 재해지도 작성 용역,경상북도 성주군,PQ,1974000000,1979438400,100.2755015,도화+보원+금일,98.19,1556430000,99.6103,N
20200505878 - 00,20200507,성주군 자연재해저감종합계획 재수립 및 재해지도 작성 용역,경상북도 성주군,PQ,1974000000,1979438400,100.2755015,평화+동성+유현,98.16,1559250000,99.7655,N
20200505878 - 00,20200507,성주군 자연재해저감종합계획 재수립 및 재해지도 작성 용역,경상북도 성주군,PQ,1974000000,1979438400,100.2755015,화신+현대기술+극동,97.91,1588160000,101.4103,N
20200505878 - 00,20200507,성주군 자연재해저감종합계획 재수립 및 재해지도 작성 용역,경상북도 성주군,PQ,1974000000,1979438400,100.2755015,삼안+건일+삼보,97.61,1551330000,98.8219,N
20200505878 - 00,20200507,성주군 자연재해저감종합계획 재수립 및 재해지도 작성 용역,경상북도 성주군,PQ,1974000000,1979438400,100.2755015,동명+해동+해인+하존,97.37,1600500000,101.7494,N
20200505878 - 00,20200507,성주군 자연재해저감종합계획 재수립 및 재해지도 작성 용역,경상북도 성주군,PQ,1974000000,1979438400,100.2755015,한종+청명+정,96.63,1606600000,101.5383,N
20200505878 - 00,20200507,성주군 자연재해저감종합계획 재수립 및 재해지도 작성 용역,경상북도 성주군,PQ,1974000000,1979438400,100.2755015,유신+강산+주하,96.28,1619170000,102.04,N
20200505878 - 00,20200507,성주군 자연재해저감종합계획 재수립 및 재해지도 작성 용역,경상북도 성주군,PQ,1974000000,1979438400,100.2755015,이산+동진+제일+서광,96.1,1630000000,102.5821,N
20200505878 - 00,20200507,성주군 자연재해저감종합계획 재수립 및 재해지도 작성 용역,경상북도 성주군,PQ,1974000000,1979438400,100.2755015,동부+다산+한맥,96.04,1624733000,102.1998,N
20200505829 - 00,20200507,명포 재해위험개선지구 외 1개소 실시설계용역,경상북도 성주군,PQ,858000000,845700600,98.5665035,이산+건일,98.68,739000000,100.3911,N
20200505829 - 00,20200507,명포 재해위험개선지구 외 1개소 실시설계용역,경상북도 성주군,PQ,858000000,845700600,98.5665035,도화+주하,98.58,736330000,100.0051,N
20200505829 - 00,20200507,명포 재해위험개선지구 외 1개소 실시설계용역,경상북도 성주군,PQ,858000000,845700600,98.5665035,삼안+삼보,98.57,733700000,99.6479,N
20200505829 - 00,20200507,명포 재해위험개선지구 외 1개소 실시설계용역,경상북도 성주군,PQ,858000000,845700600,98.5665035,유신+강산+보람,98.56,740490000,100.5701,N
20200505829 - 00,20200507,명포 재해위험개선지구 외 1개소 실시설계용역,경상북도 성주군,PQ,858000000,845700600,98.5665035,동성+평화,98.51,732990000,99.5398,N
20200505829 - 00,20200507,명포 재해위험개선지구 외 1개소 실시설계용역,경상북도 성주군,PQ,858000000,845700600,98.5665035,동명+무림,98.5,737900000,100.2066,N
20200505829 - 00,20200507,명포 재해위험개선지구 외 1개소 실시설계용역,경상북도 성주군,PQ,858000000,845700600,98.5665035,KG+동진,98.4,739877000,100.44,N
20200505829 - 00,20200507,명포 재해위험개선지구 외 1개소 실시설계용역,경상북도 성주군,PQ,858000000,845700600,98.5665035,동부,98.32,733414000,99.551,N
20200505829 - 00,20200507,명포 재해위험개선지구 외 1개소 실시설계용역,경상북도 성주군,PQ,858000000,845700600,98.5665035,한종+청명,98.19,736980000,100.0001,N
20200505829 - 00,20200507,명포 재해위험개선지구 외 1개소 실시설계용역,경상북도 성주군,PQ,858000000,845700600,98.5665035,경호+극동+세원,98.14,749970000,101.7509,N
20200505829 - 00,20200507,명포 재해위험개선지구 외 1개소 실시설계용역,경상북도 성주군,PQ,858000000,845700600,98.5665035,건화+한도+KCI,98.13,731780000,99.2714,Y
20200505829 - 00,20200507,명포 재해위험개선지구 외 1개소 실시설계용역,경상북도 성주군,PQ,858000000,845700600,98.5665035,KSM,95.42,760800000,102.5043,N
20200505798 - 00,20200507,동락 재해위험개선지구 정비사업 기본 및 실시설계용역,경상북도 성주군,PQ,2497750000,2505355725,100.3045031,도화+동진,99.23,1965500000,100.2495,N
20200505798 - 00,20200507,동락 재해위험개선지구 정비사업 기본 및 실시설계용역,경상북도 성주군,PQ,2497750000,2505355725,100.3045031,KCI+건화+한도+주하+동서,98.09,1972000000,99.6542,N
20200505798 - 00,20200507,동락 재해위험개선지구 정비사업 기본 및 실시설계용역,경상북도 성주군,PQ,2497750000,2505355725,100.3045031,동명+동성+제일,98.05,1962700000,99.1592,N
20200505798 - 00,20200507,동락 재해위험개선지구 정비사업 기본 및 실시설계용역,경상북도 성주군,PQ,2497750000,2505355725,100.3045031,삼안+건일+강산+유현,98.01,2001780000,101.0953,Y
20200505798 - 00,20200507,동락 재해위험개선지구 정비사업 기본 및 실시설계용역,경상북도 성주군,PQ,2497750000,2505355725,100.3045031,이산+보람+보원+장맥,97.68,1963500000,98.9001,N
20200505798 - 00,20200507,동락 재해위험개선지구 정비사업 기본 및 실시설계용역,경상북도 성주군,PQ,2497750000,2505355725,100.3045031,한종+청명+한백+하이콘,97.68,1963498000,98.9,N
20200505798 - 00,20200507,동락 재해위험개선지구 정비사업 기본 및 실시설계용역,경상북도 성주군,PQ,2497750000,2505355725,100.3045031,유신+해인+경호,97.63,2018505000,101.6323,N
20200505798 - 00,20200507,동락 재해위험개선지구 정비사업 기본 및 실시설계용역,경상북도 성주군,PQ,2497750000,2505355725,100.3045031,화신+현대기술+극동,97.33,1962770000,98.5905,N
20200505798 - 00,20200507,동락 재해위험개선지구 정비사업 기본 및 실시설계용역,경상북도 성주군,PQ,2497750000,2505355725,100.3045031,KG+강동+정,97.2,2029353000,101.82,N
20200505798 - 00,20200507,동락 재해위험개선지구 정비사업 기본 및 실시설계용역,경상북도 성주군,PQ,2497750000,2505355725,100.3045031,동부+다산+삼보,95.92,2063600000,102.4851,N
20200506321 - 00,20200507,"남창, 덕호지구 자연재해위험개선지구 정비사업 실시설계용역",전라남도 영광군,PQ,914000000,908497750,99.39800328,한종+우빈,98.91,785970000,100.3002,N
20200506321 - 00,20200507,"남창, 덕호지구 자연재해위험개선지구 정비사업 실시설계용역",전라남도 영광군,PQ,914000000,908497750,99.39800328,경호+극동+신오,98.7,784780000,100.0899,N
20200506321 - 00,20200507,"남창, 덕호지구 자연재해위험개선지구 정비사업 실시설계용역",전라남도 영광군,PQ,914000000,908497750,99.39800328,삼안+하이콘+KCI,98.62,788700000,100.5664,N
20200506321 - 00,20200507,"남창, 덕호지구 자연재해위험개선지구 정비사업 실시설계용역",전라남도 영광군,PQ,914000000,908497750,99.39800328,이산+한기,98.49,782670000,99.7627,N
20200506321 - 00,20200507,"남창, 덕호지구 자연재해위험개선지구 정비사업 실시설계용역",전라남도 영광군,PQ,914000000,908497750,99.39800328,도화+원우,98.43,794750000,101.2906,N
20200506321 - 00,20200507,"남창, 덕호지구 자연재해위험개선지구 정비사업 실시설계용역",전라남도 영광군,PQ,914000000,908497750,99.39800328,평화+경동,98.34,791470000,100.8491,N
20200506321 - 00,20200507,"남창, 덕호지구 자연재해위험개선지구 정비사업 실시설계용역",전라남도 영광군,PQ,914000000,908497750,99.39800328,동명+기림,98.3,776670000,98.9518,N
20200506321 - 00,20200507,"남창, 덕호지구 자연재해위험개선지구 정비사업 실시설계용역",전라남도 영광군,PQ,914000000,908497750,99.39800328,KSM+건화+우리(서영정보),98.25,782610000,99.697,Y
20200506321 - 00,20200507,"남창, 덕호지구 자연재해위험개선지구 정비사업 실시설계용역",전라남도 영광군,PQ,914000000,908497750,99.39800328,동부+동아,98.16,776930000,98.9503,N
20200506321 - 00,20200507,"남창, 덕호지구 자연재해위험개선지구 정비사업 실시설계용역",전라남도 영광군,PQ,914000000,908497750,99.39800328,KG+우영,98.13,795310000,101.2794,N
20200506321 - 00,20200507,"남창, 덕호지구 자연재해위험개선지구 정비사업 실시설계용역",전라남도 영광군,PQ,914000000,908497750,99.39800328,동성+산하,98.12,779299000,99.2405,N
20200506321 - 00,20200507,"남창, 덕호지구 자연재해위험개선지구 정비사업 실시설계용역",전라남도 영광군,PQ,914000000,908497750,99.39800328,다산+대현,98.1,775775000,98.7917,N
20200506321 - 00,20200507,"남창, 덕호지구 자연재해위험개선지구 정비사업 실시설계용역",전라남도 영광군,PQ,914000000,908497750,99.39800328,유신+신명,97.86,789976000,100.53,N
20200506321 - 00,20200507,"남창, 덕호지구 자연재해위험개선지구 정비사업 실시설계용역",전라남도 영광군,PQ,914000000,908497750,99.39800328,화신+산이+현대기술+동서,97.37,821920000,104.4735,N
20200506593 - 00,20200507,청포대외 1개소 하수도정비사업 통합 건설사업관리용역,조달청,PQ,1518395000,1523295650,100.322752,건화+송현+삼경,100,1180321000,99.6664,N
20200506593 - 00,20200507,청포대외 1개소 하수도정비사업 통합 건설사업관리용역,조달청,PQ,1518395000,1523295650,100.322752,도화+신성,100,1180320000,99.6663,N
20200506593 - 00,20200507,청포대외 1개소 하수도정비사업 통합 건설사업관리용역,조달청,PQ,1518395000,1523295650,100.322752,한종+세일,100,1182700000,99.8672,N
20200506593 - 00,20200507,청포대외 1개소 하수도정비사업 통합 건설사업관리용역,조달청,PQ,1518395000,1523295650,100.322752,삼안+장맥,100,1179970000,99.6367,N
20200506593 - 00,20200507,청포대외 1개소 하수도정비사업 통합 건설사업관리용역,조달청,PQ,1518395000,1523295650,100.322752,동명+천마,100,1199000000,101.2436,N
20200506593 - 00,20200507,청포대외 1개소 하수도정비사업 통합 건설사업관리용역,조달청,PQ,1518395000,1523295650,100.322752,선진+유원,100,1181760000,99.7879,N
20200506593 - 00,20200507,청포대외 1개소 하수도정비사업 통합 건설사업관리용역,조달청,PQ,1518395000,1523295650,100.322752,신명+재성,100,1173000000,99.0482,N
20200506593 - 00,20200507,청포대외 1개소 하수도정비사업 통합 건설사업관리용역,조달청,PQ,1518395000,1523295650,100.322752,이산+우빈,100,1172430000,99,N
20200506593 - 00,20200507,청포대외 1개소 하수도정비사업 통합 건설사업관리용역,조달청,PQ,1518395000,1523295650,100.322752,경동+용마,100,1171987000,98.9626,N
20200506593 - 00,20200507,청포대외 1개소 하수도정비사업 통합 건설사업관리용역,조달청,PQ,1518395000,1523295650,100.322752,동부+더원,100,1172470000,99.0034,N
20200506593 - 00,20200507,청포대외 1개소 하수도정비사업 통합 건설사업관리용역,조달청,PQ,1518395000,1523295650,100.322752,천일+기산+서영,100,1193690000,100.7952,Y
20200506593 - 00,20200507,청포대외 1개소 하수도정비사업 통합 건설사업관리용역,조달청,PQ,1518395000,1523295650,100.322752,KG+송현E,100,1172190000,98.9798,N
20200506593 - 00,20200507,청포대외 1개소 하수도정비사업 통합 건설사업관리용역,조달청,PQ,1518395000,1523295650,100.322752,경호+세종,100,1194300000,100.8467,N
20200506593 - 00,20200507,청포대외 1개소 하수도정비사업 통합 건설사업관리용역,조달청,PQ,1518395000,1523295650,100.322752,범한+드림,100,1183917000,99.97,N
20200506593 - 00,20200507,청포대외 1개소 하수도정비사업 통합 건설사업관리용역,조달청,PQ,1518395000,1523295650,100.322752,동성+우주+경원,99.92,1173099000,98.9804,N
20200506593 - 00,20200507,청포대외 1개소 하수도정비사업 통합 건설사업관리용역,조달청,PQ,1518395000,1523295650,100.322752,건양+동양,99.74,1204656200,101.5,N
20200506593 - 00,20200507,청포대외 1개소 하수도정비사업 통합 건설사업관리용역,조달청,PQ,1518395000,1523295650,100.322752,KCM,98.8,1470000000,122.9134,N
20200507330 - 00,20200506,거제시 노후하수관로 정비사업(1단계) 건설사업관리용역,경상남도 거제시,PQ,1088130000,1091671900,100.3255034,한종+경화,99.93,930500000,99.9985,N
20200507330 - 00,20200506,거제시 노후하수관로 정비사업(1단계) 건설사업관리용역,경상남도 거제시,PQ,1088130000,1091671900,100.3255034,건화+한성,99.87,938600000,100.8571,Y
20200507330 - 00,20200506,거제시 노후하수관로 정비사업(1단계) 건설사업관리용역,경상남도 거제시,PQ,1088130000,1091671900,100.3255034,범한+경원,99.8,930790000,99.9945,N
20200507330 - 00,20200506,거제시 노후하수관로 정비사업(1단계) 건설사업관리용역,경상남도 거제시,PQ,1088130000,1091671900,100.3255034,홍익+태일,99.77,927690000,99.6499,N
20200507330 - 00,20200506,거제시 노후하수관로 정비사업(1단계) 건설사업관리용역,경상남도 거제시,PQ,1088130000,1091671900,100.3255034,천일+신화,99.69,927200000,99.5856,N
20200507330 - 00,20200506,거제시 노후하수관로 정비사업(1단계) 건설사업관리용역,경상남도 거제시,PQ,1088130000,1091671900,100.3255034,이산+우진,99.63,921950000,98.9986,N
20200507330 - 00,20200506,거제시 노후하수관로 정비사업(1단계) 건설사업관리용역,경상남도 거제시,PQ,1088130000,1091671900,100.3255034,동명+KSM,99.6,933600000,100.2495,N
20200507330 - 00,20200506,거제시 노후하수관로 정비사업(1단계) 건설사업관리용역,경상남도 거제시,PQ,1088130000,1091671900,100.3255034,도화+현진,99.55,924500000,99.2608,N
20200507330 - 00,20200506,거제시 노후하수관로 정비사업(1단계) 건설사업관리용역,경상남도 거제시,PQ,1088130000,1091671900,100.3255034,극동+서화,99.54,938852000,100.7899,N
20200507330 - 00,20200506,거제시 노후하수관로 정비사업(1단계) 건설사업관리용역,경상남도 거제시,PQ,1088130000,1091671900,100.3255034,대콘+HEC,99.53,922220000,99.0044,N
20200507330 - 00,20200506,거제시 노후하수관로 정비사업(1단계) 건설사업관리용역,경상남도 거제시,PQ,1088130000,1091671900,100.3255034,신명+우정,99.47,939989000,100.9002,N
20200507330 - 00,20200506,거제시 노후하수관로 정비사업(1단계) 건설사업관리용역,경상남도 거제시,PQ,1088130000,1091671900,100.3255034,동해+금성,99.37,940700000,100.953,N
20200507330 - 00,20200506,거제시 노후하수관로 정비사업(1단계) 건설사업관리용역,경상남도 거제시,PQ,1088130000,1091671900,100.3255034,수성+유신,99.37,921382000,98.8798,N
20200507330 - 00,20200506,거제시 노후하수관로 정비사업(1단계) 건설사업관리용역,경상남도 거제시,PQ,1088130000,1091671900,100.3255034,동성+재화,99.32,945900000,101.4992,N
20200507330 - 00,20200506,거제시 노후하수관로 정비사업(1단계) 건설사업관리용역,경상남도 거제시,PQ,1088130000,1091671900,100.3255034,경호+한올,98.99,920220000,98.6514,N
20200506845 - 01,20200507,농소~강동간(2공구) 도로개설공사 기본 및 실시설계용역,울산광역시,TP,5448300000,5402493450,99.15925059,다산+유신+성지+건화(청목),92.11,4296776000,101.0501,N
20200506845 - 01,20200507,농소~강동간(2공구) 도로개설공사 기본 및 실시설계용역,울산광역시,TP,5448300000,5402493450,99.15925059,천일+도화+동성+씨엠,91.11,4265290000,99.4937,Y
20200506845 - 01,20200507,농소~강동간(2공구) 도로개설공사 기본 및 실시설계용역,울산광역시,TP,5448300000,5402493450,99.15925059,수성+극동+한신,90.39,4261889999,98.8241,N
20200506845 - 01,20200507,농소~강동간(2공구) 도로개설공사 기본 및 실시설계용역,울산광역시,TP,5448300000,5402493450,99.15925059,한종+동부+부광,88.03,4478000000,101.8915,N
20200506845 - 01,20200507,농소~강동간(2공구) 도로개설공사 기본 및 실시설계용역,울산광역시,TP,5448300000,5402493450,99.15925059,동명+내경+신흥,87.94,5175000000,117.6779,N
20200508843 - 00,20200508,산단 진입교량(봉암교) 확장사업 실시설계 용역,경상남도 창원시,PQ,1159990000,1167599600,100.6560057,극동+바우+서화,99.36,907943000,99.8299,N
20200508843 - 00,20200508,산단 진입교량(봉암교) 확장사업 실시설계 용역,경상남도 창원시,PQ,1159990000,1167599600,100.6560057,이산+바우,99.36,905540000,99.5657,N
20200508843 - 00,20200508,산단 진입교량(봉암교) 확장사업 실시설계 용역,경상남도 창원시,PQ,1159990000,1167599600,100.6560057,수성+유신,99.3,913143000,100.3504,N
20200508843 - 00,20200508,산단 진입교량(봉암교) 확장사업 실시설계 용역,경상남도 창원시,PQ,1159990000,1167599600,100.6560057,도화+범한,99.3,908270000,99.8149,N
20200508843 - 00,20200508,산단 진입교량(봉암교) 확장사업 실시설계 용역,경상남도 창원시,PQ,1159990000,1167599600,100.6560057,KG+천진,99.28,923657000,101.48,N
20200508843 - 00,20200508,산단 진입교량(봉암교) 확장사업 실시설계 용역,경상남도 창원시,PQ,1159990000,1167599600,100.6560057,동명+경화,99.24,907420000,99.6707,N
20200508843 - 00,20200508,산단 진입교량(봉암교) 확장사업 실시설계 용역,경상남도 창원시,PQ,1159990000,1167599600,100.6560057,삼안+대콘+재화,99.23,916300000,100.6332,N
20200508843 - 00,20200508,산단 진입교량(봉암교) 확장사업 실시설계 용역,경상남도 창원시,PQ,1159990000,1167599600,100.6560057,건화+혜인,99.23,900340000,98.8804,N
20200508843 - 00,20200508,산단 진입교량(봉암교) 확장사업 실시설계 용역,경상남도 창원시,PQ,1159990000,1167599600,100.6560057,동부+한가람,99.22,915541000,100.5499,N
20200508843 - 00,20200508,산단 진입교량(봉암교) 확장사업 실시설계 용역,경상남도 창원시,PQ,1159990000,1167599600,100.6560057,제일+신화+하나,99.18,918800000,100.8693,Y
20200508843 - 00,20200508,산단 진입교량(봉암교) 확장사업 실시설계 용역,경상남도 창원시,PQ,1159990000,1167599600,100.6560057,한종+KSM,99.14,906670000,99.4996,N
20200508843 - 00,20200508,산단 진입교량(봉암교) 확장사업 실시설계 용역,경상남도 창원시,PQ,1159990000,1167599600,100.6560057,신성+홍익+동광,99.08,905720000,99.3574,N
20200508843 - 00,20200508,산단 진입교량(봉암교) 확장사업 실시설계 용역,경상남도 창원시,PQ,1159990000,1167599600,100.6560057,서영+선진+한성,99,904400000,99.1495,N
20200508843 - 00,20200508,산단 진입교량(봉암교) 확장사업 실시설계 용역,경상남도 창원시,PQ,1159990000,1167599600,100.6560057,삼보+정림,98.95,905590000,99.2295,N
20200508843 - 00,20200508,산단 진입교량(봉암교) 확장사업 실시설계 용역,경상남도 창원시,PQ,1159990000,1167599600,100.6560057,경동+하우,98.91,901790000,98.788,N
20200508843 - 00,20200508,산단 진입교량(봉암교) 확장사업 실시설계 용역,경상남도 창원시,PQ,1159990000,1167599600,100.6560057,용마+한올+평화,98.9,908470000,99.5071,N
20200508843 - 00,20200508,산단 진입교량(봉암교) 확장사업 실시설계 용역,경상남도 창원시,PQ,1159990000,1167599600,100.6560057,천일+금성+진화,98.69,926360000,101.2993,N
20200508843 - 00,20200508,산단 진입교량(봉암교) 확장사업 실시설계 용역,경상남도 창원시,PQ,1159990000,1167599600,100.6560057,한맥+창미,98.62,903155000,98.6992,N
20200508843 - 00,20200508,산단 진입교량(봉암교) 확장사업 실시설계 용역,경상남도 창원시,PQ,1159990000,1167599600,100.6560057,다산+HEC,98.6,931648000,101.8001,N
20200508843 - 00,20200508,산단 진입교량(봉암교) 확장사업 실시설계 용역,경상남도 창원시,PQ,1159990000,1167599600,100.6560057,드림+화신+주원,98.48,904900000,98.7772,N
20200509352 - 00,20200508,오천우회도로 개설공사 등 3개지구 통합건설사업관리용역,충청남도 종합건설사업소,PQ,1507076000,1501157000,99.60725272,경동+KCI,100,1179530000,100.3476,N
20200509352 - 00,20200508,오천우회도로 개설공사 등 3개지구 통합건설사업관리용역,충청남도 종합건설사업소,PQ,1507076000,1501157000,99.60725272,극동+기산,100,1172270000,99.73,Y
20200509352 - 00,20200508,오천우회도로 개설공사 등 3개지구 통합건설사업관리용역,충청남도 종합건설사업소,PQ,1507076000,1501157000,99.60725272,다산+한맥,100,1178148000,100.23,N
20200509352 - 00,20200508,오천우회도로 개설공사 등 3개지구 통합건설사업관리용역,충청남도 종합건설사업소,PQ,1507076000,1501157000,99.60725272,도화+송현,100,1180615000,100.4399,N
20200509352 - 00,20200508,오천우회도로 개설공사 등 3개지구 통합건설사업관리용역,충청남도 종합건설사업소,PQ,1507076000,1501157000,99.60725272,동명+드림,100,1177800000,100.2004,N
20200509352 - 00,20200508,오천우회도로 개설공사 등 3개지구 통합건설사업관리용역,충청남도 종합건설사업소,PQ,1507076000,1501157000,99.60725272,천일+상연,100,1176870000,100.1213,N
20200509352 - 00,20200508,오천우회도로 개설공사 등 3개지구 통합건설사업관리용역,충청남도 종합건설사업소,PQ,1507076000,1501157000,99.60725272,홍익+계림,99.83,1186518000,100.8,N
20200509352 - 00,20200508,오천우회도로 개설공사 등 3개지구 통합건설사업관리용역,충청남도 종합건설사업소,PQ,1507076000,1501157000,99.60725272,동성+동국,99.79,1168133000,99.2,N
20200509352 - 00,20200508,오천우회도로 개설공사 등 3개지구 통합건설사업관리용역,충청남도 종합건설사업소,PQ,1507076000,1501157000,99.60725272,경원+예당,99.77,1167190000,99.1072,N
20200509352 - 00,20200508,오천우회도로 개설공사 등 3개지구 통합건설사업관리용역,충청남도 종합건설사업소,PQ,1507076000,1501157000,99.60725272,천마+신성+태조,99.77,1186773000,100.77,N
20200509352 - 00,20200508,오천우회도로 개설공사 등 3개지구 통합건설사업관리용역,충청남도 종합건설사업소,PQ,1507076000,1501157000,99.60725272,경호+강호,99.77,1168200000,99.193,N
20200509352 - 00,20200508,오천우회도로 개설공사 등 3개지구 통합건설사업관리용역,충청남도 종합건설사업소,PQ,1507076000,1501157000,99.60725272,한종+세일,99.73,1167600000,99.104,N
20200509352 - 00,20200508,오천우회도로 개설공사 등 3개지구 통합건설사업관리용역,충청남도 종합건설사업소,PQ,1507076000,1501157000,99.60725272,수성+양지,99.7,1166660000,98.9989,N
20200509352 - 00,20200508,오천우회도로 개설공사 등 3개지구 통합건설사업관리용역,충청남도 종합건설사업소,PQ,1507076000,1501157000,99.60725272,동일+우빈,99.67,1190800000,101.0215,N
20200509352 - 00,20200508,오천우회도로 개설공사 등 3개지구 통합건설사업관리용역,충청남도 종합건설사업소,PQ,1507076000,1501157000,99.60725272,용마+평화+더그린,99.67,1163789900,98.7301,N
20200509352 - 00,20200508,오천우회도로 개설공사 등 3개지구 통합건설사업관리용역,충청남도 종합건설사업소,PQ,1507076000,1501157000,99.60725272,동부+우주,99.59,1190013000,100.8902,N
20200509352 - 00,20200508,오천우회도로 개설공사 등 3개지구 통합건설사업관리용역,충청남도 종합건설사업소,PQ,1507076000,1501157000,99.60725272,신명+재성,99.54,1192827000,101.09,N
20200509352 - 00,20200508,오천우회도로 개설공사 등 3개지구 통합건설사업관리용역,충청남도 종합건설사업소,PQ,1507076000,1501157000,99.60725272,삼보+명성,99.44,1193450000,101.0912,N
20200509352 - 00,20200508,오천우회도로 개설공사 등 3개지구 통합건설사업관리용역,충청남도 종합건설사업소,PQ,1507076000,1501157000,99.60725272,유신+동양,99.44,1193977000,101.11,N
20200509352 - 00,20200508,오천우회도로 개설공사 등 3개지구 통합건설사업관리용역,충청남도 종합건설사업소,PQ,1507076000,1501157000,99.60725272,건화+한빛,99.42,1198800000,101.4925,N
20200509352 - 00,20200508,오천우회도로 개설공사 등 3개지구 통합건설사업관리용역,충청남도 종합건설사업소,PQ,1507076000,1501157000,99.60725272,KCM+수성E,99.36,1196130000,101.2277,N
20200509352 - 00,20200508,오천우회도로 개설공사 등 3개지구 통합건설사업관리용역,충청남도 종합건설사업소,PQ,1507076000,1501157000,99.60725272,서영+신성E+JCN,99.22,1218000000,102.9604,N
20200509352 - 00,20200508,오천우회도로 개설공사 등 3개지구 통합건설사업관리용역,충청남도 종합건설사업소,PQ,1507076000,1501157000,99.60725272,이산+더원,99.17,1164880000,98.4199,N
20200508933 - 01,20200508,"가평군 소하천정비종합계획(재수립, 타당성 검토) 및 지형도면고시 용역",경기도 가평군,PQ,1809900000,1801049625,99.51100199,KG+동부,98.13,1436500000,100.2197,N
20200508933 - 01,20200508,"가평군 소하천정비종합계획(재수립, 타당성 검토) 및 지형도면고시 용역",경기도 가평군,PQ,1809900000,1801049625,99.51100199,도화+동진+선진+한가람,98.05,1428330000,99.5869,Y
20200508933 - 01,20200508,"가평군 소하천정비종합계획(재수립, 타당성 검토) 및 지형도면고시 용역",경기도 가평군,PQ,1809900000,1801049625,99.51100199,유신+동명,97.98,1446211000,100.77,N
20200508933 - 01,20200508,"가평군 소하천정비종합계획(재수립, 타당성 검토) 및 지형도면고시 용역",경기도 가평군,PQ,1809900000,1801049625,99.51100199,다산+서영+동성+서광,97.98,1431000000,99.7101,N
20200508933 - 01,20200508,"가평군 소하천정비종합계획(재수립, 타당성 검토) 및 지형도면고시 용역",경기도 가평군,PQ,1809900000,1801049625,99.51100199,이산+삼경+세일,97.9,1427520000,99.405,N
20200508933 - 01,20200508,"가평군 소하천정비종합계획(재수립, 타당성 검토) 및 지형도면고시 용역",경기도 가평군,PQ,1809900000,1801049625,99.51100199,건화+KSM+천마+유현(테크피아),97.86,1436400000,99.9981,N
20200508933 - 01,20200508,"가평군 소하천정비종합계획(재수립, 타당성 검토) 및 지형도면고시 용역",경기도 가평군,PQ,1809900000,1801049625,99.51100199,삼안+KCI+한맥,97.72,1423400000,98.9808,N
20200508933 - 01,20200508,"가평군 소하천정비종합계획(재수립, 타당성 검토) 및 지형도면고시 용역",경기도 가평군,PQ,1809900000,1801049625,99.51100199,화신+경호,97.68,1459890000,101.48,N
20200508933 - 01,20200508,"가평군 소하천정비종합계획(재수립, 타당성 검토) 및 지형도면고시 용역",경기도 가평군,PQ,1809900000,1801049625,99.51100199,한종+주하,97.61,1455200000,101.1031,N
20200508933 - 01,20200508,"가평군 소하천정비종합계획(재수립, 타당성 검토) 및 지형도면고시 용역",경기도 가평군,PQ,1809900000,1801049625,99.51100199,평화+극동+(주)한종+용마,97.55,1421200000,98.6912,N
20200508053 - 01,20200508,하빈지역 오수관로 설치공사 실시설계 용역,대구광역시 달성군,PQ,497442000,503224800,101.1625074,이산+KCI+세연,100,433100000,100.3694,N
20200508053 - 01,20200508,하빈지역 오수관로 설치공사 실시설계 용역,대구광역시 달성군,PQ,497442000,503224800,101.1625074,도화+한도,100,433240000,100.4018,N
20200508053 - 01,20200508,하빈지역 오수관로 설치공사 실시설계 용역,대구광역시 달성군,PQ,497442000,503224800,101.1625074,삼안+한주,100,431200000,99.9291,N
20200508053 - 01,20200508,하빈지역 오수관로 설치공사 실시설계 용역,대구광역시 달성군,PQ,497442000,503224800,101.1625074,제일+다산,100,430130000,99.6811,N
20200508053 - 01,20200508,하빈지역 오수관로 설치공사 실시설계 용역,대구광역시 달성군,PQ,497442000,503224800,101.1625074,건화+명성,99.79,432000000,100.0914,N
20200508053 - 01,20200508,하빈지역 오수관로 설치공사 실시설계 용역,대구광역시 달성군,PQ,497442000,503224800,101.1625074,범한+강동,99.71,430533000,99.74,N
20200508053 - 01,20200508,하빈지역 오수관로 설치공사 실시설계 용역,대구광역시 달성군,PQ,497442000,503224800,101.1625074,KG+한백+경림,99.56,427733000,99.0799,N
20200508053 - 01,20200508,하빈지역 오수관로 설치공사 실시설계 용역,대구광역시 달성군,PQ,497442000,503224800,101.1625074,동명+주하,99.49,433500000,100.4042,N
20200508053 - 01,20200508,하빈지역 오수관로 설치공사 실시설계 용역,대구광역시 달성군,PQ,497442000,503224800,101.1625074,경동+보원,99.34,427290000,98.9545,N
20200508053 - 01,20200508,하빈지역 오수관로 설치공사 실시설계 용역,대구광역시 달성군,PQ,497442000,503224800,101.1625074,한종+동성,99.18,430100000,99.5938,N
20200508053 - 01,20200508,하빈지역 오수관로 설치공사 실시설계 용역,대구광역시 달성군,PQ,497442000,503224800,101.1625074,선진+보람,99.12,428570000,99.2281,N
20200508053 - 01,20200508,하빈지역 오수관로 설치공사 실시설계 용역,대구광역시 달성군,PQ,497442000,503224800,101.1625074,화신+세원,96.44,428180000,98.8758,N
20200508053 - 01,20200508,하빈지역 오수관로 설치공사 실시설계 용역,대구광역시 달성군,PQ,497442000,503224800,101.1625074,경호+해동,95.6,443300000,102.2851,Y
20200507913 - 00,20200508,웅천 일반산업단지 공공페수처리시설 설치공사 건설사업관리용역,충청남도 보령시,PQ,1164768000,1150525850,98.77725435,건화+송현,100,919340000,101.1975,N
20200507913 - 00,20200508,웅천 일반산업단지 공공페수처리시설 설치공사 건설사업관리용역,충청남도 보령시,PQ,1164768000,1150525850,98.77725435,도화+천마,100,901100000,99.1898,Y
20200507913 - 00,20200508,웅천 일반산업단지 공공페수처리시설 설치공사 건설사업관리용역,충청남도 보령시,PQ,1164768000,1150525850,98.77725435,한종+세일+오이디,100,910277000,100.1999,N
20200507913 - 00,20200508,웅천 일반산업단지 공공페수처리시설 설치공사 건설사업관리용역,충청남도 보령시,PQ,1164768000,1150525850,98.77725435,동명+드림,100,912470000,100.4413,N
20200507913 - 00,20200508,웅천 일반산업단지 공공페수처리시설 설치공사 건설사업관리용역,충청남도 보령시,PQ,1164768000,1150525850,98.77725435,선진+유원,100,906530000,99.7875,N
20200507913 - 00,20200508,웅천 일반산업단지 공공페수처리시설 설치공사 건설사업관리용역,충청남도 보령시,PQ,1164768000,1150525850,98.77725435,경원+계림,100,901192900,99.2,N
20200507913 - 00,20200508,웅천 일반산업단지 공공페수처리시설 설치공사 건설사업관리용역,충청남도 보령시,PQ,1164768000,1150525850,98.77725435,천일+더원,100,911630000,100.3489,N
20200507913 - 00,20200508,웅천 일반산업단지 공공페수처리시설 설치공사 건설사업관리용역,충청남도 보령시,PQ,1164768000,1150525850,98.77725435,동성+우주,100,901555000,99.2398,N
20200507913 - 00,20200508,웅천 일반산업단지 공공페수처리시설 설치공사 건설사업관리용역,충청남도 보령시,PQ,1164768000,1150525850,98.77725435,경동+건양,100,918935000,101.153,N
20200507913 - 00,20200508,웅천 일반산업단지 공공페수처리시설 설치공사 건설사업관리용역,충청남도 보령시,PQ,1164768000,1150525850,98.77725435,신명+재성,100,902100000,99.2998,N
20200507913 - 00,20200508,웅천 일반산업단지 공공페수처리시설 설치공사 건설사업관리용역,충청남도 보령시,PQ,1164768000,1150525850,98.77725435,경호+세종,100,910587000,100.234,N
20200507913 - 00,20200508,웅천 일반산업단지 공공페수처리시설 설치공사 건설사업관리용역,충청남도 보령시,PQ,1164768000,1150525850,98.77725435,이산+우빈,100,908459000,99.9998,N
20200507913 - 00,20200508,웅천 일반산업단지 공공페수처리시설 설치공사 건설사업관리용역,충청남도 보령시,PQ,1164768000,1150525850,98.77725435,범한+동양,100,908280000,99.9801,N
20200507913 - 00,20200508,웅천 일반산업단지 공공페수처리시설 설치공사 건설사업관리용역,충청남도 보령시,PQ,1164768000,1150525850,98.77725435,KCM+수성ENC,99.16,1128000000,123.3123,N
20200507771 - 00,20200508,단장천 고향의 강 정비사업 사후환경영향조사용역(운영),경상남도 밀양시,PQ,297228000,294149525,98.96427154,수성+한맥+CNS,99.22,258280000,100.0936,N
20200507771 - 00,20200508,단장천 고향의 강 정비사업 사후환경영향조사용역(운영),경상남도 밀양시,PQ,297228000,294149525,98.96427154,건화+경화+송현E,98.97,258350000,100.0977,N
20200507771 - 00,20200508,단장천 고향의 강 정비사업 사후환경영향조사용역(운영),경상남도 밀양시,PQ,297228000,294149525,98.96427154,도화+한성+신일,98.97,257260000,99.6753,N
20200507771 - 00,20200508,단장천 고향의 강 정비사업 사후환경영향조사용역(운영),경상남도 밀양시,PQ,297228000,294149525,98.96427154,서영+대영+마린,98.97,257582000,99.8001,N
20200507771 - 00,20200508,단장천 고향의 강 정비사업 사후환경영향조사용역(운영),경상남도 밀양시,PQ,297228000,294149525,98.96427154,동성+수,98.91,260088000,100.7594,N
20200507771 - 00,20200508,단장천 고향의 강 정비사업 사후환경영향조사용역(운영),경상남도 밀양시,PQ,297228000,294149525,98.96427154,평화+조은,98.91,258430000,100.1171,N
20200507771 - 00,20200508,단장천 고향의 강 정비사업 사후환경영향조사용역(운영),경상남도 밀양시,PQ,297228000,294149525,98.96427154,홍익+화성,98.91,256999000,99.5628,N
20200507771 - 00,20200508,단장천 고향의 강 정비사업 사후환경영향조사용역(운영),경상남도 밀양시,PQ,297228000,294149525,98.96427154,동부+태영,98.88,259424000,100.5022,N
20200507771 - 00,20200508,단장천 고향의 강 정비사업 사후환경영향조사용역(운영),경상남도 밀양시,PQ,297228000,294149525,98.96427154,삼안+부경,98.6,256740000,99.4395,N
20200507771 - 00,20200508,단장천 고향의 강 정비사업 사후환경영향조사용역(운영),경상남도 밀양시,PQ,297228000,294149525,98.96427154,세광+혜인,98.47,258283000,100.0141,N
20200507771 - 00,20200508,단장천 고향의 강 정비사업 사후환경영향조사용역(운영),경상남도 밀양시,PQ,297228000,294149525,98.96427154,KG+한올,98.07,262159000,101.48,N
20200507771 - 00,20200508,단장천 고향의 강 정비사업 사후환경영향조사용역(운영),경상남도 밀양시,PQ,297228000,294149525,98.96427154,화신+우리,97.95,256230000,99.1735,N
20200507771 - 00,20200508,단장천 고향의 강 정비사업 사후환경영향조사용역(운영),경상남도 밀양시,PQ,297228000,294149525,98.96427154,다산+용두,97.91,256549000,99.2969,N
20200507771 - 00,20200508,단장천 고향의 강 정비사업 사후환경영향조사용역(운영),경상남도 밀양시,PQ,297228000,294149525,98.96427154,경동+KSM,97.9,255189000,98.7706,N
20200507771 - 00,20200508,단장천 고향의 강 정비사업 사후환경영향조사용역(운영),경상남도 밀양시,PQ,297228000,294149525,98.96427154,선진+도운,97.66,255780000,98.9765,Y
20200509063 - 00,20200508,오류천(상ㆍ하류) 단면부족구간 개선사업 기본 및 실시설계 용역,서울특별시 구로구,PQ,786370000,785190525,99.85001017,동일+한종,98.37,675000000,99.9796,Y
20200509063 - 00,20200508,오류천(상ㆍ하류) 단면부족구간 개선사업 기본 및 실시설계 용역,서울특별시 구로구,PQ,786370000,785190525,99.85001017,도화+동해,97.49,679940000,100.4772,N
20200509063 - 00,20200508,오류천(상ㆍ하류) 단면부족구간 개선사업 기본 및 실시설계 용역,서울특별시 구로구,PQ,786370000,785190525,99.85001017,건화+천일+수성,96.83,676900000,99.8655,N
20200508870 - 00,20200508,안성 칠연지구 관광개발사업 기본 및 실시설계 용역,전라북도 무주군,PQ,904574000,901030375,99.60825482,한종+국성,97.35,779481000,100.1,Y
20200508870 - 00,20200508,안성 칠연지구 관광개발사업 기본 및 실시설계 용역,전라북도 무주군,PQ,904574000,901030375,99.60825482,유신+더한,96.86,785396000,100.7309,N
20200508870 - 00,20200508,안성 칠연지구 관광개발사업 기본 및 실시설계 용역,전라북도 무주군,PQ,904574000,901030375,99.60825482,도화+세화,96.35,777570000,99.6,N
20200508870 - 00,20200508,안성 칠연지구 관광개발사업 기본 및 실시설계 용역,전라북도 무주군,PQ,904574000,901030375,99.60825482,KG+인우,95.87,774640000,99.1099,N
20200508870 - 00,20200508,안성 칠연지구 관광개발사업 기본 및 실시설계 용역,전라북도 무주군,PQ,904574000,901030375,99.60825482,건화+한가람(JCN+오월건축),95.49,777340000,99.3518,N
20200508870 - 00,20200508,안성 칠연지구 관광개발사업 기본 및 실시설계 용역,전라북도 무주군,PQ,904574000,901030375,99.60825482,경호+성원,94.46,798000000,101.7336,N
20200508870 - 00,20200508,안성 칠연지구 관광개발사업 기본 및 실시설계 용역,전라북도 무주군,PQ,904574000,901030375,99.60825482,선진+대성,93.09,797830000,101.3496,N
E042000250-1,20200507,신규 태양광 사업개발을 위한 상시 기술지원용역 ,한국남부발전(주),PQ,947716000,953737521,100.6353719,건화,100,808590000,99.7952,N
E042000250-1,20200507,신규 태양광 사업개발을 위한 상시 기술지원용역 ,한국남부발전(주),PQ,947716000,953737521,100.6353719,한종,99,808900000,99.8334,N
E042000250-1,20200507,신규 태양광 사업개발을 위한 상시 기술지원용역 ,한국남부발전(주),PQ,947716000,953737521,100.6353719,KOPEC,99.57,808224000,99.75,N
E042000250-1,20200507,신규 태양광 사업개발을 위한 상시 기술지원용역 ,한국남부발전(주),PQ,947716000,953737521,100.6353719,유신,97.74,843480000,103.8946,Y
20200509411 - 00,20200508,신규사업 후보지 사업화방안 수립용역,인천도시공사,PQ,732290000,735905725,100.4937559,도화+장원,98.52,632353000,100.615,Y
20200509411 - 00,20200508,신규사업 후보지 사업화방안 수립용역,인천도시공사,PQ,732290000,735905725,100.4937559,경동+명인,98.21,628359000,99.898,N
20200509411 - 00,20200508,신규사업 후보지 사업화방안 수립용역,인천도시공사,PQ,732290000,735905725,100.4937559,동명+도담,98.08,624879000,99.3101,N
20200509411 - 00,20200508,신규사업 후보지 사업화방안 수립용역,인천도시공사,PQ,732290000,735905725,100.4937559,제일+청해,97.28,638800000,101.322,N
20200509411 - 00,20200508,신규사업 후보지 사업화방안 수립용역,인천도시공사,PQ,732290000,735905725,100.4937559,건화+극동,95.96,625900000,98.9426,N
20200511161 - 00,20200511,하우배수지 증설 외 6개 사업 통합건설사업관리용역,경기도 연천군 맑은물관리사업소,PQ,3667000000,3671895500,100.1335015,동명+건화,100,2672712000,99.85,N
20200511161 - 00,20200511,하우배수지 증설 외 6개 사업 통합건설사업관리용역,경기도 연천군 맑은물관리사업소,PQ,3667000000,3671895500,100.1335015,도화+KG,99.87,2673900000,99.7714,N
20200511161 - 00,20200511,하우배수지 증설 외 6개 사업 통합건설사업관리용역,경기도 연천군 맑은물관리사업소,PQ,3667000000,3671895500,100.1335015,범한+삼안+서광,99.7,2694300000,100.3815,Y
20200511161 - 00,20200511,하우배수지 증설 외 6개 사업 통합건설사업관리용역,경기도 연천군 맑은물관리사업소,PQ,3667000000,3671895500,100.1335015,한종+선진+용마,99.06,2670000000,98.922,N
20200511161 - 00,20200511,하우배수지 증설 외 6개 사업 통합건설사업관리용역,경기도 연천군 맑은물관리사업소,PQ,3667000000,3671895500,100.1335015,KCM+이산,98.19,3630000000,133.492,N
20200510210 - 00,20200511,인화지구 우수저류시설 설치공사 감독권한대행등 건설사업관리 용역,전라북도 익산시,PQ,1602116000,1609337575,100.4507523,건화+국성,100,1238270000,99.0957,N
20200510210 - 00,20200511,인화지구 우수저류시설 설치공사 감독권한대행등 건설사업관리 용역,전라북도 익산시,PQ,1602116000,1609337575,100.4507523,도화+한가람,100,1245600000,99.6823,N
20200510210 - 00,20200511,인화지구 우수저류시설 설치공사 감독권한대행등 건설사업관리 용역,전라북도 익산시,PQ,1602116000,1609337575,100.4507523,한종+목양+삼경,100,1249400000,99.9864,N
20200510210 - 00,20200511,인화지구 우수저류시설 설치공사 감독권한대행등 건설사업관리 용역,전라북도 익산시,PQ,1602116000,1609337575,100.4507523,삼안+건일,100,1244980000,99.6326,N
20200510210 - 00,20200511,인화지구 우수저류시설 설치공사 감독권한대행등 건설사업관리 용역,전라북도 익산시,PQ,1602116000,1609337575,100.4507523,동명+더한,100,1260800000,100.8987,Y
20200510210 - 00,20200511,인화지구 우수저류시설 설치공사 감독권한대행등 건설사업관리 용역,전라북도 익산시,PQ,1602116000,1609337575,100.4507523,이산+JCN,100,1254490000,100.3937,N
20200510210 - 00,20200511,인화지구 우수저류시설 설치공사 감독권한대행등 건설사업관리 용역,전라북도 익산시,PQ,1602116000,1609337575,100.4507523,KG+인우,100,1238074000,99.08,N
20200510210 - 00,20200511,인화지구 우수저류시설 설치공사 감독권한대행등 건설사업관리 용역,전라북도 익산시,PQ,1602116000,1609337575,100.4507523,동부+세화,100,1250205000,100.0508,N
20200510210 - 00,20200511,인화지구 우수저류시설 설치공사 감독권한대행등 건설사업관리 용역,전라북도 익산시,PQ,1602116000,1609337575,100.4507523,건양+천마종합,100,1241573000,99.36,N
20200510210 - 00,20200511,인화지구 우수저류시설 설치공사 감독권한대행등 건설사업관리 용역,전라북도 익산시,PQ,1602116000,1609337575,100.4507523,범한+대도,100,1243900000,99.5462,N
20200510210 - 00,20200511,인화지구 우수저류시설 설치공사 감독권한대행등 건설사업관리 용역,전라북도 익산시,PQ,1602116000,1609337575,100.4507523,경동+대성,100,1241360000,99.3429,N
20200510210 - 00,20200511,인화지구 우수저류시설 설치공사 감독권한대행등 건설사업관리 용역,전라북도 익산시,PQ,1602116000,1609337575,100.4507523,동성+길건축,100,1243577000,99.5204,N
20200510210 - 00,20200511,인화지구 우수저류시설 설치공사 감독권한대행등 건설사업관리 용역,전라북도 익산시,PQ,1602116000,1609337575,100.4507523,신명+성원,100,1235000000,98.834,N
20200510210 - 00,20200511,인화지구 우수저류시설 설치공사 감독권한대행등 건설사업관리 용역,전라북도 익산시,PQ,1602116000,1609337575,100.4507523,경호+아라,100,1238070000,99.0797,N
20200510210 - 00,20200511,인화지구 우수저류시설 설치공사 감독권한대행등 건설사업관리 용역,전라북도 익산시,PQ,1602116000,1609337575,100.4507523,선진+유일,99.91,1569000000,125.4666,N
20200511825 - 00,20200511,세종대로 도로공간 재편사업 외 2개소 통합 감독권한대행 등 건설사업관리용역 ,서울특별시 도시기반시설본부,PQ,1578918000,1576115475,99.82250345,유신+삼보,99.93,1240680000,100.6828,N
20200511825 - 00,20200511,세종대로 도로공간 재편사업 외 2개소 통합 감독권한대행 등 건설사업관리용역 ,서울특별시 도시기반시설본부,PQ,1578918000,1576115475,99.82250345,수성+천일,99.83,1231507000,99.8616,Y
20200511825 - 00,20200511,세종대로 도로공간 재편사업 외 2개소 통합 감독권한대행 등 건설사업관리용역 ,서울특별시 도시기반시설본부,PQ,1578918000,1576115475,99.82250345,신명+동해,99.2,1252535100,101.0364,N
20200511825 - 00,20200511,세종대로 도로공간 재편사업 외 2개소 통합 감독권한대행 등 건설사업관리용역 ,서울특별시 도시기반시설본부,PQ,1578918000,1576115475,99.82250345,삼안+도화,99.03,1255980000,101.1725,N
20200511825 - 00,20200511,세종대로 도로공간 재편사업 외 2개소 통합 감독권한대행 등 건설사업관리용역 ,서울특별시 도시기반시설본부,PQ,1578918000,1576115475,99.82250345,대콘+이산,98.9,1228000000,98.8181,N
20200511825 - 00,20200511,세종대로 도로공간 재편사업 외 2개소 통합 감독권한대행 등 건설사업관리용역 ,서울특별시 도시기반시설본부,PQ,1578918000,1576115475,99.82250345,동성+태조+KCM,98.87,1261399000,101.4799,N
20200511825 - 00,20200511,세종대로 도로공간 재편사업 외 2개소 통합 감독권한대행 등 건설사업관리용역 ,서울특별시 도시기반시설본부,PQ,1578918000,1576115475,99.82250345,한종+동일,98.73,1226600000,98.5677,N
20200511825 - 00,20200511,세종대로 도로공간 재편사업 외 2개소 통합 감독권한대행 등 건설사업관리용역 ,서울특별시 도시기반시설본부,PQ,1578918000,1576115475,99.82250345,경동+신성,98.57,1227580000,98.5214,N
20200511825 - 00,20200511,세종대로 도로공간 재편사업 외 2개소 통합 감독권한대행 등 건설사업관리용역 ,서울특별시 도시기반시설본부,PQ,1578918000,1576115475,99.82250345,서영+건화+진우,98.4,1268900000,101.6959,N
20200511825 - 00,20200511,세종대로 도로공간 재편사업 외 2개소 통합 감독권한대행 등 건설사업관리용역 ,서울특별시 도시기반시설본부,PQ,1578918000,1576115475,99.82250345,동명+청우,98.27,1261000000,100.9605,N
20200511825 - 00,20200511,세종대로 도로공간 재편사업 외 2개소 통합 감독권한대행 등 건설사업관리용역 ,서울특별시 도시기반시설본부,PQ,1578918000,1576115475,99.82250345,극동+삼우,97.74,1524000000,121.4951,N
20200511696 - 00,20200511,강릉시 경관계획 수립용역,강원도 강릉시,PQ,299990000,303711425,101.2405164,도화+서광,99.9,261000000,100.2857,N
20200511696 - 00,20200511,강릉시 경관계획 수립용역,강원도 강릉시,PQ,299990000,303711425,101.2405164,KG+삼경,99.84,261510000,100.4701,N
20200511696 - 00,20200511,강릉시 경관계획 수립용역,강원도 강릉시,PQ,299990000,303711425,101.2405164,동명+정,99.66,260200000,99.9553,N
20200511696 - 00,20200511,강릉시 경관계획 수립용역,강원도 강릉시,PQ,299990000,303711425,101.2405164,화신+아라,98.68,258740000,99.2915,N
20200511696 - 00,20200511,강릉시 경관계획 수립용역,강원도 강릉시,PQ,299990000,303711425,101.2405164,건화(비오엠),96.85,267000000,102.2846,Y
20200511365 - 00,20200511,천안시 가축분뇨공공처리시설(고체연료화) 설치사업기본 및 실시설계 용역,천안공주낙농축산업협동조합 천안경제사업소,PQ,1153000000,1144954975,99.30225282,삼안+서영,99.23,931700000,102.9449,Y
20200511365 - 00,20200511,천안시 가축분뇨공공처리시설(고체연료화) 설치사업기본 및 실시설계 용역,천안공주낙농축산업협동조합 천안경제사업소,PQ,1153000000,1144954975,99.30225282,건화(테크피아),94.81,961200000,102.5086,N
20200511365 - 00,20200511,천안시 가축분뇨공공처리시설(고체연료화) 설치사업기본 및 실시설계 용역,천안공주낙농축산업협동조합 천안경제사업소,PQ,1153000000,1144954975,99.30225282,경호+강호,85.51,1026400000,101.9994,N
20200511039 - 00,20200512,법성지구 풍수해생활권 종합정비사업 환경영향평가 용역 ,전라남도 영광군,PQ,817600000,821786150,100.5120046,도화+대현,99.29,697800000,99.6408,N
20200511039 - 00,20200512,법성지구 풍수해생활권 종합정비사업 환경영향평가 용역 ,전라남도 영광군,PQ,817600000,821786150,100.5120046,화신+한기+한종+신일,99.18,702799000,100.3195,N
20200511039 - 00,20200512,법성지구 풍수해생활권 종합정비사업 환경영향평가 용역 ,전라남도 영광군,PQ,817600000,821786150,100.5120046,동아+건화+세일+우신,99.08,702830000,100.3005,N
20200511039 - 00,20200512,법성지구 풍수해생활권 종합정비사업 환경영향평가 용역 ,전라남도 영광군,PQ,817600000,821786150,100.5120046,서영+신오+퍼스트,98.89,705610000,100.6503,Y
20200511039 - 00,20200512,법성지구 풍수해생활권 종합정비사업 환경영향평가 용역 ,전라남도 영광군,PQ,817600000,821786150,100.5120046,천일+하이콘+건일+한국환경,98.82,697900000,99.5389,N
20200511039 - 00,20200512,법성지구 풍수해생활권 종합정비사업 환경영향평가 용역 ,전라남도 영광군,PQ,817600000,821786150,100.5120046,신성+하우원+동일,98.49,706800000,100.7143,N
20200511039 - 00,20200512,법성지구 풍수해생활권 종합정비사업 환경영향평가 용역 ,전라남도 영광군,PQ,817600000,821786150,100.5120046,평화+세광+CNS,98.39,707800000,100.8333,N
20200511039 - 00,20200512,법성지구 풍수해생활권 종합정비사업 환경영향평가 용역 ,전라남도 영광군,PQ,817600000,821786150,100.5120046,동성+이에스+혜인,98.34,696277000,99.1802,N
20200511039 - 00,20200512,법성지구 풍수해생활권 종합정비사업 환경영향평가 용역 ,전라남도 영광군,PQ,817600000,821786150,100.5120046,KG+한맥+대영+일월,97.92,711760000,101.2795,N
20200511039 - 00,20200512,법성지구 풍수해생활권 종합정비사업 환경영향평가 용역 ,전라남도 영광군,PQ,817600000,821786150,100.5120046,동명+상원,97.57,695700000,98.9022,N
20200511039 - 00,20200512,법성지구 풍수해생활권 종합정비사업 환경영향평가 용역 ,전라남도 영광군,PQ,817600000,821786150,100.5120046,삼안+영훈+서남,97.47,696300000,98.9645,N
20200511039 - 00,20200512,법성지구 풍수해생활권 종합정비사업 환경영향평가 용역 ,전라남도 영광군,PQ,817600000,821786150,100.5120046,수성+신명+국토해양,97.38,711843000,101.1501,N
20200511039 - 00,20200512,법성지구 풍수해생활권 종합정비사업 환경영향평가 용역 ,전라남도 영광군,PQ,817600000,821786150,100.5120046,이산+한솔,96.92,694964000,98.6371,N
20200511039 - 00,20200512,법성지구 풍수해생활권 종합정비사업 환경영향평가 용역 ,전라남도 영광군,PQ,817600000,821786150,100.5120046,다산+동진+한국항만,96.06,723000000,102.3905,N
20200512286 - 00,20200512,용성천 하천기본계획수립 및 생태하천 복원사업 실시설계용역,경상남도 김해시,PQ,1170000000,1174457700,100.381,동부+한성,100,920920000,100.9182,Y
20200512286 - 00,20200512,용성천 하천기본계획수립 및 생태하천 복원사업 실시설계용역,경상남도 김해시,PQ,1170000000,1174457700,100.381,삼안+금성,97.72,920150000,98.9809,N
20200512286 - 00,20200512,용성천 하천기본계획수립 및 생태하천 복원사업 실시설계용역,경상남도 김해시,PQ,1170000000,1174457700,100.381,평화+한올,97.72,919900000,98.954,N
20200512286 - 00,20200512,용성천 하천기본계획수립 및 생태하천 복원사업 실시설계용역,경상남도 김해시,PQ,1170000000,1174457700,100.381,한종+우진,97.7,941940000,101.2994,N
20200512286 - 00,20200512,용성천 하천기본계획수립 및 생태하천 복원사업 실시설계용역,경상남도 김해시,PQ,1170000000,1174457700,100.381,이산+수성,97.7,919400000,98.8754,N
20200512286 - 00,20200512,용성천 하천기본계획수립 및 생태하천 복원사업 실시설계용역,경상남도 김해시,PQ,1170000000,1174457700,100.381,도화+경화,97.7,921250000,99.0743,N
20200512286 - 00,20200512,용성천 하천기본계획수립 및 생태하천 복원사업 실시설계용역,경상남도 김해시,PQ,1170000000,1174457700,100.381,KG+천진,97.67,920698000,98.99,N
20200512286 - 00,20200512,용성천 하천기본계획수립 및 생태하천 복원사업 실시설계용역,경상남도 김해시,PQ,1170000000,1174457700,100.381,건화+하우+KCI,97.64,946900000,101.7816,N
20200512286 - 00,20200512,용성천 하천기본계획수립 및 생태하천 복원사업 실시설계용역,경상남도 김해시,PQ,1170000000,1174457700,100.381,화신+신화+로텍,97.64,917680000,98.6407,N
20200512286 - 00,20200512,용성천 하천기본계획수립 및 생태하천 복원사업 실시설계용역,경상남도 김해시,PQ,1170000000,1174457700,100.381,유신+화성,97.62,915462000,98.39,N
20200512286 - 00,20200512,용성천 하천기본계획수립 및 생태하천 복원사업 실시설계용역,경상남도 김해시,PQ,1170000000,1174457700,100.381,극동+창미,97.6,943494000,101.39,N
20200512286 - 00,20200512,용성천 하천기본계획수립 및 생태하천 복원사업 실시설계용역,경상남도 김해시,PQ,1170000000,1174457700,100.381,KSM+동명,97.5,949946000,102.0064,N
20200512286 - 00,20200512,용성천 하천기본계획수립 및 생태하천 복원사업 실시설계용역,경상남도 김해시,PQ,1170000000,1174457700,100.381,다산+HEC+한맥,97.14,951630000,101.88,N
20200512286 - 00,20200512,용성천 하천기본계획수립 및 생태하천 복원사업 실시설계용역,경상남도 김해시,PQ,1170000000,1174457700,100.381,동성+조은,97,963000000,102.994,N
20200512238 - 02,20200512,대천항 돌제물양장 신설 및 확장공사 감독권한대행 등 건설사업관리 용역,충청남도,PQ,2010910000,2004258975,99.66925298,세일+건일+유원,100,1577192000,100.56,N
20200512238 - 02,20200512,대천항 돌제물양장 신설 및 확장공사 감독권한대행 등 건설사업관리 용역,충청남도,PQ,2010910000,2004258975,99.66925298,삼안+송현,99.93,1567830000,99.899,Y
20200512238 - 02,20200512,대천항 돌제물양장 신설 및 확장공사 감독권한대행 등 건설사업관리 용역,충청남도,PQ,2010910000,2004258975,99.66925298,천일+장맥,99.85,1581400000,100.6992,N
20200512238 - 02,20200512,대천항 돌제물양장 신설 및 확장공사 감독권한대행 등 건설사업관리 용역,충청남도,PQ,2010910000,2004258975,99.66925298,유신+천마,99.4,1596113000,101.26,N
20200512238 - 02,20200512,대천항 돌제물양장 신설 및 확장공사 감독권한대행 등 건설사업관리 용역,충청남도,PQ,2010910000,2004258975,99.66925298,한항+한맥,99.3,1564057000,99.1504,N
20200512238 - 02,20200512,대천항 돌제물양장 신설 및 확장공사 감독권한대행 등 건설사업관리 용역,충청남도,PQ,2010910000,2004258975,99.66925298,혜인+경동+용마,99.15,1592895000,100.85,N
20200512238 - 02,20200512,대천항 돌제물양장 신설 및 확장공사 감독권한대행 등 건설사업관리 용역,충청남도,PQ,2010910000,2004258975,99.66925298,한종+수성E,99.14,1559500000,98.7231,N
20200512238 - 02,20200512,대천항 돌제물양장 신설 및 확장공사 감독권한대행 등 건설사업관리 용역,충청남도,PQ,2010910000,2004258975,99.66925298,세광+우주,98.89,1600330000,101.1019,N
20200512238 - 02,20200512,대천항 돌제물양장 신설 및 확장공사 감독권한대행 등 건설사업관리 용역,충청남도,PQ,2010910000,2004258975,99.66925298,건화+우빈,98.88,1800000000,113.7162,N
20200512238 - 02,20200512,대천항 돌제물양장 신설 및 확장공사 감독권한대행 등 건설사업관리 용역,충청남도,PQ,2010910000,2004258975,99.66925298,서영+대영+예당,98.69,1560800000,98.4545,N
20200510780 - 00,20200512,고흥군 상하화도항 어촌뉴딜300사업 실시설계 용역,한국농어촌공사 전남지역본부,PQ,313500000,315127900,100.5192663,한종+동명,98.17,272253000,99.9287,N
20200510780 - 00,20200512,고흥군 상하화도항 어촌뉴딜300사업 실시설계 용역,한국농어촌공사 전남지역본부,PQ,313500000,315127900,100.5192663,유신+평화+동아,97.58,274893000,100.8397,Y
20200510780 - 00,20200512,고흥군 상하화도항 어촌뉴딜300사업 실시설계 용역,한국농어촌공사 전남지역본부,PQ,313500000,315127900,100.5192663,건화+한기(한국공간정보+미래해양+삼기지질),96.29,271580000,99.4985,N
20200510780 - 00,20200512,고흥군 상하화도항 어촌뉴딜300사업 실시설계 용역,한국농어촌공사 전남지역본부,PQ,313500000,315127900,100.5192663,서영+하이콘,95.63,274100000,100.3526,N
20200510759 - 00,20200512,고흥군 우두항 어촌뉴딜300사업 실시설계 용역,한국농어촌공사 전남지역본부,PQ,400400000,402280925,100.4697615,유신+평화+동아,97.58,349038000,100.2499,N
20200510759 - 00,20200512,고흥군 우두항 어촌뉴딜300사업 실시설계 용역,한국농어촌공사 전남지역본부,PQ,400400000,402280925,100.4697615,건화+한기(한국공간정보+미래해양+삼기지질),96.29,347100000,99.5673,N
20200510759 - 00,20200512,고흥군 우두항 어촌뉴딜300사업 실시설계 용역,한국농어촌공사 전남지역본부,PQ,400400000,402280925,100.4697615,서영+하이콘,95.63,352686000,101.1,Y
20200510759 - 00,20200512,고흥군 우두항 어촌뉴딜300사업 실시설계 용역,한국농어촌공사 전남지역본부,PQ,400400000,402280925,100.4697615,한종+동명,98.17,347000000,99.1515,N
20200510733 - 00,20200512,여수시 의성항 어촌뉴딜300사업 실시설계 용역,한국농어촌공사 전남지역본부,PQ,301400000,297515000,98.71101526,한종+동명,98.17,261745000,99.9287,N
20200510733 - 00,20200512,여수시 의성항 어촌뉴딜300사업 실시설계 용역,한국농어촌공사 전남지역본부,PQ,301400000,297515000,98.71101526,유신+평화+동아,97.58,263423000,100.5115,N
20200510733 - 00,20200512,여수시 의성항 어촌뉴딜300사업 실시설계 용역,한국농어촌공사 전남지역본부,PQ,301400000,297515000,98.71101526,건화+한기(한국공간정보+미래해양+삼기지질),96.29,261100000,99.4993,Y
20200510733 - 00,20200512,여수시 의성항 어촌뉴딜300사업 실시설계 용역,한국농어촌공사 전남지역본부,PQ,301400000,297515000,98.71101526,서영+하이콘,95.63,267850000,102.0013,N
20200510679 - 00,20200512,장흥군 대리항 어촌뉴딜300사업 실시설계 용역,한국농어촌공사 전남지역본부,PQ,386100000,383911850,99.43326858,유신+평화+동아,97.58,336573000,100.2501,N
20200510679 - 00,20200512,장흥군 대리항 어촌뉴딜300사업 실시설계 용역,한국농어촌공사 전남지역본부,PQ,386100000,383911850,99.43326858,건화+한기(한국공간정보+미래해양+삼기지질),96.29,334700000,99.5663,Y
20200510679 - 00,20200512,장흥군 대리항 어촌뉴딜300사업 실시설계 용역,한국농어촌공사 전남지역본부,PQ,386100000,383911850,99.43326858,서영+하이콘,95.63,339754000,101.0001,N
20200510679 - 00,20200512,장흥군 대리항 어촌뉴딜300사업 실시설계 용역,한국농어촌공사 전남지역본부,PQ,386100000,383911850,99.43326858,한종+동명,98.17,339200000,100.5124,N
20200513028 - 00,20200512,장흥군 신상신기항 어촌뉴딜300사업 기본 및 실시설계 용역,한국농어촌공사 전남지역본부,PQ,378400000,377145650,99.66851216,유신+평화+동아,97.58,327722000,99.6001,N
20200513028 - 00,20200512,장흥군 신상신기항 어촌뉴딜300사업 기본 및 실시설계 용역,한국농어촌공사 전남지역본부,PQ,378400000,377145650,99.66851216,건화+한기(한국공간정보+미래해양+삼기지질),96.29,330113000,100.2,Y
20200513028 - 00,20200512,장흥군 신상신기항 어촌뉴딜300사업 기본 및 실시설계 용역,한국농어촌공사 전남지역본부,PQ,378400000,377145650,99.66851216,서영+하이콘,95.63,332813000,100.95,N
20200513028 - 00,20200512,장흥군 신상신기항 어촌뉴딜300사업 기본 및 실시설계 용역,한국농어촌공사 전남지역본부,PQ,378400000,377145650,99.66851216,한종+동명,98.17,327800000,99.1109,N
20200513090 - 00,20200512,여수시 독정항 어촌뉴딜300사업 실시설계 용역,한국농어촌공사 전남지역본부,PQ,354200000,354426750,100.0640175,유신+평화+동아,97.58,312307000,101.4002,N
20200513090 - 00,20200512,여수시 독정항 어촌뉴딜300사업 실시설계 용역,한국농어촌공사 전남지역본부,PQ,354200000,354426750,100.0640175,건화+한기(한국공간정보+미래해양+삼기지질),96.29,307000000,99.5511,N
20200513090 - 00,20200512,여수시 독정항 어촌뉴딜300사업 실시설계 용역,한국농어촌공사 전남지역본부,PQ,354200000,354426750,100.0640175,서영+하이콘,95.63,309214000,100.2,Y
20200513090 - 00,20200512,여수시 독정항 어촌뉴딜300사업 실시설계 용역,한국농어촌공사 전남지역본부,PQ,354200000,354426750,100.0640175,한종+동명,98.17,311150000,100.5044,N
20200512936 - 00,20200512,식품산업클러스터 개발사업 환경영향평가용역,대구도시공사,PQ,505221000,510285875,101.0025068,다산+CNS,98.97,438928000,100.05,N
20200512936 - 00,20200512,식품산업클러스터 개발사업 환경영향평가용역,대구도시공사,PQ,505221000,510285875,101.0025068,동성+퍼스트,98.96,442438000,100.8501,N
20200512936 - 00,20200512,식품산업클러스터 개발사업 환경영향평가용역,대구도시공사,PQ,505221000,510285875,101.0025068,경호+현대,98.91,437917000,99.8081,N
20200512936 - 00,20200512,식품산업클러스터 개발사업 환경영향평가용역,대구도시공사,PQ,505221000,510285875,101.0025068,동아+하눌,98.91,437700000,99.7586,N
20200512936 - 00,20200512,식품산업클러스터 개발사업 환경영향평가용역,대구도시공사,PQ,505221000,510285875,101.0025068,서영+덕영,98.91,437000000,99.5991,N
20200512936 - 00,20200512,식품산업클러스터 개발사업 환경영향평가용역,대구도시공사,PQ,505221000,510285875,101.0025068,평화+중앙방재,98.91,439100000,100.0777,N
20200512936 - 00,20200512,식품산업클러스터 개발사업 환경영향평가용역,대구도시공사,PQ,505221000,510285875,101.0025068,홍익+DS,98.9,436718000,99.5348,N
20200512936 - 00,20200512,식품산업클러스터 개발사업 환경영향평가용역,대구도시공사,PQ,505221000,510285875,101.0025068,선진+KCI+휴먼,98.88,441080000,100.529,N
20200512936 - 00,20200512,식품산업클러스터 개발사업 환경영향평가용역,대구도시공사,PQ,505221000,510285875,101.0025068,신성+아라+효산,98.88,440880000,100.4834,N
20200512936 - 00,20200512,식품산업클러스터 개발사업 환경영향평가용역,대구도시공사,PQ,505221000,510285875,101.0025068,도화+청명+신일,98.87,436220000,99.4213,N
20200512936 - 00,20200512,식품산업클러스터 개발사업 환경영향평가용역,대구도시공사,PQ,505221000,510285875,101.0025068,한종+한도+다올,98.66,440300000,100.3281,N
20200512936 - 00,20200512,식품산업클러스터 개발사업 환경영향평가용역,대구도시공사,PQ,505221000,510285875,101.0025068,동명+건일+IK,98.62,439300000,100.1002,N
20200512936 - 00,20200512,식품산업클러스터 개발사업 환경영향평가용역,대구도시공사,PQ,505221000,510285875,101.0025068,이산+해동+우신,98.48,434370000,98.9655,N
20200512936 - 00,20200512,식품산업클러스터 개발사업 환경영향평가용역,대구도시공사,PQ,505221000,510285875,101.0025068,경동+보원,98.41,435625000,99.24,N
20200512936 - 00,20200512,식품산업클러스터 개발사업 환경영향평가용역,대구도시공사,PQ,505221000,510285875,101.0025068,동일+동진,98.41,435448000,99.1996,N
20200512936 - 00,20200512,식품산업클러스터 개발사업 환경영향평가용역,대구도시공사,PQ,505221000,510285875,101.0025068,KG+세원,98.41,440893000,100.4401,N
20200512936 - 00,20200512,식품산업클러스터 개발사업 환경영향평가용역,대구도시공사,PQ,505221000,510285875,101.0025068,수성+새길+세종,98.37,434918000,99.0789,N
20200512936 - 00,20200512,식품산업클러스터 개발사업 환경영향평가용역,대구도시공사,PQ,505221000,510285875,101.0025068,건화+혜인+한백+한백E,98.27,444000000,101.1362,Y
20200512936 - 00,20200512,식품산업클러스터 개발사업 환경영향평가용역,대구도시공사,PQ,505221000,510285875,101.0025068,한맥+레오+태성,98.18,442145000,100.7021,N
20200512936 - 00,20200512,식품산업클러스터 개발사업 환경영향평가용역,대구도시공사,PQ,505221000,510285875,101.0025068,삼안+세신,98.11,435160000,99.0998,N
20200512936 - 00,20200512,식품산업클러스터 개발사업 환경영향평가용역,대구도시공사,PQ,505221000,510285875,101.0025068,화신+대영+마린,97.39,434629000,98.9106,N
20200512936 - 00,20200512,식품산업클러스터 개발사업 환경영향평가용역,대구도시공사,PQ,505221000,510285875,101.0025068,동부+정솔,97.21,442310000,100.647,N
20200512936 - 00,20200512,식품산업클러스터 개발사업 환경영향평가용역,대구도시공사,PQ,505221000,510285875,101.0025068,천일+용두,96.71,449000000,102.1693,N
20200513113 - 01,20200512,포항시 물 재이용 관리계획(변경) 수립용역,경상북도 포항시 맑은물사업본부,PQ,700000000,703983000,100.569,한종+한주,98.43,602100000,100.1972,N
20200513113 - 01,20200512,포항시 물 재이용 관리계획(변경) 수립용역,경상북도 포항시 맑은물사업본부,PQ,700000000,703983000,100.569,도화+태성,98.01,604750000,100.5328,N
20200513113 - 01,20200512,포항시 물 재이용 관리계획(변경) 수립용역,경상북도 포항시 맑은물사업본부,PQ,700000000,703983000,100.569,건화+청우,97.93,600290000,99.7682,N
20200513113 - 01,20200512,포항시 물 재이용 관리계획(변경) 수립용역,경상북도 포항시 맑은물사업본부,PQ,700000000,703983000,100.569,삼안+한도,97.79,599720000,99.6386,N
20200513113 - 01,20200512,포항시 물 재이용 관리계획(변경) 수립용역,경상북도 포항시 맑은물사업본부,PQ,700000000,703983000,100.569,선진+보람,97.77,605870000,100.6487,Y
20200513113 - 01,20200512,포항시 물 재이용 관리계획(변경) 수립용역,경상북도 포항시 맑은물사업본부,PQ,700000000,703983000,100.569,이산+세연,97.72,597860000,99.3065,N
20200513113 - 01,20200512,포항시 물 재이용 관리계획(변경) 수립용역,경상북도 포항시 맑은물사업본부,PQ,700000000,703983000,100.569,동명+세원,97.57,609300000,101.1715,N
20200513113 - 01,20200512,포항시 물 재이용 관리계획(변경) 수립용역,경상북도 포항시 맑은물사업본부,PQ,700000000,703983000,100.569,경동+KCI,97.55,596390000,99.0278,N
20200513113 - 01,20200512,포항시 물 재이용 관리계획(변경) 수립용역,경상북도 포항시 맑은물사업본부,PQ,700000000,703983000,100.569,HEC+삼보,97.22,607300000,100.7457,N
20200513113 - 01,20200512,포항시 물 재이용 관리계획(변경) 수립용역,경상북도 포항시 맑은물사업본부,PQ,700000000,703983000,100.569,KG+한백+한맥,96.73,598860000,99.2303,N
20200513113 - 01,20200512,포항시 물 재이용 관리계획(변경) 수립용역,경상북도 포항시 맑은물사업본부,PQ,700000000,703983000,100.569,화신+주하,94.6,598540000,98.6396,N
20200514476 - 00,20200513,신관하수처리시설 하수처리수 재이용시설 설치공사 기본 및 실시설계 용역,충청남도 공주시,PQ,550330000,554633600,100.7820035,동명+드림+우리,99.56,472800000,100.3705,N
20200514476 - 00,20200513,신관하수처리시설 하수처리수 재이용시설 설치공사 기본 및 실시설계 용역,충청남도 공주시,PQ,550330000,554633600,100.7820035,범한+천마,98.16,472510000,99.9469,N
20200514476 - 00,20200513,신관하수처리시설 하수처리수 재이용시설 설치공사 기본 및 실시설계 용역,충청남도 공주시,PQ,550330000,554633600,100.7820035,"건화+수성(예당,에스알,예다)",97.84,476800000,100.7722,N
20200514476 - 00,20200513,신관하수처리시설 하수처리수 재이용시설 설치공사 기본 및 실시설계 용역,충청남도 공주시,PQ,550330000,554633600,100.7820035,KG+우빈,97.76,470984000,99.5199,N
20200514476 - 00,20200513,신관하수처리시설 하수처리수 재이용시설 설치공사 기본 및 실시설계 용역,충청남도 공주시,PQ,550330000,554633600,100.7820035,한종+세일,97.76,471390000,99.6057,N
20200514476 - 00,20200513,신관하수처리시설 하수처리수 재이용시설 설치공사 기본 및 실시설계 용역,충청남도 공주시,PQ,550330000,554633600,100.7820035,선진+바셈,97.74,476575000,100.7013,N
20200514476 - 00,20200513,신관하수처리시설 하수처리수 재이용시설 설치공사 기본 및 실시설계 용역,충청남도 공주시,PQ,550330000,554633600,100.7820035,삼안+한맥,97.7,477565000,100.8987,Y
20200514476 - 00,20200513,신관하수처리시설 하수처리수 재이용시설 설치공사 기본 및 실시설계 용역,충청남도 공주시,PQ,550330000,554633600,100.7820035,이산+장맥,97.6,472600000,99.8265,N
20200514476 - 00,20200513,신관하수처리시설 하수처리수 재이용시설 설치공사 기본 및 실시설계 용역,충청남도 공주시,PQ,550330000,554633600,100.7820035,도화+경동,97.6,478330000,101.0368,N
20200514476 - 00,20200513,신관하수처리시설 하수처리수 재이용시설 설치공사 기본 및 실시설계 용역,충청남도 공주시,PQ,550330000,554633600,100.7820035,HEC+세종+경인+한경,97.32,479300000,101.1712,N
20200514476 - 00,20200513,신관하수처리시설 하수처리수 재이용시설 설치공사 기본 및 실시설계 용역,충청남도 공주시,PQ,550330000,554633600,100.7820035,경호+계림,97.1,467890000,98.7054,N
20200514476 - 00,20200513,신관하수처리시설 하수처리수 재이용시설 설치공사 기본 및 실시설계 용역,충청남도 공주시,PQ,550330000,554633600,100.7820035,제일+기산,97.01,482450000,101.7533,N
20200514476 - 00,20200513,신관하수처리시설 하수처리수 재이용시설 설치공사 기본 및 실시설계 용역,충청남도 공주시,PQ,550330000,554633600,100.7820035,건양+동양+화신,96.81,481290000,101.4498,N
20200515019 - 00,20200513,해남군 수도정비 기본계획(변경) 용역,전라남도 해남군,PQ,1469560000,1453931300,98.9365048,도화+건영+동부,99.28,1162100000,100.7814,N
20200515019 - 00,20200513,해남군 수도정비 기본계획(변경) 용역,전라남도 해남군,PQ,1469560000,1453931300,98.9365048,건화+신오,97.65,1158600000,99.1635,Y
20200515019 - 00,20200513,해남군 수도정비 기본계획(변경) 용역,전라남도 해남군,PQ,1469560000,1453931300,98.9365048,HEC+우빈,97.55,1160000000,99.2084,N
20200515019 - 00,20200513,해남군 수도정비 기본계획(변경) 용역,전라남도 해남군,PQ,1469560000,1453931300,98.9365048,한종+우영,97.5,1188000000,101.5648,N
20200515019 - 00,20200513,해남군 수도정비 기본계획(변경) 용역,전라남도 해남군,PQ,1469560000,1453931300,98.9365048,삼안+우리+대성,97.46,1154890000,98.697,N
20200515019 - 00,20200513,해남군 수도정비 기본계획(변경) 용역,전라남도 해남군,PQ,1469560000,1453931300,98.9365048,동명+하이콘+수성,97.4,1164500000,99.4683,N
20200515019 - 00,20200513,해남군 수도정비 기본계획(변경) 용역,전라남도 해남군,PQ,1469560000,1453931300,98.9365048,유신+원우,97.15,1157122000,98.64,N
20200515019 - 00,20200513,해남군 수도정비 기본계획(변경) 용역,전라남도 해남군,PQ,1469560000,1453931300,98.9365048,화신+경동+평화,96.65,1291600000,109.6641,N
2001701 - 01 ,20200513,광주효천2 대로1-5호선 지하차도 개설공사 시공단계 건설사업관리용역,한국토지주택공사,PQ,1070540000,1070506000,99.99682403,한종,99.92,920500000,100.5492,Y
2001701 - 01 ,20200513,광주효천2 대로1-5호선 지하차도 개설공사 시공단계 건설사업관리용역,한국토지주택공사,PQ,1070540000,1070506000,99.99682403,이산,99.46,915800000,99.8956,N
2001701 - 01 ,20200513,광주효천2 대로1-5호선 지하차도 개설공사 시공단계 건설사업관리용역,한국토지주택공사,PQ,1070540000,1070506000,99.99682403,유신,99.4,921828000,100.5414,N
2001701 - 01 ,20200513,광주효천2 대로1-5호선 지하차도 개설공사 시공단계 건설사업관리용역,한국토지주택공사,PQ,1070540000,1070506000,99.99682403,수성+경동,99.37,888600000,96.906,N
2001701 - 01 ,20200513,광주효천2 대로1-5호선 지하차도 개설공사 시공단계 건설사업관리용역,한국토지주택공사,PQ,1070540000,1070506000,99.99682403,도화,99.3,914100000,99.6636,N
2001701 - 01 ,20200513,광주효천2 대로1-5호선 지하차도 개설공사 시공단계 건설사업관리용역,한국토지주택공사,PQ,1070540000,1070506000,99.99682403,신성,98.77,912580000,99.3472,N
2001701 - 01 ,20200513,광주효천2 대로1-5호선 지하차도 개설공사 시공단계 건설사업관리용역,한국토지주택공사,PQ,1070540000,1070506000,99.99682403,동일+목양,98.73,930300000,101.2644,N
2001701 - 01 ,20200513,광주효천2 대로1-5호선 지하차도 개설공사 시공단계 건설사업관리용역,한국토지주택공사,PQ,1070540000,1070506000,99.99682403,건화,98.6,911400000,99.1725,N
2001701 - 01 ,20200513,광주효천2 대로1-5호선 지하차도 개설공사 시공단계 건설사업관리용역,한국토지주택공사,PQ,1070540000,1070506000,99.99682403,용마+동성,97.1,916600000,99.2987,N
20200515397 - 00,20200513,영북면 산정리 농어촌생활용수 개발사업 기본 및 실시설계 용역,경기도 포천시 안전도시국 상하수과,PQ,779712000,779686700,99.99675521,삼안+KG,99.94,671000000,100.6343,Y
20200515397 - 00,20200513,영북면 산정리 농어촌생활용수 개발사업 기본 및 실시설계 용역,경기도 포천시 안전도시국 상하수과,PQ,779712000,779686700,99.99675521,범한+경호,97.8,669700000,99.8903,N
20200515397 - 00,20200513,영북면 산정리 농어촌생활용수 개발사업 기본 및 실시설계 용역,경기도 포천시 안전도시국 상하수과,PQ,779712000,779686700,99.99675521,HEC+서영,97.8,667600000,99.5771,N
20200515397 - 00,20200513,영북면 산정리 농어촌생활용수 개발사업 기본 및 실시설계 용역,경기도 포천시 안전도시국 상하수과,PQ,779712000,779686700,99.99675521,건화(디에스),97.7,664600000,99.1066,N
20200515397 - 00,20200513,영북면 산정리 농어촌생활용수 개발사업 기본 및 실시설계 용역,경기도 포천시 안전도시국 상하수과,PQ,779712000,779686700,99.99675521,경동+선진,97.7,678290000,101.148,N
20200515397 - 00,20200513,영북면 산정리 농어촌생활용수 개발사업 기본 및 실시설계 용역,경기도 포천시 안전도시국 상하수과,PQ,779712000,779686700,99.99675521,한종+도화,97.6,665150000,99.1655,N
20200515397 - 00,20200513,영북면 산정리 농어촌생활용수 개발사업 기본 및 실시설계 용역,경기도 포천시 안전도시국 상하수과,PQ,779712000,779686700,99.99675521,동명+동희,97.1,688400000,102.5007,N
20200515397 - 00,20200513,영북면 산정리 농어촌생활용수 개발사업 기본 및 실시설계 용역,경기도 포천시 안전도시국 상하수과,PQ,779712000,779686700,99.99675521,유신+신명,96.4,662758000,98.4997,N
20200515411 - 01,20200513,시흥시 노후하수관로 정비사업 건설사업관리용역,경기도 시흥시,PQ,1535000000,1528744875,99.5925,KG+한종,99.8,1198260000,99.9201,Y
20200515411 - 01,20200513,시흥시 노후하수관로 정비사업 건설사업관리용역,경기도 시흥시,PQ,1535000000,1528744875,99.5925,건화+경동,99.3,1202480000,99.8629,N
20200515411 - 01,20200513,시흥시 노후하수관로 정비사업 건설사업관리용역,경기도 시흥시,PQ,1535000000,1528744875,99.5925,도화+경호,99.3,1214100000,100.8279,N
20200515411 - 01,20200513,시흥시 노후하수관로 정비사업 건설사업관리용역,경기도 시흥시,PQ,1535000000,1528744875,99.5925,삼안+극동,99.2,1197350000,99.3482,N
20200515411 - 01,20200513,시흥시 노후하수관로 정비사업 건설사업관리용역,경기도 시흥시,PQ,1535000000,1528744875,99.5925,동명+동성,99,1222740000,101.3001,N
20200515411 - 01,20200513,시흥시 노후하수관로 정비사업 건설사업관리용역,경기도 시흥시,PQ,1535000000,1528744875,99.5925,선진+용마,98.9,1196400000,99.0298,N
20200515411 - 01,20200513,시흥시 노후하수관로 정비사업 건설사업관리용역,경기도 시흥시,PQ,1535000000,1528744875,99.5925,동부+범한,98.7,1198120000,99.0086,N
20200515411 - 01,20200513,시흥시 노후하수관로 정비사업 건설사업관리용역,경기도 시흥시,PQ,1535000000,1528744875,99.5925,수성+이산,98.5,1197174000,98.7801,N
20200514482 - 00,20200513,이천시 도수관로 개량사업 기본 및 실시설계 용역,경기도 이천시 상하수도사업소,PQ,694575000,697922900,100.482007,KG+경동,99.36,597724000,100.48,N
20200514482 - 00,20200513,이천시 도수관로 개량사업 기본 및 실시설계 용역,경기도 이천시 상하수도사업소,PQ,694575000,697922900,100.482007,도화+이산,99.34,598100000,100.5432,Y
20200514482 - 00,20200513,이천시 도수관로 개량사업 기본 및 실시설계 용역,경기도 이천시 상하수도사업소,PQ,694575000,697922900,100.482007,건화(디에스정보),99.3,594340000,99.8994,N
20200514482 - 00,20200513,이천시 도수관로 개량사업 기본 및 실시설계 용역,경기도 이천시 상하수도사업소,PQ,694575000,697922900,100.482007,삼안+GSTA,99.3,598180000,100.5449,N
20200514482 - 00,20200513,이천시 도수관로 개량사업 기본 및 실시설계 용역,경기도 이천시 상하수도사업소,PQ,694575000,697922900,100.482007,동명+대원,99.28,589970000,99.1649,N
20200514482 - 00,20200513,이천시 도수관로 개량사업 기본 및 실시설계 용역,경기도 이천시 상하수도사업소,PQ,694575000,697922900,100.482007,한종+범한,99.24,596800000,100.3012,N
20200514482 - 00,20200513,이천시 도수관로 개량사업 기본 및 실시설계 용역,경기도 이천시 상하수도사업소,PQ,694575000,697922900,100.482007,화신+신성,99.11,595818000,100.1011,N
20200514482 - 00,20200513,이천시 도수관로 개량사업 기본 및 실시설계 용역,경기도 이천시 상하수도사업소,PQ,694575000,697922900,100.482007,유신+경호,99.1,601108000,100.9899,N
20200514482 - 00,20200513,이천시 도수관로 개량사업 기본 및 실시설계 용역,경기도 이천시 상하수도사업소,PQ,694575000,697922900,100.482007,HEC+서영,98.87,600030000,100.75,N
20200514482 - 00,20200513,이천시 도수관로 개량사업 기본 및 실시설계 용역,경기도 이천시 상하수도사업소,PQ,694575000,697922900,100.482007,드림+용마,94.32,616000000,102.2391,N
20200514294 - 00,20200513,식품산업클러스터 개발사업 조사설계용역,대구도시공사,PQ,1876878000,1892507775,100.8327539,동명+한도,99.4,1472670000,100.1005,N
20200514294 - 00,20200513,식품산업클러스터 개발사업 조사설계용역,대구도시공사,PQ,1876878000,1892507775,100.8327539,수성+KG,99.34,1478950000,100.4761,N
20200514294 - 00,20200513,식품산업클러스터 개발사업 조사설계용역,대구도시공사,PQ,1876878000,1892507775,100.8327539,도화+해동,99.3,1465000000,99.503,N
20200514294 - 00,20200513,식품산업클러스터 개발사업 조사설계용역,대구도시공사,PQ,1876878000,1892507775,100.8327539,경동+KCI+한동,99.3,1458790000,99.0812,N
20200514294 - 00,20200513,식품산업클러스터 개발사업 조사설계용역,대구도시공사,PQ,1876878000,1892507775,100.8327539,삼안+세원+기성,99.3,1480270000,100.5402,N
20200514294 - 00,20200513,식품산업클러스터 개발사업 조사설계용역,대구도시공사,PQ,1876878000,1892507775,100.8327539,유신+삼경,99.3,1478883000,100.446,N
20200514294 - 00,20200513,식품산업클러스터 개발사업 조사설계용역,대구도시공사,PQ,1876878000,1892507775,100.8327539,건화+서영(보원+신화+신일),99.25,1500000000,101.8413,Y
20200514294 - 00,20200513,식품산업클러스터 개발사업 조사설계용역,대구도시공사,PQ,1876878000,1892507775,100.8327539,한종+분담,99.2,1459000000,99.0072,N
20200514294 - 00,20200513,식품산업클러스터 개발사업 조사설계용역,대구도시공사,PQ,1876878000,1892507775,100.8327539,선진+경호,98.64,1822900000,123.1367,N
20200516320 - 00,20200514,김해시 도로건설 관리계획 및 도시교통정비 중기계획 수립용역(2021~2025),경상남도 김해시,PQ,498100000,496273275,99.63326139,KG+하우,96.22,435670000,100.4495,N
20200516320 - 00,20200514,김해시 도로건설 관리계획 및 도시교통정비 중기계획 수립용역(2021~2025),경상남도 김해시,PQ,498100000,496273275,99.63326139,수성+보람+건화,95.6,434929000,100.2211,Y
20200516320 - 00,20200514,김해시 도로건설 관리계획 및 도시교통정비 중기계획 수립용역(2021~2025),경상남도 김해시,PQ,498100000,496273275,99.63326139,동명+경화,94.46,436640000,100.5,N
20200516320 - 00,20200514,김해시 도로건설 관리계획 및 도시교통정비 중기계획 수립용역(2021~2025),경상남도 김해시,PQ,498100000,496273275,99.63326139,서영+한성,94.39,435120000,100.1501,N
20200516320 - 00,20200514,김해시 도로건설 관리계획 및 도시교통정비 중기계획 수립용역(2021~2025),경상남도 김해시,PQ,498100000,496273275,99.63326139,도화+우리E,94.22,435220000,100.1502,N
20200516320 - 00,20200514,김해시 도로건설 관리계획 및 도시교통정비 중기계획 수립용역(2021~2025),경상남도 김해시,PQ,498100000,496273275,99.63326139,동일+천진,93.63,432000000,99.3523,N
20200516320 - 00,20200514,김해시 도로건설 관리계획 및 도시교통정비 중기계획 수립용역(2021~2025),경상남도 김해시,PQ,498100000,496273275,99.63326139,평화+금성+한종,92.85,432180000,99.3254,N
20200516320 - 00,20200514,김해시 도로건설 관리계획 및 도시교통정비 중기계획 수립용역(2021~2025),경상남도 김해시,PQ,498100000,496273275,99.63326139,경호+HEC,91.98,430950000,98.9521,N
20200516320 - 00,20200514,김해시 도로건설 관리계획 및 도시교통정비 중기계획 수립용역(2021~2025),경상남도 김해시,PQ,498100000,496273275,99.63326139,유신+KSM,90.4,443532000,101.6899,N
20200516320 - 00,20200514,김해시 도로건설 관리계획 및 도시교통정비 중기계획 수립용역(2021~2025),경상남도 김해시,PQ,498100000,496273275,99.63326139,이산+한가람,90.11,430180000,98.5949,N
20200516320 - 00,20200514,김해시 도로건설 관리계획 및 도시교통정비 중기계획 수립용역(2021~2025),경상남도 김해시,PQ,498100000,496273275,99.63326139,동성+서화+제일,89.75,442488000,101.3811,N
20200516087 - 00,20200513,대산 등 4개지구 농업용수 수질개선사업 전략 및 소규모환경영향평가,한국농어촌공사,PQ,234600000,235089775,100.2087702,평화+휴먼,98.88,203570000,100.0325,N
20200516087 - 00,20200513,대산 등 4개지구 농업용수 수질개선사업 전략 및 소규모환경영향평가,한국농어촌공사,PQ,234600000,235089775,100.2087702,선진+한국환경,98.68,202460000,99.4871,N
20200516087 - 00,20200513,대산 등 4개지구 농업용수 수질개선사업 전략 및 소규모환경영향평가,한국농어촌공사,PQ,234600000,235089775,100.2087702,동명+대현,98.67,203700000,100.0964,N
20200516087 - 00,20200513,대산 등 4개지구 농업용수 수질개선사업 전략 및 소규모환경영향평가,한국농어촌공사,PQ,234600000,235089775,100.2087702,동성+DS,98.66,203096000,99.7996,N
20200516087 - 00,20200513,대산 등 4개지구 농업용수 수질개선사업 전략 및 소규모환경영향평가,한국농어촌공사,PQ,234600000,235089775,100.2087702,동아+퍼스트+엔탑,98.66,204500000,100.4895,N
20200516087 - 00,20200513,대산 등 4개지구 농업용수 수질개선사업 전략 및 소규모환경영향평가,한국농어촌공사,PQ,234600000,235089775,100.2087702,건화+우신,98.62,203400000,99.949,N
20200516087 - 00,20200513,대산 등 4개지구 농업용수 수질개선사업 전략 및 소규모환경영향평가,한국농어촌공사,PQ,234600000,235089775,100.2087702,신성+효산,98.54,203580000,100.0375,N
20200516087 - 00,20200513,대산 등 4개지구 농업용수 수질개선사업 전략 및 소규모환경영향평가,한국농어촌공사,PQ,234600000,235089775,100.2087702,삼안+양지,98.47,204600000,100.5387,N
20200516087 - 00,20200513,대산 등 4개지구 농업용수 수질개선사업 전략 및 소규모환경영향평가,한국농어촌공사,PQ,234600000,235089775,100.2087702,천일+소운,98.38,202240000,99.379,N
20200516087 - 00,20200513,대산 등 4개지구 농업용수 수질개선사업 전략 및 소규모환경영향평가,한국농어촌공사,PQ,234600000,235089775,100.2087702,다산+국토환경,98.32,204928000,100.6999,N
20200516087 - 00,20200513,대산 등 4개지구 농업용수 수질개선사업 전략 및 소규모환경영향평가,한국농어촌공사,PQ,234600000,235089775,100.2087702,화신+신일+마린,98.3,202934000,99.72,N
20200516087 - 00,20200513,대산 등 4개지구 농업용수 수질개선사업 전략 및 소규모환경영향평가,한국농어촌공사,PQ,234600000,235089775,100.2087702,한맥+레오,98.26,203093000,99.7982,N
20200516087 - 00,20200513,대산 등 4개지구 농업용수 수질개선사업 전략 및 소규모환경영향평가,한국농어촌공사,PQ,234600000,235089775,100.2087702,도화,98.22,203870000,100.18,N
20200516087 - 00,20200513,대산 등 4개지구 농업용수 수질개선사업 전략 및 소규모환경영향평가,한국농어촌공사,PQ,234600000,235089775,100.2087702,경호,97.91,204280000,100.3814,Y
20200516087 - 00,20200513,대산 등 4개지구 농업용수 수질개선사업 전략 및 소규모환경영향평가,한국농어촌공사,PQ,234600000,235089775,100.2087702,KG+보람,97.43,203748000,100.12,N
20200516087 - 00,20200513,대산 등 4개지구 농업용수 수질개선사업 전략 및 소규모환경영향평가,한국농어촌공사,PQ,234600000,235089775,100.2087702,동해,97.39,201885900,99.205,N
20200516087 - 00,20200513,대산 등 4개지구 농업용수 수질개선사업 전략 및 소규모환경영향평가,한국농어촌공사,PQ,234600000,235089775,100.2087702,동부,97.29,204600000,100.5271,N
20200516087 - 00,20200513,대산 등 4개지구 농업용수 수질개선사업 전략 및 소규모환경영향평가,한국농어촌공사,PQ,234600000,235089775,100.2087702,대콘+드림+청운,98.43,209000000,102.618,N
20200516966 - 00,20200514,난지 음식물류폐기물 자원화시설 개보수사업기본 및 실시설계 용역,서울특별시 서대문구,PQ,711920000,697306125,97.94725882,한종+도화,98.82,617540000,101.152,N
20200516966 - 00,20200514,난지 음식물류폐기물 자원화시설 개보수사업기본 및 실시설계 용역,서울특별시 서대문구,PQ,711920000,697306125,97.94725882,동일+세원,98.31,610323000,99.8302,N
20200516966 - 00,20200514,난지 음식물류폐기물 자원화시설 개보수사업기본 및 실시설계 용역,서울특별시 서대문구,PQ,711920000,697306125,97.94725882,건화+유신,94.79,610280000,98.936,Y
20200517650 - 00,20200514,세포배양산업단지 조성사업 개발계획 및 실시설계 용역,경상북도 의성군,PQ,1199000000,1189126275,99.17650334,도화+명성+해동,98.33,1020000000,107.5961,Y
20200517650 - 00,20200514,세포배양산업단지 조성사업 개발계획 및 실시설계 용역,경상북도 의성군,PQ,1199000000,1189126275,99.17650334,삼안+세원,96.05,955785000,98.9943,N
20200517650 - 00,20200514,세포배양산업단지 조성사업 개발계획 및 실시설계 용역,경상북도 의성군,PQ,1199000000,1189126275,99.17650334,건화+청우(이룸+경화),87.46,1062000000,102.9629,N
20200515122 - 00,20200514,증평군 상수도 관망기술진단 용역,충청북도 증평군,PQ,824400000,818598325,99.29625485,도화+영진,100,708940000,100.5844,N
20200515122 - 00,20200514,증평군 상수도 관망기술진단 용역,충청북도 증평군,PQ,824400000,818598325,99.29625485,한종+건양,97.93,704400000,99.4055,Y
20200515122 - 00,20200514,증평군 상수도 관망기술진단 용역,충청북도 증평군,PQ,824400000,818598325,99.29625485,동명+홍익,97.7,719660000,101.4999,N
20200515122 - 00,20200514,증평군 상수도 관망기술진단 용역,충청북도 증평군,PQ,824400000,818598325,99.29625485,건화+대원,97.03,708780000,99.7914,N
20200515122 - 00,20200514,증평군 상수도 관망기술진단 용역,충청북도 증평군,PQ,824400000,818598325,99.29625485,삼안+청우건축,98,738430000,103.6291,N
20200517265 - 02,20200514,무주군 자연재해저감종합계획 재수립 및 재해지도작성 용역 ,전라북도 무주군,PQ,1763289000,1780842600,100.9955033,도화+국성,99.3,1399700000,101.192,Y
20200517265 - 02,20200514,무주군 자연재해저감종합계획 재수립 및 재해지도작성 용역 ,전라북도 무주군,PQ,1763289000,1780842600,100.9955033,한종+한가람+동서,98.31,1385500000,99.3548,N
20200517265 - 02,20200514,무주군 자연재해저감종합계획 재수립 및 재해지도작성 용역 ,전라북도 무주군,PQ,1763289000,1780842600,100.9955033,동부+조화+화신,98.31,1406350000,100.85,N
20200517265 - 02,20200514,무주군 자연재해저감종합계획 재수립 및 재해지도작성 용역 ,전라북도 무주군,PQ,1763289000,1780842600,100.9955033,이산+JCN+주하,98.22,1412123000,101.2,N
20200517265 - 02,20200514,무주군 자연재해저감종합계획 재수립 및 재해지도작성 용역 ,전라북도 무주군,PQ,1763289000,1780842600,100.9955033,삼안+유현+KSM+한맥,98.17,1382480000,99.0256,N
20200517265 - 02,20200514,무주군 자연재해저감종합계획 재수립 및 재해지도작성 용역 ,전라북도 무주군,PQ,1763289000,1780842600,100.9955033,다산+인우+정+일신,97.86,1381180000,98.6956,N
20200517265 - 02,20200514,무주군 자연재해저감종합계획 재수립 및 재해지도작성 용역 ,전라북도 무주군,PQ,1763289000,1780842600,100.9955033,건화+세화+경동+KCI,97.61,1500000000,106.9705,N
20200517265 - 02,20200514,무주군 자연재해저감종합계획 재수립 및 재해지도작성 용역 ,전라북도 무주군,PQ,1763289000,1780842600,100.9955033,동성+동명+범산,97.51,1382000000,98.4688,N
20200517265 - 02,20200514,무주군 자연재해저감종합계획 재수립 및 재해지도작성 용역 ,전라북도 무주군,PQ,1763289000,1780842600,100.9955033,유신+더한+평화,89.71,1551690000,104.0371,N
20200517293 - 02,20200514,무주군 소규모 공공시설 안전점검 및 정비계획수립 용역,전라북도 무주군,PQ,1476000000,1496372550,101.3802541,유신+국성+보람,98.27,1171443000,100.33,N
20200517293 - 02,20200514,무주군 소규모 공공시설 안전점검 및 정비계획수립 용역,전라북도 무주군,PQ,1476000000,1496372550,101.3802541,동부+조화+서광,97.64,1182940000,100.7923,N
20200517293 - 02,20200514,무주군 소규모 공공시설 안전점검 및 정비계획수립 용역,전라북도 무주군,PQ,1476000000,1496372550,101.3802541,건화+한가람+KCI+주하,97.47,1170000000,99.5645,N
20200517293 - 02,20200514,무주군 소규모 공공시설 안전점검 및 정비계획수립 용역,전라북도 무주군,PQ,1476000000,1496372550,101.3802541,KG+더한+강동,97.47,1168299000,99.4198,N
20200517293 - 02,20200514,무주군 소규모 공공시설 안전점검 및 정비계획수립 용역,전라북도 무주군,PQ,1476000000,1496372550,101.3802541,한종+성원+삼경,97.44,1185400000,100.8497,N
20200517293 - 02,20200514,무주군 소규모 공공시설 안전점검 및 정비계획수립 용역,전라북도 무주군,PQ,1476000000,1496372550,101.3802541,도화+세화,97.42,1167100000,99.2679,N
20200517293 - 02,20200514,무주군 소규모 공공시설 안전점검 및 정비계획수립 용역,전라북도 무주군,PQ,1476000000,1496372550,101.3802541,이산+JCN,97.4,1162930000,98.9008,N
20200517293 - 02,20200514,무주군 소규모 공공시설 안전점검 및 정비계획수립 용역,전라북도 무주군,PQ,1476000000,1496372550,101.3802541,동명+현성+SE,97.37,1182100000,100.5058,N
20200517293 - 02,20200514,무주군 소규모 공공시설 안전점검 및 정비계획수립 용역,전라북도 무주군,PQ,1476000000,1496372550,101.3802541,평화+경동+건일,97.29,1195700000,101.5984,Y
20200517293 - 02,20200514,무주군 소규모 공공시설 안전점검 및 정비계획수립 용역,전라북도 무주군,PQ,1476000000,1496372550,101.3802541,삼안+유현,97.06,1198230000,101.6222,N
20200517293 - 02,20200514,무주군 소규모 공공시설 안전점검 및 정비계획수립 용역,전라북도 무주군,PQ,1476000000,1496372550,101.3802541,KSM+대도,96.9,1164900000,98.672,N
20200517293 - 02,20200514,무주군 소규모 공공시설 안전점검 및 정비계획수립 용역,전라북도 무주군,PQ,1476000000,1496372550,101.3802541,극동+신한,96.64,1203199000,101.6999,N
20200517293 - 02,20200514,무주군 소규모 공공시설 안전점검 및 정비계획수립 용역,전라북도 무주군,PQ,1476000000,1496372550,101.3802541,화신+고산+인우,96.47,1205890000,101.8003,N
20200517293 - 02,20200514,무주군 소규모 공공시설 안전점검 및 정비계획수립 용역,전라북도 무주군,PQ,1476000000,1496372550,101.3802541,다산+세종,95.8,1219900000,102.4342,N
20200519028 - 00,20200515,구산면 일대 하수관로 정비공사 기본 및 실시설계용역 ,경상남도 창원시 하수도사업소,PQ,1987000000,1984004625,99.84925138,범한+선진,100,1563000000,100.8543,Y
20200519028 - 00,20200515,구산면 일대 하수관로 정비공사 기본 및 실시설계용역 ,경상남도 창원시 하수도사업소,PQ,1987000000,1984004625,99.84925138,건화+경화(테크피아),97.8,1564900000,99.1838,N
20200519028 - 00,20200515,구산면 일대 하수관로 정비공사 기본 및 실시설계용역 ,경상남도 창원시 하수도사업소,PQ,1987000000,1984004625,99.84925138,KG+한성,97.8,1563260000,99.0799,N
20200519028 - 00,20200515,구산면 일대 하수관로 정비공사 기본 및 실시설계용역 ,경상남도 창원시 하수도사업소,PQ,1987000000,1984004625,99.84925138,한종+HEC,97.8,1560890000,98.9297,N
20200519028 - 00,20200515,구산면 일대 하수관로 정비공사 기본 및 실시설계용역 ,경상남도 창원시 하수도사업소,PQ,1987000000,1984004625,99.84925138,도화+수성,97.8,1598500000,101.3134,N
20200519028 - 00,20200515,구산면 일대 하수관로 정비공사 기본 및 실시설계용역 ,경상남도 창원시 하수도사업소,PQ,1987000000,1984004625,99.84925138,유신+천진,97.76,1555171000,98.53,N
20200519028 - 00,20200515,구산면 일대 하수관로 정비공사 기본 및 실시설계용역 ,경상남도 창원시 하수도사업소,PQ,1987000000,1984004625,99.84925138,삼안+우진+한올,97.65,1595000000,100.9644,N
20200519028 - 00,20200515,구산면 일대 하수관로 정비공사 기본 및 실시설계용역 ,경상남도 창원시 하수도사업소,PQ,1987000000,1984004625,99.84925138,동명+신화,97.64,1557600000,98.5846,N
20200519028 - 00,20200515,구산면 일대 하수관로 정비공사 기본 및 실시설계용역 ,경상남도 창원시 하수도사업소,PQ,1987000000,1984004625,99.84925138,경동+하우,97.64,1558647000,98.6509,N
20200519028 - 00,20200515,구산면 일대 하수관로 정비공사 기본 및 실시설계용역 ,경상남도 창원시 하수도사업소,PQ,1987000000,1984004625,99.84925138,이산+로텍+화성+하이콘,97.63,1557480000,98.577,N
20200519028 - 00,20200515,구산면 일대 하수관로 정비공사 기본 및 실시설계용역 ,경상남도 창원시 하수도사업소,PQ,1987000000,1984004625,99.84925138,건양+금성,97.62,1610817000,101.94,N
20200519028 - 00,20200515,구산면 일대 하수관로 정비공사 기본 및 실시설계용역 ,경상남도 창원시 하수도사업소,PQ,1987000000,1984004625,99.84925138,제일+KSM+하나,97.58,1616900000,102.2992,N
20200519028 - 00,20200515,구산면 일대 하수관로 정비공사 기본 및 실시설계용역 ,경상남도 창원시 하수도사업소,PQ,1987000000,1984004625,99.84925138,화신+혜인+서화,97.13,1614440000,101.7726,N
2020-02-000328-00,20200515,호남선 서대전~가수원간 매천교 개량공사 감독 권한대행 등 건설사업관리용역 ,한국철도시설공단,PQ,1959825000,1955716618,99.79036996,유신,100,1526120000,99.84,Y
2020-02-000328-00,20200515,호남선 서대전~가수원간 매천교 개량공사 감독 권한대행 등 건설사업관리용역 ,한국철도시설공단,PQ,1959825000,1955716618,99.79036996,수성+대건,100,1523799999,99.6882,N
2020-02-000328-00,20200515,호남선 서대전~가수원간 매천교 개량공사 감독 권한대행 등 건설사업관리용역 ,한국철도시설공단,PQ,1959825000,1955716618,99.79036996,KRTC,99.93,1526480000,99.7996,N
2020-02-000328-00,20200515,호남선 서대전~가수원간 매천교 개량공사 감독 권한대행 등 건설사업관리용역 ,한국철도시설공단,PQ,1959825000,1955716618,99.79036996,서현+동명,99.9,1526880000,99.8002,N
2020-02-000328-00,20200515,호남선 서대전~가수원간 매천교 개량공사 감독 권한대행 등 건설사업관리용역 ,한국철도시설공단,PQ,1959825000,1955716618,99.79036996,삼보+신성,99.9,1532480000,100.1662,N
2020-02-000328-00,20200515,호남선 서대전~가수원간 매천교 개량공사 감독 권한대행 등 건설사업관리용역 ,한국철도시설공단,PQ,1959825000,1955716618,99.79036996,이산+동일,99.8,1522270000,99.4097,N
2020-02-000328-00,20200515,호남선 서대전~가수원간 매천교 개량공사 감독 권한대행 등 건설사업관리용역 ,한국철도시설공단,PQ,1959825000,1955716618,99.79036996,천일+태조,99.76,1548590000,101.0897,N
2020-02-000328-00,20200515,호남선 서대전~가수원간 매천교 개량공사 감독 권한대행 등 건설사업관리용역 ,한국철도시설공단,PQ,1959825000,1955716618,99.79036996,대콘+동부+도화,99.53,1521985000,99.15,N
2020-02-000328-00,20200515,호남선 서대전~가수원간 매천교 개량공사 감독 권한대행 등 건설사업관리용역 ,한국철도시설공단,PQ,1959825000,1955716618,99.79036996,동해+다산+건화,99.51,1556570000,101.3901,N
2020-02-000328-00,20200515,호남선 서대전~가수원간 매천교 개량공사 감독 권한대행 등 건설사업관리용역 ,한국철도시설공단,PQ,1959825000,1955716618,99.79036996,선구+경동+삼경+선진,99.27,1900000000,123.492,N
20200518243 - 00,20200515,수체계시설 팔당관로 매설공사 감독권한대행 등 건설사업관리용역,경기도 김포시,PQ,1152742000,1154491350,100.1517556,건화+홍익,100,894000000,99.4349,N
20200518243 - 00,20200515,수체계시설 팔당관로 매설공사 감독권한대행 등 건설사업관리용역,경기도 김포시,PQ,1152742000,1154491350,100.1517556,도화+서영,100,902480000,100.378,Y
20200518243 - 00,20200515,수체계시설 팔당관로 매설공사 감독권한대행 등 건설사업관리용역,경기도 김포시,PQ,1152742000,1154491350,100.1517556,범한+선진,100,896570000,99.7207,N
20200518243 - 00,20200515,수체계시설 팔당관로 매설공사 감독권한대행 등 건설사업관리용역,경기도 김포시,PQ,1152742000,1154491350,100.1517556,KCM+이산,99.96,905340000,100.6574,N
20200518243 - 00,20200515,수체계시설 팔당관로 매설공사 감독권한대행 등 건설사업관리용역,경기도 김포시,PQ,1152742000,1154491350,100.1517556,한종+용마+오이디,99.71,922000000,102.2999,N
20200518218 - 00,20200515,영동산업단지 주변마을 지방상수도 확장사업 건설사업관리용역,충청북도 영동군,PQ,1287641000,1280523625,99.44725471,건화+홍익,100,1016400000,101.2053,N
20200518218 - 00,20200515,영동산업단지 주변마을 지방상수도 확장사업 건설사업관리용역,충청북도 영동군,PQ,1287641000,1280523625,99.44725471,한종+영진,100,1012400000,100.807,N
20200518218 - 00,20200515,영동산업단지 주변마을 지방상수도 확장사업 건설사업관리용역,충청북도 영동군,PQ,1287641000,1280523625,99.44725471,도화+지명,100,1004200000,99.9905,Y
20200518218 - 00,20200515,영동산업단지 주변마을 지방상수도 확장사업 건설사업관리용역,충청북도 영동군,PQ,1287641000,1280523625,99.44725471,범한+동림,100,1006305000,100.2001,N
20200518218 - 00,20200515,영동산업단지 주변마을 지방상수도 확장사업 건설사업관리용역,충청북도 영동군,PQ,1287641000,1280523625,99.44725471,KCM+세광,99.43,1022000000,101.2824,N
20200518482 - 00,20200515,증평군 노후하수관로 정비사업 감독권한대행등 건설사업관리용역 ,충청북도 증평군 상하수도사업소,PQ,1298208000,1321718600,101.8110041,건화+홍익,100,1002500000,99.0087,N
20200518482 - 00,20200515,증평군 노후하수관로 정비사업 감독권한대행등 건설사업관리용역 ,충청북도 증평군 상하수도사업소,PQ,1298208000,1321718600,101.8110041,경원+옥토,100,1025700000,101.3,N
20200518482 - 00,20200515,증평군 노후하수관로 정비사업 감독권한대행등 건설사업관리용역 ,충청북도 증평군 상하수도사업소,PQ,1298208000,1321718600,101.8110041,경호+해림+서영,100,1010177000,99.7669,N
20200518482 - 00,20200515,증평군 노후하수관로 정비사업 감독권한대행등 건설사업관리용역 ,충청북도 증평군 상하수도사업소,PQ,1298208000,1321718600,101.8110041,천일+한맥+동서,100,1025701000,101.3001,N
20200518482 - 00,20200515,증평군 노후하수관로 정비사업 감독권한대행등 건설사업관리용역 ,충청북도 증평군 상하수도사업소,PQ,1298208000,1321718600,101.8110041,경동+수일,100,1018450000,100.5839,N
20200518482 - 00,20200515,증평군 노후하수관로 정비사업 감독권한대행등 건설사업관리용역 ,충청북도 증평군 상하수도사업소,PQ,1298208000,1321718600,101.8110041,동부+오성,100,1014673000,100.2109,N
20200518482 - 00,20200515,증평군 노후하수관로 정비사업 감독권한대행등 건설사업관리용역 ,충청북도 증평군 상하수도사업소,PQ,1298208000,1321718600,101.8110041,KG+청우,100,1015998000,100.3418,N
20200518482 - 00,20200515,증평군 노후하수관로 정비사업 감독권한대행등 건설사업관리용역 ,충청북도 증평군 상하수도사업소,PQ,1298208000,1321718600,101.8110041,한종+영진+오이디,100,1014440000,100.1879,N
20200518482 - 00,20200515,증평군 노후하수관로 정비사업 감독권한대행등 건설사업관리용역 ,충청북도 증평군 상하수도사업소,PQ,1298208000,1321718600,101.8110041,범한+도우,100,1014560000,100.1998,N
20200518482 - 00,20200515,증평군 노후하수관로 정비사업 감독권한대행등 건설사업관리용역 ,충청북도 증평군 상하수도사업소,PQ,1298208000,1321718600,101.8110041,동명+대원,100,0,0,N
20200518482 - 00,20200515,증평군 노후하수관로 정비사업 감독권한대행등 건설사업관리용역 ,충청북도 증평군 상하수도사업소,PQ,1298208000,1321718600,101.8110041,도화+진우,100,1002650000,99.0235,N
20200518482 - 00,20200515,증평군 노후하수관로 정비사업 감독권한대행등 건설사업관리용역 ,충청북도 증평군 상하수도사업소,PQ,1298208000,1321718600,101.8110041,동성+창민,100,1006260000,99.38,N
20200518482 - 00,20200515,증평군 노후하수관로 정비사업 감독권한대행등 건설사업관리용역 ,충청북도 증평군 상하수도사업소,PQ,1298208000,1321718600,101.8110041,신명+단+아라,99.83,1023535000,100.9438,N
20200518482 - 00,20200515,증평군 노후하수관로 정비사업 감독권한대행등 건설사업관리용역 ,충청북도 증평군 상하수도사업소,PQ,1298208000,1321718600,101.8110041,건양,99.8,1002662000,98.8599,N
20200518482 - 00,20200515,증평군 노후하수관로 정비사업 감독권한대행등 건설사업관리용역 ,충청북도 증평군 상하수도사업소,PQ,1298208000,1321718600,101.8110041,KCM+세광,98.39,1250000000,121.8278,Y
2001757 - 00,20200515,천안직산 공공지원민간임대주택 공급촉진지구 환경영향평가용역,한국토지주택공사,PQ,944130000,946845000,100.2875663,경동+동아+한종+한국환경,99.04,814450000,100.6177,Y
2001757 - 00,20200515,천안직산 공공지원민간임대주택 공급촉진지구 환경영향평가용역,한국토지주택공사,PQ,944130000,946845000,100.2875663,선진+도화+IK,98.79,811160000,100.1295,N
2001757 - 00,20200515,천안직산 공공지원민간임대주택 공급촉진지구 환경영향평가용역,한국토지주택공사,PQ,944130000,946845000,100.2875663,신성+홍익+효산,98.62,809000000,99.8164,N
2001757 - 00,20200515,천안직산 공공지원민간임대주택 공급촉진지구 환경영향평가용역,한국토지주택공사,PQ,944130000,946845000,100.2875663,동일+다원,98.5,817000000,100.7682,N
2001757 - 00,20200515,천안직산 공공지원민간임대주택 공급촉진지구 환경영향평가용역,한국토지주택공사,PQ,944130000,946845000,100.2875663,다산+건화+삼안+디에스,98.36,811208000,100.0189,N
2001757 - 00,20200515,천안직산 공공지원민간임대주택 공급촉진지구 환경영향평가용역,한국토지주택공사,PQ,944130000,946845000,100.2875663,동성+한맥+세일+덕영,98.06,806860000,99.3902,N
2001757 - 00,20200515,천안직산 공공지원민간임대주택 공급촉진지구 환경영향평가용역,한국토지주택공사,PQ,944130000,946845000,100.2875663,수성+이산+평화+보드플랜,97.9,821524000,101.1495,N
2001757 - 00,20200515,천안직산 공공지원민간임대주택 공급촉진지구 환경영향평가용역,한국토지주택공사,PQ,944130000,946845000,100.2875663,동명+예평+대현,96.36,825950000,101.2472,N
2001757 - 00,20200515,천안직산 공공지원민간임대주택 공급촉진지구 환경영향평가용역,한국토지주택공사,PQ,944130000,946845000,100.2875663,유신+동해+CNS,95.69,847088000,103.6345,N
2020-00527,20200515,고속국도 제29호 세종~포천선(세종~안성 1-5공구) 및 제292호 오송지선 건설공사 시공단계 건설사업관리용역,한국도로공사,종심제,22214000740,22338954495,100.5625,내경+KG+삼안+한맥+경원,100,17920000000,80.6698,Y
2020-00527,20200515,고속국도 제29호 세종~포천선(세종~안성 1-5공구) 및 제292호 오송지선 건설공사 시공단계 건설사업관리용역,한국도로공사,종심제,22214000740,22338954495,100.5625,삼우+동남+홍익+동성+우주,99,17748900000,79.8996,N
2020-00527,20200515,고속국도 제29호 세종~포천선(세종~안성 6-10공구)건설공사 시공단계 건설사업관리용역 ,한국도로공사,종심제,19160549102,19003288896,99.17925,유신+다산+도화+수성+진우,97.98,15422000000,80.4883,Y
2020-00527,20200515,고속국도 제29호 세종~포천선(세종~안성 6-10공구)건설공사 시공단계 건설사업관리용역 ,한국도로공사,종심제,19160549102,19003288896,99.17925,대콘+평화+천마+동일+이산,96.98,15287000000,79.7837,N
2020-00527,20200515,고속국도 제29호 세종~포천선(세종~안성 6-10공구)건설공사 시공단계 건설사업관리용역 ,한국도로공사,종심제,19160549102,19003288896,99.17925,KCM+동명+용마+KSM+선진,95.98,15271000000,79.7002,N
2020-00527,20200515,고속국도 제400호 수도권 제2순환선(김포~파주 1-5공구)건설공사 시공단계 건설사업관리용역,한국도로공사,종심제,25808223557,25539947074,98.9605,동성+KCI+천일+홍익+단우,98.82,20630000000,79.9358,Y
2020-00527,20200515,고속국도 제400호 수도권 제2순환선(김포~파주 1-5공구)건설공사 시공단계 건설사업관리용역,한국도로공사,종심제,25808223557,25539947074,98.9605,오이디+KG+세종+경원+건일,97.82,20520000000,79.5095,N
2020-00527,20200515,고속국도 제400호 수도권 제2순환선(양평~이천 1-4공구) 건설공사 시공단계 건설사업관리용역,한국도로공사,종심제,29692793044,29541359800,99.49,한종+경동+한기+일신+바우,98.945,23528000000,79.2381,Y
2020-00527,20200515,고속국도 제400호 수도권 제2순환선(양평~이천 1-4공구) 건설공사 시공단계 건설사업관리용역,한국도로공사,종심제,29692793044,29541359800,99.49,경호+건화+서영+태조+벽산,97.945,23529900000,79.2445,N
2020-00527,20200515,"고속국도 제25호 호남선(서순천IC~고서Jct 1-3공구, 정읍IC~김제IC 1-2공구) 리모델링공사 시공단계 건설사업관리용역",한국도로공사,종심제,15620000000,15632222650,100.07825,극동+삼보+동해+하이콘+화신,100,12600000000,80.6658,Y
2020-00527,20200515,"고속국도 제25호 호남선(서순천IC~고서Jct 1-3공구, 정읍IC~김제IC 1-2공구) 리모델링공사 시공단계 건설사업관리용역",한국도로공사,종심제,15620000000,15632222650,100.07825,대한+기산+용마+삼영+하나,99,12538000000,80.2689,N
20200520027 - 00,20200518,의정부시 상수도관망 기술진단용역,경기도 의정부시,PQ,1308560000,1310372400,100.1385034,도화+KG,98.2,1050700000,101.4394,Y
20200520027 - 00,20200518,의정부시 상수도관망 기술진단용역,경기도 의정부시,PQ,1308560000,1310372400,100.1385034,한종+건화,94.3,1051900000,98.458,N
20200519971 - 00,20200518,"마산항 진입도로(1단계, 2-1단계) 건설공사 사후환경영향조사용역(운영시)",경상남도 창원시,PQ,257413000,256710300,99.72701456,건화+경화+한백E,98.97,226200000,101.1969,N
20200519971 - 00,20200518,"마산항 진입도로(1단계, 2-1단계) 건설공사 사후환경영향조사용역(운영시)",경상남도 창원시,PQ,257413000,256710300,99.72701456,한맥+혜인+레오,98.97,223990000,100.2082,N
20200519971 - 00,20200518,"마산항 진입도로(1단계, 2-1단계) 건설공사 사후환경영향조사용역(운영시)",경상남도 창원시,PQ,257413000,256710300,99.72701456,수성+CNS,98.94,223861000,100.139,N
20200519971 - 00,20200518,"마산항 진입도로(1단계, 2-1단계) 건설공사 사후환경영향조사용역(운영시)",경상남도 창원시,PQ,257413000,256710300,99.72701456,동성+수E,98.91,223866000,100.1412,N
20200519971 - 00,20200518,"마산항 진입도로(1단계, 2-1단계) 건설공사 사후환경영향조사용역(운영시)",경상남도 창원시,PQ,257413000,256710300,99.72701456,선진+조은,98.71,222980000,99.7334,Y
20200519971 - 00,20200518,"마산항 진입도로(1단계, 2-1단계) 건설공사 사후환경영향조사용역(운영시)",경상남도 창원시,PQ,257413000,256710300,99.72701456,신성+KSM+효산,98.67,224880000,100.5716,N
20200519971 - 00,20200518,"마산항 진입도로(1단계, 2-1단계) 건설공사 사후환경영향조사용역(운영시)",경상남도 창원시,PQ,257413000,256710300,99.72701456,서영+대영,98.5,221730000,99.1515,N
20200519971 - 00,20200518,"마산항 진입도로(1단계, 2-1단계) 건설공사 사후환경영향조사용역(운영시)",경상남도 창원시,PQ,257413000,256710300,99.72701456,화신+우리+마린,98.5,223876000,100.1111,N
20200519971 - 00,20200518,"마산항 진입도로(1단계, 2-1단계) 건설공사 사후환경영향조사용역(운영시)",경상남도 창원시,PQ,257413000,256710300,99.72701456,다산+부경,98.45,221375000,98.9813,N
20200519971 - 00,20200518,"마산항 진입도로(1단계, 2-1단계) 건설공사 사후환경영향조사용역(운영시)",경상남도 창원시,PQ,257413000,256710300,99.72701456,동부+용두,98.41,224840000,100.5306,N
20200519971 - 00,20200518,"마산항 진입도로(1단계, 2-1단계) 건설공사 사후환경영향조사용역(운영시)",경상남도 창원시,PQ,257413000,256710300,99.72701456,삼안+도운,98.41,221760000,99.1535,N
20200519971 - 00,20200518,"마산항 진입도로(1단계, 2-1단계) 건설공사 사후환경영향조사용역(운영시)",경상남도 창원시,PQ,257413000,256710300,99.72701456,평화+한올,98.22,227700000,101.7859,N
20200519723 - 00,20200518,상무룡 현수교(양구104호선) 가설공사 감독권한대행 등 건설사업관리용역,강원도 양구군,PQ,743103000,744139700,100.1395096,유신+일신,100,636587000,100.2001,Y
20200519723 - 00,20200518,상무룡 현수교(양구104호선) 가설공사 감독권한대행 등 건설사업관리용역,강원도 양구군,PQ,743103000,744139700,100.1395096,경원+삼경,99.95,639300000,100.6036,N
20200519723 - 00,20200518,상무룡 현수교(양구104호선) 가설공사 감독권한대행 등 건설사업관리용역,강원도 양구군,PQ,743103000,744139700,100.1395096,한종+한울,99.85,641200000,100.879,N
20200519723 - 00,20200518,상무룡 현수교(양구104호선) 가설공사 감독권한대행 등 건설사업관리용역,강원도 양구군,PQ,743103000,744139700,100.1395096,경호+동서,99.85,641110000,100.8648,N
20200519723 - 00,20200518,상무룡 현수교(양구104호선) 가설공사 감독권한대행 등 건설사업관리용역,강원도 양구군,PQ,743103000,744139700,100.1395096,신명+서윤,99.82,632632000,99.531,N
20200519723 - 00,20200518,상무룡 현수교(양구104호선) 가설공사 감독권한대행 등 건설사업관리용역,강원도 양구군,PQ,743103000,744139700,100.1395096,화신+서영,99.45,631578000,99.2607,N
20200519723 - 00,20200518,상무룡 현수교(양구104호선) 가설공사 감독권한대행 등 건설사업관리용역,강원도 양구군,PQ,743103000,744139700,100.1395096,KSM+진화,99.45,631690000,99.2783,N
20200519723 - 00,20200518,상무룡 현수교(양구104호선) 가설공사 감독권한대행 등 건설사업관리용역,강원도 양구군,PQ,743103000,744139700,100.1395096,건화+서광,99.4,0,0,N
20200519723 - 00,20200518,상무룡 현수교(양구104호선) 가설공사 감독권한대행 등 건설사업관리용역,강원도 양구군,PQ,743103000,744139700,100.1395096,홍익+청솔+서경,99.37,641320000,100.78,N
20200519723 - 00,20200518,상무룡 현수교(양구104호선) 가설공사 감독권한대행 등 건설사업관리용역,강원도 양구군,PQ,743103000,744139700,100.1395096,도화+정민,99.36,643900000,101.1736,N
20200519723 - 00,20200518,상무룡 현수교(양구104호선) 가설공사 감독권한대행 등 건설사업관리용역,강원도 양구군,PQ,743103000,744139700,100.1395096,범한+화인,99.35,632200000,99.3353,N
20200519723 - 00,20200518,상무룡 현수교(양구104호선) 가설공사 감독권한대행 등 건설사업관리용역,강원도 양구군,PQ,743103000,744139700,100.1395096,KCM+지호,99.22,637200000,100.0858,N
20200519723 - 00,20200518,상무룡 현수교(양구104호선) 가설공사 감독권한대행 등 건설사업관리용역,강원도 양구군,PQ,743103000,744139700,100.1395096,경동+건일,99.18,629534000,98.8702,N
20200519723 - 00,20200518,상무룡 현수교(양구104호선) 가설공사 감독권한대행 등 건설사업관리용역,강원도 양구군,PQ,743103000,744139700,100.1395096,동성+동남,99.08,645030000,101.2802,N
20200519723 - 00,20200518,상무룡 현수교(양구104호선) 가설공사 감독권한대행 등 건설사업관리용역,강원도 양구군,PQ,743103000,744139700,100.1395096,대콘+성우,99.05,645333000,101.3278,N
20200520587 - 00,20200518,낭도항 정비공사 실시설계용역,해양수산부 여수지방해양수산청,PQ,1140000000,1139791950,99.98175,도화+아라,100,917520000,100.6116,Y
20200520587 - 00,20200518,낭도항 정비공사 실시설계용역,해양수산부 여수지방해양수산청,PQ,1140000000,1139791950,99.98175,유신,97.6,915788000,99.5752,N
20200520587 - 00,20200518,낭도항 정비공사 실시설계용역,해양수산부 여수지방해양수산청,PQ,1140000000,1139791950,99.98175,세일,97.55,927811000,100.845,N
20200520587 - 00,20200518,낭도항 정비공사 실시설계용역,해양수산부 여수지방해양수산청,PQ,1140000000,1139791950,99.98175,건화+동명+재화(삼기지질+지아이에스21),97.68,927760000,100.7022,N
20200520587 - 00,20200518,낭도항 정비공사 실시설계용역,해양수산부 여수지방해양수산청,PQ,1140000000,1139791950,99.98175,건일+천일,97.65,928337000,100.7399,N
20200520587 - 00,20200518,낭도항 정비공사 실시설계용역,해양수산부 여수지방해양수산청,PQ,1140000000,1139791950,99.98175,대영,97.65,0,0,N
20200520587 - 00,20200518,낭도항 정비공사 실시설계용역,해양수산부 여수지방해양수산청,PQ,1140000000,1139791950,99.98175,혜인+세광,97.64,929466700,100.85,N
20200520587 - 00,20200518,낭도항 정비공사 실시설계용역,해양수산부 여수지방해양수산청,PQ,1140000000,1139791950,99.98175,한종+일진,97.56,913100000,99.0007,N
20200520587 - 00,20200518,낭도항 정비공사 실시설계용역,해양수산부 여수지방해양수산청,PQ,1140000000,1139791950,99.98175,항도+대양,97.54,927670000,100.568,N
20200520587 - 00,20200518,낭도항 정비공사 실시설계용역,해양수산부 여수지방해양수산청,PQ,1140000000,1139791950,99.98175,서영+삼영,97.37,936100000,101.2566,N
20200520587 - 00,20200518,낭도항 정비공사 실시설계용역,해양수산부 여수지방해양수산청,PQ,1140000000,1139791950,99.98175,삼안,98.41,1083500000,117.1862,N
20200521436 - 02,20200518,2040년 제주특별자치도 공원녹지 기본계획 수립 용역,제주특별자치도,PQ,932800000,929425625,99.63825311,한종+JPM,98.94,799262000,99.9407,Y
20200521436 - 02,20200518,2040년 제주특별자치도 공원녹지 기본계획 수립 용역,제주특별자치도,PQ,932800000,929425625,99.63825311,유신+해진,98.63,804235000,100.4805,N
20200521436 - 02,20200518,2040년 제주특별자치도 공원녹지 기본계획 수립 용역,제주특별자치도,PQ,932800000,929425625,99.63825311,건화+태신,98.2,798000000,99.597,N
20200521436 - 02,20200518,2040년 제주특별자치도 공원녹지 기본계획 수립 용역,제주특별자치도,PQ,932800000,929425625,99.63825311,경호+한라,97.98,812839000,101.3901,N
20200521436 - 02,20200518,2040년 제주특별자치도 공원녹지 기본계획 수립 용역,제주특별자치도,PQ,932800000,929425625,99.63825311,선진,96.83,820100000,101.9991,N
20200521436 - 02,20200518,2040년 제주특별자치도 공원녹지 기본계획 수립 용역,제주특별자치도,PQ,932800000,929425625,99.63825311,도화+제원,96.42,797300000,99.0599,N
20200521436 - 02,20200518,2040년 제주특별자치도 공원녹지 기본계획 수립 용역,제주특별자치도,PQ,932800000,929425625,99.63825311,화신+성광+부림,91.28,833750000,102.2495,N
20200521560 - 00,20200518,수도정비 기본계획(변경)수립 및 수도시설 기술진단용역,전라남도 나주시 상수도사업소,PQ,1495000000,1483664175,99.24175084,HEC+우빈+우리+유신,99.8,1178000000,100.8589,Y
20200521560 - 00,20200518,수도정비 기본계획(변경)수립 및 수도시설 기술진단용역,전라남도 나주시 상수도사업소,PQ,1495000000,1483664175,99.24175084,건화+원우,97.8,1178780000,99.2987,N
20200521560 - 00,20200518,수도정비 기본계획(변경)수립 및 수도시설 기술진단용역,전라남도 나주시 상수도사업소,PQ,1495000000,1483664175,99.24175084,한종+한기,97.8,1176200000,99.0814,N
20200521560 - 00,20200518,수도정비 기본계획(변경)수립 및 수도시설 기술진단용역,전라남도 나주시 상수도사업소,PQ,1495000000,1483664175,99.24175084,범한+신명+대성,97.8,1177900000,99.2246,N
20200521560 - 00,20200518,수도정비 기본계획(변경)수립 및 수도시설 기술진단용역,전라남도 나주시 상수도사업소,PQ,1495000000,1483664175,99.24175084,동명+하이콘,97.8,1176200000,99.0814,N
20200521560 - 00,20200518,수도정비 기본계획(변경)수립 및 수도시설 기술진단용역,전라남도 나주시 상수도사업소,PQ,1495000000,1483664175,99.24175084,도화+신오,97.8,1204230000,101.4426,N
20200521560 - 00,20200518,수도정비 기본계획(변경)수립 및 수도시설 기술진단용역,전라남도 나주시 상수도사업소,PQ,1495000000,1483664175,99.24175084,삼안+동아,97.8,1172600000,98.7781,N
20200521560 - 00,20200518,수도정비 기본계획(변경)수립 및 수도시설 기술진단용역,전라남도 나주시 상수도사업소,PQ,1495000000,1483664175,99.24175084,KG+평화,97.78,1423990000,119.9247,N
20200521560 - 00,20200518,수도정비 기본계획(변경)수립 및 수도시설 기술진단용역,전라남도 나주시 상수도사업소,PQ,1495000000,1483664175,99.24175084,경동+건영,97.74,1171574000,98.642,N
20200521394 - 00,20200518,운연천 수해상습지 개선공사 외 1건 통합건설사업관리용역,인천광역시 종합건설본부,PQ,1337127000,1328766675,99.3747546,용마+극동,99.92,1046500000,100.2688,N
20200521394 - 00,20200518,운연천 수해상습지 개선공사 외 1건 통합건설사업관리용역,인천광역시 종합건설본부,PQ,1337127000,1328766675,99.3747546,이산+도담,99.88,1046540000,100.247,N
20200521394 - 00,20200518,운연천 수해상습지 개선공사 외 1건 통합건설사업관리용역,인천광역시 종합건설본부,PQ,1337127000,1328766675,99.3747546,동부+장원,99.84,1049840000,100.5244,N
20200521394 - 00,20200518,운연천 수해상습지 개선공사 외 1건 통합건설사업관리용역,인천광역시 종합건설본부,PQ,1337127000,1328766675,99.3747546,대콘+경서,99.82,1042000000,99.761,N
20200521394 - 00,20200518,운연천 수해상습지 개선공사 외 1건 통합건설사업관리용역,인천광역시 종합건설본부,PQ,1337127000,1328766675,99.3747546,건화+한서,99.79,1050980000,100.5949,N
20200521394 - 00,20200518,운연천 수해상습지 개선공사 외 1건 통합건설사업관리용역,인천광역시 종합건설본부,PQ,1337127000,1328766675,99.3747546,도화+정방,99.75,1039100000,99.4324,Y
20200521394 - 00,20200518,운연천 수해상습지 개선공사 외 1건 통합건설사업관리용역,인천광역시 종합건설본부,PQ,1337127000,1328766675,99.3747546,수성+동남,99.66,1038489999,99.2978,N
20200521394 - 00,20200518,운연천 수해상습지 개선공사 외 1건 통합건설사업관리용역,인천광역시 종합건설본부,PQ,1337127000,1328766675,99.3747546,서영+일진,99.56,1055700000,100.8531,N
20200521394 - 00,20200518,운연천 수해상습지 개선공사 외 1건 통합건설사업관리용역,인천광역시 종합건설본부,PQ,1337127000,1328766675,99.3747546,경동+바우,99.46,1058570000,101.0498,N
20200521394 - 00,20200518,운연천 수해상습지 개선공사 외 1건 통합건설사업관리용역,인천광역시 종합건설본부,PQ,1337127000,1328766675,99.3747546,동명+청해,99.4,1034900000,98.7399,N
20200521394 - 00,20200518,운연천 수해상습지 개선공사 외 1건 통합건설사업관리용역,인천광역시 종합건설본부,PQ,1337127000,1328766675,99.3747546,한종+명인,99.39,1039400000,99.1566,N
20200521394 - 00,20200518,운연천 수해상습지 개선공사 외 1건 통합건설사업관리용역,인천광역시 종합건설본부,PQ,1337127000,1328766675,99.3747546,천일+한승,99.33,1062140000,101.2872,N
20200521394 - 00,20200518,운연천 수해상습지 개선공사 외 1건 통합건설사업관리용역,인천광역시 종합건설본부,PQ,1337127000,1328766675,99.3747546,홍익+경서,99.28,1071210000,102.1001,N
20200521394 - 00,20200518,운연천 수해상습지 개선공사 외 1건 통합건설사업관리용역,인천광역시 종합건설본부,PQ,1337127000,1328766675,99.3747546,평화+경안+미소,99.15,1035400000,98.5864,N
20200521394 - 00,20200518,운연천 수해상습지 개선공사 외 1건 통합건설사업관리용역,인천광역시 종합건설본부,PQ,1337127000,1328766675,99.3747546,신명+브니엘,98.14,1280000000,120.8759,N
20200522221 - 00,20200519,"SK하이닉스 신규공장 공업용수 공급사업(2, 3단계) 통합건설사업관리용역",충청북도 청주시,SOQ,3968000000,4015189500,101.1892515,동명+영진+홍익,99,2969000000,102.5051,Y
20200522221 - 00,20200519,"SK하이닉스 신규공장 공업용수 공급사업(2, 3단계) 통합건설사업관리용역",충청북도 청주시,SOQ,3968000000,4015189500,101.1892515,건화+건양,96.2,2972300000,99.2997,N
20200522221 - 00,20200519,"SK하이닉스 신규공장 공업용수 공급사업(2, 3단계) 통합건설사업관리용역",충청북도 청주시,SOQ,3968000000,4015189500,101.1892515,한종+삼안+동림+지명,96.2,3054000000,102.0292,N
20200522221 - 00,20200519,"SK하이닉스 신규공장 공업용수 공급사업(2, 3단계) 통합건설사업관리용역",충청북도 청주시,SOQ,3968000000,4015189500,101.1892515,도화+청우,96.2,3062000000,102.2965,N
20200522045 - 00,20200519,화순 생물의약 제2산업단지 조성 개발계획 수립 및 실시설계 용역,전라남도 화순군,PQ,1898200000,1927740800,101.5562533,도화+동아,99.33,1498700000,100.6742,N
20200522045 - 00,20200519,화순 생물의약 제2산업단지 조성 개발계획 수립 및 실시설계 용역,전라남도 화순군,PQ,1898200000,1927740800,101.5562533,건화+하이콘+우영(만승+서진),97.78,1495280000,99.1798,N
20200522045 - 00,20200519,화순 생물의약 제2산업단지 조성 개발계획 수립 및 실시설계 용역,전라남도 화순군,PQ,1898200000,1927740800,101.5562533,유신+우빈+경동+에스이,97.78,1528752000,101.4,N
20200522045 - 00,20200519,화순 생물의약 제2산업단지 조성 개발계획 수립 및 실시설계 용역,전라남도 화순군,PQ,1898200000,1927740800,101.5562533,한종+평화+원우,97.72,1496140000,99.1994,N
20200522045 - 00,20200519,화순 생물의약 제2산업단지 조성 개발계획 수립 및 실시설계 용역,전라남도 화순군,PQ,1898200000,1927740800,101.5562533,동명+신명,97.72,1526400000,101.2057,N
20200522045 - 00,20200519,화순 생물의약 제2산업단지 조성 개발계획 수립 및 실시설계 용역,전라남도 화순군,PQ,1898200000,1927740800,101.5562533,삼안+한기,97.72,1804000000,119.6116,Y
B5202001594,20200519,부산 에코델타시티 3단계 제1공구 조성공사(토공) 건설사업관리 용역,한국수자원공사,PQ,807169000,804951044,99.72521789,홍익,100,647780000,99.6998,N
B5202001594,20200519,부산 에코델타시티 3단계 제1공구 조성공사(토공) 건설사업관리 용역,한국수자원공사,PQ,807169000,804951044,99.72521789,동일+목양,99.94,650900000,100.1551,Y
B5202001594,20200519,부산 에코델타시티 3단계 제1공구 조성공사(토공) 건설사업관리 용역,한국수자원공사,PQ,807169000,804951044,99.72521789,서영+바우,99.7,655260000,100.7509,N
B5202001594,20200519,부산 에코델타시티 3단계 제1공구 조성공사(토공) 건설사업관리 용역,한국수자원공사,PQ,807169000,804951044,99.72521789,건화,99.5,655300000,100.6946,N
B5202001594,20200519,부산 에코델타시티 3단계 제1공구 조성공사(토공) 건설사업관리 용역,한국수자원공사,PQ,807169000,804951044,99.72521789,도화,99.38,647100000,99.3975,N
B5202001594,20200519,부산 에코델타시티 3단계 제1공구 조성공사(토공) 건설사업관리 용역,한국수자원공사,PQ,807169000,804951044,99.72521789,KCM,99.38,648350000,99.5895,N
B5202001594,20200519,부산 에코델타시티 3단계 제1공구 조성공사(토공) 건설사업관리 용역,한국수자원공사,PQ,807169000,804951044,99.72521789,신명+한올,99.16,647354000,99.3749,N
B5202001594,20200519,부산 에코델타시티 3단계 제1공구 조성공사(토공) 건설사업관리 용역,한국수자원공사,PQ,807169000,804951044,99.72521789,한종,99.14,656660000,100.791,N
B5202001594,20200519,부산 에코델타시티 3단계 제1공구 조성공사(토공) 건설사업관리 용역,한국수자원공사,PQ,807169000,804951044,99.72521789,경동,98.9,635690000,97.4998,N
20200523134 - 00,20200519,효자~상원간 도로건설공사 건설사업관리용역 ,경상북도,PQ,3066700000,3065021050,99.94525223,수성+해동,100,2394743000,100.12,Y
20200523134 - 00,20200519,효자~상원간 도로건설공사 건설사업관리용역 ,경상북도,PQ,3066700000,3065021050,99.94525223,극동+한도,100,2413160000,100.89,N
20200523134 - 00,20200519,효자~상원간 도로건설공사 건설사업관리용역 ,경상북도,PQ,3066700000,3065021050,99.94525223,다산+유신+태조,100,2383980000,99.67,N
20200523134 - 00,20200519,효자~상원간 도로건설공사 건설사업관리용역 ,경상북도,PQ,3066700000,3065021050,99.94525223,도화+보원,99.53,2396200000,99.7843,N
20200523134 - 00,20200519,효자~상원간 도로건설공사 건설사업관리용역 ,경상북도,PQ,3066700000,3065021050,99.94525223,용마+삼보,99.5,2384300000,99.2761,N
20200523134 - 00,20200519,효자~상원간 도로건설공사 건설사업관리용역 ,경상북도,PQ,3066700000,3065021050,99.94525223,한종+동진+동부,99.5,2378770000,99.0458,N
20200523134 - 00,20200519,효자~상원간 도로건설공사 건설사업관리용역 ,경상북도,PQ,3066700000,3065021050,99.94525223,건화+건일,99.45,2436600000,101.4019,N
20200523134 - 00,20200519,효자~상원간 도로건설공사 건설사업관리용역 ,경상북도,PQ,3066700000,3065021050,99.94525223,경동+KCI+동아컨,99.38,2375223000,98.7972,N
20200523134 - 00,20200519,효자~상원간 도로건설공사 건설사업관리용역 ,경상북도,PQ,3066700000,3065021050,99.94525223,하이콘+청명+삼안,99.05,2452760000,101.7498,N
20200523134 - 00,20200519,효자~상원간 도로건설공사 건설사업관리용역 ,경상북도,PQ,3066700000,3065021050,99.94525223,신성+승보,98.98,2450000000,101.5707,N
20200523134 - 00,20200519,효자~상원간 도로건설공사 건설사업관리용역 ,경상북도,PQ,3066700000,3065021050,99.94525223,KCM+이산+한백,98.28,2382900000,98.2269,N
20200522586 - 01,20200519,은통산업단지 정수장 건설공사 건설사업관리용역,경기도 연천군 맑은물관리사업소,SOQ,3463887000,3519621000,101.6090017,건화+KG,99.4,2590000000,101.8893,Y
20200522586 - 01,20200519,은통산업단지 정수장 건설공사 건설사업관리용역,경기도 연천군 맑은물관리사업소,SOQ,3463887000,3519621000,101.6090017,동성+삼안+범한,96.8,2567000000,98.7507,N
20200522586 - 01,20200519,은통산업단지 정수장 건설공사 건설사업관리용역,경기도 연천군 맑은물관리사업소,SOQ,3463887000,3519621000,101.6090017,한종+용마+오이디,96.51,2660000000,102.07,N
20200522586 - 01,20200519,은통산업단지 정수장 건설공사 건설사업관리용역,경기도 연천군 맑은물관리사업소,SOQ,3463887000,3519621000,101.6090017,도화+동명,95.2,3373000000,128.0002,N
B5202001578,20200518,"수도권(3,4단계) 광역상수도 이설공사 건설사업관리용역",한국수자원공사,PQ,1612710000,1608561134,99.74273949,한종+HEC+이준,100,1183100000,100.5014,N
B5202001578,20200518,"수도권(3,4단계) 광역상수도 이설공사 건설사업관리용역",한국수자원공사,PQ,1612710000,1608561134,99.74273949,도화+경동,100,1174800000,99.7963,Y
B5202001578,20200518,"수도권(3,4단계) 광역상수도 이설공사 건설사업관리용역",한국수자원공사,PQ,1612710000,1608561134,99.74273949,삼안+선진,99.78,1175900000,99.6713,N
B5202001578,20200518,"수도권(3,4단계) 광역상수도 이설공사 건설사업관리용역",한국수자원공사,PQ,1612710000,1608561134,99.74273949,건화+홍익,99.66,1185900000,100.4091,N
B5202001578,20200518,"수도권(3,4단계) 광역상수도 이설공사 건설사업관리용역",한국수자원공사,PQ,1612710000,1608561134,99.74273949,범한,99.42,1199000000,101.2832,N
B5202001578,20200518,"수도권(3,4단계) 광역상수도 이설공사 건설사업관리용역",한국수자원공사,PQ,1612710000,1608561134,99.74273949,KCM,99.24,1600000000,134.9179,N
20200523088 - 00,20200519,지세포 자연재해위험 개선지구 정비사업 기본 및 실시설계 용역,경상남도 거제시,PQ,1235538000,1230960400,99.62950553,이산+수성+건화+화신,99.4,974300000,100.6013,N
20200523088 - 00,20200519,지세포 자연재해위험 개선지구 정비사업 기본 및 실시설계 용역,경상남도 거제시,PQ,1235538000,1230960400,99.62950553,한종+KSM+동서,99.32,968100000,99.8974,Y
20200523088 - 00,20200519,지세포 자연재해위험 개선지구 정비사업 기본 및 실시설계 용역,경상남도 거제시,PQ,1235538000,1230960400,99.62950553,도화+경화+서영,99.3,975000000,100.5966,N
20200523088 - 00,20200519,지세포 자연재해위험 개선지구 정비사업 기본 및 실시설계 용역,경상남도 거제시,PQ,1235538000,1230960400,99.62950553,삼안+천진+한맥,99.03,965140000,99.3513,N
20200523088 - 00,20200519,지세포 자연재해위험 개선지구 정비사업 기본 및 실시설계 용역,경상남도 거제시,PQ,1235538000,1230960400,99.62950553,유신+화성,98.19,1173700000,120.0114,N
20200523088 - 00,20200519,지세포 자연재해위험 개선지구 정비사업 기본 및 실시설계 용역,경상남도 거제시,PQ,1235538000,1230960400,99.62950553,평화+한올+신명,97.99,965500000,98.561,N
20200523583 - 00,20200519,영암 교동지구 도시개발사업 실시계획 수립 용역,전라남도 영암군,PQ,1440000000,1437800400,99.84725,도화+동아,100,1134450000,101.0081,Y
20200523583 - 00,20200519,영암 교동지구 도시개발사업 실시계획 수립 용역,전라남도 영암군,PQ,1440000000,1437800400,99.84725,삼안+한기,97.75,1132340000,98.9925,N
20200523583 - 00,20200519,영암 교동지구 도시개발사업 실시계획 수립 용역,전라남도 영암군,PQ,1440000000,1437800400,99.84725,동명+평화+수성,97.67,1161330000,101.4503,N
20200523583 - 00,20200519,영암 교동지구 도시개발사업 실시계획 수립 용역,전라남도 영암군,PQ,1440000000,1437800400,99.84725,유신+하이콘+KG,97.67,1158087000,101.167,N
20200523583 - 00,20200519,영암 교동지구 도시개발사업 실시계획 수립 용역,전라남도 영암군,PQ,1440000000,1437800400,99.84725,건화+우영+서영,97.6,1168000000,101.9817,N
20200523583 - 00,20200519,영암 교동지구 도시개발사업 실시계획 수립 용역,전라남도 영암군,PQ,1440000000,1437800400,99.84725,한종+신명,96.92,1131400000,98.2425,N
20200523583 - 00,20200519,영암 교동지구 도시개발사업 실시계획 수립 용역,전라남도 영암군,PQ,1440000000,1437800400,99.84725,경동+우빈,96.65,1175790000,101.8804,N
20200523529 - 00,20200519,군산시 산북배수분구 도시침수예방사업 기본 및 실시설계,한국환경공단,PQ,1630931000,1611747250,98.82375465,이산+JCN+KG,98.68,1301400000,101.2048,N
20200523529 - 00,20200519,군산시 산북배수분구 도시침수예방사업 기본 및 실시설계,한국환경공단,PQ,1630931000,1611747250,98.82375465,동명+더한+도화,98.01,1289000000,99.6968,N
20200523529 - 00,20200519,군산시 산북배수분구 도시침수예방사업 기본 및 실시설계,한국환경공단,PQ,1630931000,1611747250,98.82375465,건화+국성(경동),97.9,1286000000,99.377,Y
20200523529 - 00,20200519,군산시 산북배수분구 도시침수예방사업 기본 및 실시설계,한국환경공단,PQ,1630931000,1611747250,98.82375465,삼안+세화+범한,97.73,1317690000,101.6849,N
20200523529 - 00,20200519,군산시 산북배수분구 도시침수예방사업 기본 및 실시설계,한국환경공단,PQ,1630931000,1611747250,98.82375465,제일+조화+선진,96.76,1285990000,98.4703,N
20200522845 - 01,20200520,재해취약 지방어항(가진항) 시설정비공사 실시설계용역,강원도환동해본부,PQ,699941000,696873575,99.56175949,유신+일신,98.3,604212000,100.522,N
20200522845 - 01,20200520,재해취약 지방어항(가진항) 시설정비공사 실시설계용역,강원도환동해본부,PQ,699941000,696873575,99.56175949,한항+건우,97.85,599863000,99.6824,Y
20200522845 - 01,20200520,재해취약 지방어항(가진항) 시설정비공사 실시설계용역,강원도환동해본부,PQ,699941000,696873575,99.56175949,건일+화신,97.3,600770000,99.694,N
20200522845 - 01,20200520,재해취약 지방어항(가진항) 시설정비공사 실시설계용역,강원도환동해본부,PQ,699941000,696873575,99.56175949,세일+동명+동서,97,607617000,100.76,N
20200522845 - 01,20200520,재해취약 지방어항(가진항) 시설정비공사 실시설계용역,강원도환동해본부,PQ,699941000,696873575,99.56175949,도화+서광,96.7,598500000,99.1675,N
20200522845 - 01,20200520,재해취약 지방어항(가진항) 시설정비공사 실시설계용역,강원도환동해본부,PQ,699941000,696873575,99.56175949,한종+정,96.7,607220000,100.6124,N
20200522845 - 01,20200520,재해취약 지방어항(가진항) 시설정비공사 실시설계용역,강원도환동해본부,PQ,699941000,696873575,99.56175949,삼안+한울,96.64,597960000,99.0666,N
20200522845 - 01,20200520,재해취약 지방어항(가진항) 시설정비공사 실시설계용역,강원도환동해본부,PQ,699941000,696873575,99.56175949,건화+미래기술단(해양정보기술+삼기지질+영화),96.42,613400000,101.5657,N
20200522845 - 01,20200520,재해취약 지방어항(가진항) 시설정비공사 실시설계용역,강원도환동해본부,PQ,699941000,696873575,99.56175949,대영+이레,96.09,596570000,98.6875,N
20200522845 - 01,20200520,재해취약 지방어항(가진항) 시설정비공사 실시설계용역,강원도환동해본부,PQ,699941000,696873575,99.56175949,서영+동남,95.55,623400000,102.9947,N
20200524210 - 00,20200520,담양 보촌지구 도시개발사업 조사설계용역,전남개발공사,PQ,4778000000,4801388350,100.4895008,신명+도화,98.87,3534500000,100.3384,N
20200524210 - 00,20200520,담양 보촌지구 도시개발사업 조사설계용역,전남개발공사,PQ,4778000000,4801388350,100.4895008,삼안+동명+한기+원우,98,3529460000,99.4534,N
20200524210 - 00,20200520,담양 보촌지구 도시개발사업 조사설계용역,전남개발공사,PQ,4778000000,4801388350,100.4895008,한종+경호+평화+우빈,97.9,3541600000,99.7015,N
20200524210 - 00,20200520,담양 보촌지구 도시개발사업 조사설계용역,전남개발공사,PQ,4778000000,4801388350,100.4895008,건화+우영+KG,97.8,4200000000,118.1411,N
20200524210 - 00,20200520,담양 보촌지구 도시개발사업 조사설계용역,전남개발공사,PQ,4778000000,4801388350,100.4895008,유신+동아,97.8,3583778000,100.8075,Y
20200524210 - 00,20200520,담양 보촌지구 도시개발사업 조사설계용역,전남개발공사,PQ,4778000000,4801388350,100.4895008,경동+하이콘,97.8,3597690000,101.1988,N
20200523594 - 00,20200520,"스마트그린,벤처밸리 산업단지 용수도 건설기본 및 실시설계용역",세종특별자치시,PQ,1355902000,1355532575,99.9727543,HEC+이산+장맥,99.36,1063733000,100.06,Y
20200523594 - 00,20200520,"스마트그린,벤처밸리 산업단지 용수도 건설기본 및 실시설계용역",세종특별자치시,PQ,1355902000,1355532575,99.9727543,삼안+한맥,99.3,1069860000,100.585,N
20200523594 - 00,20200520,"스마트그린,벤처밸리 산업단지 용수도 건설기본 및 실시설계용역",세종특별자치시,PQ,1355902000,1355532575,99.9727543,건화+수성E,99.27,1069880000,100.5613,N
20200523594 - 00,20200520,"스마트그린,벤처밸리 산업단지 용수도 건설기본 및 실시설계용역",세종특별자치시,PQ,1355902000,1355532575,99.9727543,도화+홍익,99.26,1069100000,100.4752,N
20200523594 - 00,20200520,"스마트그린,벤처밸리 산업단지 용수도 건설기본 및 실시설계용역",세종특별자치시,PQ,1355902000,1355532575,99.9727543,동명+천마,99.26,1070110000,100.5701,N
20200523594 - 00,20200520,"스마트그린,벤처밸리 산업단지 용수도 건설기본 및 실시설계용역",세종특별자치시,PQ,1355902000,1355532575,99.9727543,한종+경동,99.24,1059300000,99.5415,N
20200523594 - 00,20200520,"스마트그린,벤처밸리 산업단지 용수도 건설기본 및 실시설계용역",세종특별자치시,PQ,1355902000,1355532575,99.9727543,범한+드림,99.2,1078200000,101.2788,N
20200523594 - 00,20200520,"스마트그린,벤처밸리 산업단지 용수도 건설기본 및 실시설계용역",세종특별자치시,PQ,1355902000,1355532575,99.9727543,유신+KG+도우,98.87,1220300000,114.3209,N
20200524318 - 00,20200520,구례군 하수도정비 기본계획(변경) 수립용역,전라남도 구례군 상하수도사업소,PQ,1428700000,1435647100,100.4862532,동명+도화+우리,100,1123800000,100.8512,Y
20200524318 - 00,20200520,구례군 하수도정비 기본계획(변경) 수립용역,전라남도 구례군 상하수도사업소,PQ,1428700000,1435647100,100.4862532,제일+원우,97.96,1121700000,99,N
20200524318 - 00,20200520,구례군 하수도정비 기본계획(변경) 수립용역,전라남도 구례군 상하수도사업소,PQ,1428700000,1435647100,100.4862532,삼안+동아,97.9,1146530000,101.1404,N
20200524318 - 00,20200520,구례군 하수도정비 기본계획(변경) 수립용역,전라남도 구례군 상하수도사업소,PQ,1428700000,1435647100,100.4862532,한종+우영,97.9,1122220000,98.9959,N
20200524318 - 00,20200520,구례군 하수도정비 기본계획(변경) 수립용역,전라남도 구례군 상하수도사업소,PQ,1428700000,1435647100,100.4862532,KG+한기+대성,97.86,1123456000,99.08,N
20200524318 - 00,20200520,구례군 하수도정비 기본계획(변경) 수립용역,전라남도 구례군 상하수도사업소,PQ,1428700000,1435647100,100.4862532,화신+평화+경동,97.85,1119520000,98.7204,N
20200524318 - 00,20200520,구례군 하수도정비 기본계획(변경) 수립용역,전라남도 구례군 상하수도사업소,PQ,1428700000,1435647100,100.4862532,건화+신오,97.8,1156000000,101.8988,N
20200524318 - 00,20200520,구례군 하수도정비 기본계획(변경) 수립용역,전라남도 구례군 상하수도사업소,PQ,1428700000,1435647100,100.4862532,범한+신명,97.8,1146600000,101.0702,N
20200524318 - 00,20200520,구례군 하수도정비 기본계획(변경) 수립용역,전라남도 구례군 상하수도사업소,PQ,1428700000,1435647100,100.4862532,이산+우빈+수성,97.8,1118370000,98.5818,N
20200524318 - 00,20200520,구례군 하수도정비 기본계획(변경) 수립용역,전라남도 구례군 상하수도사업소,PQ,1428700000,1435647100,100.4862532,유신+하이콘,97.8,1149660000,101.3399,N
20200524318 - 00,20200520,구례군 하수도정비 기본계획(변경) 수립용역,전라남도 구례군 상하수도사업소,PQ,1428700000,1435647100,100.4862532,선진+건영+청우,97.54,1377620000,121.1746,N
20200525178 - 00,20200520,수도시설 개선 및 상수도 공급확대 사업 기본 및 실시설계 용역,충청북도 충주시,PQ,809000000,800309350,98.92575402,도화+건양,100,695520000,100.5589,N
20200525178 - 00,20200520,수도시설 개선 및 상수도 공급확대 사업 기본 및 실시설계 용역,충청북도 충주시,PQ,809000000,800309350,98.92575402,삼안+청우건축,100,692890000,100.1786,N
20200525178 - 00,20200520,수도시설 개선 및 상수도 공급확대 사업 기본 및 실시설계 용역,충청북도 충주시,PQ,809000000,800309350,98.92575402,건화+홍익,99.93,697300000,100.7926,N
20200525178 - 00,20200520,수도시설 개선 및 상수도 공급확대 사업 기본 및 실시설계 용역,충청북도 충주시,PQ,809000000,800309350,98.92575402,한종+영진,99.89,695300000,100.4918,N
20200525178 - 00,20200520,수도시설 개선 및 상수도 공급확대 사업 기본 및 실시설계 용역,충청북도 충주시,PQ,809000000,800309350,98.92575402,동명+대원,99.53,690121000,99.6501,N
20200525178 - 00,20200520,수도시설 개선 및 상수도 공급확대 사업 기본 및 실시설계 용역,충청북도 충주시,PQ,809000000,800309350,98.92575402,HEC+선,99.53,689280000,99.5286,Y
20200525178 - 00,20200520,수도시설 개선 및 상수도 공급확대 사업 기본 및 실시설계 용역,충청북도 충주시,PQ,809000000,800309350,98.92575402,범한+동림,99.13,700000000,100.9704,N
20200525178 - 00,20200520,수도시설 개선 및 상수도 공급확대 사업 기본 및 실시설계 용역,충청북도 충주시,PQ,809000000,800309350,98.92575402,유신+제일+지명,98.81,704815000,101.5819,N
20200525178 - 00,20200520,수도시설 개선 및 상수도 공급확대 사업 기본 및 실시설계 용역,충청북도 충주시,PQ,809000000,800309350,98.92575402,화신+도우,97.37,686890000,98.6419,N
20200525579 - 00,20200520,가평군 청평 설악 하수관로 정비사업 기본 및 실시설계,한국환경공단,PQ,1593680000,1589899050,99.7627535,삼안+동명,99.28,1260490000,100.8004,Y
20200525579 - 00,20200520,가평군 청평 설악 하수관로 정비사업 기본 및 실시설계,한국환경공단,PQ,1593680000,1589899050,99.7627535,제일+선진+평화,98.89,1251221000,99.7414,N
20200525579 - 00,20200520,가평군 청평 설악 하수관로 정비사업 기본 및 실시설계,한국환경공단,PQ,1593680000,1589899050,99.7627535,도화+이산+태조,98.57,1545800000,122.9115,N
20200525579 - 00,20200520,가평군 청평 설악 하수관로 정비사업 기본 및 실시설계,한국환경공단,PQ,1593680000,1589899050,99.7627535,범한+KG+경동,98.57,1248900000,99.3041,N
20200525579 - 00,20200520,가평군 청평 설악 하수관로 정비사업 기본 및 실시설계,한국환경공단,PQ,1593680000,1589899050,99.7627535,건화+한종+동해,98.45,1248800000,99.1955,N
20200525512 - 00,20200520,가평군 현리산유 하수관로 정비사업 기본 및 실시설계,한국환경공단,PQ,1025288000,1028891950,100.3515061,삼안+동명,99.28,881540000,100.3791,Y
20200525512 - 00,20200520,가평군 현리산유 하수관로 정비사업 기본 및 실시설계,한국환경공단,PQ,1025288000,1028891950,100.3515061,제일+선진+평화,98.89,876940000,99.7505,N
20200525512 - 00,20200520,가평군 현리산유 하수관로 정비사업 기본 및 실시설계,한국환경공단,PQ,1025288000,1028891950,100.3515061,도화+이산,98.67,889770000,101.1509,N
20200525512 - 00,20200520,가평군 현리산유 하수관로 정비사업 기본 및 실시설계,한국환경공단,PQ,1025288000,1028891950,100.3515061,범한+KG+경동,98.57,910000000,103.4266,N
20200525512 - 00,20200520,가평군 현리산유 하수관로 정비사업 기본 및 실시설계,한국환경공단,PQ,1025288000,1028891950,100.3515061,건화+한종+동해,98.45,873980000,99.298,N
20200525250 - 02,20200520,정선군 덕송·여량·북평 통합정수장 기본 및 실시설계용역,강원도 정선군 상하수도사업소,PQ,2594390000,2579666900,99.43250244,도화+서광+동명+일신,99.71,2052800000,101.2017,Y
20200525250 - 02,20200520,정선군 덕송·여량·북평 통합정수장 기본 및 실시설계용역,강원도 정선군 상하수도사업소,PQ,2594390000,2579666900,99.43250244,건화+경동+정+동서(정원),97.93,2040000000,99.1254,N
20200525250 - 02,20200520,정선군 덕송·여량·북평 통합정수장 기본 및 실시설계용역,강원도 정선군 상하수도사업소,PQ,2594390000,2579666900,99.43250244,화신+이산+경원,97.82,2086390000,101.2901,N
20200525250 - 02,20200520,정선군 덕송·여량·북평 통합정수장 기본 및 실시설계용역,강원도 정선군 상하수도사업소,PQ,2594390000,2579666900,99.43250244,한종+미래+고려,97.76,2041300000,99.0512,N
20200525250 - 02,20200520,정선군 덕송·여량·북평 통합정수장 기본 및 실시설계용역,강원도 정선군 상하수도사업소,PQ,2594390000,2579666900,99.43250244,삼안+대성+삼경,97.68,2034780000,98.6727,N
20200525250 - 02,20200520,정선군 덕송·여량·북평 통합정수장 기본 및 실시설계용역,강원도 정선군 상하수도사업소,PQ,2594390000,2579666900,99.43250244,제일+삼주+성우,97.5,2102200000,101.8012,N
20200525250 - 02,20200520,정선군 덕송·여량·북평 통합정수장 기본 및 실시설계용역,강원도 정선군 상하수도사업소,PQ,2594390000,2579666900,99.43250244,KG+동남+진화,98.08,2482000000,119.9974,N
20200525420 - 02,20200520,세종시 조치원배수분구 도시침수 예방사업 기본 및 실시설계,한국환경공단,SOQ,2144730000,2157721750,100.6057522,삼안+건양,98.82,1703350000,100.8447,Y
20200525420 - 02,20200520,세종시 조치원배수분구 도시침수 예방사업 기본 및 실시설계,한국환경공단,SOQ,2144730000,2157721750,100.6057522,KG+드림+제일+선진,98.39,1697120000,100.1199,N
20200525420 - 02,20200520,세종시 조치원배수분구 도시침수 예방사업 기본 및 실시설계,한국환경공단,SOQ,2144730000,2157721750,100.6057522,한종+건화+경동(참하우스),98.31,1688000000,99.5189,N
20200525420 - 02,20200520,세종시 조치원배수분구 도시침수 예방사업 기본 및 실시설계,한국환경공단,SOQ,2144730000,2157721750,100.6057522,이산+도화+홍익+장맥,97.88,1736000000,102.0006,N
20200525420 - 02,20200520,세종시 조치원배수분구 도시침수 예방사업 기본 및 실시설계,한국환경공단,SOQ,2144730000,2157721750,100.6057522,동명+동해,97.64,1686700000,98.9045,N
20200525940 - 00,20200521,쌍죽소하천 정비사업 외 2건 통합건설사업관리용역,충청남도 아산시,PQ,2585756000,2583745625,99.92225194,건화+세일+중부,100,2015000000,99.9127,N
20200525940 - 00,20200521,쌍죽소하천 정비사업 외 2건 통합건설사업관리용역,충청남도 아산시,PQ,2585756000,2583745625,99.92225194,한종+우주,100,2020650000,100.1929,Y
20200525940 - 00,20200521,쌍죽소하천 정비사업 외 2건 통합건설사업관리용역,충청남도 아산시,PQ,2585756000,2583745625,99.92225194,천일+선진+장맥,100,2020690000,100.1948,N
20200525940 - 00,20200521,쌍죽소하천 정비사업 외 2건 통합건설사업관리용역,충청남도 아산시,PQ,2585756000,2583745625,99.92225194,KSM+드림,100,2012940000,99.8106,N
20200525940 - 00,20200521,쌍죽소하천 정비사업 외 2건 통합건설사업관리용역,충청남도 아산시,PQ,2585756000,2583745625,99.92225194,수성+계림,100,2003650000,99.3499,N
20200525940 - 00,20200521,쌍죽소하천 정비사업 외 2건 통합건설사업관리용역,충청남도 아산시,PQ,2585756000,2583745625,99.92225194,극동+더원+기산,100,2029465000,100.63,N
20200525940 - 00,20200521,쌍죽소하천 정비사업 외 2건 통합건설사업관리용역,충청남도 아산시,PQ,2585756000,2583745625,99.92225194,삼안+우리,100,2040940000,101.1989,N
20200525940 - 00,20200521,쌍죽소하천 정비사업 외 2건 통합건설사업관리용역,충청남도 아산시,PQ,2585756000,2583745625,99.92225194,이산+송현,100,2024840000,100.4006,N
20200525940 - 00,20200521,쌍죽소하천 정비사업 외 2건 통합건설사업관리용역,충청남도 아산시,PQ,2585756000,2583745625,99.92225194,도화+천마,100,1996880000,99.0142,N
20200525940 - 00,20200521,쌍죽소하천 정비사업 외 2건 통합건설사업관리용역,충청남도 아산시,PQ,2585756000,2583745625,99.92225194,동부+유원,100,2020997000,100.2101,N
20200525940 - 00,20200521,쌍죽소하천 정비사업 외 2건 통합건설사업관리용역,충청남도 아산시,PQ,2585756000,2583745625,99.92225194,KCM+드림,100,2012940000,99.8106,N
20200525940 - 00,20200521,쌍죽소하천 정비사업 외 2건 통합건설사업관리용역,충청남도 아산시,PQ,2585756000,2583745625,99.92225194,신명+재성,99.88,2038038000,100.9515,N
20200526246 - 00,20200521,마동항 외 1개 지방어항개발계획 수립 및 변경 용역,경상남도,PQ,288000000,289002275,100.3480122,건화+재화,100,250800000,100.39,Y
20200526246 - 00,20200521,마동항 외 1개 지방어항개발계획 수립 및 변경 용역,경상남도,PQ,288000000,289002275,100.3480122,유신+KSM,100,249576000,99.9001,N
20200526246 - 00,20200521,마동항 외 1개 지방어항개발계획 수립 및 변경 용역,경상남도,PQ,288000000,289002275,100.3480122,수성+세일,100,250173000,100.1391,N
20200526246 - 00,20200521,마동항 외 1개 지방어항개발계획 수립 및 변경 용역,경상남도,PQ,288000000,289002275,100.3480122,서영+한올,99.97,255300000,102.1795,N
B5202001637,20200521,양양지역 통합 지하수 기초조사,한국수자원공사,PQ,973540000,971184440,99.75804179,도화+송암,100,782300000,99.8276,Y
B5202001637,20200521,양양지역 통합 지하수 기초조사,한국수자원공사,PQ,973540000,971184440,99.75804179,인텔리지오+건화+건일,100,788250000,100.5869,N
B5202001637,20200521,양양지역 통합 지하수 기초조사,한국수자원공사,PQ,973540000,971184440,99.75804179,중앙컨설턴트,100,831897000,106.1566,N
B5202001637,20200521,양양지역 통합 지하수 기초조사,한국수자원공사,PQ,973540000,971184440,99.75804179,지오그린21,100,915127000,116.7774,N
B5202001637,20200521,양양지역 통합 지하수 기초조사,한국수자원공사,PQ,973540000,971184440,99.75804179,유신,100,779658000,99.4905,N
B5202001638,20200520,단양지역 통합 지하수 기초조사,한국수자원공사 한강유역본부,PQ,1270710000,1269642394,99.91598351,인텔리지오+건화+건일,100,933000000,100.5871,Y
B5202001638,20200520,단양지역 통합 지하수 기초조사,한국수자원공사 한강유역본부,PQ,1270710000,1269642394,99.91598351,중앙컨설턴트,100,1133000000,122.1491,N
B5202001638,20200520,단양지역 통합 지하수 기초조사,한국수자원공사 한강유역본부,PQ,1270710000,1269642394,99.91598351,유신,100,1169300000,126.0626,N
B5202001638,20200520,단양지역 통합 지하수 기초조사,한국수자원공사 한강유역본부,PQ,1270710000,1269642394,99.91598351,지오그린21,100,1245295000,134.2557,N
B5202001638,20200520,단양지역 통합 지하수 기초조사,한국수자원공사 한강유역본부,PQ,1270710000,1269642394,99.91598351,도화+송암,100,926570000,99.8938,N
20200527233 - 00,20200521,밀양시 가곡배수분구 도시침수 예방사업 기본 및 실시설계,한국환경공단,PQ,1322684000,1335487650,100.9680052,삼안+수성+KG,99.23,1046430000,100.7888,N
20200527233 - 00,20200521,밀양시 가곡배수분구 도시침수 예방사업 기본 및 실시설계,한국환경공단,PQ,1322684000,1335487650,100.9680052,제일+HEC,98.8,1038986000,99.7287,N
20200527233 - 00,20200521,밀양시 가곡배수분구 도시침수 예방사업 기본 및 실시설계,한국환경공단,PQ,1322684000,1335487650,100.9680052,한종+범한,98.47,1038400000,99.4075,N
20200527233 - 00,20200521,밀양시 가곡배수분구 도시침수 예방사업 기본 및 실시설계,한국환경공단,PQ,1322684000,1335487650,100.9680052,이산+건화+우진,98.23,1064700000,101.7191,Y
20200527233 - 00,20200521,밀양시 가곡배수분구 도시침수 예방사업 기본 및 실시설계,한국환경공단,PQ,1322684000,1335487650,100.9680052,도화+경화+선진,98.19,1037100000,99.0572,N
20200527233 - 00,20200521,밀양시 가곡배수분구 도시침수 예방사업 기본 및 실시설계,한국환경공단,PQ,1322684000,1335487650,100.9680052,화신+한올,97.45,1243300000,118.0364,N
20200526800 - 00,20200520,군위군 환경순환형 가축분뇨공공처리시설 설치사업 사후환경영향조사 용역,경상북도 군위군,PQ,732050000,726706075,99.27000546,한종+동진+다올,98.55,631200000,100.4762,N
20200526800 - 00,20200520,군위군 환경순환형 가축분뇨공공처리시설 설치사업 사후환경영향조사 용역,경상북도 군위군,PQ,732050000,726706075,99.27000546,건화+한도+우신,98.32,632900000,100.6881,N
20200526800 - 00,20200520,군위군 환경순환형 가축분뇨공공처리시설 설치사업 사후환경영향조사 용역,경상북도 군위군,PQ,732050000,726706075,99.27000546,삼안+다산+휴먼,98.32,626560000,99.6795,N
20200526800 - 00,20200520,군위군 환경순환형 가축분뇨공공처리시설 설치사업 사후환경영향조사 용역,경상북도 군위군,PQ,732050000,726706075,99.27000546,도화+KCI+자연과사람,98.23,635100000,101.0146,N
20200526800 - 00,20200520,군위군 환경순환형 가축분뇨공공처리시설 설치사업 사후환경영향조사 용역,경상북도 군위군,PQ,732050000,726706075,99.27000546,경동+건일+신일,98.04,633990000,100.7794,N
20200526800 - 00,20200520,군위군 환경순환형 가축분뇨공공처리시설 설치사업 사후환경영향조사 용역,경상북도 군위군,PQ,732050000,726706075,99.27000546,동일+서영+덕영,97.96,625300000,99.3864,N
20200526800 - 00,20200520,군위군 환경순환형 가축분뇨공공처리시설 설치사업 사후환경영향조사 용역,경상북도 군위군,PQ,732050000,726706075,99.27000546,선진+동성+한국환경,97.9,625210000,99.349,Y
20200526800 - 00,20200520,군위군 환경순환형 가축분뇨공공처리시설 설치사업 사후환경영향조사 용역,경상북도 군위군,PQ,732050000,726706075,99.27000546,동명+디에스+예평,97.87,624300000,99.2044,N
20200526800 - 00,20200520,군위군 환경순환형 가축분뇨공공처리시설 설치사업 사후환경영향조사 용역,경상북도 군위군,PQ,732050000,726706075,99.27000546,한맥+보람+중천,97.51,634310000,100.7013,N
20200526800 - 00,20200520,군위군 환경순환형 가축분뇨공공처리시설 설치사업 사후환경영향조사 용역,경상북도 군위군,PQ,732050000,726706075,99.27000546,KG+평화+중앙방재,97.18,639430000,101.4199,N
20200526800 - 00,20200520,군위군 환경순환형 가축분뇨공공처리시설 설치사업 사후환경영향조사 용역,경상북도 군위군,PQ,732050000,726706075,99.27000546,홍익+신성+현대E,96.99,624683000,99.0349,N
20200526800 - 00,20200520,군위군 환경순환형 가축분뇨공공처리시설 설치사업 사후환경영향조사 용역,경상북도 군위군,PQ,732050000,726706075,99.27000546,동아+경호+현대,96.78,641100000,101.5904,N
20200527350 - 00,20200521,가평군 청평 천안 공공하수처리시설 증설사업 기본 및 실시설계,한국환경공단,PQ,1408159000,1411147875,100.2122541,동명+삼안,98.97,1113200000,100.5067,Y
20200527350 - 00,20200521,가평군 청평 천안 공공하수처리시설 증설사업 기본 및 실시설계,한국환경공단,PQ,1408159000,1411147875,100.2122541,제일+선진+평화,98.74,1107535000,99.8049,N
20200527350 - 00,20200521,가평군 청평 천안 공공하수처리시설 증설사업 기본 및 실시설계,한국환경공단,PQ,1408159000,1411147875,100.2122541,한종+건화+동해,98.65,1102800000,99.3026,N
20200527350 - 00,20200521,가평군 청평 천안 공공하수처리시설 증설사업 기본 및 실시설계,한국환경공단,PQ,1408159000,1411147875,100.2122541,도화+이산,98.6,1103450000,99.3234,N
20200527350 - 00,20200521,가평군 청평 천안 공공하수처리시설 증설사업 기본 및 실시설계,한국환경공단,PQ,1408159000,1411147875,100.2122541,범한+KG+경동,98.39,1200000000,107.8227,N
20200528942 - 00,20200522,익산시 도시교통정비 기본 및 중기계획 수립 용역,전라북도 익산시,PQ,400000000,399743000,99.93575,KG+인우,93.84,350077000,100.2799,N
20200528942 - 00,20200522,익산시 도시교통정비 기본 및 중기계획 수립 용역,전라북도 익산시,PQ,400000000,399743000,99.93575,서영+태원,93.82,349973000,100.2501,Y
20200528942 - 00,20200522,익산시 도시교통정비 기본 및 중기계획 수립 용역,전라북도 익산시,PQ,400000000,399743000,99.93575,수성+범산,93.39,347413000,99.4712,N
20200528942 - 00,20200522,익산시 도시교통정비 기본 및 중기계획 수립 용역,전라북도 익산시,PQ,400000000,399743000,99.93575,화신+조화,92.84,348268000,99.6703,N
20200528942 - 00,20200522,익산시 도시교통정비 기본 및 중기계획 수립 용역,전라북도 익산시,PQ,400000000,399743000,99.93575,평화+이룸+경동,92.3,347200000,99.3078,N
20200528942 - 00,20200522,익산시 도시교통정비 기본 및 중기계획 수립 용역,전라북도 익산시,PQ,400000000,399743000,99.93575,보람+대성+건화,92.04,351868000,100.62,N
20200528866 - 01,20200522,2025년 공주 도시관리계획 재정비 용역,충청남도 공주시,PQ,1093000000,1106870225,101.269005,동명+경동,100,941000000,100.6998,N
20200528866 - 01,20200522,2025년 공주 도시관리계획 재정비 용역,충청남도 공주시,PQ,1093000000,1106870225,101.269005,도화+장맥+기산,98.38,949100000,101.1408,N
20200528866 - 01,20200522,2025년 공주 도시관리계획 재정비 용역,충청남도 공주시,PQ,1093000000,1106870225,101.269005,유신+우주,97.97,935488000,99.5858,N
20200528866 - 01,20200522,2025년 공주 도시관리계획 재정비 용역,충청남도 공주시,PQ,1093000000,1106870225,101.269005,삼안+한맥,97.75,932400000,99.1994,N
20200528866 - 01,20200522,2025년 공주 도시관리계획 재정비 용역,충청남도 공주시,PQ,1093000000,1106870225,101.269005,경호+강호,97.74,951940000,101.2783,Y
20200528866 - 01,20200522,2025년 공주 도시관리계획 재정비 용역,충청남도 공주시,PQ,1093000000,1106870225,101.269005,KG+드림,97.7,934210000,99.3804,N
20200528866 - 01,20200522,2025년 공주 도시관리계획 재정비 용역,충청남도 공주시,PQ,1093000000,1106870225,101.269005,건화+세일,97.7,960000000,102.1239,N
20200528866 - 01,20200522,2025년 공주 도시관리계획 재정비 용역,충청남도 공주시,PQ,1093000000,1106870225,101.269005,한종+천마,97.62,930700000,98.984,N
20200528866 - 01,20200522,2025년 공주 도시관리계획 재정비 용역,충청남도 공주시,PQ,1093000000,1106870225,101.269005,화신+계림+수성E,96.23,980000000,103.865,N
20200528566 - 00,20200522,2040년 태백 도시기본계획 및 도시관리계획 수립(재정비)용역,강원도 태백시,PQ,1300000000,1287672750,99.05175,동명+서광+일신,98.61,1031660000,100.6002,N
20200528566 - 00,20200522,2040년 태백 도시기본계획 및 도시관리계획 수립(재정비)용역,강원도 태백시,PQ,1300000000,1287672750,99.05175,동일+정+성우,98.19,1025700000,99.6778,N
20200528566 - 00,20200522,2040년 태백 도시기본계획 및 도시관리계획 수립(재정비)용역,강원도 태백시,PQ,1300000000,1287672750,99.05175,도화+삼경,97.96,1025730000,99.4922,N
20200528566 - 00,20200522,2040년 태백 도시기본계획 및 도시관리계획 수립(재정비)용역,강원도 태백시,PQ,1300000000,1287672750,99.05175,경호+미래+동서+한도+현산,97.87,1042890000,101.0802,N
20200528566 - 00,20200522,2040년 태백 도시기본계획 및 도시관리계획 수립(재정비)용역,강원도 태백시,PQ,1300000000,1287672750,99.05175,화신+강원길+KG+수성,97.79,1032395000,100,N
20200528566 - 00,20200522,2040년 태백 도시기본계획 및 도시관리계획 수립(재정비)용역,강원도 태백시,PQ,1300000000,1287672750,99.05175,유신+경동+동남+대성,97.77,1025090000,99.2799,Y
20200528566 - 00,20200522,2040년 태백 도시기본계획 및 도시관리계획 수립(재정비)용역,강원도 태백시,PQ,1300000000,1287672750,99.05175,서영+삼주+대상,97.55,1049400000,101.4555,N
20200528566 - 00,20200522,2040년 태백 도시기본계획 및 도시관리계획 수립(재정비)용역,강원도 태백시,PQ,1300000000,1287672750,99.05175,한종+경원+국일,97.54,1021150000,98.7119,N
20200528566 - 00,20200522,2040년 태백 도시기본계획 및 도시관리계획 수립(재정비)용역,강원도 태백시,PQ,1300000000,1287672750,99.05175,건화+삼안+진화+고려,97.22,1022000000,98.5464,N
20200529330 - 00,20200522,"단오문화·해안권 관광도로(구정, 옥계) 조성사업 실시설계용역",강원도 강릉시,PQ,620100000,623501300,100.5485083,한맥+삼주,98.28,533170000,100.1238,N
20200529330 - 00,20200522,"단오문화·해안권 관광도로(구정, 옥계) 조성사업 실시설계용역",강원도 강릉시,PQ,620100000,623501300,100.5485083,KG+삼경,97.92,536098000,100.5799,Y
20200529330 - 00,20200522,"단오문화·해안권 관광도로(구정, 옥계) 조성사업 실시설계용역",강원도 강릉시,PQ,620100000,623501300,100.5485083,일신+경동,97.8,536765000,100.6699,N
20200529330 - 00,20200522,"단오문화·해안권 관광도로(구정, 옥계) 조성사업 실시설계용역",강원도 강릉시,PQ,620100000,623501300,100.5485083,홍익+서광,97.72,531023000,99.5699,N
20200529330 - 00,20200522,"단오문화·해안권 관광도로(구정, 옥계) 조성사업 실시설계용역",강원도 강릉시,PQ,620100000,623501300,100.5485083,바우+국일+신명,96.89,537900000,100.6487,N
20200529330 - 00,20200522,"단오문화·해안권 관광도로(구정, 옥계) 조성사업 실시설계용역",강원도 강릉시,PQ,620100000,623501300,100.5485083,동일+대상,96.88,531700000,99.4886,N
20200529330 - 00,20200522,"단오문화·해안권 관광도로(구정, 옥계) 조성사업 실시설계용역",강원도 강릉시,PQ,620100000,623501300,100.5485083,극동+강원길,96.85,539251000,100.8898,N
20200529330 - 00,20200522,"단오문화·해안권 관광도로(구정, 옥계) 조성사업 실시설계용역",강원도 강릉시,PQ,620100000,623501300,100.5485083,삼안+진화,96.81,529650000,99.082,N
20200529330 - 00,20200522,"단오문화·해안권 관광도로(구정, 옥계) 조성사업 실시설계용역",강원도 강릉시,PQ,620100000,623501300,100.5485083,건화+대성,96.79,541960000,101.3848,N
20200529330 - 00,20200522,"단오문화·해안권 관광도로(구정, 옥계) 조성사업 실시설계용역",강원도 강릉시,PQ,620100000,623501300,100.5485083,천일+동남,96.74,529100000,98.9676,N
20200529330 - 00,20200522,"단오문화·해안권 관광도로(구정, 옥계) 조성사업 실시설계용역",강원도 강릉시,PQ,620100000,623501300,100.5485083,화신+내경,96.72,528130000,98.7747,N
20200529330 - 00,20200522,"단오문화·해안권 관광도로(구정, 옥계) 조성사업 실시설계용역",강원도 강릉시,PQ,620100000,623501300,100.5485083,동명+정,96.64,529930000,99.0999,N
20200529330 - 00,20200522,"단오문화·해안권 관광도로(구정, 옥계) 조성사업 실시설계용역",강원도 강릉시,PQ,620100000,623501300,100.5485083,제일+서윤,96.48,541400000,101.1979,N
20200529330 - 00,20200522,"단오문화·해안권 관광도로(구정, 옥계) 조성사업 실시설계용역",강원도 강릉시,PQ,620100000,623501300,100.5485083,삼보+미래,96.44,542270000,101.3488,N
20200529330 - 00,20200522,"단오문화·해안권 관광도로(구정, 옥계) 조성사업 실시설계용역",강원도 강릉시,PQ,620100000,623501300,100.5485083,다산+성우,96.42,540297000,100.98,N
20200529330 - 00,20200522,"단오문화·해안권 관광도로(구정, 옥계) 조성사업 실시설계용역",강원도 강릉시,PQ,620100000,623501300,100.5485083,동부+한울,96.3,541134000,101.1013,N
20200529330 - 00,20200522,"단오문화·해안권 관광도로(구정, 옥계) 조성사업 실시설계용역",강원도 강릉시,PQ,620100000,623501300,100.5485083,동성+고려,96.27,541725000,101.2,N
20200529330 - 00,20200522,"단오문화·해안권 관광도로(구정, 옥계) 조성사업 실시설계용역",강원도 강릉시,PQ,620100000,623501300,100.5485083,도화+동서,96.2,528840000,98.7815,N
20200529330 - 00,20200522,"단오문화·해안권 관광도로(구정, 옥계) 조성사업 실시설계용역",강원도 강릉시,PQ,620100000,623501300,100.5485083,수성+경원,96.2,528990000,98.8095,N
20200529330 - 00,20200522,"단오문화·해안권 관광도로(구정, 옥계) 조성사업 실시설계용역",강원도 강릉시,PQ,620100000,623501300,100.5485083,한종+서경,96.01,529150000,98.7936,N
20200529330 - 00,20200522,"단오문화·해안권 관광도로(구정, 옥계) 조성사업 실시설계용역",강원도 강릉시,PQ,620100000,623501300,100.5485083,한기+정원,95.98,522281000,97.4999,N
20200529330 - 00,20200522,"단오문화·해안권 관광도로(구정, 옥계) 조성사업 실시설계용역",강원도 강릉시,PQ,620100000,623501300,100.5485083,유신+현산+유비,95.96,541726000,101.1299,N
20200529330 - 00,20200522,"단오문화·해안권 관광도로(구정, 옥계) 조성사업 실시설계용역",강원도 강릉시,PQ,620100000,623501300,100.5485083,서영+동해,95.62,544480000,101.55,N
20200529330 - 00,20200522,"단오문화·해안권 관광도로(구정, 옥계) 조성사업 실시설계용역",강원도 강릉시,PQ,620100000,623501300,100.5485083,이산+지호,94.89,530700000,98.7971,N
20200525603 - 00,20200520,울산광역시 시내버스 노선체계 개편방안 수립 용역,울산광역시,협상,600000000,597318600,99.5531,"건화(보금,욱스디자인)",100,570000000,95,Y
20200526497 - 00,20200521,수원시 자연재해저감 종합계획 수립용역,경기도 수원시,PQ,847142000,852296925,100.6085078,이산+화신,98.79,729458000,100.4001,N
20200526497 - 00,20200521,수원시 자연재해저감 종합계획 수립용역,경기도 수원시,PQ,847142000,852296925,100.6085078,건화+유현,98.67,726079000,99.9,N
20200526497 - 00,20200521,수원시 자연재해저감 종합계획 수립용역,경기도 수원시,PQ,847142000,852296925,100.6085078,도화+KG,98.67,734000000,100.9899,Y
20200526497 - 00,20200521,수원시 자연재해저감 종합계획 수립용역,경기도 수원시,PQ,847142000,852296925,100.6085078,한종+청명,98.61,721900000,99.3135,N
20200526497 - 00,20200521,수원시 자연재해저감 종합계획 수립용역,경기도 수원시,PQ,847142000,852296925,100.6085078,삼안+KCI,98.2,722700000,99.3194,N
20200526497 - 00,20200521,수원시 자연재해저감 종합계획 수립용역,경기도 수원시,PQ,847142000,852296925,100.6085078,경호+극동,98.1,740000000,101.6732,N
20200526497 - 00,20200521,수원시 자연재해저감 종합계획 수립용역,경기도 수원시,PQ,847142000,852296925,100.6085078,유신+동명,97.5,762427000,104.5963,N
20200526497 - 00,20200521,수원시 자연재해저감 종합계획 수립용역,경기도 수원시,PQ,847142000,852296925,100.6085078,동성+서영,97.37,721888000,99.0003,N
의정부국토관리사무소 공고 제2020-171호 ,20200525,국도46호선 남양주 화도 녹촌IC 병목지점 개선공사 실시설계용역 ,서울지방국토관리청 의정부국토관리사무소,PQ,400000000,404231000,101.05775,건화(테크피아),98.5,334400000,100.0898,N
의정부국토관리사무소 공고 제2020-171호 ,20200525,국도46호선 남양주 화도 녹촌IC 병목지점 개선공사 실시설계용역 ,서울지방국토관리청 의정부국토관리사무소,PQ,400000000,404231000,101.05775,한종,98.5,333600000,99.8503,N
의정부국토관리사무소 공고 제2020-171호 ,20200525,국도46호선 남양주 화도 녹촌IC 병목지점 개선공사 실시설계용역 ,서울지방국토관리청 의정부국토관리사무소,PQ,400000000,404231000,101.05775,경동,98.5,336290000,100.6555,N
의정부국토관리사무소 공고 제2020-171호 ,20200525,국도46호선 남양주 화도 녹촌IC 병목지점 개선공사 실시설계용역 ,서울지방국토관리청 의정부국토관리사무소,PQ,400000000,404231000,101.05775,삼안,98.5,333740000,99.8922,N
의정부국토관리사무소 공고 제2020-171호 ,20200525,국도46호선 남양주 화도 녹촌IC 병목지점 개선공사 실시설계용역 ,서울지방국토관리청 의정부국토관리사무소,PQ,400000000,404231000,101.05775,경호,98.5,334490000,100.1167,N
의정부국토관리사무소 공고 제2020-171호 ,20200525,국도46호선 남양주 화도 녹촌IC 병목지점 개선공사 실시설계용역 ,서울지방국토관리청 의정부국토관리사무소,PQ,400000000,404231000,101.05775,제일,98.5,334240000,100.0419,N
의정부국토관리사무소 공고 제2020-171호 ,20200525,국도46호선 남양주 화도 녹촌IC 병목지점 개선공사 실시설계용역 ,서울지방국토관리청 의정부국토관리사무소,PQ,400000000,404231000,101.05775,일신,98.5,335098000,100.2987,N
의정부국토관리사무소 공고 제2020-171호 ,20200525,국도46호선 남양주 화도 녹촌IC 병목지점 개선공사 실시설계용역 ,서울지방국토관리청 의정부국토관리사무소,PQ,400000000,404231000,101.05775,홍익,98.5,334368000,100.0802,N
의정부국토관리사무소 공고 제2020-171호 ,20200525,국도46호선 남양주 화도 녹촌IC 병목지점 개선공사 실시설계용역 ,서울지방국토관리청 의정부국토관리사무소,PQ,400000000,404231000,101.05775,진우+용마,98.5,337273000,100.9497,N
의정부국토관리사무소 공고 제2020-171호 ,20200525,국도46호선 남양주 화도 녹촌IC 병목지점 개선공사 실시설계용역 ,서울지방국토관리청 의정부국토관리사무소,PQ,400000000,404231000,101.05775,동일,98.5,332000000,99.3714,N
의정부국토관리사무소 공고 제2020-171호 ,20200525,국도46호선 남양주 화도 녹촌IC 병목지점 개선공사 실시설계용역 ,서울지방국토관리청 의정부국토관리사무소,PQ,400000000,404231000,101.05775,극동,98.5,335201000,100.3295,N
의정부국토관리사무소 공고 제2020-171호 ,20200525,국도46호선 남양주 화도 녹촌IC 병목지점 개선공사 실시설계용역 ,서울지방국토관리청 의정부국토관리사무소,PQ,400000000,404231000,101.05775,바우+화신,98.5,335900000,100.5388,N
의정부국토관리사무소 공고 제2020-171호 ,20200525,국도46호선 남양주 화도 녹촌IC 병목지점 개선공사 실시설계용역 ,서울지방국토관리청 의정부국토관리사무소,PQ,400000000,404231000,101.05775,신성,98.5,334720000,100.1856,N
의정부국토관리사무소 공고 제2020-171호 ,20200525,국도46호선 남양주 화도 녹촌IC 병목지점 개선공사 실시설계용역 ,서울지방국토관리청 의정부국토관리사무소,PQ,400000000,404231000,101.05775,서영,98.5,335200000,100.3292,N
의정부국토관리사무소 공고 제2020-171호 ,20200525,국도46호선 남양주 화도 녹촌IC 병목지점 개선공사 실시설계용역 ,서울지방국토관리청 의정부국토관리사무소,PQ,400000000,404231000,101.05775,한맥,98.5,336100000,100.5986,N
의정부국토관리사무소 공고 제2020-171호 ,20200525,국도46호선 남양주 화도 녹촌IC 병목지점 개선공사 실시설계용역 ,서울지방국토관리청 의정부국토관리사무소,PQ,400000000,404231000,101.05775,수성,98.5,333069000,99.6914,N
의정부국토관리사무소 공고 제2020-171호 ,20200525,국도46호선 남양주 화도 녹촌IC 병목지점 개선공사 실시설계용역 ,서울지방국토관리청 의정부국토관리사무소,PQ,400000000,404231000,101.05775,유신,98.5,332824000,99.6181,N
의정부국토관리사무소 공고 제2020-171호 ,20200525,국도46호선 남양주 화도 녹촌IC 병목지점 개선공사 실시설계용역 ,서울지방국토관리청 의정부국토관리사무소,PQ,400000000,404231000,101.05775,KG,98.5,337707000,101.0796,Y
의정부국토관리사무소 공고 제2020-171호 ,20200525,국도46호선 남양주 화도 녹촌IC 병목지점 개선공사 실시설계용역 ,서울지방국토관리청 의정부국토관리사무소,PQ,400000000,404231000,101.05775,한기,98.5,333697000,99.8794,N
의정부국토관리사무소 공고 제2020-171호 ,20200525,국도46호선 남양주 화도 녹촌IC 병목지점 개선공사 실시설계용역 ,서울지방국토관리청 의정부국토관리사무소,PQ,400000000,404231000,101.05775,천일,98.5,333697000,99.8794,N
의정부국토관리사무소 공고 제2020-171호 ,20200525,국도46호선 남양주 화도 녹촌IC 병목지점 개선공사 실시설계용역 ,서울지방국토관리청 의정부국토관리사무소,PQ,400000000,404231000,101.05775,동성+DS,98.46,333377000,99.7717,N
의정부국토관리사무소 공고 제2020-171호 ,20200525,국도46호선 남양주 화도 녹촌IC 병목지점 개선공사 실시설계용역 ,서울지방국토관리청 의정부국토관리사무소,PQ,400000000,404231000,101.05775,도화,98.39,334126000,99.9599,N
의정부국토관리사무소 공고 제2020-171호 ,20200525,국도46호선 남양주 화도 녹촌IC 병목지점 개선공사 실시설계용역 ,서울지방국토관리청 의정부국토관리사무소,PQ,400000000,404231000,101.05775,동부,98.39,333564000,99.7918,N
의정부국토관리사무소 공고 제2020-171호 ,20200525,국도46호선 남양주 화도 녹촌IC 병목지점 개선공사 실시설계용역 ,서울지방국토관리청 의정부국토관리사무소,PQ,400000000,404231000,101.05775,경원,98.38,332250000,99.3987,N
의정부국토관리사무소 공고 제2020-171호 ,20200525,국도46호선 남양주 화도 녹촌IC 병목지점 개선공사 실시설계용역 ,서울지방국토관리청 의정부국토관리사무소,PQ,400000000,404231000,101.05775,삼보,97.9,335600000,100.1971,N
의정부국토관리사무소 공고 제2020-171호 ,20200525,국도46호선 남양주 화도 녹촌IC 병목지점 개선공사 실시설계용역 ,서울지방국토관리청 의정부국토관리사무소,PQ,400000000,404231000,101.05775,이산,97.24,332837260,99.1,N
의정부국토관리사무소 공고 제2020-171호 ,20200525,국도46호선 남양주 화도 녹촌IC 병목지점 개선공사 실시설계용역 ,서울지방국토관리청 의정부국토관리사무소,PQ,400000000,404231000,101.05775,평화,96.6,341400000,101.3839,N
의정부국토관리사무소 공고 제2020-171호 ,20200525,국도46호선 남양주 화도 녹촌IC 병목지점 개선공사 실시설계용역 ,서울지방국토관리청 의정부국토관리사무소,PQ,400000000,404231000,101.05775,선진,95.87,343520000,101.6993,N
의정부국토관리사무소 공고 제2020-171호 ,20200525,국도46호선 남양주 화도 녹촌IC 병목지점 개선공사 실시설계용역 ,서울지방국토관리청 의정부국토관리사무소,PQ,400000000,404231000,101.05775,하이콘,95.8,340880000,100.8939,N
20200530875 - 00,20200525,제주시 구국도 대체우회도로(회천~신촌) 건설공사 사후환경영향조사용역,제주특별자치도,PQ,612513000,609023275,99.43026107,서영+산들엔,98.44,527390000,100.3001,N
20200530875 - 00,20200525,제주시 구국도 대체우회도로(회천~신촌) 건설공사 사후환경영향조사용역,제주특별자치도,PQ,612513000,609023275,99.43026107,건화+도화+제주환경,97.73,525780000,99.8195,Y
20200530875 - 00,20200525,제주시 구국도 대체우회도로(회천~신촌) 건설공사 사후환경영향조사용역,제주특별자치도,PQ,612513000,609023275,99.43026107,동명+한라+신일,97.49,533400000,101.1956,N
20200530875 - 00,20200525,제주시 구국도 대체우회도로(회천~신촌) 건설공사 사후환경영향조사용역,제주특별자치도,PQ,612513000,609023275,99.43026107,수성+태신+KG,96.98,524601000,99.3992,N
20200530875 - 00,20200525,제주시 구국도 대체우회도로(회천~신촌) 건설공사 사후환경영향조사용역,제주특별자치도,PQ,612513000,609023275,99.43026107,한종+이루,96.77,544500000,103.1098,N
20200530875 - 00,20200525,제주시 구국도 대체우회도로(회천~신촌) 건설공사 사후환경영향조사용역,제주특별자치도,PQ,612513000,609023275,99.43026107,다산+이산+이엔이,96.62,523032000,99.01,N
20200530190 - 00,20200525,소도천(소도지구)하천재해예방공사 건설사업관리용역,강원도 태백시,PQ,1331504000,1312636650,98.58300463,건화+일신,100,1040380000,100.1804,N
20200530190 - 00,20200525,소도천(소도지구)하천재해예방공사 건설사업관리용역,강원도 태백시,PQ,1331504000,1312636650,98.58300463,도화+동남,100,1042400000,100.3749,N
20200530190 - 00,20200525,소도천(소도지구)하천재해예방공사 건설사업관리용역,강원도 태백시,PQ,1331504000,1312636650,98.58300463,한종+경원,100,1042450000,100.3797,N
20200530190 - 00,20200525,소도천(소도지구)하천재해예방공사 건설사업관리용역,강원도 태백시,PQ,1331504000,1312636650,98.58300463,평화+화신,100,1031180000,99.2945,N
20200530190 - 00,20200525,소도천(소도지구)하천재해예방공사 건설사업관리용역,강원도 태백시,PQ,1331504000,1312636650,98.58300463,천일+동서,100,1033190000,99.4881,N
20200530190 - 00,20200525,소도천(소도지구)하천재해예방공사 건설사업관리용역,강원도 태백시,PQ,1331504000,1312636650,98.58300463,수성+삼경,100,1034788999,99.642,N
20200530190 - 00,20200525,소도천(소도지구)하천재해예방공사 건설사업관리용역,강원도 태백시,PQ,1331504000,1312636650,98.58300463,극동+정,100,1043179000,100.4499,N
20200530190 - 00,20200525,소도천(소도지구)하천재해예방공사 건설사업관리용역,강원도 태백시,PQ,1331504000,1312636650,98.58300463,이산+서광,100,1008300000,97.0913,N
20200530190 - 00,20200525,소도천(소도지구)하천재해예방공사 건설사업관리용역,강원도 태백시,PQ,1331504000,1312636650,98.58300463,동부+한울,100,1035397000,99.7006,N
20200530190 - 00,20200525,소도천(소도지구)하천재해예방공사 건설사업관리용역,강원도 태백시,PQ,1331504000,1312636650,98.58300463,경동+진화,100,1028370000,99.0239,Y
20200530190 - 00,20200525,소도천(소도지구)하천재해예방공사 건설사업관리용역,강원도 태백시,PQ,1331504000,1312636650,98.58300463,서영+대상,99.99,1045920000,100.7009,N
20200530190 - 00,20200525,소도천(소도지구)하천재해예방공사 건설사업관리용역,강원도 태백시,PQ,1331504000,1312636650,98.58300463,동성+성안,99.95,1051500000,101.1993,N
20200530190 - 00,20200525,소도천(소도지구)하천재해예방공사 건설사업관리용역,강원도 태백시,PQ,1331504000,1312636650,98.58300463,KCM+정민,99.82,1051800000,101.1245,N
20200530190 - 00,20200525,소도천(소도지구)하천재해예방공사 건설사업관리용역,강원도 태백시,PQ,1331504000,1312636650,98.58300463,한기+삼주+홍익,99.8,1029000000,98.9197,N
20200530190 - 00,20200525,소도천(소도지구)하천재해예방공사 건설사업관리용역,강원도 태백시,PQ,1331504000,1312636650,98.58300463,신명+강원길,99.63,1129622000,108.44,N
20200530546 - 00,20200525,진위역~오산시계(동서축1)간 도로확포장공사 감독권한대행 등 건설사업관리용역,경기도 경기도건설본부,PQ,1116225000,1114547925,99.84975475,다산+벽산,100,871000000,100.046,N
20200530546 - 00,20200525,진위역~오산시계(동서축1)간 도로확포장공사 감독권한대행 등 건설사업관리용역,경기도 경기도건설본부,PQ,1116225000,1114547925,99.84975475,동명+천마,100,870200000,99.9541,Y
20200530546 - 00,20200525,진위역~오산시계(동서축1)간 도로확포장공사 감독권한대행 등 건설사업관리용역,경기도 경기도건설본부,PQ,1116225000,1114547925,99.84975475,태조+건화,100,867890000,99.6888,N
20200530546 - 00,20200525,진위역~오산시계(동서축1)간 도로확포장공사 감독권한대행 등 건설사업관리용역,경기도 경기도건설본부,PQ,1116225000,1114547925,99.84975475,동일+한종,99.95,869500000,99.8225,N
20200530546 - 00,20200525,진위역~오산시계(동서축1)간 도로확포장공사 감독권한대행 등 건설사업관리용역,경기도 경기도건설본부,PQ,1116225000,1114547925,99.84975475,천일+내경,99.88,867130000,99.4994,N
20200530546 - 00,20200525,진위역~오산시계(동서축1)간 도로확포장공사 감독권한대행 등 건설사업관리용역,경기도 경기도건설본부,PQ,1116225000,1114547925,99.84975475,동부+대한,99.87,867163000,99.4904,N
20200530546 - 00,20200525,진위역~오산시계(동서축1)간 도로확포장공사 감독권한대행 등 건설사업관리용역,경기도 경기도건설본부,PQ,1116225000,1114547925,99.84975475,극동+효광,99.85,877730000,100.6899,N
20200530546 - 00,20200525,진위역~오산시계(동서축1)간 도로확포장공사 감독권한대행 등 건설사업관리용역,경기도 경기도건설본부,PQ,1116225000,1114547925,99.84975475,도화+선진,99.85,864900000,99.2181,N
20200530546 - 00,20200525,진위역~오산시계(동서축1)간 도로확포장공사 감독권한대행 등 건설사업관리용역,경기도 경기도건설본부,PQ,1116225000,1114547925,99.84975475,용마+한맥,99.85,876579000,100.5579,N
20200530546 - 00,20200525,진위역~오산시계(동서축1)간 도로확포장공사 감독권한대행 등 건설사업관리용역,경기도 경기도건설본부,PQ,1116225000,1114547925,99.84975475,신명+다음,99.83,877494000,100.65,N
20200530546 - 00,20200525,진위역~오산시계(동서축1)간 도로확포장공사 감독권한대행 등 건설사업관리용역,경기도 경기도건설본부,PQ,1116225000,1114547925,99.84975475,경동+경호,99.78,864830000,99.1466,N
20200530546 - 00,20200525,진위역~오산시계(동서축1)간 도로확포장공사 감독권한대행 등 건설사업관리용역,경기도 경기도건설본부,PQ,1116225000,1114547925,99.84975475,서영+하나,99.77,882310000,101.1506,N
20200530546 - 00,20200525,진위역~오산시계(동서축1)간 도로확포장공사 감독권한대행 등 건설사업관리용역,경기도 경기도건설본부,PQ,1116225000,1114547925,99.84975475,동성+오이디,99.64,883330000,101.151,N
20200530546 - 00,20200525,진위역~오산시계(동서축1)간 도로확포장공사 감독권한대행 등 건설사업관리용역,경기도 경기도건설본부,PQ,1116225000,1114547925,99.84975475,KG+장맥,99.63,884456000,101.2799,N
20200530546 - 00,20200525,진위역~오산시계(동서축1)간 도로확포장공사 감독권한대행 등 건설사업관리용역,경기도 경기도건설본부,PQ,1116225000,1114547925,99.84975475,이산+KCI,99.6,883883000,101.1884,N
20200530546 - 00,20200525,진위역~오산시계(동서축1)간 도로확포장공사 감독권한대행 등 건설사업관리용역,경기도 경기도건설본부,PQ,1116225000,1114547925,99.84975475,경원+건영,99.55,886300000,101.4263,N
20200530546 - 00,20200525,진위역~오산시계(동서축1)간 도로확포장공사 감독권한대행 등 건설사업관리용역,경기도 경기도건설본부,PQ,1116225000,1114547925,99.84975475,삼보+목양,99.55,883000000,101.0486,N
20200530546 - 00,20200525,진위역~오산시계(동서축1)간 도로확포장공사 감독권한대행 등 건설사업관리용역,경기도 경기도건설본부,PQ,1116225000,1114547925,99.84975475,하이콘+케이탑,99.4,887630000,101.4489,N
20200530546 - 00,20200525,진위역~오산시계(동서축1)간 도로확포장공사 감독권한대행 등 건설사업관리용역,경기도 경기도건설본부,PQ,1116225000,1114547925,99.84975475,KSM+한종,99.33,889600000,101.6222,N
20200530546 - 00,20200525,진위역~오산시계(동서축1)간 도로확포장공사 감독권한대행 등 건설사업관리용역,경기도 경기도건설본부,PQ,1116225000,1114547925,99.84975475,홍익+테크피아,99.24,1060000000,120.995,N
20200530546 - 00,20200525,진위역~오산시계(동서축1)간 도로확포장공사 감독권한대행 등 건설사업관리용역,경기도 경기도건설본부,PQ,1116225000,1114547925,99.84975475,평화+대건,99.2,863190000,98.4922,N
20200530426 - 00,20200525,매산~일산간 도로확포장공사 감독권한대행 등 건설사업관리용역,경기도 경기도건설본부,PQ,1489532000,1484437850,99.65800332,건화+한맥,100,1168000000,100.5371,N
20200530426 - 00,20200525,매산~일산간 도로확포장공사 감독권한대행 등 건설사업관리용역,경기도 경기도건설본부,PQ,1489532000,1484437850,99.65800332,KG+보람,100,1156299000,99.5299,N
20200530426 - 00,20200525,매산~일산간 도로확포장공사 감독권한대행 등 건설사업관리용역,경기도 경기도건설본부,PQ,1489532000,1484437850,99.65800332,경호+동성,100,1165537000,100.3251,Y
20200530426 - 00,20200525,매산~일산간 도로확포장공사 감독권한대행 등 건설사업관리용역,경기도 경기도건설본부,PQ,1489532000,1484437850,99.65800332,동부+천일,100,1168750000,100.6016,N
20200530426 - 00,20200525,매산~일산간 도로확포장공사 감독권한대행 등 건설사업관리용역,경기도 경기도건설본부,PQ,1489532000,1484437850,99.65800332,수성+토아,99.97,1157068000,99.5706,N
20200530426 - 00,20200525,매산~일산간 도로확포장공사 감독권한대행 등 건설사업관리용역,경기도 경기도건설본부,PQ,1489532000,1484437850,99.65800332,신성+태조,99.95,1157000000,99.5392,N
20200530426 - 00,20200525,매산~일산간 도로확포장공사 감독권한대행 등 건설사업관리용역,경기도 경기도건설본부,PQ,1489532000,1484437850,99.65800332,내경+한도,99.83,1157351000,99.4801,N
20200530426 - 00,20200525,매산~일산간 도로확포장공사 감독권한대행 등 건설사업관리용역,경기도 경기도건설본부,PQ,1489532000,1484437850,99.65800332,이산+정민,99.81,1156640000,99.3936,N
20200530426 - 00,20200525,매산~일산간 도로확포장공사 감독권한대행 등 건설사업관리용역,경기도 경기도건설본부,PQ,1489532000,1484437850,99.65800332,KSM+효광,99.78,1168590000,100.3948,N
20200530426 - 00,20200525,매산~일산간 도로확포장공사 감독권한대행 등 건설사업관리용역,경기도 경기도건설본부,PQ,1489532000,1484437850,99.65800332,신명+다음,99.75,1154888800,99.205,N
20200530426 - 00,20200525,매산~일산간 도로확포장공사 감독권한대행 등 건설사업관리용역,경기도 경기도건설본부,PQ,1489532000,1484437850,99.65800332,극동+대건+세일,99.75,1172525000,100.72,N
20200530426 - 00,20200525,매산~일산간 도로확포장공사 감독권한대행 등 건설사업관리용역,경기도 경기도건설본부,PQ,1489532000,1484437850,99.65800332,도화+서현,99.75,1153200000,99.0599,N
20200530426 - 00,20200525,매산~일산간 도로확포장공사 감독권한대행 등 건설사업관리용역,경기도 경기도건설본부,PQ,1489532000,1484437850,99.65800332,선진+유신,99.7,1154140000,99.09,N
20200530426 - 00,20200525,매산~일산간 도로확포장공사 감독권한대행 등 건설사업관리용역,경기도 경기도건설본부,PQ,1489532000,1484437850,99.65800332,용마+경동,99.7,1172800000,100.692,N
20200530426 - 00,20200525,매산~일산간 도로확포장공사 감독권한대행 등 건설사업관리용역,경기도 경기도건설본부,PQ,1489532000,1484437850,99.65800332,서영+진우,99.7,1178200000,101.1557,N
20200530426 - 00,20200525,매산~일산간 도로확포장공사 감독권한대행 등 건설사업관리용역,경기도 경기도건설본부,PQ,1489532000,1484437850,99.65800332,경원+벽산,99.7,1151900000,98.8976,N
20200530426 - 00,20200525,매산~일산간 도로확포장공사 감독권한대행 등 건설사업관리용역,경기도 경기도건설본부,PQ,1489532000,1484437850,99.65800332,다산+효산,99.62,1152250000,98.8645,N
20200530426 - 00,20200525,매산~일산간 도로확포장공사 감독권한대행 등 건설사업관리용역,경기도 경기도건설본부,PQ,1489532000,1484437850,99.65800332,동일+목양,99.55,1153300000,98.904,N
20200530426 - 00,20200525,매산~일산간 도로확포장공사 감독권한대행 등 건설사업관리용역,경기도 경기도건설본부,PQ,1489532000,1484437850,99.65800332,한종+평화,99.5,1181400000,101.275,N
20200530426 - 00,20200525,매산~일산간 도로확포장공사 감독권한대행 등 건설사업관리용역,경기도 경기도건설본부,PQ,1489532000,1484437850,99.65800332,삼안+천마,99.43,1151920000,98.6848,N
20200530426 - 00,20200525,매산~일산간 도로확포장공사 감독권한대행 등 건설사업관리용역,경기도 경기도건설본부,PQ,1489532000,1484437850,99.65800332,홍익+케이아트,99.37,1190000000,101.8951,N
20200530426 - 00,20200525,매산~일산간 도로확포장공사 감독권한대행 등 건설사업관리용역,경기도 경기도건설본부,PQ,1489532000,1484437850,99.65800332,대콘+동우+삼우,99.31,1151290000,98.5303,N
20200530426 - 00,20200525,매산~일산간 도로확포장공사 감독권한대행 등 건설사업관리용역,경기도 경기도건설본부,PQ,1489532000,1484437850,99.65800332,KCM+지유,99.24,1450000000,124.0314,N
20200529865 - 00,20200525,북구 노후하수관로 정밀조사 용역(2차),대구광역시 북구,PQ,346260000,343305575,99.1467611,이산+한주,99.67,301180000,100.2373,N
20200529865 - 00,20200525,북구 노후하수관로 정밀조사 용역(2차),대구광역시 북구,PQ,346260000,343305575,99.1467611,도화+한도,98,302220000,100.4214,N
20200529865 - 00,20200525,북구 노후하수관로 정밀조사 용역(2차),대구광역시 북구,PQ,346260000,343305575,99.1467611,건화+블루텍,97.94,299632000,99.55,N
20200529865 - 00,20200525,북구 노후하수관로 정밀조사 용역(2차),대구광역시 북구,PQ,346260000,343305575,99.1467611,브니엘+지이테크,97.94,301534660,100.1821,N
20200529865 - 00,20200525,북구 노후하수관로 정밀조사 용역(2차),대구광역시 북구,PQ,346260000,343305575,99.1467611,제일+KD,97.94,299780000,99.5991,N
20200529865 - 00,20200525,북구 노후하수관로 정밀조사 용역(2차),대구광역시 북구,PQ,346260000,343305575,99.1467611,에코베이스+포웰,97.67,300483700,99.81,N
20200529865 - 00,20200525,북구 노후하수관로 정밀조사 용역(2차),대구광역시 북구,PQ,346260000,343305575,99.1467611,삼안+청우,97.67,298540000,99.1644,Y
20200529865 - 00,20200525,북구 노후하수관로 정밀조사 용역(2차),대구광역시 북구,PQ,346260000,343305575,99.1467611,동명+태성,97.67,308600000,102.5059,N
20200529865 - 00,20200525,북구 노후하수관로 정밀조사 용역(2차),대구광역시 북구,PQ,346260000,343305575,99.1467611,한미엔텍+화인테크+엔비전,97.61,299739000,99.5512,N
20200529865 - 00,20200525,북구 노후하수관로 정밀조사 용역(2차),대구광역시 북구,PQ,346260000,343305575,99.1467611,KG+세원,97.5,297753000,98.8802,N
20200519041 - 00,20200515,코스타리카 산호세 광역도시철도 TOD 마스터플랜 수립사업 ,국토교통부,협상,806390000,784000000,97.22342787,LH+한아+건화,100,784000000,97.2234,Y
20200532135 - 00,20200526,땅끝항 정비 2단계공사 건설사업관리용역,전라남도,PQ,2060300000,2056066125,99.79450201,세광+도화+동아,100,1618980000,100.7498,N
20200532135 - 00,20200526,땅끝항 정비 2단계공사 건설사업관리용역,전라남도,PQ,2060300000,2056066125,99.79450201,유신+평화,100,1606931000,100,Y
20200532135 - 00,20200526,땅끝항 정비 2단계공사 건설사업관리용역,전라남도,PQ,2060300000,2056066125,99.79450201,건일+신명,99.7,1615079000,100.25,N
20200532135 - 00,20200526,땅끝항 정비 2단계공사 건설사업관리용역,전라남도,PQ,2060300000,2056066125,99.79450201,천일+산이,99.63,1603600000,99.4866,N
20200532135 - 00,20200526,땅끝항 정비 2단계공사 건설사업관리용역,전라남도,PQ,2060300000,2056066125,99.79450201,세일+하이콘,99.57,1603265000,99.415,N
20200532135 - 00,20200526,땅끝항 정비 2단계공사 건설사업관리용역,전라남도,PQ,2060300000,2056066125,99.79450201,혜인+한기+동성,99.46,1605769000,99.4813,N
20200532135 - 00,20200526,땅끝항 정비 2단계공사 건설사업관리용역,전라남도,PQ,2060300000,2056066125,99.79450201,대영+SE+홍익,98.97,1652900000,101.9976,N
20200532135 - 00,20200526,땅끝항 정비 2단계공사 건설사업관리용역,전라남도,PQ,2060300000,2056066125,99.79450201,건화+우빈,98.73,1654600000,101.8952,N
20200532135 - 00,20200526,땅끝항 정비 2단계공사 건설사업관리용역,전라남도,PQ,2060300000,2056066125,99.79450201,수성+중원,97.37,1665224000,101.4298,N
20200532135 - 00,20200526,땅끝항 정비 2단계공사 건설사업관리용역,전라남도,PQ,2060300000,2056066125,99.79450201,서영+우영,97.1,1674870000,101.8002,N
20200532135 - 00,20200526,땅끝항 정비 2단계공사 건설사업관리용역,전라남도,PQ,2060300000,2056066125,99.79450201,한종+신오,93.77,1726000000,102.1824,N
20200532669 - 00,20200526,청주산업단지 재생사업 사후환경영향조사 용역,충청북도 청주시,PQ,1726600000,1735975475,100.5430021,동명+세종이엔엘+휴먼,99.11,1356699000,100.0144,N
20200532669 - 00,20200526,청주산업단지 재생사업 사후환경영향조사 용역,충청북도 청주시,PQ,1726600000,1735975475,100.5430021,홍익+중천,98.84,1370500000,100.8009,Y
20200532669 - 00,20200526,청주산업단지 재생사업 사후환경영향조사 용역,충청북도 청주시,PQ,1726600000,1735975475,100.5430021,수성+KG+도명,98.44,1366387000,100.1803,N
20200532669 - 00,20200526,청주산업단지 재생사업 사후환경영향조사 용역,충청북도 청주시,PQ,1726600000,1735975475,100.5430021,한종+호암,98.39,1375400000,100.7901,N
20200532669 - 00,20200526,청주산업단지 재생사업 사후환경영향조사 용역,충청북도 청주시,PQ,1726600000,1735975475,100.5430021,동일+서영+유일,98.38,1351500000,99.0387,N
20200532669 - 00,20200526,청주산업단지 재생사업 사후환경영향조사 용역,충청북도 청주시,PQ,1726600000,1735975475,100.5430021,도화+지명+신일,98.24,1353770000,99.0922,N
20200532669 - 00,20200526,청주산업단지 재생사업 사후환경영향조사 용역,충청북도 청주시,PQ,1726600000,1735975475,100.5430021,한맥+명지+DS,97.63,1352999000,98.55,N
20200532669 - 00,20200526,청주산업단지 재생사업 사후환경영향조사 용역,충청북도 청주시,PQ,1726600000,1735975475,100.5430021,선진+동아+국토환경,97.59,1394980000,101.5695,N
20200532669 - 00,20200526,청주산업단지 재생사업 사후환경영향조사 용역,충청북도 청주시,PQ,1726600000,1735975475,100.5430021,경호+선+건화+레오,97.47,1397797000,101.6851,N
20200532669 - 00,20200526,청주산업단지 재생사업 사후환경영향조사 용역,충청북도 청주시,PQ,1726600000,1735975475,100.5430021,동성+호연,97.47,1395110000,101.4897,N
20200532669 - 00,20200526,청주산업단지 재생사업 사후환경영향조사 용역,충청북도 청주시,PQ,1726600000,1735975475,100.5430021,평화+좋은+엔탑,97.39,1400800000,101.8269,N
20200532669 - 00,20200526,청주산업단지 재생사업 사후환경영향조사 용역,충청북도 청주시,PQ,1726600000,1735975475,100.5430021,신성+동국,97.21,1398980000,101.5543,N
20200532669 - 00,20200526,청주산업단지 재생사업 사후환경영향조사 용역,충청북도 청주시,PQ,1726600000,1735975475,100.5430021,삼안+우신+건양,96.74,1404480000,101.5717,N
20200532669 - 00,20200526,청주산업단지 재생사업 사후환경영향조사 용역,충청북도 청주시,PQ,1726600000,1735975475,100.5430021,다산+이산+엘에스,96.4,1428000000,102.9897,N
20200532156 - 00,20200526,암사초록길 조성공사 감독권한대행 건설사업관리 용역,서울특별시,PQ,1793880000,1788390775,99.69400266,도화+한맥,100,1405400000,100.4477,N
20200532156 - 00,20200526,암사초록길 조성공사 감독권한대행 건설사업관리 용역,서울특별시,PQ,1793880000,1788390775,99.69400266,유신+다산+경동,99.53,1401326000,99.76,Y
20200532156 - 00,20200526,암사초록길 조성공사 감독권한대행 건설사업관리 용역,서울특별시,PQ,1793880000,1788390775,99.69400266,이산+씨엠건축,99.26,1423200000,101.0977,N
20200532156 - 00,20200526,암사초록길 조성공사 감독권한대행 건설사업관리 용역,서울특별시,PQ,1793880000,1788390775,99.69400266,동일+건화,99,1398000000,99.1055,N
20200532156 - 00,20200526,암사초록길 조성공사 감독권한대행 건설사업관리 용역,서울특별시,PQ,1793880000,1788390775,99.69400266,삼안+동해,98.96,1429890000,101.3276,N
20200532156 - 00,20200526,암사초록길 조성공사 감독권한대행 건설사업관리 용역,서울특별시,PQ,1793880000,1788390775,99.69400266,수성+한종+태조,98.8,1395900000,98.7933,N
20200532156 - 00,20200526,암사초록길 조성공사 감독권한대행 건설사업관리 용역,서울특별시,PQ,1793880000,1788390775,99.69400266,서영+동부+진우,98.73,1396174000,98.75,N
20200532156 - 00,20200526,암사초록길 조성공사 감독권한대행 건설사업관리 용역,서울특별시,PQ,1793880000,1788390775,99.69400266,경원+대콘+경호,98.3,1420300000,100.1135,N
20200532156 - 00,20200526,암사초록길 조성공사 감독권한대행 건설사업관리 용역,서울특별시,PQ,1793880000,1788390775,99.69400266,동명+천일+신성,94.8,1686000000,115.5687,N
20200533761 - 01,20200526,섬진강 힐링생태공원 조성계획 결정 및 실시설계 용역,전라남도 구례군,PQ,526910000,528228650,100.250261,도화+우리,95.39,458850000,99.9291,N
20200533761 - 01,20200526,섬진강 힐링생태공원 조성계획 결정 및 실시설계 용역,전라남도 구례군,PQ,526910000,528228650,100.250261,한종+신오,95.36,461700000,100.5497,N
20200533761 - 01,20200526,섬진강 힐링생태공원 조성계획 결정 및 실시설계 용역,전라남도 구례군,PQ,526910000,528228650,100.250261,유신+평화,95.06,457848000,99.688,N
20200533761 - 01,20200526,섬진강 힐링생태공원 조성계획 결정 및 실시설계 용역,전라남도 구례군,PQ,526910000,528228650,100.250261,건화+산이(청은),94.49,461380000,100.3994,Y
20200533761 - 01,20200526,섬진강 힐링생태공원 조성계획 결정 및 실시설계 용역,전라남도 구례군,PQ,526910000,528228650,100.250261,삼안+동아,94.22,455840000,99.1598,N
20200533761 - 01,20200526,섬진강 힐링생태공원 조성계획 결정 및 실시설계 용역,전라남도 구례군,PQ,526910000,528228650,100.250261,KG+한기,93.84,466200000,101.3785,N
20200533761 - 01,20200526,섬진강 힐링생태공원 조성계획 결정 및 실시설계 용역,전라남도 구례군,PQ,526910000,528228650,100.250261,경호+우빈,93.74,455650000,99.073,N
20200533761 - 01,20200526,섬진강 힐링생태공원 조성계획 결정 및 실시설계 용역,전라남도 구례군,PQ,526910000,528228650,100.250261,선진+건영,93.73,456280000,99.21,N
20200533761 - 01,20200526,섬진강 힐링생태공원 조성계획 결정 및 실시설계 용역,전라남도 구례군,PQ,526910000,528228650,100.250261,화신+우영,88.12,469469000,101.531,N
20200533480 - 00,20200526,안동시 하수처리구역의 강우시 유량 및 수질조사 용역,경상북도 안동시,PQ,545400000,535483325,98.18176109,도화+동성,97.97,475000000,100.1922,N
20200533480 - 00,20200526,안동시 하수처리구역의 강우시 유량 및 수질조사 용역,경상북도 안동시,PQ,545400000,535483325,98.18176109,한종+청우,97.87,477000000,100.6025,N
20200533480 - 00,20200526,안동시 하수처리구역의 강우시 유량 및 수질조사 용역,경상북도 안동시,PQ,545400000,535483325,98.18176109,범한+보람,97.75,472770000,99.6989,N
20200533480 - 00,20200526,안동시 하수처리구역의 강우시 유량 및 수질조사 용역,경상북도 안동시,PQ,545400000,535483325,98.18176109,삼안+한도+한주,97.73,480150000,101.2552,N
20200533480 - 00,20200526,안동시 하수처리구역의 강우시 유량 및 수질조사 용역,경상북도 안동시,PQ,545400000,535483325,98.18176109,건화+명성,96.95,480600000,101.2802,N
20200533480 - 00,20200526,안동시 하수처리구역의 강우시 유량 및 수질조사 용역,경상북도 안동시,PQ,545400000,535483325,98.18176109,화신+세원,90.73,471270000,98.7127,Y
20200532401 - 00,20200527,"점암, 남양지구 농어촌생활용수 개발사업외 2건 기본 및 실시설계 용역",전라남도 고흥군,PQ,1241900000,1245299775,100.2737559,동명+동아+원우,99.8,978800000,100.8828,Y
20200532401 - 00,20200527,"점암, 남양지구 농어촌생활용수 개발사업외 2건 기본 및 실시설계 용역",전라남도 고흥군,PQ,1241900000,1245299775,100.2737559,도화+한기,97.9,997250000,101.204,N
20200532401 - 00,20200527,"점암, 남양지구 농어촌생활용수 개발사업외 2건 기본 및 실시설계 용역",전라남도 고흥군,PQ,1241900000,1245299775,100.2737559,삼안,97.9,976580000,99.1064,N
20200532401 - 00,20200527,"점암, 남양지구 농어촌생활용수 개발사업외 2건 기본 및 실시설계 용역",전라남도 고흥군,PQ,1241900000,1245299775,100.2737559,한종+우영,97.8,999990000,101.4054,N
20200532401 - 00,20200527,"점암, 남양지구 농어촌생활용수 개발사업외 2건 기본 및 실시설계 용역",전라남도 고흥군,PQ,1241900000,1245299775,100.2737559,경동+건영,97.75,974764000,98.81,N
20200532401 - 00,20200527,"점암, 남양지구 농어촌생활용수 개발사업외 2건 기본 및 실시설계 용역",전라남도 고흥군,PQ,1241900000,1245299775,100.2737559,유신+평화,97.75,1003077000,101.68,N
20200532401 - 00,20200527,"점암, 남양지구 농어촌생활용수 개발사업외 2건 기본 및 실시설계 용역",전라남도 고흥군,PQ,1241900000,1245299775,100.2737559,범한+신명,97.74,996000000,100.95,N
20200532401 - 00,20200527,"점암, 남양지구 농어촌생활용수 개발사업외 2건 기본 및 실시설계 용역",전라남도 고흥군,PQ,1241900000,1245299775,100.2737559,건화(서진),97.7,982980000,99.5927,N
20200532401 - 00,20200527,"점암, 남양지구 농어촌생활용수 개발사업외 2건 기본 및 실시설계 용역",전라남도 고흥군,PQ,1241900000,1245299775,100.2737559,HEC+동해+하이콘+산이,97.54,1001880000,101.38,N
20200532401 - 00,20200527,"점암, 남양지구 농어촌생활용수 개발사업외 2건 기본 및 실시설계 용역",전라남도 고흥군,PQ,1241900000,1245299775,100.2737559,화신+건양+예성,97.48,975299000,98.6407,N
20200532401 - 00,20200527,"점암, 남양지구 농어촌생활용수 개발사업외 2건 기본 및 실시설계 용역",전라남도 고흥군,PQ,1241900000,1245299775,100.2737559,KG+우빈,97.4,981440000,99.1995,N
20200530091 - 01,20200527,팔봉산관광지 조성계획(변경) 수립 용역,강원도 홍천군,PQ,897029000,895275350,99.80450465,KG+삼경,99.98,771453000,100.58,Y
20200530091 - 01,20200527,팔봉산관광지 조성계획(변경) 수립 용역,강원도 홍천군,PQ,897029000,895275350,99.80450465,도화+서광,99.3,776100000,101.0086,N
20200530091 - 01,20200527,팔봉산관광지 조성계획(변경) 수립 용역,강원도 홍천군,PQ,897029000,895275350,99.80450465,유신+일신,99.16,764238000,99.43,N
20200530091 - 01,20200527,팔봉산관광지 조성계획(변경) 수립 용역,강원도 홍천군,PQ,897029000,895275350,99.80450465,동명+정+정원,98.32,780780000,101.3692,N
20200530091 - 01,20200527,팔봉산관광지 조성계획(변경) 수립 용역,강원도 홍천군,PQ,897029000,895275350,99.80450465,건화+화신(서윤),98.07,764300000,99.1603,N
20200530091 - 01,20200527,팔봉산관광지 조성계획(변경) 수립 용역,강원도 홍천군,PQ,897029000,895275350,99.80450465,경호+미래,97.3,763480000,98.8583,N
20200530091 - 01,20200527,팔봉산관광지 조성계획(변경) 수립 용역,강원도 홍천군,PQ,897029000,895275350,99.80450465,한종+동서,96.86,783150000,101.2876,N
20200530091 - 01,20200527,팔봉산관광지 조성계획(변경) 수립 용역,강원도 홍천군,PQ,897029000,895275350,99.80450465,선진+고려+국일,95.66,763870000,98.497,N
20200534244 - 00,20200527,소도천(황지지구)하천재해예방공사 감리(건설사업관리)용역,강원도 태백시,PQ,1017332000,1024855225,100.7395054,건화+일신,100,880800000,101.2684,N
20200534244 - 00,20200527,소도천(황지지구)하천재해예방공사 감리(건설사업관리)용역,강원도 태백시,PQ,1017332000,1024855225,100.7395054,도화+동남,100,862700000,99.1874,N
20200534244 - 00,20200527,소도천(황지지구)하천재해예방공사 감리(건설사업관리)용역,강원도 태백시,PQ,1017332000,1024855225,100.7395054,이산+서광,100,845000000,97.1523,N
20200534244 - 00,20200527,소도천(황지지구)하천재해예방공사 감리(건설사업관리)용역,강원도 태백시,PQ,1017332000,1024855225,100.7395054,수성+진화,100,874203000,100.5099,N
20200534244 - 00,20200527,소도천(황지지구)하천재해예방공사 감리(건설사업관리)용역,강원도 태백시,PQ,1017332000,1024855225,100.7395054,신명+강원길,100,871500000,100.1991,N
20200534244 - 00,20200527,소도천(황지지구)하천재해예방공사 감리(건설사업관리)용역,강원도 태백시,PQ,1017332000,1024855225,100.7395054,천일+동서,100,871000000,100.1416,N
20200534244 - 00,20200527,소도천(황지지구)하천재해예방공사 감리(건설사업관리)용역,강원도 태백시,PQ,1017332000,1024855225,100.7395054,동부+삼경,100,872817000,100.3506,N
20200534244 - 00,20200527,소도천(황지지구)하천재해예방공사 감리(건설사업관리)용역,강원도 태백시,PQ,1017332000,1024855225,100.7395054,동성+화신,100,870466000,100.0803,N
20200534244 - 00,20200527,소도천(황지지구)하천재해예방공사 감리(건설사업관리)용역,강원도 태백시,PQ,1017332000,1024855225,100.7395054,극동+정,100,869941000,100.0199,N
20200534244 - 00,20200527,소도천(황지지구)하천재해예방공사 감리(건설사업관리)용역,강원도 태백시,PQ,1017332000,1024855225,100.7395054,서영+대상,99.99,865100000,99.4517,N
20200534244 - 00,20200527,소도천(황지지구)하천재해예방공사 감리(건설사업관리)용역,강원도 태백시,PQ,1017332000,1024855225,100.7395054,한종+경원,99.97,876810000,100.7979,Y
20200534244 - 00,20200527,소도천(황지지구)하천재해예방공사 감리(건설사업관리)용역,강원도 태백시,PQ,1017332000,1024855225,100.7395054,평화+한울,99.86,865380000,99.449,N
20200534244 - 00,20200527,소도천(황지지구)하천재해예방공사 감리(건설사업관리)용역,강원도 태백시,PQ,1017332000,1024855225,100.7395054,KCM+정민,99.82,883640000,101.5474,N
20200534244 - 00,20200527,소도천(황지지구)하천재해예방공사 감리(건설사업관리)용역,강원도 태백시,PQ,1017332000,1024855225,100.7395054,한기+홍익+삼주,99.8,882800000,101.439,N
20200534773 - 00,20200527,통복공공하수처리시설 개선 타당성조사용역,경기도 평택시 상하수도사업소,PQ,1110000000,1123494825,101.21575,건화+범한+태성(반석안전),98.26,880000000,100.2076,N
20200534773 - 00,20200527,통복공공하수처리시설 개선 타당성조사용역,경기도 평택시 상하수도사업소,PQ,1110000000,1123494825,101.21575,이산+동명,97.85,877778000,99.6272,N
20200534773 - 00,20200527,통복공공하수처리시설 개선 타당성조사용역,경기도 평택시 상하수도사업소,PQ,1110000000,1123494825,101.21575,삼안+하이콘,97.85,881870000,100.0917,N
20200534773 - 00,20200527,통복공공하수처리시설 개선 타당성조사용역,경기도 평택시 상하수도사업소,PQ,1110000000,1123494825,101.21575,KG+보람,97.84,876590000,99.4798,N
20200534773 - 00,20200527,통복공공하수처리시설 개선 타당성조사용역,경기도 평택시 상하수도사업소,PQ,1110000000,1123494825,101.21575,한종+도화,97.83,887100000,100.6726,N
20200534773 - 00,20200527,통복공공하수처리시설 개선 타당성조사용역,경기도 평택시 상하수도사업소,PQ,1110000000,1123494825,101.21575,유신+선진+경동,97.78,875710000,99.3299,N
20200534773 - 00,20200527,통복공공하수처리시설 개선 타당성조사용역,경기도 평택시 상하수도사업소,PQ,1110000000,1123494825,101.21575,제일+서영,97.54,1043400000,118.1276,Y
20200535312 - 00,20200527,회룡천 하천재해예방사업 건설사업관리용역 ,전라남도,PQ,1873000000,1876629000,100.1937533,이산+영진,100,1482800000,101.5028,Y
20200535312 - 00,20200527,회룡천 하천재해예방사업 건설사업관리용역 ,전라남도,PQ,1873000000,1876629000,100.1937533,수성+우빈,99.92,1817000000,124.2843,N
20200535312 - 00,20200527,회룡천 하천재해예방사업 건설사업관리용역 ,전라남도,PQ,1873000000,1876629000,100.1937533,KCM+산하+NH,99,1459947000,99.1251,N
20200535312 - 00,20200527,청룡천 하천재해예방사업 건설사업관리용역 ,전라남도,PQ,2055000000,2033710225,98.96400122,건화+하이콘,100,1636470000,102.1009,N
20200535312 - 00,20200527,청룡천 하천재해예방사업 건설사업관리용역 ,전라남도,PQ,2055000000,2033710225,98.96400122,동성+우리,100,1607000000,100.2622,N
20200535312 - 00,20200527,청룡천 하천재해예방사업 건설사업관리용역 ,전라남도,PQ,2055000000,2033710225,98.96400122,천일+산이,100,1596260000,99.5921,Y
20200535312 - 00,20200527,청룡천 하천재해예방사업 건설사업관리용역 ,전라남도,PQ,2055000000,2033710225,98.96400122,동명+세원,97.78,1972800000,120.8687,N
20200535312 - 00,20200527,노안천 하천재해예방사업 건설사업관리용역 ,전라남도,PQ,1813000000,1811032950,99.89150303,극동+원우,100,1700000000,120.2221,N
20200535312 - 00,20200527,노안천 하천재해예방사업 건설사업관리용역 ,전라남도,PQ,1813000000,1811032950,99.89150303,유신+평화,100,1416910000,100.2023,Y
20200535312 - 00,20200527,노안천 하천재해예방사업 건설사업관리용역 ,전라남도,PQ,1813000000,1811032950,99.89150303,서영+신촌,99.83,1407750000,99.4143,N
20200535312 - 00,20200527,유정천 하천재해예방사업 건설사업관리용역 ,전라남도,PQ,3119000000,3127093850,100.2595014,신명+한기,100,2431580000,99.9554,N
20200535312 - 00,20200527,유정천 하천재해예방사업 건설사업관리용역 ,전라남도,PQ,3119000000,3127093850,100.2595014,삼안+동아+원진,99.7,2436390000,99.897,N
20200535312 - 00,20200527,유정천 하천재해예방사업 건설사업관리용역 ,전라남도,PQ,3119000000,3127093850,100.2595014,도화+신오,99.32,2543000000,103.9492,Y
20200535312 - 00,20200527,유정천 하천재해예방사업 건설사업관리용역 ,전라남도,PQ,3119000000,3127093850,100.2595014,용마+양원,94.35,2590000000,101.7453,N
20200535312 - 00,20200527,유정천 하천재해예방사업 건설사업관리용역 ,전라남도,PQ,3119000000,3127093850,100.2595014,광장+신성+강남,93.35,2595000000,101.1486,N
20200535686 - 00,20200527,베르네천 생태하천복원사업 기본 및 실시설계용역,경기도 부천시,PQ,871070000,869160225,99.78075528,도화+서영,99.3,751430000,100.7124,N
20200535686 - 00,20200527,베르네천 생태하천복원사업 기본 및 실시설계용역,경기도 부천시,PQ,871070000,869160225,99.78075528,동부+KSM,98.06,746900000,99.7907,Y
20200535686 - 00,20200527,베르네천 생태하천복원사업 기본 및 실시설계용역,경기도 부천시,PQ,871070000,869160225,99.78075528,이산+수성,97.98,754370000,100.7652,N
20200535686 - 00,20200527,베르네천 생태하천복원사업 기본 및 실시설계용역,경기도 부천시,PQ,871070000,869160225,99.78075528,유신+동명,97.84,746843000,99.725,N
20200535686 - 00,20200527,베르네천 생태하천복원사업 기본 및 실시설계용역,경기도 부천시,PQ,871070000,869160225,99.78075528,건화+KCI(테크피아),97.82,760130000,101.4992,N
20200535686 - 00,20200527,베르네천 생태하천복원사업 기본 및 실시설계용역,경기도 부천시,PQ,871070000,869160225,99.78075528,한종+주하,97.7,748500000,99.9114,N
20200535686 - 00,20200527,베르네천 생태하천복원사업 기본 및 실시설계용역,경기도 부천시,PQ,871070000,869160225,99.78075528,화신+경호,97.66,740290000,98.804,N
20200535686 - 00,20200527,베르네천 생태하천복원사업 기본 및 실시설계용역,경기도 부천시,PQ,871070000,869160225,99.78075528,평화+KG+강동,97.63,779240000,103.9905,N
20200535441 - 00,20200527,2020 지하철 승강편의시설 설치공사 감독권한대행 등 건설사업관리용역(2차),서울교통공사,PQ,2876923000,2896651550,100.6857518,동일+동해+다인,100,2247000000,100.1401,N
20200535441 - 00,20200527,2020 지하철 승강편의시설 설치공사 감독권한대행 등 건설사업관리용역(2차),서울교통공사,PQ,2876923000,2896651550,100.6857518,동명+융도+혜원,99.26,2284300000,101.1797,Y
20200535441 - 00,20200527,2020 지하철 승강편의시설 설치공사 감독권한대행 등 건설사업관리용역(2차),서울교통공사,PQ,2876923000,2896651550,100.6857518,유신+신성+유탑+한일,99.24,2246437000,99.49,N
20200535441 - 00,20200527,2020 지하철 승강편의시설 설치공사 감독권한대행 등 건설사업관리용역(2차),서울교통공사,PQ,2876923000,2896651550,100.6857518,도화+백림+수성,98.58,2281400000,100.5006,N
20200535441 - 00,20200527,2020 지하철 승강편의시설 설치공사 감독권한대행 등 건설사업관리용역(2차),서울교통공사,PQ,2876923000,2896651550,100.6857518,동부+대콘+예성+이음,98.44,2248290000,98.9292,N
20200535441 - 00,20200527,2020 지하철 승강편의시설 설치공사 감독권한대행 등 건설사업관리용역(2차),서울교통공사,PQ,2876923000,2896651550,100.6857518,건화+천일+경호(석우),98.04,2500000000,109.6856,N
20200536360 - 00,20200528,완도군 명사항 어촌뉴딜300사업 실시설계 용역,한국농어촌공사 전남지역본부,PQ,352000000,350052575,99.44675426,유신+평화,97.58,307751000,100.5454,N
20200536360 - 00,20200528,완도군 명사항 어촌뉴딜300사업 실시설계 용역,한국농어촌공사 전남지역본부,PQ,352000000,350052575,99.44675426,세일+이산+신명,97.53,307703000,100.5297,N
20200536360 - 00,20200528,완도군 명사항 어촌뉴딜300사업 실시설계 용역,한국농어촌공사 전남지역본부,PQ,352000000,350052575,99.44675426,한종+신오,96.69,306100000,99.9141,N
20200536360 - 00,20200528,완도군 명사항 어촌뉴딜300사업 실시설계 용역,한국농어촌공사 전남지역본부,PQ,352000000,350052575,99.44675426,건화+한기,96.24,313500000,102.2943,N
20200536360 - 00,20200528,완도군 명사항 어촌뉴딜300사업 실시설계 용역,한국농어촌공사 전남지역본부,PQ,352000000,350052575,99.44675426,서영+하이콘,95.68,305000000,99.4636,Y
20200536349 - 00,20200528,해남군 성산항 어촌뉴딜300사업 실기설계 용역,한국농어촌공사 전남지역본부,PQ,353100000,349232750,98.90477202,유신+평화,97.58,308713000,100.5455,N
20200536349 - 00,20200528,해남군 성산항 어촌뉴딜300사업 실기설계 용역,한국농어촌공사 전남지역본부,PQ,353100000,349232750,98.90477202,세일+이산+신명,97.53,308665000,100.5299,N
20200536349 - 00,20200528,해남군 성산항 어촌뉴딜300사업 실기설계 용역,한국농어촌공사 전남지역본부,PQ,353100000,349232750,98.90477202,한종+신오,96.69,306900000,99.8631,Y
20200536349 - 00,20200528,해남군 성산항 어촌뉴딜300사업 실기설계 용역,한국농어촌공사 전남지역본부,PQ,353100000,349232750,98.90477202,건화+한기,96.24,314490000,102.2976,N
20200536349 - 00,20200528,해남군 성산항 어촌뉴딜300사업 실기설계 용역,한국농어촌공사 전남지역본부,PQ,353100000,349232750,98.90477202,서영+하이콘,95.68,307295000,99.8998,N
20200536334 - 00,20200528,무안군 도리포항 어촌뉴딜300사업 실시설계 용역,한국농어촌공사 전남지역본부,PQ,413600000,414908075,100.3162657,유신+평화,97.58,360775000,100.314,N
20200536334 - 00,20200528,무안군 도리포항 어촌뉴딜300사업 실시설계 용역,한국농어촌공사 전남지역본부,PQ,413600000,414908075,100.3162657,세일+이산+신명,97.53,358854000,99.7798,N
20200536334 - 00,20200528,무안군 도리포항 어촌뉴딜300사업 실시설계 용역,한국농어촌공사 전남지역본부,PQ,413600000,414908075,100.3162657,한종+신오,96.69,362660000,100.7454,Y
20200536334 - 00,20200528,무안군 도리포항 어촌뉴딜300사업 실시설계 용역,한국농어촌공사 전남지역본부,PQ,413600000,414908075,100.3162657,건화+한기,96.24,358660000,99.5999,N
20200536334 - 00,20200528,무안군 도리포항 어촌뉴딜300사업 실시설계 용역,한국농어촌공사 전남지역본부,PQ,413600000,414908075,100.3162657,서영+하이콘,95.68,360849000,100.1502,N
20200536330 - 00,20200528,무안군 닭머리항 어촌뉴딜300사업 실시설계 용역,한국농어촌공사 전남지역본부,PQ,415800000,412236625,99.14300746,유신+평화,97.58,362694000,100.3139,N
20200536330 - 00,20200528,무안군 닭머리항 어촌뉴딜300사업 실시설계 용역,한국농어촌공사 전남지역본부,PQ,415800000,412236625,99.14300746,세일+이산+신명,97.53,362245000,100.1898,N
20200536330 - 00,20200528,무안군 닭머리항 어촌뉴딜300사업 실시설계 용역,한국농어촌공사 전남지역본부,PQ,415800000,412236625,99.14300746,한종+신오,96.69,364250000,100.6517,N
20200536330 - 00,20200528,무안군 닭머리항 어촌뉴딜300사업 실시설계 용역,한국농어촌공사 전남지역본부,PQ,415800000,412236625,99.14300746,건화+한기,96.24,360600000,99.6088,Y
20200536330 - 00,20200528,무안군 닭머리항 어촌뉴딜300사업 실시설계 용역,한국농어촌공사 전남지역본부,PQ,415800000,412236625,99.14300746,서영+하이콘,95.68,368380000,101.6995,N
20200536249 - 00,20200528,진도군 가사항 어촌뉴딜300사업 실시설계 용역,한국농어촌공사 전남지역본부,PQ,487300000,489400325,100.4310127,유신+평화,97.58,426043000,100.5455,N
20200536249 - 00,20200528,진도군 가사항 어촌뉴딜300사업 실시설계 용역,한국농어촌공사 전남지역본부,PQ,487300000,489400325,100.4310127,세일+이산+신명,97.53,425977000,100.5299,Y
20200536249 - 00,20200528,진도군 가사항 어촌뉴딜300사업 실시설계 용역,한국농어촌공사 전남지역본부,PQ,487300000,489400325,100.4310127,한종+신오,96.69,426800000,100.6315,N
20200536249 - 00,20200528,진도군 가사항 어촌뉴딜300사업 실시설계 용역,한국농어촌공사 전남지역본부,PQ,487300000,489400325,100.4310127,건화+한기,96.24,420800000,99.1827,N
20200536249 - 00,20200528,진도군 가사항 어촌뉴딜300사업 실시설계 용역,한국농어촌공사 전남지역본부,PQ,487300000,489400325,100.4310127,서영+하이콘,95.68,428760000,101.0008,N
20200536024 - 00,20200528,에티오피아 통합농산업단지(IAIP) 환경기초시설 구축사업 F/S (타당성조사) 용역,한국수출입은행,협상,997000000,0,0,도화,95.84,598200000,60,Y
20200536024 - 00,20200528,에티오피아 통합농산업단지(IAIP) 환경기초시설 구축사업 F/S (타당성조사) 용역,한국수출입은행,협상,997000000,0,0,건화+한종,94.17,598200000,60,N
20200536675 - 00,20200528,대덕구 오정동일원 하수관로 정비공사 감독권한대행 건설사업관리용역,대전광역시 건설관리본부,PQ,3184000000,3187398975,100.1067517,삼안+동양+극동,100,2493920000,100.4252,N
20200536675 - 00,20200528,대덕구 오정동일원 하수관로 정비공사 감독권한대행 건설사업관리용역,대전광역시 건설관리본부,PQ,3184000000,3187398975,100.1067517,도화+신화+송현,99.78,2483100000,99.7976,N
20200536675 - 00,20200528,대덕구 오정동일원 하수관로 정비공사 감독권한대행 건설사업관리용역,대전광역시 건설관리본부,PQ,3184000000,3187398975,100.1067517,KG+경동+경림,99.69,2492468000,100.11,Y
20200536675 - 00,20200528,대덕구 오정동일원 하수관로 정비공사 감독권한대행 건설사업관리용역,대전광역시 건설관리본부,PQ,3184000000,3187398975,100.1067517,건화+선구,99.6,2494000000,100.0947,N
20200536675 - 00,20200528,대덕구 오정동일원 하수관로 정비공사 감독권한대행 건설사업관리용역,대전광역시 건설관리본부,PQ,3184000000,3187398975,100.1067517,이산+중부,99.54,2519480000,101.0657,N
20200536675 - 00,20200528,대덕구 오정동일원 하수관로 정비공사 감독권한대행 건설사업관리용역,대전광역시 건설관리본부,PQ,3184000000,3187398975,100.1067517,동성+선진+신원,99.34,2469588000,98.9001,N
20200536675 - 00,20200528,대덕구 오정동일원 하수관로 정비공사 감독권한대행 건설사업관리용역,대전광역시 건설관리본부,PQ,3184000000,3187398975,100.1067517,동명+아주,99.2,2472500000,98.9033,N
20200536675 - 00,20200528,대덕구 오정동일원 하수관로 정비공사 감독권한대행 건설사업관리용역,대전광역시 건설관리본부,PQ,3184000000,3187398975,100.1067517,한종+도원+오이디,99.14,2556000000,102.1913,N
20200536675 - 00,20200528,대덕구 오정동일원 하수관로 정비공사 감독권한대행 건설사업관리용역,대전광역시 건설관리본부,PQ,3184000000,3187398975,100.1067517,경호+용마+포유,98.84,2476850000,98.7879,N
20200536675 - 00,20200528,대덕구 오정동일원 하수관로 정비공사 감독권한대행 건설사업관리용역,대전광역시 건설관리본부,PQ,3184000000,3187398975,100.1067517,삼보+와텍+서영,98.74,2546280000,101.4797,N
20200536603 - 00,20200528,용인시 생활자원회수센터 확충사업 기본 및 실시설계용역,경기도 용인시,PQ,1598300000,1606343475,100.5032519,한종+도화+경화,97.04,1315600000,103.0258,Y
20200536603 - 00,20200528,용인시 생활자원회수센터 확충사업 기본 및 실시설계용역,경기도 용인시,PQ,1598300000,1606343475,100.5032519,건화(테크피아),86.2,1420000000,102.314,N
20200536871 - 00,20200528,랜드마크시티 2호 수변공원 외 1개소 기본계획 및 실시설계 용역,인천광역시 경제자유구역청,PQ,1157000000,1155368700,99.85900605,KG+도담+보람,97.17,926970000,100.3801,N
20200536871 - 00,20200528,랜드마크시티 2호 수변공원 외 1개소 기본계획 및 실시설계 용역,인천광역시 경제자유구역청,PQ,1157000000,1155368700,99.85900605,한종+극동,97.08,923100000,99.8985,Y
20200536871 - 00,20200528,랜드마크시티 2호 수변공원 외 1개소 기본계획 및 실시설계 용역,인천광역시 경제자유구역청,PQ,1157000000,1155368700,99.85900605,도화+동남+장원,97.07,936100000,101.2927,N
20200536871 - 00,20200528,랜드마크시티 2호 수변공원 외 1개소 기본계획 및 실시설계 용역,인천광역시 경제자유구역청,PQ,1157000000,1155368700,99.85900605,유신+대한건설,96.43,944234000,101.651,N
20200536871 - 00,20200528,랜드마크시티 2호 수변공원 외 1개소 기본계획 및 실시설계 용역,인천광역시 경제자유구역청,PQ,1157000000,1155368700,99.85900605,건화+바우(KCT+지오서베이),95.01,1088000000,115.8154,N
20200536880 - 00,20200528,음성군 소규모 공공시설 안전점검 및 정비계획 수립용역,충청북도 음성군,PQ,1500000000,1488566250,99.23775,이산+홍익,98.44,1189700000,100.403,N
20200536880 - 00,20200528,음성군 소규모 공공시설 안전점검 및 정비계획 수립용역,충청북도 음성군,PQ,1500000000,1488566250,99.23775,동부+동림,98.04,1185688000,99.7361,N
20200536880 - 00,20200528,음성군 소규모 공공시설 안전점검 및 정비계획 수립용역,충청북도 음성군,PQ,1500000000,1488566250,99.23775,건화+영진+KCI,97.96,1190760000,100.0996,N
20200536880 - 00,20200528,음성군 소규모 공공시설 안전점검 및 정비계획 수립용역,충청북도 음성군,PQ,1500000000,1488566250,99.23775,유신+도우,97.84,1198575000,100.655,N
20200536880 - 00,20200528,음성군 소규모 공공시설 안전점검 및 정비계획 수립용역,충청북도 음성군,PQ,1500000000,1488566250,99.23775,KG+대원,97.76,1203200000,100.9798,N
20200536880 - 00,20200528,음성군 소규모 공공시설 안전점검 및 정비계획 수립용역,충청북도 음성군,PQ,1500000000,1488566250,99.23775,한종+선,97.72,1198200000,100.5349,N
20200536880 - 00,20200528,음성군 소규모 공공시설 안전점검 및 정비계획 수립용역,충청북도 음성군,PQ,1500000000,1488566250,99.23775,동명+지명,97.7,1184500000,99.3604,Y
20200536880 - 00,20200528,음성군 소규모 공공시설 안전점검 및 정비계획 수립용역,충청북도 음성군,PQ,1500000000,1488566250,99.23775,경호+진우,97.62,1206390000,101.133,N
20200536880 - 00,20200528,음성군 소규모 공공시설 안전점검 및 정비계획 수립용역,충청북도 음성군,PQ,1500000000,1488566250,99.23775,도화+건양+삼경,97.61,1179300000,98.862,N
20200536880 - 00,20200528,음성군 소규모 공공시설 안전점검 및 정비계획 수립용역,충청북도 음성군,PQ,1500000000,1488566250,99.23775,삼안+청우건축+한맥,97.56,1177000000,98.6196,N
20200536880 - 00,20200528,음성군 소규모 공공시설 안전점검 및 정비계획 수립용역,충청북도 음성군,PQ,1500000000,1488566250,99.23775,다산+해린,97.46,1217590000,101.9437,N
20200536880 - 00,20200528,음성군 소규모 공공시설 안전점검 및 정비계획 수립용역,충청북도 음성군,PQ,1500000000,1488566250,99.23775,평화+도명+유일,96.79,1223700000,101.9049,N
20200536880 - 00,20200528,음성군 소규모 공공시설 안전점검 및 정비계획 수립용역,충청북도 음성군,PQ,1500000000,1488566250,99.23775,화신+창민,96.5,1414000000,117.4882,N
2001933 - 00,20200528,행복도시 소음저감시설 및 보도육교 설치공사 시공단계 건설사업관리용역,한국토지주택공사,PQ,942046000,940000000,99.78281315,도화,99.63,809700000,100.4162,N
2001933 - 00,20200528,행복도시 소음저감시설 및 보도육교 설치공사 시공단계 건설사업관리용역,한국토지주택공사,PQ,942046000,940000000,99.78281315,용마,99.57,805233000,99.8505,Y
2001933 - 00,20200528,행복도시 소음저감시설 및 보도육교 설치공사 시공단계 건설사업관리용역,한국토지주택공사,PQ,942046000,940000000,99.78281315,신성,99.1,811580000,100.4967,N
2001933 - 00,20200528,행복도시 소음저감시설 및 보도육교 설치공사 시공단계 건설사업관리용역,한국토지주택공사,PQ,942046000,940000000,99.78281315,유신,99.07,806290000,99.83,N
2001933 - 00,20200528,행복도시 소음저감시설 및 보도육교 설치공사 시공단계 건설사업관리용역,한국토지주택공사,PQ,942046000,940000000,99.78281315,건화,98.73,804700000,99.5402,N
2001933 - 00,20200528,행복도시 소음저감시설 및 보도육교 설치공사 시공단계 건설사업관리용역,한국토지주택공사,PQ,942046000,940000000,99.78281315,동일+목양,98.6,818000000,101.1501,N
2001933 - 00,20200528,행복도시 소음저감시설 및 보도육교 설치공사 시공단계 건설사업관리용역,한국토지주택공사,PQ,942046000,940000000,99.78281315,하이콘,98.17,824770000,101.8567,N
20200536387 - 00,20200528,양평군 공공하수처리시설 기술진단 용역(6개소),경기도 양평군 환경사업소,PQ,284676000,284676000,100,에코베이스+건화,100,284676000,113.9666,Y
20200537381 - 00,20200528,밀양시 내이 배수분구 도시침수예방사업 기본 및 실시설계,한국환경공단,SOQ,2208914000,2202789825,99.72275177,삼안+수성+동명,99.25,1766380000,101.9,Y
20200537381 - 00,20200528,밀양시 내이 배수분구 도시침수예방사업 기본 및 실시설계,한국환경공단,SOQ,2208914000,2202789825,99.72275177,건화+이산+범한,98.24,1738000000,99.4391,N
20200537381 - 00,20200528,밀양시 내이 배수분구 도시침수예방사업 기본 및 실시설계,한국환경공단,SOQ,2208914000,2202789825,99.72275177,도화+경화+선진,97.51,2098500000,119.356,N
20200537283 - 00,20200528,"파주시 분수, 적성(두지,구읍) 하수관로 정비사업 기본 및 실시설계",한국환경공단,PQ,1617703000,1611337400,99.60650379,삼안+동명,99.4,1279960000,100.9403,Y
20200537283 - 00,20200528,"파주시 분수, 적성(두지,구읍) 하수관로 정비사업 기본 및 실시설계",한국환경공단,PQ,1617703000,1611337400,99.60650379,이산+도화,98.99,1283700000,100.9006,N
20200537283 - 00,20200528,"파주시 분수, 적성(두지,구읍) 하수관로 정비사업 기본 및 실시설계",한국환경공단,PQ,1617703000,1611337400,99.60650379,건화+평화+정+동해,98.94,1265400000,99.4242,N
20200537283 - 00,20200528,"파주시 분수, 적성(두지,구읍) 하수관로 정비사업 기본 및 실시설계",한국환경공단,PQ,1617703000,1611337400,99.60650379,선진+제일+경동,98.6,1264920000,99.1094,N
20200537283 - 00,20200528,"파주시 분수, 적성(두지,구읍) 하수관로 정비사업 기본 및 실시설계",한국환경공단,PQ,1617703000,1611337400,99.60650379,한종+범한,98.51,1468830000,114.9987,N
20200537017 - 00,20200528,구산해양관광단지 조성사업 기반시설 감독권한대행 등 건설사업관리 용역,경상남도 창원시,PQ,967131000,977032050,101.0237548,건화+하우,100,826900000,100.0062,N
20200537017 - 00,20200528,구산해양관광단지 조성사업 기반시설 감독권한대행 등 건설사업관리 용역,경상남도 창원시,PQ,967131000,977032050,101.0237548,도화+범한,100,826800000,99.9941,N
20200537017 - 00,20200528,구산해양관광단지 조성사업 기반시설 감독권한대행 등 건설사업관리 용역,경상남도 창원시,PQ,967131000,977032050,101.0237548,동명+한가람,100,827650000,100.0969,N
20200537017 - 00,20200528,구산해양관광단지 조성사업 기반시설 감독권한대행 등 건설사업관리 용역,경상남도 창원시,PQ,967131000,977032050,101.0237548,이산+신화,100,821281000,99.3266,N
20200537017 - 00,20200528,구산해양관광단지 조성사업 기반시설 감독권한대행 등 건설사업관리 용역,경상남도 창원시,PQ,967131000,977032050,101.0237548,KCM+현진,100,820840000,99.2733,N
20200537017 - 00,20200528,구산해양관광단지 조성사업 기반시설 감독권한대행 등 건설사업관리 용역,경상남도 창원시,PQ,967131000,977032050,101.0237548,유신+KSM,100,822549000,99.48,N
20200537017 - 00,20200528,구산해양관광단지 조성사업 기반시설 감독권한대행 등 건설사업관리 용역,경상남도 창원시,PQ,967131000,977032050,101.0237548,신명+우정,100,828500000,100.1997,N
20200537017 - 00,20200528,구산해양관광단지 조성사업 기반시설 감독권한대행 등 건설사업관리 용역,경상남도 창원시,PQ,967131000,977032050,101.0237548,홍익+태일,100,824285000,99.6899,N
20200537017 - 00,20200528,구산해양관광단지 조성사업 기반시설 감독권한대행 등 건설사업관리 용역,경상남도 창원시,PQ,967131000,977032050,101.0237548,용마+혜인,100,832535000,100.6877,N
20200537017 - 00,20200528,구산해양관광단지 조성사업 기반시설 감독권한대행 등 건설사업관리 용역,경상남도 창원시,PQ,967131000,977032050,101.0237548,동성+HEC,100,823459000,99.5901,N
20200537017 - 00,20200528,구산해양관광단지 조성사업 기반시설 감독권한대행 등 건설사업관리 용역,경상남도 창원시,PQ,967131000,977032050,101.0237548,경동+경화,100,824153000,99.674,N
20200537017 - 00,20200528,구산해양관광단지 조성사업 기반시설 감독권한대행 등 건설사업관리 용역,경상남도 창원시,PQ,967131000,977032050,101.0237548,한종+로텍,99.99,832710000,100.6971,N
20200537017 - 00,20200528,구산해양관광단지 조성사업 기반시설 감독권한대행 등 건설사업관리 용역,경상남도 창원시,PQ,967131000,977032050,101.0237548,대콘+재화,99.95,833769100,100.8134,N
20200537017 - 00,20200528,구산해양관광단지 조성사업 기반시설 감독권한대행 등 건설사업관리 용역,경상남도 창원시,PQ,967131000,977032050,101.0237548,평화+한올,99.84,818140000,98.9005,N
20200537017 - 00,20200528,구산해양관광단지 조성사업 기반시설 감독권한대행 등 건설사업관리 용역,경상남도 창원시,PQ,967131000,977032050,101.0237548,서영+유진,99.84,828070000,100.1009,N
20200537017 - 00,20200528,구산해양관광단지 조성사업 기반시설 감독권한대행 등 건설사업관리 용역,경상남도 창원시,PQ,967131000,977032050,101.0237548,경원+금성,99.79,825300000,99.7544,N
20200537017 - 00,20200528,구산해양관광단지 조성사업 기반시설 감독권한대행 등 건설사업관리 용역,경상남도 창원시,PQ,967131000,977032050,101.0237548,화신+천진,99.29,873873000,105.4898,Y
20200538848 - 00,20200529,보성 평우소하천 정비사업 실시설계 용역,전라남도 보성군,PQ,481280000,473091050,98.29850607,동부+한기,97.39,420277000,100.4022,N
20200538848 - 00,20200529,보성 평우소하천 정비사업 실시설계 용역,전라남도 보성군,PQ,481280000,473091050,98.29850607,삼안+동아,96.89,418660000,99.97,N
20200538848 - 00,20200529,보성 평우소하천 정비사업 실시설계 용역,전라남도 보성군,PQ,481280000,473091050,98.29850607,이산+신오,96.72,417880000,99.7722,N
20200538848 - 00,20200529,보성 평우소하천 정비사업 실시설계 용역,전라남도 보성군,PQ,481280000,473091050,98.29850607,한종+우리종합,96.63,419200000,100.0759,N
20200538848 - 00,20200529,보성 평우소하천 정비사업 실시설계 용역,전라남도 보성군,PQ,481280000,473091050,98.29850607,평화,96.63,418130000,99.8205,N
20200538848 - 00,20200529,보성 평우소하천 정비사업 실시설계 용역,전라남도 보성군,PQ,481280000,473091050,98.29850607,화신+우영,96.35,417479000,99.6307,N
20200538848 - 00,20200529,보성 평우소하천 정비사업 실시설계 용역,전라남도 보성군,PQ,481280000,473091050,98.29850607,유신+기림,96.33,417183000,99.5601,Y
20200538848 - 00,20200529,보성 평우소하천 정비사업 실시설계 용역,전라남도 보성군,PQ,481280000,473091050,98.29850607,도화+산이,96.22,423100000,100.9606,N
20200538848 - 00,20200529,보성 평우소하천 정비사업 실시설계 용역,전라남도 보성군,PQ,481280000,473091050,98.29850607,건화+원우,95.85,422400000,100.7588,N
20200538848 - 00,20200529,보성 평우소하천 정비사업 실시설계 용역,전라남도 보성군,PQ,481280000,473091050,98.29850607,다산+하이콘,95.85,419419000,100.0477,N
20200538848 - 00,20200529,보성 평우소하천 정비사업 실시설계 용역,전라남도 보성군,PQ,481280000,473091050,98.29850607,KSM+우빈,95.6,423070000,100.8955,N
20200538848 - 00,20200529,보성 평우소하천 정비사업 실시설계 용역,전라남도 보성군,PQ,481280000,473091050,98.29850607,KG+신명,93.9,426080000,101.4503,N
20200538848 - 00,20200529,보성 평우소하천 정비사업 실시설계 용역,전라남도 보성군,PQ,481280000,473091050,98.29850607,경호+건영,93.8,428428000,101.9977,N
20200539018 - 00,20200529,"파주시 문산,광탄,파주,법원 하수처리시설 개량사업 실시설계",한국환경공단,PQ,691442000,687153375,99.37975636,이산+도화,98.94,595430000,100.4423,N
20200539018 - 00,20200529,"파주시 문산,광탄,파주,법원 하수처리시설 개량사업 실시설계",한국환경공단,PQ,691442000,687153375,99.37975636,동명+건화,98.65,600900000,101.2942,N
20200539018 - 00,20200529,"파주시 문산,광탄,파주,법원 하수처리시설 개량사업 실시설계",한국환경공단,PQ,691442000,687153375,99.37975636,삼안+KG,98.65,592625000,99.8993,N
20200539018 - 00,20200529,"파주시 문산,광탄,파주,법원 하수처리시설 개량사업 실시설계",한국환경공단,PQ,691442000,687153375,99.37975636,제일+서영,98.36,591330000,99.5997,Y
20200539018 - 00,20200529,"파주시 문산,광탄,파주,법원 하수처리시설 개량사업 실시설계",한국환경공단,PQ,691442000,687153375,99.37975636,한종+범한,98.1,588800000,99.1158,N
20200539018 - 00,20200529,"파주시 문산,광탄,파주,법원 하수처리시설 개량사업 실시설계",한국환경공단,PQ,691442000,687153375,99.37975636,선진+경동,97.73,622300000,104.6576,N
20200538469 - 00,20200529,난지물재생센터 지하 음식물류 폐기물 처리시설 건립 타당성조사 기본계획 수립 용역,서울특별시,협상,545710000,531800000,97.4510271,도화+건화+이산,100,531800000,97.451,Y
20200539325 - 00,20200529,아포 도시계획구역 지방도 연계 도로개설 실시설계용역,경상북도 김천시,PQ,905300000,895470750,98.91425494,동성+보람,97.9,782755000,100.58,N
20200539325 - 00,20200529,아포 도시계획구역 지방도 연계 도로개설 실시설계용역,경상북도 김천시,PQ,905300000,895470750,98.91425494,다산+천일,97.4,780095000,100.1101,N
20200539325 - 00,20200529,아포 도시계획구역 지방도 연계 도로개설 실시설계용역,경상북도 김천시,PQ,905300000,895470750,98.91425494,삼보+동진,97.34,777600000,99.7783,N
20200539325 - 00,20200529,아포 도시계획구역 지방도 연계 도로개설 실시설계용역,경상북도 김천시,PQ,905300000,895470750,98.91425494,KCI+KG,96.9,777550000,99.6562,N
20200539325 - 00,20200529,아포 도시계획구역 지방도 연계 도로개설 실시설계용역,경상북도 김천시,PQ,905300000,895470750,98.91425494,홍익+강동,96.83,776790000,99.5472,N
20200539325 - 00,20200529,아포 도시계획구역 지방도 연계 도로개설 실시설계용역,경상북도 김천시,PQ,905300000,895470750,98.91425494,한맥+보원+극동,96.56,788870000,101.0249,N
20200539325 - 00,20200529,아포 도시계획구역 지방도 연계 도로개설 실시설계용역,경상북도 김천시,PQ,905300000,895470750,98.91425494,유신+해동,96.4,773885000,99.06,Y
20200539325 - 00,20200529,아포 도시계획구역 지방도 연계 도로개설 실시설계용역,경상북도 김천시,PQ,905300000,895470750,98.91425494,제일+해인+경동,96.36,788742000,100.95,N
20200539325 - 00,20200529,아포 도시계획구역 지방도 연계 도로개설 실시설계용역,경상북도 김천시,PQ,905300000,895470750,98.91425494,한종+한도,96.26,775147000,99.187,N
20200539325 - 00,20200529,아포 도시계획구역 지방도 연계 도로개설 실시설계용역,경상북도 김천시,PQ,905300000,895470750,98.91425494,건화+한백(세원),95.64,774900000,99.0063,N
20200539325 - 00,20200529,아포 도시계획구역 지방도 연계 도로개설 실시설계용역,경상북도 김천시,PQ,905300000,895470750,98.91425494,도화+정도,95.12,794660000,101.3903,N
20200539325 - 00,20200529,아포 도시계획구역 지방도 연계 도로개설 실시설계용역,경상북도 김천시,PQ,905300000,895470750,98.91425494,동명+DS,94.33,801000000,101.9989,N
20200539325 - 00,20200529,아포 도시계획구역 지방도 연계 도로개설 실시설계용역,경상북도 김천시,PQ,905300000,895470750,98.91425494,화신+현대+드림,92.12,814770000,103.1696,N
