PQ공고 NO.,공고일자,사업명,발주처,입찰구분,기초금액,예정금액,예가,업체명,PQ점수,투찰금액,추정예가,낙찰여부
20200800391 - 00,20200803,중앙(8분구)처리구역 하수관로정비사업 통합건설사업관리용역,전라북도 전주시,PQ,3549171000,3493076400,98.41950134,건화+국성,100,2612690000,100.8481,N
20200800391 - 00,20200803,중앙(8분구)처리구역 하수관로정비사업 통합건설사업관리용역,전라북도 전주시,PQ,3549171000,3493076400,98.41950134,동명+더한,100,2580300000,99.5979,N
20200800391 - 00,20200803,중앙(8분구)처리구역 하수관로정비사업 통합건설사업관리용역,전라북도 전주시,PQ,3549171000,3493076400,98.41950134,수성+성원,100,2595690000,100.1919,N
20200800391 - 00,20200803,중앙(8분구)처리구역 하수관로정비사업 통합건설사업관리용역,전라북도 전주시,PQ,3549171000,3493076400,98.41950134,신명+현성,99.9,2575000000,99.2981,N
20200800391 - 00,20200803,중앙(8분구)처리구역 하수관로정비사업 통합건설사업관리용역,전라북도 전주시,PQ,3549171000,3493076400,98.41950134,삼안+인우+태조,99.81,2579500000,99.39,N
20200800391 - 00,20200803,중앙(8분구)처리구역 하수관로정비사업 통합건설사업관리용역,전라북도 전주시,PQ,3549171000,3493076400,98.41950134,도화+세화,99.8,2617300000,100.8465,N
20200800391 - 00,20200803,중앙(8분구)처리구역 하수관로정비사업 통합건설사업관리용역,전라북도 전주시,PQ,3549171000,3493076400,98.41950134,이산+JCN,99.8,2570490000,99.0428,Y
20200800391 - 00,20200803,중앙(8분구)처리구역 하수관로정비사업 통합건설사업관리용역,전라북도 전주시,PQ,3549171000,3493076400,98.41950134,서영+태평,99.74,2641200000,101.7117,N
20200800391 - 00,20200803,중앙(8분구)처리구역 하수관로정비사업 통합건설사업관리용역,전라북도 전주시,PQ,3549171000,3493076400,98.41950134,천일+대성,99.72,2571000000,98.9948,N
20200800391 - 00,20200803,중앙(8분구)처리구역 하수관로정비사업 통합건설사업관리용역,전라북도 전주시,PQ,3549171000,3493076400,98.41950134,KG+성광,99.64,2578960000,99.2199,N
20200800391 - 00,20200803,중앙(8분구)처리구역 하수관로정비사업 통합건설사업관리용역,전라북도 전주시,PQ,3549171000,3493076400,98.41950134,경호+신한,99.42,2573520000,98.8217,N
20200800391 - 00,20200803,중앙(8분구)처리구역 하수관로정비사업 통합건설사업관리용역,전라북도 전주시,PQ,3549171000,3493076400,98.41950134,극동+유일,99.14,2643746000,101.27,N
20200800391 - 00,20200803,중앙(8분구)처리구역 하수관로정비사업 통합건설사업관리용역,전라북도 전주시,PQ,3549171000,3493076400,98.41950134,선진+건일+KCM,99.14,2646610000,101.3797,N
20200800391 - 00,20200803,중앙(8분구)처리구역 하수관로정비사업 통합건설사업관리용역,전라북도 전주시,PQ,3549171000,3493076400,98.41950134,한종+목양,99.12,2571800000,98.5006,N
20200800391 - 00,20200803,중앙(8분구)처리구역 하수관로정비사업 통합건설사업관리용역,전라북도 전주시,PQ,3549171000,3493076400,98.41950134,건양+가온+KCI,99.1,2638983000,101.06,N
20200800391 - 00,20200803,중앙(8분구)처리구역 하수관로정비사업 통합건설사업관리용역,전라북도 전주시,PQ,3549171000,3493076400,98.41950134,동성+길건축,99.1,2572133000,98.5,N
20200800391 - 00,20200803,중앙(8분구)처리구역 하수관로정비사업 통합건설사업관리용역,전라북도 전주시,PQ,3549171000,3493076400,98.41950134,유신+한가람,99.1,2652614000,101.582,N
20200800391 - 00,20200803,중앙(8분구)처리구역 하수관로정비사업 통합건설사업관리용역,전라북도 전주시,PQ,3549171000,3493076400,98.41950134,다산+새움,99.02,2573879000,98.4999,N
20200800391 - 00,20200803,중앙(8분구)처리구역 하수관로정비사업 통합건설사업관리용역,전라북도 전주시,PQ,3549171000,3493076400,98.41950134,평화+온길,98.84,2661700000,101.695,N
20200800391 - 00,20200803,중앙(8분구)처리구역 하수관로정비사업 통합건설사업관리용역,전라북도 전주시,PQ,3549171000,3493076400,98.41950134,화신+고산+경원,98.84,2651370000,101.3003,N
20200800391 - 00,20200803,중앙(8분구)처리구역 하수관로정비사업 통합건설사업관리용역,전라북도 전주시,PQ,3549171000,3493076400,98.41950134,삼보+천마,98.73,2649450000,101.131,N
20200800391 - 00,20200803,중앙(8분구)처리구역 하수관로정비사업 통합건설사업관리용역,전라북도 전주시,PQ,3549171000,3493076400,98.41950134,동일+주영+승현,98.63,2666000000,101.68,N
20200800391 - 00,20200803,중앙(8분구)처리구역 하수관로정비사업 통합건설사업관리용역,전라북도 전주시,PQ,3549171000,3493076400,98.41950134,경동+동운,98.6,2661475000,101.48,N
20200800391 - 00,20200803,중앙(8분구)처리구역 하수관로정비사업 통합건설사업관리용역,전라북도 전주시,PQ,3549171000,3493076400,98.41950134,용마+세종+드림,98.5,2579899000,98.2898,N
20200800391 - 00,20200803,중앙(8분구)처리구역 하수관로정비사업 통합건설사업관리용역,전라북도 전주시,PQ,3549171000,3493076400,98.41950134,대콘+유현,98.43,2575000000,98.0501,N
20200800391 - 00,20200803,중앙(8분구)처리구역 하수관로정비사업 통합건설사업관리용역,전라북도 전주시,PQ,3549171000,3493076400,98.41950134,제일+조화,98.26,2677800000,101.8131,N
20200800391 - 00,20200803,중앙(8분구)처리구역 하수관로정비사업 통합건설사업관리용역,전라북도 전주시,PQ,3549171000,3493076400,98.41950134,동해+아라,98.24,2680000000,101.8693,N
20200800391 - 00,20200803,중앙(8분구)처리구역 하수관로정비사업 통합건설사업관리용역,전라북도 전주시,PQ,3549171000,3493076400,98.41950134,홍익+태영,97.94,2694174000,102.1462,N
20200800391 - 00,20200803,중앙(8분구)처리구역 하수관로정비사업 통합건설사업관리용역,전라북도 전주시,PQ,3549171000,3493076400,98.41950134,범한+대도,97.9,2692000000,102.0363,N
20200800716 - 01,20200803,서구 내동 일원 하수관로 정비공사 건설사업관리용역,대전광역시 건설관리본부,PQ,3427000000,3370651600,98.35575139,건화+선구+세화,100,2521790000,100.8096,N
20200800716 - 01,20200803,서구 내동 일원 하수관로 정비공사 건설사업관리용역,대전광역시 건설관리본부,PQ,3427000000,3370651600,98.35575139,삼안+동양+극동,99.86,2500578000,99.8385,N
20200800716 - 01,20200803,서구 내동 일원 하수관로 정비공사 건설사업관리용역,대전광역시 건설관리본부,PQ,3427000000,3370651600,98.35575139,도화+신화+송현E,99.36,2496000000,99.2213,N
20200800716 - 01,20200803,서구 내동 일원 하수관로 정비공사 건설사업관리용역,대전광역시 건설관리본부,PQ,3427000000,3370651600,98.35575139,삼보+와텍,99.07,2523800000,100.0674,N
20200800716 - 01,20200803,서구 내동 일원 하수관로 정비공사 건설사업관리용역,대전광역시 건설관리본부,PQ,3427000000,3370651600,98.35575139,이산+아주,99.05,2493567000,98.8552,N
20200800716 - 01,20200803,서구 내동 일원 하수관로 정비공사 건설사업관리용역,대전광역시 건설관리본부,PQ,3427000000,3370651600,98.35575139,서영+용마+포유,99.01,2496900000,98.947,N
20200800716 - 01,20200803,서구 내동 일원 하수관로 정비공사 건설사업관리용역,대전광역시 건설관리본부,PQ,3427000000,3370651600,98.35575139,동명+중부,98.97,2526700000,100.1008,N
20200800716 - 01,20200803,서구 내동 일원 하수관로 정비공사 건설사업관리용역,대전광역시 건설관리본부,PQ,3427000000,3370651600,98.35575139,경동+KG+경림,98.87,2491780000,98.6236,Y
20200800716 - 01,20200803,서구 내동 일원 하수관로 정비공사 건설사업관리용역,대전광역시 건설관리본부,PQ,3427000000,3370651600,98.35575139,동성+선진+신원,98.67,2571000000,101.58,N
20200800716 - 01,20200803,서구 내동 일원 하수관로 정비공사 건설사업관리용역,대전광역시 건설관리본부,PQ,3427000000,3370651600,98.35575139,홍익+상우,98.58,2588444000,102.2,N
20200800716 - 01,20200803,서구 내동 일원 하수관로 정비공사 건설사업관리용역,대전광역시 건설관리본부,PQ,3427000000,3370651600,98.35575139,한종+도원+송현,98.31,2582400000,101.7136,N
20200800798 - 00,20200803,중앙지사 열수송망 성능 보강공사(2단계) 건설사업관리용역,한국지역난방공사,PQ,1975912400,1963464175,99.37000117,건화+도화,100,1610000000,101.858,Y
20200800798 - 00,20200803,중앙지사 열수송망 성능 보강공사(2단계) 건설사업관리용역,한국지역난방공사,PQ,1975912400,1963464175,99.37000117,한종+지역난방기술,98.16,1624000000,101.6887,N
20200800771 - 00,20200803,고양사업소 열수송망 성능 보강공사(2단계) 건설사업관리용역,한국지역난방공사,PQ,2105000700,2118820100,100.6565033,한종+지역난방기술,99.96,1718000000,102.0253,Y
20200800771 - 00,20200803,고양사업소 열수송망 성능 보강공사(2단계) 건설사업관리용역,한국지역난방공사,PQ,2105000700,2118820100,100.6565033,도화+건화,98.1,1724000000,101.7078,N
20200802027 - 00,20200804,임실군 수도정비 기본계획(변경) 및 물수요관리 시행계획 수립용역,전라북도 임실군,PQ,1300000000,1296051250,99.69625,건화+국성,99.38,1028300000,100.8993,Y
20200802027 - 00,20200804,임실군 수도정비 기본계획(변경) 및 물수요관리 시행계획 수립용역,전라북도 임실군,PQ,1300000000,1296051250,99.69625,한종+성원+KCI,97.45,1023900000,98.9032,N
20200802027 - 00,20200804,임실군 수도정비 기본계획(변경) 및 물수요관리 시행계획 수립용역,전라북도 임실군,PQ,1300000000,1296051250,99.69625,도화+세종+JCN,97.37,1050400000,101.3993,N
20200802027 - 00,20200804,임실군 수도정비 기본계획(변경) 및 물수요관리 시행계획 수립용역,전라북도 임실군,PQ,1300000000,1296051250,99.69625,동명+더한+이솔+수성,97.22,1028500000,99.1732,N
20200802027 - 00,20200804,임실군 수도정비 기본계획(변경) 및 물수요관리 시행계획 수립용역,전라북도 임실군,PQ,1300000000,1296051250,99.69625,범한+대도,97.17,1025900000,98.8729,N
20200802027 - 00,20200804,임실군 수도정비 기본계획(변경) 및 물수요관리 시행계획 수립용역,전라북도 임실군,PQ,1300000000,1296051250,99.69625,KG+인우+수성E,96.68,1027250000,98.6199,N
20200802027 - 00,20200804,임실군 수도정비 기본계획(변경) 및 물수요관리 시행계획 수립용역,전라북도 임실군,PQ,1300000000,1296051250,99.69625,삼안+현성+한맥,96.58,1062490000,101.9268,N
20200802027 - 00,20200804,임실군 수도정비 기본계획(변경) 및 물수요관리 시행계획 수립용역,전라북도 임실군,PQ,1300000000,1296051250,99.69625,화신+삼주+고산+태영,96.15,1065397000,101.85,N
20200802027 - 00,20200804,임실군 수도정비 기본계획(변경) 및 물수요관리 시행계획 수립용역,전라북도 임실군,PQ,1300000000,1296051250,99.69625,유신+한가람+유현,95.98,1196000000,114.1793,N
20200801646 - 00,20200804,반월국가산업단지 재생사업 사후환경영향조사 용역(공사시),경기도 안산시 산업지원본부,PQ,392526000,395880175,100.8545103,천일+건일+소운,99.54,341280000,100.1839,N
20200801646 - 00,20200804,반월국가산업단지 재생사업 사후환경영향조사 용역(공사시),경기도 안산시 산업지원본부,PQ,392526000,395880175,100.8545103,신성+CNS,98.97,342480000,100.4782,N
20200801646 - 00,20200804,반월국가산업단지 재생사업 사후환경영향조사 용역(공사시),경기도 안산시 산업지원본부,PQ,392526000,395880175,100.8545103,화신+선진+중천,98.97,339589000,99.6301,N
20200801646 - 00,20200804,반월국가산업단지 재생사업 사후환경영향조사 용역(공사시),경기도 안산시 산업지원본부,PQ,392526000,395880175,100.8545103,이산+DS,98.97,342150000,100.3814,N
20200801646 - 00,20200804,반월국가산업단지 재생사업 사후환경영향조사 용역(공사시),경기도 안산시 산업지원본부,PQ,392526000,395880175,100.8545103,한종+한국환경,98.97,340440000,99.8797,N
20200801646 - 00,20200804,반월국가산업단지 재생사업 사후환경영향조사 용역(공사시),경기도 안산시 산업지원본부,PQ,392526000,395880175,100.8545103,동부+대현,98.96,342100000,100.3667,N
20200801646 - 00,20200804,반월국가산업단지 재생사업 사후환경영향조사 용역(공사시),경기도 안산시 산업지원본부,PQ,392526000,395880175,100.8545103,대콘+청운,98.95,340415000,99.8724,N
20200801646 - 00,20200804,반월국가산업단지 재생사업 사후환경영향조사 용역(공사시),경기도 안산시 산업지원본부,PQ,392526000,395880175,100.8545103,삼안+휴먼,98.94,341330000,100.1293,N
20200801646 - 00,20200804,반월국가산업단지 재생사업 사후환경영향조사 용역(공사시),경기도 안산시 산업지원본부,PQ,392526000,395880175,100.8545103,서영+유일,98.93,342100000,100.3552,N
20200801646 - 00,20200804,반월국가산업단지 재생사업 사후환경영향조사 용역(공사시),경기도 안산시 산업지원본부,PQ,392526000,395880175,100.8545103,건화+우신,98.91,342480000,100.4667,N
20200801646 - 00,20200804,반월국가산업단지 재생사업 사후환경영향조사 용역(공사시),경기도 안산시 산업지원본부,PQ,392526000,395880175,100.8545103,동성+퍼스트,98.91,342388000,100.4397,N
20200801646 - 00,20200804,반월국가산업단지 재생사업 사후환경영향조사 용역(공사시),경기도 안산시 산업지원본부,PQ,392526000,395880175,100.8545103,홍익+마린,98.91,337139000,98.8999,N
20200801646 - 00,20200804,반월국가산업단지 재생사업 사후환경영향조사 용역(공사시),경기도 안산시 산업지원본부,PQ,392526000,395880175,100.8545103,경동+국토환경,98.91,338956000,99.4329,N
20200801646 - 00,20200804,반월국가산업단지 재생사업 사후환경영향조사 용역(공사시),경기도 안산시 산업지원본부,PQ,392526000,395880175,100.8545103,동일+지오,98.91,338909000,99.4191,N
20200801646 - 00,20200804,반월국가산업단지 재생사업 사후환경영향조사 용역(공사시),경기도 안산시 산업지원본부,PQ,392526000,395880175,100.8545103,도화+라임,98.91,344100000,100.9419,Y
20200801646 - 00,20200804,반월국가산업단지 재생사업 사후환경영향조사 용역(공사시),경기도 안산시 산업지원본부,PQ,392526000,395880175,100.8545103,다산+보드플랜,98.91,339116800,99.4801,N
20200801646 - 00,20200804,반월국가산업단지 재생사업 사후환경영향조사 용역(공사시),경기도 안산시 산업지원본부,PQ,392526000,395880175,100.8545103,평화+신일,98.91,341880000,100.2907,N
20200801646 - 00,20200804,반월국가산업단지 재생사업 사후환경영향조사 용역(공사시),경기도 안산시 산업지원본부,PQ,392526000,395880175,100.8545103,유신+인정+레오,98.87,339287000,99.53,N
20200801646 - 00,20200804,반월국가산업단지 재생사업 사후환경영향조사 용역(공사시),경기도 안산시 산업지원본부,PQ,392526000,395880175,100.8545103,세광+효산,98.56,338580000,99.2883,N
20200801646 - 00,20200804,반월국가산업단지 재생사업 사후환경영향조사 용역(공사시),경기도 안산시 산업지원본부,PQ,392526000,395880175,100.8545103,수성+연,98.51,336952000,98.8109,N
20200801646 - 00,20200804,반월국가산업단지 재생사업 사후환경영향조사 용역(공사시),경기도 안산시 산업지원본부,PQ,392526000,395880175,100.8545103,경호+현대,98.51,338348000,99.2203,N
20200801646 - 00,20200804,반월국가산업단지 재생사업 사후환경영향조사 용역(공사시),경기도 안산시 산업지원본부,PQ,392526000,395880175,100.8545103,동명+아라,98.5,344360000,100.9833,N
20200801646 - 00,20200804,반월국가산업단지 재생사업 사후환경영향조사 용역(공사시),경기도 안산시 산업지원본부,PQ,392526000,395880175,100.8545103,KG+보람,98.01,345190000,101.1801,N
20200801646 - 00,20200804,반월국가산업단지 재생사업 사후환경영향조사 용역(공사시),경기도 안산시 산업지원본부,PQ,392526000,395880175,100.8545103,대영+청마,97.37,352400000,103.2222,N
20200801901 - 00,20200804,잠실종합운동장 주경기장 리모델링사업 교통영향평가용역,서울특별시,PQ,332200000,333382675,100.3560129,도화+동명,98.7,288360000,99.9288,N
20200801901 - 00,20200804,잠실종합운동장 주경기장 리모델링사업 교통영향평가용역,서울특별시,PQ,332200000,333382675,100.3560129,유신+한종,98.1,289670000,100.325,N
20200801901 - 00,20200804,잠실종합운동장 주경기장 리모델링사업 교통영향평가용역,서울특별시,PQ,332200000,333382675,100.3560129,KG+제일,97.5,290860000,100.6792,Y
20200801901 - 00,20200804,잠실종합운동장 주경기장 리모델링사업 교통영향평가용역,서울특별시,PQ,332200000,333382675,100.3560129,건화+대콘,97.1,287500000,99.4819,N
20200801901 - 00,20200804,잠실종합운동장 주경기장 리모델링사업 교통영향평가용역,서울특별시,PQ,332200000,333382675,100.3560129,이산+대현,96.62,291489000,100.8158,N
20200801901 - 00,20200804,잠실종합운동장 주경기장 리모델링사업 교통영향평가용역,서울특별시,PQ,332200000,333382675,100.3560129,동해+경동,95.9,287600000,99.4022,N
20200801901 - 00,20200804,잠실종합운동장 주경기장 리모델링사업 교통영향평가용역,서울특별시,PQ,332200000,333382675,100.3560129,수성+태조,95.5,286968000,99.1382,N
20200801901 - 00,20200804,잠실종합운동장 주경기장 리모델링사업 교통영향평가용역,서울특별시,PQ,332200000,333382675,100.3560129,평화+태영,95.44,286800000,99.0802,N
20200801901 - 00,20200804,잠실종합운동장 주경기장 리모델링사업 교통영향평가용역,서울특별시,PQ,332200000,333382675,100.3560129,서영+동일,95.1,295400000,102.0161,N
20200801555 - 00,20200804,"중앙(9,10분구)처리구역 하수관로정비사업 통합건설사업관리용역",전라북도 전주시,PQ,3766133000,3784059825,100.4760008,동명+더한,100,2749920000,100.0302,N
20200801555 - 00,20200804,"중앙(9,10분구)처리구역 하수관로정비사업 통합건설사업관리용역",전라북도 전주시,PQ,3766133000,3784059825,100.4760008,유신+신한,100,2752113000,100.11,N
20200801555 - 00,20200804,"중앙(9,10분구)처리구역 하수관로정비사업 통합건설사업관리용역",전라북도 전주시,PQ,3766133000,3784059825,100.4760008,동성+세화,100,2738093000,99.6,N
20200801555 - 00,20200804,"중앙(9,10분구)처리구역 하수관로정비사업 통합건설사업관리용역",전라북도 전주시,PQ,3766133000,3784059825,100.4760008,신명+성원,99.95,2767000000,100.5964,Y
20200801555 - 00,20200804,"중앙(9,10분구)처리구역 하수관로정비사업 통합건설사업관리용역",전라북도 전주시,PQ,3766133000,3784059825,100.4760008,대콘+주영,99.83,2776660000,100.8509,N
20200801555 - 00,20200804,"중앙(9,10분구)처리구역 하수관로정비사업 통합건설사업관리용역",전라북도 전주시,PQ,3766133000,3784059825,100.4760008,수성+현성,99.83,2725489999,98.9924,N
20200801555 - 00,20200804,"중앙(9,10분구)처리구역 하수관로정비사업 통합건설사업관리용역",전라북도 전주시,PQ,3766133000,3784059825,100.4760008,한종+대성,99.82,2761000000,100.2684,N
20200801555 - 00,20200804,"중앙(9,10분구)처리구역 하수관로정비사업 통합건설사업관리용역",전라북도 전주시,PQ,3766133000,3784059825,100.4760008,도화+국성,99.81,2785500000,101.1444,N
20200801555 - 00,20200804,"중앙(9,10분구)처리구역 하수관로정비사업 통합건설사업관리용역",전라북도 전주시,PQ,3766133000,3784059825,100.4760008,이산+JCN,99.73,0,0,N
20200801555 - 00,20200804,"중앙(9,10분구)처리구역 하수관로정비사업 통합건설사업관리용역",전라북도 전주시,PQ,3766133000,3784059825,100.4760008,KG+성광,99.64,2733860000,99.1201,N
20200801555 - 00,20200804,"중앙(9,10분구)처리구역 하수관로정비사업 통합건설사업관리용역",전라북도 전주시,PQ,3766133000,3784059825,100.4760008,서영+한가람,99.63,2795300000,101.3477,N
20200801555 - 00,20200804,"중앙(9,10분구)처리구역 하수관로정비사업 통합건설사업관리용역",전라북도 전주시,PQ,3766133000,3784059825,100.4760008,삼안+태조+인우,99.11,2733720000,98.6705,N
20200801555 - 00,20200804,"중앙(9,10분구)처리구역 하수관로정비사업 통합건설사업관리용역",전라북도 전주시,PQ,3766133000,3784059825,100.4760008,건화+가온(주연),99.1,2818000000,101.6986,N
20200801555 - 00,20200804,"중앙(9,10분구)처리구역 하수관로정비사업 통합건설사업관리용역",전라북도 전주시,PQ,3766133000,3784059825,100.4760008,건양+길건축+KCI,99.1,2794762000,100.86,N
20200801555 - 00,20200804,"중앙(9,10분구)처리구역 하수관로정비사업 통합건설사업관리용역",전라북도 전주시,PQ,3766133000,3784059825,100.4760008,극동+유일,99.04,2816520000,101.59,N
20200801555 - 00,20200804,"중앙(9,10분구)처리구역 하수관로정비사업 통합건설사업관리용역",전라북도 전주시,PQ,3766133000,3784059825,100.4760008,다산+새움,99.02,2819954000,101.7,N
20200801555 - 00,20200804,"중앙(9,10분구)처리구역 하수관로정비사업 통합건설사업관리용역",전라북도 전주시,PQ,3766133000,3784059825,100.4760008,경동+동운,99,2816690000,101.5685,N
20200801555 - 00,20200804,"중앙(9,10분구)처리구역 하수관로정비사업 통합건설사업관리용역",전라북도 전주시,PQ,3766133000,3784059825,100.4760008,제일+조화,98.86,2823800000,101.7006,N
20200801555 - 00,20200804,"중앙(9,10분구)처리구역 하수관로정비사업 통합건설사업관리용역",전라북도 전주시,PQ,3766133000,3784059825,100.4760008,선진+건일+KCM,98.74,2735950000,98.4298,N
20200801555 - 00,20200804,"중앙(9,10분구)처리구역 하수관로정비사업 통합건설사업관리용역",전라북도 전주시,PQ,3766133000,3784059825,100.4760008,삼보+천마,98.73,2826600000,101.6911,N
20200801555 - 00,20200804,"중앙(9,10분구)처리구역 하수관로정비사업 통합건설사업관리용역",전라북도 전주시,PQ,3766133000,3784059825,100.4760008,천일+목양,98.65,2834670000,101.8986,N
20200801555 - 00,20200804,"중앙(9,10분구)처리구역 하수관로정비사업 통합건설사업관리용역",전라북도 전주시,PQ,3766133000,3784059825,100.4760008,평화+온길,98.64,2834530000,101.8936,N
20200801555 - 00,20200804,"중앙(9,10분구)처리구역 하수관로정비사업 통합건설사업관리용역",전라북도 전주시,PQ,3766133000,3784059825,100.4760008,화신+고산+경원,98.64,2733549000,98.2636,N
20200801555 - 00,20200804,"중앙(9,10분구)처리구역 하수관로정비사업 통합건설사업관리용역",전라북도 전주시,PQ,3766133000,3784059825,100.4760008,범한+대도,98.5,2829900000,101.6033,N
20200801555 - 00,20200804,"중앙(9,10분구)처리구역 하수관로정비사업 통합건설사업관리용역",전라북도 전주시,PQ,3766133000,3784059825,100.4760008,용마+세종+드림,98.5,2834975000,101.7855,N
20200801555 - 00,20200804,"중앙(9,10분구)처리구역 하수관로정비사업 통합건설사업관리용역",전라북도 전주시,PQ,3766133000,3784059825,100.4760008,경호+아라,98.41,2844000000,102.0268,N
20200801555 - 00,20200804,"중앙(9,10분구)처리구역 하수관로정비사업 통합건설사업관리용역",전라북도 전주시,PQ,3766133000,3784059825,100.4760008,동해+태평+주한,98.01,2867000000,102.4919,N
20200801555 - 00,20200804,"중앙(9,10분구)처리구역 하수관로정비사업 통합건설사업관리용역",전라북도 전주시,PQ,3766133000,3784059825,100.4760008,홍익+태영,97.94,2858416000,102.13,N
E012006892-1,20200804,345kV 동두천CC-양주T/L 사후환경영향조사 용역 ,한국전력공사 경인건설본부,PQ,1125872000,1129878567,100.3558635,수성+신성+효산,99.11,909779999,100.2378,N
E012006892-1,20200804,345kV 동두천CC-양주T/L 사후환경영향조사 용역 ,한국전력공사 경인건설본부,PQ,1125872000,1129878567,100.3558635,동명,98.83,910965000,100.12,N
E012006892-1,20200804,345kV 동두천CC-양주T/L 사후환경영향조사 용역 ,한국전력공사 경인건설본부,PQ,1125872000,1129878567,100.3558635,KG+한맥+보드플랜,98.7,907425000,99.62,N
E012006892-1,20200804,345kV 동두천CC-양주T/L 사후환경영향조사 용역 ,한국전력공사 경인건설본부,PQ,1125872000,1129878567,100.3558635,경동+삼안+우신,98.67,906478000,99.4914,N
E012006892-1,20200804,345kV 동두천CC-양주T/L 사후환경영향조사 용역 ,한국전력공사 경인건설본부,PQ,1125872000,1129878567,100.3558635,도화+라임,98.67,917700000,100.7231,Y
E012006892-1,20200804,345kV 동두천CC-양주T/L 사후환경영향조사 용역 ,한국전력공사 경인건설본부,PQ,1125872000,1129878567,100.3558635,유신+예평+CNS,98.64,906461000,99.465,N
E012006892-1,20200804,345kV 동두천CC-양주T/L 사후환경영향조사 용역 ,한국전력공사 경인건설본부,PQ,1125872000,1129878567,100.3558635,동일+휴먼,98.6,920750000,100.9954,N
E012006892-1,20200804,345kV 동두천CC-양주T/L 사후환경영향조사 용역 ,한국전력공사 경인건설본부,PQ,1125872000,1129878567,100.3558635,화신+선진+DS,98.36,919984000,100.7,N
E012006892-1,20200804,345kV 동두천CC-양주T/L 사후환경영향조사 용역 ,한국전력공사 경인건설본부,PQ,1125872000,1129878567,100.3558635,평화+엔탑,98.33,905700000,99.1121,N
E012006892-1,20200804,345kV 동두천CC-양주T/L 사후환경영향조사 용역 ,한국전력공사 경인건설본부,PQ,1125872000,1129878567,100.3558635,다산+서영+퍼스트,98.13,906191000,98.995,N
E012006892-1,20200804,345kV 동두천CC-양주T/L 사후환경영향조사 용역 ,한국전력공사 경인건설본부,PQ,1125872000,1129878567,100.3558635,동성+연컨설턴트,98.09,932160000,101.7944,N
E012006892-1,20200804,345kV 동두천CC-양주T/L 사후환경영향조사 용역 ,한국전력공사 경인건설본부,PQ,1125872000,1129878567,100.3558635,대영+홍익+마린,98.01,923702000,100.8088,N
E012006892-1,20200804,345kV 동두천CC-양주T/L 사후환경영향조사 용역 ,한국전력공사 경인건설본부,PQ,1125872000,1129878567,100.3558635,경호+건화+선일,97.35,936840000,101.6556,N
E012006892-1,20200804,345kV 동두천CC-양주T/L 사후환경영향조사 용역 ,한국전력공사 경인건설본부,PQ,1125872000,1129878567,100.3558635,동부+드림+중앙방재,97.06,938157000,101.5504,N
E012006892-1,20200804,345kV 동두천CC-양주T/L 사후환경영향조사 용역 ,한국전력공사 경인건설본부,PQ,1125872000,1129878567,100.3558635,천일+소운,95.9,1002000000,107.4008,N
20200802791 - 00,20200804,성삼천외 1지구 생태하천복원사업 실시설계용역,경상북도 성주군,PQ,606460000,606100700,99.94075454,유신+강산,97.97,522681000,100.2799,Y
20200802791 - 00,20200804,성삼천외 1지구 생태하천복원사업 실시설계용역,경상북도 성주군,PQ,606460000,606100700,99.94075454,삼안+건일,97.93,520729000,99.8938,N
20200802791 - 00,20200804,성삼천외 1지구 생태하천복원사업 실시설계용역,경상북도 성주군,PQ,606460000,606100700,99.94075454,도화+동진,97.9,517490000,99.2609,N
20200802791 - 00,20200804,성삼천외 1지구 생태하천복원사업 실시설계용역,경상북도 성주군,PQ,606460000,606100700,99.94075454,건화+KCI(한도),97.8,526000000,100.8697,N
20200802791 - 00,20200804,성삼천외 1지구 생태하천복원사업 실시설계용역,경상북도 성주군,PQ,606460000,606100700,99.94075454,동부+세원,97.74,519805000,99.6701,N
20200802791 - 00,20200804,성삼천외 1지구 생태하천복원사업 실시설계용역,경상북도 성주군,PQ,606460000,606100700,99.94075454,한종+청명,97.72,524200000,100.5012,N
20200802791 - 00,20200804,성삼천외 1지구 생태하천복원사업 실시설계용역,경상북도 성주군,PQ,606460000,606100700,99.94075454,동성+동명+DS,97.62,518264000,99.34,N
20200802791 - 00,20200804,성삼천외 1지구 생태하천복원사업 실시설계용역,경상북도 성주군,PQ,606460000,606100700,99.94075454,이산+보원,97.47,528880000,101.3395,N
20200802791 - 00,20200804,성삼천외 1지구 생태하천복원사업 실시설계용역,경상북도 성주군,PQ,606460000,606100700,99.94075454,다산,96.19,516780000,98.6999,N
20200802791 - 00,20200804,성삼천외 1지구 생태하천복원사업 실시설계용역,경상북도 성주군,PQ,606460000,606100700,99.94075454,화신+현대기술,96.12,530884000,101.3701,N
20200802791 - 00,20200804,성삼천외 1지구 생태하천복원사업 실시설계용역,경상북도 성주군,PQ,606460000,606100700,99.94075454,KG+강동,95.11,529870000,100.9194,N
20200802791 - 00,20200804,성삼천외 1지구 생태하천복원사업 실시설계용역,경상북도 성주군,PQ,606460000,606100700,99.94075454,평화+한백종합,94.71,518400000,98.6323,N
20200802791 - 00,20200804,성삼천외 1지구 생태하천복원사업 실시설계용역,경상북도 성주군,PQ,606460000,606100700,99.94075454,KSM+해인,94.46,534862000,101.7057,N
20200803183 - 00,20200805,"랜드마크시티 3,5호 근린공원 조성공사 외 3건 통합건설사업관리용역",인천광역시 경제자유구역청,PQ,1392444000,1374773925,98.73100283,한종+장원,99.96,1083934000,99.768,N
20200803183 - 00,20200805,"랜드마크시티 3,5호 근린공원 조성공사 외 3건 통합건설사업관리용역",인천광역시 경제자유구역청,PQ,1392444000,1374773925,98.73100283,건화+극동,99.76,1104000000,101.4459,N
20200803183 - 00,20200805,"랜드마크시티 3,5호 근린공원 조성공사 외 3건 통합건설사업관리용역",인천광역시 경제자유구역청,PQ,1392444000,1374773925,98.73100283,유신+한서,99.63,1090424000,100.096,N
20200803183 - 00,20200805,"랜드마크시티 3,5호 근린공원 조성공사 외 3건 통합건설사업관리용역",인천광역시 경제자유구역청,PQ,1392444000,1374773925,98.73100283,신명+대한+경동,99.4,1083830000,99.3003,N
20200803183 - 00,20200805,"랜드마크시티 3,5호 근린공원 조성공사 외 3건 통합건설사업관리용역",인천광역시 경제자유구역청,PQ,1392444000,1374773925,98.73100283,도화+도담+청해,99.32,1350000000,123.6079,N
20200803183 - 00,20200805,"랜드마크시티 3,5호 근린공원 조성공사 외 3건 통합건설사업관리용역",인천광역시 경제자유구역청,PQ,1392444000,1374773925,98.73100283,경호+바우,98.75,1083780000,98.779,Y
20200803738 - 00,20200805,가좌2지구 우수저류시설 설치사업 실시설계용역,인천광역시 서구,PQ,854414000,844218775,98.8067582,KSM+건화(한라+대성),98.94,733999000,100.2003,N
20200803738 - 00,20200805,가좌2지구 우수저류시설 설치사업 실시설계용역,인천광역시 서구,PQ,854414000,844218775,98.8067582,동명+유신+강동,98.69,736700000,100.5104,N
20200803738 - 00,20200805,가좌2지구 우수저류시설 설치사업 실시설계용역,인천광역시 서구,PQ,854414000,844218775,98.8067582,삼안+KCI,98.6,730400000,99.6276,N
20200803738 - 00,20200805,가좌2지구 우수저류시설 설치사업 실시설계용역,인천광역시 서구,PQ,854414000,844218775,98.8067582,한종+경동,98.28,733800000,100.0098,N
20200803738 - 00,20200805,가좌2지구 우수저류시설 설치사업 실시설계용역,인천광역시 서구,PQ,854414000,844218775,98.8067582,도화+서영,97.98,744500000,101.3855,N
20200803738 - 00,20200805,가좌2지구 우수저류시설 설치사업 실시설계용역,인천광역시 서구,PQ,854414000,844218775,98.8067582,동성+경호,97.8,728790000,99.1999,Y
20200803738 - 00,20200805,가좌2지구 우수저류시설 설치사업 실시설계용역,인천광역시 서구,PQ,854414000,844218775,98.8067582,다산+바우,96.22,752000000,101.9442,N
20200803738 - 00,20200805,가좌2지구 우수저류시설 설치사업 실시설계용역,인천광역시 서구,PQ,854414000,844218775,98.8067582,화신+극동+평화,93.64,764698000,102.9975,N
20200805883 - 00,20200807,계양천 수해상습지 개선사업 실시설계용역,경기도청 북부청사,PQ,1876300000,1869268625,99.62525316,동부+건화(본현),100,1475870000,100.8507,Y
20200805883 - 00,20200807,계양천 수해상습지 개선사업 실시설계용역,경기도청 북부청사,PQ,1876300000,1869268625,99.62525316,다산+선진+한종,98.05,1472750000,99.0501,N
20200805883 - 00,20200807,계양천 수해상습지 개선사업 실시설계용역,경기도청 북부청사,PQ,1876300000,1869268625,99.62525316,유신+동명,98,1507666000,101.36,N
20200805883 - 00,20200807,계양천 수해상습지 개선사업 실시설계용역,경기도청 북부청사,PQ,1876300000,1869268625,99.62525316,삼안+KCI,97.85,1510520000,101.4239,N
20200805883 - 00,20200807,계양천 수해상습지 개선사업 실시설계용역,경기도청 북부청사,PQ,1876300000,1869268625,99.62525316,이산+KSM,97.85,1504398000,101.0129,N
20200805883 - 00,20200807,계양천 수해상습지 개선사업 실시설계용역,경기도청 북부청사,PQ,1876300000,1869268625,99.62525316,도화+서영,97.8,1511700000,101.4648,N
20200805883 - 00,20200807,계양천 수해상습지 개선사업 실시설계용역,경기도청 북부청사,PQ,1876300000,1869268625,99.62525316,화신+경호,97.65,1519649000,101.8701,N
20200805883 - 00,20200807,계양천 수해상습지 개선사업 실시설계용역,경기도청 북부청사,PQ,1876300000,1869268625,99.62525316,한종+주하,97.62,1513800000,101.4525,N
20200805883 - 00,20200807,계양천 수해상습지 개선사업 실시설계용역,경기도청 북부청사,PQ,1876300000,1869268625,99.62525316,평화+용마,97.6,1521500000,101.9557,N
20200805883 - 00,20200807,계양천 수해상습지 개선사업 실시설계용역,경기도청 북부청사,PQ,1876300000,1869268625,99.62525316,KG+동진,97.27,1474560000,98.55,N
B5202002656,20200807,밀양시 지방상수도 현대화사업 기본 및 실시설계 용역,한국수자원공사,종심제,3140000000,3140000000,100,건화+범한+정+도화+경화,100,2512000000,80,Y
B5202002654,20200807,청도군 지방상수도 현대화사업 기본 및 실시설계 용역,한국수자원공사,종심제,3309000000,3309000000,100,건화+정+삼보+동성+한종,100,2650000000,80.0846,Y
B5202002662,20200807,부산 에코델타시티 2단계 제4공구 조성공사 건설사업관리 용역,한국수자원공사,종심제,3262600000,3249241307,99.5905507,건화+동일+드림+거원,99,2610000000,79.9975,Y
B5202002662,20200807,부산 에코델타시티 2단계 제4공구 조성공사 건설사업관리 용역,한국수자원공사,종심제,3262600000,3249241307,99.5905507,수성+도화+천일+경성,98,2587530000,79.3088,N
B5202002662,20200807,부산 에코델타시티 2단계 제4공구 조성공사 건설사업관리 용역,한국수자원공사,종심제,3262600000,3249241307,99.5905507,동명+경동,97,2616300000,80.1906,N
B5202002662,20200807,부산 에코델타시티 2단계 제4공구 조성공사 건설사업관리 용역,한국수자원공사,종심제,3262600000,3249241307,99.5905507,서영+다산,96,2600400000,79.7033,N
20200805972 - 00,20200807,세지 동신·죽두 농어촌마을하수도 설치 외 1개소 기본 및 실시설계용역,전라남도 나주시,PQ,878549000,879056400,100.0577543,도화+우영,99.89,754900000,100.4686,Y
20200805972 - 00,20200807,세지 동신·죽두 농어촌마을하수도 설치 외 1개소 기본 및 실시설계용역,전라남도 나주시,PQ,878549000,879056400,100.0577543,화신+평화,98.1,752749000,99.7276,N
20200805972 - 00,20200807,세지 동신·죽두 농어촌마을하수도 설치 외 1개소 기본 및 실시설계용역,전라남도 나주시,PQ,878549000,879056400,100.0577543,한종+한기,97.9,754100000,99.8484,N
20200805972 - 00,20200807,세지 동신·죽두 농어촌마을하수도 설치 외 1개소 기본 및 실시설계용역,전라남도 나주시,PQ,878549000,879056400,100.0577543,건화+원우(서진+금양),97.89,751790000,99.5426,N
20200805972 - 00,20200807,세지 동신·죽두 농어촌마을하수도 설치 외 1개소 기본 및 실시설계용역,전라남도 나주시,PQ,878549000,879056400,100.0577543,유신+우리+경화,97.85,762810000,100.99,N
20200805972 - 00,20200807,세지 동신·죽두 농어촌마을하수도 설치 외 1개소 기본 및 실시설계용역,전라남도 나주시,PQ,878549000,879056400,100.0577543,선진+건영+서영,97.66,750470000,99.31,N
20200805972 - 00,20200807,세지 동신·죽두 농어촌마을하수도 설치 외 1개소 기본 및 실시설계용역,전라남도 나주시,PQ,878549000,879056400,100.0577543,경동+우빈,97.6,751177000,99.392,N
20200805972 - 00,20200807,세지 동신·죽두 농어촌마을하수도 설치 외 1개소 기본 및 실시설계용역,전라남도 나주시,PQ,878549000,879056400,100.0577543,이산+신오+보람,97.59,754370000,99.8029,N
20200805972 - 00,20200807,세지 동신·죽두 농어촌마을하수도 설치 외 1개소 기본 및 실시설계용역,전라남도 나주시,PQ,878549000,879056400,100.0577543,삼안+동아,97.5,748000000,98.9487,N
20200805972 - 00,20200807,세지 동신·죽두 농어촌마을하수도 설치 외 1개소 기본 및 실시설계용역,전라남도 나주시,PQ,878549000,879056400,100.0577543,동명+하이콘,97.4,748500000,98.9803,N
20200805972 - 00,20200807,세지 동신·죽두 농어촌마을하수도 설치 외 1개소 기본 및 실시설계용역,전라남도 나주시,PQ,878549000,879056400,100.0577543,범한+신명,97.3,760300000,100.5174,N
20200805972 - 00,20200807,세지 동신·죽두 농어촌마을하수도 설치 외 1개소 기본 및 실시설계용역,전라남도 나주시,PQ,878549000,879056400,100.0577543,제일+다우+하나,96.9,770800000,101.7991,N
20200805972 - 00,20200807,세지 동신·죽두 농어촌마을하수도 설치 외 1개소 기본 및 실시설계용역,전라남도 나주시,PQ,878549000,879056400,100.0577543,KG+산하,95.85,787000000,103.662,N
B5202002666,20200810,보령시 지방상수도 현대화사업 기본 및 실시설계 용역,한국수자원공사,종심제,4258000000,4258000000,100,건화+경동+대콘+드림+선진,100,3420000000,80.3194,Y
B5202002670,20200810,부산 에코델타시티 철새서식처 조성 실시설계 용역,한국수자원공사,PQ,1214840000,1212326499,99.79310024,도화+경호,100,883669000,99.65,N
B5202002670,20200810,부산 에코델타시티 철새서식처 조성 실시설계 용역,한국수자원공사,PQ,1214840000,1212326499,99.79310024,동부+KG,100,889879000,100.3503,N
B5202002670,20200810,부산 에코델타시티 철새서식처 조성 실시설계 용역,한국수자원공사,PQ,1214840000,1212326499,99.79310024,유신+경동,100,895392000,100.972,N
B5202002670,20200810,부산 에코델타시티 철새서식처 조성 실시설계 용역,한국수자원공사,PQ,1214840000,1212326499,99.79310024,이산+범한,100,886772000,99.9999,Y
B5202002670,20200810,부산 에코델타시티 철새서식처 조성 실시설계 용역,한국수자원공사,PQ,1214840000,1212326499,99.79310024,선진,99.63,898200000,100.9292,N
B5202002670,20200810,부산 에코델타시티 철새서식처 조성 실시설계 용역,한국수자원공사,PQ,1214840000,1212326499,99.79310024,서영+한종,99.43,901885000,101.1499,N
B5202002670,20200810,부산 에코델타시티 철새서식처 조성 실시설계 용역,한국수자원공사,PQ,1214840000,1212326499,99.79310024,화신+건화(앤탑),99.21,883883000,98.9153,N
B5202002670,20200810,부산 에코델타시티 철새서식처 조성 실시설계 용역,한국수자원공사,PQ,1214840000,1212326499,99.79310024,동일+수성,98.06,925000000,102.403,N
20200808241 - 00,20200810,영동대로 지하공간 복합개발공사(토목1공구) 감독 권한대행 등 건설사업관리용역(장기),서울특별시 도시기반시설본부,SOQ,13033000000,12882859875,98.84800027,유신+태조+신성+제일,98.62,9679500000,100.5199,N
20200808241 - 00,20200810,영동대로 지하공간 복합개발공사(토목1공구) 감독 권한대행 등 건설사업관리용역(장기),서울특별시 도시기반시설본부,SOQ,13033000000,12882859875,98.84800027,대콘+수성+KRTC+다음,97.82,9647900000,99.5049,Y
20200808241 - 00,20200810,영동대로 지하공간 복합개발공사(토목1공구) 감독 권한대행 등 건설사업관리용역(장기),서울특별시 도시기반시설본부,SOQ,13033000000,12882859875,98.84800027,삼보+동일+이산,97.49,11100000000,114.1591,N
20200808246 - 00,20200810,영동대로 지하공간 복합개발공사(토목2공구) 감독 권한대행 등 건설사업관리용역(장기),서울특별시 도시기반시설본부,SOQ,11131780000,11112744700,99.82900039,동해+동일+삼보+이산,99.29,8266800000,101.1001,Y
20200808246 - 00,20200810,영동대로 지하공간 복합개발공사(토목2공구) 감독 권한대행 등 건설사업관리용역(장기),서울특별시 도시기반시설본부,SOQ,11131780000,11112744700,99.82900039,서현+도화+건화,98.64,8187000000,99.5549,N
20200808246 - 00,20200810,영동대로 지하공간 복합개발공사(토목2공구) 감독 권한대행 등 건설사업관리용역(장기),서울특별시 도시기반시설본부,SOQ,11131780000,11112744700,99.82900039,신성+태조+유신+삼안,97.63,8491720000,102.3735,N
20200808246 - 00,20200810,영동대로 지하공간 복합개발공사(토목2공구) 감독 권한대행 등 건설사업관리용역(장기),서울특별시 도시기반시설본부,SOQ,11131780000,11112744700,99.82900039,대건+신승+선진,96.23,10900000000,129.8387,N
20200808249 - 00,20200810,영동대로 지하공간 복합개발공사(토목3공구) 감독 권한대행 등 건설사업관리용역(장기),서울특별시 도시기반시설본부,SOQ,12192800000,12254983325,100.5100004,동명+천일+한맥,98.98,8986852000,100.0695,N
20200808249 - 00,20200810,영동대로 지하공간 복합개발공사(토목3공구) 감독 권한대행 등 건설사업관리용역(장기),서울특별시 도시기반시설본부,SOQ,12192800000,12254983325,100.5100004,삼안+태조+유신+경동+동아,98.58,9130000000,101.3196,Y
20200808249 - 00,20200810,영동대로 지하공간 복합개발공사(토목3공구) 감독 권한대행 등 건설사업관리용역(장기),서울특별시 도시기반시설본부,SOQ,12192800000,12254983325,100.5100004,수성+대콘+한종+동성,97.87,8982489999,99.066,N
20200808249 - 00,20200810,영동대로 지하공간 복합개발공사(토목3공구) 감독 권한대행 등 건설사업관리용역(장기),서울특별시 도시기반시설본부,SOQ,12192800000,12254983325,100.5100004,이산+동일+동부+KG,96.58,9230000000,100.6855,N
20200808257 - 00,20200810,영동대로 지하공간 복합개발공사(토목4공구) 감독 권한대행 등 건설사업관리용역(장기),서울특별시 도시기반시설본부,SOQ,12268900000,12246049200,99.81375021,도화+서현+동명,99.15,9143000000,101.3281,Y
20200808257 - 00,20200810,영동대로 지하공간 복합개발공사(토목4공구) 감독 권한대행 등 건설사업관리용역(장기),서울특별시 도시기반시설본부,SOQ,12268900000,12246049200,99.81375021,태조+유신+제일+경동+다산,97.73,9111000000,99.7394,N
20200808257 - 00,20200810,영동대로 지하공간 복합개발공사(토목4공구) 감독 권한대행 등 건설사업관리용역(장기),서울특별시 도시기반시설본부,SOQ,12268900000,12246049200,99.81375021,동일+동해+이산+진우,96.89,9069800000,98.5734,N
20200808341 - 00,20200811,대천~죽정동간 도로개설사업외2건 건설사업관리용역,충청남도 보령시,PQ,2340646000,2299649675,98.24850383,건화+동국(신명이엔지),100,1817300000,99.5461,N
20200808341 - 00,20200811,대천~죽정동간 도로개설사업외2건 건설사업관리용역,충청남도 보령시,PQ,2340646000,2299649675,98.24850383,도화+천마,100,1819500000,99.6666,N
20200808341 - 00,20200811,대천~죽정동간 도로개설사업외2건 건설사업관리용역,충청남도 보령시,PQ,2340646000,2299649675,98.24850383,한종+씨에이,100,1822950000,99.8556,N
20200808341 - 00,20200811,대천~죽정동간 도로개설사업외2건 건설사업관리용역,충청남도 보령시,PQ,2340646000,2299649675,98.24850383,삼안+장맥,100,1828200000,100.1431,N
20200808341 - 00,20200811,대천~죽정동간 도로개설사업외2건 건설사업관리용역,충청남도 보령시,PQ,2340646000,2299649675,98.24850383,선진+송현,100,1826280000,100.038,N
20200808341 - 00,20200811,대천~죽정동간 도로개설사업외2건 건설사업관리용역,충청남도 보령시,PQ,2340646000,2299649675,98.24850383,신명+재성,100,1815000000,99.4201,N
20200808341 - 00,20200811,대천~죽정동간 도로개설사업외2건 건설사업관리용역,충청남도 보령시,PQ,2340646000,2299649675,98.24850383,천일+더원,100,1831023000,100.2978,N
20200808341 - 00,20200811,대천~죽정동간 도로개설사업외2건 건설사업관리용역,충청남도 보령시,PQ,2340646000,2299649675,98.24850383,삼보+상연,100,1821750000,99.7898,N
20200808341 - 00,20200811,대천~죽정동간 도로개설사업외2건 건설사업관리용역,충청남도 보령시,PQ,2340646000,2299649675,98.24850383,홍익+계림,100,1804957000,98.87,Y
20200808341 - 00,20200811,대천~죽정동간 도로개설사업외2건 건설사업관리용역,충청남도 보령시,PQ,2340646000,2299649675,98.24850383,KCM+유원,100,1862000000,101.9946,N
20200808341 - 00,20200811,대천~죽정동간 도로개설사업외2건 건설사업관리용역,충청남도 보령시,PQ,2340646000,2299649675,98.24850383,동성+우주,100,1823396000,99.88,N
20200808341 - 00,20200811,대천~죽정동간 도로개설사업외2건 건설사업관리용역,충청남도 보령시,PQ,2340646000,2299649675,98.24850383,이산+기산,100,1832340000,100.3699,N
20200808341 - 00,20200811,대천~죽정동간 도로개설사업외2건 건설사업관리용역,충청남도 보령시,PQ,2340646000,2299649675,98.24850383,드림+동명,100,1816900000,99.5242,N
20200808341 - 00,20200811,대천~죽정동간 도로개설사업외2건 건설사업관리용역,충청남도 보령시,PQ,2340646000,2299649675,98.24850383,수성+세일,100,1817552000,99.5599,N
20200808341 - 00,20200811,대천~죽정동간 도로개설사업외2건 건설사업관리용역,충청남도 보령시,PQ,2340646000,2299649675,98.24850383,다산+세종,100,1827194000,100.088,N
20200808341 - 00,20200811,대천~죽정동간 도로개설사업외2건 건설사업관리용역,충청남도 보령시,PQ,2340646000,2299649675,98.24850383,극동+명성,100,1826490000,100.0495,N
20200808341 - 00,20200811,대천~죽정동간 도로개설사업외2건 건설사업관리용역,충청남도 보령시,PQ,2340646000,2299649675,98.24850383,하이콘+대웅,100,1835260000,100.5299,N
20200808341 - 00,20200811,대천~죽정동간 도로개설사업외2건 건설사업관리용역,충청남도 보령시,PQ,2340646000,2299649675,98.24850383,경동+건일,100,1811680000,99.2382,N
20200808341 - 00,20200811,대천~죽정동간 도로개설사업외2건 건설사업관리용역,충청남도 보령시,PQ,2340646000,2299649675,98.24850383,경원+예당+일신,100,1827600000,100.1103,N
20200808341 - 00,20200811,대천~죽정동간 도로개설사업외2건 건설사업관리용역,충청남도 보령시,PQ,2340646000,2299649675,98.24850383,KG+송현,100,1808790000,99.0799,N
20200808341 - 00,20200811,대천~죽정동간 도로개설사업외2건 건설사업관리용역,충청남도 보령시,PQ,2340646000,2299649675,98.24850383,유신+동양,100,1813173000,99.32,N
20200808341 - 00,20200811,대천~죽정동간 도로개설사업외2건 건설사업관리용역,충청남도 보령시,PQ,2340646000,2299649675,98.24850383,한맥+용마,100,1827090000,100.0823,N
20200808341 - 00,20200811,대천~죽정동간 도로개설사업외2건 건설사업관리용역,충청남도 보령시,PQ,2340646000,2299649675,98.24850383,동부+양지,100,1830884000,100.2902,N
20200808341 - 00,20200811,대천~죽정동간 도로개설사업외2건 건설사업관리용역,충청남도 보령시,PQ,2340646000,2299649675,98.24850383,대콘,100,1821750000,99.7898,N
20200808341 - 00,20200811,대천~죽정동간 도로개설사업외2건 건설사업관리용역,충청남도 보령시,PQ,2340646000,2299649675,98.24850383,평화+수성E,100,1849300000,101.2989,N
20200808341 - 00,20200811,대천~죽정동간 도로개설사업외2건 건설사업관리용역,충청남도 보령시,PQ,2340646000,2299649675,98.24850383,서영+신성,99.94,1814670000,99.3511,N
20200808341 - 00,20200811,대천~죽정동간 도로개설사업외2건 건설사업관리용역,충청남도 보령시,PQ,2340646000,2299649675,98.24850383,제일+더그린,99.74,1871700000,102.303,N
20200809421 - 01,20200811,지평면 급수취약지역 상수도보급사업 기본 및 실시설계용역,경기도 양평군 수도사업소,PQ,508086000,503882900,99.17275816,건화+도화(테크피아),99.8,442400000,100.3537,N
20200809421 - 01,20200811,지평면 급수취약지역 상수도보급사업 기본 및 실시설계용역,경기도 양평군 수도사업소,PQ,508086000,503882900,99.17275816,한종+서광,97.55,440550000,99.7157,N
20200809421 - 01,20200811,지평면 급수취약지역 상수도보급사업 기본 및 실시설계용역,경기도 양평군 수도사업소,PQ,508086000,503882900,99.17275816,삼안+선진,97.25,445500000,100.8013,N
20200809421 - 01,20200811,지평면 급수취약지역 상수도보급사업 기본 및 실시설계용역,경기도 양평군 수도사업소,PQ,508086000,503882900,99.17275816,범한+KG,97.1,440300000,99.6133,Y
20200809421 - 01,20200811,지평면 급수취약지역 상수도보급사업 기본 및 실시설계용역,경기도 양평군 수도사업소,PQ,508086000,503882900,99.17275816,동명+동해,96.7,449730000,101.6999,N
20200809421 - 01,20200811,지평면 급수취약지역 상수도보급사업 기본 및 실시설계용역,경기도 양평군 수도사업소,PQ,508086000,503882900,99.17275816,유신+이산,96.6,438321000,99.12,N
20200809421 - 01,20200811,지평면 급수취약지역 상수도보급사업 기본 및 실시설계용역,경기도 양평군 수도사업소,PQ,508086000,503882900,99.17275816,HEC+서영,96.14,445060000,100.5977,N
20200809581 - 00,20200811,한반도 생태축(여우목 고개) 연결·복원사업 감독권한대행 등 건설사업관리용역,경상북도 문경시,PQ,427532000,426056000,99.65476268,다산+대콘,100,371419000,100.15,Y
20200809581 - 00,20200811,한반도 생태축(여우목 고개) 연결·복원사업 감독권한대행 등 건설사업관리용역,경상북도 문경시,PQ,427532000,426056000,99.65476268,세원+서영,100,372340000,100.3984,N
20200809581 - 00,20200811,한반도 생태축(여우목 고개) 연결·복원사업 감독권한대행 등 건설사업관리용역,경상북도 문경시,PQ,427532000,426056000,99.65476268,한종+해인,99.77,368700000,99.3939,N
20200809581 - 00,20200811,한반도 생태축(여우목 고개) 연결·복원사업 감독권한대행 등 건설사업관리용역,경상북도 문경시,PQ,427532000,426056000,99.65476268,건화+한도,99.61,380000000,102.4166,N
20200809536 - 00,20200811,"동해시 하수관로정비사업(송정,부곡,북평분구) 건설사업관리용역",강원도 동해시 상하수도사업소,PQ,2452438000,2438256825,99.42175195,도화+정민+동남,100,1908700000,99.7867,Y
20200809536 - 00,20200811,"동해시 하수관로정비사업(송정,부곡,북평분구) 건설사업관리용역",강원도 동해시 상하수도사업소,PQ,2452438000,2438256825,99.42175195,동명+정+정원,100,1916600000,100.1998,N
20200809536 - 00,20200811,"동해시 하수관로정비사업(송정,부곡,북평분구) 건설사업관리용역",강원도 동해시 상하수도사업소,PQ,2452438000,2438256825,99.42175195,KG+일신+하나,100,1914300000,100.0795,N
20200809536 - 00,20200811,"동해시 하수관로정비사업(송정,부곡,북평분구) 건설사업관리용역",강원도 동해시 상하수도사업소,PQ,2452438000,2438256825,99.42175195,삼안+서광+강원길,99.89,1928850000,100.7369,N
20200809536 - 00,20200811,"동해시 하수관로정비사업(송정,부곡,북평분구) 건설사업관리용역",강원도 동해시 상하수도사업소,PQ,2452438000,2438256825,99.42175195,범한+화신+경원,99.8,1926500000,100.5497,N
20200809536 - 00,20200811,"동해시 하수관로정비사업(송정,부곡,북평분구) 건설사업관리용역",강원도 동해시 상하수도사업소,PQ,2452438000,2438256825,99.42175195,건화+한울+건일,99.74,1901600000,99.1993,N
20200809536 - 00,20200811,"동해시 하수관로정비사업(송정,부곡,북평분구) 건설사업관리용역",강원도 동해시 상하수도사업소,PQ,2452438000,2438256825,99.42175195,서영+동해+건우,99.68,1933300000,100.8014,N
20200809536 - 00,20200811,"동해시 하수관로정비사업(송정,부곡,북평분구) 건설사업관리용역",강원도 동해시 상하수도사업소,PQ,2452438000,2438256825,99.42175195,동성+용마+영광+서강,99.62,1931199000,100.6404,N
20200809536 - 00,20200811,"동해시 하수관로정비사업(송정,부곡,북평분구) 건설사업관리용역",강원도 동해시 상하수도사업소,PQ,2452438000,2438256825,99.42175195,경동+영화+승,99.58,1939362000,101.04,N
20200809536 - 00,20200811,"동해시 하수관로정비사업(송정,부곡,북평분구) 건설사업관리용역",강원도 동해시 상하수도사업소,PQ,2452438000,2438256825,99.42175195,신명+태백+서윤,99.52,1901901000,99.0377,N
20200809536 - 00,20200811,"동해시 하수관로정비사업(송정,부곡,북평분구) 건설사업관리용역",강원도 동해시 상하수도사업소,PQ,2452438000,2438256825,99.42175195,한종+수성E+대상,99.48,1942200000,101.0974,N
20200809536 - 00,20200811,"동해시 하수관로정비사업(송정,부곡,북평분구) 건설사업관리용역",강원도 동해시 상하수도사업소,PQ,2452438000,2438256825,99.42175195,평화+성우+진화,99.4,1900000000,98.8377,N
20200809536 - 00,20200811,"동해시 하수관로정비사업(송정,부곡,북평분구) 건설사업관리용역",강원도 동해시 상하수도사업소,PQ,2452438000,2438256825,99.42175195,극동+진화개발+형제,99.22,1951413000,101.3699,N
20200809536 - 00,20200811,"동해시 하수관로정비사업(송정,부곡,북평분구) 건설사업관리용역",강원도 동해시 상하수도사업소,PQ,2452438000,2438256825,99.42175195,경호+동서+수성+미래,99.02,1956350000,101.4584,N
20200809536 - 00,20200811,"동해시 하수관로정비사업(송정,부곡,북평분구) 건설사업관리용역",강원도 동해시 상하수도사업소,PQ,2452438000,2438256825,99.42175195,홍익+청솔+서경,98.93,1962510000,101.7002,N
20200809536 - 00,20200811,"동해시 하수관로정비사업(송정,부곡,북평분구) 건설사업관리용역",강원도 동해시 상하수도사업소,PQ,2452438000,2438256825,99.42175195,천일+성안+화인,98.88,1967000000,101.894,N
20200809536 - 00,20200811,"동해시 하수관로정비사업(송정,부곡,북평분구) 건설사업관리용역",강원도 동해시 상하수도사업소,PQ,2452438000,2438256825,99.42175195,제일+현산+대성,98.74,1965500000,101.7001,N
20200809536 - 00,20200811,"동해시 하수관로정비사업(송정,부곡,북평분구) 건설사업관리용역",강원도 동해시 상하수도사업소,PQ,2452438000,2438256825,99.42175195,이산+삼주+삼경,98.65,1899990000,98.2356,N
20200809536 - 00,20200811,"동해시 하수관로정비사업(송정,부곡,북평분구) 건설사업관리용역",강원도 동해시 상하수도사업소,PQ,2452438000,2438256825,99.42175195,대콘+이레+JM,98.62,1893990000,97.9006,N
20200814940 - 00,20200811,동서녹색평화도로(신읍지구) 개설공사 감독권한대행등 건설사업관리용역,강원도,PQ,2753800000,2783630575,101.0832513,경원+동성+대상,100,2158770000,100.5095,N
20200814940 - 00,20200811,동서녹색평화도로(신읍지구) 개설공사 감독권한대행등 건설사업관리용역,강원도,PQ,2753800000,2783630575,101.0832513,동일+화신+승,100,2160300000,100.5808,N
20200814940 - 00,20200811,동서녹색평화도로(신읍지구) 개설공사 감독권한대행등 건설사업관리용역,강원도,PQ,2753800000,2783630575,101.0832513,서영+건우+영화,100,2153200000,100.2502,N
20200814940 - 00,20200811,동서녹색평화도로(신읍지구) 개설공사 감독권한대행등 건설사업관리용역,강원도,PQ,2753800000,2783630575,101.0832513,건화+정민+한울,99.83,2146600000,99.8021,N
20200814940 - 00,20200811,동서녹색평화도로(신읍지구) 개설공사 감독권한대행등 건설사업관리용역,강원도,PQ,2753800000,2783630575,101.0832513,경동+대성+고려,99.71,2169865000,100.7806,N
20200814940 - 00,20200811,동서녹색평화도로(신읍지구) 개설공사 감독권한대행등 건설사업관리용역,강원도,PQ,2753800000,2783630575,101.0832513,이산+수성+강원길,99.6,2131180000,98.8953,N
20200814940 - 00,20200811,동서녹색평화도로(신읍지구) 개설공사 감독권한대행등 건설사업관리용역,강원도,PQ,2753800000,2783630575,101.0832513,수성+삼경+성우,99.58,2170199999,100.6931,N
20200814940 - 00,20200811,동서녹색평화도로(신읍지구) 개설공사 감독권한대행등 건설사업관리용역,강원도,PQ,2753800000,2783630575,101.0832513,동명+정+정원,99.54,2136700000,99.1008,N
20200814940 - 00,20200811,동서녹색평화도로(신읍지구) 개설공사 감독권한대행등 건설사업관리용역,강원도,PQ,2753800000,2783630575,101.0832513,한맥+삼주+서강,99.54,2167200000,100.5154,N
20200814940 - 00,20200811,동서녹색평화도로(신읍지구) 개설공사 감독권한대행등 건설사업관리용역,강원도,PQ,2753800000,2783630575,101.0832513,천일+진화+성안+하이콘,99.45,2181400000,101.0965,Y
20200814940 - 00,20200811,동서녹색평화도로(신읍지구) 개설공사 감독권한대행등 건설사업관리용역,강원도,PQ,2753800000,2783630575,101.0832513,홍익+청솔+경안,99.44,2131415000,98.78,N
20200814940 - 00,20200811,동서녹색평화도로(신읍지구) 개설공사 감독권한대행등 건설사업관리용역,강원도,PQ,2753800000,2783630575,101.0832513,극동+진화+국일,99.2,2183335000,100.98,N
20200814940 - 00,20200811,동서녹색평화도로(신읍지구) 개설공사 감독권한대행등 건설사업관리용역,강원도,PQ,2753800000,2783630575,101.0832513,한종+이레+JM,99.18,2189900000,101.2707,N
20200814940 - 00,20200811,동서녹색평화도로(신읍지구) 개설공사 감독권한대행등 건설사업관리용역,강원도,PQ,2753800000,2783630575,101.0832513,KG+동서+미래,99.09,2137670000,98.7799,N
20200814940 - 00,20200811,동서녹색평화도로(신읍지구) 개설공사 감독권한대행등 건설사업관리용역,강원도,PQ,2753800000,2783630575,101.0832513,삼안+서광+건일,99.03,2196370000,101.4407,N
20200814940 - 00,20200811,동서녹색평화도로(신읍지구) 개설공사 감독권한대행등 건설사업관리용역,강원도,PQ,2753800000,2783630575,101.0832513,신명+화인+태백,99.01,2197933000,101.5,N
20200814940 - 00,20200811,동서녹색평화도로(신읍지구) 개설공사 감독권한대행등 건설사업관리용역,강원도,PQ,2753800000,2783630575,101.0832513,도화+동해+서경,98.84,2203800000,101.6288,N
20200814940 - 00,20200811,동서녹색평화도로(신읍지구) 개설공사 감독권한대행등 건설사업관리용역,강원도,PQ,2753800000,2783630575,101.0832513,용마+평화+형제+효림,98.62,2218700000,102.1343,N
20200814940 - 00,20200811,동서녹색평화도로(신읍지구) 개설공사 감독권한대행등 건설사업관리용역,강원도,PQ,2753800000,2783630575,101.0832513,제일+현산+한바로,98.14,2235400000,102.5003,N
20200807768 - 00,20200812,"수영처리구역(온천천) 오수관로 정비사업(2차, 3차) 건설사업관리용역",부산광역시 건설본부,PQ,821590000,824050700,100.2995046,건화+거원,99.95,701900000,99.9028,N
20200807768 - 00,20200812,"수영처리구역(온천천) 오수관로 정비사업(2차, 3차) 건설사업관리용역",부산광역시 건설본부,PQ,821590000,824050700,100.2995046,도화+한가람,99.89,705300000,100.375,Y
20200807768 - 00,20200812,"수영처리구역(온천천) 오수관로 정비사업(2차, 3차) 건설사업관리용역",부산광역시 건설본부,PQ,821590000,824050700,100.2995046,신명+지에스,99.86,707000000,100.6052,N
20200807768 - 00,20200812,"수영처리구역(온천천) 오수관로 정비사업(2차, 3차) 건설사업관리용역",부산광역시 건설본부,PQ,821590000,824050700,100.2995046,유신+경성,99.77,699643000,99.535,N
20200807768 - 00,20200812,"수영처리구역(온천천) 오수관로 정비사업(2차, 3차) 건설사업관리용역",부산광역시 건설본부,PQ,821590000,824050700,100.2995046,삼영+평화,99.71,705664000,100.3799,N
20200807768 - 00,20200812,"수영처리구역(온천천) 오수관로 정비사업(2차, 3차) 건설사업관리용역",부산광역시 건설본부,PQ,821590000,824050700,100.2995046,한종+선일,99.7,703000000,100.0009,N
20200807768 - 00,20200812,"수영처리구역(온천천) 오수관로 정비사업(2차, 3차) 건설사업관리용역",부산광역시 건설본부,PQ,821590000,824050700,100.2995046,극동+대원,99.69,701868000,99.8399,N
20200807768 - 00,20200812,"수영처리구역(온천천) 오수관로 정비사업(2차, 3차) 건설사업관리용역",부산광역시 건설본부,PQ,821590000,824050700,100.2995046,천일+우성,99.65,698000000,99.2781,N
20200807768 - 00,20200812,"수영처리구역(온천천) 오수관로 정비사업(2차, 3차) 건설사업관리용역",부산광역시 건설본부,PQ,821590000,824050700,100.2995046,다산+HM,99.57,703451000,100.03,N
20200807768 - 00,20200812,"수영처리구역(온천천) 오수관로 정비사업(2차, 3차) 건설사업관리용역",부산광역시 건설본부,PQ,821590000,824050700,100.2995046,대콘+지인,99.57,706666000,100.4872,N
20200807768 - 00,20200812,"수영처리구역(온천천) 오수관로 정비사업(2차, 3차) 건설사업관리용역",부산광역시 건설본부,PQ,821590000,824050700,100.2995046,동일+조은,99.51,708800000,100.7789,N
20200807768 - 00,20200812,"수영처리구역(온천천) 오수관로 정비사업(2차, 3차) 건설사업관리용역",부산광역시 건설본부,PQ,821590000,824050700,100.2995046,동성+나우,99.5,705855000,100.3601,N
20200807768 - 00,20200812,"수영처리구역(온천천) 오수관로 정비사업(2차, 3차) 건설사업관리용역",부산광역시 건설본부,PQ,821590000,824050700,100.2995046,범한+대진,99.5,699383000,99.4399,N
20200807768 - 00,20200812,"수영처리구역(온천천) 오수관로 정비사업(2차, 3차) 건설사업관리용역",부산광역시 건설본부,PQ,821590000,824050700,100.2995046,제일+세일,99.45,711790000,101.1803,N
20200807768 - 00,20200812,"수영처리구역(온천천) 오수관로 정비사업(2차, 3차) 건설사업관리용역",부산광역시 건설본부,PQ,821590000,824050700,100.2995046,건양+상지,99.44,698140000,99.24,N
20200807768 - 00,20200812,"수영처리구역(온천천) 오수관로 정비사업(2차, 3차) 건설사업관리용역",부산광역시 건설본부,PQ,821590000,824050700,100.2995046,경동+정인,99.44,695255000,98.8299,N
20200807768 - 00,20200812,"수영처리구역(온천천) 오수관로 정비사업(2차, 3차) 건설사업관리용역",부산광역시 건설본부,PQ,821590000,824050700,100.2995046,경호+한진,99.43,697790000,99.1903,N
20200807768 - 00,20200812,"수영처리구역(온천천) 오수관로 정비사업(2차, 3차) 건설사업관리용역",부산광역시 건설본부,PQ,821590000,824050700,100.2995046,이산+문창,99.4,697370000,99.119,N
20200807768 - 00,20200812,"수영처리구역(온천천) 오수관로 정비사업(2차, 3차) 건설사업관리용역",부산광역시 건설본부,PQ,821590000,824050700,100.2995046,동해+이화,99.37,699158000,99.3731,N
20200807768 - 00,20200812,"수영처리구역(온천천) 오수관로 정비사업(2차, 3차) 건설사업관리용역",부산광역시 건설본부,PQ,821590000,824050700,100.2995046,선진+하나,99.31,710720000,100.9929,N
20200807768 - 00,20200812,"수영처리구역(온천천) 오수관로 정비사업(2차, 3차) 건설사업관리용역",부산광역시 건설본부,PQ,821590000,824050700,100.2995046,홍익+청남,99.12,713920000,101.4002,N
20200807768 - 00,20200812,"수영처리구역(온천천) 오수관로 정비사업(2차, 3차) 건설사업관리용역",부산광역시 건설본부,PQ,821590000,824050700,100.2995046,경원+미래플랜,99.11,714000000,101.4116,N
20200807768 - 00,20200812,"수영처리구역(온천천) 오수관로 정비사업(2차, 3차) 건설사업관리용역",부산광역시 건설본부,PQ,821590000,824050700,100.2995046,용마+화인,98.82,715484000,101.5513,N
20200807768 - 00,20200812,"수영처리구역(온천천) 오수관로 정비사업(2차, 3차) 건설사업관리용역",부산광역시 건설본부,PQ,821590000,824050700,100.2995046,서영+청출,98.24,721000000,102.1793,N
20200810337 - 00,20200812,경기도 남부 도로운영사업 통합건설사업관리용역(장기계속),경기도 경기도건설본부,PQ,2031678000,2023353275,99.59025372,동부+천일,100,1585400000,100.05,N
20200810337 - 00,20200812,경기도 남부 도로운영사업 통합건설사업관리용역(장기계속),경기도 경기도건설본부,PQ,2031678000,2023353275,99.59025372,도화+삼안+케이탑,99.94,1598700000,100.8376,N
20200810337 - 00,20200812,경기도 남부 도로운영사업 통합건설사업관리용역(장기계속),경기도 경기도건설본부,PQ,2031678000,2023353275,99.59025372,수성+토아,99.88,1581474000,99.7,Y
20200810337 - 00,20200812,경기도 남부 도로운영사업 통합건설사업관리용역(장기계속),경기도 경기도건설본부,PQ,2031678000,2023353275,99.59025372,신성+천마+태조,99.63,1581350000,99.4883,N
20200810337 - 00,20200812,경기도 남부 도로운영사업 통합건설사업관리용역(장기계속),경기도 경기도건설본부,PQ,2031678000,2023353275,99.59025372,이산+동일,99.36,1600370000,100.4666,N
20200810337 - 00,20200812,경기도 남부 도로운영사업 통합건설사업관리용역(장기계속),경기도 경기도건설본부,PQ,2031678000,2023353275,99.59025372,한종+경동,99.28,1576620000,98.9,N
20200810337 - 00,20200812,경기도 남부 도로운영사업 통합건설사업관리용역(장기계속),경기도 경기도건설본부,PQ,2031678000,2023353275,99.59025372,건화+한맥,99.24,1574800000,98.7606,N
20200810337 - 00,20200812,경기도 남부 도로운영사업 통합건설사업관리용역(장기계속),경기도 경기도건설본부,PQ,2031678000,2023353275,99.59025372,서영+삼보,99.2,1611920000,101.0499,N
20200810337 - 00,20200812,경기도 남부 도로운영사업 통합건설사업관리용역(장기계속),경기도 경기도건설본부,PQ,2031678000,2023353275,99.59025372,하이콘+건영+유신,99.16,1618710000,101.4497,N
20200810337 - 00,20200812,경기도 남부 도로운영사업 통합건설사업관리용역(장기계속),경기도 경기도건설본부,PQ,2031678000,2023353275,99.59025372,경원+목양+제일,99.08,1624500000,101.7478,N
20200810337 - 00,20200812,경기도 남부 도로운영사업 통합건설사업관리용역(장기계속),경기도 경기도건설본부,PQ,2031678000,2023353275,99.59025372,대콘+경호,99.05,1576432000,98.7121,N
20200810337 - 00,20200812,경기도 남부 도로운영사업 통합건설사업관리용역(장기계속),경기도 경기도건설본부,PQ,2031678000,2023353275,99.59025372,선진+극동,98.96,1619280000,101.3177,N
20200810337 - 00,20200812,경기도 남부 도로운영사업 통합건설사업관리용역(장기계속),경기도 경기도건설본부,PQ,2031678000,2023353275,99.59025372,동해+(주)한종,98.92,1621000000,101.3867,N
20200810337 - 00,20200812,경기도 남부 도로운영사업 통합건설사업관리용역(장기계속),경기도 경기도건설본부,PQ,2031678000,2023353275,99.59025372,KCM+삼우+세일,98.86,1574950000,98.4689,N
20200810337 - 00,20200812,경기도 남부 도로운영사업 통합건설사업관리용역(장기계속),경기도 경기도건설본부,PQ,2031678000,2023353275,99.59025372,내경+KSM,98.73,1623300000,101.376,N
20200810337 - 00,20200812,경기도 남부 도로운영사업 통합건설사업관리용역(장기계속),경기도 경기도건설본부,PQ,2031678000,2023353275,99.59025372,한기+동명,98.71,1627000000,101.5941,N
20200810337 - 00,20200812,경기도 남부 도로운영사업 통합건설사업관리용역(장기계속),경기도 경기도건설본부,PQ,2031678000,2023353275,99.59025372,동성+용마+오이디,98.69,1627300000,101.6,N
20200810635 - 00,20200812,남강(남강댐)권역 하천시설관리대장 작성 용역,경상남도,PQ,850000000,845662875,99.48975,KSM+건화+KCI,100,727490000,100.1077,N
20200810635 - 00,20200812,남강(남강댐)권역 하천시설관리대장 작성 용역,경상남도,PQ,850000000,845662875,99.48975,유신+화성,99.96,723486000,99.5451,Y
20200810635 - 00,20200812,남강(남강댐)권역 하천시설관리대장 작성 용역,경상남도,PQ,850000000,845662875,99.48975,삼안+수성,99.7,732270000,100.683,N
20200810635 - 00,20200812,남강(남강댐)권역 하천시설관리대장 작성 용역,경상남도,PQ,850000000,845662875,99.48975,평화+한올+건일+로텍,99.63,725274000,99.6978,N
20200810635 - 00,20200812,남강(남강댐)권역 하천시설관리대장 작성 용역,경상남도,PQ,850000000,845662875,99.48975,도화+경화+고려,99.61,730380000,100.3997,N
20200810635 - 00,20200812,남강(남강댐)권역 하천시설관리대장 작성 용역,경상남도,PQ,850000000,845662875,99.48975,동부+한성+강동,99.49,731368000,100.5003,N
20200810635 - 00,20200812,남강(남강댐)권역 하천시설관리대장 작성 용역,경상남도,PQ,850000000,845662875,99.48975,이산+하우,99.25,723723000,99.3917,N
20200810635 - 00,20200812,남강(남강댐)권역 하천시설관리대장 작성 용역,경상남도,PQ,850000000,845662875,99.48975,화신+혜인,98.93,720389000,98.853,N
20200810635 - 00,20200812,남강(남강댐)권역 하천시설관리대장 작성 용역,경상남도,PQ,850000000,845662875,99.48975,다산+신화+동서,98.88,721690000,99.02,N
20200810635 - 00,20200812,남강(남강댐)권역 하천시설관리대장 작성 용역,경상남도,PQ,850000000,845662875,99.48975,한종+우진,98.69,722200000,99.0438,N
20200810635 - 00,20200812,남강(남강댐)권역 하천시설관리대장 작성 용역,경상남도,PQ,850000000,845662875,99.48975,KG+천진,98.45,721510000,98.88,N
20200810635 - 00,20200812,남강(남강댐)권역 하천시설관리대장 작성 용역,경상남도,PQ,850000000,845662875,99.48975,극동+범한+서화,98.24,742431000,101.6997,N
20200810635 - 00,20200812,남강(남강댐)권역 하천시설관리대장 작성 용역,경상남도,PQ,850000000,845662875,99.48975,경호+조은,94.78,754000000,102.3785,N
20200810635 - 00,20200812,남강 최상류권역 하천시설관리대장 작성 용역,경상남도,PQ,895000000,900795175,100.6475056,한종+로텍+우진,100,764415000,99.9,N
20200810635 - 00,20200812,남강 최상류권역 하천시설관리대장 작성 용역,경상남도,PQ,895000000,900795175,100.6475056,도화+경화+고려,100,767100000,100.2509,N
20200810635 - 00,20200812,남강 최상류권역 하천시설관리대장 작성 용역,경상남도,PQ,895000000,900795175,100.6475056,삼안+수성,100,762300000,99.6236,N
20200810635 - 00,20200812,남강 최상류권역 하천시설관리대장 작성 용역,경상남도,PQ,895000000,900795175,100.6475056,이산+하우+한맥,99.9,760900000,99.4057,N
20200810635 - 00,20200812,남강 최상류권역 하천시설관리대장 작성 용역,경상남도,PQ,895000000,900795175,100.6475056,KG+천진,99.78,760420000,99.3198,N
20200810635 - 00,20200812,남강 최상류권역 하천시설관리대장 작성 용역,경상남도,PQ,895000000,900795175,100.6475056,평화+한올+보원,99.76,770270000,100.5946,N
20200810635 - 00,20200812,남강 최상류권역 하천시설관리대장 작성 용역,경상남도,PQ,895000000,900795175,100.6475056,유신+화성,99.59,770074000,100.522,N
20200810635 - 00,20200812,남강 최상류권역 하천시설관리대장 작성 용역,경상남도,PQ,895000000,900795175,100.6475056,건화+KSM+KCI,99.55,758000000,98.9459,N
20200810635 - 00,20200812,남강 최상류권역 하천시설관리대장 작성 용역,경상남도,PQ,895000000,900795175,100.6475056,화신+혜인,99.38,775249000,101.1502,Y
20200810635 - 00,20200812,남강 최상류권역 하천시설관리대장 작성 용역,경상남도,PQ,895000000,900795175,100.6475056,동부+한성+동해,99.35,759396000,99.0702,N
20200810635 - 00,20200812,남강 최상류권역 하천시설관리대장 작성 용역,경상남도,PQ,895000000,900795175,100.6475056,다산+신화+동서,98.64,759418000,98.8999,N
20200810635 - 00,20200812,남강 최상류권역 하천시설관리대장 작성 용역,경상남도,PQ,895000000,900795175,100.6475056,동성+금성,97.61,780855000,101.4198,N
20200810635 - 00,20200812,남강 최상류권역 하천시설관리대장 작성 용역,경상남도,PQ,895000000,900795175,100.6475056,극동+범한+서화,97.11,782856000,101.5498,N
20200810635 - 00,20200812,남강 최상류권역 하천시설관리대장 작성 용역,경상남도,PQ,895000000,900795175,100.6475056,경호+창미,95.97,791000000,102.3093,N
20200810635 - 00,20200812,남강 상류권역 하천시설관리대장 작성 용역,경상남도,PQ,755000000,751234450,99.50125166,한종+우진+현진,100,650000000,100.6991,N
20200810635 - 00,20200812,남강 상류권역 하천시설관리대장 작성 용역,경상남도,PQ,755000000,751234450,99.50125166,유신+로텍+화성,99.64,645122000,99.85,Y
20200810635 - 00,20200812,남강 상류권역 하천시설관리대장 작성 용역,경상남도,PQ,755000000,751234450,99.50125166,동부+한성,99.41,650353000,100.6008,N
20200810635 - 00,20200812,남강 상류권역 하천시설관리대장 작성 용역,경상남도,PQ,755000000,751234450,99.50125166,KCI+KSM+건화,99.4,647650000,100.171,N
20200810635 - 00,20200812,남강 상류권역 하천시설관리대장 작성 용역,경상남도,PQ,755000000,751234450,99.50125166,동성+금성,99.04,643848000,99.49,N
20200810635 - 00,20200812,남강 상류권역 하천시설관리대장 작성 용역,경상남도,PQ,755000000,751234450,99.50125166,다산+신화+동서,99,643525000,99.4401,N
20200810635 - 00,20200812,남강 상류권역 하천시설관리대장 작성 용역,경상남도,PQ,755000000,751234450,99.50125166,이산+하우,98.98,643280000,99.3907,N
20200810635 - 00,20200812,남강 상류권역 하천시설관리대장 작성 용역,경상남도,PQ,755000000,751234450,99.50125166,극동+범한+서화,98.7,653310000,100.8698,N
20200810635 - 00,20200812,남강 상류권역 하천시설관리대장 작성 용역,경상남도,PQ,755000000,751234450,99.50125166,도화+경화+고려,98.63,656800000,101.385,N
20200810635 - 00,20200812,남강 상류권역 하천시설관리대장 작성 용역,경상남도,PQ,755000000,751234450,99.50125166,평화+한올+건일,98.39,657150000,101.3799,N
20200810635 - 00,20200812,남강 상류권역 하천시설관리대장 작성 용역,경상남도,PQ,755000000,751234450,99.50125166,삼안+수성,98.23,658900000,101.6144,N
20200810635 - 00,20200812,남강 상류권역 하천시설관리대장 작성 용역,경상남도,PQ,755000000,751234450,99.50125166,KG+천진,97.78,661000000,101.8197,N
20200810635 - 00,20200812,남강 상류권역 하천시설관리대장 작성 용역,경상남도,PQ,755000000,751234450,99.50125166,경호+조은,94.12,670370000,102.2994,N
20200810555 - 00,20200812,남천·신안천(영덕지구) 하천재해예방사업 건설사업관리용역,경상북도,PQ,1986000000,1995860550,100.496503,한종+동진,100,1554300000,100.3434,N
20200810555 - 00,20200812,남천·신안천(영덕지구) 하천재해예방사업 건설사업관리용역,경상북도,PQ,1986000000,1995860550,100.496503,선진+다산,100,1541049000,99.4879,N
20200810555 - 00,20200812,남천·신안천(영덕지구) 하천재해예방사업 건설사업관리용역,경상북도,PQ,1986000000,1995860550,100.496503,KG+청우+보람,100,1559510000,100.6798,Y
20200810555 - 00,20200812,남천·신안천(영덕지구) 하천재해예방사업 건설사업관리용역,경상북도,PQ,1986000000,1995860550,100.496503,대콘+동아,100,1541440000,99.5132,N
20200810555 - 00,20200812,남천·신안천(영덕지구) 하천재해예방사업 건설사업관리용역,경상북도,PQ,1986000000,1995860550,100.496503,서영+세원,100,1548200000,99.9496,N
20200810555 - 00,20200812,남천·신안천(영덕지구) 하천재해예방사업 건설사업관리용역,경상북도,PQ,1986000000,1995860550,100.496503,동부+금일,100,1555026000,100.3903,N
20200810555 - 00,20200812,남천·신안천(영덕지구) 하천재해예방사업 건설사업관리용역,경상북도,PQ,1986000000,1995860550,100.496503,동성+혜인,100,1545418000,99.77,N
20200810555 - 00,20200812,남천·신안천(영덕지구) 하천재해예방사업 건설사업관리용역,경상북도,PQ,1986000000,1995860550,100.496503,삼보+유한,100,1551350000,100.153,N
20200810555 - 00,20200812,남천·신안천(영덕지구) 하천재해예방사업 건설사업관리용역,경상북도,PQ,1986000000,1995860550,100.496503,수성+청명,100,1555489999,100.4202,N
20200810555 - 00,20200812,남천·신안천(영덕지구) 하천재해예방사업 건설사업관리용역,경상북도,PQ,1986000000,1995860550,100.496503,KCI+화신,99.77,1541000000,99.2938,N
20200810555 - 00,20200812,남천·신안천(영덕지구) 하천재해예방사업 건설사업관리용역,경상북도,PQ,1986000000,1995860550,100.496503,건화+한도,99.73,1533000000,98.7404,N
20200810555 - 00,20200812,남천·신안천(영덕지구) 하천재해예방사업 건설사업관리용역,경상북도,PQ,1986000000,1995860550,100.496503,도화+보원,99.73,1574300000,101.4006,N
20200810555 - 00,20200812,남천·신안천(영덕지구) 하천재해예방사업 건설사업관리용역,경상북도,PQ,1986000000,1995860550,100.496503,유신+해동,99.6,1533008000,98.64,N
20200810555 - 00,20200812,남천·신안천(영덕지구) 하천재해예방사업 건설사업관리용역,경상북도,PQ,1986000000,1995860550,100.496503,천일+강산,99.53,1576300000,101.3608,N
20200810555 - 00,20200812,남천·신안천(영덕지구) 하천재해예방사업 건설사업관리용역,경상북도,PQ,1986000000,1995860550,100.496503,경동+주하,99.51,1535489000,98.7239,N
20200810555 - 00,20200812,남천·신안천(영덕지구) 하천재해예방사업 건설사업관리용역,경상북도,PQ,1986000000,1995860550,100.496503,평화+해인+용마,99.51,1575290000,101.2829,N
20200810555 - 00,20200812,남천·신안천(영덕지구) 하천재해예방사업 건설사업관리용역,경상북도,PQ,1986000000,1995860550,100.496503,이산+대성,99.47,1535300000,98.6866,N
20200810555 - 00,20200812,남천·신안천(영덕지구) 하천재해예방사업 건설사업관리용역,경상북도,PQ,1986000000,1995860550,100.496503,KSM+중앙방재,99.32,1579541000,101.4009,N
20200810555 - 00,20200812,남천·신안천(영덕지구) 하천재해예방사업 건설사업관리용역,경상북도,PQ,1986000000,1995860550,100.496503,신명+건일,99.3,1539000000,98.7857,N
20200810555 - 00,20200812,남천·신안천(영덕지구) 하천재해예방사업 건설사업관리용역,경상북도,PQ,1986000000,1995860550,100.496503,극동+상금,99.24,1537045000,98.6099,N
20200810555 - 00,20200812,남천·신안천(영덕지구) 하천재해예방사업 건설사업관리용역,경상북도,PQ,1986000000,1995860550,100.496503,삼안+한백종합,99.23,1585100000,101.68,N
20200810555 - 00,20200812,남천·신안천(영덕지구) 하천재해예방사업 건설사업관리용역,경상북도,PQ,1986000000,1995860550,100.496503,경원+DS,99.21,1870000000,119.9403,N
20200810555 - 00,20200812,남천·신안천(영덕지구) 하천재해예방사업 건설사업관리용역,경상북도,PQ,1986000000,1995860550,100.496503,KCM+다음,99.17,1600000000,102.5835,N
20200810333 - 00,20200812,서귀포 예래대륜 하수관로 정비사업(2단계) 건설사업관리용역,제주특별자치도 상하수도본부,PQ,2548000000,2579276750,101.227502,수성+태신,99.72,1994887000,100.15,N
20200810333 - 00,20200812,서귀포 예래대륜 하수관로 정비사업(2단계) 건설사업관리용역,제주특별자치도 상하수도본부,PQ,2548000000,2579276750,101.227502,한종+제원,99.72,2011000000,100.9589,N
20200810333 - 00,20200812,서귀포 예래대륜 하수관로 정비사업(2단계) 건설사업관리용역,제주특별자치도 상하수도본부,PQ,2548000000,2579276750,101.227502,삼안+한일,99.58,2006950000,100.6397,N
20200810333 - 00,20200812,서귀포 예래대륜 하수관로 정비사업(2단계) 건설사업관리용역,제주특별자치도 상하수도본부,PQ,2548000000,2579276750,101.227502,건화+JPM(청운),99.39,1980400000,99.1437,N
20200810333 - 00,20200812,서귀포 예래대륜 하수관로 정비사업(2단계) 건설사업관리용역,제주특별자치도 상하수도본부,PQ,2548000000,2579276750,101.227502,경동+청풍,99.3,2019960000,101.0597,N
20200810333 - 00,20200812,서귀포 예래대륜 하수관로 정비사업(2단계) 건설사업관리용역,제주특별자치도 상하수도본부,PQ,2548000000,2579276750,101.227502,신명+도암,99.06,1984221000,99.0696,N
20200810333 - 00,20200812,서귀포 예래대륜 하수관로 정비사업(2단계) 건설사업관리용역,제주특별자치도 상하수도본부,PQ,2548000000,2579276750,101.227502,도화+해진,99,2026600000,101.1469,N
20200810333 - 00,20200812,서귀포 예래대륜 하수관로 정비사업(2단계) 건설사업관리용역,제주특별자치도 상하수도본부,PQ,2548000000,2579276750,101.227502,범한+해오름,98.93,1979100000,98.7135,N
20200810333 - 00,20200812,서귀포 예래대륜 하수관로 정비사업(2단계) 건설사업관리용역,제주특별자치도 상하수도본부,PQ,2548000000,2579276750,101.227502,이산+한라,98.92,1980779000,98.7846,N
20200810333 - 00,20200812,서귀포 예래대륜 하수관로 정비사업(2단계) 건설사업관리용역,제주특별자치도 상하수도본부,PQ,2548000000,2579276750,101.227502,동명+원,98.77,2033800000,101.313,Y
20200810333 - 00,20200812,서귀포 예래대륜 하수관로 정비사업(2단계) 건설사업관리용역,제주특별자치도 상하수도본부,PQ,2548000000,2579276750,101.227502,동성+토펙,98.51,2045900000,101.6963,N
20200810333 - 00,20200812,서귀포 예래대륜 하수관로 정비사업(2단계) 건설사업관리용역,제주특별자치도 상하수도본부,PQ,2548000000,2579276750,101.227502,제일+리헌,98.23,2052700000,101.8023,N
20200810333 - 00,20200812,서귀포 예래대륜 하수관로 정비사업(2단계) 건설사업관리용역,제주특별자치도 상하수도본부,PQ,2548000000,2579276750,101.227502,서영+DKL,97.83,2065000000,102.0898,N
20200810700 - 00,20200812,원당배수지 및 송배수관로공사 기본 및 실시설계용역,경기주택도시공사,PQ,2294194000,2265465000,98.74775193,한종+도화+건화+서영,99.5,1840000000,102.4101,N
20200810700 - 00,20200812,원당배수지 및 송배수관로공사 기본 및 실시설계용역,경기주택도시공사,PQ,2294194000,2265465000,98.74775193,삼안+KG,97.6,1808882000,99.1338,Y
20200810700 - 00,20200812,원당배수지 및 송배수관로공사 기본 및 실시설계용역,경기주택도시공사,PQ,2294194000,2265465000,98.74775193,HEC+이산,93.44,1925000000,102.0834,N
20200810478 - 00,20200812,동부간선도로 지하화 기본설계(1공구),서울특별시,TP,5180000000,5201367500,100.4125,삼안+제일+동명+태조,96.95,3884220000,100.0399,N
20200810478 - 00,20200812,동부간선도로 지하화 기본설계(1공구),서울특별시,TP,5180000000,5201367500,100.4125,유신+한맥+경동+천일,96.61,3975000000,102.092,Y
20200810478 - 00,20200812,동부간선도로 지하화 기본설계(1공구),서울특별시,TP,5180000000,5201367500,100.4125,한종+KG+홍익+KRTC,94.21,4370000000,109.9836,N
20200810503 - 00,20200812,동부간선도로 지하화(2공구) 기본설계 용역,서울특별시,TP,4292000000,4294650375,100.0617515,동해+동일+도화+삼보,99.29,3369000000,106.8612,Y
20200810503 - 00,20200812,동부간선도로 지하화(2공구) 기본설계 용역,서울특별시,TP,4292000000,4294650375,100.0617515,드림+용마+다산E,95.29,3393000000,103.998,N
20200810526 - 01,20200812,동부간선도로 지하화 기본설계(3공구),서울특별시,TP,4945000000,4980047725,100.7087508,동명+제일+삼안+태조,95.86,3778000000,100.9986,Y
20200810526 - 01,20200812,동부간선도로 지하화 기본설계(3공구),서울특별시,TP,4945000000,4980047725,100.7087508,건화+진우+동부+수성(해양정보),95.24,3824480000,101.7034,N
20200810526 - 01,20200812,동부간선도로 지하화 기본설계(3공구),서울특별시,TP,4945000000,4980047725,100.7087508,KG+한종+홍익+KRTC,93.91,3858730000,101.4799,N
20200810526 - 01,20200812,동부간선도로 지하화 기본설계(3공구),서울특별시,TP,4945000000,4980047725,100.7087508,대콘+다산+이산+장맥,93.87,3746600000,98.4926,N
20200810526 - 01,20200812,동부간선도로 지하화 기본설계(3공구),서울특별시,TP,4945000000,4980047725,100.7087508,삼보+도화+동일+동해,93.09,4500000000,117.5344,N
20200810552 - 00,20200812,동부간선도로 지하화 기본설계(4공구),서울특별시,TP,3233000000,3247095925,100.4360014,서영+진우+신명,99.43,2645000000,104.3994,Y
20200810552 - 00,20200812,동부간선도로 지하화 기본설계(4공구),서울특별시,TP,3233000000,3247095925,100.4360014,KCI+다산E,95.28,2675000000,102.1172,N
20200810284 - 00,20200813,2020년 부평구 노후하수관로 정밀조사용역,인천광역시 부평구,PQ,1375110000,1370407150,99.65800191,건화+장원+KG,100,1082800000,100.9588,N
20200810284 - 00,20200813,2020년 부평구 노후하수관로 정밀조사용역,인천광역시 부평구,PQ,1375110000,1370407150,99.65800191,도화+브니엘,100,1065800000,99.3737,N
20200810284 - 00,20200813,2020년 부평구 노후하수관로 정밀조사용역,인천광역시 부평구,PQ,1375110000,1370407150,99.65800191,이산+한종+일진+바우,100,1074600000,100.1942,Y
20200810284 - 00,20200813,2020년 부평구 노후하수관로 정밀조사용역,인천광역시 부평구,PQ,1375110000,1370407150,99.65800191,삼안+극동+한맥,99.9,1067990000,99.4886,N
20200810284 - 00,20200813,2020년 부평구 노후하수관로 정밀조사용역,인천광역시 부평구,PQ,1375110000,1370407150,99.65800191,선진+제일+도담,99.87,1090610000,101.5698,N
20200810284 - 00,20200813,2020년 부평구 노후하수관로 정밀조사용역,인천광역시 부평구,PQ,1375110000,1370407150,99.65800191,동명+한서,98.42,1105000000,101.6987,N
20200810284 - 00,20200813,2020년 부평구 노후하수관로 정밀조사용역,인천광역시 부평구,PQ,1375110000,1370407150,99.65800191,범한+명인,97.94,1103000000,101.1306,N
20200811822 - 01,20200813,시락항 어촌뉴딜300사업 실시설계 용역,한국농어촌공사 경남지역본부,PQ,655974000,654207825,99.73075533,세일+이산+수성,99.64,566682000,100.9499,N
20200811822 - 01,20200813,시락항 어촌뉴딜300사업 실시설계 용역,한국농어촌공사 경남지역본부,PQ,655974000,654207825,99.73075533,한종+로텍,98.57,560220000,99.5196,N
20200811822 - 01,20200813,시락항 어촌뉴딜300사업 실시설계 용역,한국농어촌공사 경남지역본부,PQ,655974000,654207825,99.73075533,유신+KSM+평화,97.76,561397000,99.52,N
20200811822 - 01,20200813,시락항 어촌뉴딜300사업 실시설계 용역,한국농어촌공사 경남지역본부,PQ,655974000,654207825,99.73075533,건화+범한(미래해양+삼기지질+오월건축),97.58,563980000,99.9314,Y
20200811822 - 01,20200813,시락항 어촌뉴딜300사업 실시설계 용역,한국농어촌공사 경남지역본부,PQ,655974000,654207825,99.73075533,서영+한올,96.35,583000000,102.9784,N
20200812442 - 04,20200814,안덕(현서)ㆍ부남정수장 시설확장공사 기본 및 실시설계용역,경상북도 청송군,PQ,1480000000,1472274400,99.478,건화+삼보+도화+명성,100,1165770000,100.9914,Y
20200812442 - 04,20200814,안덕(현서)ㆍ부남정수장 시설확장공사 기본 및 실시설계용역,경상북도 청송군,PQ,1480000000,1472274400,99.478,제일+다산+서영,97.9,1162900000,99.0287,N
20200812442 - 04,20200814,안덕(현서)ㆍ부남정수장 시설확장공사 기본 및 실시설계용역,경상북도 청송군,PQ,1480000000,1472274400,99.478,한종+청우,97.9,1167900000,99.4545,N
20200812442 - 04,20200814,안덕(현서)ㆍ부남정수장 시설확장공사 기본 및 실시설계용역,경상북도 청송군,PQ,1480000000,1472274400,99.478,HEC+태성+동해,97.83,1188990000,101.1994,N
20200812442 - 04,20200814,안덕(현서)ㆍ부남정수장 시설확장공사 기본 및 실시설계용역,경상북도 청송군,PQ,1480000000,1472274400,99.478,KG+한백,97.69,1194110000,101.5201,N
20200812442 - 04,20200814,안덕(현서)ㆍ부남정수장 시설확장공사 기본 및 실시설계용역,경상북도 청송군,PQ,1480000000,1472274400,99.478,동명+보원,97.63,1158950000,98.4813,N
20200812442 - 04,20200814,안덕(현서)ㆍ부남정수장 시설확장공사 기본 및 실시설계용역,경상북도 청송군,PQ,1480000000,1472274400,99.478,삼안+한도,97.6,1195370000,101.5506,N
20200812442 - 04,20200814,안덕(현서)ㆍ부남정수장 시설확장공사 기본 및 실시설계용역,경상북도 청송군,PQ,1480000000,1472274400,99.478,선진+세연+평화,97.48,1160980000,98.5299,N
20200812442 - 04,20200814,안덕(현서)ㆍ부남정수장 시설확장공사 기본 및 실시설계용역,경상북도 청송군,PQ,1480000000,1472274400,99.478,범한+보람,97.45,1169000000,99.1856,N
20200812442 - 04,20200814,안덕(현서)ㆍ부남정수장 시설확장공사 기본 및 실시설계용역,경상북도 청송군,PQ,1480000000,1472274400,99.478,이산+동진,97.45,1158423000,98.2882,N
20200812442 - 04,20200814,안덕(현서)ㆍ부남정수장 시설확장공사 기본 및 실시설계용역,경상북도 청송군,PQ,1480000000,1472274400,99.478,화신+주하,97.32,1206480000,102.263,N
20200812442 - 04,20200814,안덕(현서)ㆍ부남정수장 시설확장공사 기본 및 실시설계용역,경상북도 청송군,PQ,1480000000,1472274400,99.478,유신+반석,96.42,1361600000,114.5775,N
20200812301 - 00,20200813,화성시 하수도정비 기본계획(변경) 수립 용역,경기도 화성시 맑은물사업소,PQ,2310000000,2283885450,98.8695,건화+동명+동성,99.64,1819890000,100.7006,N
20200812301 - 00,20200813,화성시 하수도정비 기본계획(변경) 수립 용역,경기도 화성시 맑은물사업소,PQ,2310000000,2283885450,98.8695,KG+경동,98.03,1816740000,99.22,N
20200812301 - 00,20200813,화성시 하수도정비 기본계획(변경) 수립 용역,경기도 화성시 맑은물사업소,PQ,2310000000,2283885450,98.8695,범한+서영+한종,98,1820500000,99.4128,N
20200812301 - 00,20200813,화성시 하수도정비 기본계획(변경) 수립 용역,경기도 화성시 맑은물사업소,PQ,2310000000,2283885450,98.8695,도화+경호,97.98,1853100000,101.1675,N
20200812301 - 00,20200813,화성시 하수도정비 기본계획(변경) 수립 용역,경기도 화성시 맑은물사업소,PQ,2310000000,2283885450,98.8695,삼안+수성+한맥,97.98,1814340000,99.0515,Y
20200812301 - 00,20200813,화성시 하수도정비 기본계획(변경) 수립 용역,경기도 화성시 맑은물사업소,PQ,2310000000,2283885450,98.8695,이산+선진+유신,97.75,1809400000,98.6077,N
20200812301 - 00,20200813,화성시 하수도정비 기본계획(변경) 수립 용역,경기도 화성시 맑은물사업소,PQ,2310000000,2283885450,98.8695,제일+동부+KCI,97.35,2170000000,117.8736,N
20200811943 - 00,20200813,청성면 농어촌생활용수개발사업 실시설계용역,충청북도 옥천군 상하수도사업소,PQ,1421975000,1412259425,99.31675487,삼안+청우건축,99.4,1116844000,100.2,N
20200811943 - 00,20200813,청성면 농어촌생활용수개발사업 실시설계용역,충청북도 옥천군 상하수도사업소,PQ,1421975000,1412259425,99.31675487,도화+영진,99.3,1125100000,100.8635,N
20200811943 - 00,20200813,청성면 농어촌생활용수개발사업 실시설계용역,충청북도 옥천군 상하수도사업소,PQ,1421975000,1412259425,99.31675487,건화+홍익(창민),99.18,1112000000,99.5875,Y
20200811943 - 00,20200813,청성면 농어촌생활용수개발사업 실시설계용역,충청북도 옥천군 상하수도사업소,PQ,1421975000,1412259425,99.31675487,범한,98.89,1110400000,99.2042,N
20200811943 - 00,20200813,청성면 농어촌생활용수개발사업 실시설계용역,충청북도 옥천군 상하수도사업소,PQ,1421975000,1412259425,99.31675487,HEC+KCI+동림,98.85,1114700000,99.5631,N
20200811943 - 00,20200813,청성면 농어촌생활용수개발사업 실시설계용역,충청북도 옥천군 상하수도사업소,PQ,1421975000,1412259425,99.31675487,한종+건양,98.77,1126000000,100.5085,N
20200811943 - 00,20200813,청성면 농어촌생활용수개발사업 실시설계용역,충청북도 옥천군 상하수도사업소,PQ,1421975000,1412259425,99.31675487,경동+태광,98.7,1108965000,98.9252,N
20200811943 - 00,20200813,청성면 농어촌생활용수개발사업 실시설계용역,충청북도 옥천군 상하수도사업소,PQ,1421975000,1412259425,99.31675487,유신+평화,98.64,1145809000,102.16,N
20200811943 - 00,20200813,청성면 농어촌생활용수개발사업 실시설계용역,충청북도 옥천군 상하수도사업소,PQ,1421975000,1412259425,99.31675487,동명+대원,97.64,1350000000,119.3968,N
20200812931 - 00,20200814,곰소항 어촌뉴딜300사업 어항SOC분야 기본 및 실시설계 용역,한국농어촌공사 전북지역본부,PQ,513276000,514455300,100.2297594,세일+이산,100,445152000,99.98,N
20200812931 - 00,20200814,곰소항 어촌뉴딜300사업 어항SOC분야 기본 및 실시설계 용역,한국농어촌공사 전북지역본부,PQ,513276000,514455300,100.2297594,유신+평화,99.78,448937000,100.8301,N
20200812931 - 00,20200814,곰소항 어촌뉴딜300사업 어항SOC분야 기본 및 실시설계 용역,한국농어촌공사 전북지역본부,PQ,513276000,514455300,100.2297594,서영+동명,98.71,447050000,100.4062,Y
20200812931 - 00,20200814,곰소항 어촌뉴딜300사업 어항SOC분야 기본 및 실시설계 용역,한국농어촌공사 전북지역본부,PQ,513276000,514455300,100.2297594,항도,98.48,447520000,100.5118,N
20200812931 - 00,20200814,곰소항 어촌뉴딜300사업 어항SOC분야 기본 및 실시설계 용역,한국농어촌공사 전북지역본부,PQ,513276000,514455300,100.2297594,한종+수성E,97.8,445150000,99.968,N
20200812931 - 00,20200814,곰소항 어촌뉴딜300사업 어항SOC분야 기본 및 실시설계 용역,한국농어촌공사 전북지역본부,PQ,513276000,514455300,100.2297594,건화,97.13,448440000,100.6952,N
20200814702 - 00,20200818,서구 복수동 일원 하수관로 정비사업 감독권한대행 건설사업관리용역,대전광역시 건설관리본부,PQ,1840000000,1813945600,98.584,도화+신화,100,1438800000,100.2573,N
20200814702 - 00,20200818,서구 복수동 일원 하수관로 정비사업 감독권한대행 건설사업관리용역,대전광역시 건설관리본부,PQ,1840000000,1813945600,98.584,삼안+동양,99.92,1432860000,99.7666,N
20200814702 - 00,20200818,서구 복수동 일원 하수관로 정비사업 감독권한대행 건설사업관리용역,대전광역시 건설관리본부,PQ,1840000000,1813945600,98.584,동명+중부,99.91,1446300000,100.7024,N
20200814702 - 00,20200818,서구 복수동 일원 하수관로 정비사업 감독권한대행 건설사업관리용역,대전광역시 건설관리본부,PQ,1840000000,1813945600,98.584,삼보+와텍,99.74,1431700000,99.5456,N
20200814702 - 00,20200818,서구 복수동 일원 하수관로 정비사업 감독권한대행 건설사업관리용역,대전광역시 건설관리본부,PQ,1840000000,1813945600,98.584,건화+선구,99.67,1433600000,99.6139,N
20200814702 - 00,20200818,서구 복수동 일원 하수관로 정비사업 감독권한대행 건설사업관리용역,대전광역시 건설관리본부,PQ,1840000000,1813945600,98.584,이산+아주,99.65,1453870000,101.0095,N
20200814702 - 00,20200818,서구 복수동 일원 하수관로 정비사업 감독권한대행 건설사업관리용역,대전광역시 건설관리본부,PQ,1840000000,1813945600,98.584,선진+신원,99.64,1428200000,99.2134,N
20200814702 - 00,20200818,서구 복수동 일원 하수관로 정비사업 감독권한대행 건설사업관리용역,대전광역시 건설관리본부,PQ,1840000000,1813945600,98.584,KG+경림+제일,99.59,1422510000,98.7802,Y
20200814702 - 00,20200818,서구 복수동 일원 하수관로 정비사업 감독권한대행 건설사업관리용역,대전광역시 건설관리본부,PQ,1840000000,1813945600,98.584,한종+도원+송현,99.48,1425500000,98.8994,N
20200814702 - 00,20200818,서구 복수동 일원 하수관로 정비사업 감독권한대행 건설사업관리용역,대전광역시 건설관리본부,PQ,1840000000,1813945600,98.584,경호+용마+포유,99.45,1425600000,98.8811,N
20200814702 - 00,20200818,서구 복수동 일원 하수관로 정비사업 감독권한대행 건설사업관리용역,대전광역시 건설관리본부,PQ,1840000000,1813945600,98.584,극동+경동+상우,98.95,1790000000,123.6512,N
20200814479 - 00,20200818,남원 일반산업단지 공공폐수처리시설 설치사업 건설사업관리용역,전라북도 남원시,PQ,984216000,991885575,100.7792573,도화+국성,100,839950000,99.8211,N
20200814479 - 00,20200818,남원 일반산업단지 공공폐수처리시설 설치사업 건설사업관리용역,전라북도 남원시,PQ,984216000,991885575,100.7792573,한종+한가람,100,843400000,100.2311,N
20200814479 - 00,20200818,남원 일반산업단지 공공폐수처리시설 설치사업 건설사업관리용역,전라북도 남원시,PQ,984216000,991885575,100.7792573,동명+길건축,100,836990000,99.4693,N
20200814479 - 00,20200818,남원 일반산업단지 공공폐수처리시설 설치사업 건설사업관리용역,전라북도 남원시,PQ,984216000,991885575,100.7792573,이산+더한,100,836368000,99.3954,N
20200814479 - 00,20200818,남원 일반산업단지 공공폐수처리시설 설치사업 건설사업관리용역,전라북도 남원시,PQ,984216000,991885575,100.7792573,건양+천마,100,837921000,99.58,N
20200814479 - 00,20200818,남원 일반산업단지 공공폐수처리시설 설치사업 건설사업관리용역,전라북도 남원시,PQ,984216000,991885575,100.7792573,경호+가온,100,849670000,100.9762,Y
20200814479 - 00,20200818,남원 일반산업단지 공공폐수처리시설 설치사업 건설사업관리용역,전라북도 남원시,PQ,984216000,991885575,100.7792573,동성+대성,100,846000000,100.5401,N
20200814479 - 00,20200818,남원 일반산업단지 공공폐수처리시설 설치사업 건설사업관리용역,전라북도 남원시,PQ,984216000,991885575,100.7792573,범한+대도,100,842600000,100.136,N
20200814479 - 00,20200818,남원 일반산업단지 공공폐수처리시설 설치사업 건설사업관리용역,전라북도 남원시,PQ,984216000,991885575,100.7792573,건화+아라+동양(주연),99.95,835760000,99.2999,N
20200814479 - 00,20200818,남원 일반산업단지 공공폐수처리시설 설치사업 건설사업관리용역,전라북도 남원시,PQ,984216000,991885575,100.7792573,경원+동운,99.7,852700000,101.2534,N
20200814479 - 00,20200818,남원 일반산업단지 공공폐수처리시설 설치사업 건설사업관리용역,전라북도 남원시,PQ,984216000,991885575,100.7792573,신명+세종,99.56,853358000,101.296,N
20200815348 - 01,20200818,용포 자연재해위험 개선지구 정비사업 건설사업관리용역,경상남도 밀양시,PQ,1710269000,1724340300,100.8227536,삼안+신화+현진,100,1334960000,100.0776,N
20200815348 - 01,20200818,용포 자연재해위험 개선지구 정비사업 건설사업관리용역,경상남도 밀양시,PQ,1710269000,1724340300,100.8227536,동성+금성+한가람,99.73,1343688000,100.5,N
20200815348 - 01,20200818,용포 자연재해위험 개선지구 정비사업 건설사업관리용역,경상남도 밀양시,PQ,1710269000,1724340300,100.8227536,한종+KSM+부림,99.72,1342300000,100.3962,N
20200815348 - 01,20200818,용포 자연재해위험 개선지구 정비사업 건설사업관리용역,경상남도 밀양시,PQ,1710269000,1724340300,100.8227536,대콘+재화+조은,99.7,1333888000,99.7415,N
20200815348 - 01,20200818,용포 자연재해위험 개선지구 정비사업 건설사업관리용역,경상남도 밀양시,PQ,1710269000,1724340300,100.8227536,KG+한성+우리,99.69,1323570000,98.97,N
20200815348 - 01,20200818,용포 자연재해위험 개선지구 정비사업 건설사업관리용역,경상남도 밀양시,PQ,1710269000,1724340300,100.8227536,수성+한올+태조,99.67,1338755000,100.0798,N
20200815348 - 01,20200818,용포 자연재해위험 개선지구 정비사업 건설사업관리용역,경상남도 밀양시,PQ,1710269000,1724340300,100.8227536,유신+HEC+화성,99.66,1328457000,99.31,N
20200815348 - 01,20200818,용포 자연재해위험 개선지구 정비사업 건설사업관리용역,경상남도 밀양시,PQ,1710269000,1724340300,100.8227536,이산+동영,99.6,1345200000,100.5102,N
20200815348 - 01,20200818,용포 자연재해위험 개선지구 정비사업 건설사업관리용역,경상남도 밀양시,PQ,1710269000,1724340300,100.8227536,동명+범한+연암,99.6,1342000000,100.2712,N
20200815348 - 01,20200818,용포 자연재해위험 개선지구 정비사업 건설사업관리용역,경상남도 밀양시,PQ,1710269000,1724340300,100.8227536,홍익+극동+창미+태일,99.59,1353270000,101.1003,N
20200815348 - 01,20200818,용포 자연재해위험 개선지구 정비사업 건설사업관리용역,경상남도 밀양시,PQ,1710269000,1724340300,100.8227536,경동+백산+해동,99.58,1353789000,101.1391,N
20200815348 - 01,20200818,용포 자연재해위험 개선지구 정비사업 건설사업관리용역,경상남도 밀양시,PQ,1710269000,1724340300,100.8227536,건화+우진+혜인,99.57,1356000000,101.2913,N
20200815348 - 01,20200818,용포 자연재해위험 개선지구 정비사업 건설사업관리용역,경상남도 밀양시,PQ,1710269000,1724340300,100.8227536,도화+경화+로텍,99.57,1321900000,98.7441,N
20200815348 - 01,20200818,용포 자연재해위험 개선지구 정비사업 건설사업관리용역,경상남도 밀양시,PQ,1710269000,1724340300,100.8227536,천일+천진+선진+경상,99.56,1353400000,101.0842,N
20200815348 - 01,20200818,용포 자연재해위험 개선지구 정비사업 건설사업관리용역,경상남도 밀양시,PQ,1710269000,1724340300,100.8227536,삼보+이솔+주원,99.53,1322880000,98.7794,N
20200815348 - 01,20200818,용포 자연재해위험 개선지구 정비사업 건설사업관리용역,경상남도 밀양시,PQ,1710269000,1724340300,100.8227536,다산+서화+하우,99.53,1351012000,100.8801,Y
20200815348 - 01,20200818,용포 자연재해위험 개선지구 정비사업 건설사업관리용역,경상남도 밀양시,PQ,1710269000,1724340300,100.8227536,제일+하나+정림,99.49,1362350000,101.7007,N
20200815348 - 01,20200818,용포 자연재해위험 개선지구 정비사업 건설사업관리용역,경상남도 밀양시,PQ,1710269000,1724340300,100.8227536,신명+우정+서영+유진,99.25,1555555000,115.9017,N
20200815500 - 00,20200818,포남지구 침수지역 재해복구사업 감독권한대행 건설사업관리용역,강원도 강릉시 상하수도사업소,PQ,1976581000,1964899450,99.40900221,KG+일신+동남,100,1535777000,99.6201,Y
20200815500 - 00,20200818,포남지구 침수지역 재해복구사업 감독권한대행 건설사업관리용역,강원도 강릉시 상하수도사업소,PQ,1976581000,1964899450,99.40900221,삼안+건일종합+한울,100,1540000000,99.894,N
20200815500 - 00,20200818,포남지구 침수지역 재해복구사업 감독권한대행 건설사업관리용역,강원도 강릉시 상하수도사업소,PQ,1976581000,1964899450,99.40900221,제일+화신+경원,100,1549350000,100.5005,N
20200815500 - 00,20200818,포남지구 침수지역 재해복구사업 감독권한대행 건설사업관리용역,강원도 강릉시 상하수도사업소,PQ,1976581000,1964899450,99.40900221,도화+정민+미래기술,99.84,1532700000,99.2804,N
20200815500 - 00,20200818,포남지구 침수지역 재해복구사업 감독권한대행 건설사업관리용역,강원도 강릉시 상하수도사업소,PQ,1976581000,1964899450,99.40900221,이산+삼경+성우,99.8,1536370000,99.4927,N
20200815500 - 00,20200818,포남지구 침수지역 재해복구사업 감독권한대행 건설사업관리용역,강원도 강릉시 상하수도사업소,PQ,1976581000,1964899450,99.40900221,경동+서강+고려,99.8,1553957000,100.6316,N
20200815500 - 00,20200818,포남지구 침수지역 재해복구사업 감독권한대행 건설사업관리용역,강원도 강릉시 상하수도사업소,PQ,1976581000,1964899450,99.40900221,건화+서광+진화,99.76,1556100000,100.7317,N
20200815500 - 00,20200818,포남지구 침수지역 재해복구사업 감독권한대행 건설사업관리용역,강원도 강릉시 상하수도사업소,PQ,1976581000,1964899450,99.40900221,동명+정+정원,99.74,1536500000,99.4502,N
20200815500 - 00,20200818,포남지구 침수지역 재해복구사업 감독권한대행 건설사업관리용역,강원도 강릉시 상하수도사업소,PQ,1976581000,1964899450,99.40900221,서영+대상+건우,99.62,1559800000,100.8551,N
20200815500 - 00,20200818,포남지구 침수지역 재해복구사업 감독권한대행 건설사업관리용역,강원도 강릉시 상하수도사업소,PQ,1976581000,1964899450,99.40900221,동성+삼주+동해,99.62,1532660000,99.0749,N
20200815500 - 00,20200818,포남지구 침수지역 재해복구사업 감독권한대행 건설사업관리용역,강원도 강릉시 상하수도사업소,PQ,1976581000,1964899450,99.40900221,신명+화인+서윤,99.59,1560560000,100.8784,N
20200815500 - 00,20200818,포남지구 침수지역 재해복구사업 감독권한대행 건설사업관리용역,강원도 강릉시 상하수도사업소,PQ,1976581000,1964899450,99.40900221,천일+성안+진화,99.56,1563800000,101.062,N
20200815500 - 00,20200818,포남지구 침수지역 재해복구사업 감독권한대행 건설사업관리용역,강원도 강릉시 상하수도사업소,PQ,1976581000,1964899450,99.40900221,한종+수성E+강원길,99.53,1529200000,98.8007,N
20200815500 - 00,20200818,포남지구 침수지역 재해복구사업 감독권한대행 건설사업관리용역,강원도 강릉시 상하수도사업소,PQ,1976581000,1964899450,99.40900221,수성+영화+동서,99.45,1566092000,101.1197,N
20200815500 - 00,20200818,포남지구 침수지역 재해복구사업 감독권한대행 건설사업관리용역,강원도 강릉시 상하수도사업소,PQ,1976581000,1964899450,99.40900221,용마+극동+현산+국일,99.28,1526798900,98.4445,N
20200815500 - 00,20200818,포남지구 침수지역 재해복구사업 감독권한대행 건설사업관리용역,강원도 강릉시 상하수도사업소,PQ,1976581000,1964899450,99.40900221,홍익+청솔+서경,99.26,1580600000,101.9004,N
20200815500 - 00,20200818,포남지구 침수지역 재해복구사업 감독권한대행 건설사업관리용역,강원도 강릉시 상하수도사업소,PQ,1976581000,1964899450,99.40900221,범한+유비+대성,99.04,1600000000,102.9674,N
20200815414 - 00,20200818,광양 인서지구 도시개발사업 조사설계 용역,전라남도 광양시,PQ,4842000000,4783811300,98.79825072,광장+신명+도화,99.38,3580000000,100.7376,N
20200815414 - 00,20200818,광양 인서지구 도시개발사업 조사설계 용역,전라남도 광양시,PQ,4842000000,4783811300,98.79825072,건화+삼안+한기(기성+산이건설),97.9,3637800000,101.056,N
20200815414 - 00,20200818,광양 인서지구 도시개발사업 조사설계 용역,전라남도 광양시,PQ,4842000000,4783811300,98.79825072,동명+동아+대콘,97.9,3574900000,99.3087,N
20200815414 - 00,20200818,광양 인서지구 도시개발사업 조사설계 용역,전라남도 광양시,PQ,4842000000,4783811300,98.79825072,한종+평화+원우,97.9,3585400000,99.6004,N
20200815414 - 00,20200818,광양 인서지구 도시개발사업 조사설계 용역,전라남도 광양시,PQ,4842000000,4783811300,98.79825072,경동+우빈,97.84,3581590000,99.4411,N
20200815414 - 00,20200818,광양 인서지구 도시개발사업 조사설계 용역,전라남도 광양시,PQ,4842000000,4783811300,98.79825072,수성+우리+신오,97.84,3633773000,100.8899,N
20200815414 - 00,20200818,광양 인서지구 도시개발사업 조사설계 용역,전라남도 광양시,PQ,4842000000,4783811300,98.79825072,KG+동일+하이콘,97.84,3568860000,99.0876,Y
20200815414 - 00,20200818,광양 인서지구 도시개발사업 조사설계 용역,전라남도 광양시,PQ,4842000000,4783811300,98.79825072,유신+우영+세원,97.78,4357800000,120.9271,N
20200816302 - 00,20200819,경주시 소하천 재해복구사업 통합 건설사업관리용역,경상북도 경주시,PQ,833000000,836723550,100.4470048,한종+청명,100,715100000,100.4109,N
20200816302 - 00,20200819,경주시 소하천 재해복구사업 통합 건설사업관리용역,경상북도 경주시,PQ,833000000,836723550,100.4470048,건화+한도,99.9,710800000,99.7722,N
20200816302 - 00,20200819,경주시 소하천 재해복구사업 통합 건설사업관리용역,경상북도 경주시,PQ,833000000,836723550,100.4470048,수성+동성,99.9,715770000,100.4698,Y
20200816302 - 00,20200819,경주시 소하천 재해복구사업 통합 건설사업관리용역,경상북도 경주시,PQ,833000000,836723550,100.4470048,서영+세원,99.8,709100000,99.5103,N
20200816302 - 00,20200819,경주시 소하천 재해복구사업 통합 건설사업관리용역,경상북도 경주시,PQ,833000000,836723550,100.4470048,도화+한백,99.53,708200000,99.3143,N
20200816302 - 00,20200819,경주시 소하천 재해복구사업 통합 건설사업관리용역,경상북도 경주시,PQ,833000000,836723550,100.4470048,경동+반석,99.47,706780000,99.1036,N
20200816302 - 00,20200819,경주시 소하천 재해복구사업 통합 건설사업관리용역,경상북도 경주시,PQ,833000000,836723550,100.4470048,극동+상금,99.44,711829000,99.7999,N
20200816302 - 00,20200819,경주시 소하천 재해복구사업 통합 건설사업관리용역,경상북도 경주시,PQ,833000000,836723550,100.4470048,신명+건일,99.3,707999000,99.2282,N
20200816302 - 00,20200819,경주시 소하천 재해복구사업 통합 건설사업관리용역,경상북도 경주시,PQ,833000000,836723550,100.4470048,평화+해인,99.04,729000000,102.1,N
20200816302 - 00,20200819,경주시 소하천 재해복구사업 통합 건설사업관리용역,경상북도 경주시,PQ,833000000,836723550,100.4470048,KSM+중앙방재,95.12,740700000,102.7081,N
20200816658 - 00,20200819,서상 등 4개 지구 농촌용수개발사업 전략환경영향평가 용역,한국농어촌공사,PQ,248300000,248912725,100.246768,이산+국토+엔탑,98.81,215790000,100.1867,N
20200816658 - 00,20200819,서상 등 4개 지구 농촌용수개발사업 전략환경영향평가 용역,한국농어촌공사,PQ,248300000,248912725,100.246768,삼안+휴먼,98.55,216755000,100.6347,N
20200816658 - 00,20200819,서상 등 4개 지구 농촌용수개발사업 전략환경영향평가 용역,한국농어촌공사,PQ,248300000,248912725,100.246768,건화+우신,98.5,215590000,100.0939,N
20200816658 - 00,20200819,서상 등 4개 지구 농촌용수개발사업 전략환경영향평가 용역,한국농어촌공사,PQ,248300000,248912725,100.246768,다산+연컨설턴트,98.45,214699000,99.6802,N
20200816658 - 00,20200819,서상 등 4개 지구 농촌용수개발사업 전략환경영향평가 용역,한국농어촌공사,PQ,248300000,248912725,100.246768,도화,98.38,216330000,100.4374,N
20200816658 - 00,20200819,서상 등 4개 지구 농촌용수개발사업 전략환경영향평가 용역,한국농어촌공사,PQ,248300000,248912725,100.246768,동명+대현,98.29,215215000,99.9198,N
20200816658 - 00,20200819,서상 등 4개 지구 농촌용수개발사업 전략환경영향평가 용역,한국농어촌공사,PQ,248300000,248912725,100.246768,경호+퍼스트,98.24,214490000,99.5832,N
20200816658 - 00,20200819,서상 등 4개 지구 농촌용수개발사업 전략환경영향평가 용역,한국농어촌공사,PQ,248300000,248912725,100.246768,수성+CNS,98.22,216293000,100.4202,Y
20200816658 - 00,20200819,서상 등 4개 지구 농촌용수개발사업 전략환경영향평가 용역,한국농어촌공사,PQ,248300000,248912725,100.246768,평화+한국환경,98.19,215752000,100.1691,N
20200816658 - 00,20200819,서상 등 4개 지구 농촌용수개발사업 전략환경영향평가 용역,한국농어촌공사,PQ,248300000,248912725,100.246768,유신+레오,98.17,214569000,99.6198,N
20200816658 - 00,20200819,서상 등 4개 지구 농촌용수개발사업 전략환경영향평가 용역,한국농어촌공사,PQ,248300000,248912725,100.246768,한맥+한누리,98.17,214412000,99.5469,N
20200816658 - 00,20200819,서상 등 4개 지구 농촌용수개발사업 전략환경영향평가 용역,한국농어촌공사,PQ,248300000,248912725,100.246768,대영+마린,97.89,215512000,100.0576,N
20200816658 - 00,20200819,서상 등 4개 지구 농촌용수개발사업 전략환경영향평가 용역,한국농어촌공사,PQ,248300000,248912725,100.246768,KCI+화신,97.7,214870000,99.7596,N
20200816658 - 00,20200819,서상 등 4개 지구 농촌용수개발사업 전략환경영향평가 용역,한국농어촌공사,PQ,248300000,248912725,100.246768,KG,97.45,217900000,101.1663,N
20200816658 - 00,20200819,서상 등 4개 지구 농촌용수개발사업 전략환경영향평가 용역,한국농어촌공사,PQ,248300000,248912725,100.246768,동해종합+동해,97.68,214069800,99.3766,N
20200816658 - 00,20200819,서상 등 4개 지구 농촌용수개발사업 전략환경영향평가 용역,한국농어촌공사,PQ,248300000,248912725,100.246768,DS+홍익+중앙방재,98.28,214455000,99.4981,N
20200816658 - 00,20200819,서상 등 4개 지구 농촌용수개발사업 전략환경영향평가 용역,한국농어촌공사,PQ,248300000,248912725,100.246768,대콘+드림+IK,98.17,214060000,99.2919,N
20200816658 - 00,20200819,서상 등 4개 지구 농촌용수개발사업 전략환경영향평가 용역,한국농어촌공사,PQ,248300000,248912725,100.246768,경동+선진환경,96.52,213947000,99.2281,N
20200816722 - 00,20200819,국가지원지방도 60호선(양산신기~유산) 건설공사 건설사업관리,경상남도 양산시,PQ,2159123000,2148629700,99.51400175,신명+우정,100,1670000000,99.1682,N
20200816722 - 00,20200819,국가지원지방도 60호선(양산신기~유산) 건설공사 건설사업관리,경상남도 양산시,PQ,2159123000,2148629700,99.51400175,이산+우리,100,1694900000,100.6468,N
20200816722 - 00,20200819,국가지원지방도 60호선(양산신기~유산) 건설공사 건설사업관리,경상남도 양산시,PQ,2159123000,2148629700,99.51400175,한종+KSM+태조+부림,100,1686000000,100.1183,N
20200816722 - 00,20200819,국가지원지방도 60호선(양산신기~유산) 건설공사 건설사업관리,경상남도 양산시,PQ,2159123000,2148629700,99.51400175,삼안+천진,99.9,1678600000,99.5895,Y
20200816722 - 00,20200819,국가지원지방도 60호선(양산신기~유산) 건설공사 건설사업관리,경상남도 양산시,PQ,2159123000,2148629700,99.51400175,다산+HEC+용마,99.8,1700985000,100.8401,N
20200816722 - 00,20200819,국가지원지방도 60호선(양산신기~유산) 건설공사 건설사업관리,경상남도 양산시,PQ,2159123000,2148629700,99.51400175,KG+한성,99.75,1704000000,100.98,N
20200816722 - 00,20200819,국가지원지방도 60호선(양산신기~유산) 건설공사 건설사업관리,경상남도 양산시,PQ,2159123000,2148629700,99.51400175,범한+선진,99.7,1678100000,99.3943,N
20200816722 - 00,20200819,국가지원지방도 60호선(양산신기~유산) 건설공사 건설사업관리,경상남도 양산시,PQ,2159123000,2148629700,99.51400175,삼보+로텍,99.53,1676800000,99.1778,N
20200816722 - 00,20200819,국가지원지방도 60호선(양산신기~유산) 건설공사 건설사업관리,경상남도 양산시,PQ,2159123000,2148629700,99.51400175,천일+한올,99.48,1676970000,99.1499,N
20200816722 - 00,20200819,국가지원지방도 60호선(양산신기~유산) 건설공사 건설사업관리,경상남도 양산시,PQ,2159123000,2148629700,99.51400175,대콘+재화,99.45,1674985000,99.0072,N
20200816722 - 00,20200819,국가지원지방도 60호선(양산신기~유산) 건설공사 건설사업관리,경상남도 양산시,PQ,2159123000,2148629700,99.51400175,도화+하우,99.43,1671500000,98.7886,N
20200816722 - 00,20200819,국가지원지방도 60호선(양산신기~유산) 건설공사 건설사업관리,경상남도 양산시,PQ,2159123000,2148629700,99.51400175,극동+서화,99.38,1672671000,98.82,N
20200816722 - 00,20200819,국가지원지방도 60호선(양산신기~유산) 건설공사 건설사업관리,경상남도 양산시,PQ,2159123000,2148629700,99.51400175,동일+현진,99.38,1675000000,98.9576,N
20200816722 - 00,20200819,국가지원지방도 60호선(양산신기~유산) 건설공사 건설사업관리,경상남도 양산시,PQ,2159123000,2148629700,99.51400175,동명+신화,99.37,1673390000,98.8499,N
20200816722 - 00,20200819,국가지원지방도 60호선(양산신기~유산) 건설공사 건설사업관리,경상남도 양산시,PQ,2159123000,2148629700,99.51400175,서영+우진,99.35,1716800000,101.4142,N
20200816722 - 00,20200819,국가지원지방도 60호선(양산신기~유산) 건설공사 건설사업관리,경상남도 양산시,PQ,2159123000,2148629700,99.51400175,경동+혜인,99.25,1670820000,98.61,N
20200816722 - 00,20200819,국가지원지방도 60호선(양산신기~유산) 건설공사 건설사업관리,경상남도 양산시,PQ,2159123000,2148629700,99.51400175,유신+한가람,99.23,1714582000,101.167,N
20200816722 - 00,20200819,국가지원지방도 60호선(양산신기~유산) 건설공사 건설사업관리,경상남도 양산시,PQ,2159123000,2148629700,99.51400175,건화+경화,99.2,1723900000,101.6909,N
20200816722 - 00,20200819,국가지원지방도 60호선(양산신기~유산) 건설공사 건설사업관리,경상남도 양산시,PQ,2159123000,2148629700,99.51400175,동부+화성,99.19,1718200000,101.3547,N
20200816722 - 00,20200819,국가지원지방도 60호선(양산신기~유산) 건설공사 건설사업관리,경상남도 양산시,PQ,2159123000,2148629700,99.51400175,수성+강산,99.15,1715725000,101.17,N
20200816722 - 00,20200819,국가지원지방도 60호선(양산신기~유산) 건설공사 건설사업관리,경상남도 양산시,PQ,2159123000,2148629700,99.51400175,경원+동영,99.06,1670888800,98.451,N
20200816722 - 00,20200819,국가지원지방도 60호선(양산신기~유산) 건설공사 건설사업관리,경상남도 양산시,PQ,2159123000,2148629700,99.51400175,평화+백산,99,1727370000,101.7401,N
20200816722 - 00,20200819,국가지원지방도 60호선(양산신기~유산) 건설공사 건설사업관리,경상남도 양산시,PQ,2159123000,2148629700,99.51400175,홍익+태일,98.95,1669983000,98.31,N
20200816722 - 00,20200819,국가지원지방도 60호선(양산신기~유산) 건설공사 건설사업관리,경상남도 양산시,PQ,2159123000,2148629700,99.51400175,제일+하나,98.91,1729700000,101.7996,N
20200816722 - 00,20200819,국가지원지방도 60호선(양산신기~유산) 건설공사 건설사업관리,경상남도 양산시,PQ,2159123000,2148629700,99.51400175,하이콘+경산+청명+세원,98.9,1730770000,101.8497,N
20200816722 - 00,20200819,국가지원지방도 60호선(양산신기~유산) 건설공사 건설사업관리,경상남도 양산시,PQ,2159123000,2148629700,99.51400175,동성+금성+한가람,98.89,1725047000,101.5,N
20200816722 - 00,20200819,국가지원지방도 60호선(양산신기~유산) 건설공사 건설사업관리,경상남도 양산시,PQ,2159123000,2148629700,99.51400175,신성+창미,98.89,1726000000,101.5561,N
20200816722 - 00,20200819,국가지원지방도 60호선(양산신기~유산) 건설공사 건설사업관리,경상남도 양산시,PQ,2159123000,2148629700,99.51400175,천마+이솔,97.06,1777000000,103.0255,N
20200816722 - 00,20200819,국가지원지방도 60호선(양산신기~유산) 건설공사 건설사업관리,경상남도 양산시,PQ,2159123000,2148629700,99.51400175,신흥,97,1672367000,98.151,N
20200819073 - 00,20200821,응봉유수지 CSOs 저류조 설치공사 감독권한대행 등 건설사업관리용역(장기),서울특별시 도시기반시설본부,PQ,1034440000,1036679625,100.216506,건화+대콘,99.53,886400000,100.098,N
20200819073 - 00,20200821,응봉유수지 CSOs 저류조 설치공사 감독권한대행 등 건설사업관리용역(장기),서울특별시 도시기반시설본부,PQ,1034440000,1036679625,100.216506,서영+진우,99.1,890000000,100.399,Y
20200819073 - 00,20200821,응봉유수지 CSOs 저류조 설치공사 감독권한대행 등 건설사업관리용역(장기),서울특별시 도시기반시설본부,PQ,1034440000,1036679625,100.216506,수성+천일,99.1,892584000,100.6905,N
20200819073 - 00,20200821,응봉유수지 CSOs 저류조 설치공사 감독권한대행 등 건설사업관리용역(장기),서울특별시 도시기반시설본부,PQ,1034440000,1036679625,100.216506,동성+동해,98.93,882977000,99.5602,N
20200819073 - 00,20200821,응봉유수지 CSOs 저류조 설치공사 감독권한대행 등 건설사업관리용역(장기),서울특별시 도시기반시설본부,PQ,1034440000,1036679625,100.216506,신명+도화,98.93,892198000,100.6,N
20200819073 - 00,20200821,응봉유수지 CSOs 저류조 설치공사 감독권한대행 등 건설사업관리용역(장기),서울특별시 도시기반시설본부,PQ,1034440000,1036679625,100.216506,한종+동일,98.73,890700000,100.3842,N
20200819073 - 00,20200821,응봉유수지 CSOs 저류조 설치공사 감독권한대행 등 건설사업관리용역(장기),서울특별시 도시기반시설본부,PQ,1034440000,1036679625,100.216506,범한+유신,98.63,882720000,99.4501,N
20200819073 - 00,20200821,응봉유수지 CSOs 저류조 설치공사 감독권한대행 등 건설사업관리용역(장기),서울특별시 도시기반시설본부,PQ,1034440000,1036679625,100.216506,극동+삼우+진화,98.13,883000000,99.3542,N
20200819073 - 00,20200821,응봉유수지 CSOs 저류조 설치공사 감독권한대행 등 건설사업관리용역(장기),서울특별시 도시기반시설본부,PQ,1034440000,1036679625,100.216506,경동+태조,98.13,878898000,98.8927,N
20200819073 - 00,20200821,응봉유수지 CSOs 저류조 설치공사 감독권한대행 등 건설사업관리용역(장기),서울특별시 도시기반시설본부,PQ,1034440000,1036679625,100.216506,하나+제일+이산,98.03,909000000,102.2559,N
20200818806 - 01,20200821,칠산천 지방하천 정비사업 실시설계용역,충청남도 종합건설사업소,PQ,873000000,879069600,100.6952577,KCI+드림+건화,100,749250000,100.3857,N
20200818806 - 01,20200821,칠산천 지방하천 정비사업 실시설계용역,충청남도 종합건설사업소,PQ,873000000,879069600,100.6952577,유신+경동,100,746476000,100.014,N
20200818806 - 01,20200821,칠산천 지방하천 정비사업 실시설계용역,충청남도 종합건설사업소,PQ,873000000,879069600,100.6952577,도화+기산,100,746900000,100.0708,N
20200818806 - 01,20200821,칠산천 지방하천 정비사업 실시설계용역,충청남도 종합건설사업소,PQ,873000000,879069600,100.6952577,화신+천마,100,744729000,99.78,N
20200818806 - 01,20200821,칠산천 지방하천 정비사업 실시설계용역,충청남도 종합건설사업소,PQ,873000000,879069600,100.6952577,KSM+동국+한경,99.89,747379000,100.0999,N
20200818806 - 01,20200821,칠산천 지방하천 정비사업 실시설계용역,충청남도 종합건설사업소,PQ,873000000,879069600,100.6952577,이산+송현,99.85,742200000,99.3946,N
20200818806 - 01,20200821,칠산천 지방하천 정비사업 실시설계용역,충청남도 종합건설사업소,PQ,873000000,879069600,100.6952577,한종+장맥,99.83,740400000,99.1536,N
20200818806 - 01,20200821,칠산천 지방하천 정비사업 실시설계용역,충청남도 종합건설사업소,PQ,873000000,879069600,100.6952577,극동+명성,99.53,753982000,100.8899,Y
20200818806 - 01,20200821,칠산천 지방하천 정비사업 실시설계용역,충청남도 종합건설사업소,PQ,873000000,879069600,100.6952577,동부+세일,99.51,743754000,99.5213,N
20200818806 - 01,20200821,칠산천 지방하천 정비사업 실시설계용역,충청남도 종합건설사업소,PQ,873000000,879069600,100.6952577,삼안+한맥+계림,99.38,740960000,99.1127,N
20200818806 - 01,20200821,칠산천 지방하천 정비사업 실시설계용역,충청남도 종합건설사업소,PQ,873000000,879069600,100.6952577,동명+동양,99.11,756490000,101.1192,N
20200818806 - 01,20200821,칠산천 지방하천 정비사업 실시설계용역,충청남도 종합건설사업소,PQ,873000000,879069600,100.6952577,KG+삼육,99.01,741200000,99.0522,N
20200818806 - 01,20200821,칠산천 지방하천 정비사업 실시설계용역,충청남도 종합건설사업소,PQ,873000000,879069600,100.6952577,평화+예당,98.89,740400000,98.9107,N
20200818806 - 01,20200821,칠산천 지방하천 정비사업 실시설계용역,충청남도 종합건설사업소,PQ,873000000,879069600,100.6952577,동성+우주,98.58,740999000,98.91,N
20200818806 - 01,20200821,칠산천 지방하천 정비사업 실시설계용역,충청남도 종합건설사업소,PQ,873000000,879069600,100.6952577,다산+세종,98.45,759245000,101.3101,N
20200818806 - 01,20200821,칠산천 지방하천 정비사업 실시설계용역,충청남도 종합건설사업소,PQ,873000000,879069600,100.6952577,수성+양지,98.05,758604000,101.1303,N
20200818806 - 01,20200821,칠산천 지방하천 정비사업 실시설계용역,충청남도 종합건설사업소,PQ,873000000,879069600,100.6952577,경호+강호,97.08,764450000,101.6494,N
20200818806 - 01,20200821,칠산천 지방하천 정비사업 실시설계용역,충청남도 종합건설사업소,PQ,873000000,879069600,100.6952577,서광+한성,96.41,766900000,101.8097,N
20200818794 - 01,20200821,주교천 지방하천 정비사업 건설사업관리용역,충청남도 종합건설사업소,PQ,1922360000,1908072125,99.25675342,경동+KCI,100,1501354000,100.134,N
20200818794 - 01,20200821,주교천 지방하천 정비사업 건설사업관리용역,충청남도 종합건설사업소,PQ,1922360000,1908072125,99.25675342,극동+기산,100,1505641000,100.4199,N
20200818794 - 01,20200821,주교천 지방하천 정비사업 건설사업관리용역,충청남도 종합건설사업소,PQ,1922360000,1908072125,99.25675342,도화+송현,100,1493100000,99.5835,N
20200818794 - 01,20200821,주교천 지방하천 정비사업 건설사업관리용역,충청남도 종합건설사업소,PQ,1922360000,1908072125,99.25675342,평화+수성E,100,1495370000,99.7349,N
20200818794 - 01,20200821,주교천 지방하천 정비사업 건설사업관리용역,충청남도 종합건설사업소,PQ,1922360000,1908072125,99.25675342,삼안+한맥,99.96,1508100000,100.5453,N
20200818794 - 01,20200821,주교천 지방하천 정비사업 건설사업관리용역,충청남도 종합건설사업소,PQ,1922360000,1908072125,99.25675342,동명+천마,99.9,1493200000,99.5009,N
20200818794 - 01,20200821,주교천 지방하천 정비사업 건설사업관리용역,충청남도 종합건설사업소,PQ,1922360000,1908072125,99.25675342,한종+세일,99.83,1488000000,99.1036,N
20200818794 - 01,20200821,주교천 지방하천 정비사업 건설사업관리용역,충청남도 종합건설사업소,PQ,1922360000,1908072125,99.25675342,홍익+계림,99.77,1491261000,99.2699,Y
20200818794 - 01,20200821,주교천 지방하천 정비사업 건설사업관리용역,충청남도 종합건설사업소,PQ,1922360000,1908072125,99.25675342,용마+더그린,99.75,1514588900,100.8099,N
20200818794 - 01,20200821,주교천 지방하천 정비사업 건설사업관리용역,충청남도 종합건설사업소,PQ,1922360000,1908072125,99.25675342,건화+동양,99.71,1518000000,100.9982,N
20200818794 - 01,20200821,주교천 지방하천 정비사업 건설사업관리용역,충청남도 종합건설사업소,PQ,1922360000,1908072125,99.25675342,천일+도원,99.71,1486390000,98.8951,N
20200818794 - 01,20200821,주교천 지방하천 정비사업 건설사업관리용역,충청남도 종합건설사업소,PQ,1922360000,1908072125,99.25675342,수성+드림,99.7,1485154000,98.8002,N
20200818794 - 01,20200821,주교천 지방하천 정비사업 건설사업관리용역,충청남도 종합건설사업소,PQ,1922360000,1908072125,99.25675342,동일+양지,99.67,1490000000,99.0972,N
20200818794 - 01,20200821,주교천 지방하천 정비사업 건설사업관리용역,충청남도 종합건설사업소,PQ,1922360000,1908072125,99.25675342,서영+동국,99.66,1490800000,99.1504,N
20200818794 - 01,20200821,주교천 지방하천 정비사업 건설사업관리용역,충청남도 종합건설사업소,PQ,1922360000,1908072125,99.25675342,이산+에스알,99.64,1515980000,100.7993,N
20200818794 - 01,20200821,주교천 지방하천 정비사업 건설사업관리용역,충청남도 종합건설사업소,PQ,1922360000,1908072125,99.25675342,동성+우주,99.56,1523440000,101.2307,N
20200818794 - 01,20200821,주교천 지방하천 정비사업 건설사업관리용역,충청남도 종합건설사업소,PQ,1922360000,1908072125,99.25675342,대콘+대웅,99.5,1522220000,101.1108,N
20200818794 - 01,20200821,주교천 지방하천 정비사업 건설사업관리용역,충청남도 종합건설사업소,PQ,1922360000,1908072125,99.25675342,삼보+우경,99.5,1521700000,101.0763,N
20200818794 - 01,20200821,주교천 지방하천 정비사업 건설사업관리용역,충청남도 종합건설사업소,PQ,1922360000,1908072125,99.25675342,선진+유원,99.34,1532180000,101.6297,N
20200818794 - 01,20200821,주교천 지방하천 정비사업 건설사업관리용역,충청남도 종합건설사업소,PQ,1922360000,1908072125,99.25675342,하이콘+정안,99.3,1528350000,101.3498,N
20200818794 - 01,20200821,주교천 지방하천 정비사업 건설사업관리용역,충청남도 종합건설사업소,PQ,1922360000,1908072125,99.25675342,신명+재성,99.27,1530101000,101.44,N
20200818794 - 01,20200821,주교천 지방하천 정비사업 건설사업관리용역,충청남도 종합건설사업소,PQ,1922360000,1908072125,99.25675342,다산+명성,99.23,1537470000,101.8896,N
20200818794 - 01,20200821,주교천 지방하천 정비사업 건설사업관리용역,충청남도 종합건설사업소,PQ,1922360000,1908072125,99.25675342,KSM+한빛,99.2,1527399000,101.1964,N
20200818786 - 00,20200821,장승천 지방하천 정비사업 건설사업관리용역,충청남도 종합건설사업소,PQ,1287880000,1307536300,101.5262524,동일+장맥,100,1010000000,100.5493,N
20200818786 - 00,20200821,장승천 지방하천 정비사업 건설사업관리용역,충청남도 종합건설사업소,PQ,1287880000,1307536300,101.5262524,천일+상연+양지,100,1003678000,99.92,N
20200818786 - 00,20200821,장승천 지방하천 정비사업 건설사업관리용역,충청남도 종합건설사업소,PQ,1287880000,1307536300,101.5262524,계림+홍익,99.93,1002210000,99.7099,N
20200818786 - 00,20200821,장승천 지방하천 정비사업 건설사업관리용역,충청남도 종합건설사업소,PQ,1287880000,1307536300,101.5262524,극동+한맥,99.9,1011113000,100.5699,N
20200818786 - 00,20200821,장승천 지방하천 정비사업 건설사업관리용역,충청남도 종합건설사업소,PQ,1287880000,1307536300,101.5262524,드림+수성,99.9,1002700000,99.7331,N
20200818786 - 00,20200821,장승천 지방하천 정비사업 건설사업관리용역,충청남도 종합건설사업소,PQ,1287880000,1307536300,101.5262524,KG+송현E,99.84,1014150000,100.8203,N
20200818786 - 00,20200821,장승천 지방하천 정비사업 건설사업관리용역,충청남도 종합건설사업소,PQ,1287880000,1307536300,101.5262524,도화+송현,99.83,998900000,99.3042,N
20200818786 - 00,20200821,장승천 지방하천 정비사업 건설사업관리용역,충청남도 종합건설사업소,PQ,1287880000,1307536300,101.5262524,동부+예당,99.77,999000000,99.2633,N
20200818786 - 00,20200821,장승천 지방하천 정비사업 건설사업관리용역,충청남도 종합건설사업소,PQ,1287880000,1307536300,101.5262524,한종+세일,99.76,997600000,99.1116,N
20200818786 - 00,20200821,장승천 지방하천 정비사업 건설사업관리용역,충청남도 종합건설사업소,PQ,1287880000,1307536300,101.5262524,건화+동양,99.74,998800000,99.2181,N
20200818786 - 00,20200821,장승천 지방하천 정비사업 건설사업관리용역,충청남도 종합건설사업소,PQ,1287880000,1307536300,101.5262524,선진+용마+유원,99.74,996900000,99.0293,N
20200818786 - 00,20200821,장승천 지방하천 정비사업 건설사업관리용역,충청남도 종합건설사업소,PQ,1287880000,1307536300,101.5262524,동명+천마,99.73,1018880000,101.1998,N
20200818786 - 00,20200821,장승천 지방하천 정비사업 건설사업관리용역,충청남도 종합건설사업소,PQ,1287880000,1307536300,101.5262524,평화+수성E,99.7,1015900000,100.878,N
20200818786 - 00,20200821,장승천 지방하천 정비사업 건설사업관리용역,충청남도 종합건설사업소,PQ,1287880000,1307536300,101.5262524,경동+KCI,99.67,1015676000,100.83,N
20200818786 - 00,20200821,장승천 지방하천 정비사업 건설사업관리용역,충청남도 종합건설사업소,PQ,1287880000,1307536300,101.5262524,서영+신성,99.62,1019700000,101.1907,N
20200818786 - 00,20200821,장승천 지방하천 정비사업 건설사업관리용역,충청남도 종합건설사업소,PQ,1287880000,1307536300,101.5262524,이산+에스알,99.57,996190000,98.8197,N
20200818786 - 00,20200821,장승천 지방하천 정비사업 건설사업관리용역,충청남도 종합건설사업소,PQ,1287880000,1307536300,101.5262524,다산+명성,99.42,995239000,98.5994,N
20200818786 - 00,20200821,장승천 지방하천 정비사업 건설사업관리용역,충청남도 종합건설사업소,PQ,1287880000,1307536300,101.5262524,하이콘+정안,99.41,1020980000,101.1496,N
20200818786 - 00,20200821,장승천 지방하천 정비사업 건설사업관리용역,충청남도 종합건설사업소,PQ,1287880000,1307536300,101.5262524,경원+더원,99.24,1024800000,101.3858,N
20200818786 - 00,20200821,장승천 지방하천 정비사업 건설사업관리용역,충청남도 종합건설사업소,PQ,1287880000,1307536300,101.5262524,신명+재성,99.24,1025349000,101.4401,N
20200818786 - 00,20200821,장승천 지방하천 정비사업 건설사업관리용역,충청남도 종합건설사업소,PQ,1287880000,1307536300,101.5262524,동성+우주,99.23,1026088000,101.5003,N
20200818786 - 00,20200821,장승천 지방하천 정비사업 건설사업관리용역,충청남도 종합건설사업소,PQ,1287880000,1307536300,101.5262524,KSM+한빛,99.22,1023109000,101.2056,N
20200818786 - 00,20200821,장승천 지방하천 정비사업 건설사업관리용역,충청남도 종합건설사업소,PQ,1287880000,1307536300,101.5262524,삼보+동국,99.1,1027600000,101.5463,Y
20200818786 - 00,20200821,장승천 지방하천 정비사업 건설사업관리용역,충청남도 종합건설사업소,PQ,1287880000,1307536300,101.5262524,제일+우리기술,98.98,1035980000,102.2703,N
20200818786 - 00,20200821,장승천 지방하천 정비사업 건설사업관리용역,충청남도 종합건설사업소,PQ,1287880000,1307536300,101.5262524,삼우씨엠+우경+태조+건일,98.63,1026100000,101.0125,N
2020-02-000500-00,20200824,월곶~판교 복선전철 제2공구 노반 실시설계 용역(개찰 3순위),국가철도공단,PQ,2492000000,2467741438,99.02654246,서현+유신+동명,99.45,1971500000,100.9418,N
2020-02-000500-00,20200824,월곶~판교 복선전철 제2공구 노반 실시설계 용역(개찰 3순위),국가철도공단,PQ,2492000000,2467741438,99.02654246,삼안+신성+선구+건화+서영(우리),98.23,1965700000,99.5525,N
2020-02-000500-00,20200824,월곶~판교 복선전철 제2공구 노반 실시설계 용역(개찰 3순위),국가철도공단,PQ,2492000000,2467741438,99.02654246,수성+대콘+동부,98.04,1962489999,99.2271,Y
2020-02-000506-00,20200824,월곶~판교 복선전철 제3공구 노반 실시설계 용역(개찰 6순위),국가철도공단,PQ,1737000000,1732571778,99.74506494,동부+수성+대콘+평화,98.56,1377541000,100.3807,N
2020-02-000506-00,20200824,월곶~판교 복선전철 제3공구 노반 실시설계 용역(개찰 6순위),국가철도공단,PQ,1737000000,1732571778,99.74506494,동명+서현+유신,98.31,1371850000,99.7513,N
2020-02-000506-00,20200824,월곶~판교 복선전철 제3공구 노반 실시설계 용역(개찰 6순위),국가철도공단,PQ,1737000000,1732571778,99.74506494,다산+삼보+동해+한종+경호,98.12,1376875000,99.94,Y
2020-02-000506-00,20200824,월곶~판교 복선전철 제3공구 노반 실시설계 용역(개찰 6순위),국가철도공단,PQ,1737000000,1732571778,99.74506494,선구+건화+신성+삼안,97.89,1374000000,99.5305,N
2020-02-000506-00,20200824,월곶~판교 복선전철 제3공구 노반 실시설계 용역(개찰 6순위),국가철도공단,PQ,1737000000,1732571778,99.74506494,도화+KRTC+태조,97.87,1650000000,119.5085,N
2020-02-000505-00,20200824,월곶~판교 복선전철 제4공구 노반 실시설계 용역(개찰 7순위),국가철도공단,PQ,1675000000,1669793052,99.68913743,신성+서영+건화+선구+삼안(효산),98.14,1342000000,101.0397,N
2020-02-000505-00,20200824,월곶~판교 복선전철 제4공구 노반 실시설계 용역(개찰 7순위),국가철도공단,PQ,1675000000,1669793052,99.68913743,대콘+수성+동부+평화,98.01,1329698750,100,Y
2020-02-000505-00,20200824,월곶~판교 복선전철 제4공구 노반 실시설계 용역(개찰 7순위),국가철도공단,PQ,1675000000,1669793052,99.68913743,유신,97.83,1333050000,100.0881,N
2020-02-000505-00,20200824,월곶~판교 복선전철 제4공구 노반 실시설계 용역(개찰 7순위),국가철도공단,PQ,1675000000,1669793052,99.68913743,삼보+한종+경동+건일+KCI,97.17,1348200000,100.6434,N
2020-02-000505-00,20200824,월곶~판교 복선전철 제4공구 노반 실시설계 용역(개찰 7순위),국가철도공단,PQ,1675000000,1669793052,99.68913743,태조+KRTC+도화,97.06,1345678000,100.3547,N
2020-02-000505-00,20200824,월곶~판교 복선전철 제4공구 노반 실시설계 용역(개찰 7순위),국가철도공단,PQ,1675000000,1669793052,99.68913743,이산+동일+천일+제일,96.76,1325480000,98.5898,N
2020-02-000504-00,20200824,월곶~판교 복선전철 제5공구 노반 실시설계 용역 (개찰 5순위),국가철도공단,PQ,1755000000,1773715407,101.066405,KRTC+도화+태조,98.62,0,0,N
2020-02-000504-00,20200824,월곶~판교 복선전철 제5공구 노반 실시설계 용역 (개찰 5순위),국가철도공단,PQ,1755000000,1773715407,101.066405,유신+동명+서현,98.44,0,0,N
2020-02-000504-00,20200824,월곶~판교 복선전철 제5공구 노반 실시설계 용역 (개찰 5순위),국가철도공단,PQ,1755000000,1773715407,101.066405,제일+천일+동일+이산,97.93,1393980000,99.9799,N
2020-02-000504-00,20200824,월곶~판교 복선전철 제5공구 노반 실시설계 용역 (개찰 5순위),국가철도공단,PQ,1755000000,1773715407,101.066405,한종+삼보+경동+동해,97.86,1411900000,101.2015,Y
2020-02-000504-00,20200824,월곶~판교 복선전철 제5공구 노반 실시설계 용역 (개찰 5순위),국가철도공단,PQ,1755000000,1773715407,101.066405,건화+선구+신성+삼안+서영,97.84,1391700000,99.7411,N
2020-02-000503-00,20200824,월곶~판교 복선전철 제7공구 노반 실시설계 용역(개찰 4순위),국가철도공단,PQ,2003000000,1987941996,99.24822746,이산+천일+동일+제일,98.79,1607700000,101.8005,N
2020-02-000503-00,20200824,월곶~판교 복선전철 제7공구 노반 실시설계 용역(개찰 4순위),국가철도공단,PQ,2003000000,1987941996,99.24822746,KRTC+도화+태조,98.55,1580867000,99.8987,Y
2020-02-000503-00,20200824,월곶~판교 복선전철 제7공구 노반 실시설계 용역(개찰 4순위),국가철도공단,PQ,2003000000,1987941996,99.24822746,서현+동명+유신,98.22,1590000000,100.1715,N
2020-02-000503-00,20200824,월곶~판교 복선전철 제7공구 노반 실시설계 용역(개찰 4순위),국가철도공단,PQ,2003000000,1987941996,99.24822746,한종+일신+삼보+동해,97.19,1760000000,109.8833,N
2020-02-000502-00,20200824,월곶~판교 복선전철 제9공구 노반 실시설계 용역(개찰 2순위),국가철도공단,PQ,2692000000,2685413819,99.75534246,동명+서현+유신,99.05,2118450000,100.0499,Y
2020-02-000502-00,20200824,월곶~판교 복선전철 제9공구 노반 실시설계 용역(개찰 2순위),국가철도공단,PQ,2692000000,2685413819,99.75534246,신성+건화+선구+삼안,98.7,2121580000,99.8803,N
2020-02-000502-00,20200824,월곶~판교 복선전철 제9공구 노반 실시설계 용역(개찰 2순위),국가철도공단,PQ,2692000000,2685413819,99.75534246,도화+KRTC+태조,98.56,2152500000,101.2077,N
2020-02-000502-00,20200824,월곶~판교 복선전철 제9공구 노반 실시설계 용역(개찰 2순위),국가철도공단,PQ,2692000000,2685413819,99.75534246,동일+천일+이산+제일,98.01,2500000000,116.984,N
2020-02-000499-00,20200824,월곶~판교 복선전철 제10공구 노반 실시설계 용역(개찰 1순위),국가철도공단,PQ,2740000000,2731099795,99.675175,동해+삼보+경동+한종,98.69,2170800000,100.5218,N
2020-02-000499-00,20200824,월곶~판교 복선전철 제10공구 노반 실시설계 용역(개찰 1순위),국가철도공단,PQ,2740000000,2731099795,99.675175,유신+동명+서현,98.54,2164795000,99.99,Y
2020-02-000499-00,20200824,월곶~판교 복선전철 제10공구 노반 실시설계 용역(개찰 1순위),국가철도공단,PQ,2740000000,2731099795,99.675175,대콘+동부+수성,98.51,2187456000,101.0111,N
2020-02-000499-00,20200824,월곶~판교 복선전철 제10공구 노반 실시설계 용역(개찰 1순위),국가철도공단,PQ,2740000000,2731099795,99.675175,천일+제일+동일+이산,98.31,2159000000,99.5208,N
2020-02-000499-00,20200824,월곶~판교 복선전철 제10공구 노반 실시설계 용역(개찰 1순위),국가철도공단,PQ,2740000000,2731099795,99.675175,태조+KRTC+도화,97.96,2650000000,121.7694,N
20200821106 - 00,20200824,광주시 하수도정비 기본계획(변경) 용역,경기도 광주시,PQ,1500000000,1499745000,99.983,동명+도화,100,1178500000,100.733,Y
20200821106 - 00,20200824,광주시 하수도정비 기본계획(변경) 용역,경기도 광주시,PQ,1500000000,1499745000,99.983,KG+경동,97.98,1178960000,99.1202,N
20200821106 - 00,20200824,광주시 하수도정비 기본계획(변경) 용역,경기도 광주시,PQ,1500000000,1499745000,99.983,건화+수성,97.88,1204600000,101.1993,N
20200821106 - 00,20200824,광주시 하수도정비 기본계획(변경) 용역,경기도 광주시,PQ,1500000000,1499745000,99.983,건양+동부,97.83,1208637000,101.5,N
20200821106 - 00,20200824,광주시 하수도정비 기본계획(변경) 용역,경기도 광주시,PQ,1500000000,1499745000,99.983,한종+평화,97.8,1175600000,98.7008,N
20200821106 - 00,20200824,광주시 하수도정비 기본계획(변경) 용역,경기도 광주시,PQ,1500000000,1499745000,99.983,선진+유신,97.75,1203320000,100.9899,N
20200821106 - 00,20200824,광주시 하수도정비 기본계획(변경) 용역,경기도 광주시,PQ,1500000000,1499745000,99.983,제일+경호+서영,97.72,1214500000,101.9025,N
20200821106 - 00,20200824,광주시 하수도정비 기본계획(변경) 용역,경기도 광주시,PQ,1500000000,1499745000,99.983,이산+하이콘,97.63,1174470000,98.4695,N
20200821106 - 00,20200824,광주시 하수도정비 기본계획(변경) 용역,경기도 광주시,PQ,1500000000,1499745000,99.983,삼안+한맥+태조,97.45,1430000000,119.7129,N
20200822369 - 00,20200825,광주천 환경정비사업 건설사업관리용역,광주광역시,PQ,1659900000,1643728500,99.02575456,한종+원우+한기,100,1301400000,100.5222,N
20200822369 - 00,20200825,광주천 환경정비사업 건설사업관리용역,광주광역시,PQ,1659900000,1643728500,99.02575456,도화+우빈,100,1293340000,99.8997,N
20200822369 - 00,20200825,광주천 환경정비사업 건설사업관리용역,광주광역시,PQ,1659900000,1643728500,99.02575456,삼안+동아,99.95,1290740000,99.6477,N
20200822369 - 00,20200825,광주천 환경정비사업 건설사업관리용역,광주광역시,PQ,1659900000,1643728500,99.02575456,천일+산이,99.83,1297110000,100.0498,N
20200822369 - 00,20200825,광주천 환경정비사업 건설사업관리용역,광주광역시,PQ,1659900000,1643728500,99.02575456,이산+영진,99.75,1290900000,99.5071,N
20200822369 - 00,20200825,광주천 환경정비사업 건설사업관리용역,광주광역시,PQ,1659900000,1643728500,99.02575456,극동+신오,99.7,1289000000,99.3098,Y
20200822369 - 00,20200825,광주천 환경정비사업 건설사업관리용역,광주광역시,PQ,1659900000,1643728500,99.02575456,평화+용마+경원,99.65,1291300000,99.4488,N
20200822369 - 00,20200825,광주천 환경정비사업 건설사업관리용역,광주광역시,PQ,1659900000,1643728500,99.02575456,건화+우영,99.58,1286100000,98.9977,N
20200822369 - 00,20200825,광주천 환경정비사업 건설사업관리용역,광주광역시,PQ,1659900000,1643728500,99.02575456,동명+하이콘,99.58,1285400000,98.9438,N
20200822369 - 00,20200825,광주천 환경정비사업 건설사업관리용역,광주광역시,PQ,1659900000,1643728500,99.02575456,동성+우리,99.35,1287944000,98.95,N
20200822369 - 00,20200825,광주천 환경정비사업 건설사업관리용역,광주광역시,PQ,1659900000,1643728500,99.02575456,신명+한올,99.27,1322322000,101.5265,N
20200822369 - 00,20200825,광주천 환경정비사업 건설사업관리용역,광주광역시,PQ,1659900000,1643728500,99.02575456,서영+건영,99.26,1324100000,101.65,N
20200822369 - 00,20200825,광주천 환경정비사업 건설사업관리용역,광주광역시,PQ,1659900000,1643728500,99.02575456,경동+에스이,99.23,1283490000,98.5073,N
20200822627 - 01,20200825,"신기,신성,지리 농어촌마을하수도 설치사업 기본 및 실시설계용역",경상북도 청송군,PQ,1498000000,1513620450,101.0427537,도화+삼보+건화+동성(청구),100,1179900000,100.9873,N
20200822627 - 01,20200825,"신기,신성,지리 농어촌마을하수도 설치사업 기본 및 실시설계용역",경상북도 청송군,PQ,1498000000,1513620450,101.0427537,한종+태성+명성,97.6,1206000000,101.2225,Y
20200822627 - 01,20200825,"신기,신성,지리 농어촌마을하수도 설치사업 기본 및 실시설계용역",경상북도 청송군,PQ,1498000000,1513620450,101.0427537,동명+보원,97.58,1208200000,101.3944,N
20200822627 - 01,20200825,"신기,신성,지리 농어촌마을하수도 설치사업 기본 및 실시설계용역",경상북도 청송군,PQ,1498000000,1513620450,101.0427537,이산+한주+하이콘,97.57,1178480000,98.8878,N
20200822627 - 01,20200825,"신기,신성,지리 농어촌마을하수도 설치사업 기본 및 실시설계용역",경상북도 청송군,PQ,1498000000,1513620450,101.0427537,삼안+청우+한도,97.33,1217700000,101.9866,N
20200822627 - 01,20200825,"신기,신성,지리 농어촌마을하수도 설치사업 기본 및 실시설계용역",경상북도 청송군,PQ,1498000000,1513620450,101.0427537,범한+보람,97.3,1177000000,98.5531,N
20200822627 - 01,20200825,"신기,신성,지리 농어촌마을하수도 설치사업 기본 및 실시설계용역",경상북도 청송군,PQ,1498000000,1513620450,101.0427537,HEC+세원+동해,96.36,1229000000,102.1385,N
20200822627 - 01,20200825,"신기,신성,지리 농어촌마을하수도 설치사업 기본 및 실시설계용역",경상북도 청송군,PQ,1498000000,1513620450,101.0427537,선진+세연+평화,95.43,1242560000,102.4998,N
20200822627 - 01,20200825,"신기,신성,지리 농어촌마을하수도 설치사업 기본 및 실시설계용역",경상북도 청송군,PQ,1498000000,1513620450,101.0427537,화신+주하,95.28,1232820000,101.5708,N
20200822627 - 01,20200825,"신기,신성,지리 농어촌마을하수도 설치사업 기본 및 실시설계용역",경상북도 청송군,PQ,1498000000,1513620450,101.0427537,제일+다산+서영,94.9,1393000000,114.4289,N
원주지방국토관리청공고제2020 - 78호,20200825,충주댐 하류권역 하천기본계획(변경) 수립 전략환경영향평가 용역 ,원주지방국토관리청,PQ,507000000,504174775,99.44275641,삼안+건화+우신,98.46,446160000,105.3451,N
원주지방국토관리청공고제2020 - 78호,20200825,충주댐 하류권역 하천기본계획(변경) 수립 전략환경영향평가 용역 ,원주지방국토관리청,PQ,507000000,504174775,99.44275641,동아+경호+KCI,97.5,424597000,99.8473,Y
20200822816 - 00,20200826,서부정비창 환경영향평가 등 용역,해양경찰청 남해지방해양경찰청 서귀포해양경찰서,PQ,2066820000,2059906550,99.66550304,건화+휴먼(미래해양),98.97,1660000000,100.4021,N
20200822816 - 00,20200826,서부정비창 환경영향평가 등 용역,해양경찰청 남해지방해양경찰청 서귀포해양경찰서,PQ,2066820000,2059906550,99.66550304,유신+레오,98.97,1647815000,99.6651,N
20200822816 - 00,20200826,서부정비창 환경영향평가 등 용역,해양경찰청 남해지방해양경찰청 서귀포해양경찰서,PQ,2066820000,2059906550,99.66550304,동명+건일+엔탑,98.95,1655000000,100.0996,N
20200822816 - 00,20200826,서부정비창 환경영향평가 등 용역,해양경찰청 남해지방해양경찰청 서귀포해양경찰서,PQ,2066820000,2059906550,99.66550304,도화+라임,98.97,1659770000,100.3881,N
20200822816 - 00,20200826,서부정비창 환경영향평가 등 용역,해양경찰청 남해지방해양경찰청 서귀포해양경찰서,PQ,2066820000,2059906550,99.66550304,이산+국토,98.97,1655370000,100.122,N
20200822816 - 00,20200826,서부정비창 환경영향평가 등 용역,해양경찰청 남해지방해양경찰청 서귀포해양경찰서,PQ,2066820000,2059906550,99.66550304,동일+다원,98.97,0,0,N
20200822816 - 00,20200826,서부정비창 환경영향평가 등 용역,해양경찰청 남해지방해양경찰청 서귀포해양경찰서,PQ,2066820000,2059906550,99.66550304,동성+연컨,98.97,1662944000,100.5801,N
20200822816 - 00,20200826,서부정비창 환경영향평가 등 용역,해양경찰청 남해지방해양경찰청 서귀포해양경찰서,PQ,2066820000,2059906550,99.66550304,수성+대현,98.97,1651496000,99.8877,Y
20200822816 - 00,20200826,서부정비창 환경영향평가 등 용역,해양경찰청 남해지방해양경찰청 서귀포해양경찰서,PQ,2066820000,2059906550,99.66550304,한맥+대한환경+아라,98.97,1656659000,100.2,N
20200822816 - 00,20200826,서부정비창 환경영향평가 등 용역,해양경찰청 남해지방해양경찰청 서귀포해양경찰서,PQ,2066820000,2059906550,99.66550304,서영+유일,98.97,1660790000,100.4498,N
20200822816 - 00,20200826,서부정비창 환경영향평가 등 용역,해양경찰청 남해지방해양경찰청 서귀포해양경찰서,PQ,2066820000,2059906550,99.66550304,한종+마린,98.96,1655787000,100.1222,N
20200822816 - 00,20200826,서부정비창 환경영향평가 등 용역,해양경찰청 남해지방해양경찰청 서귀포해양경찰서,PQ,2066820000,2059906550,99.66550304,홍익+우신,98.96,1643000000,99.349,N
20200822816 - 00,20200826,서부정비창 환경영향평가 등 용역,해양경찰청 남해지방해양경찰청 서귀포해양경찰서,PQ,2066820000,2059906550,99.66550304,다산+현대,98.96,1641648000,99.23,N
20200822816 - 00,20200826,서부정비창 환경영향평가 등 용역,해양경찰청 남해지방해양경찰청 서귀포해양경찰서,PQ,2066820000,2059906550,99.66550304,평화+경동+신일,98.9,1672720000,101.0956,N
20200822816 - 00,20200826,서부정비창 환경영향평가 등 용역,해양경찰청 남해지방해양경찰청 서귀포해양경찰서,PQ,2066820000,2059906550,99.66550304,삼안+동아+퍼스트,98.96,1680910000,101.4891,N
20200822816 - 00,20200826,서부정비창 환경영향평가 등 용역,해양경찰청 남해지방해양경찰청 서귀포해양경찰서,PQ,2066820000,2059906550,99.66550304,선진+분담,98.54,1643310000,99.12,N
20200822816 - 00,20200826,서부정비창 환경영향평가 등 용역,해양경찰청 남해지방해양경찰청 서귀포해양경찰서,PQ,2066820000,2059906550,99.66550304,경호+소운,98.08,1688000000,101.5623,N
20200823803 - 00,20200827,무주군 하수도정비 기본계획(변경) 용역,전라북도 무주군,PQ,1874000000,1891006600,100.9075027,동명+더한+수성+KCI,99.09,1475329000,100.1797,N
20200823803 - 00,20200827,무주군 하수도정비 기본계획(변경) 용역,전라북도 무주군,PQ,1874000000,1891006600,100.9075027,도화+국성,98.4,1497400000,101.1122,Y
20200823803 - 00,20200827,무주군 하수도정비 기본계획(변경) 용역,전라북도 무주군,PQ,1874000000,1891006600,100.9075027,삼안+현성+한맥,97.74,1473890000,98.9986,N
20200823803 - 00,20200827,무주군 하수도정비 기본계획(변경) 용역,전라북도 무주군,PQ,1874000000,1891006600,100.9075027,한종+세화+평화,97.47,1512500000,101.375,N
20200823803 - 00,20200827,무주군 하수도정비 기본계획(변경) 용역,전라북도 무주군,PQ,1874000000,1891006600,100.9075027,KG+인우+보람,97.41,1516320000,101.58,N
20200823803 - 00,20200827,무주군 하수도정비 기본계획(변경) 용역,전라북도 무주군,PQ,1874000000,1891006600,100.9075027,건화+유현+명성+동진,97.34,1519000000,101.6957,N
20200823803 - 00,20200827,무주군 하수도정비 기본계획(변경) 용역,전라북도 무주군,PQ,1874000000,1891006600,100.9075027,경동+성원+정,97.2,1470970000,98.3691,N
20200823803 - 00,20200827,무주군 하수도정비 기본계획(변경) 용역,전라북도 무주군,PQ,1874000000,1891006600,100.9075027,선진+JCN+세종,96.99,1521740000,101.5987,N
20200823803 - 00,20200827,무주군 하수도정비 기본계획(변경) 용역,전라북도 무주군,PQ,1874000000,1891006600,100.9075027,이산+건일+동운+하이콘,96.66,1471720000,98.0016,N
20200823803 - 00,20200827,무주군 하수도정비 기본계획(변경) 용역,전라북도 무주군,PQ,1874000000,1891006600,100.9075027,제일+조화+대성,96.19,1541700000,102.2787,N
20200823803 - 00,20200827,무주군 하수도정비 기본계획(변경) 용역,전라북도 무주군,PQ,1874000000,1891006600,100.9075027,화신+고산+태영,96.13,1535780000,101.8353,N
20200823803 - 00,20200827,무주군 하수도정비 기본계획(변경) 용역,전라북도 무주군,PQ,1874000000,1891006600,100.9075027,유신+한가람+가온,96.05,1503590000,99.6389,N
20200823803 - 00,20200827,무주군 하수도정비 기본계획(변경) 용역,전라북도 무주군,PQ,1874000000,1891006600,100.9075027,범한+대도,95.9,1538200000,101.806,N
20200824391 - 00,20200827,김해시 상수도 관망기술진단 용역,경상남도 김해시,PQ,1990000000,1989950250,99.9975,도화+한성+범한,95.64,1620000000,100.7575,Y
20200824391 - 00,20200827,김해시 상수도 관망기술진단 용역,경상남도 김해시,PQ,1990000000,1989950250,99.9975,한종+수성,93.2,1624000000,99.093,N
20200824391 - 00,20200827,김해시 상수도 관망기술진단 용역,경상남도 김해시,PQ,1990000000,1989950250,99.9975,HEC+삼안+제일+KSM,93.18,1621000000,98.8979,N
20200824391 - 00,20200827,김해시 상수도 관망기술진단 용역,경상남도 김해시,PQ,1990000000,1989950250,99.9975,건화+경화,92.9,1654100000,100.6973,N
20200825501 - 00,20200827,제2순환도로 신창지구 소음저감시설 설치공사(1구간) 감독권한대행 등 건설사업관리용역,광주광역시,PQ,822569000,827360525,100.5825074,한기+한종,100,707400000,100.5893,Y
20200825501 - 00,20200827,제2순환도로 신창지구 소음저감시설 설치공사(1구간) 감독권한대행 등 건설사업관리용역,광주광역시,PQ,822569000,827360525,100.5825074,신명+건일,99.85,705000000,100.2012,N
20200825501 - 00,20200827,제2순환도로 신창지구 소음저감시설 설치공사(1구간) 감독권한대행 등 건설사업관리용역,광주광역시,PQ,822569000,827360525,100.5825074,수성+마인+대콘,99.83,705210000,100.231,N
20200825501 - 00,20200827,제2순환도로 신창지구 소음저감시설 설치공사(1구간) 감독권한대행 등 건설사업관리용역,광주광역시,PQ,822569000,827360525,100.5825074,동아+KCI,99.8,705798000,100.3029,N
20200825501 - 00,20200827,제2순환도로 신창지구 소음저감시설 설치공사(1구간) 감독권한대행 등 건설사업관리용역,광주광역시,PQ,822569000,827360525,100.5825074,건화+신오,99.58,699000000,99.2788,N
20200825501 - 00,20200827,제2순환도로 신창지구 소음저감시설 설치공사(1구간) 감독권한대행 등 건설사업관리용역,광주광역시,PQ,822569000,827360525,100.5825074,우빈+신성,99.2,700789000,99.4399,N
20200825501 - 00,20200827,제2순환도로 신창지구 소음저감시설 설치공사(1구간) 감독권한대행 등 건설사업관리용역,광주광역시,PQ,822569000,827360525,100.5825074,홍익+다우,98.02,724550000,102.5005,N
20200826147 - 00,20200828,제주특별자치도 물 재이용 관리계획 수립용역,제주특별자치도,PQ,680009000,672362350,98.87550753,삼안+JPM,99.81,584980000,100.5615,N
20200826147 - 00,20200828,제주특별자치도 물 재이용 관리계획 수립용역,제주특별자치도,PQ,680009000,672362350,98.87550753,한종+해진,99.39,579500000,99.5148,Y
20200826147 - 00,20200828,제주특별자치도 물 재이용 관리계획 수립용역,제주특별자치도,PQ,680009000,672362350,98.87550753,건화(태신+리헌),98.71,580780000,99.5602,N
20200826147 - 00,20200828,제주특별자치도 물 재이용 관리계획 수립용역,제주특별자치도,PQ,680009000,672362350,98.87550753,이산+제원,98.58,589890000,101.0865,N
20200826147 - 00,20200828,제주특별자치도 물 재이용 관리계획 수립용역,제주특별자치도,PQ,680009000,672362350,98.87550753,선진+한라,97.66,589500000,100.7848,N
20200826147 - 00,20200828,제주특별자치도 물 재이용 관리계획 수립용역,제주특별자치도,PQ,680009000,672362350,98.87550753,동명+청풍,97.43,580500000,99.1884,N
20200826147 - 00,20200828,제주특별자치도 물 재이용 관리계획 수립용역,제주특별자치도,PQ,680009000,672362350,98.87550753,범한+해오름,96.65,578800000,98.703,N
20200826147 - 00,20200828,제주특별자치도 물 재이용 관리계획 수립용역,제주특별자치도,PQ,680009000,672362350,98.87550753,화신+한일,96.51,600700000,102.402,N
20200826147 - 00,20200828,제주특별자치도 물 재이용 관리계획 수립용역,제주특별자치도,PQ,680009000,672362350,98.87550753,제일+부림+한성,96.47,586700000,100.0038,N
20200826455 - 00,20200828,청주시 옥산산업단지 완충저류시설 설치사업 기본 및 실시설계,한국환경공단,PQ,1186225000,1192265900,100.5092541,도화+영진+동해,98.13,947600000,100.8696,Y
20200826455 - 00,20200828,청주시 옥산산업단지 완충저류시설 설치사업 기본 및 실시설계,한국환경공단,PQ,1186225000,1192265900,100.5092541,이산+동명+건양,97.81,937180000,99.4966,N
20200826455 - 00,20200828,청주시 옥산산업단지 완충저류시설 설치사업 기본 및 실시설계,한국환경공단,PQ,1186225000,1192265900,100.5092541,건화+홍익,97.55,935550000,99.1238,N
20200826455 - 00,20200828,청주시 옥산산업단지 완충저류시설 설치사업 기본 및 실시설계,한국환경공단,PQ,1186225000,1192265900,100.5092541,삼안+청우건축,97.39,1126400000,119.18,N
20200826455 - 00,20200828,청주시 옥산산업단지 완충저류시설 설치사업 기본 및 실시설계,한국환경공단,PQ,1186225000,1192265900,100.5092541,한종+진우+범한,97.31,944773000,99.9001,N
20200825688 - 00,20200828,진안군 자연재해저감종합계획 재수립 및 재해지도작성 용역 ,전라북도 진안군,PQ,1500000000,1502782500,100.1855,삼안+국성,98.63,1187747000,100.3907,Y
20200825688 - 00,20200828,진안군 자연재해저감종합계획 재수립 및 재해지도작성 용역 ,전라북도 진안군,PQ,1500000000,1502782500,100.1855,한종+한가람,98.58,1194000000,100.8808,N
20200825688 - 00,20200828,진안군 자연재해저감종합계획 재수립 및 재해지도작성 용역 ,전라북도 진안군,PQ,1500000000,1502782500,100.1855,동부+조화+한맥,98.46,1185965000,100.1004,N
20200825688 - 00,20200828,진안군 자연재해저감종합계획 재수립 및 재해지도작성 용역 ,전라북도 진안군,PQ,1500000000,1502782500,100.1855,도화+유현,98.45,1199300000,101.2132,N
20200825688 - 00,20200828,진안군 자연재해저감종합계획 재수립 및 재해지도작성 용역 ,전라북도 진안군,PQ,1500000000,1502782500,100.1855,유신+더한+경호,98.39,1176278000,99.22,N
20200825688 - 00,20200828,진안군 자연재해저감종합계획 재수립 및 재해지도작성 용역 ,전라북도 진안군,PQ,1500000000,1502782500,100.1855,KG+성원,98.37,1179500000,99.4792,N
20200825688 - 00,20200828,진안군 자연재해저감종합계획 재수립 및 재해지도작성 용역 ,전라북도 진안군,PQ,1500000000,1502782500,100.1855,이산+경동+JCN,98.23,1206588000,101.6481,N
20200825688 - 00,20200828,진안군 자연재해저감종합계획 재수립 및 재해지도작성 용역 ,전라북도 진안군,PQ,1500000000,1502782500,100.1855,건화+세화+KCI,97.3,1216600000,101.733,N
20200825688 - 00,20200828,진안군 자연재해저감종합계획 재수립 및 재해지도작성 용역 ,전라북도 진안군,PQ,1500000000,1502782500,100.1855,화신+범산+극동,96.86,1215560000,101.2903,N
20200825688 - 00,20200828,진안군 자연재해저감종합계획 재수립 및 재해지도작성 용역 ,전라북도 진안군,PQ,1500000000,1502782500,100.1855,동명+인우+현대,94.89,1410000000,115.6567,N
20200826930 - 00,20200831,상주일반산업단지 조성공사 감독권한대행 등 건설사업관리용역 ,경상북도 상주시,PQ,1635300000,1626404050,99.45600501,도화+강산,100,1277365000,100.15,N
20200826930 - 00,20200831,상주일반산업단지 조성공사 감독권한대행 등 건설사업관리용역 ,경상북도 상주시,PQ,1635300000,1626404050,99.45600501,건화+한도,99.95,1271640000,99.65,Y
20200826930 - 00,20200831,상주일반산업단지 조성공사 감독권한대행 등 건설사업관리용역 ,경상북도 상주시,PQ,1635300000,1626404050,99.45600501,삼안+청우+극동,99.9,1285350000,100.6857,N
20200826930 - 00,20200831,상주일반산업단지 조성공사 감독권한대행 등 건설사업관리용역 ,경상북도 상주시,PQ,1635300000,1626404050,99.45600501,동명+건일,99.7,1276700000,99.8418,N
20200826930 - 00,20200831,상주일반산업단지 조성공사 감독권한대행 등 건설사업관리용역 ,경상북도 상주시,PQ,1635300000,1626404050,99.45600501,신명+한백,99.54,1291666000,100.8832,N
20200826930 - 00,20200831,상주일반산업단지 조성공사 감독권한대행 등 건설사업관리용역 ,경상북도 상주시,PQ,1635300000,1626404050,99.45600501,유신+해동,99.5,1298935000,101.425,N
20200826930 - 00,20200831,상주일반산업단지 조성공사 감독권한대행 등 건설사업관리용역 ,경상북도 상주시,PQ,1635300000,1626404050,99.45600501,한종+동진+다산,99.4,1270300000,99.1005,N
20200826930 - 00,20200831,상주일반산업단지 조성공사 감독권한대행 등 건설사업관리용역 ,경상북도 상주시,PQ,1635300000,1626404050,99.45600501,수성+해인,99.34,1297615000,101.1798,N
20200826930 - 00,20200831,상주일반산업단지 조성공사 감독권한대행 등 건설사업관리용역 ,경상북도 상주시,PQ,1635300000,1626404050,99.45600501,경동+청명,99.2,1267547000,98.722,N
20200825732 - 00,20200831,고흥 군관리계획(재정비)수립 용역,전라남도 고흥군,PQ,1117523000,1117416850,99.99050131,경호+우영,99.45,882990000,100.8399,Y
20200825732 - 00,20200831,고흥 군관리계획(재정비)수립 용역,전라남도 고흥군,PQ,1117523000,1117416850,99.99050131,도화+동아,98.12,897000000,101.3406,N
20200825732 - 00,20200831,고흥 군관리계획(재정비)수립 용역,전라남도 고흥군,PQ,1117523000,1117416850,99.99050131,건화+신오,98.05,881780000,99.5708,N
20200825732 - 00,20200831,고흥 군관리계획(재정비)수립 용역,전라남도 고흥군,PQ,1117523000,1117416850,99.99050131,동명+평화,97.6,877670000,98.7453,N
20200825732 - 00,20200831,고흥 군관리계획(재정비)수립 용역,전라남도 고흥군,PQ,1117523000,1117416850,99.99050131,KG+한기,97.45,895100000,100.5799,N
20200825732 - 00,20200831,고흥 군관리계획(재정비)수립 용역,전라남도 고흥군,PQ,1117523000,1117416850,99.99050131,삼안+우빈,96.46,910140000,101.4672,N
20200822838 - 00,20200826,충북 자율주행차 지역 테스트베드 구축(C-Track) 사업 건설사업관리 용역,조달청,PQ,1069412000,1073582775,100.3900064,건화+건양,100,918390000,100.448,N
20200822838 - 00,20200826,충북 자율주행차 지역 테스트베드 구축(C-Track) 사업 건설사업관리 용역,조달청,PQ,1069412000,1073582775,100.3900064,다산,100,907894000,99.3,N
20200822838 - 00,20200826,충북 자율주행차 지역 테스트베드 구축(C-Track) 사업 건설사업관리 용역,조달청,PQ,1069412000,1073582775,100.3900064,도화+오성,100,911800000,99.7272,N
20200822838 - 00,20200826,충북 자율주행차 지역 테스트베드 구축(C-Track) 사업 건설사업관리 용역,조달청,PQ,1069412000,1073582775,100.3900064,동명,100,911440000,99.6879,N
20200822838 - 00,20200826,충북 자율주행차 지역 테스트베드 구축(C-Track) 사업 건설사업관리 용역,조달청,PQ,1069412000,1073582775,100.3900064,동성+가원,100,912648000,99.82,N
20200822838 - 00,20200826,충북 자율주행차 지역 테스트베드 구축(C-Track) 사업 건설사업관리 용역,조달청,PQ,1069412000,1073582775,100.3900064,서영,100,915670000,100.1505,N
20200822838 - 00,20200826,충북 자율주행차 지역 테스트베드 구축(C-Track) 사업 건설사업관리 용역,조달청,PQ,1069412000,1073582775,100.3900064,선진,100,909610000,99.4877,N
20200822838 - 00,20200826,충북 자율주행차 지역 테스트베드 구축(C-Track) 사업 건설사업관리 용역,조달청,PQ,1069412000,1073582775,100.3900064,신명+다음,100,911530000,99.6977,N
20200822838 - 00,20200826,충북 자율주행차 지역 테스트베드 구축(C-Track) 사업 건설사업관리 용역,조달청,PQ,1069412000,1073582775,100.3900064,이산,100,917880000,100.3922,Y
20200822838 - 00,20200826,충북 자율주행차 지역 테스트베드 구축(C-Track) 사업 건설사업관리 용역,조달청,PQ,1069412000,1073582775,100.3900064,홍익,100,909530000,99.479,N
20200822838 - 00,20200826,충북 자율주행차 지역 테스트베드 구축(C-Track) 사업 건설사업관리 용역,조달청,PQ,1069412000,1073582775,100.3900064,경동,100,909790000,99.5074,N
20200822838 - 00,20200826,충북 자율주행차 지역 테스트베드 구축(C-Track) 사업 건설사업관리 용역,조달청,PQ,1069412000,1073582775,100.3900064,용마+경호,100,915658000,100.1492,N
20200822838 - 00,20200826,충북 자율주행차 지역 테스트베드 구축(C-Track) 사업 건설사업관리 용역,조달청,PQ,1069412000,1073582775,100.3900064,유신,100,917064000,100.303,N
20200822838 - 00,20200826,충북 자율주행차 지역 테스트베드 구축(C-Track) 사업 건설사업관리 용역,조달청,PQ,1069412000,1073582775,100.3900064,천일+한맥,100,917768000,100.38,N
20200822838 - 00,20200826,충북 자율주행차 지역 테스트베드 구축(C-Track) 사업 건설사업관리 용역,조달청,PQ,1069412000,1073582775,100.3900064,한종,100,916630000,100.2555,N
20200826885 - 00,20200831,파장금 면단위 하수처리시설 설치사업 건설사업관리용역,전라북도 부안군,PQ,1219900000,1205547925,98.82350398,범한+대도,99.9,953270000,100.1003,N
20200826885 - 00,20200831,파장금 면단위 하수처리시설 설치사업 건설사업관리용역,전라북도 부안군,PQ,1219900000,1205547925,98.82350398,선진+유일,99.88,956000000,100.3741,N
20200826885 - 00,20200831,파장금 면단위 하수처리시설 설치사업 건설사업관리용역,전라북도 부안군,PQ,1219900000,1205547925,98.82350398,신명+태영,99.87,954940000,100.25,N
20200826885 - 00,20200831,파장금 면단위 하수처리시설 설치사업 건설사업관리용역,전라북도 부안군,PQ,1219900000,1205547925,98.82350398,도화+한가람,99.85,948900000,99.6031,N
20200826885 - 00,20200831,파장금 면단위 하수처리시설 설치사업 건설사업관리용역,전라북도 부안군,PQ,1219900000,1205547925,98.82350398,한종+JCN,99.85,956500000,100.4009,N
20200826885 - 00,20200831,파장금 면단위 하수처리시설 설치사업 건설사업관리용역,전라북도 부안군,PQ,1219900000,1205547925,98.82350398,유신+태평,99.84,958644000,100.613,N
20200826885 - 00,20200831,파장금 면단위 하수처리시설 설치사업 건설사업관리용역,전라북도 부안군,PQ,1219900000,1205547925,98.82350398,삼보+세화,99.83,949800000,99.6848,N
20200826885 - 00,20200831,파장금 면단위 하수처리시설 설치사업 건설사업관리용역,전라북도 부안군,PQ,1219900000,1205547925,98.82350398,극동+길건축,99.8,960000000,100.7296,N
20200826885 - 00,20200831,파장금 면단위 하수처리시설 설치사업 건설사업관리용역,전라북도 부안군,PQ,1219900000,1205547925,98.82350398,수성+더한,99.8,947889999,99.4589,N
20200826885 - 00,20200831,파장금 면단위 하수처리시설 설치사업 건설사업관리용역,전라북도 부안군,PQ,1219900000,1205547925,98.82350398,이산+성원,99.8,946946000,99.3599,N
20200826885 - 00,20200831,파장금 면단위 하수처리시설 설치사업 건설사업관리용역,전라북도 부안군,PQ,1219900000,1205547925,98.82350398,건화+국성,99.7,961500000,100.7966,N
20200826885 - 00,20200831,파장금 면단위 하수처리시설 설치사업 건설사업관리용역,전라북도 부안군,PQ,1219900000,1205547925,98.82350398,경호+아라,99.68,944290000,98.9798,Y
20200826885 - 00,20200831,파장금 면단위 하수처리시설 설치사업 건설사업관리용역,전라북도 부안군,PQ,1219900000,1205547925,98.82350398,동명+신한,99.67,962670000,100.8935,N
20200826885 - 00,20200831,파장금 면단위 하수처리시설 설치사업 건설사업관리용역,전라북도 부안군,PQ,1219900000,1205547925,98.82350398,서영+건일,99.65,939450000,98.4473,N
20200826885 - 00,20200831,파장금 면단위 하수처리시설 설치사업 건설사업관리용역,전라북도 부안군,PQ,1219900000,1205547925,98.82350398,다산+새움,99.62,954416000,99.9901,N
20200826885 - 00,20200831,파장금 면단위 하수처리시설 설치사업 건설사업관리용역,전라북도 부안군,PQ,1219900000,1205547925,98.82350398,KG+인우,99.6,947190000,99.2204,N
20200826885 - 00,20200831,파장금 면단위 하수처리시설 설치사업 건설사업관리용역,전라북도 부안군,PQ,1219900000,1205547925,98.82350398,천일+대성,99.58,947970000,99.2894,N
20200826885 - 00,20200831,파장금 면단위 하수처리시설 설치사업 건설사업관리용역,전라북도 부안군,PQ,1219900000,1205547925,98.82350398,평화+조화,99.58,942340000,98.6997,N
20200826885 - 00,20200831,파장금 면단위 하수처리시설 설치사업 건설사업관리용역,전라북도 부안군,PQ,1219900000,1205547925,98.82350398,동해+세종,99.53,947900000,99.2313,N
20200826885 - 00,20200831,파장금 면단위 하수처리시설 설치사업 건설사업관리용역,전라북도 부안군,PQ,1219900000,1205547925,98.82350398,홍익+유현,99.44,942470000,98.5999,N
20200826885 - 00,20200831,파장금 면단위 하수처리시설 설치사업 건설사업관리용역,전라북도 부안군,PQ,1219900000,1205547925,98.82350398,동성+현성,99.4,970088000,101.4504,N
20200826885 - 00,20200831,파장금 면단위 하수처리시설 설치사업 건설사업관리용역,전라북도 부안군,PQ,1219900000,1205547925,98.82350398,경동+동운,99.35,943898000,98.6738,N
20200826885 - 00,20200831,파장금 면단위 하수처리시설 설치사업 건설사업관리용역,전라북도 부안군,PQ,1219900000,1205547925,98.82350398,용마+가온,99.35,965963900,100.9805,N
20200826885 - 00,20200831,파장금 면단위 하수처리시설 설치사업 건설사업관리용역,전라북도 부안군,PQ,1219900000,1205547925,98.82350398,건양+천마,99.33,966561000,101.03,N
20200826885 - 00,20200831,파장금 면단위 하수처리시설 설치사업 건설사업관리용역,전라북도 부안군,PQ,1219900000,1205547925,98.82350398,대콘+주영,99.33,941532000,98.4139,N
20200826885 - 00,20200831,파장금 면단위 하수처리시설 설치사업 건설사업관리용역,전라북도 부안군,PQ,1219900000,1205547925,98.82350398,제일+온길,99.33,972970000,101.6999,N
20200826885 - 00,20200831,파장금 면단위 하수처리시설 설치사업 건설사업관리용역,전라북도 부안군,PQ,1219900000,1205547925,98.82350398,화신+성광,99.25,972148000,101.5493,N
20200826885 - 00,20200831,파장금 면단위 하수처리시설 설치사업 건설사업관리용역,전라북도 부안군,PQ,1219900000,1205547925,98.82350398,경원+고산,99.19,1170000000,122.1544,N
20200826885 - 00,20200831,파장금 면단위 하수처리시설 설치사업 건설사업관리용역,전라북도 부안군,PQ,1219900000,1205547925,98.82350398,우빈+금산,99.13,947176000,98.84,N
20200825892 - 00,20200827,영천하이테크파크지구 진입도로건설공사 건설사업관리용역,대구경북경제자유구역청,PQ,2011000000,1997099025,99.30875311,도화+한백,100,1558300000,99.351,Y
20200825892 - 00,20200827,영천하이테크파크지구 진입도로건설공사 건설사업관리용역,대구경북경제자유구역청,PQ,2011000000,1997099025,99.30875311,이산+강산,100,1559100000,99.402,N
20200825892 - 00,20200827,영천하이테크파크지구 진입도로건설공사 건설사업관리용역,대구경북경제자유구역청,PQ,2011000000,1997099025,99.30875311,동부+건일,100,1576641000,100.5203,N
20200825892 - 00,20200827,영천하이테크파크지구 진입도로건설공사 건설사업관리용역,대구경북경제자유구역청,PQ,2011000000,1997099025,99.30875311,극동+한도,100,1569263000,100.05,N
20200825892 - 00,20200827,영천하이테크파크지구 진입도로건설공사 건설사업관리용역,대구경북경제자유구역청,PQ,2011000000,1997099025,99.30875311,동성+동해,100,1560330000,99.4804,N
20200825892 - 00,20200827,영천하이테크파크지구 진입도로건설공사 건설사업관리용역,대구경북경제자유구역청,PQ,2011000000,1997099025,99.30875311,수성+청명,100,1562990000,99.65,N
20200825892 - 00,20200827,영천하이테크파크지구 진입도로건설공사 건설사업관리용역,대구경북경제자유구역청,PQ,2011000000,1997099025,99.30875311,용마+KCI+하이콘,99.8,1585870000,100.9405,N
20200825892 - 00,20200827,영천하이테크파크지구 진입도로건설공사 건설사업관리용역,대구경북경제자유구역청,PQ,2011000000,1997099025,99.30875311,유신+해동,99.8,1555540000,99.01,N
20200825892 - 00,20200827,영천하이테크파크지구 진입도로건설공사 건설사업관리용역,대구경북경제자유구역청,PQ,2011000000,1997099025,99.30875311,다산+한종+대건,99.76,1559440000,99.2201,N
20200825892 - 00,20200827,영천하이테크파크지구 진입도로건설공사 건설사업관리용역,대구경북경제자유구역청,PQ,2011000000,1997099025,99.30875311,한맥+해인,99.73,1587080000,100.9529,N
20200825892 - 00,20200827,영천하이테크파크지구 진입도로건설공사 건설사업관리용역,대구경북경제자유구역청,PQ,2011000000,1997099025,99.30875311,건화+대성,99.72,1578800000,100.4262,N
20200825892 - 00,20200827,영천하이테크파크지구 진입도로건설공사 건설사업관리용역,대구경북경제자유구역청,PQ,2011000000,1997099025,99.30875311,평화+상금,99.64,1587150000,100.8799,N
20200825892 - 00,20200827,영천하이테크파크지구 진입도로건설공사 건설사업관리용역,대구경북경제자유구역청,PQ,2011000000,1997099025,99.30875311,삼보+유한,99.64,1555680000,99.0062,N
20200825892 - 00,20200827,영천하이테크파크지구 진입도로건설공사 건설사업관리용역,대구경북경제자유구역청,PQ,2011000000,1997099025,99.30875311,동명+DS,99.64,1555550000,98.998,N
20200825892 - 00,20200827,영천하이테크파크지구 진입도로건설공사 건설사업관리용역,대구경북경제자유구역청,PQ,2011000000,1997099025,99.30875311,신성+반석+승보,99.62,1587580000,100.8944,N
20200825892 - 00,20200827,영천하이테크파크지구 진입도로건설공사 건설사업관리용역,대구경북경제자유구역청,PQ,2011000000,1997099025,99.30875311,대콘+명성,99.4,1555330000,98.6683,N
20200825892 - 00,20200827,영천하이테크파크지구 진입도로건설공사 건설사업관리용역,대구경북경제자유구역청,PQ,2011000000,1997099025,99.30875311,동일+주하+현진,99.3,1560000000,98.8888,N
20200825892 - 00,20200827,영천하이테크파크지구 진입도로건설공사 건설사업관리용역,대구경북경제자유구역청,PQ,2011000000,1997099025,99.30875311,서영+세원,99.2,1603500000,101.5557,N
20200825892 - 00,20200827,영천하이테크파크지구 진입도로건설공사 건설사업관리용역,대구경북경제자유구역청,PQ,2011000000,1997099025,99.30875311,경원+중앙,99.13,1618000000,102.4218,N
20200825892 - 00,20200827,영천하이테크파크지구 진입도로건설공사 건설사업관리용역,대구경북경제자유구역청,PQ,2011000000,1997099025,99.30875311,제일+동아,98.92,1890000000,119.427,N
20200827277 - 00,20200831,백사면 모전리 체육공원 조성계획 수립 및 실시설계 용역,경기도 이천시,PQ,902194000,893431475,99.02875379,유신+동부,98.8,777558000,100.49,N
20200827277 - 00,20200831,백사면 모전리 체육공원 조성계획 수립 및 실시설계 용역,경기도 이천시,PQ,902194000,893431475,99.02875379,건화+화신,98.6,774878000,100.0969,N
20200827277 - 00,20200831,백사면 모전리 체육공원 조성계획 수립 및 실시설계 용역,경기도 이천시,PQ,902194000,893431475,99.02875379,도화+경호,98.5,768900000,99.3016,Y
20200827277 - 00,20200831,백사면 모전리 체육공원 조성계획 수립 및 실시설계 용역,경기도 이천시,PQ,902194000,893431475,99.02875379,선진+경동,98.43,779210000,100.6096,N
20200827277 - 00,20200831,백사면 모전리 체육공원 조성계획 수립 및 실시설계 용역,경기도 이천시,PQ,902194000,893431475,99.02875379,한종+동일,98.2,787000000,101.5563,N
20200827277 - 00,20200831,백사면 모전리 체육공원 조성계획 수립 및 실시설계 용역,경기도 이천시,PQ,902194000,893431475,99.02875379,동명+KG,97.89,771700000,99.5009,N
20200827277 - 00,20200831,백사면 모전리 체육공원 조성계획 수립 및 실시설계 용역,경기도 이천시,PQ,902194000,893431475,99.02875379,삼안+한맥,94.77,806300000,103.1343,N
20200827766 - 00,20200831,청주시 오송생명과학단지 완충저류시설 설치사업 기본 및 실시설계,한국환경공단,SOQ,1966368000,1964583575,99.90925274,도화+영진+동해,98.51,1572000000,101.253,Y
20200827766 - 00,20200831,청주시 오송생명과학단지 완충저류시설 설치사업 기본 및 실시설계,한국환경공단,SOQ,1966368000,1964583575,99.90925274,삼안+선,96.45,1563958000,99.0786,N
20200827766 - 00,20200831,청주시 오송생명과학단지 완충저류시설 설치사업 기본 및 실시설계,한국환경공단,SOQ,1966368000,1964583575,99.90925274,이산+동명+건양,95.87,1563598000,98.6014,N
20200827766 - 00,20200831,청주시 오송생명과학단지 완충저류시설 설치사업 기본 및 실시설계,한국환경공단,SOQ,1966368000,1964583575,99.90925274,건화+홍익(진우),95.02,1800000000,112.754,N
