PQ공고 NO.,공고일자,사업명,발주처,입찰구분,기초금액,예정금액,예가,업체명,PQ점수,투찰금액,추정예가,낙찰여부
20201200634 - 00,20201201,설마천 외 1개소 호우피해 하천개선복구사업 실시설계 용역 ,경기도 파주시,PQ,378420000,375082375,99.11801041,이산+강동건설,98.62,329720000,100.3059,N
20201200634 - 00,20201201,설마천 외 1개소 호우피해 하천개선복구사업 실시설계 용역 ,경기도 파주시,PQ,378420000,375082375,99.11801041,KSM+효광,98.5,329100000,100.1057,N
20201200634 - 00,20201201,설마천 외 1개소 호우피해 하천개선복구사업 실시설계 용역 ,경기도 파주시,PQ,378420000,375082375,99.11801041,도화+(주)한종,98.5,330660000,100.5803,N
20201200634 - 00,20201201,설마천 외 1개소 호우피해 하천개선복구사업 실시설계 용역 ,경기도 파주시,PQ,378420000,375082375,99.11801041,극동+KD,98.46,328362000,99.8698,N
20201200634 - 00,20201201,설마천 외 1개소 호우피해 하천개선복구사업 실시설계 용역 ,경기도 파주시,PQ,378420000,375082375,99.11801041,KG+동진,98.4,331815000,100.92,N
20201200634 - 00,20201201,설마천 외 1개소 호우피해 하천개선복구사업 실시설계 용역 ,경기도 파주시,PQ,378420000,375082375,99.11801041,삼안,98.3,331100000,100.6909,N
20201200634 - 00,20201201,설마천 외 1개소 호우피해 하천개선복구사업 실시설계 용역 ,경기도 파주시,PQ,378420000,375082375,99.11801041,건화+KCI(테크피아),98.2,0,0,N
20201200634 - 00,20201201,설마천 외 1개소 호우피해 하천개선복구사업 실시설계 용역 ,경기도 파주시,PQ,378420000,375082375,99.11801041,다산+선진,98.1,327687000,99.6301,Y
20201200634 - 00,20201201,설마천 외 1개소 호우피해 하천개선복구사업 실시설계 용역 ,경기도 파주시,PQ,378420000,375082375,99.11801041,동명,98.1,327753000,99.6501,N
20201200634 - 00,20201201,설마천 외 1개소 호우피해 하천개선복구사업 실시설계 용역 ,경기도 파주시,PQ,378420000,375082375,99.11801041,한종+주하,98.08,331000000,100.6373,N
20201200634 - 00,20201201,설마천 외 1개소 호우피해 하천개선복구사업 실시설계 용역 ,경기도 파주시,PQ,378420000,375082375,99.11801041,용마+평화,97.58,331980000,100.8889,N
20201200634 - 00,20201201,설마천 외 1개소 호우피해 하천개선복구사업 실시설계 용역 ,경기도 파주시,PQ,378420000,375082375,99.11801041,동성+테크피아,97.28,332955000,101.1503,N
20201200634 - 00,20201201,설마천 외 1개소 호우피해 하천개선복구사업 실시설계 용역 ,경기도 파주시,PQ,378420000,375082375,99.11801041,동부+조화,97.28,331474000,100.7004,N
20201200634 - 00,20201201,설마천 외 1개소 호우피해 하천개선복구사업 실시설계 용역 ,경기도 파주시,PQ,378420000,375082375,99.11801041,경호+강호,97.23,325319000,98.8305,N
20201200634 - 00,20201201,설마천 외 1개소 호우피해 하천개선복구사업 실시설계 용역 ,경기도 파주시,PQ,378420000,375082375,99.11801041,화신+케이아트,95.17,325529000,98.6901,N
20201200634 - 00,20201201,설마천 외 1개소 호우피해 하천개선복구사업 실시설계 용역 ,경기도 파주시,PQ,378420000,375082375,99.11801041,서영+한올,93.77,335000000,101.4334,N
20201200634 - 00,20201201,설마천 외 1개소 호우피해 하천개선복구사업 실시설계 용역 ,경기도 파주시,PQ,378420000,375082375,99.11801041,서광+목양,92.87,326700000,98.8297,N
2005092 - 02,20201201,포항블루밸리 국가산업단지 사후환경영향조사용역(공사시),한국토지주택공사,PQ,2535049000,2536124000,100.0424055,도화,99.3,2060100000,100.9688,N
2005092 - 02,20201201,포항블루밸리 국가산업단지 사후환경영향조사용역(공사시),한국토지주택공사,PQ,2535049000,2536124000,100.0424055,동성,99.3,2037477000,99.86,N
2005092 - 02,20201201,포항블루밸리 국가산업단지 사후환경영향조사용역(공사시),한국토지주택공사,PQ,2535049000,2536124000,100.0424055,동일,99.3,2045800000,100.2679,Y
2005092 - 02,20201201,포항블루밸리 국가산업단지 사후환경영향조사용역(공사시),한국토지주택공사,PQ,2535049000,2536124000,100.0424055,유신,99.3,2050067000,100.477,N
2005092 - 02,20201201,포항블루밸리 국가산업단지 사후환경영향조사용역(공사시),한국토지주택공사,PQ,2535049000,2536124000,100.0424055,이산,99.3,2048380000,100.3943,N
2005092 - 02,20201201,포항블루밸리 국가산업단지 사후환경영향조사용역(공사시),한국토지주택공사,PQ,2535049000,2536124000,100.0424055,평화,99.3,2030000000,99.4935,N
2005092 - 02,20201201,포항블루밸리 국가산업단지 사후환경영향조사용역(공사시),한국토지주택공사,PQ,2535049000,2536124000,100.0424055,한맥,99.3,2046330000,100.2939,N
2005092 - 02,20201201,포항블루밸리 국가산업단지 사후환경영향조사용역(공사시),한국토지주택공사,PQ,2535049000,2536124000,100.0424055,홍익,99.3,2037680000,99.8699,N
2005092 - 02,20201201,포항블루밸리 국가산업단지 사후환경영향조사용역(공사시),한국토지주택공사,PQ,2535049000,2536124000,100.0424055,수성,99.24,2054536000,100.6335,N
2005092 - 02,20201201,포항블루밸리 국가산업단지 사후환경영향조사용역(공사시),한국토지주택공사,PQ,2535049000,2536124000,100.0424055,신성,99.17,2072000000,101.426,N
2005092 - 02,20201201,포항블루밸리 국가산업단지 사후환경영향조사용역(공사시),한국토지주택공사,PQ,2535049000,2536124000,100.0424055,경동,98.6,2400000000,116.916,N
20201200664 - 01,20201201,랜드마크시티 1호 수변공원 조성사업 건설사업관리용역,인천광역시 경제자유구역청,PQ,1394833000,1405639500,100.7747522,유신+한서,99.9,1096499000,100.7,N
20201200664 - 01,20201201,랜드마크시티 1호 수변공원 조성사업 건설사업관리용역,인천광역시 경제자유구역청,PQ,1394833000,1405639500,100.7747522,한종+장원,99.88,1082500000,99.4017,N
20201200664 - 01,20201201,랜드마크시티 1호 수변공원 조성사업 건설사업관리용역,인천광역시 경제자유구역청,PQ,1394833000,1405639500,100.7747522,도화+극동+티에스,99.59,1087200000,99.5909,N
20201200664 - 01,20201201,랜드마크시티 1호 수변공원 조성사업 건설사업관리용역,인천광역시 경제자유구역청,PQ,1394833000,1405639500,100.7747522,신명+경동+브니엘,99.51,1085085000,99.3337,N
20201200664 - 01,20201201,랜드마크시티 1호 수변공원 조성사업 건설사업관리용역,인천광역시 경제자유구역청,PQ,1394833000,1405639500,100.7747522,선진+대건+목양,99.49,1106570000,101.2876,Y
20201200664 - 01,20201201,랜드마크시티 1호 수변공원 조성사업 건설사업관리용역,인천광역시 경제자유구역청,PQ,1394833000,1405639500,100.7747522,건화+도담+정방(석우),99.27,1083500000,98.999,N
20201200509 - 00,20201201,길성 재해위험지구 정비사업 건설사업관리용역,전라남도 화순군,PQ,1523379000,1537047575,100.8972537,동성+우리,100,1186971000,99.9,N
20201200509 - 00,20201201,길성 재해위험지구 정비사업 건설사업관리용역,전라남도 화순군,PQ,1523379000,1537047575,100.8972537,삼안+동아,100,1194930000,100.5698,N
20201200509 - 00,20201201,길성 재해위험지구 정비사업 건설사업관리용역,전라남도 화순군,PQ,1523379000,1537047575,100.8972537,신명+한올,99.65,1194000000,100.1961,N
20201200509 - 00,20201201,길성 재해위험지구 정비사업 건설사업관리용역,전라남도 화순군,PQ,1523379000,1537047575,100.8972537,동부+우영+우빈,99.63,1186097000,99.5202,N
20201200509 - 00,20201201,길성 재해위험지구 정비사업 건설사업관리용역,전라남도 화순군,PQ,1523379000,1537047575,100.8972537,이산+하이콘,99.63,1184780000,99.4097,N
20201200509 - 00,20201201,길성 재해위험지구 정비사업 건설사업관리용역,전라남도 화순군,PQ,1523379000,1537047575,100.8972537,천일+산이,99.63,1186470000,99.5515,N
20201200509 - 00,20201201,길성 재해위험지구 정비사업 건설사업관리용역,전라남도 화순군,PQ,1523379000,1537047575,100.8972537,도화+신오,99.6,1200900000,100.7365,N
20201200509 - 00,20201201,길성 재해위험지구 정비사업 건설사업관리용역,전라남도 화순군,PQ,1523379000,1537047575,100.8972537,수성+한기,99.6,1182984000,99.2336,N
20201200509 - 00,20201201,길성 재해위험지구 정비사업 건설사업관리용역,전라남도 화순군,PQ,1523379000,1537047575,100.8972537,한종+원우,99.6,1202500000,100.8707,N
20201200509 - 00,20201201,길성 재해위험지구 정비사업 건설사업관리용역,전라남도 화순군,PQ,1523379000,1537047575,100.8972537,다산+평화,99.58,1193585000,100.1101,N
20201200509 - 00,20201201,길성 재해위험지구 정비사업 건설사업관리용역,전라남도 화순군,PQ,1523379000,1537047575,100.8972537,동명+유성건설,99.58,1186500000,99.5158,N
20201200509 - 00,20201201,길성 재해위험지구 정비사업 건설사업관리용역,전라남도 화순군,PQ,1523379000,1537047575,100.8972537,경동+SE+영진,99.57,1178475000,98.8301,N
20201200509 - 00,20201201,길성 재해위험지구 정비사업 건설사업관리용역,전라남도 화순군,PQ,1523379000,1537047575,100.8972537,서영+서진,99.57,1200200000,100.652,N
20201200509 - 00,20201201,길성 재해위험지구 정비사업 건설사업관리용역,전라남도 화순군,PQ,1523379000,1537047575,100.8972537,극동+원진,99.54,1214100000,101.7917,Y
20201200509 - 00,20201201,길성 재해위험지구 정비사업 건설사업관리용역,전라남도 화순군,PQ,1523379000,1537047575,100.8972537,선진+건영,99.54,1488400000,124.7894,N
20201200509 - 00,20201201,길성 재해위험지구 정비사업 건설사업관리용역,전라남도 화순군,PQ,1523379000,1537047575,100.8972537,건화+중원,99.53,0,0,N
20201201700 - 01,20201202,구평천 재해복구사업 실시설계용역,경상북도 청송군,PQ,640750000,640734025,99.99750683,이산+강산,98.09,551670000,100.2008,Y
20201201700 - 01,20201202,구평천 재해복구사업 실시설계용역,경상북도 청송군,PQ,640750000,640734025,99.99750683,동부+금일,97.4,554180000,100.4813,N
20201201700 - 01,20201202,구평천 재해복구사업 실시설계용역,경상북도 청송군,PQ,640750000,640734025,99.99750683,다산(분담),97.34,552579000,100.1794,N
20201201700 - 01,20201202,구평천 재해복구사업 실시설계용역,경상북도 청송군,PQ,640750000,640734025,99.99750683,건화+동성,97.28,553860000,100.3999,N
20201201700 - 01,20201202,구평천 재해복구사업 실시설계용역,경상북도 청송군,PQ,640750000,640734025,99.99750683,평화(분담),97.25,555850000,100.749,N
20201201700 - 01,20201202,구평천 재해복구사업 실시설계용역,경상북도 청송군,PQ,640750000,640734025,99.99750683,유신+KCI,97.25,550338000,99.7499,N
20201201700 - 01,20201202,구평천 재해복구사업 실시설계용역,경상북도 청송군,PQ,640750000,640734025,99.99750683,도화+한도+휴우림,97.19,547670000,99.2548,N
20201201700 - 01,20201202,구평천 재해복구사업 실시설계용역,경상북도 청송군,PQ,640750000,640734025,99.99750683,KG+강동,97.18,549530000,99.5803,N
20201201700 - 01,20201202,구평천 재해복구사업 실시설계용역,경상북도 청송군,PQ,640750000,640734025,99.99750683,경호+해동,97.11,558250000,101.1487,N
20201201700 - 01,20201202,구평천 재해복구사업 실시설계용역,경상북도 청송군,PQ,640750000,640734025,99.99750683,KSM+한백,97.08,554701000,100.494,N
20201201700 - 01,20201202,구평천 재해복구사업 실시설계용역,경상북도 청송군,PQ,640750000,640734025,99.99750683,한종+동진+청명,97.07,550250000,99.6877,N
20201201700 - 01,20201202,구평천 재해복구사업 실시설계용역,경상북도 청송군,PQ,640750000,640734025,99.99750683,삼안+도진,96.92,555720000,100.6436,N
20201201700 - 01,20201202,구평천 재해복구사업 실시설계용역,경상북도 청송군,PQ,640750000,640734025,99.99750683,화신+현대+하이콘,96.92,546220000,98.9231,N
20201201700 - 01,20201202,구평천 재해복구사업 실시설계용역,경상북도 청송군,PQ,640750000,640734025,99.99750683,동명+주하,96.52,557970000,100.9456,N
20201201700 - 01,20201202,구평천 재해복구사업 실시설계용역,경상북도 청송군,PQ,640750000,640734025,99.99750683,드림+반석,95.62,562620000,101.5515,N
20201201700 - 01,20201202,구평천 재해복구사업 실시설계용역,경상북도 청송군,PQ,640750000,640734025,99.99750683,서영+한명,94,566000000,101.7497,N
20201201700 - 01,20201202,구평천 재해복구사업 실시설계용역,경상북도 청송군,PQ,640750000,640734025,99.99750683,보람+천진,92.18,573310000,102.5793,N
20201201257 - 00,20201202,"신천, 무극지구 자연재해위험개선지구 정비사업 통합건설사업관리 용역",충청북도 음성군,PQ,2710897000,2682981575,98.97025136,건화+건양+한도,100,2112800000,99.926,N
20201201257 - 00,20201202,"신천, 무극지구 자연재해위험개선지구 정비사업 통합건설사업관리 용역",충청북도 음성군,PQ,2710897000,2682981575,98.97025136,동부+세광,100,2121768000,100.3502,N
20201201257 - 00,20201202,"신천, 무극지구 자연재해위험개선지구 정비사업 통합건설사업관리 용역",충청북도 음성군,PQ,2710897000,2682981575,98.97025136,도화+홍익,100,2096400000,99.1504,Y
20201201257 - 00,20201202,"신천, 무극지구 자연재해위험개선지구 정비사업 통합건설사업관리 용역",충청북도 음성군,PQ,2710897000,2682981575,98.97025136,서영+수일,100,2129200000,100.7017,N
20201201257 - 00,20201202,"신천, 무극지구 자연재해위험개선지구 정비사업 통합건설사업관리 용역",충청북도 음성군,PQ,2710897000,2682981575,98.97025136,천일+선진+한맥e,100,2141740000,101.2948,N
20201201257 - 00,20201202,"신천, 무극지구 자연재해위험개선지구 정비사업 통합건설사업관리 용역",충청북도 음성군,PQ,2710897000,2682981575,98.97025136,이산+오성,100,2101600000,99.3963,N
20201201257 - 00,20201202,"신천, 무극지구 자연재해위험개선지구 정비사업 통합건설사업관리 용역",충청북도 음성군,PQ,2710897000,2682981575,98.97025136,극동+동림,100,2124301000,100.47,N
20201201257 - 00,20201202,"신천, 무극지구 자연재해위험개선지구 정비사업 통합건설사업관리 용역",충청북도 음성군,PQ,2710897000,2682981575,98.97025136,신명+지명,100,2135500000,100.9996,N
20201201257 - 00,20201202,"신천, 무극지구 자연재해위험개선지구 정비사업 통합건설사업관리 용역",충청북도 음성군,PQ,2710897000,2682981575,98.97025136,평화+도우,100,2112960000,99.9336,N
20201201257 - 00,20201202,"신천, 무극지구 자연재해위험개선지구 정비사업 통합건설사업관리 용역",충청북도 음성군,PQ,2710897000,2682981575,98.97025136,한종+영진,100,2102000000,99.4152,N
20201201257 - 00,20201202,"신천, 무극지구 자연재해위험개선지구 정비사업 통합건설사업관리 용역",충청북도 음성군,PQ,2710897000,2682981575,98.97025136,수성+신성건축,100,2102947000,99.46,N
20201201257 - 00,20201202,"신천, 무극지구 자연재해위험개선지구 정비사업 통합건설사업관리 용역",충청북도 음성군,PQ,2710897000,2682981575,98.97025136,삼안+청우,100,2117500000,100.1483,N
20201202445 - 00,20201202,월곶대로 3-1호선 외 2개 노선 감독권한대행 등 통합건설사업관리용역,경기도 김포시,PQ,1440000000,1439290800,99.95075,건화+천마,100,0,0,N
20201202445 - 00,20201202,월곶대로 3-1호선 외 2개 노선 감독권한대행 등 통합건설사업관리용역,경기도 김포시,PQ,1440000000,1439290800,99.95075,도화+선진,100,1112700000,99.0715,N
20201202445 - 00,20201202,월곶대로 3-1호선 외 2개 노선 감독권한대행 등 통합건설사업관리용역,경기도 김포시,PQ,1440000000,1439290800,99.95075,동명+세일,100,1127970000,100.4311,N
20201202445 - 00,20201202,월곶대로 3-1호선 외 2개 노선 감독권한대행 등 통합건설사업관리용역,경기도 김포시,PQ,1440000000,1439290800,99.95075,이산+태신,100,1127590000,100.3973,N
20201202445 - 00,20201202,월곶대로 3-1호선 외 2개 노선 감독권한대행 등 통합건설사업관리용역,경기도 김포시,PQ,1440000000,1439290800,99.95075,용마+경동,100,1127590000,100.3973,N
20201202445 - 00,20201202,월곶대로 3-1호선 외 2개 노선 감독권한대행 등 통합건설사업관리용역,경기도 김포시,PQ,1440000000,1439290800,99.95075,경원+세일+대성,100,1119530000,99.6796,N
20201202445 - 00,20201202,월곶대로 3-1호선 외 2개 노선 감독권한대행 등 통합건설사업관리용역,경기도 김포시,PQ,1440000000,1439290800,99.95075,KCI+TSK,100,1129400000,100.5584,N
20201202445 - 00,20201202,월곶대로 3-1호선 외 2개 노선 감독권한대행 등 통합건설사업관리용역,경기도 김포시,PQ,1440000000,1439290800,99.95075,동해+한종+제일,100,1127000000,100.3448,N
20201202445 - 00,20201202,월곶대로 3-1호선 외 2개 노선 감독권한대행 등 통합건설사업관리용역,경기도 김포시,PQ,1440000000,1439290800,99.95075,다산+벽산,100,1130092000,100.6201,N
20201202445 - 00,20201202,월곶대로 3-1호선 외 2개 노선 감독권한대행 등 통합건설사업관리용역,경기도 김포시,PQ,1440000000,1439290800,99.95075,동부+신명,100,0,0,N
20201202445 - 00,20201202,월곶대로 3-1호선 외 2개 노선 감독권한대행 등 통합건설사업관리용역,경기도 김포시,PQ,1440000000,1439290800,99.95075,홍익+테크피아+케이아트,100,1123350000,100.0198,Y
20201202445 - 00,20201202,월곶대로 3-1호선 외 2개 노선 감독권한대행 등 통합건설사업관리용역,경기도 김포시,PQ,1440000000,1439290800,99.95075,서영+수성,100,1115900000,99.3564,N
20201202445 - 00,20201202,월곶대로 3-1호선 외 2개 노선 감독권한대행 등 통합건설사업관리용역,경기도 김포시,PQ,1440000000,1439290800,99.95075,내경+평화,100,1130222000,100.6316,N
20201202445 - 00,20201202,월곶대로 3-1호선 외 2개 노선 감독권한대행 등 통합건설사업관리용역,경기도 김포시,PQ,1440000000,1439290800,99.95075,동일+목양,100,1115000000,99.2763,N
20201202445 - 00,20201202,월곶대로 3-1호선 외 2개 노선 감독권한대행 등 통합건설사업관리용역,경기도 김포시,PQ,1440000000,1439290800,99.95075,한맥+삼안+주하,100,1130800000,100.6831,N
20201202445 - 00,20201202,월곶대로 3-1호선 외 2개 노선 감독권한대행 등 통합건설사업관리용역,경기도 김포시,PQ,1440000000,1439290800,99.95075,진우+다음,100,1118860000,99.62,N
20201202445 - 00,20201202,월곶대로 3-1호선 외 2개 노선 감독권한대행 등 통합건설사업관리용역,경기도 김포시,PQ,1440000000,1439290800,99.95075,KG+삼우,100,1124030000,100.0803,N
20201202445 - 00,20201202,월곶대로 3-1호선 외 2개 노선 감독권한대행 등 통합건설사업관리용역,경기도 김포시,PQ,1440000000,1439290800,99.95075,대콘+일도,100,1119000000,99.6325,N
20201202445 - 00,20201202,월곶대로 3-1호선 외 2개 노선 감독권한대행 등 통합건설사업관리용역,경기도 김포시,PQ,1440000000,1439290800,99.95075,신성+효산,100,1127580000,100.3964,N
20201202445 - 00,20201202,월곶대로 3-1호선 외 2개 노선 감독권한대행 등 통합건설사업관리용역,경기도 김포시,PQ,1440000000,1439290800,99.95075,하이콘+케이탑+태조,100,1121780000,99.88,N
20201202445 - 00,20201202,월곶대로 3-1호선 외 2개 노선 감독권한대행 등 통합건설사업관리용역,경기도 김포시,PQ,1440000000,1439290800,99.95075,KSM+한종+효광,100,1126490000,100.2993,N
20201202445 - 00,20201202,월곶대로 3-1호선 외 2개 노선 감독권한대행 등 통합건설사업관리용역,경기도 김포시,PQ,1440000000,1439290800,99.95075,바우+KRTC+서현,100,1133900000,100.9591,N
20201202445 - 00,20201202,월곶대로 3-1호선 외 2개 노선 감독권한대행 등 통합건설사업관리용역,경기도 김포시,PQ,1440000000,1439290800,99.95075,극동+대건+KD,100,1119308000,99.6599,N
20201202445 - 00,20201202,월곶대로 3-1호선 외 2개 노선 감독권한대행 등 통합건설사업관리용역,경기도 김포시,PQ,1440000000,1439290800,99.95075,천일+건영,100,1122000000,99.8996,N
20201202445 - 00,20201202,월곶대로 3-1호선 외 2개 노선 감독권한대행 등 통합건설사업관리용역,경기도 김포시,PQ,1440000000,1439290800,99.95075,삼보+경호+유신,100,1125880000,100.245,N
20201202445 - 00,20201202,월곶대로 3-1호선 외 2개 노선 감독권한대행 등 통합건설사업관리용역,경기도 김포시,PQ,1440000000,1439290800,99.95075,동성+오이디,100,1089400000,96.997,N
20201202877 - 00,20201202,구강교 재가설공사 실시설계용역,충청북도 영동군,PQ,610044000,606704075,99.4525108,홍익+경원,99.08,523361000,100.1,N
20201202877 - 00,20201202,구강교 재가설공사 실시설계용역,충청북도 영동군,PQ,610044000,606704075,99.4525108,제일+좋은,98.98,523750000,100.151,N
20201202877 - 00,20201202,구강교 재가설공사 실시설계용역,충청북도 영동군,PQ,610044000,606704075,99.4525108,용마+해린,98.76,521125000,99.591,N
20201202877 - 00,20201202,구강교 재가설공사 실시설계용역,충청북도 영동군,PQ,610044000,606704075,99.4525108,극동+토영,98.67,520927000,99.5299,Y
20201202877 - 00,20201202,구강교 재가설공사 실시설계용역,충청북도 영동군,PQ,610044000,606704075,99.4525108,서영+동국,98.59,527440000,100.7508,N
20201202877 - 00,20201202,구강교 재가설공사 실시설계용역,충청북도 영동군,PQ,610044000,606704075,99.4525108,다산+유일,98.45,527087000,100.6482,N
20201202877 - 00,20201202,구강교 재가설공사 실시설계용역,충청북도 영동군,PQ,610044000,606704075,99.4525108,건화+창민,98.34,526200000,100.4555,N
20201202877 - 00,20201202,구강교 재가설공사 실시설계용역,충청북도 영동군,PQ,610044000,606704075,99.4525108,수성+지명,98.31,527703000,100.7307,N
20201202877 - 00,20201202,구강교 재가설공사 실시설계용역,충청북도 영동군,PQ,610044000,606704075,99.4525108,선진+한광,98.29,520890000,99.4302,N
20201202877 - 00,20201202,구강교 재가설공사 실시설계용역,충청북도 영동군,PQ,610044000,606704075,99.4525108,드림+태광,98.23,527280000,100.6382,N
20201202877 - 00,20201202,구강교 재가설공사 실시설계용역,충청북도 영동군,PQ,610044000,606704075,99.4525108,이산+세광,98.01,517800000,98.7713,N
20201202877 - 00,20201202,구강교 재가설공사 실시설계용역,충청북도 영동군,PQ,610044000,606704075,99.4525108,경동+녹색,97.97,529680000,101.0257,N
20201202877 - 00,20201202,구강교 재가설공사 실시설계용역,충청북도 영동군,PQ,610044000,606704075,99.4525108,한종+건양,97.91,520150000,99.1965,N
20201202877 - 00,20201202,구강교 재가설공사 실시설계용역,충청북도 영동군,PQ,610044000,606704075,99.4525108,KG+보람+청우,97.77,531846000,101.3798,N
20201202877 - 00,20201202,구강교 재가설공사 실시설계용역,충청북도 영동군,PQ,610044000,606704075,99.4525108,동부+도우,97.66,530508000,101.1013,N
20201202877 - 00,20201202,구강교 재가설공사 실시설계용역,충청북도 영동군,PQ,610044000,606704075,99.4525108,삼안+도명,97.32,532400000,101.3793,N
20201202877 - 00,20201202,구강교 재가설공사 실시설계용역,충청북도 영동군,PQ,610044000,606704075,99.4525108,유신+옥토,97.27,533998000,101.66,N
20201202877 - 00,20201202,구강교 재가설공사 실시설계용역,충청북도 영동군,PQ,610044000,606704075,99.4525108,화신+선+고려,97.18,518360000,98.66,N
20201202877 - 00,20201202,구강교 재가설공사 실시설계용역,충청북도 영동군,PQ,610044000,606704075,99.4525108,동성+세영,97.13,533238000,101.48,N
20201202877 - 00,20201202,구강교 재가설공사 실시설계용역,충청북도 영동군,PQ,610044000,606704075,99.4525108,동명+대원,96.98,537200000,102.1984,N
20201202877 - 00,20201202,구강교 재가설공사 실시설계용역,충청북도 영동군,PQ,610044000,606704075,99.4525108,도화+영진,96.38,519400000,98.6632,N
20201202877 - 00,20201202,구강교 재가설공사 실시설계용역,충청북도 영동군,PQ,610044000,606704075,99.4525108,동일+동림,94.65,544500000,102.9776,N
20201203382 - 00,20201202,곡성군 위생처리장 재해복구사업 기본 및 실시설계 용역,전라남도 곡성군,PQ,359400000,358047825,99.62376878,건화+동아(대원),98.25,310000000,99.2633,N
20201203382 - 00,20201202,곡성군 위생처리장 재해복구사업 기본 및 실시설계 용역,전라남도 곡성군,PQ,359400000,358047825,99.62376878,한종+신오,98.16,311550000,99.7482,N
20201203382 - 00,20201202,곡성군 위생처리장 재해복구사업 기본 및 실시설계 용역,전라남도 곡성군,PQ,359400000,358047825,99.62376878,이산+하이콘,97.95,311698000,99.7726,N
20201203382 - 00,20201202,곡성군 위생처리장 재해복구사업 기본 및 실시설계 용역,전라남도 곡성군,PQ,359400000,358047825,99.62376878,제일+원우,97.94,311377000,99.6698,Y
20201203382 - 00,20201202,곡성군 위생처리장 재해복구사업 기본 및 실시설계 용역,전라남도 곡성군,PQ,359400000,358047825,99.62376878,범한+신명,97.9,311877000,99.8299,N
20201203382 - 00,20201202,곡성군 위생처리장 재해복구사업 기본 및 실시설계 용역,전라남도 곡성군,PQ,359400000,358047825,99.62376878,동명+한기,96.94,315900000,101.013,N
20201203382 - 00,20201202,곡성군 위생처리장 재해복구사업 기본 및 실시설계 용역,전라남도 곡성군,PQ,359400000,358047825,99.62376878,도화+우리,96.91,310550000,99.2567,N
20201203382 - 00,20201202,곡성군 위생처리장 재해복구사업 기본 및 실시설계 용역,전라남도 곡성군,PQ,359400000,358047825,99.62376878,선진+평화,96.37,310530000,99.1592,N
20201203382 - 00,20201202,곡성군 위생처리장 재해복구사업 기본 및 실시설계 용역,전라남도 곡성군,PQ,359400000,358047825,99.62376878,화신+우영,95.39,320320000,102.2736,N
20201203781 - 02,20201202,노후상수도 혈리정수장 개량사업 기본 및 실시설계 용역,강원도 태백시 상수도사업소,PQ,840290000,836954075,99.60300313,동명+일신,98.12,725700000,100.5215,N
20201203781 - 02,20201202,노후상수도 혈리정수장 개량사업 기본 및 실시설계 용역,강원도 태백시 상수도사업소,PQ,840290000,836954075,99.60300313,제일+삼경+경원,98.08,720200000,99.748,Y
20201203781 - 02,20201202,노후상수도 혈리정수장 개량사업 기본 및 실시설계 용역,강원도 태백시 상수도사업소,PQ,840290000,836954075,99.60300313,도화+서광,97.8,731500000,101.2424,N
20201203781 - 02,20201202,노후상수도 혈리정수장 개량사업 기본 및 실시설계 용역,강원도 태백시 상수도사업소,PQ,840290000,836954075,99.60300313,삼안+대성+서윤,97.79,718740000,99.4764,N
20201203781 - 02,20201202,노후상수도 혈리정수장 개량사업 기본 및 실시설계 용역,강원도 태백시 상수도사업소,PQ,840290000,836954075,99.60300313,경동+동서,97.63,718984000,99.4639,N
20201203781 - 02,20201202,노후상수도 혈리정수장 개량사업 기본 및 실시설계 용역,강원도 태백시 상수도사업소,PQ,840290000,836954075,99.60300313,한종+미래,97.59,728600000,100.7824,N
20201203781 - 02,20201202,노후상수도 혈리정수장 개량사업 기본 및 실시설계 용역,강원도 태백시 상수도사업소,PQ,840290000,836954075,99.60300313,건화+정,97.54,714960000,98.8842,N
20201203781 - 02,20201202,노후상수도 혈리정수장 개량사업 기본 및 실시설계 용역,강원도 태백시 상수도사업소,PQ,840290000,836954075,99.60300313,KG+동남,97.48,718630000,99.3802,N
20201203781 - 02,20201202,노후상수도 혈리정수장 개량사업 기본 및 실시설계 용역,강원도 태백시 상수도사업소,PQ,840290000,836954075,99.60300313,선진+진화,97.35,715900000,98.9682,N
20201203781 - 02,20201202,노후상수도 혈리정수장 개량사업 기본 및 실시설계 용역,강원도 태백시 상수도사업소,PQ,840290000,836954075,99.60300313,범한+정원,97.32,718000000,99.2585,N
20201203781 - 02,20201202,노후상수도 혈리정수장 개량사업 기본 및 실시설계 용역,강원도 태백시 상수도사업소,PQ,840290000,836954075,99.60300313,화신+이산,97.3,716938000,99.1002,N
20201203781 - 02,20201202,노후상수도 혈리정수장 개량사업 기본 및 실시설계 용역,강원도 태백시 상수도사업소,PQ,840290000,836954075,99.60300313,경화+고려+국성,96.49,739460000,102.0001,N
20201203781 - 02,20201202,노후상수도 혈리정수장 개량사업 기본 및 실시설계 용역,강원도 태백시 상수도사업소,PQ,840290000,836954075,99.60300313,삼주+HEC,96.4,720052000,99.3,N
20201203781 - 02,20201202,노후상수도 혈리정수장 개량사업 기본 및 실시설계 용역,강원도 태백시 상수도사업소,PQ,840290000,836954075,99.60300313,유신+한울,96.4,740792000,102.1601,N
20201204337 - 01,20201202,군위군 물 재이용 관리계획 수립 용역,경상북도 군위군,PQ,346400000,346607025,100.0597647,건화+삼보,98.22,302941000,100.6318,N
20201204337 - 01,20201202,군위군 물 재이용 관리계획 수립 용역,경상북도 군위군,PQ,346400000,346607025,100.0597647,삼안+보람,98.1,302940000,100.6199,Y
20201204337 - 01,20201202,군위군 물 재이용 관리계획 수립 용역,경상북도 군위군,PQ,346400000,346607025,100.0597647,제일+동성,98.05,300470000,99.7995,N
20201204337 - 01,20201202,군위군 물 재이용 관리계획 수립 용역,경상북도 군위군,PQ,346400000,346607025,100.0597647,유신+세연,98.04,300231000,99.7201,N
20201204337 - 01,20201202,군위군 물 재이용 관리계획 수립 용역,경상북도 군위군,PQ,346400000,346607025,100.0597647,범한+KCI+명성,98,300290000,99.7397,N
20201204337 - 01,20201202,군위군 물 재이용 관리계획 수립 용역,경상북도 군위군,PQ,346400000,346607025,100.0597647,건양+청우,97.8,299035000,99.3001,N
20201204337 - 01,20201202,군위군 물 재이용 관리계획 수립 용역,경상북도 군위군,PQ,346400000,346607025,100.0597647,도화+한주,97.6,299500000,99.4316,N
20201204337 - 01,20201202,군위군 물 재이용 관리계획 수립 용역,경상북도 군위군,PQ,346400000,346607025,100.0597647,선진+한도,97.3,301370000,100.0294,N
20201204337 - 01,20201202,군위군 물 재이용 관리계획 수립 용역,경상북도 군위군,PQ,346400000,346607025,100.0597647,한종+동진,97.3,298700000,99.1432,N
20201204337 - 01,20201202,군위군 물 재이용 관리계획 수립 용역,경상북도 군위군,PQ,346400000,346607025,100.0597647,KG+다산,97.19,299450000,99.3807,N
20201204337 - 01,20201202,군위군 물 재이용 관리계획 수립 용역,경상북도 군위군,PQ,346400000,346607025,100.0597647,이산+태성,97,298980000,99.2019,N
20201204337 - 01,20201202,군위군 물 재이용 관리계획 수립 용역,경상북도 군위군,PQ,346400000,346607025,100.0597647,동명+세원,96.8,307500000,102.0054,N
20201204337 - 01,20201202,군위군 물 재이용 관리계획 수립 용역,경상북도 군위군,PQ,346400000,346607025,100.0597647,화신+주하,96.79,298863000,99.1403,N
20201204367 - 01,20201202,군위군 하수도정비 기본계획(변경) 수립 용역,경상북도 군위군,PQ,1805000000,1817242425,100.6782507,건화+청우,100,1422800000,101.0648,Y
20201204367 - 01,20201202,군위군 하수도정비 기본계획(변경) 수립 용역,경상북도 군위군,PQ,1805000000,1817242425,100.6782507,동명+삼보+세원,97.98,1418670000,99.1193,N
20201204367 - 01,20201202,군위군 하수도정비 기본계획(변경) 수립 용역,경상북도 군위군,PQ,1805000000,1817242425,100.6782507,한종+동진,97.9,1424500000,99.4639,N
20201204367 - 01,20201202,군위군 하수도정비 기본계획(변경) 수립 용역,경상북도 군위군,PQ,1805000000,1817242425,100.6782507,도화+한주,97.9,1414880000,98.7922,N
20201204367 - 01,20201202,군위군 하수도정비 기본계획(변경) 수립 용역,경상북도 군위군,PQ,1805000000,1817242425,100.6782507,이산+태성+하이콘,97.83,1415370000,98.7767,N
20201204367 - 01,20201202,군위군 하수도정비 기본계획(변경) 수립 용역,경상북도 군위군,PQ,1805000000,1817242425,100.6782507,삼안+보람,97.83,1413940000,98.6769,N
20201204367 - 01,20201202,군위군 하수도정비 기본계획(변경) 수립 용역,경상북도 군위군,PQ,1805000000,1817242425,100.6782507,선진+세연+유신,97.77,1453530000,101.3887,N
20201204367 - 01,20201202,군위군 하수도정비 기본계획(변경) 수립 용역,경상북도 군위군,PQ,1805000000,1817242425,100.6782507,제일+동성+한도,97.75,1457750000,101.6703,N
20201204367 - 01,20201202,군위군 하수도정비 기본계획(변경) 수립 용역,경상북도 군위군,PQ,1805000000,1817242425,100.6782507,범한+KCI,97.75,1426300000,99.4768,N
20201204367 - 01,20201202,군위군 하수도정비 기본계획(변경) 수립 용역,경상북도 군위군,PQ,1805000000,1817242425,100.6782507,화신+주하+국성,97.69,1414180000,98.5818,N
20201204928 - 00,20201203,강구 배수펌프장 재해복구사업 외 3건 통합건설사업관리용역,경상북도 영덕군,SOQ,2337000000,2328902325,99.65350128,도화+강산+해인,98.25,1898800000,102.6979,Y
20201204928 - 00,20201203,강구 배수펌프장 재해복구사업 외 3건 통합건설사업관리용역,경상북도 영덕군,SOQ,2337000000,2328902325,99.65350128,건화+청명,93.77,1906400000,99.4995,N
20201201675 - 00,20201201,천안시 노후하수관로 2차 정밀조사 용역,충청남도 천안시,PQ,6185000000,6152420550,99.47325061,동명+도화+드림+경동+성현,100,4550697000,100.7964,Y
20201201675 - 00,20201201,천안시 노후하수관로 2차 정밀조사 용역,충청남도 천안시,PQ,6185000000,6152420550,99.47325061,한종+범한,97.96,4650500000,101.191,N
20201201675 - 00,20201201,천안시 노후하수관로 2차 정밀조사 용역,충청남도 천안시,PQ,6185000000,6152420550,99.47325061,선진+제일+지산,97.85,4655800000,101.211,N
20201201675 - 00,20201201,천안시 노후하수관로 2차 정밀조사 용역,충청남도 천안시,PQ,6185000000,6152420550,99.47325061,건화+홍익(수성E),97.84,4567890000,99.2866,N
20201201675 - 00,20201201,천안시 노후하수관로 2차 정밀조사 용역,충청남도 천안시,PQ,6185000000,6152420550,99.47325061,삼안+수성,97.72,4544650000,98.6886,N
20201201675 - 00,20201201,천안시 노후하수관로 2차 정밀조사 용역,충청남도 천안시,PQ,6185000000,6152420550,99.47325061,화신+국성+재성,97.63,4692179000,101.8102,N
20201201675 - 00,20201201,천안시 노후하수관로 2차 정밀조사 용역,충청남도 천안시,PQ,6185000000,6152420550,99.47325061,이산+건양,97.42,4534000000,98.1935,N
20201201675 - 00,20201201,천안시 노후하수관로 2차 정밀조사 용역,충청남도 천안시,PQ,6185000000,6152420550,99.47325061,KG+영진+유신,97.17,4547720000,98.28,N
20201201675 - 00,20201201,천안시 노후하수관로 2차 정밀조사 용역,충청남도 천안시,PQ,6185000000,6152420550,99.47325061,경호+HEC+강호,96.22,6000000000,128.6334,N
20201207599 - 00,20201204,대곡 자연재해위험개선지구 정비사업 감독권한대행 등 건설사업관리용역,경상북도 청도군,PQ,2004000000,2006720475,100.1357522,건화+동진,100,0,0,N
20201207599 - 00,20201204,대곡 자연재해위험개선지구 정비사업 감독권한대행 등 건설사업관리용역,경상북도 청도군,PQ,2004000000,2006720475,100.1357522,천일+강산,99.9,1575200000,100.6889,Y
20201207599 - 00,20201204,대곡 자연재해위험개선지구 정비사업 감독권한대행 등 건설사업관리용역,경상북도 청도군,PQ,2004000000,2006720475,100.1357522,도화+보원,99.86,1560600000,99.7301,N
20201207599 - 00,20201204,대곡 자연재해위험개선지구 정비사업 감독권한대행 등 건설사업관리용역,경상북도 청도군,PQ,2004000000,2006720475,100.1357522,동성+경림,99.83,1556770000,99.4599,N
20201207599 - 00,20201204,대곡 자연재해위험개선지구 정비사업 감독권한대행 등 건설사업관리용역,경상북도 청도군,PQ,2004000000,2006720475,100.1357522,삼안+주하+유한,99.82,1558370000,99.5493,N
20201207599 - 00,20201204,대곡 자연재해위험개선지구 정비사업 감독권한대행 등 건설사업관리용역,경상북도 청도군,PQ,2004000000,2006720475,100.1357522,한종+한백종합,99.81,1576200000,100.6754,N
20201207599 - 00,20201204,대곡 자연재해위험개선지구 정비사업 감독권한대행 등 건설사업관리용역,경상북도 청도군,PQ,2004000000,2006720475,100.1357522,경동+동아,99.74,1548890000,98.8805,N
20201207599 - 00,20201204,대곡 자연재해위험개선지구 정비사업 감독권한대행 등 건설사업관리용역,경상북도 청도군,PQ,2004000000,2006720475,100.1357522,동부+KCI,99.58,1582548000,100.9001,N
20201207599 - 00,20201204,대곡 자연재해위험개선지구 정비사업 감독권한대행 등 건설사업관리용역,경상북도 청도군,PQ,2004000000,2006720475,100.1357522,서영+세원,99.56,1582200000,100.8521,N
20201207599 - 00,20201204,대곡 자연재해위험개선지구 정비사업 감독권한대행 등 건설사업관리용역,경상북도 청도군,PQ,2004000000,2006720475,100.1357522,평화+건일,99.56,1558400000,99.3351,N
20201207599 - 00,20201204,대곡 자연재해위험개선지구 정비사업 감독권한대행 등 건설사업관리용역,경상북도 청도군,PQ,2004000000,2006720475,100.1357522,선진+다산,99.52,1552590000,98.9395,N
20201207599 - 00,20201204,대곡 자연재해위험개선지구 정비사업 감독권한대행 등 건설사업관리용역,경상북도 청도군,PQ,2004000000,2006720475,100.1357522,극동+상금+해인,99.39,1551869000,98.78,N
20201207599 - 00,20201204,대곡 자연재해위험개선지구 정비사업 감독권한대행 등 건설사업관리용역,경상북도 청도군,PQ,2004000000,2006720475,100.1357522,신명+승보,99.09,1614214000,102.5,N
20201207599 - 00,20201204,대곡 자연재해위험개선지구 정비사업 감독권한대행 등 건설사업관리용역,경상북도 청도군,PQ,2004000000,2006720475,100.1357522,동명+청명,97.28,1634000000,102.2471,N
20201207599 - 00,20201204,대곡 자연재해위험개선지구 정비사업 감독권한대행 등 건설사업관리용역,경상북도 청도군,PQ,2004000000,2006720475,100.1357522,이산+한도+반석,97.18,1632000000,102.0451,N
20201207897 - 02,20201204,도산~연도~읍도 연결보도교 건설공사 기본 및 실시설계용역,경상남도 통영시,PQ,479800000,482531325,100.5692632,건화+한성,99.36,0,0,N
20201207897 - 02,20201204,도산~연도~읍도 연결보도교 건설공사 기본 및 실시설계용역,경상남도 통영시,PQ,479800000,482531325,100.5692632,천일+신화,99.29,416740000,100.0599,N
20201207897 - 02,20201204,도산~연도~읍도 연결보도교 건설공사 기본 및 실시설계용역,경상남도 통영시,PQ,479800000,482531325,100.5692632,평화+혜인,99.23,415970000,99.8635,N
20201207897 - 02,20201204,도산~연도~읍도 연결보도교 건설공사 기본 및 실시설계용역,경상남도 통영시,PQ,479800000,482531325,100.5692632,KG+수성,99.22,416205000,99.92,N
20201207897 - 02,20201204,도산~연도~읍도 연결보도교 건설공사 기본 및 실시설계용역,경상남도 통영시,PQ,479800000,482531325,100.5692632,한종+서화,98.52,413450000,99.19,N
20201207897 - 02,20201204,도산~연도~읍도 연결보도교 건설공사 기본 및 실시설계용역,경상남도 통영시,PQ,479800000,482531325,100.5692632,제일+금성,98.46,415290000,99.62,N
20201207897 - 02,20201204,도산~연도~읍도 연결보도교 건설공사 기본 및 실시설계용역,경상남도 통영시,PQ,479800000,482531325,100.5692632,극동+한올,98.18,419721000,100.6597,Y
20201207897 - 02,20201204,도산~연도~읍도 연결보도교 건설공사 기본 및 실시설계용역,경상남도 통영시,PQ,479800000,482531325,100.5692632,경동+하우,98.11,414246000,99.3352,N
20201207897 - 02,20201204,도산~연도~읍도 연결보도교 건설공사 기본 및 실시설계용역,경상남도 통영시,PQ,479800000,482531325,100.5692632,서영+KSM+대콘,98.08,414310000,99.3506,N
20201207897 - 02,20201204,도산~연도~읍도 연결보도교 건설공사 기본 및 실시설계용역,경상남도 통영시,PQ,479800000,482531325,100.5692632,화신+좋은,97.98,419984000,100.6996,N
20201207897 - 02,20201204,도산~연도~읍도 연결보도교 건설공사 기본 및 실시설계용역,경상남도 통영시,PQ,479800000,482531325,100.5692632,홍익+천진,97.94,414355000,99.3499,N
20201207897 - 02,20201204,도산~연도~읍도 연결보도교 건설공사 기본 및 실시설계용역,경상남도 통영시,PQ,479800000,482531325,100.5692632,동성+HEC,97.94,418818000,100.42,N
20201207897 - 02,20201204,도산~연도~읍도 연결보도교 건설공사 기본 및 실시설계용역,경상남도 통영시,PQ,479800000,482531325,100.5692632,이산+화성,97.86,412188000,98.819,N
20201207897 - 02,20201204,도산~연도~읍도 연결보도교 건설공사 기본 및 실시설계용역,경상남도 통영시,PQ,479800000,482531325,100.5692632,동명+로텍,97.59,0,0,N
20201207897 - 02,20201204,도산~연도~읍도 연결보도교 건설공사 기본 및 실시설계용역,경상남도 통영시,PQ,479800000,482531325,100.5692632,동일+창미,97.47,413300000,99.0514,N
20201207897 - 02,20201204,도산~연도~읍도 연결보도교 건설공사 기본 및 실시설계용역,경상남도 통영시,PQ,479800000,482531325,100.5692632,도화+경화,97.17,424100000,101.6047,N
20201207910 - 00,20201204,청도군 자연재해저감종합계획 재수립 용역 ,경상북도 청도군,PQ,1510000000,1490256750,98.6925,동부+동성+한맥,97.85,1204445000,100.4908,N
20201207910 - 00,20201204,청도군 자연재해저감종합계획 재수립 용역 ,경상북도 청도군,PQ,1510000000,1490256750,98.6925,도화+한백+보원,97.82,1197515000,99.8874,N
20201207910 - 00,20201204,청도군 자연재해저감종합계획 재수립 용역 ,경상북도 청도군,PQ,1510000000,1490256750,98.6925,이산+강산+제일,97.76,1196889000,99.7849,N
20201207910 - 00,20201204,청도군 자연재해저감종합계획 재수립 용역 ,경상북도 청도군,PQ,1510000000,1490256750,98.6925,KG+보람+강동,97.73,1193530000,99.4799,N
20201207910 - 00,20201204,청도군 자연재해저감종합계획 재수립 용역 ,경상북도 청도군,PQ,1510000000,1490256750,98.6925,삼안+삼보+건일,97.67,1209890000,100.7927,N
20201207910 - 00,20201204,청도군 자연재해저감종합계획 재수립 용역 ,경상북도 청도군,PQ,1510000000,1490256750,98.6925,다산+하이콘+원우,97.52,1201974000,100.02,N
20201207910 - 00,20201204,청도군 자연재해저감종합계획 재수립 용역 ,경상북도 청도군,PQ,1510000000,1490256750,98.6925,건화+KCI+동서,97.41,0,0,N
20201207910 - 00,20201204,청도군 자연재해저감종합계획 재수립 용역 ,경상북도 청도군,PQ,1510000000,1490256750,98.6925,한종+동진+청명,97.35,1219000000,101.2968,N
20201207910 - 00,20201204,청도군 자연재해저감종합계획 재수립 용역 ,경상북도 청도군,PQ,1510000000,1490256750,98.6925,유신+주하,97.3,1221614000,101.4758,N
20201207910 - 00,20201204,청도군 자연재해저감종합계획 재수립 용역 ,경상북도 청도군,PQ,1510000000,1490256750,98.6925,동명+금일+경동,97.29,1191360000,98.9503,N
20201207910 - 00,20201204,청도군 자연재해저감종합계획 재수립 용역 ,경상북도 청도군,PQ,1510000000,1490256750,98.6925,평화+한도+청우+우리종합,97.09,1226900000,101.7362,N
20201207910 - 00,20201204,청도군 자연재해저감종합계획 재수립 용역 ,경상북도 청도군,PQ,1510000000,1490256750,98.6925,화신+현대+일신,97.04,1190732000,98.7001,Y
20201207910 - 00,20201204,청도군 자연재해저감종합계획 재수립 용역 ,경상북도 청도군,PQ,1510000000,1490256750,98.6925,경호+극동+해동,96.67,1400000000,115.6988,N
20201207892 - 00,20201204,가금 예리 자연재해위험개선지구 정비사업 기본 및 실시설계용역 ,경상북도 청도군,PQ,2197000000,2207540175,100.4797531,삼안+삼보+보원,100,1729200000,100.9133,Y
20201207892 - 00,20201204,가금 예리 자연재해위험개선지구 정비사업 기본 및 실시설계용역 ,경상북도 청도군,PQ,2197000000,2207540175,100.4797531,이산+강동+반석,97.61,1769877000,101.3,N
20201207892 - 00,20201204,가금 예리 자연재해위험개선지구 정비사업 기본 및 실시설계용역 ,경상북도 청도군,PQ,2197000000,2207540175,100.4797531,동성+동명+해인,97.59,1770322000,101.3,N
20201207892 - 00,20201204,가금 예리 자연재해위험개선지구 정비사업 기본 및 실시설계용역 ,경상북도 청도군,PQ,2197000000,2207540175,100.4797531,유신+금일+강산,97.59,1730652000,99.03,N
20201207892 - 00,20201204,가금 예리 자연재해위험개선지구 정비사업 기본 및 실시설계용역 ,경상북도 청도군,PQ,2197000000,2207540175,100.4797531,건화+KCI+한도(탄탄+석우),97.58,0,0,N
20201207892 - 00,20201204,가금 예리 자연재해위험개선지구 정비사업 기본 및 실시설계용역 ,경상북도 청도군,PQ,2197000000,2207540175,100.4797531,도화+동진+주하,97.58,1768600000,101.2014,N
20201207892 - 00,20201204,가금 예리 자연재해위험개선지구 정비사업 기본 및 실시설계용역 ,경상북도 청도군,PQ,2197000000,2207540175,100.4797531,다산+하이콘+정도,97.54,1726999890,98.7838,N
20201207892 - 00,20201204,가금 예리 자연재해위험개선지구 정비사업 기본 및 실시설계용역 ,경상북도 청도군,PQ,2197000000,2207540175,100.4797531,동부+건일+한백,97.54,1773618000,101.4503,N
20201207892 - 00,20201204,가금 예리 자연재해위험개선지구 정비사업 기본 및 실시설계용역 ,경상북도 청도군,PQ,2197000000,2207540175,100.4797531,한종+청명+해동,97.52,1771300000,101.305,N
20201207892 - 00,20201204,가금 예리 자연재해위험개선지구 정비사업 기본 및 실시설계용역 ,경상북도 청도군,PQ,2197000000,2207540175,100.4797531,화신+보람+중방+KSM,97.43,1781297000,101.8,N
20201207892 - 00,20201204,가금 예리 자연재해위험개선지구 정비사업 기본 및 실시설계용역 ,경상북도 청도군,PQ,2197000000,2207540175,100.4797531,경호+극동+현대+명성,97,1789990000,101.9512,N
20201205145 - 01,20201207,세마공공하수처리시설 증설공사 기본 및 실시설계 용역,경기도 오산시 환경사업소,PQ,580140000,590362100,101.7620057,이산+케이지,99.95,497600000,100.301,N
20201205145 - 01,20201207,세마공공하수처리시설 증설공사 기본 및 실시설계 용역,경기도 오산시 환경사업소,PQ,580140000,590362100,101.7620057,도화+동명,97.9,501630000,100.584,N
20201205145 - 01,20201207,세마공공하수처리시설 증설공사 기본 및 실시설계 용역,경기도 오산시 환경사업소,PQ,580140000,590362100,101.7620057,한종+정,97.9,496900000,99.6356,N
20201205145 - 01,20201207,세마공공하수처리시설 증설공사 기본 및 실시설계 용역,경기도 오산시 환경사업소,PQ,580140000,590362100,101.7620057,삼안+신명,97.83,502920000,100.831,N
20201205145 - 01,20201207,세마공공하수처리시설 증설공사 기본 및 실시설계 용역,경기도 오산시 환경사업소,PQ,580140000,590362100,101.7620057,제일+서영,97.75,495400000,99.3002,N
20201205145 - 01,20201207,세마공공하수처리시설 증설공사 기본 및 실시설계 용역,경기도 오산시 환경사업소,PQ,580140000,590362100,101.7620057,경동+경호,97.71,493286000,98.8649,N
20201205145 - 01,20201207,세마공공하수처리시설 증설공사 기본 및 실시설계 용역,경기도 오산시 환경사업소,PQ,580140000,590362100,101.7620057,선진+경화,97.7,494500000,99.1082,N
20201205145 - 01,20201207,세마공공하수처리시설 증설공사 기본 및 실시설계 용역,경기도 오산시 환경사업소,PQ,580140000,590362100,101.7620057,범한+한종,97.65,494000000,98.9965,N
20201205145 - 01,20201207,세마공공하수처리시설 증설공사 기본 및 실시설계 용역,경기도 오산시 환경사업소,PQ,580140000,590362100,101.7620057,건양+동부,97.63,505553000,101.2999,N
20201205145 - 01,20201207,세마공공하수처리시설 증설공사 기본 및 실시설계 용역,경기도 오산시 환경사업소,PQ,580140000,590362100,101.7620057,건화+우진,97.6,0,0,N
20201205145 - 01,20201207,세마공공하수처리시설 증설공사 기본 및 실시설계 용역,경기도 오산시 환경사업소,PQ,580140000,590362100,101.7620057,화신+용마+국성,96.99,522220000,104.4696,Y
20201208879 - 02,20201207,동산 소규모마을 하수처리시설사업 외 1개소 감독권한대행 등 통합건설사업관리 용역,경상북도 청도군,PQ,1362140000,1358271600,99.7160057,동명+동성,100,1066600000,100.3952,Y
20201208879 - 02,20201207,동산 소규모마을 하수처리시설사업 외 1개소 감독권한대행 등 통합건설사업관리 용역,경상북도 청도군,PQ,1362140000,1358271600,99.7160057,한종+동진,99.83,1060700000,99.6993,N
20201208879 - 02,20201207,동산 소규모마을 하수처리시설사업 외 1개소 감독권한대행 등 통합건설사업관리 용역,경상북도 청도군,PQ,1362140000,1358271600,99.7160057,도화+보원,99.67,1072800000,100.6948,N
20201208879 - 02,20201207,동산 소규모마을 하수처리시설사업 외 1개소 감독권한대행 등 통합건설사업관리 용역,경상북도 청도군,PQ,1362140000,1358271600,99.7160057,KG+보람,99.63,1067590000,100.1801,N
20201208879 - 02,20201207,동산 소규모마을 하수처리시설사업 외 1개소 감독권한대행 등 통합건설사업관리 용역,경상북도 청도군,PQ,1362140000,1358271600,99.7160057,건화+한도,99.57,1068290000,100.1946,N
20201208879 - 02,20201207,동산 소규모마을 하수처리시설사업 외 1개소 감독권한대행 등 통합건설사업관리 용역,경상북도 청도군,PQ,1362140000,1358271600,99.7160057,건양+KCI,99.54,1057102000,99.12,N
20201208879 - 02,20201207,동산 소규모마을 하수처리시설사업 외 1개소 감독권한대행 등 통합건설사업관리 용역,경상북도 청도군,PQ,1362140000,1358271600,99.7160057,경동+청명,99.5,1080308000,101.27,N
20201208879 - 02,20201207,동산 소규모마을 하수처리시설사업 외 1개소 감독권한대행 등 통합건설사업관리 용역,경상북도 청도군,PQ,1362140000,1358271600,99.7160057,이산+한주,99.5,1056990000,99.0841,N
20201208879 - 02,20201207,동산 소규모마을 하수처리시설사업 외 1개소 감독권한대행 등 통합건설사업관리 용역,경상북도 청도군,PQ,1362140000,1358271600,99.7160057,선진+세원,99.47,1055590000,98.9276,N
20201208879 - 02,20201207,동산 소규모마을 하수처리시설사업 외 1개소 감독권한대행 등 통합건설사업관리 용역,경상북도 청도군,PQ,1362140000,1358271600,99.7160057,삼안+태성,99.43,1293930000,121.2179,N
20201208166 - 00,20201207,부안군 폐기물처리시설 설치 기본 및 실시설계 용역,전라북도 부안군,PQ,1459800000,1464215950,100.3025038,한종+건화(세화+금산),97.09,1194000000,102.4129,Y
20201208166 - 00,20201207,부안군 폐기물처리시설 설치 기본 및 실시설계 용역,전라북도 부안군,PQ,1459800000,1464215950,100.3025038,도화+국성,95.6,1203000000,101.9718,N
20201211189 - 01,20201207,2021년 신규 하수도시설사업 기본 및 실시설계 용역,전라남도 신안군,PQ,1121817000,1115069300,99.39850261,도화+건영+동부,99.29,885550000,100.6168,Y
20201211189 - 01,20201207,2021년 신규 하수도시설사업 기본 및 실시설계 용역,전라남도 신안군,PQ,1121817000,1115069300,99.39850261,삼안+하이콘,97.8,899140000,100.9386,N
20201211189 - 01,20201207,2021년 신규 하수도시설사업 기본 및 실시설계 용역,전라남도 신안군,PQ,1121817000,1115069300,99.39850261,범한+신명,97.8,886000000,99.4635,N
20201211189 - 01,20201207,2021년 신규 하수도시설사업 기본 및 실시설계 용역,전라남도 신안군,PQ,1121817000,1115069300,99.39850261,제일+우영+정,97.8,884540000,99.2996,N
20201211189 - 01,20201207,2021년 신규 하수도시설사업 기본 및 실시설계 용역,전라남도 신안군,PQ,1121817000,1115069300,99.39850261,수성+우빈+경동,97.78,884763000,99.2996,N
20201211189 - 01,20201207,2021년 신규 하수도시설사업 기본 및 실시설계 용역,전라남도 신안군,PQ,1121817000,1115069300,99.39850261,동명+원우,97.77,884480000,99.2679,N
20201211189 - 01,20201207,2021년 신규 하수도시설사업 기본 및 실시설계 용역,전라남도 신안군,PQ,1121817000,1115069300,99.39850261,한종+신오,97.76,885300000,99.3474,N
20201211189 - 01,20201207,2021년 신규 하수도시설사업 기본 및 실시설계 용역,전라남도 신안군,PQ,1121817000,1115069300,99.39850261,선진+평화,97.72,885800000,99.3785,N
20201211189 - 01,20201207,2021년 신규 하수도시설사업 기본 및 실시설계 용역,전라남도 신안군,PQ,1121817000,1115069300,99.39850261,KG+한기+이산,97.7,878900000,98.5796,N
20201211189 - 01,20201207,2021년 신규 하수도시설사업 기본 및 실시설계 용역,전라남도 신안군,PQ,1121817000,1115069300,99.39850261,건화+동아(서진),97.7,1000000000,112.1624,N
20201211189 - 01,20201207,2021년 신규 하수도시설사업 기본 및 실시설계 용역,전라남도 신안군,PQ,1121817000,1115069300,99.39850261,화신+우리+국성+건양,98.14,879879000,98.4169,N
20201210759 - 02,20201208,인천 대곡동∼불로지구 연결도로공사외 2건 통합건설사업관리용역,인천도시공사,PQ,2925615000,2893908725,98.91625265,도화+유신+한서+정방,100,2281700000,99.9942,N
20201210759 - 02,20201208,인천 대곡동∼불로지구 연결도로공사외 2건 통합건설사업관리용역,인천도시공사,PQ,2925615000,2893908725,98.91625265,수성+삼보+동남,100,2297053000,100.667,N
20201210759 - 02,20201208,인천 대곡동∼불로지구 연결도로공사외 2건 통합건설사업관리용역,인천도시공사,PQ,2925615000,2893908725,98.91625265,건화+장원,99.86,0,0,N
20201210759 - 02,20201208,인천 대곡동∼불로지구 연결도로공사외 2건 통합건설사업관리용역,인천도시공사,PQ,2925615000,2893908725,98.91625265,삼안+브니엘+태조,99.69,2277000000,99.5329,N
20201210759 - 02,20201208,인천 대곡동∼불로지구 연결도로공사외 2건 통합건설사업관리용역,인천도시공사,PQ,2925615000,2893908725,98.91625265,평화+미소+경원,99.65,2275700000,99.438,N
20201210759 - 02,20201208,인천 대곡동∼불로지구 연결도로공사외 2건 통합건설사업관리용역,인천도시공사,PQ,2925615000,2893908725,98.91625265,동성+명인,99.52,2272575000,99.2,N
20201210759 - 02,20201208,인천 대곡동∼불로지구 연결도로공사외 2건 통합건설사업관리용역,인천도시공사,PQ,2925615000,2893908725,98.91625265,대콘+경서,99.5,2271000000,99.1186,Y
20201210759 - 02,20201208,인천 대곡동∼불로지구 연결도로공사외 2건 통합건설사업관리용역,인천도시공사,PQ,2925615000,2893908725,98.91625265,이산+용마+도담,99.42,2292990000,100.0017,N
20201210759 - 02,20201208,인천 대곡동∼불로지구 연결도로공사외 2건 통합건설사업관리용역,인천도시공사,PQ,2925615000,2893908725,98.91625265,동명+일진+정,99.4,2272150000,99.0802,N
20201210759 - 02,20201208,인천 대곡동∼불로지구 연결도로공사외 2건 통합건설사업관리용역,인천도시공사,PQ,2925615000,2893908725,98.91625265,한종+경서+태일,99.39,2264000000,98.7122,N
20201210759 - 02,20201208,인천 대곡동∼불로지구 연결도로공사외 2건 통합건설사업관리용역,인천도시공사,PQ,2925615000,2893908725,98.91625265,경동+서영+대한,99.35,2265580000,98.7559,N
20201210759 - 02,20201208,인천 대곡동∼불로지구 연결도로공사외 2건 통합건설사업관리용역,인천도시공사,PQ,2925615000,2893908725,98.91625265,극동+내경,99.31,2321849000,101.1699,N
20201210759 - 02,20201208,인천 대곡동∼불로지구 연결도로공사외 2건 통합건설사업관리용역,인천도시공사,PQ,2925615000,2893908725,98.91625265,신성+TS,99.31,2269880000,98.9055,N
20201210759 - 02,20201208,인천 대곡동∼불로지구 연결도로공사외 2건 통합건설사업관리용역,인천도시공사,PQ,2925615000,2893908725,98.91625265,홍익+경서,99.28,2263445000,98.6,N
20201210759 - 02,20201208,인천 대곡동∼불로지구 연결도로공사외 2건 통합건설사업관리용역,인천도시공사,PQ,2925615000,2893908725,98.91625265,다산+바우,99.25,2275980000,99.1334,N
20201210759 - 02,20201208,인천 대곡동∼불로지구 연결도로공사외 2건 통합건설사업관리용역,인천도시공사,PQ,2925615000,2893908725,98.91625265,제일+고산+KG,99.23,2337800000,101.8001,N
20201210759 - 02,20201208,인천 대곡동∼불로지구 연결도로공사외 2건 통합건설사업관리용역,인천도시공사,PQ,2925615000,2893908725,98.91625265,천일+한승+선진,98.98,2335590000,101.497,N
20201215505 - 00,20201209,새만금 스마트 수변도시 조성사업 사후환경영향조사(공사시) 용역,새만금개발공사,PQ,3340700000,3367809850,100.8115021,이산+퍼스트,99.59,2684420000,100.45,N
20201215505 - 00,20201209,새만금 스마트 수변도시 조성사업 사후환경영향조사(공사시) 용역,새만금개발공사,PQ,3340700000,3367809850,100.8115021,유신+대현,98.71,2673461900,100.04,N
20201215505 - 00,20201209,새만금 스마트 수변도시 조성사업 사후환경영향조사(공사시) 용역,새만금개발공사,PQ,3340700000,3367809850,100.8115021,건화+우신,98.66,0,0,N
20201215505 - 00,20201209,새만금 스마트 수변도시 조성사업 사후환경영향조사(공사시) 용역,새만금개발공사,PQ,3340700000,3367809850,100.8115021,도화+평화+라임,98.66,2666300000,99.5232,N
20201215505 - 00,20201209,새만금 스마트 수변도시 조성사업 사후환경영향조사(공사시) 용역,새만금개발공사,PQ,3340700000,3367809850,100.8115021,동명+건일+소운,98.55,2701200000,100.8259,Y
20201215505 - 00,20201209,새만금 스마트 수변도시 조성사업 사후환경영향조사(공사시) 용역,새만금개발공사,PQ,3340700000,3367809850,100.8115021,서영+수성+엔탑,98.5,2662500000,99.3194,N
20201215505 - 00,20201209,새만금 스마트 수변도시 조성사업 사후환경영향조사(공사시) 용역,새만금개발공사,PQ,3340700000,3367809850,100.8115021,동일+신성+다원,98.52,2720000000,101.3759,N
20201215505 - 00,20201209,새만금 스마트 수변도시 조성사업 사후환경영향조사(공사시) 용역,새만금개발공사,PQ,3340700000,3367809850,100.8115021,한맥+세광+강호,98.36,2663870000,99.1851,N
20201215505 - 00,20201209,새만금 스마트 수변도시 조성사업 사후환경영향조사(공사시) 용역,새만금개발공사,PQ,3340700000,3367809850,100.8115021,삼안+휴먼,97.36,2738890000,101.0109,N
20201215505 - 00,20201209,새만금 스마트 수변도시 조성사업 사후환경영향조사(공사시) 용역,새만금개발공사,PQ,3340700000,3367809850,100.8115021,동성+홍익+DS,96.72,2739000000,100.4826,N
20201216624 - 00,20201210,선동천 하천기본계획(변경) 및 개선복구사업 실시설계 용역,전라북도 고창군,PQ,1059740000,1054380400,99.49425331,도화+한가람,98.4,915450000,100.6166,N
20201216624 - 00,20201210,선동천 하천기본계획(변경) 및 개선복구사업 실시설계 용역,전라북도 고창군,PQ,1059740000,1054380400,99.49425331,동부+현성,98.06,909300000,99.8593,Y
20201216624 - 00,20201210,선동천 하천기본계획(변경) 및 개선복구사업 실시설계 용역,전라북도 고창군,PQ,1059740000,1054380400,99.49425331,한종+더한,97.78,913200000,100.2176,N
20201216624 - 00,20201210,선동천 하천기본계획(변경) 및 개선복구사업 실시설계 용역,전라북도 고창군,PQ,1059740000,1054380400,99.49425331,평화+건일,97.75,911900000,100.0633,N
20201216624 - 00,20201210,선동천 하천기본계획(변경) 및 개선복구사업 실시설계 용역,전라북도 고창군,PQ,1059740000,1054380400,99.49425331,삼안+유현+KCI,97.74,906180000,99.4356,N
20201216624 - 00,20201210,선동천 하천기본계획(변경) 및 개선복구사업 실시설계 용역,전라북도 고창군,PQ,1059740000,1054380400,99.49425331,극동+신한,97.7,911565000,100.0149,N
20201216624 - 00,20201210,선동천 하천기본계획(변경) 및 개선복구사업 실시설계 용역,전라북도 고창군,PQ,1059740000,1054380400,99.49425331,동성+동운,97.7,917718000,100.69,N
20201216624 - 00,20201210,선동천 하천기본계획(변경) 및 개선복구사업 실시설계 용역,전라북도 고창군,PQ,1059740000,1054380400,99.49425331,KG+세화,97.69,920725000,101.0199,N
20201216624 - 00,20201210,선동천 하천기본계획(변경) 및 개선복구사업 실시설계 용역,전라북도 고창군,PQ,1059740000,1054380400,99.49425331,KSM+대도,97.65,917919000,100.7003,N
20201216624 - 00,20201210,선동천 하천기본계획(변경) 및 개선복구사업 실시설계 용역,전라북도 고창군,PQ,1059740000,1054380400,99.49425331,동명+인우,97.62,905720000,99.3505,N
20201216624 - 00,20201210,선동천 하천기본계획(변경) 및 개선복구사업 실시설계 용역,전라북도 고창군,PQ,1059740000,1054380400,99.49425331,이산+JCN,97.6,901599000,98.8984,N
20201216624 - 00,20201210,선동천 하천기본계획(변경) 및 개선복구사업 실시설계 용역,전라북도 고창군,PQ,1059740000,1054380400,99.49425331,다산+성원,97.6,913647000,100.22,N
20201216624 - 00,20201210,선동천 하천기본계획(변경) 및 개선복구사업 실시설계 용역,전라북도 고창군,PQ,1059740000,1054380400,99.49425331,유신+국성,97.47,902019000,98.91,N
20201216624 - 00,20201210,선동천 하천기본계획(변경) 및 개선복구사업 실시설계 용역,전라북도 고창군,PQ,1059740000,1054380400,99.49425331,건화+세종(시공간+하늘),97.36,0,0,N
20201216624 - 00,20201210,선동천 하천기본계획(변경) 및 개선복구사업 실시설계 용역,전라북도 고창군,PQ,1059740000,1054380400,99.49425331,화신+고산+고려,97.21,900649000,98.691,N
20201216624 - 00,20201210,선동천 하천기본계획(변경) 및 개선복구사업 실시설계 용역,전라북도 고창군,PQ,1059740000,1054380400,99.49425331,서광+가온,96.46,907250646,99.23,N
20201216513 - 00,20201210,직동처리구역 하수관로 정비사업 기본 및 실시설계용역,경기도 포천시 안전도시국 상하수과,PQ,675240000,677748550,100.3715049,선진+이산,99.37,580400000,100.3732,Y
20201216513 - 00,20201210,직동처리구역 하수관로 정비사업 기본 및 실시설계용역,경기도 포천시 안전도시국 상하수과,PQ,675240000,677748550,100.3715049,KG+유신,98.48,586430000,101.1798,N
20201216513 - 00,20201210,직동처리구역 하수관로 정비사업 기본 및 실시설계용역,경기도 포천시 안전도시국 상하수과,PQ,675240000,677748550,100.3715049,수성+삼안+건영,98.12,578336000,99.6903,N
20201216513 - 00,20201210,직동처리구역 하수관로 정비사업 기본 및 실시설계용역,경기도 포천시 안전도시국 상하수과,PQ,675240000,677748550,100.3715049,건화+정,97.9,0,0,N
20201216513 - 00,20201210,직동처리구역 하수관로 정비사업 기본 및 실시설계용역,경기도 포천시 안전도시국 상하수과,PQ,675240000,677748550,100.3715049,제일+서영,97.9,580470000,100,N
20201216513 - 00,20201210,직동처리구역 하수관로 정비사업 기본 및 실시설계용역,경기도 포천시 안전도시국 상하수과,PQ,675240000,677748550,100.3715049,범한+(주)한종,97.85,576770000,99.3499,N
20201216513 - 00,20201210,직동처리구역 하수관로 정비사업 기본 및 실시설계용역,경기도 포천시 안전도시국 상하수과,PQ,675240000,677748550,100.3715049,동명+한맥,97.75,579400000,99.7808,N
20201216513 - 00,20201210,직동처리구역 하수관로 정비사업 기본 및 실시설계용역,경기도 포천시 안전도시국 상하수과,PQ,675240000,677748550,100.3715049,경동+경호,97.7,574564000,98.9365,N
20201216513 - 00,20201210,직동처리구역 하수관로 정비사업 기본 및 실시설계용역,경기도 포천시 안전도시국 상하수과,PQ,675240000,677748550,100.3715049,한종+도화,97.7,581600000,100.1481,N
20201216513 - 00,20201210,직동처리구역 하수관로 정비사업 기본 및 실시설계용역,경기도 포천시 안전도시국 상하수과,PQ,675240000,677748550,100.3715049,건양+동부,97.6,588426000,101.2999,N
20201216513 - 00,20201210,직동처리구역 하수관로 정비사업 기본 및 실시설계용역,경기도 포천시 안전도시국 상하수과,PQ,675240000,677748550,100.3715049,화신+용마+국성,95.79,606500000,103.9282,N
20201216220 - 00,20201210,상주시 하수도정비 중점관리지역 도시침수예방사업(2단계) 기본 및 실시설계용역,경상북도 상주시,PQ,2242600000,2227518575,99.32750268,건화+청우+도화(청우종합),100,1769700000,101.1768,Y
20201216220 - 00,20201210,상주시 하수도정비 중점관리지역 도시침수예방사업(2단계) 기본 및 실시설계용역,경상북도 상주시,PQ,2242600000,2227518575,99.32750268,삼안+한도,97.83,1762420000,98.9963,N
20201216220 - 00,20201210,상주시 하수도정비 중점관리지역 도시침수예방사업(2단계) 기본 및 실시설계용역,경상북도 상주시,PQ,2242600000,2227518575,99.32750268,제일+동성,97.83,1801700000,101.2027,N
20201216220 - 00,20201210,상주시 하수도정비 중점관리지역 도시침수예방사업(2단계) 기본 및 실시설계용역,경상북도 상주시,PQ,2242600000,2227518575,99.32750268,범한+KCI,97.75,1759498000,98.77,N
20201216220 - 00,20201210,상주시 하수도정비 중점관리지역 도시침수예방사업(2단계) 기본 및 실시설계용역,경상북도 상주시,PQ,2242600000,2227518575,99.32750268,KG+한백+대성,97.71,1757490000,98.62,N
20201216220 - 00,20201210,상주시 하수도정비 중점관리지역 도시침수예방사업(2단계) 기본 및 실시설계용역,경상북도 상주시,PQ,2242600000,2227518575,99.32750268,이산+한주+하이콘,97.68,1757780000,98.6115,N
20201216220 - 00,20201210,상주시 하수도정비 중점관리지역 도시침수예방사업(2단계) 기본 및 실시설계용역,경상북도 상주시,PQ,2242600000,2227518575,99.32750268,한종+보람,97.68,1801500000,101.0642,N
20201216220 - 00,20201210,상주시 하수도정비 중점관리지역 도시침수예방사업(2단계) 기본 및 실시설계용역,경상북도 상주시,PQ,2242600000,2227518575,99.32750268,유신+태성,97.67,1798195000,100.8661,N
20201216220 - 00,20201210,상주시 하수도정비 중점관리지역 도시침수예방사업(2단계) 기본 및 실시설계용역,경상북도 상주시,PQ,2242600000,2227518575,99.32750268,선진+삼보+평화,97,1811980000,101.4606,N
20201216220 - 00,20201210,상주시 하수도정비 중점관리지역 도시침수예방사업(2단계) 기본 및 실시설계용역,경상북도 상주시,PQ,2242600000,2227518575,99.32750268,화신+주하+국성+건양,96,1755899000,98.3204,N
20201216220 - 00,20201210,상주시 하수도정비 중점관리지역 도시침수예방사업(2단계) 기본 및 실시설계용역,경상북도 상주시,PQ,2242600000,2227518575,99.32750268,동명+세원+세연,95,2130000000,118.8501,N
20201216722 - 00,20201210,금산군 소하천정비사업(의총유지천 등 5개지구) 건설사업관리 용역,충청남도 금산군,PQ,1357800000,1368903450,100.817753,경동+용마,100,1054930000,99.6142,N
20201216722 - 00,20201210,금산군 소하천정비사업(의총유지천 등 5개지구) 건설사업관리 용역,충청남도 금산군,PQ,1357800000,1368903450,100.817753,동명+한맥,100,1052150000,99.3517,N
20201216722 - 00,20201210,금산군 소하천정비사업(의총유지천 등 5개지구) 건설사업관리 용역,충청남도 금산군,PQ,1357800000,1368903450,100.817753,수성+양지,100,1066076000,100.6666,N
20201216722 - 00,20201210,금산군 소하천정비사업(의총유지천 등 5개지구) 건설사업관리 용역,충청남도 금산군,PQ,1357800000,1368903450,100.817753,천일+상연,100,1056870000,99.7973,N
20201216722 - 00,20201210,금산군 소하천정비사업(의총유지천 등 5개지구) 건설사업관리 용역,충청남도 금산군,PQ,1357800000,1368903450,100.817753,한종+천마,100,1056000000,99.7152,N
20201216722 - 00,20201210,금산군 소하천정비사업(의총유지천 등 5개지구) 건설사업관리 용역,충청남도 금산군,PQ,1357800000,1368903450,100.817753,건화+송현알앤디,99.97,1051300000,99.2459,N
20201216722 - 00,20201210,금산군 소하천정비사업(의총유지천 등 5개지구) 건설사업관리 용역,충청남도 금산군,PQ,1357800000,1368903450,100.817753,동일+장맥,99.87,1068000000,100.7321,N
20201216722 - 00,20201210,금산군 소하천정비사업(의총유지천 등 5개지구) 건설사업관리 용역,충청남도 금산군,PQ,1357800000,1368903450,100.817753,신명+재성,99.84,1055633000,99.5402,N
20201216722 - 00,20201210,금산군 소하천정비사업(의총유지천 등 5개지구) 건설사업관리 용역,충청남도 금산군,PQ,1357800000,1368903450,100.817753,계림+홍익,99.83,1055309200,99.5096,N
20201216722 - 00,20201210,금산군 소하천정비사업(의총유지천 등 5개지구) 건설사업관리 용역,충청남도 금산군,PQ,1357800000,1368903450,100.817753,대콘+송현,99.81,1051234000,99.1,N
20201216722 - 00,20201210,금산군 소하천정비사업(의총유지천 등 5개지구) 건설사업관리 용역,충청남도 금산군,PQ,1357800000,1368903450,100.817753,동성+우주,99.71,1071680000,100.9499,N
20201216722 - 00,20201210,금산군 소하천정비사업(의총유지천 등 5개지구) 건설사업관리 용역,충청남도 금산군,PQ,1357800000,1368903450,100.817753,도화+세일,99.7,1051300000,99.0175,N
20201216722 - 00,20201210,금산군 소하천정비사업(의총유지천 등 5개지구) 건설사업관리 용역,충청남도 금산군,PQ,1357800000,1368903450,100.817753,드림+동아,99.7,1067330000,100.5273,N
20201216722 - 00,20201210,금산군 소하천정비사업(의총유지천 등 5개지구) 건설사업관리 용역,충청남도 금산군,PQ,1357800000,1368903450,100.817753,극동+기산,99.67,1073153000,101.0499,N
20201216722 - 00,20201210,금산군 소하천정비사업(의총유지천 등 5개지구) 건설사업관리 용역,충청남도 금산군,PQ,1357800000,1368903450,100.817753,하이콘+정안,99.67,1071130000,100.8594,Y
20201216722 - 00,20201210,금산군 소하천정비사업(의총유지천 등 5개지구) 건설사업관리 용역,충청남도 금산군,PQ,1357800000,1368903450,100.817753,KCI+SR,99.64,1050600000,98.901,N
20201216722 - 00,20201210,금산군 소하천정비사업(의총유지천 등 5개지구) 건설사업관리 용역,충청남도 금산군,PQ,1357800000,1368903450,100.817753,서영+신성,99.62,1075200000,101.2038,N
20201216722 - 00,20201210,금산군 소하천정비사업(의총유지천 등 5개지구) 건설사업관리 용역,충청남도 금산군,PQ,1357800000,1368903450,100.817753,삼보+동국,99.61,1071200000,100.8273,N
20201216722 - 00,20201210,금산군 소하천정비사업(의총유지천 등 5개지구) 건설사업관리 용역,충청남도 금산군,PQ,1357800000,1368903450,100.817753,이산+동양,99.61,1048700000,98.7095,N
20201216722 - 00,20201210,금산군 소하천정비사업(의총유지천 등 5개지구) 건설사업관리 용역,충청남도 금산군,PQ,1357800000,1368903450,100.817753,KSM+더원,99.6,1074166000,101.0936,N
20201216722 - 00,20201210,금산군 소하천정비사업(의총유지천 등 5개지구) 건설사업관리 용역,충청남도 금산군,PQ,1357800000,1368903450,100.817753,선진+유원,99.59,1047800000,98.5996,N
20201216722 - 00,20201210,금산군 소하천정비사업(의총유지천 등 5개지구) 건설사업관리 용역,충청남도 금산군,PQ,1357800000,1368903450,100.817753,경호+수성E+바우,99.41,1078500000,101.346,N
20201216722 - 00,20201210,금산군 소하천정비사업(의총유지천 등 5개지구) 건설사업관리 용역,충청남도 금산군,PQ,1357800000,1368903450,100.817753,평화+명성,99.22,1083800000,101.6884,N
20201216722 - 00,20201210,금산군 소하천정비사업(의총유지천 등 5개지구) 건설사업관리 용역,충청남도 금산군,PQ,1357800000,1368903450,100.817753,동부+예당,99.21,1083830000,101.6782,N
20201216722 - 00,20201210,금산군 소하천정비사업(의총유지천 등 5개지구) 건설사업관리 용역,충청남도 금산군,PQ,1357800000,1368903450,100.817753,KG+더그린,99.14,1080700000,101.3201,N
20201216722 - 00,20201210,금산군 소하천정비사업(의총유지천 등 5개지구) 건설사업관리 용역,충청남도 금산군,PQ,1357800000,1368903450,100.817753,우빈+우경,98.95,1081357000,101.227,N
20201216722 - 00,20201210,금산군 소하천정비사업(의총유지천 등 5개지구) 건설사업관리 용역,충청남도 금산군,PQ,1357800000,1368903450,100.817753,다산+세종,98.81,1091930000,102.1,N
20201216722 - 00,20201210,금산군 소하천정비사업(의총유지천 등 5개지구) 건설사업관리 용역,충청남도 금산군,PQ,1357800000,1368903450,100.817753,제일+우리기술,98.42,1276000000,118.9338,N
20201217441 - 00,20201210,죽산지구 단위종합복구사업 기본 및 실시설계용역,경기도 안성시,PQ,1323623400,1343166775,101.4765057,KG+강동+동진,99.81,1043180000,100.8799,N
20201217441 - 00,20201210,죽산지구 단위종합복구사업 기본 및 실시설계용역,경기도 안성시,PQ,1323623400,1343166775,101.4765057,도화+서영,99.51,1049150000,101.2111,N
20201217441 - 00,20201210,죽산지구 단위종합복구사업 기본 및 실시설계용역,경기도 안성시,PQ,1323623400,1343166775,101.4765057,이산+KSM,99.34,1037000000,99.8987,N
20201217441 - 00,20201210,죽산지구 단위종합복구사업 기본 및 실시설계용역,경기도 안성시,PQ,1323623400,1343166775,101.4765057,한종+건일+한맥,98.95,1030900000,98.9955,N
20201217441 - 00,20201210,죽산지구 단위종합복구사업 기본 및 실시설계용역,경기도 안성시,PQ,1323623400,1343166775,101.4765057,동부+천진,98.39,1060257000,101.3508,N
20201217441 - 00,20201210,죽산지구 단위종합복구사업 기본 및 실시설계용역,경기도 안성시,PQ,1323623400,1343166775,101.4765057,수성+건화+유현,98.33,1033890000,98.7929,N
20201217441 - 00,20201210,죽산지구 단위종합복구사업 기본 및 실시설계용역,경기도 안성시,PQ,1323623400,1343166775,101.4765057,삼안+KCI,97.56,1065350000,101.1593,N
20201217441 - 00,20201210,죽산지구 단위종합복구사업 기본 및 실시설계용역,경기도 안성시,PQ,1323623400,1343166775,101.4765057,평화+용마+경호,97.43,1070700000,101.5652,Y
20201217441 - 00,20201210,죽산지구 단위종합복구사업 기본 및 실시설계용역,경기도 안성시,PQ,1323623400,1343166775,101.4765057,유신+동명+화성,97,1075862000,101.71,N
2005329 - 00,20201211,대구국가산업단지 개발사업 2021년 사후환경영향조사(공사시) 용역,한국토지주택공사,PQ,895103000,886895000,99.08301056,동일+CNS,99.27,763300000,99.5216,N
2005329 - 00,20201211,대구국가산업단지 개발사업 2021년 사후환경영향조사(공사시) 용역,한국토지주택공사,PQ,895103000,886895000,99.08301056,KG+삼안+다산+엔탑,99.27,762214000,99.38,Y
2005329 - 00,20201211,대구국가산업단지 개발사업 2021년 사후환경영향조사(공사시) 용역,한국토지주택공사,PQ,895103000,886895000,99.08301056,평화+이산+휴먼,99.27,768700000,100.2257,N
2005329 - 00,20201211,대구국가산업단지 개발사업 2021년 사후환경영향조사(공사시) 용역,한국토지주택공사,PQ,895103000,886895000,99.08301056,동명+예평+동진,99.26,766740000,99.9701,N
2005329 - 00,20201211,대구국가산업단지 개발사업 2021년 사후환경영향조사(공사시) 용역,한국토지주택공사,PQ,895103000,886895000,99.08301056,건화+우신,99.24,770800000,100.4995,N
2005329 - 00,20201211,대구국가산업단지 개발사업 2021년 사후환경영향조사(공사시) 용역,한국토지주택공사,PQ,895103000,886895000,99.08301056,동성+DS,99.24,765128000,99.76,N
2005329 - 00,20201211,대구국가산업단지 개발사업 2021년 사후환경영향조사(공사시) 용역,한국토지주택공사,PQ,895103000,886895000,99.08301056,수성+보드플랜+대콘,99.24,770649000,100.4798,N
2005329 - 00,20201211,대구국가산업단지 개발사업 2021년 사후환경영향조사(공사시) 용역,한국토지주택공사,PQ,895103000,886895000,99.08301056,천일+대영+강호,99.24,766480000,99.9362,N
2005329 - 00,20201211,대구국가산업단지 개발사업 2021년 사후환경영향조사(공사시) 용역,한국토지주택공사,PQ,895103000,886895000,99.08301056,홍익+신성+중천,99.24,771877000,100.6399,N
2005329 - 00,20201211,대구국가산업단지 개발사업 2021년 사후환경영향조사(공사시) 용역,한국토지주택공사,PQ,895103000,886895000,99.08301056,선진+한맥+한국환경,99.23,763590000,99.5478,N
2005329 - 00,20201211,대구국가산업단지 개발사업 2021년 사후환경영향조사(공사시) 용역,한국토지주택공사,PQ,895103000,886895000,99.08301056,동아+경동+혜인+신일,99.23,770120000,100.3991,N
2005329 - 00,20201211,대구국가산업단지 개발사업 2021년 사후환경영향조사(공사시) 용역,한국토지주택공사,PQ,895103000,886895000,99.08301056,유신+레오,99.18,771444000,100.56,N
2005329 - 00,20201211,대구국가산업단지 개발사업 2021년 사후환경영향조사(공사시) 용역,한국토지주택공사,PQ,895103000,886895000,99.08301056,도화+대현종합,99.13,762280000,99.3538,N
2005329 - 00,20201211,대구국가산업단지 개발사업 2021년 사후환경영향조사(공사시) 용역,한국토지주택공사,PQ,895103000,886895000,99.08301056,세광+제일+효산,98.27,777577500,101.0882,N
2005329 - 00,20201211,대구국가산업단지 개발사업 2021년 사후환경영향조사(공사시) 용역,한국토지주택공사,PQ,895103000,886895000,99.08301056,서영+퍼스트,97.71,790000000,102.5362,N
20201220158 - 00,20201211,구례 하수처리시설 및 분뇨·가축분뇨 처리시설 재해복구사업기본 및 실시설계 용역,전라남도 구례군 상하수도사업소,PQ,1954000000,1943292125,99.4520023,도화+우리+동명,98.45,1551530000,100.5162,N
20201220158 - 00,20201211,구례 하수처리시설 및 분뇨·가축분뇨 처리시설 재해복구사업기본 및 실시설계 용역,전라남도 구례군 상하수도사업소,PQ,1954000000,1943292125,99.4520023,건화+신오(테크피아+서진),97.6,0,0,N
20201220158 - 00,20201211,구례 하수처리시설 및 분뇨·가축분뇨 처리시설 재해복구사업기본 및 실시설계 용역,전라남도 구례군 상하수도사업소,PQ,1954000000,1943292125,99.4520023,이산+한기+KG,97.6,1550999000,99.7996,N
20201220158 - 00,20201211,구례 하수처리시설 및 분뇨·가축분뇨 처리시설 재해복구사업기본 및 실시설계 용역,전라남도 구례군 상하수도사업소,PQ,1954000000,1943292125,99.4520023,범한+신명,97.6,1538600000,99.0018,N
20201220158 - 00,20201211,구례 하수처리시설 및 분뇨·가축분뇨 처리시설 재해복구사업기본 및 실시설계 용역,전라남도 구례군 상하수도사업소,PQ,1954000000,1943292125,99.4520023,삼안+평화,97.6,1545500000,99.4457,N
20201220158 - 00,20201211,구례 하수처리시설 및 분뇨·가축분뇨 처리시설 재해복구사업기본 및 실시설계 용역,전라남도 구례군 상하수도사업소,PQ,1954000000,1943292125,99.4520023,유신+하이콘+동아,97.6,1537718000,98.945,N
20201220158 - 00,20201211,구례 하수처리시설 및 분뇨·가축분뇨 처리시설 재해복구사업기본 및 실시설계 용역,전라남도 구례군 상하수도사업소,PQ,1954000000,1943292125,99.4520023,한종+우영,97.59,1549700000,99.7035,Y
20201220158 - 00,20201211,구례 하수처리시설 및 분뇨·가축분뇨 처리시설 재해복구사업기본 및 실시설계 용역,전라남도 구례군 상하수도사업소,PQ,1954000000,1943292125,99.4520023,수성+원우+경동,97.53,1537514000,98.8697,N
20201220158 - 00,20201211,구례 하수처리시설 및 분뇨·가축분뇨 처리시설 재해복구사업기본 및 실시설계 용역,전라남도 구례군 상하수도사업소,PQ,1954000000,1943292125,99.4520023,제일+우빈+정,97.45,1580970000,101.6003,N
20201220158 - 00,20201211,구례 하수처리시설 및 분뇨·가축분뇨 처리시설 재해복구사업기본 및 실시설계 용역,전라남도 구례군 상하수도사업소,PQ,1954000000,1943292125,99.4520023,선진+건영+서영,97.06,1878000000,120.3111,N
,20201209,새만금 수상태양광(300MW) 및 계통연계(1.2GW) 공사 건설사업관리용역,새만금솔라파워(주),PQ,9203700000,9251559240,100.52,휴먼텍+도화+국성,100,0,0,N
,20201209,새만금 수상태양광(300MW) 및 계통연계(1.2GW) 공사 건설사업관리용역,새만금솔라파워(주),PQ,9203700000,9251559240,100.52,신한건축+유신+건원,99.6,0,0,N
,20201209,새만금 수상태양광(300MW) 및 계통연계(1.2GW) 공사 건설사업관리용역,새만금솔라파워(주),PQ,9203700000,9251559240,100.52,삼안+대림+건화,99.2,0,0,N
,20201209,새만금 수상태양광(300MW) 및 계통연계(1.2GW) 공사 건설사업관리용역,새만금솔라파워(주),PQ,9203700000,9251559240,100.52,한미글로벌+한종+전일,98.8,7700000000,103.5485,Y
20201222049 - 00,20201214,평화교 개설공사 실시설계용역,강원도 양구군,PQ,340834000,345863075,101.4755203,경원+동명,100,295270000,99.8693,N
20201222049 - 00,20201214,평화교 개설공사 실시설계용역,강원도 양구군,PQ,340834000,345863075,101.4755203,극동+강원길,100,297489000,100.6198,N
20201222049 - 00,20201214,평화교 개설공사 실시설계용역,강원도 양구군,PQ,340834000,345863075,101.4755203,다산+정,100,293351000,99.2202,N
20201222049 - 00,20201214,평화교 개설공사 실시설계용역,강원도 양구군,PQ,340834000,345863075,101.4755203,동성+고려,100,294355000,99.5598,N
20201222049 - 00,20201214,평화교 개설공사 실시설계용역,강원도 양구군,PQ,340834000,345863075,101.4755203,드림+성우,100,296940000,100.4341,N
20201222049 - 00,20201214,평화교 개설공사 실시설계용역,강원도 양구군,PQ,340834000,345863075,101.4755203,바우+진화,100,294500000,99.6089,N
20201222049 - 00,20201214,평화교 개설공사 실시설계용역,강원도 양구군,PQ,340834000,345863075,101.4755203,유신+일신,100,296632000,100.33,N
20201222049 - 00,20201214,평화교 개설공사 실시설계용역,강원도 양구군,PQ,340834000,345863075,101.4755203,제일+국일,100,295330000,99.8896,N
20201222049 - 00,20201214,평화교 개설공사 실시설계용역,강원도 양구군,PQ,340834000,345863075,101.4755203,홍익+서광+청솔,100,294828000,99.7198,N
20201222049 - 00,20201214,평화교 개설공사 실시설계용역,강원도 양구군,PQ,340834000,345863075,101.4755203,KG+삼경,100,298967000,101.1197,N
20201222049 - 00,20201214,평화교 개설공사 실시설계용역,강원도 양구군,PQ,340834000,345863075,101.4755203,경동+동남,100,294117000,99.4793,N
20201222049 - 00,20201214,평화교 개설공사 실시설계용역,강원도 양구군,PQ,340834000,345863075,101.4755203,평화+한울,100,295870000,100.0722,N
20201222049 - 00,20201214,평화교 개설공사 실시설계용역,강원도 양구군,PQ,340834000,345863075,101.4755203,한종+정원,100,293880000,99.3991,N
20201222049 - 00,20201214,평화교 개설공사 실시설계용역,강원도 양구군,PQ,340834000,345863075,101.4755203,화신+동일,99.9,297588000,100.6417,N
20201222049 - 00,20201214,평화교 개설공사 실시설계용역,강원도 양구군,PQ,340834000,345863075,101.4755203,한맥+삼주,99.85,297155000,100.4837,N
20201222049 - 00,20201214,평화교 개설공사 실시설계용역,강원도 양구군,PQ,340834000,345863075,101.4755203,삼안+동서,99.77,299420000,101.2496,N
20201222049 - 00,20201214,평화교 개설공사 실시설계용역,강원도 양구군,PQ,340834000,345863075,101.4755203,건화+대성,99.46,299420000,101.2146,N
20201222049 - 00,20201214,평화교 개설공사 실시설계용역,강원도 양구군,PQ,340834000,345863075,101.4755203,경호+미래,99.42,292700000,98.943,N
20201222049 - 00,20201214,평화교 개설공사 실시설계용역,강원도 양구군,PQ,340834000,345863075,101.4755203,서영+동해,99.39,298500000,100.892,N
20201222049 - 00,20201214,평화교 개설공사 실시설계용역,강원도 양구군,PQ,340834000,345863075,101.4755203,이산+지오,99.05,299500000,101.195,N
20201222049 - 00,20201214,평화교 개설공사 실시설계용역,강원도 양구군,PQ,340834000,345863075,101.4755203,도화+현산,98.95,300350000,101.4822,Y
20201222049 - 00,20201214,평화교 개설공사 실시설계용역,강원도 양구군,PQ,340834000,345863075,101.4755203,삼보+대상,98.52,297590000,100.5034,N
20201222049 - 00,20201214,평화교 개설공사 실시설계용역,강원도 양구군,PQ,340834000,345863075,101.4755203,동부+하나,98.5,299365000,101.1028,N
20201222049 - 00,20201214,평화교 개설공사 실시설계용역,강원도 양구군,PQ,340834000,345863075,101.4755203,천일+서윤,98.03,301000000,101.6082,N
20201222566 - 00,20201214,삼천포지구(2단계) 하수관로 정비사업 건설사업관리용역,경상남도 사천시,PQ,3566959000,3533545575,99.06325178,동명+천진,100,2594589000,99.65,N
20201222566 - 00,20201214,삼천포지구(2단계) 하수관로 정비사업 건설사업관리용역,경상남도 사천시,PQ,3566959000,3533545575,99.06325178,삼안+범한+경화,100,2626690000,100.8829,N
20201222566 - 00,20201214,삼천포지구(2단계) 하수관로 정비사업 건설사업관리용역,경상남도 사천시,PQ,3566959000,3533545575,99.06325178,서영+우리+아이엔지,100,2607607000,100.15,N
20201222566 - 00,20201214,삼천포지구(2단계) 하수관로 정비사업 건설사업관리용역,경상남도 사천시,PQ,3566959000,3533545575,99.06325178,도화+수성+한올,99.86,2592300000,99.4395,Y
20201222566 - 00,20201214,삼천포지구(2단계) 하수관로 정비사업 건설사업관리용역,경상남도 사천시,PQ,3566959000,3533545575,99.06325178,건화+우진,99.4,0,0,N
20201222566 - 00,20201214,삼천포지구(2단계) 하수관로 정비사업 건설사업관리용역,경상남도 사천시,PQ,3566959000,3533545575,99.06325178,한종+KSM+로텍,99.23,2643500000,100.8378,N
20201222566 - 00,20201214,삼천포지구(2단계) 하수관로 정비사업 건설사업관리용역,경상남도 사천시,PQ,3566959000,3533545575,99.06325178,극동+서화+진화,99.16,2654700000,101.21,N
20201222566 - 00,20201214,삼천포지구(2단계) 하수관로 정비사업 건설사업관리용역,경상남도 사천시,PQ,3566959000,3533545575,99.06325178,경동+혜인+하우,99,2588680000,98.5589,N
20201222566 - 00,20201214,삼천포지구(2단계) 하수관로 정비사업 건설사업관리용역,경상남도 사천시,PQ,3566959000,3533545575,99.06325178,이산+신화,98.93,2588800000,98.4966,N
20201222566 - 00,20201214,삼천포지구(2단계) 하수관로 정비사업 건설사업관리용역,경상남도 사천시,PQ,3566959000,3533545575,99.06325178,삼보+주원,98.9,2657400000,101.0792,N
20201222566 - 00,20201214,삼천포지구(2단계) 하수관로 정비사업 건설사업관리용역,경상남도 사천시,PQ,3566959000,3533545575,99.06325178,경원+동영+정,98.89,2645444000,100.6108,N
20201222566 - 00,20201214,삼천포지구(2단계) 하수관로 정비사업 건설사업관리용역,경상남도 사천시,PQ,3566959000,3533545575,99.06325178,KG+한성+평화+삼우,98.88,2595730000,98.7201,N
20201222566 - 00,20201214,삼천포지구(2단계) 하수관로 정비사업 건설사업관리용역,경상남도 사천시,PQ,3566959000,3533545575,99.06325178,동부+태일,98.77,2672681000,101.5502,N
20201222566 - 00,20201214,삼천포지구(2단계) 하수관로 정비사업 건설사업관리용역,경상남도 사천시,PQ,3566959000,3533545575,99.06325178,동성+HEC+유신,98.62,2682300000,101.7778,N
20201222566 - 00,20201214,삼천포지구(2단계) 하수관로 정비사업 건설사업관리용역,경상남도 사천시,PQ,3566959000,3533545575,99.06325178,경호+현진+동일,98.56,2680800000,101.6658,N
20201222566 - 00,20201214,삼천포지구(2단계) 하수관로 정비사업 건설사업관리용역,경상남도 사천시,PQ,3566959000,3533545575,99.06325178,대콘+재화,98.55,2665800000,101.097,N
20201222566 - 00,20201214,삼천포지구(2단계) 하수관로 정비사업 건설사업관리용역,경상남도 사천시,PQ,3566959000,3533545575,99.06325178,선진+천일+한가람+금성,98.53,2682400000,101.699,N
20201222566 - 00,20201214,삼천포지구(2단계) 하수관로 정비사업 건설사업관리용역,경상남도 사천시,PQ,3566959000,3533545575,99.06325178,신명+우정+건양,98.48,2683515000,101.7,N
20201222566 - 00,20201214,삼천포지구(2단계) 하수관로 정비사업 건설사업관리용역,경상남도 사천시,PQ,3566959000,3533545575,99.06325178,제일+하나+동해+한도,98.4,2701000000,102.2935,N
20201229233 - 00,20201217,"구성·창용, 신봉지구 소규모공공하수처리시설사업 기본 및 실시설계 용역",충청남도 아산시,PQ,591600000,586630625,99.16001099,도화+드림,98.5,511770000,100.7936,N
20201229233 - 00,20201217,"구성·창용, 신봉지구 소규모공공하수처리시설사업 기본 및 실시설계 용역",충청남도 아산시,PQ,591600000,586630625,99.16001099,선진+바셈,98.1,507560000,99.8597,N
20201229233 - 00,20201217,"구성·창용, 신봉지구 소규모공공하수처리시설사업 기본 및 실시설계 용역",충청남도 아산시,PQ,591600000,586630625,99.16001099,홍익+계림,98.05,511890000,100.6999,N
20201229233 - 00,20201217,"구성·창용, 신봉지구 소규모공공하수처리시설사업 기본 및 실시설계 용역",충청남도 아산시,PQ,591600000,586630625,99.16001099,삼안+한맥,98.01,509300000,100.1787,N
20201229233 - 00,20201217,"구성·창용, 신봉지구 소규모공공하수처리시설사업 기본 및 실시설계 용역",충청남도 아산시,PQ,591600000,586630625,99.16001099,KG+우리,97.97,513380000,100.9695,N
20201229233 - 00,20201217,"구성·창용, 신봉지구 소규모공공하수처리시설사업 기본 및 실시설계 용역",충청남도 아산시,PQ,591600000,586630625,99.16001099,건화+수성E,97.97,505300000,99.3803,N
20201229233 - 00,20201217,"구성·창용, 신봉지구 소규모공공하수처리시설사업 기본 및 실시설계 용역",충청남도 아산시,PQ,591600000,586630625,99.16001099,범한+세일,97.9,505264000,99.3501,Y
20201229233 - 00,20201217,"구성·창용, 신봉지구 소규모공공하수처리시설사업 기본 및 실시설계 용역",충청남도 아산시,PQ,591600000,586630625,99.16001099,동명+경동,97.75,514200000,101.072,N
20201229233 - 00,20201217,"구성·창용, 신봉지구 소규모공공하수처리시설사업 기본 및 실시설계 용역",충청남도 아산시,PQ,591600000,586630625,99.16001099,건양+송현,97.7,502699000,98.7998,N
20201229233 - 00,20201217,"구성·창용, 신봉지구 소규모공공하수처리시설사업 기본 및 실시설계 용역",충청남도 아산시,PQ,591600000,586630625,99.16001099,제일+기산,97.56,515600000,101.3,N
20201229233 - 00,20201217,"구성·창용, 신봉지구 소규모공공하수처리시설사업 기본 및 실시설계 용역",충청남도 아산시,PQ,591600000,586630625,99.16001099,한종+천마,97.54,513115000,100.8001,N
20201229233 - 00,20201217,"구성·창용, 신봉지구 소규모공공하수처리시설사업 기본 및 실시설계 용역",충청남도 아산시,PQ,591600000,586630625,99.16001099,이산+장맥,97.52,508300000,99.8542,N
20201229233 - 00,20201217,"구성·창용, 신봉지구 소규모공공하수처리시설사업 기본 및 실시설계 용역",충청남도 아산시,PQ,591600000,586630625,99.16001099,화신+동양,97.39,502857000,98.7505,N
20201229233 - 00,20201217,"구성·창용, 신봉지구 소규모공공하수처리시설사업 기본 및 실시설계 용역",충청남도 아산시,PQ,591600000,586630625,99.16001099,HEC+세종,97.24,505000000,99.1368,N
20201229233 - 00,20201217,"구성·창용, 신봉지구 소규모공공하수처리시설사업 기본 및 실시설계 용역",충청남도 아산시,PQ,591600000,586630625,99.16001099,경호+강호,96,524000000,102.5451,N
20201229654 - 00,20201217,담양읍 하수도정비 중점관리지역 침수예방사업 등 3개사업 기본 및 실시설계용역,전라남도 담양군,PQ,2416116000,2444396700,101.1705026,도화+우리+동아,99.84,1908300000,101.123,N
20201229654 - 00,20201217,담양읍 하수도정비 중점관리지역 침수예방사업 등 3개사업 기본 및 실시설계용역,전라남도 담양군,PQ,2416116000,2444396700,101.1705026,범한+신명,97.8,1900910000,99.0823,N
20201229654 - 00,20201217,담양읍 하수도정비 중점관리지역 침수예방사업 등 3개사업 기본 및 실시설계용역,전라남도 담양군,PQ,2416116000,2444396700,101.1705026,동명+원우,97.8,1900800000,99.0765,N
20201229654 - 00,20201217,담양읍 하수도정비 중점관리지역 침수예방사업 등 3개사업 기본 및 실시설계용역,전라남도 담양군,PQ,2416116000,2444396700,101.1705026,삼안+평화+경동,97.8,1895300000,98.7899,N
20201229654 - 00,20201217,담양읍 하수도정비 중점관리지역 침수예방사업 등 3개사업 기본 및 실시설계용역,전라남도 담양군,PQ,2416116000,2444396700,101.1705026,선진+건영+서영,97.72,1899180000,98.9298,N
20201229654 - 00,20201217,담양읍 하수도정비 중점관리지역 침수예방사업 등 3개사업 기본 및 실시설계용역,전라남도 담양군,PQ,2416116000,2444396700,101.1705026,건화+한기(서진),97.7,0,0,N
20201229654 - 00,20201217,담양읍 하수도정비 중점관리지역 침수예방사업 등 3개사업 기본 및 실시설계용역,전라남도 담양군,PQ,2416116000,2444396700,101.1705026,이산+하이콘,97.7,1895000000,98.6872,N
20201229654 - 00,20201217,담양읍 하수도정비 중점관리지역 침수예방사업 등 3개사업 기본 및 실시설계용역,전라남도 담양군,PQ,2416116000,2444396700,101.1705026,제일+우영+정,97.7,1945170000,101.3,Y
20201229654 - 00,20201217,담양읍 하수도정비 중점관리지역 침수예방사업 등 3개사업 기본 및 실시설계용역,전라남도 담양군,PQ,2416116000,2444396700,101.1705026,한종+신오,97.55,1892500000,98.4455,N
20201229654 - 00,20201217,담양읍 하수도정비 중점관리지역 침수예방사업 등 3개사업 기본 및 실시설계용역,전라남도 담양군,PQ,2416116000,2444396700,101.1705026,KG+우빈,98.3,1952090000,101.5198,N
20201229654 - 00,20201217,담양읍 하수도정비 중점관리지역 침수예방사업 등 3개사업 기본 및 실시설계용역,전라남도 담양군,PQ,2416116000,2444396700,101.1705026,화신+영진+국성건설,96.68,2277000000,116.8895,N
20201229828 - 00,20201217,신광·만봉천 재해(개선)복구사업 기본 및 실시설계용역,전라남도 나주시,PQ,1873201000,1866593325,99.64725222,평화+동명+보원+청명,98.44,1488700000,100.6058,N
20201229828 - 00,20201217,신광·만봉천 재해(개선)복구사업 기본 및 실시설계용역,전라남도 나주시,PQ,1873201000,1866593325,99.64725222,유신+건일+우리,97.39,1487398000,99.66,Y
20201229828 - 00,20201217,신광·만봉천 재해(개선)복구사업 기본 및 실시설계용역,전라남도 나주시,PQ,1873201000,1866593325,99.64725222,도화+하이콘+동진+동해,97.36,1511200000,101.2421,N
20201229828 - 00,20201217,신광·만봉천 재해(개선)복구사업 기본 및 실시설계용역,전라남도 나주시,PQ,1873201000,1866593325,99.64725222,삼안+KCI+동아,97.24,1479214000,98.9998,N
20201229828 - 00,20201217,신광·만봉천 재해(개선)복구사업 기본 및 실시설계용역,전라남도 나주시,PQ,1873201000,1866593325,99.64725222,이산+우영,96.9,1480500000,98.8133,N
20201229828 - 00,20201217,신광·만봉천 재해(개선)복구사업 기본 및 실시설계용역,전라남도 나주시,PQ,1873201000,1866593325,99.64725222,동부+신오,96.82,1521564000,101.4906,N
20201229828 - 00,20201217,신광·만봉천 재해(개선)복구사업 기본 및 실시설계용역,전라남도 나주시,PQ,1873201000,1866593325,99.64725222,한종+우빈+우현,96.46,1526100000,101.5015,N
20201229828 - 00,20201217,신광·만봉천 재해(개선)복구사업 기본 및 실시설계용역,전라남도 나주시,PQ,1873201000,1866593325,99.64725222,화신+KG+산이,95.9,1779540000,117.8294,N
20201229828 - 00,20201217,신광·만봉천 재해(개선)복구사업 기본 및 실시설계용역,전라남도 나주시,PQ,1873201000,1866593325,99.64725222,건화+KSM+원우(금양+씨와이),95.75,0,0,N
20201230306 - 01,20201218,김해시 내덕지구 도시침수 예방사업 기본 및 실시설계 용역,경상남도 김해시,PQ,1246476000,1228461350,98.55475356,삼안+수성+금성,98.33,990000000,100.4539,N
20201230306 - 01,20201218,김해시 내덕지구 도시침수 예방사업 기본 및 실시설계 용역,경상남도 김해시,PQ,1246476000,1228461350,98.55475356,한종+KSM+우진,98.26,984852000,99.8684,N
20201230306 - 01,20201218,김해시 내덕지구 도시침수 예방사업 기본 및 실시설계 용역,경상남도 김해시,PQ,1246476000,1228461350,98.55475356,도화+한성,98.2,983850000,99.7164,N
20201230306 - 01,20201218,김해시 내덕지구 도시침수 예방사업 기본 및 실시설계 용역,경상남도 김해시,PQ,1246476000,1228461350,98.55475356,제일+동명+HEC,98.02,997700000,100.9798,N
20201230306 - 01,20201218,김해시 내덕지구 도시침수 예방사업 기본 및 실시설계 용역,경상남도 김해시,PQ,1246476000,1228461350,98.55475356,이산+신화+하이콘,97.78,982200000,99.2108,N
20201230306 - 01,20201218,김해시 내덕지구 도시침수 예방사업 기본 및 실시설계 용역,경상남도 김해시,PQ,1246476000,1228461350,98.55475356,경동+하우+대성,97.72,978898000,98.8399,Y
20201230306 - 01,20201218,김해시 내덕지구 도시침수 예방사업 기본 및 실시설계 용역,경상남도 김해시,PQ,1246476000,1228461350,98.55475356,범한+정,97.67,982150000,99.1184,N
20201230306 - 01,20201218,김해시 내덕지구 도시침수 예방사업 기본 및 실시설계 용역,경상남도 김해시,PQ,1246476000,1228461350,98.55475356,유신+천진,97.41,1010405000,101.765,N
20201230306 - 01,20201218,김해시 내덕지구 도시침수 예방사업 기본 및 실시설계 용역,경상남도 김해시,PQ,1246476000,1228461350,98.55475356,KG+서화+수성E,97.13,982982000,98.7798,N
20201230306 - 01,20201218,김해시 내덕지구 도시침수 예방사업 기본 및 실시설계 용역,경상남도 김해시,PQ,1246476000,1228461350,98.55475356,건화+경화,97.77,1016000000,101.9828,N
20201230306 - 01,20201218,김해시 내덕지구 도시침수 예방사업 기본 및 실시설계 용역,경상남도 김해시,PQ,1246476000,1228461350,98.55475356,화신+혜인+로텍+국성,96.91,1015040000,101.1902,N
20201231510 - 00,20201218,2016년 제18호 태풍 차바 재해복구사업 분석·평가 용역,울산광역시 북구,PQ,399190000,399206025,100.0040144,도화+KSM,98.27,348240000,100.3932,N
20201231510 - 00,20201218,2016년 제18호 태풍 차바 재해복구사업 분석·평가 용역,울산광역시 북구,PQ,399190000,399206025,100.0040144,동부+경화,97.94,347699000,100.2026,Y
20201231510 - 00,20201218,2016년 제18호 태풍 차바 재해복구사업 분석·평가 용역,울산광역시 북구,PQ,399190000,399206025,100.0040144,다산+제일,97.55,349719000,100.75,N
20201231510 - 00,20201218,2016년 제18호 태풍 차바 재해복구사업 분석·평가 용역,울산광역시 북구,PQ,399190000,399206025,100.0040144,유신+화성,97.28,0,0,N
20201231510 - 00,20201218,2016년 제18호 태풍 차바 재해복구사업 분석·평가 용역,울산광역시 북구,PQ,399190000,399206025,100.0040144,KG+동진,96.98,344260000,99.1203,N
20201231510 - 00,20201218,2016년 제18호 태풍 차바 재해복구사업 분석·평가 용역,울산광역시 북구,PQ,399190000,399206025,100.0040144,동성+진화,96.74,344200000,99.0803,N
20201231510 - 00,20201218,2016년 제18호 태풍 차바 재해복구사업 분석·평가 용역,울산광역시 북구,PQ,399190000,399206025,100.0040144,서영+강동건설,95.53,353800000,101.7268,N
2005466 - 00,20201218,순천 도시첨단산업단지 사후환경조사용역(공사시),한국토지주택공사,PQ,650540000,651661000,100.1723184,서영+퍼스트,99.8,557100000,100.107,N
2005466 - 00,20201218,순천 도시첨단산업단지 사후환경조사용역(공사시),한국토지주택공사,PQ,650540000,651661000,100.1723184,이산+혜인+휴먼,99.27,556848000,99.8982,N
2005466 - 00,20201218,순천 도시첨단산업단지 사후환경조사용역(공사시),한국토지주택공사,PQ,650540000,651661000,100.1723184,KG+한백+CNS,99.27,554290000,99.4393,N
2005466 - 00,20201218,순천 도시첨단산업단지 사후환경조사용역(공사시),한국토지주택공사,PQ,650540000,651661000,100.1723184,선진+예평+한국환경,99.24,554790000,99.529,N
2005466 - 00,20201218,순천 도시첨단산업단지 사후환경조사용역(공사시),한국토지주택공사,PQ,650540000,651661000,100.1723184,도화+신일,99.24,554100000,99.4053,N
2005466 - 00,20201218,순천 도시첨단산업단지 사후환경조사용역(공사시),한국토지주택공사,PQ,650540000,651661000,100.1723184,동성+DS,99.24,560425000,100.54,N
2005466 - 00,20201218,순천 도시첨단산업단지 사후환경조사용역(공사시),한국토지주택공사,PQ,650540000,651661000,100.1723184,동아+경동+강호,99.24,556800000,99.8896,N
2005466 - 00,20201218,순천 도시첨단산업단지 사후환경조사용역(공사시),한국토지주택공사,PQ,650540000,651661000,100.1723184,홍익+신성+중천,99.24,556690000,99.8699,N
2005466 - 00,20201218,순천 도시첨단산업단지 사후환경조사용역(공사시),한국토지주택공사,PQ,650540000,651661000,100.1723184,동일+다원,99.24,557400000,99.9973,N
2005466 - 00,20201218,순천 도시첨단산업단지 사후환경조사용역(공사시),한국토지주택공사,PQ,650540000,651661000,100.1723184,수성+보드플랜+엔탑,99.21,561330000,100.6906,N
2005466 - 00,20201218,순천 도시첨단산업단지 사후환경조사용역(공사시),한국토지주택공사,PQ,650540000,651661000,100.1723184,유신+레오,99.18,556151000,99.7499,N
2005466 - 00,20201218,순천 도시첨단산업단지 사후환경조사용역(공사시),한국토지주택공사,PQ,650540000,651661000,100.1723184,건화+우신,99.07,559900000,100.3872,Y
2005466 - 00,20201218,순천 도시첨단산업단지 사후환경조사용역(공사시),한국토지주택공사,PQ,650540000,651661000,100.1723184,다산+삼안+한경,98.99,554244000,99.3499,N
2005466 - 00,20201218,순천 도시첨단산업단지 사후환경조사용역(공사시),한국토지주택공사,PQ,650540000,651661000,100.1723184,세광+제일+대현,98.81,564450000,101.1322,N
2005421 - 00,20201221,대전동구 공공주택지구 조사설계용역,한국토지주택공사,PQ,693132000,697681000,100.6562963,동일+유신+고산,99.41,595000000,100.2303,N
2005421 - 00,20201221,대전동구 공공주택지구 조사설계용역,한국토지주택공사,PQ,693132000,697681000,100.6562963,건화+천마,97.69,594700000,99.6793,N
2005421 - 00,20201221,대전동구 공공주택지구 조사설계용역,한국토지주택공사,PQ,693132000,697681000,100.6562963,수성+도화+성우,97.07,598499000,100.1299,N
2005420 - 00,20201221,인천 루원시티 핵심시설 설치공사 시공단계 감독권한대행 등 건설사업관리용역,한국토지주택공사,PQ,1631557000,1621473000,99.38194007,수성+도화,100,1314289999,100.6992,N
2005420 - 00,20201221,인천 루원시티 핵심시설 설치공사 시공단계 감독권한대행 등 건설사업관리용역,한국토지주택공사,PQ,1631557000,1621473000,99.38194007,동일+동명,99.7,1310800000,100.1689,N
2005420 - 00,20201221,인천 루원시티 핵심시설 설치공사 시공단계 감독권한대행 등 건설사업관리용역,한국토지주택공사,PQ,1631557000,1621473000,99.38194007,신성,99.63,1304580000,99.6314,Y
2005420 - 00,20201221,인천 루원시티 핵심시설 설치공사 시공단계 감독권한대행 등 건설사업관리용역,한국토지주택공사,PQ,1631557000,1621473000,99.38194007,용마+삼보,99.43,1324840000,101.0025,N
2005420 - 00,20201221,인천 루원시티 핵심시설 설치공사 시공단계 감독권한대행 등 건설사업관리용역,한국토지주택공사,PQ,1631557000,1621473000,99.38194007,이산+KCI,99.17,1304280000,99.2006,N
2005420 - 00,20201221,인천 루원시티 핵심시설 설치공사 시공단계 감독권한대행 등 건설사업관리용역,한국토지주택공사,PQ,1631557000,1621473000,99.38194007,건화,99.07,1330600000,101.1146,N
2005420 - 00,20201221,인천 루원시티 핵심시설 설치공사 시공단계 감독권한대행 등 건설사업관리용역,한국토지주택공사,PQ,1631557000,1621473000,99.38194007,신명,99.07,1302302000,98.9642,N
2005420 - 00,20201221,인천 루원시티 핵심시설 설치공사 시공단계 감독권한대행 등 건설사업관리용역,한국토지주택공사,PQ,1631557000,1621473000,99.38194007,한종,99.03,1325000000,100.6641,N
2005420 - 00,20201221,인천 루원시티 핵심시설 설치공사 시공단계 감독권한대행 등 건설사업관리용역,한국토지주택공사,PQ,1631557000,1621473000,99.38194007,KG,98.97,1306640000,99.2078,N
2005420 - 00,20201221,인천 루원시티 핵심시설 설치공사 시공단계 감독권한대행 등 건설사업관리용역,한국토지주택공사,PQ,1631557000,1621473000,99.38194007,서영,98.83,1294000000,98.1386,N
2005420 - 00,20201221,인천 루원시티 핵심시설 설치공사 시공단계 감독권한대행 등 건설사업관리용역,한국토지주택공사,PQ,1631557000,1621473000,99.38194007,유신+일신,98.63,1336386000,101.178,N
2005420 - 00,20201221,인천 루원시티 핵심시설 설치공사 시공단계 감독권한대행 등 건설사업관리용역,한국토지주택공사,PQ,1631557000,1621473000,99.38194007,제일+경원,98.27,1345000000,101.6168,N
2005420 - 00,20201221,인천 루원시티 핵심시설 설치공사 시공단계 감독권한대행 등 건설사업관리용역,한국토지주택공사,PQ,1631557000,1621473000,99.38194007,바우+천일+삼영,97.83,1355000000,101.8825,N
2005420 - 00,20201221,인천 루원시티 핵심시설 설치공사 시공단계 감독권한대행 등 건설사업관리용역,한국토지주택공사,PQ,1631557000,1621473000,99.38194007,동해,97.2,1500000000,112.1795,N
20201233574 - 00,20201221,장평·중곡지구 중점관리지역 침수예방사업 기본 및 실시설계용역,경상남도 거제시,PQ,1981400000,2001258625,101.0022522,삼안+범한+수성,99.76,1560460000,100.7682,N
20201233574 - 00,20201221,장평·중곡지구 중점관리지역 침수예방사업 기본 및 실시설계용역,경상남도 거제시,PQ,1981400000,2001258625,101.0022522,한종+KSM+HEC,98,1559300000,99.2707,N
20201233574 - 00,20201221,장평·중곡지구 중점관리지역 침수예방사업 기본 및 실시설계용역,경상남도 거제시,PQ,1981400000,2001258625,101.0022522,이산+신화,97.94,1586900000,100.9769,N
20201233574 - 00,20201221,장평·중곡지구 중점관리지역 침수예방사업 기본 및 실시설계용역,경상남도 거제시,PQ,1981400000,2001258625,101.0022522,도화+한올,97.93,1587570000,101.0068,Y
20201233574 - 00,20201221,장평·중곡지구 중점관리지역 침수예방사업 기본 및 실시설계용역,경상남도 거제시,PQ,1981400000,2001258625,101.0022522,화신+혜인,97.9,1555480000,98.9402,N
20201233574 - 00,20201221,장평·중곡지구 중점관리지역 침수예방사업 기본 및 실시설계용역,경상남도 거제시,PQ,1981400000,2001258625,101.0022522,동명+로텍,97.85,1552300000,98.7006,N
20201233574 - 00,20201221,장평·중곡지구 중점관리지역 침수예방사업 기본 및 실시설계용역,경상남도 거제시,PQ,1981400000,2001258625,101.0022522,건화+경화,97.8,0,0,N
20201233574 - 00,20201221,장평·중곡지구 중점관리지역 침수예방사업 기본 및 실시설계용역,경상남도 거제시,PQ,1981400000,2001258625,101.0022522,제일+하나+정,97.74,1588900000,100.9387,N
20201233574 - 00,20201221,장평·중곡지구 중점관리지역 침수예방사업 기본 및 실시설계용역,경상남도 거제시,PQ,1981400000,2001258625,101.0022522,KG+한성,97.6,1588200000,100.7801,N
20201233574 - 00,20201221,장평·중곡지구 중점관리지역 침수예방사업 기본 및 실시설계용역,경상남도 거제시,PQ,1981400000,2001258625,101.0022522,경동+하우,97.57,1551899000,98.4518,N
20201233574 - 00,20201221,장평·중곡지구 중점관리지역 침수예방사업 기본 및 실시설계용역,경상남도 거제시,PQ,1981400000,2001258625,101.0022522,유신+천진,97.5,1882100000,119.3396,N
20201235716 - 00,20201222,광주ㆍ용인 공동취수장 개대체(증설)사업 기본 및 실시설계 용역,경기도 광주시,PQ,866080000,868741075,100.3072551,도화+이산,100,747600000,100.9649,Y
20201235716 - 00,20201222,광주ㆍ용인 공동취수장 개대체(증설)사업 기본 및 실시설계 용역,경기도 광주시,PQ,866080000,868741075,100.3072551,한종+범한+정,98.38,741000000,99.654,N
20201235716 - 00,20201222,광주ㆍ용인 공동취수장 개대체(증설)사업 기본 및 실시설계 용역,경기도 광주시,PQ,866080000,868741075,100.3072551,건화+우진,97.96,737900000,99.1331,N
20201235716 - 00,20201222,광주ㆍ용인 공동취수장 개대체(증설)사업 기본 및 실시설계 용역,경기도 광주시,PQ,866080000,868741075,100.3072551,삼안+하이콘,97.78,739970000,99.365,N
20201235716 - 00,20201222,광주ㆍ용인 공동취수장 개대체(증설)사업 기본 및 실시설계 용역,경기도 광주시,PQ,866080000,868741075,100.3072551,유신+선진,97.78,738786000,99.206,N
20201235716 - 00,20201222,광주ㆍ용인 공동취수장 개대체(증설)사업 기본 및 실시설계 용역,경기도 광주시,PQ,866080000,868741075,100.3072551,동명+KG,97.66,738200000,99.0927,N
20201235716 - 00,20201222,광주ㆍ용인 공동취수장 개대체(증설)사업 기본 및 실시설계 용역,경기도 광주시,PQ,866080000,868741075,100.3072551,HEC+서영,97.63,754400000,101.2556,N
20201235716 - 00,20201222,광주ㆍ용인 공동취수장 개대체(증설)사업 기본 및 실시설계 용역,경기도 광주시,PQ,866080000,868741075,100.3072551,경동+경호,97.04,737139000,98.7895,N
20201235222 - 00,20201223,구미시 노후상수도 정비공사 실시설계용역,경상북도 구미시 상하수도사업소,PQ,1517000000,1509168550,99.48375412,도화+태성+한주+강산,100,1193770000,100.8947,Y
20201235222 - 00,20201223,구미시 노후상수도 정비공사 실시설계용역,경상북도 구미시 상하수도사업소,PQ,1517000000,1509168550,99.48375412,건화+명성+삼보(청구+포스),97.75,1190500000,98.7943,N
20201235222 - 00,20201223,구미시 노후상수도 정비공사 실시설계용역,경상북도 구미시 상하수도사업소,PQ,1517000000,1509168550,99.48375412,범한+KCI,97.75,1193000000,99.0018,N
20201235222 - 00,20201223,구미시 노후상수도 정비공사 실시설계용역,경상북도 구미시 상하수도사업소,PQ,1517000000,1509168550,99.48375412,삼안+청우,97.75,1191740000,98.8972,N
20201235222 - 00,20201223,구미시 노후상수도 정비공사 실시설계용역,경상북도 구미시 상하수도사업소,PQ,1517000000,1509168550,99.48375412,이산+세연+청명+하이콘,97.74,1218380000,101.0952,N
20201235222 - 00,20201223,구미시 노후상수도 정비공사 실시설계용역,경상북도 구미시 상하수도사업소,PQ,1517000000,1509168550,99.48375412,유신+한도,97.73,1196292000,99.25,N
20201235222 - 00,20201223,구미시 노후상수도 정비공사 실시설계용역,경상북도 구미시 상하수도사업소,PQ,1517000000,1509168550,99.48375412,KG+한백+대성+수성E,97.71,1191260000,98.8201,N
20201235222 - 00,20201223,구미시 노후상수도 정비공사 실시설계용역,경상북도 구미시 상하수도사업소,PQ,1517000000,1509168550,99.48375412,한종+보람,97.34,1230880000,101.7992,N
20201235222 - 00,20201223,구미시 노후상수도 정비공사 실시설계용역,경상북도 구미시 상하수도사업소,PQ,1517000000,1509168550,99.48375412,화신+주하,96.22,1441000000,118.1249,N
20201236667 - 00,20201223,제부마리나항 사후환경영향조사용역(운영시),경기도 양평군,PQ,1349264000,1338564375,99.20700285,동부+영지,99.5,1061060000,100.4149,N
20201236667 - 00,20201223,제부마리나항 사후환경영향조사용역(운영시),경기도 양평군,PQ,1349264000,1338564375,99.20700285,한맥+대한환경+경원+한국건설,99.16,1057631000,99.81,N
20201236667 - 00,20201223,제부마리나항 사후환경영향조사용역(운영시),경기도 양평군,PQ,1349264000,1338564375,99.20700285,선진+건일+중천,98.97,1067980000,100.6329,N
20201236667 - 00,20201223,제부마리나항 사후환경영향조사용역(운영시),경기도 양평군,PQ,1349264000,1338564375,99.20700285,서영+유일,98.97,1069800000,100.8044,N
20201236667 - 00,20201223,제부마리나항 사후환경영향조사용역(운영시),경기도 양평군,PQ,1349264000,1338564375,99.20700285,이산+한국환경,98.97,1056970000,99.5954,N
20201236667 - 00,20201223,제부마리나항 사후환경영향조사용역(운영시),경기도 양평군,PQ,1349264000,1338564375,99.20700285,신성+우신,98.96,1069720000,100.784,N
20201236667 - 00,20201223,제부마리나항 사후환경영향조사용역(운영시),경기도 양평군,PQ,1349264000,1338564375,99.20700285,KG+다원,98.96,1055880000,99.4801,N
20201236667 - 00,20201223,제부마리나항 사후환경영향조사용역(운영시),경기도 양평군,PQ,1349264000,1338564375,99.20700285,세광+삼안+휴먼,98.96,1065650000,100.4006,N
20201236667 - 00,20201223,제부마리나항 사후환경영향조사용역(운영시),경기도 양평군,PQ,1349264000,1338564375,99.20700285,건화+세일+강호,98.95,1056970000,99.5701,N
20201236667 - 00,20201223,제부마리나항 사후환경영향조사용역(운영시),경기도 양평군,PQ,1349264000,1338564375,99.20700285,동명+아라+엔탑,98.94,1060400000,99.8932,N
20201236667 - 00,20201223,제부마리나항 사후환경영향조사용역(운영시),경기도 양평군,PQ,1349264000,1338564375,99.20700285,동일+원정,98.91,1055000000,99.3593,Y
20201236667 - 00,20201223,제부마리나항 사후환경영향조사용역(운영시),경기도 양평군,PQ,1349264000,1338564375,99.20700285,천일+소운,98.91,1052190000,99.0946,N
20201236667 - 00,20201223,제부마리나항 사후환경영향조사용역(운영시),경기도 양평군,PQ,1349264000,1338564375,99.20700285,동성+연컨설,98.91,1061277000,99.9504,N
20201236667 - 00,20201223,제부마리나항 사후환경영향조사용역(운영시),경기도 양평군,PQ,1349264000,1338564375,99.20700285,동아+퍼스트,98.91,1062800000,100.0939,N
20201236667 - 00,20201223,제부마리나항 사후환경영향조사용역(운영시),경기도 양평군,PQ,1349264000,1338564375,99.20700285,도화+신일,98.91,1051830000,99.0607,N
20201236667 - 00,20201223,제부마리나항 사후환경영향조사용역(운영시),경기도 양평군,PQ,1349264000,1338564375,99.20700285,수성+보드플랜,98.91,1071299000,100.8943,N
20201236667 - 00,20201223,제부마리나항 사후환경영향조사용역(운영시),경기도 양평군,PQ,1349264000,1338564375,99.20700285,홍익+효산+DS,98.88,1047735000,98.65,N
20201236667 - 00,20201223,제부마리나항 사후환경영향조사용역(운영시),경기도 양평군,PQ,1349264000,1338564375,99.20700285,유신+라임+레오,98.88,1062073000,100,N
20201236667 - 00,20201223,제부마리나항 사후환경영향조사용역(운영시),경기도 양평군,PQ,1349264000,1338564375,99.20700285,대영+마린,98.76,1109520000,104.7602,N
20201236667 - 00,20201223,제부마리나항 사후환경영향조사용역(운영시),경기도 양평군,PQ,1349264000,1338564375,99.20700285,평화+청운,98.71,1069000000,100.5117,N
20201236667 - 00,20201223,제부마리나항 사후환경영향조사용역(운영시),경기도 양평군,PQ,1349264000,1338564375,99.20700285,다산+IK,98.51,1049290000,98.4961,N
2020-01366 ,20201223,고속국도 제400호 수도권 제2순환선 안산-인천 건설공사 기본 및 실시설계(1공구) ,한국도로공사,종심제,5688012000,5690941327,100.0515,수성+건화+경원,100,4565770000,80.27,Y
2020-01366 ,20201223,고속국도 제400호 수도권 제2순환선 안산-인천 건설공사 기본 및 실시설계(1공구) ,한국도로공사,종심제,5688012000,5690941327,100.0515,일신+한기+진우,99,4611840000,81.08,N
20201236936 - 00,20201223,화동·장산소하천 개선복구사업 실시설계 용역,전라남도 나주시,PQ,1101759000,1105948475,100.3802533,평화+극동+한올,98.37,875600000,100.5414,Y
20201236936 - 00,20201223,화동·장산소하천 개선복구사업 실시설계 용역,전라남도 나주시,PQ,1101759000,1105948475,100.3802533,한종+우빈,97.7,872120000,99.5999,N
20201236936 - 00,20201223,화동·장산소하천 개선복구사업 실시설계 용역,전라남도 나주시,PQ,1101759000,1105948475,100.3802533,유신+건일,97.69,889633000,101.6,N
20201236936 - 00,20201223,화동·장산소하천 개선복구사업 실시설계 용역,전라남도 나주시,PQ,1101759000,1105948475,100.3802533,삼안+KCI+동아,97.66,868399000,99.15,N
20201236936 - 00,20201223,화동·장산소하천 개선복구사업 실시설계 용역,전라남도 나주시,PQ,1101759000,1105948475,100.3802533,동부+신오,96.65,896698000,101.5508,N
20201236936 - 00,20201223,화동·장산소하천 개선복구사업 실시설계 용역,전라남도 나주시,PQ,1101759000,1105948475,100.3802533,KSM,96.53,872100000,98.6666,N
20201236936 - 00,20201223,화동·장산소하천 개선복구사업 실시설계 용역,전라남도 나주시,PQ,1101759000,1105948475,100.3802533,화신+고려,96.16,950000000,107.1726,N
20201236936 - 00,20201223,화동·장산소하천 개선복구사업 실시설계 용역,전라남도 나주시,PQ,1101759000,1105948475,100.3802533,건화+원우(씨와이+금양),94.91,0,0,N
20201236936 - 00,20201223,화동·장산소하천 개선복구사업 실시설계 용역,전라남도 나주시,PQ,1101759000,1105948475,100.3802533,도화+하이콘+동명+동해,88,990000000,104.8804,N
20201236918 - 00,20201223,호장 자연재해위험개선지구 정비사업 기본 및 실시설계 용역,전라남도 나주시,PQ,1277899000,1261941300,98.75125499,평화+우종+한올,98.88,1012800000,100.6861,N
20201236918 - 00,20201223,호장 자연재해위험개선지구 정비사업 기본 및 실시설계 용역,전라남도 나주시,PQ,1277899000,1261941300,98.75125499,동성+신명,97.73,1011290000,99.5997,N
20201236918 - 00,20201223,호장 자연재해위험개선지구 정비사업 기본 및 실시설계 용역,전라남도 나주시,PQ,1277899000,1261941300,98.75125499,동부+우빈,97.7,1025772000,101.0006,N
20201236918 - 00,20201223,호장 자연재해위험개선지구 정비사업 기본 및 실시설계 용역,전라남도 나주시,PQ,1277899000,1261941300,98.75125499,건화+원우+강산(금양+씨와이),97.66,0,0,N
20201236918 - 00,20201223,호장 자연재해위험개선지구 정비사업 기본 및 실시설계 용역,전라남도 나주시,PQ,1277899000,1261941300,98.75125499,다산,97.64,1007985000,99.1993,N
20201236918 - 00,20201223,호장 자연재해위험개선지구 정비사업 기본 및 실시설계 용역,전라남도 나주시,PQ,1277899000,1261941300,98.75125499,동명+동아,97.64,1012565000,99.65,N
20201236918 - 00,20201223,호장 자연재해위험개선지구 정비사업 기본 및 실시설계 용역,전라남도 나주시,PQ,1277899000,1261941300,98.75125499,삼안+KCI,97.64,1007490000,99.1506,Y
20201236918 - 00,20201223,호장 자연재해위험개선지구 정비사업 기본 및 실시설계 용역,전라남도 나주시,PQ,1277899000,1261941300,98.75125499,한종,97.64,1024300000,100.8049,N
20201236918 - 00,20201223,호장 자연재해위험개선지구 정비사업 기본 및 실시설계 용역,전라남도 나주시,PQ,1277899000,1261941300,98.75125499,KG+신오,97.61,1023060000,100.6702,N
20201236918 - 00,20201223,호장 자연재해위험개선지구 정비사업 기본 및 실시설계 용역,전라남도 나주시,PQ,1277899000,1261941300,98.75125499,KSM,97.61,1025490000,100.9093,N
20201236918 - 00,20201223,호장 자연재해위험개선지구 정비사업 기본 및 실시설계 용역,전라남도 나주시,PQ,1277899000,1261941300,98.75125499,수성,97.58,1007952000,99.1586,N
20201236918 - 00,20201223,호장 자연재해위험개선지구 정비사업 기본 및 실시설계 용역,전라남도 나주시,PQ,1277899000,1261941300,98.75125499,화신+강동,97.3,1004746000,98.6201,N
20201236918 - 00,20201223,호장 자연재해위험개선지구 정비사업 기본 및 실시설계 용역,전라남도 나주시,PQ,1277899000,1261941300,98.75125499,경호+우영+강호,97.25,1045000000,102.5326,N
20201236918 - 00,20201223,호장 자연재해위험개선지구 정비사업 기본 및 실시설계 용역,전라남도 나주시,PQ,1277899000,1261941300,98.75125499,이산+한기,93.41,1082200000,103.0054,N
20201236918 - 00,20201223,호장 자연재해위험개선지구 정비사업 기본 및 실시설계 용역,전라남도 나주시,PQ,1277899000,1261941300,98.75125499,도화+하이콘,92.23,1073740000,101.2641,N
20201237439 - 00,20201224,사천시 하수도정비 기본계획(변경) 수립 용역,경상남도 사천시,PQ,1479000000,1492292550,100.8987525,범한+경화,98.99,1161290000,99.8393,N
20201237439 - 00,20201224,사천시 하수도정비 기본계획(변경) 수립 용역,경상남도 사천시,PQ,1479000000,1492292550,100.8987525,삼안+천진+수성,98.64,1165340000,99.8953,N
20201237439 - 00,20201224,사천시 하수도정비 기본계획(변경) 수립 용역,경상남도 사천시,PQ,1479000000,1492292550,100.8987525,동명+한올,98.61,1180700000,101.1992,Y
20201237439 - 00,20201224,사천시 하수도정비 기본계획(변경) 수립 용역,경상남도 사천시,PQ,1479000000,1492292550,100.8987525,건화+우진,98.16,1162690000,99.2905,N
20201237439 - 00,20201224,사천시 하수도정비 기본계획(변경) 수립 용역,경상남도 사천시,PQ,1479000000,1492292550,100.8987525,도화+로텍+금성,97.92,1176480000,100.2655,N
20201237439 - 00,20201224,사천시 하수도정비 기본계획(변경) 수립 용역,경상남도 사천시,PQ,1479000000,1492292550,100.8987525,KG+한성,97.9,1186500000,101.1067,N
20201237439 - 00,20201224,사천시 하수도정비 기본계획(변경) 수립 용역,경상남도 사천시,PQ,1479000000,1492292550,100.8987525,제일+HEC,97.87,1160300000,98.8492,N
20201237439 - 00,20201224,사천시 하수도정비 기본계획(변경) 수립 용역,경상남도 사천시,PQ,1479000000,1492292550,100.8987525,선진+KSM,97.84,1172340000,99.8497,N
20201237439 - 00,20201224,사천시 하수도정비 기본계획(변경) 수립 용역,경상남도 사천시,PQ,1479000000,1492292550,100.8987525,이산+신화,97.84,1156500000,98.5006,N
20201237439 - 00,20201224,사천시 하수도정비 기본계획(변경) 수립 용역,경상남도 사천시,PQ,1479000000,1492292550,100.8987525,유신+경동+하우,97.75,1196073000,101.807,N
20201237439 - 00,20201224,사천시 하수도정비 기본계획(변경) 수립 용역,경상남도 사천시,PQ,1479000000,1492292550,100.8987525,화신+혜인,97.27,1197830000,101.5602,N
20201237439 - 00,20201224,사천시 하수도정비 기본계획(변경) 수립 용역,경상남도 사천시,PQ,1479000000,1492292550,100.8987525,경호+서화,97.2,1400000000,118.6272,N
20201238381 - 00,20201224,충주시 지방상수도 현대화사업(상수관로) 기본 및 실시설계 용역,충청북도 충주시,PQ,3592314000,3577944000,99.59997929,건화+홍익(화명enc),100,2863000000,99.6286,Y
20201238366 - 03,20201224,목동지구 침수예방사업 및 일로하수처리구역 노후하수관로 기본 및 실시설계용역,전라남도 무안군 상하수도사업소,PQ,1318439000,1314496925,99.70100437,삼안+동아+우영,98.29,1047970000,100.4939,N
20201238366 - 03,20201224,목동지구 침수예방사업 및 일로하수처리구역 노후하수관로 기본 및 실시설계용역,전라남도 무안군 상하수도사업소,PQ,1318439000,1314496925,99.70100437,범한+신명,97.9,1048630000,100.2404,N
20201238366 - 03,20201224,목동지구 침수예방사업 및 일로하수처리구역 노후하수관로 기본 및 실시설계용역,전라남도 무안군 상하수도사업소,PQ,1318439000,1314496925,99.70100437,이산+하이콘+경동,97.9,1042998000,99.702,Y
20201238366 - 03,20201224,목동지구 침수예방사업 및 일로하수처리구역 노후하수관로 기본 및 실시설계용역,전라남도 무안군 상하수도사업소,PQ,1318439000,1314496925,99.70100437,제일+우빈기술+정,97.9,1042700000,99.6735,N
20201238366 - 03,20201224,목동지구 침수예방사업 및 일로하수처리구역 노후하수관로 기본 및 실시설계용역,전라남도 무안군 상하수도사업소,PQ,1318439000,1314496925,99.70100437,화신+영진+국성+건양,97.88,1046480000,100.0222,N
20201238366 - 03,20201224,목동지구 침수예방사업 및 일로하수처리구역 노후하수관로 기본 및 실시설계용역,전라남도 무안군 상하수도사업소,PQ,1318439000,1314496925,99.70100437,KG+신오,97.84,1043710000,99.7198,N
20201238366 - 03,20201224,목동지구 침수예방사업 및 일로하수처리구역 노후하수관로 기본 및 실시설계용역,전라남도 무안군 상하수도사업소,PQ,1318439000,1314496925,99.70100437,한종+한기,97.83,1055200000,100.8176,N
20201238366 - 03,20201224,목동지구 침수예방사업 및 일로하수처리구역 노후하수관로 기본 및 실시설계용역,전라남도 무안군 상하수도사업소,PQ,1318439000,1314496925,99.70100437,선진+건영+서영,97.8,1036750000,99.0299,N
20201238366 - 03,20201224,목동지구 침수예방사업 및 일로하수처리구역 노후하수관로 기본 및 실시설계용역,전라남도 무안군 상하수도사업소,PQ,1318439000,1314496925,99.70100437,건화+평화(서진),97.6,1066480000,101.7031,N
20201238366 - 03,20201224,목동지구 침수예방사업 및 일로하수처리구역 노후하수관로 기본 및 실시설계용역,전라남도 무안군 상하수도사업소,PQ,1318439000,1314496925,99.70100437,동명+원우,97.6,1036600000,98.8537,N
20201238366 - 03,20201224,목동지구 침수예방사업 및 일로하수처리구역 노후하수관로 기본 및 실시설계용역,전라남도 무안군 상하수도사업소,PQ,1318439000,1314496925,99.70100437,도화+우리,95.45,1250000000,117.1712,N
20201237066 - 01,20201223,욕지항 다기능어항 조성공사 건설사업관리용역,해양수산부 마산지방해양수산청,종심제,3272000000,3281603350,100.2935009,아라+항도,93.04,2817188000,86.0999,Y
20201237066 - 01,20201223,욕지항 다기능어항 조성공사 건설사업관리용역,해양수산부 마산지방해양수산청,종심제,3272000000,3281603350,100.2935009,혜인+세광,92.4,2820500000,86.2011,N
20201237066 - 01,20201223,욕지항 다기능어항 조성공사 건설사업관리용역,해양수산부 마산지방해양수산청,종심제,3272000000,3281603350,100.2935009,대영+건화,91.68,2814000000,86.0024,N
20201238222 - 00,20201228,수원공공하수처리시설 유량조정조 설치사업 기본 및 실시설계용역,경기도 수원시,PQ,1689270000,1705423700,100.9562533,선진+건화(해동+동성지오텍),99.64,1326000000,100.3329,N
20201238222 - 00,20201228,수원공공하수처리시설 유량조정조 설치사업 기본 및 실시설계용역,경기도 수원시,PQ,1689270000,1705423700,100.9562533,동명+대원,98.19,1329200000,99.4061,N
20201238222 - 00,20201228,수원공공하수처리시설 유량조정조 설치사업 기본 및 실시설계용역,경기도 수원시,PQ,1689270000,1705423700,100.9562533,한종+도화,98.1,1354400000,101.214,Y
20201238222 - 00,20201228,수원공공하수처리시설 유량조정조 설치사업 기본 및 실시설계용역,경기도 수원시,PQ,1689270000,1705423700,100.9562533,유신+경호,97.96,1328690000,99.18,N
20201238222 - 00,20201228,수원공공하수처리시설 유량조정조 설치사업 기본 및 실시설계용역,경기도 수원시,PQ,1689270000,1705423700,100.9562533,KG+경동,97.9,1324530000,98.8196,N
20201238222 - 00,20201228,수원공공하수처리시설 유량조정조 설치사업 기본 및 실시설계용역,경기도 수원시,PQ,1689270000,1705423700,100.9562533,이산+하이콘,97.9,1323000000,98.7055,N
20201238222 - 00,20201228,수원공공하수처리시설 유량조정조 설치사업 기본 및 실시설계용역,경기도 수원시,PQ,1689270000,1705423700,100.9562533,삼안+태조,97.7,1365870000,101.7372,N
20201238222 - 00,20201228,수원공공하수처리시설 유량조정조 설치사업 기본 및 실시설계용역,경기도 수원시,PQ,1689270000,1705423700,100.9562533,범한+(주)한종,97.7,1321500000,98.4323,N
20201238222 - 00,20201228,수원공공하수처리시설 유량조정조 설치사업 기본 및 실시설계용역,경기도 수원시,PQ,1689270000,1705423700,100.9562533,제일+서영+평화,97.5,1368800000,101.8017,N
20201238222 - 00,20201228,수원공공하수처리시설 유량조정조 설치사업 기본 및 실시설계용역,경기도 수원시,PQ,1689270000,1705423700,100.9562533,건양+동부+KCI,97.38,1372844000,102,N
20201239098 - 00,20201228,주천2단계 농어촌 생활용수 개발사업 기본 및 실시설계 용역,강원도 영월군 상하수도사업소,PQ,1231100000,1235747450,100.3775039,도화+삼주+삼경,99.57,975330000,101.2127,Y
20201239098 - 00,20201228,주천2단계 농어촌 생활용수 개발사업 기본 및 실시설계 용역,강원도 영월군 상하수도사업소,PQ,1231100000,1235747450,100.3775039,제일+미래+동서+이산,97.96,968900000,99.2396,N
20201239098 - 00,20201228,주천2단계 농어촌 생활용수 개발사업 기본 및 실시설계 용역,강원도 영월군 상하수도사업소,PQ,1231100000,1235747450,100.3775039,경동+고려+경원+성우,97.93,986590000,101.026,N
20201239098 - 00,20201228,주천2단계 농어촌 생활용수 개발사업 기본 및 실시설계 용역,강원도 영월군 상하수도사업소,PQ,1231100000,1235747450,100.3775039,건화+정+정원(국일),97.89,968000000,99.085,N
20201239098 - 00,20201228,주천2단계 농어촌 생활용수 개발사업 기본 및 실시설계 용역,강원도 영월군 상하수도사업소,PQ,1231100000,1235747450,100.3775039,삼안+일신+한울,97.89,964920000,98.7697,N
20201239098 - 00,20201228,주천2단계 농어촌 생활용수 개발사업 기본 및 실시설계 용역,강원도 영월군 상하수도사업소,PQ,1231100000,1235747450,100.3775039,KG+동남+진화,97.83,983370000,100.6202,N
20201239098 - 00,20201228,주천2단계 농어촌 생활용수 개발사업 기본 및 실시설계 용역,강원도 영월군 상하수도사업소,PQ,1231100000,1235747450,100.3775039,동명+서광+동해,97.83,1169545000,119.67,N
20201239098 - 00,20201228,주천2단계 농어촌 생활용수 개발사업 기본 및 실시설계 용역,강원도 영월군 상하수도사업소,PQ,1231100000,1235747450,100.3775039,한종+화신+대성,97.79,1000000000,102.2832,N
20201238874 - 00,20201228,신송능배수지 및 송배수관로 설치공사 기본 및 실시설계용역,경기도 남양주시 상하수도관리센터,PQ,1522000000,1507902500,99.07375164,도화+이산+KG,99.94,1198880000,100.9419,N
20201238874 - 00,20201228,신송능배수지 및 송배수관로 설치공사 기본 및 실시설계용역,경기도 남양주시 상하수도관리센터,PQ,1522000000,1507902500,99.07375164,동명+삼안,98.14,1195260000,99.1631,Y
20201238874 - 00,20201228,신송능배수지 및 송배수관로 설치공사 기본 및 실시설계용역,경기도 남양주시 상하수도관리센터,PQ,1522000000,1507902500,99.07375164,건화+HEC+제일(삼기+선영),98.02,1221990000,101.2912,N
20201238874 - 00,20201228,신송능배수지 및 송배수관로 설치공사 기본 및 실시설계용역,경기도 남양주시 상하수도관리센터,PQ,1522000000,1507902500,99.07375164,한종+범한,98.02,1218500000,101.0019,N
20201238874 - 00,20201228,신송능배수지 및 송배수관로 설치공사 기본 및 실시설계용역,경기도 남양주시 상하수도관리센터,PQ,1522000000,1507902500,99.07375164,유신+경동+경도,97.18,1400300000,115.2859,N
20201240058 - 02,20201229,봉양2 급경사지 붕괴위험지역 정비사업 감독권한대행 등 건설사업관리용역,강원도 정선군,PQ,1499120000,1505614975,100.4332525,건화+서광+동남,100,1168600000,99.9454,N
20201240058 - 02,20201229,봉양2 급경사지 붕괴위험지역 정비사업 감독권한대행 등 건설사업관리용역,강원도 정선군,PQ,1499120000,1505614975,100.4332525,동명+정+정원,100,1175200000,100.5098,Y
20201240058 - 02,20201229,봉양2 급경사지 붕괴위험지역 정비사업 감독권한대행 등 건설사업관리용역,강원도 정선군,PQ,1499120000,1505614975,100.4332525,KG+진화+성안,100,1173680000,100.3799,N
20201240058 - 02,20201229,봉양2 급경사지 붕괴위험지역 정비사업 감독권한대행 등 건설사업관리용역,강원도 정선군,PQ,1499120000,1505614975,100.4332525,일신+유신+서윤,99.96,1163638000,99.4827,N
20201240058 - 02,20201229,봉양2 급경사지 붕괴위험지역 정비사업 감독권한대행 등 건설사업관리용역,강원도 정선군,PQ,1499120000,1505614975,100.4332525,한종+삼경+청솔,99.95,1173600000,100.3216,N
20201240058 - 02,20201229,봉양2 급경사지 붕괴위험지역 정비사업 감독권한대행 등 건설사업관리용역,강원도 정선군,PQ,1499120000,1505614975,100.4332525,도화+동해+유비,99.87,1163200000,99.3689,N
20201240058 - 02,20201229,봉양2 급경사지 붕괴위험지역 정비사업 감독권한대행 등 건설사업관리용역,강원도 정선군,PQ,1499120000,1505614975,100.4332525,이산+JM+이레,99.81,1163300000,99.3265,N
20201240058 - 02,20201229,봉양2 급경사지 붕괴위험지역 정비사업 감독권한대행 등 건설사업관리용역,강원도 정선군,PQ,1499120000,1505614975,100.4332525,경호+정민+동서,99.73,1180358000,100.7185,N
20201240058 - 02,20201229,봉양2 급경사지 붕괴위험지역 정비사업 감독권한대행 등 건설사업관리용역,강원도 정선군,PQ,1499120000,1505614975,100.4332525,수성+한울+강원길,99.7,1163500000,99.2547,N
20201240058 - 02,20201229,봉양2 급경사지 붕괴위험지역 정비사업 감독권한대행 등 건설사업관리용역,강원도 정선군,PQ,1499120000,1505614975,100.4332525,선진+삼주+수성E,99.66,1180480000,100.6774,N
20201240058 - 02,20201229,봉양2 급경사지 붕괴위험지역 정비사업 감독권한대행 등 건설사업관리용역,강원도 정선군,PQ,1499120000,1505614975,100.4332525,동일+지호+경안,99.65,1162000000,99.0887,N
20201240058 - 02,20201229,봉양2 급경사지 붕괴위험지역 정비사업 감독권한대행 등 건설사업관리용역,강원도 정선군,PQ,1499120000,1505614975,100.4332525,용마+형제+효림,99.65,1183100000,100.888,N
20201240058 - 02,20201229,봉양2 급경사지 붕괴위험지역 정비사업 감독권한대행 등 건설사업관리용역,강원도 정선군,PQ,1499120000,1505614975,100.4332525,서영+화신+하나,99.63,1189900000,101.4549,N
20201240058 - 02,20201229,봉양2 급경사지 붕괴위험지역 정비사업 감독권한대행 등 건설사업관리용역,강원도 정선군,PQ,1499120000,1505614975,100.4332525,천일+진화개발+서강,99.61,1186400000,101.1435,N
20201240058 - 02,20201229,봉양2 급경사지 붕괴위험지역 정비사업 감독권한대행 등 건설사업관리용역,강원도 정선군,PQ,1499120000,1505614975,100.4332525,경원+홍익+대상,99.57,1191000000,101.4968,N
20201240058 - 02,20201229,봉양2 급경사지 붕괴위험지역 정비사업 감독권한대행 등 건설사업관리용역,강원도 정선군,PQ,1499120000,1505614975,100.4332525,극동+현산+국일,99.53,1160737000,98.8799,N
20201240058 - 02,20201229,봉양2 급경사지 붕괴위험지역 정비사업 감독권한대행 등 건설사업관리용역,강원도 정선군,PQ,1499120000,1505614975,100.4332525,신명+화인+태백,99.5,1189300000,101.3001,N
20201240058 - 02,20201229,봉양2 급경사지 붕괴위험지역 정비사업 감독권한대행 등 건설사업관리용역,강원도 정선군,PQ,1499120000,1505614975,100.4332525,동성+한국+승,99.46,1192000000,101.4912,N
20201240058 - 02,20201229,봉양2 급경사지 붕괴위험지역 정비사업 감독권한대행 등 건설사업관리용역,강원도 정선군,PQ,1499120000,1505614975,100.4332525,평화+미래+영화,99.43,1194400000,101.6696,N
20201240058 - 02,20201229,봉양2 급경사지 붕괴위험지역 정비사업 감독권한대행 등 건설사업관리용역,강원도 정선군,PQ,1499120000,1505614975,100.4332525,경동+고려+대성,99.42,1157570000,98.522,N
20201240058 - 02,20201229,봉양2 급경사지 붕괴위험지역 정비사업 감독권한대행 등 건설사업관리용역,강원도 정선군,PQ,1499120000,1505614975,100.4332525,대콘+성우+건일,97.35,1400000000,117.1819,N
20201239374 - 00,20201229,무안항공특화산업단지 조성공사 건설사업관리용역,전라남도 무안군,PQ,1190783000,1193209250,100.2037525,신명+동성,100,935000000,100.6728,Y
20201239374 - 00,20201229,무안항공특화산업단지 조성공사 건설사업관리용역,전라남도 무안군,PQ,1190783000,1193209250,100.2037525,수성+우빈,99.72,932278999,100.1487,N
20201239374 - 00,20201229,무안항공특화산업단지 조성공사 건설사업관리용역,전라남도 무안군,PQ,1190783000,1193209250,100.2037525,건화+동아,99.69,0,0,N
20201239374 - 00,20201229,무안항공특화산업단지 조성공사 건설사업관리용역,전라남도 무안군,PQ,1190783000,1193209250,100.2037525,한종+신오,99.68,923900000,99.2105,N
20201239374 - 00,20201229,무안항공특화산업단지 조성공사 건설사업관리용역,전라남도 무안군,PQ,1190783000,1193209250,100.2037525,홍익+다우,99.67,940685000,101,N
20201239374 - 00,20201229,무안항공특화산업단지 조성공사 건설사업관리용역,전라남도 무안군,PQ,1190783000,1193209250,100.2037525,서영+하이콘,99.65,928230000,99.65,N
20201239374 - 00,20201229,무안항공특화산업단지 조성공사 건설사업관리용역,전라남도 무안군,PQ,1190783000,1193209250,100.2037525,삼안+한기,99.64,923780000,99.1596,N
20201239374 - 00,20201229,무안항공특화산업단지 조성공사 건설사업관리용역,전라남도 무안군,PQ,1190783000,1193209250,100.2037525,도화+원우,99.63,939400000,100.8363,N
20201239374 - 00,20201229,무안항공특화산업단지 조성공사 건설사업관리용역,전라남도 무안군,PQ,1190783000,1193209250,100.2037525,동명+에스이,99.62,924300000,99.2028,N
20201239374 - 00,20201229,무안항공특화산업단지 조성공사 건설사업관리용역,전라남도 무안군,PQ,1190783000,1193209250,100.2037525,경동+우리,99.01,923544000,98.63,N
2005644 - 00,20201229,석문국가산업단지 사후환경영향조사(운영시)용역,한국토지주택공사,PQ,588830000,585560000,99.44466145,이산+혜인+휴먼,99.27,505037000,100.0987,N
2005644 - 00,20201229,석문국가산업단지 사후환경영향조사(운영시)용역,한국토지주택공사,PQ,588830000,585560000,99.44466145,KG+한맥+CNS,99.27,501610000,99.4195,N
2005644 - 00,20201229,석문국가산업단지 사후환경영향조사(운영시)용역,한국토지주택공사,PQ,588830000,585560000,99.44466145,동성+디에스,99.24,504538000,99.9998,N
2005644 - 00,20201229,석문국가산업단지 사후환경영향조사(운영시)용역,한국토지주택공사,PQ,588830000,585560000,99.44466145,동일+다원,99.24,505800000,100.2499,N
2005644 - 00,20201229,석문국가산업단지 사후환경영향조사(운영시)용역,한국토지주택공사,PQ,588830000,585560000,99.44466145,선진+건일+한국환경,99.24,506067000,100.3029,N
2005644 - 00,20201229,석문국가산업단지 사후환경영향조사(운영시)용역,한국토지주택공사,PQ,588830000,585560000,99.44466145,천일+대영+강호,99.24,505480000,100.1865,N
2005644 - 00,20201229,석문국가산업단지 사후환경영향조사(운영시)용역,한국토지주택공사,PQ,588830000,585560000,99.44466145,홍익+신성+중천,99.24,503200000,99.7346,N
2005644 - 00,20201229,석문국가산업단지 사후환경영향조사(운영시)용역,한국토지주택공사,PQ,588830000,585560000,99.44466145,도화+신일,99.22,505330000,100.1451,N
2005644 - 00,20201229,석문국가산업단지 사후환경영향조사(운영시)용역,한국토지주택공사,PQ,588830000,585560000,99.44466145,수성+보드+엔탑,99.21,502887000,99.6609,Y
2005644 - 00,20201229,석문국가산업단지 사후환경영향조사(운영시)용역,한국토지주택공사,PQ,588830000,585560000,99.44466145,유신+레오,99.18,503345000,99.7401,N
2005644 - 00,20201229,석문국가산업단지 사후환경영향조사(운영시)용역,한국토지주택공사,PQ,588830000,585560000,99.44466145,서영+퍼스트,99.18,505420000,100.1512,N
2005644 - 00,20201229,석문국가산업단지 사후환경영향조사(운영시)용역,한국토지주택공사,PQ,588830000,585560000,99.44466145,평화+대현,99.18,504770000,100.0224,N
2005644 - 00,20201229,석문국가산업단지 사후환경영향조사(운영시)용역,한국토지주택공사,PQ,588830000,585560000,99.44466145,다산+삼안+한경,99.17,504506000,99.9701,N
2005644 - 00,20201229,석문국가산업단지 사후환경영향조사(운영시)용역,한국토지주택공사,PQ,588830000,585560000,99.44466145,동명+예평+동진,99.11,505120000,100.0684,N
2005644 - 00,20201229,석문국가산업단지 사후환경영향조사(운영시)용역,한국토지주택공사,PQ,588830000,585560000,99.44466145,세광+제일+효산,99.06,503564000,99.7486,N
2005644 - 00,20201229,석문국가산업단지 사후환경영향조사(운영시)용역,한국토지주택공사,PQ,588830000,585560000,99.44466145,건화+우신,99.03,508000000,100.6155,N
2005644 - 00,20201229,석문국가산업단지 사후환경영향조사(운영시)용역,한국토지주택공사,PQ,588830000,585560000,99.44466145,동아+경동+대콘+자연,98.87,502090000,99.3986,N
20201239908 - 00,20201228,강릉시 하수도정비 기본계획(부분변경) 및 물 재이용 관리계획 수립용역,강원도 강릉시 상하수도사업소,PQ,1429230000,1432417250,100.2230047,도화+삼주+화신,99.51,1132800000,101.206,Y
20201239908 - 00,20201228,강릉시 하수도정비 기본계획(부분변경) 및 물 재이용 관리계획 수립용역,강원도 강릉시 상하수도사업소,PQ,1429230000,1432417250,100.2230047,KG+동남+일신,97.9,1141050000,100.6197,N
20201239908 - 00,20201228,강릉시 하수도정비 기본계획(부분변경) 및 물 재이용 관리계획 수립용역,강원도 강릉시 상하수도사업소,PQ,1429230000,1432417250,100.2230047,한종+대성+진화,97.89,1123900000,99.0949,N
20201239908 - 00,20201228,강릉시 하수도정비 기본계획(부분변경) 및 물 재이용 관리계획 수립용역,강원도 강릉시 상하수도사업소,PQ,1429230000,1432417250,100.2230047,동명+서광+성우,97.88,1125400000,99.2271,N
20201239908 - 00,20201228,강릉시 하수도정비 기본계획(부분변경) 및 물 재이용 관리계획 수립용역,강원도 강릉시 상하수도사업소,PQ,1429230000,1432417250,100.2230047,제일+삼안+경원+한울,97.86,1149600000,101.3481,N
20201239908 - 00,20201228,강릉시 하수도정비 기본계획(부분변경) 및 물 재이용 관리계획 수립용역,강원도 강릉시 상하수도사업소,PQ,1429230000,1432417250,100.2230047,경동+고려+동서,97.79,1120478000,98.7185,N
20201239908 - 00,20201228,강릉시 하수도정비 기본계획(부분변경) 및 물 재이용 관리계획 수립용역,강원도 강릉시 상하수도사업소,PQ,1429230000,1432417250,100.2230047,건화+정+정원,97.71,1234500000,108.6959,N
20201239908 - 00,20201228,강릉시 하수도정비 기본계획(부분변경) 및 물 재이용 관리계획 수립용역,강원도 강릉시 상하수도사업소,PQ,1429230000,1432417250,100.2230047,이산+삼경+미래,97.69,1120000000,98.6019,N
20201240680 - 00,20201229,감곡천 지방하천 정비공사 건설사업관리 용역,전라북도 정읍시,PQ,2780257000,2777226600,99.89100288,건화+국성,100,2186201000,100.8181,N
20201240680 - 00,20201229,감곡천 지방하천 정비공사 건설사업관리 용역,전라북도 정읍시,PQ,2780257000,2777226600,99.89100288,극동+천마,100,2176917000,100.3899,N
20201240680 - 00,20201229,감곡천 지방하천 정비공사 건설사업관리 용역,전라북도 정읍시,PQ,2780257000,2777226600,99.89100288,도화+목양,100,2186200000,100.818,N
20201240680 - 00,20201229,감곡천 지방하천 정비공사 건설사업관리 용역,전라북도 정읍시,PQ,2780257000,2777226600,99.89100288,삼안+가온,100,2171400000,100.1355,N
20201240680 - 00,20201229,감곡천 지방하천 정비공사 건설사업관리 용역,전라북도 정읍시,PQ,2780257000,2777226600,99.89100288,수성+성원,100,2186888000,100.8498,N
20201240680 - 00,20201229,감곡천 지방하천 정비공사 건설사업관리 용역,전라북도 정읍시,PQ,2780257000,2777226600,99.89100288,신명+현성,100,2205130000,101.691,N
20201240680 - 00,20201229,감곡천 지방하천 정비공사 건설사업관리 용역,전라북도 정읍시,PQ,2780257000,2777226600,99.89100288,이산+대성,100,2162000000,99.702,N
20201240680 - 00,20201229,감곡천 지방하천 정비공사 건설사업관리 용역,전라북도 정읍시,PQ,2780257000,2777226600,99.89100288,천일+신한+더한,100,2162800000,99.7389,N
20201240680 - 00,20201229,감곡천 지방하천 정비공사 건설사업관리 용역,전라북도 정읍시,PQ,2780257000,2777226600,99.89100288,평화+조화,100,2156200000,99.4346,N
20201240680 - 00,20201229,감곡천 지방하천 정비공사 건설사업관리 용역,전라북도 정읍시,PQ,2780257000,2777226600,99.89100288,한종+세화,100,2157900000,99.513,N
20201240680 - 00,20201229,감곡천 지방하천 정비공사 건설사업관리 용역,전라북도 정읍시,PQ,2780257000,2777226600,99.89100288,동부+인우,100,2174326000,100.2704,N
20201240680 - 00,20201229,감곡천 지방하천 정비공사 건설사업관리 용역,전라북도 정읍시,PQ,2780257000,2777226600,99.89100288,서영+JCN,100,2170600000,100.0986,Y
20201240992 - 00,20201229,원기 소규모마을하수도 정비사업 등 3건 기본 및 실시설계용역,전라남도 구례군 상하수도사업소,PQ,750669000,751509800,100.1120068,삼안+원우,98.5,645480000,100.1891,Y
20201240992 - 00,20201229,원기 소규모마을하수도 정비사업 등 3건 기본 및 실시설계용역,전라남도 구례군 상하수도사업소,PQ,750669000,751509800,100.1120068,동명+우리종합,97.8,649200000,100.579,N
20201240992 - 00,20201229,원기 소규모마을하수도 정비사업 등 3건 기본 및 실시설계용역,전라남도 구례군 상하수도사업소,PQ,750669000,751509800,100.1120068,경동+평화,97.7,649967000,100.6744,N
20201240992 - 00,20201229,원기 소규모마을하수도 정비사업 등 3건 기본 및 실시설계용역,전라남도 구례군 상하수도사업소,PQ,750669000,751509800,100.1120068,유신+하이콘,97.69,651553000,100.9201,N
20201240992 - 00,20201229,원기 소규모마을하수도 정비사업 등 3건 기본 및 실시설계용역,전라남도 구례군 상하수도사업소,PQ,750669000,751509800,100.1120068,건화+신오(대원),97.67,0,0,N
20201240992 - 00,20201229,원기 소규모마을하수도 정비사업 등 3건 기본 및 실시설계용역,전라남도 구례군 상하수도사업소,PQ,750669000,751509800,100.1120068,선진+건영,97.67,643590000,99.6751,N
20201240992 - 00,20201229,원기 소규모마을하수도 정비사업 등 3건 기본 및 실시설계용역,전라남도 구례군 상하수도사업소,PQ,750669000,751509800,100.1120068,제일+우빈,97.66,642850000,99.5605,N
20201240992 - 00,20201229,원기 소규모마을하수도 정비사업 등 3건 기본 및 실시설계용역,전라남도 구례군 상하수도사업소,PQ,750669000,751509800,100.1120068,KG+한기,97.66,641685000,99.3801,N
20201240992 - 00,20201229,원기 소규모마을하수도 정비사업 등 3건 기본 및 실시설계용역,전라남도 구례군 상하수도사업소,PQ,750669000,751509800,100.1120068,도화+동아,97.61,654830000,101.4041,N
20201240992 - 00,20201229,원기 소규모마을하수도 정비사업 등 3건 기본 및 실시설계용역,전라남도 구례군 상하수도사업소,PQ,750669000,751509800,100.1120068,범한+신명,97.6,645890000,100.0197,N
20201240992 - 00,20201229,원기 소규모마을하수도 정비사업 등 3건 기본 및 실시설계용역,전라남도 구례군 상하수도사업소,PQ,750669000,751509800,100.1120068,한종+영진,97.32,650880000,100.7221,N
20201240992 - 00,20201229,원기 소규모마을하수도 정비사업 등 3건 기본 및 실시설계용역,전라남도 구례군 상하수도사업소,PQ,750669000,751509800,100.1120068,화신+우영+국성,96.96,638860000,98.7703,N
20201240992 - 00,20201229,원기 소규모마을하수도 정비사업 등 3건 기본 및 실시설계용역,전라남도 구례군 상하수도사업소,PQ,750669000,751509800,100.1120068,이산+산하,96.94,663000000,102.4905,N
20201241117 - 00,20201230,함창(구향) 자연재해위험 개선지구 정비사업 기본 및 실시설계용역,경상북도 상주시,PQ,1706683000,1699267525,99.56550367,도화+청명+주하,99.45,1349660000,100.9264,Y
20201241117 - 00,20201230,함창(구향) 자연재해위험 개선지구 정비사업 기본 및 실시설계용역,경상북도 상주시,PQ,1706683000,1699267525,99.56550367,유신+강동건설,97.55,1346243000,99.1399,N
20201241117 - 00,20201230,함창(구향) 자연재해위험 개선지구 정비사업 기본 및 실시설계용역,경상북도 상주시,PQ,1706683000,1699267525,99.56550367,이산+강산,97.55,1373730000,101.1641,N
20201241117 - 00,20201230,함창(구향) 자연재해위험 개선지구 정비사업 기본 및 실시설계용역,경상북도 상주시,PQ,1706683000,1699267525,99.56550367,삼안+건일+삼보,97.54,1343650000,98.9365,N
20201241117 - 00,20201230,함창(구향) 자연재해위험 개선지구 정비사업 기본 및 실시설계용역,경상북도 상주시,PQ,1706683000,1699267525,99.56550367,동부+반석+해인,97.53,1343331000,98.9006,N
20201241117 - 00,20201230,함창(구향) 자연재해위험 개선지구 정비사업 기본 및 실시설계용역,경상북도 상주시,PQ,1706683000,1699267525,99.56550367,한종+한백종합,97.53,1371900000,101.004,N
20201241117 - 00,20201230,함창(구향) 자연재해위험 개선지구 정비사업 기본 및 실시설계용역,경상북도 상주시,PQ,1706683000,1699267525,99.56550367,KG+동진,97.52,1370760000,100.92,N
20201241117 - 00,20201230,함창(구향) 자연재해위험 개선지구 정비사업 기본 및 실시설계용역,경상북도 상주시,PQ,1706683000,1699267525,99.56550367,KSM+중앙방재,97.52,1371884000,101.0028,N
20201241117 - 00,20201230,함창(구향) 자연재해위험 개선지구 정비사업 기본 및 실시설계용역,경상북도 상주시,PQ,1706683000,1699267525,99.56550367,건화+KCI+한도(탄탄+석우),97.49,1340000000,98.6306,N
20201241117 - 00,20201230,함창(구향) 자연재해위험 개선지구 정비사업 기본 및 실시설계용역,경상북도 상주시,PQ,1706683000,1699267525,99.56550367,평화+동성,97.49,1340200000,98.6453,N
20201241117 - 00,20201230,함창(구향) 자연재해위험 개선지구 정비사업 기본 및 실시설계용역,경상북도 상주시,PQ,1706683000,1699267525,99.56550367,화신+보람,97.49,1340799000,98.6894,N
20201241116 - 00,20201230,모동지구 풍수해위험생활권 종합정비사업 기본 및 실시설계용역,경상북도 상주시,PQ,2286690000,2308762325,100.9652522,이산+삼보+청명,99.68,1802700000,100.8049,N
20201241116 - 00,20201230,모동지구 풍수해위험생활권 종합정비사업 기본 및 실시설계용역,경상북도 상주시,PQ,2286690000,2308762325,100.9652522,KSM+중앙방재,97.63,1801900000,99.1002,N
20201241116 - 00,20201230,모동지구 풍수해위험생활권 종합정비사업 기본 및 실시설계용역,경상북도 상주시,PQ,2286690000,2308762325,100.9652522,도화+강동건설,97.6,1842300000,101.2966,N
20201241116 - 00,20201230,모동지구 풍수해위험생활권 종합정비사업 기본 및 실시설계용역,경상북도 상주시,PQ,2286690000,2308762325,100.9652522,한종+동진,97.58,1839000000,101.1024,Y
20201241116 - 00,20201230,모동지구 풍수해위험생활권 종합정비사업 기본 및 실시설계용역,경상북도 상주시,PQ,2286690000,2308762325,100.9652522,동부+반석+해인,97.57,1799171000,98.9003,N
20201241116 - 00,20201230,모동지구 풍수해위험생활권 종합정비사업 기본 및 실시설계용역,경상북도 상주시,PQ,2286690000,2308762325,100.9652522,삼안+건일+한백,97.57,1796850000,98.7727,N
20201241116 - 00,20201230,모동지구 풍수해위험생활권 종합정비사업 기본 및 실시설계용역,경상북도 상주시,PQ,2286690000,2308762325,100.9652522,건화+KCI+한도(탄탄+석우),97.55,1794600000,98.6366,N
20201241116 - 00,20201230,모동지구 풍수해위험생활권 종합정비사업 기본 및 실시설계용역,경상북도 상주시,PQ,2286690000,2308762325,100.9652522,경호+수성,97.55,1792490000,98.5207,N
20201241116 - 00,20201230,모동지구 풍수해위험생활권 종합정비사업 기본 및 실시설계용역,경상북도 상주시,PQ,2286690000,2308762325,100.9652522,평화+동성,97.55,1794200000,98.6147,N
20201241116 - 00,20201230,모동지구 풍수해위험생활권 종합정비사업 기본 및 실시설계용역,경상북도 상주시,PQ,2286690000,2308762325,100.9652522,화신+보람,97.55,1795579000,98.6905,N
20201241116 - 00,20201230,모동지구 풍수해위험생활권 종합정비사업 기본 및 실시설계용역,경상북도 상주시,PQ,2286690000,2308762325,100.9652522,유신+주하,97.54,2104300000,115.6442,N
20201242080 - 00,20201230,군도1호선 외 30개노선 도로구역결정[변경] 및 지형도면 고시용역,경상남도 합천군,PQ,1516180000,1530705050,100.958003,도화+천진+경화,99.93,1192414000,100.77,N
20201242080 - 00,20201230,군도1호선 외 30개노선 도로구역결정[변경] 및 지형도면 고시용역,경상남도 합천군,PQ,1516180000,1530705050,100.958003,건화+한성,98.31,1217600000,101.5453,Y
20201242080 - 00,20201230,군도1호선 외 30개노선 도로구역결정[변경] 및 지형도면 고시용역,경상남도 합천군,PQ,1516180000,1530705050,100.958003,한종+KSM+동해,97.79,1189000000,98.7481,N
20201242080 - 00,20201230,군도1호선 외 30개노선 도로구역결정[변경] 및 지형도면 고시용역,경상남도 합천군,PQ,1516180000,1530705050,100.958003,평화+한울+극동,97.77,1219770000,101.2908,N
20201242080 - 00,20201230,군도1호선 외 30개노선 도로구역결정[변경] 및 지형도면 고시용역,경상남도 합천군,PQ,1516180000,1530705050,100.958003,홍익+태일,97.7,1187511000,98.5499,N
20201242080 - 00,20201230,군도1호선 외 30개노선 도로구역결정[변경] 및 지형도면 고시용역,경상남도 합천군,PQ,1516180000,1530705050,100.958003,수성+신명,97.68,1189463000,98.6995,N
20201242080 - 00,20201230,군도1호선 외 30개노선 도로구역결정[변경] 및 지형도면 고시용역,경상남도 합천군,PQ,1516180000,1530705050,100.958003,KG+화성,97.66,1185760000,98.3799,N
20201242080 - 00,20201230,군도1호선 외 30개노선 도로구역결정[변경] 및 지형도면 고시용역,경상남도 합천군,PQ,1516180000,1530705050,100.958003,경동+하우,97.57,1187680000,98.4648,N
20201242080 - 00,20201230,군도1호선 외 30개노선 도로구역결정[변경] 및 지형도면 고시용역,경상남도 합천군,PQ,1516180000,1530705050,100.958003,화신+천일+로텍+금성,97.55,1222640000,101.3505,N
20201242080 - 00,20201230,군도1호선 외 30개노선 도로구역결정[변경] 및 지형도면 고시용역,경상남도 합천군,PQ,1516180000,1530705050,100.958003,제일+하나+보람,97.54,1228500000,101.8234,N
20201242080 - 00,20201230,군도1호선 외 30개노선 도로구역결정[변경] 및 지형도면 고시용역,경상남도 합천군,PQ,1516180000,1530705050,100.958003,다산+신화,97.37,1199699000,99.299,N
20201242080 - 00,20201230,군도1호선 외 30개노선 도로구역결정[변경] 및 지형도면 고시용역,경상남도 합천군,PQ,1516180000,1530705050,100.958003,서영+서화,97.24,1217850000,100.7003,N
20201242080 - 00,20201230,군도1호선 외 30개노선 도로구역결정[변경] 및 지형도면 고시용역,경상남도 합천군,PQ,1516180000,1530705050,100.958003,한맥+주원+이산,96.54,1235000000,101.5455,N
20201242080 - 00,20201230,군도1호선 외 30개노선 도로구역결정[변경] 및 지형도면 고시용역,경상남도 합천군,PQ,1516180000,1530705050,100.958003,용마+혜인+바우,96.09,1249000000,102.3267,N
20201242080 - 00,20201230,군도1호선 외 30개노선 도로구역결정[변경] 및 지형도면 고시용역,경상남도 합천군,PQ,1516180000,1530705050,100.958003,동일+조은,96.08,1249000000,102.3267,N
20201242043 - 00,20201230,업성·송기소하천 정비사업 통합 감독권한대행 등 건설사업관리용역,충청남도 천안시,PQ,1920000000,1917163200,99.85225,건화+송현알앤디,100,1499750000,100.15,Y
20201242043 - 00,20201230,업성·송기소하천 정비사업 통합 감독권한대행 등 건설사업관리용역,충청남도 천안시,PQ,1920000000,1917163200,99.85225,KSM+송현,100,1500496000,100.1998,N
20201242043 - 00,20201230,업성·송기소하천 정비사업 통합 감독권한대행 등 건설사업관리용역,충청남도 천안시,PQ,1920000000,1917163200,99.85225,KG+명성,99.95,1508460000,100.68,N
20201242043 - 00,20201230,업성·송기소하천 정비사업 통합 감독권한대행 등 건설사업관리용역,충청남도 천안시,PQ,1920000000,1917163200,99.85225,동부+예당,99.94,1505768000,100.5003,N
20201242043 - 00,20201230,업성·송기소하천 정비사업 통합 감독권한대행 등 건설사업관리용역,충청남도 천안시,PQ,1920000000,1917163200,99.85225,삼보+동국,99.84,1492800000,99.5455,N
20201242043 - 00,20201230,업성·송기소하천 정비사업 통합 감독권한대행 등 건설사업관리용역,충청남도 천안시,PQ,1920000000,1917163200,99.85225,신명+재성,99.84,1510000000,100.6924,N
20201242043 - 00,20201230,업성·송기소하천 정비사업 통합 감독권한대행 등 건설사업관리용역,충청남도 천안시,PQ,1920000000,1917163200,99.85225,경동+KCI,99.8,1493000000,99.5333,N
20201242043 - 00,20201230,업성·송기소하천 정비사업 통합 감독권한대행 등 건설사업관리용역,충청남도 천안시,PQ,1920000000,1917163200,99.85225,용마+선진+유원,99.74,1491999000,99.4157,N
20201242043 - 00,20201230,업성·송기소하천 정비사업 통합 감독권한대행 등 건설사업관리용역,충청남도 천안시,PQ,1920000000,1917163200,99.85225,유신+동아,99.71,1486591000,99.03,N
20201242043 - 00,20201230,업성·송기소하천 정비사업 통합 감독권한대행 등 건설사업관리용역,충청남도 천안시,PQ,1920000000,1917163200,99.85225,홍익+계림,99.7,1488880000,99.1698,N
20201242043 - 00,20201230,업성·송기소하천 정비사업 통합 감독권한대행 등 건설사업관리용역,충청남도 천안시,PQ,1920000000,1917163200,99.85225,수성+장맥,99.7,1486299999,98.998,N
20201242043 - 00,20201230,업성·송기소하천 정비사업 통합 감독권한대행 등 건설사업관리용역,충청남도 천안시,PQ,1920000000,1917163200,99.85225,이산+더원,99.64,1484000000,98.7942,N
20201242043 - 00,20201230,업성·송기소하천 정비사업 통합 감독권한대행 등 건설사업관리용역,충청남도 천안시,PQ,1920000000,1917163200,99.85225,동일+세종,99.55,1486000000,98.8642,N
20201242043 - 00,20201230,업성·송기소하천 정비사업 통합 감독권한대행 등 건설사업관리용역,충청남도 천안시,PQ,1920000000,1917163200,99.85225,서영+신성E,99.55,1486540000,98.9001,N
20201242043 - 00,20201230,업성·송기소하천 정비사업 통합 감독권한대행 등 건설사업관리용역,충청남도 천안시,PQ,1920000000,1917163200,99.85225,하이콘+정안,99.54,1482480000,98.6174,N
20201242043 - 00,20201230,업성·송기소하천 정비사업 통합 감독권한대행 등 건설사업관리용역,충청남도 천안시,PQ,1920000000,1917163200,99.85225,대콘+대웅,99.51,1485367000,98.7842,N
20201242043 - 00,20201230,업성·송기소하천 정비사업 통합 감독권한대행 등 건설사업관리용역,충청남도 천안시,PQ,1920000000,1917163200,99.85225,천일+양지,99.5,1490100000,99.099,N
20201242043 - 00,20201230,업성·송기소하천 정비사업 통합 감독권한대행 등 건설사업관리용역,충청남도 천안시,PQ,1920000000,1917163200,99.85225,한종+세일,99.5,1485700000,98.8064,N
20201242043 - 00,20201230,업성·송기소하천 정비사업 통합 감독권한대행 등 건설사업관리용역,충청남도 천안시,PQ,1920000000,1917163200,99.85225,동성+우주,99.43,1482640000,98.54,N
20201242043 - 00,20201230,업성·송기소하천 정비사업 통합 감독권한대행 등 건설사업관리용역,충청남도 천안시,PQ,1920000000,1917163200,99.85225,동해+SR,99.34,1491000000,99.0198,N
20201242043 - 00,20201230,업성·송기소하천 정비사업 통합 감독권한대행 등 건설사업관리용역,충청남도 천안시,PQ,1920000000,1917163200,99.85225,제일+우리+하나,99.3,1534800000,101.9026,N
20201242043 - 00,20201230,업성·송기소하천 정비사업 통합 감독권한대행 등 건설사업관리용역,충청남도 천안시,PQ,1920000000,1917163200,99.85225,우빈+우경,99.25,1525403000,101.24,N
20201241207 - 01,20201231,완도항 중앙방파제 축조공사 건설사업관리용역 ,전라남도,PQ,3665000000,3673805175,100.2402503,천일+한기,100,2696600000,100.7974,Y
20201241207 - 01,20201231,완도항 중앙방파제 축조공사 건설사업관리용역 ,전라남도,PQ,3665000000,3673805175,100.2402503,서영+산하,99.73,2675886000,99.7771,N
20201241207 - 01,20201231,완도항 중앙방파제 축조공사 건설사업관리용역 ,전라남도,PQ,3665000000,3673805175,100.2402503,건화+우영+하이콘,99.4,2672500000,99.3657,N
20201241207 - 01,20201231,완도항 중앙방파제 축조공사 건설사업관리용역 ,전라남도,PQ,3665000000,3673805175,100.2402503,대영+SE+동부,99.3,2759050000,102.4999,N
20201241633 - 00,20201230,상주일반산업단지 조성공사 사후환경영향조사용역(공사시) ,경상북도 상주시,PQ,500500000,497195475,99.33975524,서영+KCI+마린,98.47,435750000,100.2048,N
20201241633 - 00,20201230,상주일반산업단지 조성공사 사후환경영향조사용역(공사시) ,경상북도 상주시,PQ,500500000,497195475,99.33975524,도화+청명+신일환경,98.27,433700000,99.7219,N
20201241633 - 00,20201230,상주일반산업단지 조성공사 사후환경영향조사용역(공사시) ,경상북도 상주시,PQ,500500000,497195475,99.33975524,동성+동부+퍼스트,98.14,436917000,100.45,N
20201241633 - 00,20201230,상주일반산업단지 조성공사 사후환경영향조사용역(공사시) ,경상북도 상주시,PQ,500500000,497195475,99.33975524,동명+세원+선진환경,98.07,436500000,100.3426,N
20201241633 - 00,20201230,상주일반산업단지 조성공사 사후환경영향조사용역(공사시) ,경상북도 상주시,PQ,500500000,497195475,99.33975524,건화+한도+신성,97.95,437600000,100.5839,N
20201241633 - 00,20201230,상주일반산업단지 조성공사 사후환경영향조사용역(공사시) ,경상북도 상주시,PQ,500500000,497195475,99.33975524,수성+엔탑+태성,97.95,432751000,99.4694,Y
20201241633 - 00,20201230,상주일반산업단지 조성공사 사후환경영향조사용역(공사시) ,경상북도 상주시,PQ,500500000,497195475,99.33975524,선진+보람+휴먼,97.92,437470000,100.554,N
20201241633 - 00,20201230,상주일반산업단지 조성공사 사후환경영향조사용역(공사시) ,경상북도 상주시,PQ,500500000,497195475,99.33975524,유신+정솔+새길,97.87,434022000,99.75,N
20201241633 - 00,20201230,상주일반산업단지 조성공사 사후환경영향조사용역(공사시) ,경상북도 상주시,PQ,500500000,497195475,99.33975524,KG+한맥+중방,97.71,439030000,100.8894,N
20201241633 - 00,20201230,상주일반산업단지 조성공사 사후환경영향조사용역(공사시) ,경상북도 상주시,PQ,500500000,497195475,99.33975524,다산+삼안+국토,97.67,438989000,100.88,N
20201241633 - 00,20201230,상주일반산업단지 조성공사 사후환경영향조사용역(공사시) ,경상북도 상주시,PQ,500500000,497195475,99.33975524,동일+동진+다원,97.67,431600000,99.1934,N
20201241633 - 00,20201230,상주일반산업단지 조성공사 사후환경영향조사용역(공사시) ,경상북도 상주시,PQ,500500000,497195475,99.33975524,동아+현대+대콘,97.67,435150000,100.0093,N
20201241633 - 00,20201230,상주일반산업단지 조성공사 사후환경영향조사용역(공사시) ,경상북도 상주시,PQ,500500000,497195475,99.33975524,DS+홍익+우신,97.47,432866000,99.45,N
20201241633 - 00,20201230,상주일반산업단지 조성공사 사후환경영향조사용역(공사시) ,경상북도 상주시,PQ,500500000,497195475,99.33975524,경동+삼보+자연,97.42,430274000,98.8545,N
20201241633 - 00,20201230,상주일반산업단지 조성공사 사후환경영향조사용역(공사시) ,경상북도 상주시,PQ,500500000,497195475,99.33975524,이산+해동+한국환경,97.31,442100000,101.5598,N
20201241633 - 00,20201230,상주일반산업단지 조성공사 사후환경영향조사용역(공사시) ,경상북도 상주시,PQ,500500000,497195475,99.33975524,화신+건일+CNS,96.67,446600000,102.5229,N
20201241633 - 00,20201230,상주일반산업단지 조성공사 사후환경영향조사용역(공사시) ,경상북도 상주시,PQ,500500000,497195475,99.33975524,평화+한백종합+이에프,96.53,430800000,98.8844,N
20201241223 - 01,20201230,완도군 군내지구 하수도정비 중점관리지역 침수예방사업 기본 및 실시설계용역,전라남도 완도군,PQ,1572000000,1538646125,97.87825223,도화+우리+삼안,100,1240800000,101.2005,N
20201241223 - 01,20201230,완도군 군내지구 하수도정비 중점관리지역 침수예방사업 기본 및 실시설계용역,전라남도 완도군,PQ,1572000000,1538646125,97.87825223,한종+우영,97.85,1235300000,99.0002,N
20201241223 - 01,20201230,완도군 군내지구 하수도정비 중점관리지역 침수예방사업 기본 및 실시설계용역,전라남도 완도군,PQ,1572000000,1538646125,97.87825223,건화+하이콘(서진),97.84,1234500000,98.9236,N
20201241223 - 01,20201230,완도군 군내지구 하수도정비 중점관리지역 침수예방사업 기본 및 실시설계용역,전라남도 완도군,PQ,1572000000,1538646125,97.87825223,범한+신명,97.84,1237449000,99.16,N
20201241223 - 01,20201230,완도군 군내지구 하수도정비 중점관리지역 침수예방사업 기본 및 실시설계용역,전라남도 완도군,PQ,1572000000,1538646125,97.87825223,이산+한기,97.84,1230500000,98.6031,Y
20201241223 - 01,20201230,완도군 군내지구 하수도정비 중점관리지역 침수예방사업 기본 및 실시설계용역,전라남도 완도군,PQ,1572000000,1538646125,97.87825223,KG+신오,97.84,1259410000,100.9197,N
20201241223 - 01,20201230,완도군 군내지구 하수도정비 중점관리지역 침수예방사업 기본 및 실시설계용역,전라남도 완도군,PQ,1572000000,1538646125,97.87825223,제일+우빈기술+정,97.84,1234950000,98.9597,N
20201241223 - 01,20201230,완도군 군내지구 하수도정비 중점관리지역 침수예방사업 기본 및 실시설계용역,전라남도 완도군,PQ,1572000000,1538646125,97.87825223,선진+동아+건영,97.82,1235980000,99.0298,N
20201241223 - 01,20201230,완도군 군내지구 하수도정비 중점관리지역 침수예방사업 기본 및 실시설계용역,전라남도 완도군,PQ,1572000000,1538646125,97.87825223,동명+원우,97.78,1493400000,119.6097,N
20201241223 - 01,20201230,완도군 군내지구 하수도정비 중점관리지역 침수예방사업 기본 및 실시설계용역,전라남도 완도군,PQ,1572000000,1538646125,97.87825223,수성+경동+평화,97.72,1264021000,101.2,N
예산국토관리사무소 공고 제2020 - 341호,20201231,아산 탕정테크노 일반산업단지 진입도로 개설공사 건설사업관리용역 ,대전지방국토관리청 예산국토관리사무소,PQ,1506900000,1512113925,100.3460034,건화,100,1258000000,100.5876,Y
예산국토관리사무소 공고 제2020 - 341호,20201231,아산 탕정테크노 일반산업단지 진입도로 개설공사 건설사업관리용역 ,대전지방국토관리청 예산국토관리사무소,PQ,1506900000,1512113925,100.3460034,동성,100,1250400000,99.9799,N
예산국토관리사무소 공고 제2020 - 341호,20201231,아산 탕정테크노 일반산업단지 진입도로 개설공사 건설사업관리용역 ,대전지방국토관리청 예산국토관리사무소,PQ,1506900000,1512113925,100.3460034,동일+천마,99.94,1261100000,100.799,N
예산국토관리사무소 공고 제2020 - 341호,20201231,아산 탕정테크노 일반산업단지 진입도로 개설공사 건설사업관리용역 ,대전지방국토관리청 예산국토관리사무소,PQ,1506900000,1512113925,100.3460034,경호,99.7,1249640000,99.7748,N
예산국토관리사무소 공고 제2020 - 341호,20201231,아산 탕정테크노 일반산업단지 진입도로 개설공사 건설사업관리용역 ,대전지방국토관리청 예산국토관리사무소,PQ,1506900000,1512113925,100.3460034,일신,99.5,1246645000,99.44,N
예산국토관리사무소 공고 제2020 - 341호,20201231,아산 탕정테크노 일반산업단지 진입도로 개설공사 건설사업관리용역 ,대전지방국토관리청 예산국토관리사무소,PQ,1506900000,1512113925,100.3460034,한기+선진,99.2,1273800000,101.4597,N
2005632 - 00,20201230,행정중심복합도시 4-2생활권 산업용지 기반시설 건설공사 시공단계 감독권한대행 등 건설사업관리용역,한국토지주택공사,PQ,1698717000,1682435000,99.04151192,경호+유신+일신,99.8,1365250000,100.2926,N
2005632 - 00,20201230,행정중심복합도시 4-2생활권 산업용지 기반시설 건설공사 시공단계 감독권한대행 등 건설사업관리용역,한국토지주택공사,PQ,1698717000,1682435000,99.04151192,서영+신성,99.58,1362620000,99.8999,N
2005632 - 00,20201230,행정중심복합도시 4-2생활권 산업용지 기반시설 건설공사 시공단계 감독권한대행 등 건설사업관리용역,한국토지주택공사,PQ,1698717000,1682435000,99.04151192,건화,99.47,1364500000,99.9382,N
2005632 - 00,20201230,행정중심복합도시 4-2생활권 산업용지 기반시설 건설공사 시공단계 감독권한대행 등 건설사업관리용역,한국토지주택공사,PQ,1698717000,1682435000,99.04151192,도화,99.36,1374650000,100.594,N
2005632 - 00,20201230,행정중심복합도시 4-2생활권 산업용지 기반시설 건설공사 시공단계 감독권한대행 등 건설사업관리용역,한국토지주택공사,PQ,1698717000,1682435000,99.04151192,동일+동명,99.33,1358300000,99.3728,N
2005632 - 00,20201230,행정중심복합도시 4-2생활권 산업용지 기반시설 건설공사 시공단계 감독권한대행 등 건설사업관리용역,한국토지주택공사,PQ,1698717000,1682435000,99.04151192,경동+수성,99.23,1358930000,99.3325,N
2005632 - 00,20201230,행정중심복합도시 4-2생활권 산업용지 기반시설 건설공사 시공단계 감독권한대행 등 건설사업관리용역,한국토지주택공사,PQ,1698717000,1682435000,99.04151192,KG,99.23,1359630000,99.3837,N
2005632 - 00,20201230,행정중심복합도시 4-2생활권 산업용지 기반시설 건설공사 시공단계 감독권한대행 등 건설사업관리용역,한국토지주택공사,PQ,1698717000,1682435000,99.04151192,평화+한종,99.16,1383900000,101.095,N
2005632 - 00,20201230,행정중심복합도시 4-2생활권 산업용지 기반시설 건설공사 시공단계 감독권한대행 등 건설사업관리용역,한국토지주택공사,PQ,1698717000,1682435000,99.04151192,홍익,99.16,1357960000,99.2,Y
2005632 - 00,20201230,행정중심복합도시 4-2생활권 산업용지 기반시설 건설공사 시공단계 감독권한대행 등 건설사업관리용역,한국토지주택공사,PQ,1698717000,1682435000,99.04151192,삼보+용마,99.15,1379800000,100.7829,N
2005632 - 00,20201230,행정중심복합도시 4-2생활권 산업용지 기반시설 건설공사 시공단계 감독권한대행 등 건설사업관리용역,한국토지주택공사,PQ,1698717000,1682435000,99.04151192,선진+태조,98.9,1386700000,101.0737,N
2005632 - 00,20201230,행정중심복합도시 4-2생활권 산업용지 기반시설 건설공사 시공단계 감독권한대행 등 건설사업관리용역,한국토지주택공사,PQ,1698717000,1682435000,99.04151192,동부+목양,98.77,1391115000,101.2701,N
2005632 - 00,20201230,행정중심복합도시 4-2생활권 산업용지 기반시설 건설공사 시공단계 감독권한대행 등 건설사업관리용역,한국토지주택공사,PQ,1698717000,1682435000,99.04151192,하이콘+진화,98.77,1388640000,101.09,N
2005632 - 00,20201230,행정중심복합도시 4-2생활권 산업용지 기반시설 건설공사 시공단계 감독권한대행 등 건설사업관리용역,한국토지주택공사,PQ,1698717000,1682435000,99.04151192,제일+경원,98.61,1394800000,101.4005,N
2005632 - 00,20201230,행정중심복합도시 4-2생활권 산업용지 기반시설 건설공사 시공단계 감독권한대행 등 건설사업관리용역,한국토지주택공사,PQ,1698717000,1682435000,99.04151192,신명,98.44,1394622000,101.2375,N
2005632 - 00,20201230,행정중심복합도시 4-2생활권 산업용지 기반시설 건설공사 시공단계 감독권한대행 등 건설사업관리용역,한국토지주택공사,PQ,1698717000,1682435000,99.04151192,삼안,98.23,1400300000,101.4745,N
2005632 - 00,20201230,행정중심복합도시 4-2생활권 산업용지 기반시설 건설공사 시공단계 감독권한대행 등 건설사업관리용역,한국토지주택공사,PQ,1698717000,1682435000,99.04151192,바우+천일+삼영,98.03,1410000000,102.0016,N
2005632 - 00,20201230,행정중심복합도시 4-2생활권 산업용지 기반시설 건설공사 시공단계 감독권한대행 등 건설사업관리용역,한국토지주택공사,PQ,1698717000,1682435000,99.04151192,대콘,97.5,1360000000,97.9392,N
2005633 - 00,20201230,김포고촌2 공공주택지구 조성공사 시공단계 감독권한대행 등 건설사업관리용역,한국토지주택공사,PQ,991408000,983260000,99.17813857,도화,99.7,850850000,100.2891,N
2005633 - 00,20201230,김포고촌2 공공주택지구 조성공사 시공단계 감독권한대행 등 건설사업관리용역,한국토지주택공사,PQ,991408000,983260000,99.17813857,유신,99.7,851918000,100.415,N
2005633 - 00,20201230,김포고촌2 공공주택지구 조성공사 시공단계 감독권한대행 등 건설사업관리용역,한국토지주택공사,PQ,991408000,983260000,99.17813857,건화,99.37,847800000,99.8363,N
2005633 - 00,20201230,김포고촌2 공공주택지구 조성공사 시공단계 감독권한대행 등 건설사업관리용역,한국토지주택공사,PQ,991408000,983260000,99.17813857,신성,99.17,846580000,99.6344,N
2005633 - 00,20201230,김포고촌2 공공주택지구 조성공사 시공단계 감독권한대행 등 건설사업관리용역,한국토지주택공사,PQ,991408000,983260000,99.17813857,용마,99.03,856537000,100.7592,N
2005633 - 00,20201230,김포고촌2 공공주택지구 조성공사 시공단계 감독권한대행 등 건설사업관리용역,한국토지주택공사,PQ,991408000,983260000,99.17813857,신명,98.63,845699000,99.3684,Y
2005633 - 00,20201230,김포고촌2 공공주택지구 조성공사 시공단계 감독권한대행 등 건설사업관리용역,한국토지주택공사,PQ,991408000,983260000,99.17813857,한종,98.27,861450000,101.1131,N
2005633 - 00,20201230,김포고촌2 공공주택지구 조성공사 시공단계 감독권한대행 등 건설사업관리용역,한국토지주택공사,PQ,991408000,983260000,99.17813857,바우+천일+삼영,97.97,845600000,99.172,N
