PQ공고 NO.,공고일자,사업명,발주처,입찰구분,기초금액,예정금액,예가,업체명,PQ점수,투찰금액,추정예가,낙찰여부
20200202404 - 00,20200203,구리시 자연재해저감 종합계획 및 우수유출저감대책 수립 용역,경기도 구리시,PQ,594830500,594985225,100.0260116,KSM+동명,98.82,509617000,99.9059,N
20200202404 - 00,20200203,구리시 자연재해저감 종합계획 및 우수유출저감대책 수립 용역,경기도 구리시,PQ,594830500,594985225,100.0260116,도화+KG,98.79,516660000,101.2748,Y
20200202404 - 00,20200203,구리시 자연재해저감 종합계획 및 우수유출저감대책 수립 용역,경기도 구리시,PQ,594830500,594985225,100.0260116,평화+건화,95.59,508926000,98.9398,N
20200202404 - 00,20200203,구리시 자연재해저감 종합계획 및 우수유출저감대책 수립 용역,경기도 구리시,PQ,594830500,594985225,100.0260116,경호+주하,93.84,530000000,102.5859,N
2020-40035,20200203,2020년 순천완주선 0.315k(순천) 등 73개소 비탈면.옹벽 정밀안전점검 및 성능평가 용역 ,한국도로공사 광주전남본부,PQ,753800000,754844013,100.1385,한국건설안전기술원,100,608850000,100.3426,Y
2020-40035,20200203,2020년 순천완주선 0.315k(순천) 등 73개소 비탈면.옹벽 정밀안전점검 및 성능평가 용역 ,한국도로공사 광주전남본부,PQ,753800000,754844013,100.1385,세안안전진단+건화,90,646800000,103.3861,N
2020-20064 ,20200203,"2020년 강원본부 비탈면·옹벽 정밀안전점검 및 성능평가 용역 2권역(대관령, 강릉, 양양) ",한국도로공사 강원본부,PQ,965966000,965678626,99.97025009,케이에스디,100,785700000,101.0476,Y
2020-20064 ,20200203,"2020년 강원본부 비탈면·옹벽 정밀안전점검 및 성능평가 용역 2권역(대관령, 강릉, 양양) ",한국도로공사 강원본부,PQ,965966000,965678626,99.97025009,세안안전진단+천마+건화,90,829000000,103.4048,N
2020-50042,20200203,2020년 대구포항선 31.96k(포항) 등 75개소 절토비탈면 및 옹벽 정밀안전점검 및 성능평가 용역,한국도로공사 대구경북본부,PQ,966720000,961550466,99.46525012,주식회사 케이에스디,100,786100000,101.0202,Y
2020-50042,20200203,2020년 대구포항선 31.96k(포항) 등 75개소 절토비탈면 및 옹벽 정밀안전점검 및 성능평가 용역,한국도로공사 대구경북본부,PQ,966720000,961550466,99.46525012,세안안전+건화,90,828800000,103.2992,N
익산지방국토관리청 공고 제2020-27호,20200204,영산강상류권역 하천기본계획 전략환경영향평가용역,익산지방국토관리청,PQ,504000000,507843025,100.762505,건화+한기+우신,98.32,424780000,100.8336,Y
익산지방국토관리청 공고 제2020-27호,20200204,영산강상류권역 하천기본계획 전략환경영향평가용역,익산지방국토관리청,PQ,504000000,507843025,100.762505,수성+동부+KG+선진,98,421756000,99.9842,N
익산지방국토관리청 공고 제2020-27호,20200204,영산강상류권역 하천기본계획 전략환경영향평가용역,익산지방국토관리청,PQ,504000000,507843025,100.762505,동성+화신+다산,96.53,421400000,99.2829,N
익산지방국토관리청 공고 제2020-27호,20200204,영산강상류권역 하천기본계획 전략환경영향평가용역,익산지방국토관리청,PQ,504000000,507843025,100.762505,동아+경동,96.35,439080000,103.3747,N
익산지방국토관리청 공고 제2020-27호,20200204,영산강상류권역 하천기본계획 전략환경영향평가용역,익산지방국토관리청,PQ,504000000,507843025,100.762505,신성+극동+서영,95.65,434000000,101.8886,N
20200204140 - 00,20200204,북성포구 준설토투기장 상부시설 조성 기본 및 실시설계용역,해양수산부 인천지방해양수산청,PQ,755000000,753854325,99.84825497,유신+대양,98.87,647423000,100.2999,N
20200204140 - 00,20200204,북성포구 준설토투기장 상부시설 조성 기본 및 실시설계용역,해양수산부 인천지방해양수산청,PQ,755000000,753854325,99.84825497,항도,98.1,646112000,100.0032,Y
20200204140 - 00,20200204,북성포구 준설토투기장 상부시설 조성 기본 및 실시설계용역,해양수산부 인천지방해양수산청,PQ,755000000,753854325,99.84825497,도화,97.9,649340000,100.4441,N
20200204140 - 00,20200204,북성포구 준설토투기장 상부시설 조성 기본 및 실시설계용역,해양수산부 인천지방해양수산청,PQ,755000000,753854325,99.84825497,건일+천일,97.7,642870000,99.3853,N
20200204140 - 00,20200204,북성포구 준설토투기장 상부시설 조성 기본 및 실시설계용역,해양수산부 인천지방해양수산청,PQ,755000000,753854325,99.84825497,세광,97.7,650450000,100.5571,N
20200204140 - 00,20200204,북성포구 준설토투기장 상부시설 조성 기본 및 실시설계용역,해양수산부 인천지방해양수산청,PQ,755000000,753854325,99.84825497,세일+수성,97.4,650597000,100.5799,N
20200204140 - 00,20200204,북성포구 준설토투기장 상부시설 조성 기본 및 실시설계용역,해양수산부 인천지방해양수산청,PQ,755000000,753854325,99.84825497,한항+삼영,97.8,644523000,99.6408,N
20200204140 - 00,20200204,북성포구 준설토투기장 상부시설 조성 기본 및 실시설계용역,해양수산부 인천지방해양수산청,PQ,755000000,753854325,99.84825497,한종,97.61,645100000,99.7068,N
20200204140 - 00,20200204,북성포구 준설토투기장 상부시설 조성 기본 및 실시설계용역,해양수산부 인천지방해양수산청,PQ,755000000,753854325,99.84825497,건화(대명+그린블루),97.6,642300000,99.274,N
20200204140 - 00,20200204,북성포구 준설토투기장 상부시설 조성 기본 및 실시설계용역,해양수산부 인천지방해양수산청,PQ,755000000,753854325,99.84825497,대영,97.5,644500000,99.5792,N
20200204140 - 00,20200204,북성포구 준설토투기장 상부시설 조성 기본 및 실시설계용역,해양수산부 인천지방해양수산청,PQ,755000000,753854325,99.84825497,서영,97.4,642900000,99.3088,N
20200204140 - 00,20200204,북성포구 준설토투기장 상부시설 조성 기본 및 실시설계용역,해양수산부 인천지방해양수산청,PQ,755000000,753854325,99.84825497,삼안,97.22,655820000,101.2455,N
20200204140 - 00,20200204,북성포구 준설토투기장 상부시설 조성 기본 및 실시설계용역,해양수산부 인천지방해양수산청,PQ,755000000,753854325,99.84825497,아라,97.17,677160000,104.5278,N
20200202615 - 01,20200204,울산역 복합환승센터 주변 기반시설 정비공사 감독권한대행 등 건설사업관리용역,울산광역시 종합건설본부,PQ,2526000000,2516319125,99.61675079,다산+성지+동명,100,1981180000,100.5597,N
20200202615 - 01,20200204,울산역 복합환승센터 주변 기반시설 정비공사 감독권한대행 등 건설사업관리용역,울산광역시 종합건설본부,PQ,2526000000,2516319125,99.61675079,도화+한신+대성,99.89,1965200000,99.6464,Y
20200202615 - 01,20200204,울산역 복합환승센터 주변 기반시설 정비공사 감독권한대행 등 건설사업관리용역,울산광역시 종합건설본부,PQ,2526000000,2516319125,99.61675079,대콘+부광+한진,99.71,1989400000,100.7315,N
20200202615 - 01,20200204,울산역 복합환승센터 주변 기반시설 정비공사 감독권한대행 등 건설사업관리용역,울산광역시 종합건설본부,PQ,2526000000,2516319125,99.61675079,홍익+삼두,99.55,1964830000,99.3603,N
20200202615 - 01,20200204,울산역 복합환승센터 주변 기반시설 정비공사 감독권한대행 등 건설사업관리용역,울산광역시 종합건설본부,PQ,2526000000,2516319125,99.61675079,삼안+대흥건축,99.54,1996500000,100.949,N
20200202615 - 01,20200204,울산역 복합환승센터 주변 기반시설 정비공사 감독권한대행 등 건설사업관리용역,울산광역시 종합건설본부,PQ,2526000000,2516319125,99.61675079,건화+씨엠,99.23,1981400000,99.9302,N
20200202615 - 01,20200204,울산역 복합환승센터 주변 기반시설 정비공사 감독권한대행 등 건설사업관리용역,울산광역시 종합건설본부,PQ,2526000000,2516319125,99.61675079,수성+청목,99.2,1959485000,98.7998,N
20200202615 - 01,20200204,울산역 복합환승센터 주변 기반시설 정비공사 감독권한대행 등 건설사업관리용역,울산광역시 종합건설본부,PQ,2526000000,2516319125,99.61675079,동성+한종+태성,99.15,2009244000,101.27,N
20200202615 - 01,20200204,울산역 복합환승센터 주변 기반시설 정비공사 감독권한대행 등 건설사업관리용역,울산광역시 종합건설본부,PQ,2526000000,2516319125,99.61675079,이산+신흥,99.13,1964460000,99.0002,N
20200202615 - 01,20200204,울산역 복합환승센터 주변 기반시설 정비공사 감독권한대행 등 건설사업관리용역,울산광역시 종합건설본부,PQ,2526000000,2516319125,99.61675079,용마+UNC+동부,99.1,2011570000,101.3485,N
20200202615 - 01,20200204,울산역 복합환승센터 주변 기반시설 정비공사 감독권한대행 등 건설사업관리용역,울산광역시 종합건설본부,PQ,2526000000,2516319125,99.61675079,선진+한림,99,1961090000,98.7298,N
20200202615 - 01,20200204,울산역 복합환승센터 주변 기반시설 정비공사 감독권한대행 등 건설사업관리용역,울산광역시 종합건설본부,PQ,2526000000,2516319125,99.61675079,극동+대건,98.83,2024304000,101.7699,N
20200202615 - 01,20200204,울산역 복합환승센터 주변 기반시설 정비공사 감독권한대행 등 건설사업관리용역,울산광역시 종합건설본부,PQ,2526000000,2516319125,99.61675079,서영+경원+선진기술단,98.8,2032400000,102.151,N
20200132869 - 00,20200131,시도19호선 외 1개소 도로확포장공사 통합건설사업관리용역,경기도 평택시,PQ,2030952000,2023589850,99.63750251,천일+서영,100,1582298000,99.89,N
20200132869 - 00,20200131,시도19호선 외 1개소 도로확포장공사 통합건설사업관리용역,경기도 평택시,PQ,2030952000,2023589850,99.63750251,동명+이산,99.93,1589400000,100.274,N
20200132869 - 00,20200131,시도19호선 외 1개소 도로확포장공사 통합건설사업관리용역,경기도 평택시,PQ,2030952000,2023589850,99.63750251,수성+선진,99.93,1575442000,99.3934,N
20200132869 - 00,20200131,시도19호선 외 1개소 도로확포장공사 통합건설사업관리용역,경기도 평택시,PQ,2030952000,2023589850,99.63750251,KG+보람,99.9,1580070000,99.6599,Y
20200132869 - 00,20200131,시도19호선 외 1개소 도로확포장공사 통합건설사업관리용역,경기도 평택시,PQ,2030952000,2023589850,99.63750251,삼안+도화+서현,99.87,1588400000,100.1596,N
20200132869 - 00,20200131,시도19호선 외 1개소 도로확포장공사 통합건설사업관리용역,경기도 평택시,PQ,2030952000,2023589850,99.63750251,제일+목양,99.84,1578970000,99.5395,N
20200132869 - 00,20200131,시도19호선 외 1개소 도로확포장공사 통합건설사업관리용역,경기도 평택시,PQ,2030952000,2023589850,99.63750251,신성+태조,99.84,1580280000,99.6221,N
20200132869 - 00,20200131,시도19호선 외 1개소 도로확포장공사 통합건설사업관리용역,경기도 평택시,PQ,2030952000,2023589850,99.63750251,건화+유신,99.83,1574780000,99.2753,N
20200132869 - 00,20200131,시도19호선 외 1개소 도로확포장공사 통합건설사업관리용역,경기도 평택시,PQ,2030952000,2023589850,99.63750251,경호+동성,99.7,1606990000,101.1893,N
20200132869 - 00,20200131,시도19호선 외 1개소 도로확포장공사 통합건설사업관리용역,경기도 평택시,PQ,2030952000,2023589850,99.63750251,동부+화신,99.64,1576300000,99.206,N
20200132869 - 00,20200131,시도19호선 외 1개소 도로확포장공사 통합건설사업관리용역,경기도 평택시,PQ,2030952000,2023589850,99.63750251,경원+세일,99.64,1576700000,99.2312,N
20200132869 - 00,20200131,시도19호선 외 1개소 도로확포장공사 통합건설사업관리용역,경기도 평택시,PQ,2030952000,2023589850,99.63750251,KCM+지유,99.63,1576770000,99.2356,N
20200132869 - 00,20200131,시도19호선 외 1개소 도로확포장공사 통합건설사업관리용역,경기도 평택시,PQ,2030952000,2023589850,99.63750251,경동+내경,99.63,1568894000,98.7399,N
20200132869 - 00,20200131,시도19호선 외 1개소 도로확포장공사 통합건설사업관리용역,경기도 평택시,PQ,2030952000,2023589850,99.63750251,신명+다음,99.63,1602739000,100.87,N
20200132869 - 00,20200131,시도19호선 외 1개소 도로확포장공사 통합건설사업관리용역,경기도 평택시,PQ,2030952000,2023589850,99.63750251,다산+벽산+동해,99.57,1572180000,98.8962,N
20200132869 - 00,20200131,시도19호선 외 1개소 도로확포장공사 통합건설사업관리용역,경기도 평택시,PQ,2030952000,2023589850,99.63750251,한맥+오이디,99.44,1617605000,101.6497,N
20200132869 - 00,20200131,시도19호선 외 1개소 도로확포장공사 통합건설사업관리용역,경기도 평택시,PQ,2030952000,2023589850,99.63750251,대콘+kart,99.31,1570999000,98.721,N
20200132869 - 00,20200131,시도19호선 외 1개소 도로확포장공사 통합건설사업관리용역,경기도 평택시,PQ,2030952000,2023589850,99.63750251,한종+동일+용마,98.83,1622200000,101.9384,N
20200206474 - 01,20200205,오송바이오메디컬지구 진입도로 개설사업 감독권한대행 등 건설사업관리 용역,충북개발공사,PQ,1472070000,1463406900,99.41150217,도화+지명,100,1141200000,99.3955,N
20200206474 - 01,20200205,오송바이오메디컬지구 진입도로 개설사업 감독권한대행 등 건설사업관리 용역,충북개발공사,PQ,1472070000,1463406900,99.41150217,동일+동림,100,1143500000,99.5958,Y
20200206474 - 01,20200205,오송바이오메디컬지구 진입도로 개설사업 감독권한대행 등 건설사업관리 용역,충북개발공사,PQ,1472070000,1463406900,99.41150217,삼보+건양,100,1146380000,99.8466,N
20200206474 - 01,20200205,오송바이오메디컬지구 진입도로 개설사업 감독권한대행 등 건설사업관리 용역,충북개발공사,PQ,1472070000,1463406900,99.41150217,천일+한맥E,100,1146830000,99.8858,N
20200206474 - 01,20200205,오송바이오메디컬지구 진입도로 개설사업 감독권한대행 등 건설사업관리 용역,충북개발공사,PQ,1472070000,1463406900,99.41150217,홍익+한기,100,1144250000,99.6611,N
20200206474 - 01,20200205,오송바이오메디컬지구 진입도로 개설사업 감독권한대행 등 건설사업관리 용역,충북개발공사,PQ,1472070000,1463406900,99.41150217,수성+창민,99.98,1154149000,100.4975,N
20200206474 - 01,20200205,오송바이오메디컬지구 진입도로 개설사업 감독권한대행 등 건설사업관리 용역,충북개발공사,PQ,1472070000,1463406900,99.41150217,삼안+신성건축,99.97,1155880000,100.6482,N
20200206474 - 01,20200205,오송바이오메디컬지구 진입도로 개설사업 감독권한대행 등 건설사업관리 용역,충북개발공사,PQ,1472070000,1463406900,99.41150217,경호+해림,99.95,1141790000,99.3959,N
20200206474 - 01,20200205,오송바이오메디컬지구 진입도로 개설사업 감독권한대행 등 건설사업관리 용역,충북개발공사,PQ,1472070000,1463406900,99.41150217,극동+건일,99.75,1141407000,99.21,N
20200206474 - 01,20200205,오송바이오메디컬지구 진입도로 개설사업 감독권한대행 등 건설사업관리 용역,충북개발공사,PQ,1472070000,1463406900,99.41150217,용마+해린+이산,99.74,1143054000,99.3404,N
20200206474 - 01,20200205,오송바이오메디컬지구 진입도로 개설사업 감독권한대행 등 건설사업관리 용역,충북개발공사,PQ,1472070000,1463406900,99.41150217,동명+대원,99.7,1164900000,101.2002,N
20200206474 - 01,20200205,오송바이오메디컬지구 진입도로 개설사업 감독권한대행 등 건설사업관리 용역,충북개발공사,PQ,1472070000,1463406900,99.41150217,KG+청우,99.7,1165470000,101.2497,N
20200206474 - 01,20200205,오송바이오메디컬지구 진입도로 개설사업 감독권한대행 등 건설사업관리 용역,충북개발공사,PQ,1472070000,1463406900,99.41150217,동성+토영,99.66,1164620000,101.15,N
20200206474 - 01,20200205,오송바이오메디컬지구 진입도로 개설사업 감독권한대행 등 건설사업관리 용역,충북개발공사,PQ,1472070000,1463406900,99.41150217,동부+오성,99.65,1136212000,98.67,N
20200206474 - 01,20200205,오송바이오메디컬지구 진입도로 개설사업 감독권한대행 등 건설사업관리 용역,충북개발공사,PQ,1472070000,1463406900,99.41150217,선진+유일,99.64,1139690000,98.9594,N
20200206474 - 01,20200205,오송바이오메디컬지구 진입도로 개설사업 감독권한대행 등 건설사업관리 용역,충북개발공사,PQ,1472070000,1463406900,99.41150217,신명+도우,99.63,1139999000,98.9863,N
20200206474 - 01,20200205,오송바이오메디컬지구 진입도로 개설사업 감독권한대행 등 건설사업관리 용역,충북개발공사,PQ,1472070000,1463406900,99.41150217,대콘+호영,99.58,1117552000,97,N
20200206474 - 01,20200205,오송바이오메디컬지구 진입도로 개설사업 감독권한대행 등 건설사업관리 용역,충북개발공사,PQ,1472070000,1463406900,99.41150217,경원+옥토,99.51,1168700000,101.3747,N
20200206474 - 01,20200205,오송바이오메디컬지구 진입도로 개설사업 감독권한대행 등 건설사업관리 용역,충북개발공사,PQ,1472070000,1463406900,99.41150217,건화+수일(동일전기이앤지),99.45,1172998000,101.6956,N
20200206474 - 01,20200205,오송바이오메디컬지구 진입도로 개설사업 감독권한대행 등 건설사업관리 용역,충북개발공사,PQ,1472070000,1463406900,99.41150217,한종+영진,99.36,1141000000,98.8584,N
20200206474 - 01,20200205,오송바이오메디컬지구 진입도로 개설사업 감독권한대행 등 건설사업관리 용역,충북개발공사,PQ,1472070000,1463406900,99.41150217,제일+도명,99.36,1171490000,101.5001,N
20200206474 - 01,20200205,오송바이오메디컬지구 진입도로 개설사업 감독권한대행 등 건설사업관리 용역,충북개발공사,PQ,1472070000,1463406900,99.41150217,경동+한광,99.25,1138225000,98.53,N
20200206474 - 01,20200205,오송바이오메디컬지구 진입도로 개설사업 감독권한대행 등 건설사업관리 용역,충북개발공사,PQ,1472070000,1463406900,99.41150217,KCM+세광+누리,99.14,1174700000,101.5839,N
20200206474 - 01,20200205,오송바이오메디컬지구 진입도로 개설사업 감독권한대행 등 건설사업관리 용역,충북개발공사,PQ,1472070000,1463406900,99.41150217,화신+세기+한맥,99.03,1140864000,98.57,N
20200206474 - 01,20200205,오송바이오메디컬지구 진입도로 개설사업 감독권한대행 등 건설사업관리 용역,충북개발공사,PQ,1472070000,1463406900,99.41150217,서영+좋은,98.95,1176700000,101.6016,N
20200206147 - 01,20200205,여수시 자연재해저감 종합계획 재수립 용역,전라남도 여수시,PQ,993700000,998273550,100.4602546,동부+한기+세일,98.28,855470000,100.2496,N
20200206147 - 01,20200205,여수시 자연재해저감 종합계획 재수립 용역,전라남도 여수시,PQ,993700000,998273550,100.4602546,평화+신명,98.16,852780000,99.8995,N
20200206147 - 01,20200205,여수시 자연재해저감 종합계획 재수립 용역,전라남도 여수시,PQ,993700000,998273550,100.4602546,삼안+하이콘+KCI,98.13,859320000,100.6539,Y
20200206147 - 01,20200205,여수시 자연재해저감 종합계획 재수립 용역,전라남도 여수시,PQ,993700000,998273550,100.4602546,유신+원우+신오,97.7,849077000,99.35,N
20200206147 - 01,20200205,여수시 자연재해저감 종합계획 재수립 용역,전라남도 여수시,PQ,993700000,998273550,100.4602546,한종+동아+삼경,97.52,863400000,100.979,N
20200206147 - 01,20200205,여수시 자연재해저감 종합계획 재수립 용역,전라남도 여수시,PQ,993700000,998273550,100.4602546,건화+우리종합+하우,97.18,875000000,102.2406,N
20200206147 - 01,20200205,여수시 자연재해저감 종합계획 재수립 용역,전라남도 여수시,PQ,993700000,998273550,100.4602546,이산+대현,96.12,849490000,98.9955,N
20200206147 - 01,20200205,여수시 자연재해저감 종합계획 재수립 용역,전라남도 여수시,PQ,993700000,998273550,100.4602546,화신+우영,92.42,887700000,102.487,N
20200205355 - 00,20200205,덕동댐 비상대처계획(EAP) 수립 용역,경상북도 경주시 맑은물사업본부 수도행정과,PQ,448800000,446731075,99.53900958,삼안+다산,99.18,389400000,99.9421,N
20200205355 - 00,20200205,덕동댐 비상대처계획(EAP) 수립 용역,경상북도 경주시 맑은물사업본부 수도행정과,PQ,448800000,446731075,99.53900958,한종+건일+청명,98.52,389800000,99.9756,N
20200205355 - 00,20200205,덕동댐 비상대처계획(EAP) 수립 용역,경상북도 경주시 맑은물사업본부 수도행정과,PQ,448800000,446731075,99.53900958,동부+동진,98.37,391380000,100.3693,N
20200205355 - 00,20200205,덕동댐 비상대처계획(EAP) 수립 용역,경상북도 경주시 맑은물사업본부 수도행정과,PQ,448800000,446731075,99.53900958,도화+금일,98.28,391380000,100.3578,N
20200205355 - 00,20200205,덕동댐 비상대처계획(EAP) 수립 용역,경상북도 경주시 맑은물사업본부 수도행정과,PQ,448800000,446731075,99.53900958,KG+보람,98.28,388776000,99.69,Y
20200205355 - 00,20200205,덕동댐 비상대처계획(EAP) 수립 용역,경상북도 경주시 맑은물사업본부 수도행정과,PQ,448800000,446731075,99.53900958,평화+보원+드림,97.98,388300000,99.5336,N
20200205355 - 00,20200205,덕동댐 비상대처계획(EAP) 수립 용역,경상북도 경주시 맑은물사업본부 수도행정과,PQ,448800000,446731075,99.53900958,이산+강동,97.9,386220000,99.0005,N
20200205355 - 00,20200205,덕동댐 비상대처계획(EAP) 수립 용역,경상북도 경주시 맑은물사업본부 수도행정과,PQ,448800000,446731075,99.53900958,동성+동일,97.88,387433000,99.3,N
20200205355 - 00,20200205,덕동댐 비상대처계획(EAP) 수립 용역,경상북도 경주시 맑은물사업본부 수도행정과,PQ,448800000,446731075,99.53900958,유신+강산,97.73,387243000,99.2399,N
20200205355 - 00,20200205,덕동댐 비상대처계획(EAP) 수립 용역,경상북도 경주시 맑은물사업본부 수도행정과,PQ,448800000,446731075,99.53900958,경호+주하,97.62,396000000,101.4724,N
20200205355 - 00,20200205,덕동댐 비상대처계획(EAP) 수립 용역,경상북도 경주시 맑은물사업본부 수도행정과,PQ,448800000,446731075,99.53900958,건화+KCI,97.53,398980000,102.236,N
20200205355 - 00,20200205,덕동댐 비상대처계획(EAP) 수립 용역,경상북도 경주시 맑은물사업본부 수도행정과,PQ,448800000,446731075,99.53900958,화신+현대기술,96.68,386358000,98.9107,N
대전지방국토관리청 공고 제2020-17호,20200204,"동면~진천(제1,2공구) 도로건설공사 전략 및 환경영향평가용역 ",대전지방국토관리청,PQ,765000000,762706925,99.70025163,홍익+소운,98.24,639890000,100.0368,N
대전지방국토관리청 공고 제2020-17호,20200204,"동면~진천(제1,2공구) 도로건설공사 전략 및 환경영향평가용역 ",대전지방국토관리청,PQ,765000000,762706925,99.70025163,다산+엔탑,98.13,641680000,100.2686,N
대전지방국토관리청 공고 제2020-17호,20200204,"동면~진천(제1,2공구) 도로건설공사 전략 및 환경영향평가용역 ",대전지방국토관리청,PQ,765000000,762706925,99.70025163,이산+동아+휴먼,98.09,639280000,99.8817,Y
대전지방국토관리청 공고 제2020-17호,20200204,"동면~진천(제1,2공구) 도로건설공사 전략 및 환경영향평가용역 ",대전지방국토관리청,PQ,765000000,762706925,99.70025163,건화+우신,98.06,641890000,100.2775,N
대전지방국토관리청 공고 제2020-17호,20200204,"동면~진천(제1,2공구) 도로건설공사 전략 및 환경영향평가용역 ",대전지방국토관리청,PQ,765000000,762706925,99.70025163,천일+한종+한국환경+경원,98.03,637490000,99.5782,N
대전지방국토관리청 공고 제2020-17호,20200204,"동면~진천(제1,2공구) 도로건설공사 전략 및 환경영향평가용역 ",대전지방국토관리청,PQ,765000000,762706925,99.70025163,서영+퍼스트,97.94,646200000,100.9026,N
대전지방국토관리청 공고 제2020-17호,20200204,"동면~진천(제1,2공구) 도로건설공사 전략 및 환경영향평가용역 ",대전지방국토관리청,PQ,765000000,762706925,99.70025163,신성+건일,97.5,654470000,101.999,N
대전지방국토관리청 공고 제2020-17호,20200204,"동면~진천(제1,2공구) 도로건설공사 전략 및 환경영향평가용역 ",대전지방국토관리청,PQ,765000000,762706925,99.70025163,평화+선진,97.49,638000000,99.4321,N
2020-02-000026-00,20200206,경의중앙선 KTX 행신역 외 3개소 승강장개량 기타공사 감독 권한대행 등 건설사업관리용역,한국철도시설공단,PQ,1166157000,1153965790,98.95458244,KRTC+경동,100,908635000,99.9,N
2020-02-000026-00,20200206,경의중앙선 KTX 행신역 외 3개소 승강장개량 기타공사 감독 권한대행 등 건설사업관리용역,한국철도시설공단,PQ,1166157000,1153965790,98.95458244,동명,100,919500000,101.0946,N
2020-02-000026-00,20200206,경의중앙선 KTX 행신역 외 3개소 승강장개량 기타공사 감독 권한대행 등 건설사업관리용역,한국철도시설공단,PQ,1166157000,1153965790,98.95458244,유신,100,909998000,100.0499,N
2020-02-000026-00,20200206,경의중앙선 KTX 행신역 외 3개소 승강장개량 기타공사 감독 권한대행 등 건설사업관리용역,한국철도시설공단,PQ,1166157000,1153965790,98.95458244,수성+진우,99.74,906197999,99.4027,N
2020-02-000026-00,20200206,경의중앙선 KTX 행신역 외 3개소 승강장개량 기타공사 감독 권한대행 등 건설사업관리용역,한국철도시설공단,PQ,1166157000,1153965790,98.95458244,동해+서영+일신,99.52,905640000,99.1386,Y
2020-02-000026-00,20200206,경의중앙선 KTX 행신역 외 3개소 승강장개량 기타공사 감독 권한대행 등 건설사업관리용역,한국철도시설공단,PQ,1166157000,1153965790,98.95458244,대건+건화+신승,97.98,1100000000,118.7922,N
2020-02-000025-00,20200206,경부선 금천구청역 구내외 1개소 재해예방 및 경부고속선 점검시설 23개소 설치 기타공사 감독 권한대행 등 건설사업관리용역,한국철도시설공단,PQ,465554000,463104161,99.47377984,유신,100,391953000,99.4397,N
2020-02-000025-00,20200206,경부선 금천구청역 구내외 1개소 재해예방 및 경부고속선 점검시설 23개소 설치 기타공사 감독 권한대행 등 건설사업관리용역,한국철도시설공단,PQ,465554000,463104161,99.47377984,동명,100,393490000,99.8297,N
2020-02-000025-00,20200206,경부선 금천구청역 구내외 1개소 재해예방 및 경부고속선 점검시설 23개소 설치 기타공사 감독 권한대행 등 건설사업관리용역,한국철도시설공단,PQ,465554000,463104161,99.47377984,삼안+태조,100,396000000,100.4665,N
2020-02-000025-00,20200206,경부선 금천구청역 구내외 1개소 재해예방 및 경부고속선 점검시설 23개소 설치 기타공사 감독 권한대행 등 건설사업관리용역,한국철도시설공단,PQ,465554000,463104161,99.47377984,대콘+동우,100,392392000,99.5511,Y
2020-02-000025-00,20200206,경부선 금천구청역 구내외 1개소 재해예방 및 경부고속선 점검시설 23개소 설치 기타공사 감독 권한대행 등 건설사업관리용역,한국철도시설공단,PQ,465554000,463104161,99.47377984,KRTC+경동,99.9,396178000,100.4998,N
2020-02-000025-00,20200206,경부선 금천구청역 구내외 1개소 재해예방 및 경부고속선 점검시설 23개소 설치 기타공사 감독 권한대행 등 건설사업관리용역,한국철도시설공단,PQ,465554000,463104161,99.47377984,동일+이산,99.9,396800000,100.6576,N
2020-02-000025-00,20200206,경부선 금천구청역 구내외 1개소 재해예방 및 경부고속선 점검시설 23개소 설치 기타공사 감독 권한대행 등 건설사업관리용역,한국철도시설공단,PQ,465554000,463104161,99.47377984,서영+신성,99.9,391700000,99.3638,N
2020-02-000025-00,20200206,경부선 금천구청역 구내외 1개소 재해예방 및 경부고속선 점검시설 23개소 설치 기타공사 감독 권한대행 등 건설사업관리용역,한국철도시설공단,PQ,465554000,463104161,99.47377984,신승+건화+대건,98.3,398900000,100.9994,N
2020-02-000025-00,20200206,경부선 금천구청역 구내외 1개소 재해예방 및 경부고속선 점검시설 23개소 설치 기타공사 감독 권한대행 등 건설사업관리용역,한국철도시설공단,PQ,465554000,463104161,99.47377984,동해,97.55,419000000,106.0012,N
20200207247 - 00,20200206,고성군 현내면 평화지역 경관조성사업 세부설계 용역,한국농어촌공사 강원지역본부,PQ,237618000,0,0,건화(오월건축),100,213800000,103.7251,Y
20200208318 - 01,20200206,합천 풍수해 생활권 종합정비사업 기본 및 실시설계용역,경상남도 합천군,PQ,1340000000,1325219800,98.897,삼안+KSM+한맥+경화,99.84,1054240000,100.7293,Y
20200208318 - 01,20200206,합천 풍수해 생활권 종합정비사업 기본 및 실시설계용역,경상남도 합천군,PQ,1340000000,1325219800,98.897,동부+한성,97.7,1076680000,101.1,N
20200208318 - 01,20200206,합천 풍수해 생활권 종합정비사업 기본 및 실시설계용역,경상남도 합천군,PQ,1340000000,1325219800,98.897,이산+한올+제일,97.63,1053720000,98.8943,N
20200208318 - 01,20200206,합천 풍수해 생활권 종합정비사업 기본 및 실시설계용역,경상남도 합천군,PQ,1340000000,1325219800,98.897,건화+하우+KCI(성진기술단),97.6,1079600000,101.2977,N
20200208318 - 01,20200206,합천 풍수해 생활권 종합정비사업 기본 및 실시설계용역,경상남도 합천군,PQ,1340000000,1325219800,98.897,도화+HEC,97.54,1054450000,98.8882,N
20200208318 - 01,20200206,합천 풍수해 생활권 종합정비사업 기본 및 실시설계용역,경상남도 합천군,PQ,1340000000,1325219800,98.897,유신+수성+화성,97.46,1085647000,101.75,N
20200208318 - 01,20200206,합천 풍수해 생활권 종합정비사업 기본 및 실시설계용역,경상남도 합천군,PQ,1340000000,1325219800,98.897,화신+신화,97.33,1053736000,98.6601,N
20200208318 - 01,20200206,합천 풍수해 생활권 종합정비사업 기본 및 실시설계용역,경상남도 합천군,PQ,1340000000,1325219800,98.897,한종+천진+보람,97.03,1100000000,102.7339,N
20200208456 - 00,20200206,구례군 공공하수처리시설 증설공사 외 1건 기본 및 실시설계용역,전라남도 구례군 상하수도사업소,PQ,708880000,711205150,100.3280033,동명+우리,99.57,611800000,100.8297,Y
20200208456 - 00,20200206,구례군 공공하수처리시설 증설공사 외 1건 기본 및 실시설계용역,전라남도 구례군 상하수도사업소,PQ,708880000,711205150,100.3280033,삼안+동아,97.7,607530000,99.6486,N
20200208456 - 00,20200206,구례군 공공하수처리시설 증설공사 외 1건 기본 및 실시설계용역,전라남도 구례군 상하수도사업소,PQ,708880000,711205150,100.3280033,선진+건영,97.68,613900000,100.6934,N
20200208456 - 00,20200206,구례군 공공하수처리시설 증설공사 외 1건 기본 및 실시설계용역,전라남도 구례군 상하수도사업소,PQ,708880000,711205150,100.3280033,한종+우영,97.68,608150000,99.7503,N
20200208456 - 00,20200206,구례군 공공하수처리시설 증설공사 외 1건 기본 및 실시설계용역,전라남도 구례군 상하수도사업소,PQ,708880000,711205150,100.3280033,KG+한기,97.66,611085000,100.2201,N
20200208456 - 00,20200206,구례군 공공하수처리시설 증설공사 외 1건 기본 및 실시설계용역,전라남도 구례군 상하수도사업소,PQ,708880000,711205150,100.3280033,유신+도화+하이콘,97.65,604766000,99.1837,N
20200208456 - 00,20200206,구례군 공공하수처리시설 증설공사 외 1건 기본 및 실시설계용역,전라남도 구례군 상하수도사업소,PQ,708880000,711205150,100.3280033,제일+경동+원우,97.63,615300000,100.9113,N
20200208456 - 00,20200206,구례군 공공하수처리시설 증설공사 외 1건 기본 및 실시설계용역,전라남도 구례군 상하수도사업소,PQ,708880000,711205150,100.3280033,이산+우빈,97.6,612940000,100.5126,N
20200208456 - 00,20200206,구례군 공공하수처리시설 증설공사 외 1건 기본 및 실시설계용역,전라남도 구례군 상하수도사업소,PQ,708880000,711205150,100.3280033,경동+평화,97.5,604856000,99.1639,N
20200208456 - 00,20200206,구례군 공공하수처리시설 증설공사 외 1건 기본 및 실시설계용역,전라남도 구례군 상하수도사업소,PQ,708880000,711205150,100.3280033,범한+신명,97.42,630000000,103.2622,N
20200207111 - 00,20200206,도봉산~옥정 광역철도 건설공사 사후환경영향조사용역,경기도,PQ,1994191000,1981762250,99.37675228,홍익+동부+마린,98.75,1579965000,100.55,N
20200207111 - 00,20200206,도봉산~옥정 광역철도 건설공사 사후환경영향조사용역,경기도,PQ,1994191000,1981762250,99.37675228,KG+수성+보드플랜,98.44,1571688000,99.77,N
20200207111 - 00,20200206,도봉산~옥정 광역철도 건설공사 사후환경영향조사용역,경기도,PQ,1994191000,1981762250,99.37675228,선진+한맥+DS,98.42,1574020000,99.8927,N
20200207111 - 00,20200206,도봉산~옥정 광역철도 건설공사 사후환경영향조사용역,경기도,PQ,1994191000,1981762250,99.37675228,신성+동일+다원,98.37,1569720000,99.582,Y
20200207111 - 00,20200206,도봉산~옥정 광역철도 건설공사 사후환경영향조사용역,경기도,PQ,1994191000,1981762250,99.37675228,이산+한국환경,98.26,1564700000,99.1758,N
20200207111 - 00,20200206,도봉산~옥정 광역철도 건설공사 사후환경영향조사용역,경기도,PQ,1994191000,1981762250,99.37675228,동아+건화+우신,98.22,1585200000,100.4497,N
20200207111 - 00,20200206,도봉산~옥정 광역철도 건설공사 사후환경영향조사용역,경기도,PQ,1994191000,1981762250,99.37675228,삼안+경동+휴먼,98.17,1593900000,100.95,N
20200207111 - 00,20200206,도봉산~옥정 광역철도 건설공사 사후환경영향조사용역,경기도,PQ,1994191000,1981762250,99.37675228,한종+천일+소운,98,1596220000,100.9694,N
20200207111 - 00,20200206,도봉산~옥정 광역철도 건설공사 사후환경영향조사용역,경기도,PQ,1994191000,1981762250,99.37675228,도화+신일환경,97.97,1601200000,101.2589,N
20200207111 - 00,20200206,도봉산~옥정 광역철도 건설공사 사후환경영향조사용역,경기도,PQ,1994191000,1981762250,99.37675228,동성+퍼스트,97.8,1560550000,98.5515,N
20200207111 - 00,20200206,도봉산~옥정 광역철도 건설공사 사후환경영향조사용역,경기도,PQ,1994191000,1981762250,99.37675228,경호+예평+중천,97.74,1611811000,101.7374,N
20200207111 - 00,20200206,도봉산~옥정 광역철도 건설공사 사후환경영향조사용역,경기도,PQ,1994191000,1981762250,99.37675228,다산+엔탑,97.74,1562999900,98.6565,N
20200207111 - 00,20200206,도봉산~옥정 광역철도 건설공사 사후환경영향조사용역,경기도,PQ,1994191000,1981762250,99.37675228,서영+라임,97.69,1606300000,101.3513,N
20200207111 - 00,20200206,도봉산~옥정 광역철도 건설공사 사후환경영향조사용역,경기도,PQ,1994191000,1981762250,99.37675228,화신+동명+세광+동진,97.64,1615800000,101.8994,N
20200207111 - 00,20200206,도봉산~옥정 광역철도 건설공사 사후환경영향조사용역,경기도,PQ,1994191000,1981762250,99.37675228,평화+레오,97.22,1630600000,102.4976,N
20200209096 - 00,20200207,보림천 생태하천 복원사업 실시설계용역,경상북도 문경시,PQ,831990000,840994250,101.0822546,이산+보원,97.81,719780000,100.6141,N
20200209096 - 00,20200207,보림천 생태하천 복원사업 실시설계용역,경상북도 문경시,PQ,831990000,840994250,101.0822546,도화+동성+청우,97.34,715087000,99.842,N
20200209096 - 00,20200207,보림천 생태하천 복원사업 실시설계용역,경상북도 문경시,PQ,831990000,840994250,101.0822546,삼안+다산,96.56,713977000,99.4906,N
20200209096 - 00,20200207,보림천 생태하천 복원사업 실시설계용역,경상북도 문경시,PQ,831990000,840994250,101.0822546,한종,96.39,727000000,101.2583,Y
20200209096 - 00,20200207,보림천 생태하천 복원사업 실시설계용역,경상북도 문경시,PQ,831990000,840994250,101.0822546,화신+한백,96.14,712498000,99.181,N
20200209096 - 00,20200207,보림천 생태하천 복원사업 실시설계용역,경상북도 문경시,PQ,831990000,840994250,101.0822546,건화(석우),94.79,712900000,98.8933,N
20200209499 - 00,20200207,시도30호선(방성-산북) 도로확포장공사 건설사업관리용역,경기도 양주시,PQ,1694726000,1689290225,99.67925346,수성+건영+토아,100,1319956000,99.8604,Y
20200209499 - 00,20200207,시도30호선(방성-산북) 도로확포장공사 건설사업관리용역,경기도 양주시,PQ,1694726000,1689290225,99.67925346,신성+KSM,100,1322880000,100.0816,N
20200209499 - 00,20200207,시도30호선(방성-산북) 도로확포장공사 건설사업관리용역,경기도 양주시,PQ,1694726000,1689290225,99.67925346,천일+동부,100,1330390000,100.6498,N
20200209499 - 00,20200207,시도30호선(방성-산북) 도로확포장공사 건설사업관리용역,경기도 양주시,PQ,1694726000,1689290225,99.67925346,KCM+지유,100,1316970000,99.6345,N
20200209499 - 00,20200207,시도30호선(방성-산북) 도로확포장공사 건설사업관리용역,경기도 양주시,PQ,1694726000,1689290225,99.67925346,KG+한기,100,1316250000,99.58,N
20200209499 - 00,20200207,시도30호선(방성-산북) 도로확포장공사 건설사업관리용역,경기도 양주시,PQ,1694726000,1689290225,99.67925346,천마+벽산,99.87,1316600000,99.4917,N
20200209499 - 00,20200207,시도30호선(방성-산북) 도로확포장공사 건설사업관리용역,경기도 양주시,PQ,1694726000,1689290225,99.67925346,유신+경호,99.85,1331755000,100.624,N
20200209499 - 00,20200207,시도30호선(방성-산북) 도로확포장공사 건설사업관리용역,경기도 양주시,PQ,1694726000,1689290225,99.67925346,경원+세일,99.8,1334600000,100.8002,N
20200209499 - 00,20200207,시도30호선(방성-산북) 도로확포장공사 건설사업관리용역,경기도 양주시,PQ,1694726000,1689290225,99.67925346,신명+다음,99.74,1314314000,99.2173,N
20200209499 - 00,20200207,시도30호선(방성-산북) 도로확포장공사 건설사업관리용역,경기도 양주시,PQ,1694726000,1689290225,99.67925346,동명+도화,99.73,1340750000,101.2,N
20200209499 - 00,20200207,시도30호선(방성-산북) 도로확포장공사 건설사업관리용역,경기도 양주시,PQ,1694726000,1689290225,99.67925346,대콘+동우,99.7,1289400000,97.2992,N
20200209499 - 00,20200207,시도30호선(방성-산북) 도로확포장공사 건설사업관리용역,경기도 양주시,PQ,1694726000,1689290225,99.67925346,서영+범한,99.7,1337700000,100.9439,N
20200209499 - 00,20200207,시도30호선(방성-산북) 도로확포장공사 건설사업관리용역,경기도 양주시,PQ,1694726000,1689290225,99.67925346,용마+한종,99.68,1341120000,101.1891,N
20200209499 - 00,20200207,시도30호선(방성-산북) 도로확포장공사 건설사업관리용역,경기도 양주시,PQ,1694726000,1689290225,99.67925346,KCI+목양,99.66,1345400000,101.499,N
20200209499 - 00,20200207,시도30호선(방성-산북) 도로확포장공사 건설사업관리용역,경기도 양주시,PQ,1694726000,1689290225,99.67925346,홍익+케이아트,99.64,1308230000,98.6696,N
20200209499 - 00,20200207,시도30호선(방성-산북) 도로확포장공사 건설사업관리용역,경기도 양주시,PQ,1694726000,1689290225,99.67925346,하이콘+케이탑,99.61,1338760000,100.9594,N
20200209499 - 00,20200207,시도30호선(방성-산북) 도로확포장공사 건설사업관리용역,경기도 양주시,PQ,1694726000,1689290225,99.67925346,극동+내경,99.6,1340662000,101.0899,N
20200209499 - 00,20200207,시도30호선(방성-산북) 도로확포장공사 건설사업관리용역,경기도 양주시,PQ,1694726000,1689290225,99.67925346,이산+다산,99.6,1308870000,98.6927,N
20200209499 - 00,20200207,시도30호선(방성-산북) 도로확포장공사 건설사업관리용역,경기도 양주시,PQ,1694726000,1689290225,99.67925346,건화+동일,99.5,1348400000,101.5955,N
20200209499 - 00,20200207,시도30호선(방성-산북) 도로확포장공사 건설사업관리용역,경기도 양주시,PQ,1694726000,1689290225,99.67925346,동성+오이디,99.48,1347477000,101.5,N
20200209499 - 00,20200207,시도30호선(방성-산북) 도로확포장공사 건설사업관리용역,경기도 양주시,PQ,1694726000,1689290225,99.67925346,경동+서현,99.4,1344690000,101.2255,N
20200209499 - 00,20200207,시도30호선(방성-산북) 도로확포장공사 건설사업관리용역,경기도 양주시,PQ,1694726000,1689290225,99.67925346,한맥+효광,99.29,1310300000,98.5486,N
20200209499 - 00,20200207,시도30호선(방성-산북) 도로확포장공사 건설사업관리용역,경기도 양주시,PQ,1694726000,1689290225,99.67925346,삼안+태조,99.1,1355970000,101.9835,N
20200209499 - 00,20200207,시도30호선(방성-산북) 도로확포장공사 건설사업관리용역,경기도 양주시,PQ,1694726000,1689290225,99.67925346,진우+대건,98.66,1650000000,124.0977,N
20200209184 - 04,20200207,강남순환로(성산방향) 연결램프 기본 및 실시설계,서울특별시,PQ,1598494000,1593746525,99.70300326,건화+진우+KG(테크피아),100,1261700000,101.1995,Y
20200209184 - 04,20200207,강남순환로(성산방향) 연결램프 기본 및 실시설계,서울특별시,PQ,1598494000,1593746525,99.70300326,제일+한맥+동부,99.5,1248054000,99.6959,N
20200209184 - 04,20200207,강남순환로(성산방향) 연결램프 기본 및 실시설계,서울특별시,PQ,1598494000,1593746525,99.70300326,삼안+태조,99.3,1246190000,99.3821,N
20200209184 - 04,20200207,강남순환로(성산방향) 연결램프 기본 및 실시설계,서울특별시,PQ,1598494000,1593746525,99.70300326,도화+경동+신명,99.27,1269100000,101.1833,N
20200209184 - 04,20200207,강남순환로(성산방향) 연결램프 기본 및 실시설계,서울특별시,PQ,1598494000,1593746525,99.70300326,동일+이산,99.04,1245000000,99.0725,N
20200209184 - 04,20200207,강남순환로(성산방향) 연결램프 기본 및 실시설계,서울특별시,PQ,1598494000,1593746525,99.70300326,유신+동해,99.01,1244155000,98.98,N
20200209184 - 04,20200207,강남순환로(성산방향) 연결램프 기본 및 실시설계,서울특별시,PQ,1598494000,1593746525,99.70300326,천일+동명+신성,98.94,1274400000,101.3347,N
20200209184 - 04,20200207,강남순환로(성산방향) 연결램프 기본 및 실시설계,서울특별시,PQ,1598494000,1593746525,99.70300326,대콘+극동+서영,98.5,1288000000,102.0529,N
20200209184 - 04,20200207,강남순환로(성산방향) 연결램프 기본 및 실시설계,서울특별시,PQ,1598494000,1593746525,99.70300326,홍익+KRTC,97.33,1303383000,102.3,N
20200209184 - 04,20200207,강남순환로(성산방향) 연결램프 기본 및 실시설계,서울특별시,PQ,1598494000,1593746525,99.70300326,용마+드림+서우,94.64,1485000000,114.0786,N
20200211150 - 01,20200210,안강지구 풍수해생활권 종합정비사업 기본 및 실시설계용역,경상북도 경주시,SOQ,2227251000,2241867375,100.6562518,한종+청명+반석,98.57,1792800000,102.0007,Y
20200211150 - 01,20200210,안강지구 풍수해생활권 종합정비사업 기본 및 실시설계용역,경상북도 경주시,SOQ,2227251000,2241867375,100.6562518,도화+보원+태성,95.3,1834856000,101.7,N
20200211150 - 01,20200210,안강지구 풍수해생활권 종합정비사업 기본 및 실시설계용역,경상북도 경주시,SOQ,2227251000,2241867375,100.6562518,삼안+동성+건일,93.64,1795750000,98.2349,N
20200211150 - 01,20200210,안강지구 풍수해생활권 종합정비사업 기본 및 실시설계용역,경상북도 경주시,SOQ,2227251000,2241867375,100.6562518,이산+강산+삼보,92.92,2000000000,108.7984,N
20200211150 - 01,20200210,안강지구 풍수해생활권 종합정비사업 기본 및 실시설계용역,경상북도 경주시,SOQ,2227251000,2241867375,100.6562518,유신+보람+강동,92.65,1959980000,106.4022,N
20200211150 - 01,20200210,안강지구 풍수해생활권 종합정비사업 기본 및 실시설계용역,경상북도 경주시,SOQ,2227251000,2241867375,100.6562518,건화+다산+KCI(탄탄+석우),91.34,1906000000,102.4314,N
20200202355 - 00,20200204,성주군 정수장 및 관망 기술진단용역,경상북도 성주군,PQ,1256200000,1250019550,99.5080043,도화+한주,100,1002980000,102.3686,Y
20200202355 - 00,20200204,성주군 정수장 및 관망 기술진단용역,경상북도 성주군,PQ,1256200000,1250019550,99.5080043,한종+삼보,97.73,987955000,98.9822,N
20200202355 - 00,20200204,성주군 정수장 및 관망 기술진단용역,경상북도 성주군,PQ,1256200000,1250019550,99.5080043,건화+청우,96.24,1180000000,116.8262,N
20200213080 - 00,20200210,수민지구 우수저류시설 설치사업 기본 및 실시설계용역,부산광역시 동래구,PQ,1421860000,1418582675,99.76950438,이산+수성+제일,99.15,1122390000,100.5005,Y
20200213080 - 00,20200210,수민지구 우수저류시설 설치사업 기본 및 실시설계용역,부산광역시 동래구,PQ,1421860000,1418582675,99.76950438,KG+한진+한맥,99.09,1113570000,99.66,N
20200213080 - 00,20200210,수민지구 우수저류시설 설치사업 기본 및 실시설계용역,부산광역시 동래구,PQ,1421860000,1418582675,99.76950438,다산+신화+일신+서광,98.62,1123950000,100.2065,N
20200213080 - 00,20200210,수민지구 우수저류시설 설치사업 기본 및 실시설계용역,부산광역시 동래구,PQ,1421860000,1418582675,99.76950438,도화+거원+삼보,98.43,1115670000,99.3172,N
20200213080 - 00,20200210,수민지구 우수저류시설 설치사업 기본 및 실시설계용역,부산광역시 동래구,PQ,1421860000,1418582675,99.76950438,동명+한성+신명,98.42,1115055000,99.2499,N
20200213080 - 00,20200210,수민지구 우수저류시설 설치사업 기본 및 실시설계용역,부산광역시 동래구,PQ,1421860000,1418582675,99.76950438,동부+범한,98.38,1132670000,100.7922,N
20200213080 - 00,20200210,수민지구 우수저류시설 설치사업 기본 및 실시설계용역,부산광역시 동래구,PQ,1421860000,1418582675,99.76950438,건화+한가람+하우,98.32,1136400000,101.073,N
20200213080 - 00,20200210,수민지구 우수저류시설 설치사업 기본 및 실시설계용역,부산광역시 동래구,PQ,1421860000,1418582675,99.76950438,한종+KSM+정,98.23,1110600000,98.7034,N
20200213080 - 00,20200210,수민지구 우수저류시설 설치사업 기본 및 실시설계용역,부산광역시 동래구,PQ,1421860000,1418582675,99.76950438,삼안+삼영+KCI,98.06,1110340000,98.5433,N
20200213080 - 00,20200210,수민지구 우수저류시설 설치사업 기본 및 실시설계용역,부산광역시 동래구,PQ,1421860000,1418582675,99.76950438,평화+한올+경동,98.05,1144500000,101.5751,N
20200213080 - 00,20200210,수민지구 우수저류시설 설치사업 기본 및 실시설계용역,부산광역시 동래구,PQ,1421860000,1418582675,99.76950438,유신+화성,97.85,1149706000,101.87,N
20200213080 - 00,20200210,수민지구 우수저류시설 설치사업 기본 및 실시설계용역,부산광역시 동래구,PQ,1421860000,1418582675,99.76950438,경호+경화+주하,97.83,1111057000,98.4331,N
20200213080 - 00,20200210,수민지구 우수저류시설 설치사업 기본 및 실시설계용역,부산광역시 동래구,PQ,1421860000,1418582675,99.76950438,화신+천진+보람,97.51,1308000000,115.5753,N
2020-80046,20200210,"2020년 2권역(충주, 엄정) 절토비탈면,옹벽 정밀안전점검 및 성능평가 용역 ",한국도로공사 충북본부,PQ,1260490000,1263975256,100.2765001,케이에스디,100,940890000,102.2601,Y
2020-80046,20200210,"2020년 2권역(충주, 엄정) 절토비탈면,옹벽 정밀안전점검 및 성능평가 용역 ",한국도로공사 충북본부,PQ,1260490000,1263975256,100.2765001,세안안전+건화,90,1033000000,102.4467,N
20200210928 - 00,20200210,비봉체육공원 조성사업 기본 및 실시설계 용역,경상남도 진주시,PQ,803109000,804373950,100.1575066,건화+수성(오월건축+한올),99.21,688000000,99.9908,N
20200210928 - 00,20200210,비봉체육공원 조성사업 기본 및 실시설계 용역,경상남도 진주시,PQ,803109000,804373950,100.1575066,한종+하우,99.16,687455000,99.8999,N
20200210928 - 00,20200210,비봉체육공원 조성사업 기본 및 실시설계 용역,경상남도 진주시,PQ,803109000,804373950,100.1575066,유신+KSM,99.1,693076000,100.705,Y
20200210928 - 00,20200210,비봉체육공원 조성사업 기본 및 실시설계 용역,경상남도 진주시,PQ,803109000,804373950,100.1575066,선진+천진,99,693360000,100.7227,N
20200210928 - 00,20200210,비봉체육공원 조성사업 기본 및 실시설계 용역,경상남도 진주시,PQ,803109000,804373950,100.1575066,KG+경화,98.9,684494000,99.4,N
20200210928 - 00,20200210,비봉체육공원 조성사업 기본 및 실시설계 용역,경상남도 진주시,PQ,803109000,804373950,100.1575066,경호+인솔,98.71,683555000,99.2173,N
20200210928 - 00,20200210,비봉체육공원 조성사업 기본 및 실시설계 용역,경상남도 진주시,PQ,803109000,804373950,100.1575066,도화+한성,98.3,699290000,101.3949,N
20200210928 - 00,20200210,비봉체육공원 조성사업 기본 및 실시설계 용역,경상남도 진주시,PQ,803109000,804373950,100.1575066,삼안+로텍,96.74,697939000,100.7999,N
20200211552 - 00,20200210,평택시 상수도관망 전문 기술진단 용역,경기도 평택시 상하수도사업소,PQ,1500000000,1490925000,99.395,건화+도화+빅텍+한종,99.54,1183770000,100.7957,Y
20200211552 - 00,20200210,평택시 상수도관망 전문 기술진단 용역,경기도 평택시 상하수도사업소,PQ,1500000000,1490925000,99.395,유신+경호,97.8,1205713000,101.229,N
20200211552 - 00,20200210,평택시 상수도관망 전문 기술진단 용역,경기도 평택시 상하수도사업소,PQ,1500000000,1490925000,99.395,동명+이산,97.8,1182740000,99.3002,N
20200211552 - 00,20200210,평택시 상수도관망 전문 기술진단 용역,경기도 평택시 상하수도사업소,PQ,1500000000,1490925000,99.395,범한+KG+한일,97.75,1178300000,98.8901,N
20200211552 - 00,20200210,평택시 상수도관망 전문 기술진단 용역,경기도 평택시 상하수도사업소,PQ,1500000000,1490925000,99.395,삼안+HEC,97.7,1350000000,113.2432,N
20200213227 - 00,20200210,양양 노후하수관로 정비사업 건설사업관리용역(시공단계),강원도 양양군,PQ,474727000,475314525,100.1237606,건화+서광,100,418500000,101.6265,N
20200213227 - 00,20200210,양양 노후하수관로 정비사업 건설사업관리용역(시공단계),강원도 양양군,PQ,474727000,475314525,100.1237606,동남+한종,100,412150000,100.0845,N
20200213227 - 00,20200210,양양 노후하수관로 정비사업 건설사업관리용역(시공단계),강원도 양양군,PQ,474727000,475314525,100.1237606,건양+한울,100,415343400,100.86,N
20200213227 - 00,20200210,양양 노후하수관로 정비사업 건설사업관리용역(시공단계),강원도 양양군,PQ,474727000,475314525,100.1237606,제일+삼주,100,410850000,99.7688,N
20200213227 - 00,20200210,양양 노후하수관로 정비사업 건설사업관리용역(시공단계),강원도 양양군,PQ,474727000,475314525,100.1237606,용마+형제,100,414634000,100.6877,N
20200213227 - 00,20200210,양양 노후하수관로 정비사업 건설사업관리용역(시공단계),강원도 양양군,PQ,474727000,475314525,100.1237606,이산+일신,100,408400000,99.1739,N
20200213227 - 00,20200210,양양 노후하수관로 정비사업 건설사업관리용역(시공단계),강원도 양양군,PQ,474727000,475314525,100.1237606,동서+경호,99.99,411946000,100.0235,N
20200213227 - 00,20200210,양양 노후하수관로 정비사업 건설사업관리용역(시공단계),강원도 양양군,PQ,474727000,475314525,100.1237606,KCM+지호,99.84,0,0,N
20200213227 - 00,20200210,양양 노후하수관로 정비사업 건설사업관리용역(시공단계),강원도 양양군,PQ,474727000,475314525,100.1237606,범한+영화,99.82,411362000,99.8701,N
20200213227 - 00,20200210,양양 노후하수관로 정비사업 건설사업관리용역(시공단계),강원도 양양군,PQ,474727000,475314525,100.1237606,서영+진화,99.8,414600000,100.6563,Y
20200213227 - 00,20200210,양양 노후하수관로 정비사업 건설사업관리용역(시공단계),강원도 양양군,PQ,474727000,475314525,100.1237606,경원+정민,99.75,417100000,101.2515,N
20200213227 - 00,20200210,양양 노후하수관로 정비사업 건설사업관리용역(시공단계),강원도 양양군,PQ,474727000,475314525,100.1237606,정+대콘,99.44,420000000,101.932,N
20200213699 - 00,20200210,법평 자연재해위험개선지구 정비사업 실시설계 용역,경상남도 산청군,PQ,430639000,432880525,100.5205114,이산+하존,98.71,374190000,100.0424,N
20200213699 - 00,20200210,법평 자연재해위험개선지구 정비사업 실시설계 용역,경상남도 산청군,PQ,430639000,432880525,100.5205114,한종+수성,98.3,373700000,99.8654,N
20200213699 - 00,20200210,법평 자연재해위험개선지구 정비사업 실시설계 용역,경상남도 산청군,PQ,430639000,432880525,100.5205114,화신+신화,98.24,375368000,100.3111,N
20200213699 - 00,20200210,법평 자연재해위험개선지구 정비사업 실시설계 용역,경상남도 산청군,PQ,430639000,432880525,100.5205114,건화+하우,98.23,376390000,100.5727,Y
20200213699 - 00,20200210,법평 자연재해위험개선지구 정비사업 실시설계 용역,경상남도 산청군,PQ,430639000,432880525,100.5205114,동부+한성,98.23,376090000,100.4925,N
20200213699 - 00,20200210,법평 자연재해위험개선지구 정비사업 실시설계 용역,경상남도 산청군,PQ,430639000,432880525,100.5205114,유신+화성,98.2,372151000,99.44,N
20200213699 - 00,20200210,법평 자연재해위험개선지구 정비사업 실시설계 용역,경상남도 산청군,PQ,430639000,432880525,100.5205114,도화+경화,98.17,374330000,100.0222,N
20200213699 - 00,20200210,법평 자연재해위험개선지구 정비사업 실시설계 용역,경상남도 산청군,PQ,430639000,432880525,100.5205114,평화+한올,98.11,372920000,99.634,N
20200213699 - 00,20200210,법평 자연재해위험개선지구 정비사업 실시설계 용역,경상남도 산청군,PQ,430639000,432880525,100.5205114,삼안+KSM,98.03,376640000,100.6279,N
20200213699 - 00,20200210,법평 자연재해위험개선지구 정비사업 실시설계 용역,경상남도 산청군,PQ,430639000,432880525,100.5205114,KG+천진,97.57,371392000,99.1801,N
20200213699 - 00,20200210,법평 자연재해위험개선지구 정비사업 실시설계 용역,경상남도 산청군,PQ,430639000,432880525,100.5205114,경호+창미,97.45,377280000,100.7409,N
20200213550 - 00,20200210,구월지구 우수저류시설 설치사업 실시설계용역,인천광역시 남동구,PQ,550748000,548934700,99.67075686,한종+제일,98.91,474400000,100.4694,N
20200213550 - 00,20200210,구월지구 우수저류시설 설치사업 실시설계용역,인천광역시 남동구,PQ,550748000,548934700,99.67075686,KG+동서,98.9,473608000,100.2899,N
20200213550 - 00,20200210,구월지구 우수저류시설 설치사업 실시설계용역,인천광역시 남동구,PQ,550748000,548934700,99.67075686,KSM+건화(지에스),98.52,476460000,100.7998,N
20200213550 - 00,20200210,구월지구 우수저류시설 설치사업 실시설계용역,인천광역시 남동구,PQ,550748000,548934700,99.67075686,평화+극동,98.25,471480000,99.6766,Y
20200213550 - 00,20200210,구월지구 우수저류시설 설치사업 실시설계용역,인천광역시 남동구,PQ,550748000,548934700,99.67075686,다산+바우,97.76,469770000,99.188,N
20200213550 - 00,20200210,구월지구 우수저류시설 설치사업 실시설계용역,인천광역시 남동구,PQ,550748000,548934700,99.67075686,경호+주하,97.38,490000000,103.3632,N
20200213524 - 01,20200210,간석지구 우수저류시설 설치사업 실시설계용역,인천광역시 남동구,PQ,932558000,923976175,99.07975429,동부+동명,98.88,800800000,100.1473,N
20200213524 - 01,20200210,간석지구 우수저류시설 설치사업 실시설계용역,인천광역시 남동구,PQ,932558000,923976175,99.07975429,KG+동서,98.84,802034000,100.29,N
20200213524 - 01,20200210,간석지구 우수저류시설 설치사업 실시설계용역,인천광역시 남동구,PQ,932558000,923976175,99.07975429,한종+제일,98.76,797400000,99.6873,N
20200213524 - 01,20200210,간석지구 우수저류시설 설치사업 실시설계용역,인천광역시 남동구,PQ,932558000,923976175,99.07975429,건화+경동+KSM(한라+대한건설),98.64,799789000,99.9626,N
20200213524 - 01,20200210,간석지구 우수저류시설 설치사업 실시설계용역,인천광역시 남동구,PQ,932558000,923976175,99.07975429,유신+서영,98.36,794495000,99.22,Y
20200213524 - 01,20200210,간석지구 우수저류시설 설치사업 실시설계용역,인천광역시 남동구,PQ,932558000,923976175,99.07975429,평화+극동,98.28,807580000,100.8423,N
20200213524 - 01,20200210,간석지구 우수저류시설 설치사업 실시설계용역,인천광역시 남동구,PQ,932558000,923976175,99.07975429,다산+바우,97.88,793890000,99.0291,N
20200213524 - 01,20200210,간석지구 우수저류시설 설치사업 실시설계용역,인천광역시 남동구,PQ,932558000,923976175,99.07975429,경호+주하,97.47,817000000,101.8052,N
20200213524 - 01,20200210,간석지구 우수저류시설 설치사업 실시설계용역,인천광역시 남동구,PQ,932558000,923976175,99.07975429,이산+화신,96.87,815000000,101.4028,N
20200213297 - 00,20200210,충북 청주전시관 건립사업 사후환경영향조사 용역,충북개발공사,PQ,401500000,401177850,99.91976339,서영+유일,98.63,345500000,99.0644,N
20200213297 - 00,20200210,충북 청주전시관 건립사업 사후환경영향조사 용역,충북개발공사,PQ,401500000,401177850,99.91976339,신성+홍익+중천,98.52,347900000,99.7411,N
20200213297 - 00,20200210,충북 청주전시관 건립사업 사후환경영향조사 용역,충북개발공사,PQ,401500000,401177850,99.91976339,동성+세종+DS,98.35,350418000,100.4399,Y
20200213297 - 00,20200210,충북 청주전시관 건립사업 사후환경영향조사 용역,충북개발공사,PQ,401500000,401177850,99.91976339,도화+지명+신일환경,98.06,347570000,99.6006,N
20200213297 - 00,20200210,충북 청주전시관 건립사업 사후환경영향조사 용역,충북개발공사,PQ,401500000,401177850,99.91976339,경동+KG+건양+창민,97.95,347788000,99.6516,N
20200213297 - 00,20200210,충북 청주전시관 건립사업 사후환경영향조사 용역,충북개발공사,PQ,401500000,401177850,99.91976339,수성+도명,97.89,348260000,99.7869,N
20200213297 - 00,20200210,충북 청주전시관 건립사업 사후환경영향조사 용역,충북개발공사,PQ,401500000,401177850,99.91976339,평화+동림+조은+CNS,97.76,347880000,99.655,N
20200213297 - 00,20200210,충북 청주전시관 건립사업 사후환경영향조사 용역,충북개발공사,PQ,401500000,401177850,99.91976339,건화+선+우신,97.53,353280000,101.1903,N
20200213297 - 00,20200210,충북 청주전시관 건립사업 사후환경영향조사 용역,충북개발공사,PQ,401500000,401177850,99.91976339,선진+한국국토,97.48,351530000,100.6775,N
20200213297 - 00,20200210,충북 청주전시관 건립사업 사후환경영향조사 용역,충북개발공사,PQ,401500000,401177850,99.91976339,동부+명지+한맥,97.33,351340000,100.6115,N
20200213297 - 00,20200210,충북 청주전시관 건립사업 사후환경영향조사 용역,충북개발공사,PQ,401500000,401177850,99.91976339,동명+호암,97.07,354000000,101.3499,N
20200213297 - 00,20200210,충북 청주전시관 건립사업 사후환경영향조사 용역,충북개발공사,PQ,401500000,401177850,99.91976339,이산+LS,96.35,345670000,98.8855,N
20200213297 - 00,20200210,충북 청주전시관 건립사업 사후환경영향조사 용역,충북개발공사,PQ,401500000,401177850,99.91976339,화신+동일+호연,96.14,357979000,102.3949,N
20200214336 - 00,20200211,양주시 수도정비기본계획(변경) 수립 용역,경기도 양주시,PQ,1499740000,1485530000,99.05250243,KG+HEC,99.5,1183095000,100.73,N
20200214336 - 00,20200211,양주시 수도정비기본계획(변경) 수립 용역,경기도 양주시,PQ,1499740000,1485530000,99.05250243,한종+건화,97.6,1184000000,99.2607,N
20200214336 - 00,20200211,양주시 수도정비기본계획(변경) 수립 용역,경기도 양주시,PQ,1499740000,1485530000,99.05250243,동명+이산,97.6,1185600000,99.3949,N
20200214336 - 00,20200211,양주시 수도정비기본계획(변경) 수립 용역,경기도 양주시,PQ,1499740000,1485530000,99.05250243,삼안+도화,97.6,1177770000,98.7384,N
20200214336 - 00,20200211,양주시 수도정비기본계획(변경) 수립 용역,경기도 양주시,PQ,1499740000,1485530000,99.05250243,유신+경호+화신,97.55,1182450000,99.0934,Y
20200214336 - 00,20200211,양주시 수도정비기본계획(변경) 수립 용역,경기도 양주시,PQ,1499740000,1485530000,99.05250243,범한+서영,97.54,1179300000,98.817,N
20200213206 - 03,20200211,영월군 주천정수장 현대화사업 건설사업관리용역,강원도 영월군 상하수도사업소,PQ,718000000,717885150,99.98400418,건화+일신,100,610780000,99.4992,N
20200213206 - 03,20200211,영월군 주천정수장 현대화사업 건설사업관리용역,강원도 영월군 상하수도사업소,PQ,718000000,717885150,99.98400418,동명+정,100,612320000,99.7501,N
20200213206 - 03,20200211,영월군 주천정수장 현대화사업 건설사업관리용역,강원도 영월군 상하수도사업소,PQ,718000000,717885150,99.98400418,천일+진화,100,615340000,100.2421,N
20200213206 - 03,20200211,영월군 주천정수장 현대화사업 건설사업관리용역,강원도 영월군 상하수도사업소,PQ,718000000,717885150,99.98400418,한종+서광,100,613900000,100.0075,Y
20200213206 - 03,20200211,영월군 주천정수장 현대화사업 건설사업관리용역,강원도 영월군 상하수도사업소,PQ,718000000,717885150,99.98400418,홍익+한울,100,614450000,100.0971,N
20200213206 - 03,20200211,영월군 주천정수장 현대화사업 건설사업관리용역,강원도 영월군 상하수도사업소,PQ,718000000,717885150,99.98400418,동성+동남,99.98,608880000,99.1781,N
20200213206 - 03,20200211,영월군 주천정수장 현대화사업 건설사업관리용역,강원도 영월군 상하수도사업소,PQ,718000000,717885150,99.98400418,선진+성우,99.98,612470000,99.7629,N
20200213206 - 03,20200211,영월군 주천정수장 현대화사업 건설사업관리용역,강원도 영월군 상하수도사업소,PQ,718000000,717885150,99.98400418,도화+삼경,99.98,610430000,99.4306,N
20200213206 - 03,20200211,영월군 주천정수장 현대화사업 건설사업관리용역,강원도 영월군 상하수도사업소,PQ,718000000,717885150,99.98400418,제일+삼주,99.94,0,0,N
20200213206 - 03,20200211,영월군 주천정수장 현대화사업 건설사업관리용역,강원도 영월군 상하수도사업소,PQ,718000000,717885150,99.98400418,범한+경원,99.92,611790000,99.6404,N
20200213206 - 03,20200211,영월군 주천정수장 현대화사업 건설사업관리용역,강원도 영월군 상하수도사업소,PQ,718000000,717885150,99.98400418,경동+고려+서강,99.89,606874000,98.8282,N
20200213206 - 03,20200211,영월군 주천정수장 현대화사업 건설사업관리용역,강원도 영월군 상하수도사업소,PQ,718000000,717885150,99.98400418,신명+서윤,99.89,619196000,100.8348,N
20200213206 - 03,20200211,영월군 주천정수장 현대화사업 건설사업관리용역,강원도 영월군 상하수도사업소,PQ,718000000,717885150,99.98400418,극동+화신+HEC,99.7,609994000,99.2899,N
20200213206 - 03,20200211,영월군 주천정수장 현대화사업 건설사업관리용역,강원도 영월군 상하수도사업소,PQ,718000000,717885150,99.98400418,이산+정민,99.69,610590000,99.3869,N
20200213206 - 03,20200211,영월군 주천정수장 현대화사업 건설사업관리용역,강원도 영월군 상하수도사업소,PQ,718000000,717885150,99.98400418,동해종합+동해,99.61,610320000,99.3197,N
20200213206 - 03,20200211,영월군 주천정수장 현대화사업 건설사업관리용역,강원도 영월군 상하수도사업소,PQ,718000000,717885150,99.98400418,경호+동서,99.06,640000000,104.0038,N
20200216175 - 00,20200211,한절마지구 우수저류시설 설치사업 기본 및 실시설계 용역,경상북도 영주시,PQ,852412000,850327900,99.75550555,도화+세원+주하,98.83,733650000,100.3645,N
20200216175 - 00,20200211,한절마지구 우수저류시설 설치사업 기본 및 실시설계 용역,경상북도 영주시,PQ,852412000,850327900,99.75550555,이산+금일+제일,98.78,730298000,99.8942,Y
20200216175 - 00,20200211,한절마지구 우수저류시설 설치사업 기본 및 실시설계 용역,경상북도 영주시,PQ,852412000,850327900,99.75550555,삼안+다산+삼영,98.42,728750000,99.5896,N
20200216175 - 00,20200211,한절마지구 우수저류시설 설치사업 기본 및 실시설계 용역,경상북도 영주시,PQ,852412000,850327900,99.75550555,동성+동명,98.32,735730000,100.5201,N
20200216175 - 00,20200211,한절마지구 우수저류시설 설치사업 기본 및 실시설계 용역,경상북도 영주시,PQ,852412000,850327900,99.75550555,동부+한도,98.25,736450000,100.595,N
20200216175 - 00,20200211,한절마지구 우수저류시설 설치사업 기본 및 실시설계 용역,경상북도 영주시,PQ,852412000,850327900,99.75550555,KG+동진+한백E,98.14,734827000,100.3499,N
20200216175 - 00,20200211,한절마지구 우수저류시설 설치사업 기본 및 실시설계 용역,경상북도 영주시,PQ,852412000,850327900,99.75550555,한종+보람,98.08,729700000,99.6266,N
20200216175 - 00,20200211,한절마지구 우수저류시설 설치사업 기본 및 실시설계 용역,경상북도 영주시,PQ,852412000,850327900,99.75550555,경호+극동+청우+해인,97.98,741850000,101.2619,N
20200216175 - 00,20200211,한절마지구 우수저류시설 설치사업 기본 및 실시설계 용역,경상북도 영주시,PQ,852412000,850327900,99.75550555,화신+현대기술,97.77,724459000,98.8305,N
20200216175 - 00,20200211,한절마지구 우수저류시설 설치사업 기본 및 실시설계 용역,경상북도 영주시,PQ,852412000,850327900,99.75550555,건화+KCI(탄탄+석우),97.67,749800000,102.2637,N
20200216175 - 00,20200211,한절마지구 우수저류시설 설치사업 기본 및 실시설계 용역,경상북도 영주시,PQ,852412000,850327900,99.75550555,KSM+한백,97.29,770000000,103.1245,N
20200215859 - 00,20200211,성골지구 기본실시·환지계획수립 용역,경기도 부천시,PQ,594000000,594130725,100.0220076,KG,99.01,512099000,100.5798,Y
20200215859 - 00,20200211,성골지구 기본실시·환지계획수립 용역,경기도 부천시,PQ,594000000,594130725,100.0220076,도화+건화(한일),97.64,510370000,99.8906,N
20200215859 - 00,20200211,성골지구 기본실시·환지계획수립 용역,경기도 부천시,PQ,594000000,594130725,100.0220076,삼안+유신,96.52,522500000,101.9683,N
20200215859 - 00,20200211,성골지구 기본실시·환지계획수립 용역,경기도 부천시,PQ,594000000,594130725,100.0220076,대콘+경호,94.77,509299900,98.9449,N
20200215737 - 00,20200211,조천처리분구 하수관로 정비사업 실시설계 용역,제주특별자치도 상하수도본부,PQ,759870000,766002200,100.8070065,건화(리헌+원),98.58,650800000,99.8033,N
20200215737 - 00,20200211,조천처리분구 하수관로 정비사업 실시설계 용역,제주특별자치도 상하수도본부,PQ,759870000,766002200,100.8070065,한종+JPM,98.32,658400000,100.91,Y
20200215737 - 00,20200211,조천처리분구 하수관로 정비사업 실시설계 용역,제주특별자치도 상하수도본부,PQ,759870000,766002200,100.8070065,경동+태신,98.26,651960000,99.8997,N
20200215737 - 00,20200211,조천처리분구 하수관로 정비사업 실시설계 용역,제주특별자치도 상하수도본부,PQ,759870000,766002200,100.8070065,이산+제원,97.77,650000000,99.472,N
20200215737 - 00,20200211,조천처리분구 하수관로 정비사업 실시설계 용역,제주특별자치도 상하수도본부,PQ,759870000,766002200,100.8070065,동명+청풍,97.37,660400000,100.9696,N
20200215737 - 00,20200211,조천처리분구 하수관로 정비사업 실시설계 용역,제주특별자치도 상하수도본부,PQ,759870000,766002200,100.8070065,범한+해오름,97.16,651440000,99.5419,N
20200215737 - 00,20200211,조천처리분구 하수관로 정비사업 실시설계 용역,제주특별자치도 상하수도본부,PQ,759870000,766002200,100.8070065,삼안+해진,97.06,664400000,101.4986,N
20200215737 - 00,20200211,조천처리분구 하수관로 정비사업 실시설계 용역,제주특별자치도 상하수도본부,PQ,759870000,766002200,100.8070065,제일+성광,96.99,648850000,99.1001,N
20200215737 - 00,20200211,조천처리분구 하수관로 정비사업 실시설계 용역,제주특별자치도 상하수도본부,PQ,759870000,766002200,100.8070065,선진+상아,96.9,662310000,101.1324,N
20200215737 - 00,20200211,조천처리분구 하수관로 정비사업 실시설계 용역,제주특별자치도 상하수도본부,PQ,759870000,766002200,100.8070065,도화+한라,96.64,648800000,99.012,N
20200215737 - 00,20200211,조천처리분구 하수관로 정비사업 실시설계 용역,제주특별자치도 상하수도본부,PQ,759870000,766002200,100.8070065,화신+부림,93.84,677790000,102.6978,N
20200214813 - 00,20200211,부여군 하수찌꺼기 및 농어촌마을하수도 기본 및 실시설계용역,충청남도 부여군,PQ,1746623000,1718192400,98.3722532,동명+홍익+계림,100,1372433000,100.7454,N
20200214813 - 00,20200211,부여군 하수찌꺼기 및 농어촌마을하수도 기본 및 실시설계용역,충청남도 부여군,PQ,1746623000,1718192400,98.3722532,범한+바셈,97.94,1400400000,101.0875,N
20200214813 - 00,20200211,부여군 하수찌꺼기 및 농어촌마을하수도 기본 및 실시설계용역,충청남도 부여군,PQ,1746623000,1718192400,98.3722532,선진+경동,97.8,1373280000,99.0175,N
20200214813 - 00,20200211,부여군 하수찌꺼기 및 농어촌마을하수도 기본 및 실시설계용역,충청남도 부여군,PQ,1746623000,1718192400,98.3722532,이산+장맥,97.7,1404600000,101.1866,N
20200214813 - 00,20200211,부여군 하수찌꺼기 및 농어촌마을하수도 기본 및 실시설계용역,충청남도 부여군,PQ,1746623000,1718192400,98.3722532,화신+우빈,97.7,1405897000,101.28,N
20200214813 - 00,20200211,부여군 하수찌꺼기 및 농어촌마을하수도 기본 및 실시설계용역,충청남도 부여군,PQ,1746623000,1718192400,98.3722532,도화+세일,97.6,1408330000,101.3788,N
20200214813 - 00,20200211,부여군 하수찌꺼기 및 농어촌마을하수도 기본 및 실시설계용역,충청남도 부여군,PQ,1746623000,1718192400,98.3722532,경호+기산,97.5,1370390000,98.5733,Y
20200214813 - 00,20200211,부여군 하수찌꺼기 및 농어촌마을하수도 기본 및 실시설계용역,충청남도 부여군,PQ,1746623000,1718192400,98.3722532,삼안+한맥,97.5,1410970000,101.4922,N
20200214813 - 00,20200211,부여군 하수찌꺼기 및 농어촌마을하수도 기본 및 실시설계용역,충청남도 부여군,PQ,1746623000,1718192400,98.3722532,건화+수성이앤씨(예당),97.34,1424000000,102.2881,N
20200214813 - 00,20200211,부여군 하수찌꺼기 및 농어촌마을하수도 기본 및 실시설계용역,충청남도 부여군,PQ,1746623000,1718192400,98.3722532,KG+우리,97.34,1367366000,98.22,N
20200217596 - 00,20200212,명동 마리나항만 개발사업 감독권한대행 등 건설사업관리 용역,경상남도 창원시,PQ,1994439000,1986710600,99.61250256,건화+재화+유신,100,1548000000,99.5138,N
20200217596 - 00,20200212,명동 마리나항만 개발사업 감독권한대행 등 건설사업관리 용역,경상남도 창원시,PQ,1994439000,1986710600,99.61250256,삼안+천진,100,1555400000,99.9895,N
20200217596 - 00,20200212,명동 마리나항만 개발사업 감독권한대행 등 건설사업관리 용역,경상남도 창원시,PQ,1994439000,1986710600,99.61250256,도화+대영+한가람,100,1567800000,100.7867,N
20200217596 - 00,20200212,명동 마리나항만 개발사업 감독권한대행 등 건설사업관리 용역,경상남도 창원시,PQ,1994439000,1986710600,99.61250256,수성+세광+삼영,100,1550505000,99.6749,Y
20200217596 - 00,20200212,명동 마리나항만 개발사업 감독권한대행 등 건설사업관리 용역,경상남도 창원시,PQ,1994439000,1986710600,99.61250256,천일+한올+한항,100,1546900000,99.4431,N
20200217596 - 00,20200212,명동 마리나항만 개발사업 감독권한대행 등 건설사업관리 용역,경상남도 창원시,PQ,1994439000,1986710600,99.61250256,한종+로텍,100,1552430000,99.7986,N
20200217596 - 00,20200212,명동 마리나항만 개발사업 감독권한대행 등 건설사업관리 용역,경상남도 창원시,PQ,1994439000,1986710600,99.61250256,혜인+세일+서영,100,1557893000,100.1498,N
20200217596 - 00,20200212,명동 마리나항만 개발사업 감독권한대행 등 건설사업관리 용역,경상남도 창원시,PQ,1994439000,1986710600,99.61250256,건일+신명+경화,99.8,1577477000,101.24,N
2020UMM00832020-01266-02,20200212,20-해병-훈련장보강등 설계용역(C004),국군재정관리단,PQ,364300000,361349083,99.18997612,천일,99.8,314100000,99.3949,Y
2020UMM00832020-01266-02,20200212,20-해병-훈련장보강등 설계용역(C004),국군재정관리단,PQ,364300000,361349083,99.18997612,건화(중앙포럼),99.7,318200000,100.6924,N
20200217337 - 00,20200212,말도항 외곽시설 보강공사 건설사업관리용역,해양수산부 군산지방해양수산청,PQ,1543000000,1537452975,99.64050389,한종+아라,100,1232990000,99.892,N
20200217337 - 00,20200212,말도항 외곽시설 보강공사 건설사업관리용역,해양수산부 군산지방해양수산청,PQ,1543000000,1537452975,99.64050389,한항,100,1231230000,99.7494,Y
20200217337 - 00,20200212,말도항 외곽시설 보강공사 건설사업관리용역,해양수산부 군산지방해양수산청,PQ,1543000000,1537452975,99.64050389,세광,100,1234320000,99.9998,N
20200217337 - 00,20200212,말도항 외곽시설 보강공사 건설사업관리용역,해양수산부 군산지방해양수산청,PQ,1543000000,1537452975,99.64050389,세일,100,1227534000,99.45,N
20200217337 - 00,20200212,말도항 외곽시설 보강공사 건설사업관리용역,해양수산부 군산지방해양수산청,PQ,1543000000,1537452975,99.64050389,혜인,100,1229100000,99.5769,N
20200217337 - 00,20200212,말도항 외곽시설 보강공사 건설사업관리용역,해양수산부 군산지방해양수산청,PQ,1543000000,1537452975,99.64050389,건일+이산,100,1233880000,99.9641,N
20200217337 - 00,20200212,말도항 외곽시설 보강공사 건설사업관리용역,해양수산부 군산지방해양수산청,PQ,1543000000,1537452975,99.64050389,서영+재화,100,1228200000,99.504,N
20200217337 - 00,20200212,말도항 외곽시설 보강공사 건설사업관리용역,해양수산부 군산지방해양수산청,PQ,1543000000,1537452975,99.64050389,항도,100,1244815000,100.85,N
20200217337 - 00,20200212,말도항 외곽시설 보강공사 건설사업관리용역,해양수산부 군산지방해양수산청,PQ,1543000000,1537452975,99.64050389,삼안,100,1235300000,100.0792,N
20200217337 - 00,20200212,말도항 외곽시설 보강공사 건설사업관리용역,해양수산부 군산지방해양수산청,PQ,1543000000,1537452975,99.64050389,대양+유신,100,1239260000,100.4,N
20200217337 - 00,20200212,말도항 외곽시설 보강공사 건설사업관리용역,해양수산부 군산지방해양수산청,PQ,1543000000,1537452975,99.64050389,천일,99.34,1256200000,101.1905,N
20200217337 - 00,20200212,말도항 외곽시설 보강공사 건설사업관리용역,해양수산부 군산지방해양수산청,PQ,1543000000,1537452975,99.64050389,건화+일진,99,1450000000,116.4543,N
20200219262 - 00,20200213,탄천물재생센터 초기우수처리시설 설치 기본 및 실시설계 용역,서울특별시,TP,5593830000,5531151150,98.87950027,제일+도화+이산+동해,97.55,4201795000,100.7374,Y
20200219262 - 00,20200213,탄천물재생센터 초기우수처리시설 설치 기본 및 실시설계 용역,서울특별시,TP,5593830000,5531151150,98.87950027,동명+한종+대콘+한맥,95.6,4306700000,101.5501,N
20200219262 - 00,20200213,탄천물재생센터 초기우수처리시설 설치 기본 및 실시설계 용역,서울특별시,TP,5593830000,5531151150,98.87950027,삼안+선진+유신+동일,94.86,5034700000,117.9846,N
20200219869 - 01,20200213,진주시 안락공원 현대화사업 기본 및 실시설계 용역,경상남도 진주시,PQ,2380400000,2404471850,101.0112523,경호+수성+우진,97.8,1912700000,101.1927,Y
20200219869 - 01,20200213,진주시 안락공원 현대화사업 기본 및 실시설계 용역,경상남도 진주시,PQ,2380400000,2404471850,101.0112523,한종,97.21,1891700000,99.605,N
20200219869 - 01,20200213,진주시 안락공원 현대화사업 기본 및 실시설계 용역,경상남도 진주시,PQ,2380400000,2404471850,101.0112523,KG+범한,96.6,1890966000,99.082,N
20200219869 - 01,20200213,진주시 안락공원 현대화사업 기본 및 실시설계 용역,경상남도 진주시,PQ,2380400000,2404471850,101.0112523,도화+한성+경화,96.5,1942000000,101.68,N
20200219869 - 01,20200213,진주시 안락공원 현대화사업 기본 및 실시설계 용역,경상남도 진주시,PQ,2380400000,2404471850,101.0112523,유신+건화(정림이앤씨),95.57,2190100000,113.8189,N
20200219652 - 00,20200213,2020 지하철 승강편의시설 설치공사 감독권한대행 등 건설사업관리용역(1차),서울교통공사,PQ,3058992000,3081781550,100.7450019,동해+동일,99.75,2407500000,100.7004,N
20200219652 - 00,20200213,2020 지하철 승강편의시설 설치공사 감독권한대행 등 건설사업관리용역(1차),서울교통공사,PQ,3058992000,3081781550,100.7450019,태조+삼안,99.45,2392700000,99.8259,N
20200219652 - 00,20200213,2020 지하철 승강편의시설 설치공사 감독권한대행 등 건설사업관리용역(1차),서울교통공사,PQ,3058992000,3081781550,100.7450019,신성+유신,98.97,2390980000,99.3737,N
20200219652 - 00,20200213,2020 지하철 승강편의시설 설치공사 감독권한대행 등 건설사업관리용역(1차),서울교통공사,PQ,3058992000,3081781550,100.7450019,동부+제일,98.95,2439140000,101.3495,Y
20200219652 - 00,20200213,2020 지하철 승강편의시설 설치공사 감독권한대행 등 건설사업관리용역(1차),서울교통공사,PQ,3058992000,3081781550,100.7450019,수성+천일+KG,98.48,2391420000,98.9892,N
20200219652 - 00,20200213,2020 지하철 승강편의시설 설치공사 감독권한대행 등 건설사업관리용역(1차),서울교통공사,PQ,3058992000,3081781550,100.7450019,건화+대콘+경호(세움),98,2900000000,119.5868,N
2020-02-000027-00,20200213,석화건널목 입체화사업 노반 실시설계용역 ,한국철도시설공단,SOQ,435000000,433165061,99.57817494,동일+태조,100,370800000,100.6808,N
2020-02-000027-00,20200213,석화건널목 입체화사업 노반 실시설계용역 ,한국철도시설공단,SOQ,435000000,433165061,99.57817494,삼안+서현,100,367290000,99.7277,N
2020-02-000027-00,20200213,석화건널목 입체화사업 노반 실시설계용역 ,한국철도시설공단,SOQ,435000000,433165061,99.57817494,KRTC+도화,100,367550000,99.7983,N
2020-02-000027-00,20200213,석화건널목 입체화사업 노반 실시설계용역 ,한국철도시설공단,SOQ,435000000,433165061,99.57817494,유신,100,371055000,100.75,N
2020-02-000027-00,20200213,석화건널목 입체화사업 노반 실시설계용역 ,한국철도시설공단,SOQ,435000000,433165061,99.57817494,동부,99.82,366410000,99.4653,N
2020-02-000027-00,20200213,석화건널목 입체화사업 노반 실시설계용역 ,한국철도시설공단,SOQ,435000000,433165061,99.57817494,이산+건화+천일(지오로직스),99.7,366000000,99.3423,N
2020-02-000027-00,20200213,석화건널목 입체화사업 노반 실시설계용역 ,한국철도시설공단,SOQ,435000000,433165061,99.57817494,삼보+선구,99.5,367170000,99.6363,Y
2020-02-000027-00,20200213,석화건널목 입체화사업 노반 실시설계용역 ,한국철도시설공단,SOQ,435000000,433165061,99.57817494,신성+한기+효산,98.33,372350000,100.899,N
2020-02-000027-00,20200213,석화건널목 입체화사업 노반 실시설계용역 ,한국철도시설공단,SOQ,435000000,433165061,99.57817494,동명,95.58,391500000,105.7517,N
대전지방국토관리청 공고 제2020 - 18호,20200212,대청댐+대청댐하류권역 하천기본계획 전략환경영향평가 용역 ,대전지방국토관리청,PQ,635000000,638270275,100.5150039,건화+한기+우신,98.19,535700000,100.8695,Y
대전지방국토관리청 공고 제2020 - 18호,20200212,대청댐+대청댐하류권역 하천기본계획 전략환경영향평가 용역 ,대전지방국토관리청,PQ,635000000,638270275,100.5150039,경호+동아+한종,97.58,531990000,99.92,N
대전지방국토관리청 공고 제2020 - 18호,20200212,대청댐+대청댐하류권역 하천기본계획 전략환경영향평가 용역 ,대전지방국토관리청,PQ,635000000,638270275,100.5150039,동성+화신+동진,96.48,531660000,99.4075,N
대전지방국토관리청 공고 제2020 - 18호,20200212,대청댐+대청댐하류권역 하천기본계획 전략환경영향평가 용역 ,대전지방국토관리청,PQ,635000000,638270275,100.5150039,신성+극동+서영,94.77,549000000,101.9236,N
20200220790 - 00,20200213,용인 플랫폼시티 조성사업 전략 및 환경영향평가 용역,경기도시공사,PQ,1812651000,1799155875,99.2555034,서영+동부+엔탑,99.71,1423400000,100.436,N
20200220790 - 00,20200213,용인 플랫폼시티 조성사업 전략 및 환경영향평가 용역,경기도시공사,PQ,1812651000,1799155875,99.2555034,동명+건일+중천,99.67,1416630000,99.9199,N
20200220790 - 00,20200213,용인 플랫폼시티 조성사업 전략 및 환경영향평가 용역,경기도시공사,PQ,1812651000,1799155875,99.2555034,동아+건화+휴먼,99.57,1423090000,100.2987,N
20200220790 - 00,20200213,용인 플랫폼시티 조성사업 전략 및 환경영향평가 용역,경기도시공사,PQ,1812651000,1799155875,99.2555034,한종+천일+소운,99.57,1420400000,100.1091,N
20200220790 - 00,20200213,용인 플랫폼시티 조성사업 전략 및 환경영향평가 용역,경기도시공사,PQ,1812651000,1799155875,99.2555034,신성+도화+신일,99.45,1412980000,99.4844,N
20200220790 - 00,20200213,용인 플랫폼시티 조성사업 전략 및 환경영향평가 용역,경기도시공사,PQ,1812651000,1799155875,99.2555034,이산+퍼스트+한국환경,99.36,1411000000,99.2817,Y
20200220790 - 00,20200213,용인 플랫폼시티 조성사업 전략 및 환경영향평가 용역,경기도시공사,PQ,1812651000,1799155875,99.2555034,동성+한맥+레오,99.21,1442900000,101.3969,N
20200220790 - 00,20200213,용인 플랫폼시티 조성사업 전략 및 환경영향평가 용역,경기도시공사,PQ,1812651000,1799155875,99.2555034,동일+KG,99.2,1410300000,99.0934,N
20200220790 - 00,20200213,용인 플랫폼시티 조성사업 전략 및 환경영향평가 용역,경기도시공사,PQ,1812651000,1799155875,99.2555034,홍익+삼안+우신,99.05,1407310000,98.7701,N
20200220790 - 00,20200213,용인 플랫폼시티 조성사업 전략 및 환경영향평가 용역,경기도시공사,PQ,1812651000,1799155875,99.2555034,평화+보드플랜,98,1472900000,102.4998,N
20200220790 - 00,20200213,용인 플랫폼시티 조성사업 전략 및 환경영향평가 용역,경기도시공사,PQ,1812651000,1799155875,99.2555034,선진+수성+DS,96.42,1472790000,101.1901,N
E042000046-1,20200210,판포 1외 3개부지 태양광 전원개발사업 설계용역,한국남부발전(주) 남제주발전본부,PQ,452525700,455527468,100.6633365,평화,98.28,393053000,100.1298,N
E042000046-1,20200210,판포 1외 3개부지 태양광 전원개발사업 설계용역,한국남부발전(주) 남제주발전본부,PQ,452525700,455527468,100.6633365,유신,98,400400000,102.0015,Y
E042000046-1,20200210,판포 1외 3개부지 태양광 전원개발사업 설계용역,한국남부발전(주) 남제주발전본부,PQ,452525700,455527468,100.6633365,건화,96,391620000,99.6499,N
20200220941 - 01,20200213,언양하수처리시설 증설 및 하수관로 신설공사 기본 및 실시설계용역,울산광역시,PQ,1676000000,1673540500,99.85325179,도화+한신+삼안,99.32,1329480000,101.1342,Y
20200220941 - 01,20200213,언양하수처리시설 증설 및 하수관로 신설공사 기본 및 실시설계용역,울산광역시,PQ,1676000000,1673540500,99.85325179,건화+부광+대흥(동명+명성),99.05,1310780000,99.496,N
20200220941 - 01,20200213,언양하수처리시설 증설 및 하수관로 신설공사 기본 및 실시설계용역,울산광역시,PQ,1676000000,1673540500,99.85325179,한종+성지+삼주,98.76,1311400000,99.303,N
20200220941 - 01,20200213,언양하수처리시설 증설 및 하수관로 신설공사 기본 및 실시설계용역,울산광역시,PQ,1676000000,1673540500,99.85325179,이산+CM+선진기술,98.17,1520000000,114.5464,N
20200223174 - 00,20200214,사천1단계 하수관로 정비사업 감독권한대행 건설사업관리용역,강원도 강릉시 상하수도사업소,PQ,3338560000,3322167700,99.50900089,건화+일신+동남,99.86,2436100000,99.8407,N
20200223174 - 00,20200214,사천1단계 하수관로 정비사업 감독권한대행 건설사업관리용역,강원도 강릉시 상하수도사업소,PQ,3338560000,3322167700,99.50900089,제일+KG+화신+미래,99.8,2454000000,100.5193,N
20200223174 - 00,20200214,사천1단계 하수관로 정비사업 감독권한대행 건설사업관리용역,강원도 강릉시 상하수도사업소,PQ,3338560000,3322167700,99.50900089,한종+서광+수성E,99.78,2432500000,99.6114,Y
20200223174 - 00,20200214,사천1단계 하수관로 정비사업 감독권한대행 건설사업관리용역,강원도 강릉시 상하수도사업소,PQ,3338560000,3322167700,99.50900089,동성+동해+진화,99.77,2436860000,99.7899,N
20200223174 - 00,20200214,사천1단계 하수관로 정비사업 감독권한대행 건설사업관리용역,강원도 강릉시 상하수도사업소,PQ,3338560000,3322167700,99.50900089,경동+고려+서강,99.66,2433777000,99.5684,N
20200223174 - 00,20200214,사천1단계 하수관로 정비사업 감독권한대행 건설사업관리용역,강원도 강릉시 상하수도사업소,PQ,3338560000,3322167700,99.50900089,경호+한올+영화,99.65,2429550000,99.3819,N
20200223174 - 00,20200214,사천1단계 하수관로 정비사업 감독권한대행 건설사업관리용역,강원도 강릉시 상하수도사업소,PQ,3338560000,3322167700,99.50900089,동명+정+정원,99.57,2469000000,100.9267,N
20200223174 - 00,20200214,사천1단계 하수관로 정비사업 감독권한대행 건설사업관리용역,강원도 강릉시 상하수도사업소,PQ,3338560000,3322167700,99.50900089,삼안+경원+진화,99.53,2425280000,99.099,N
20200223174 - 00,20200214,사천1단계 하수관로 정비사업 감독권한대행 건설사업관리용역,강원도 강릉시 상하수도사업소,PQ,3338560000,3322167700,99.50900089,도화+삼주+건일,99.49,2468000000,100.817,N
20200223174 - 00,20200214,사천1단계 하수관로 정비사업 감독권한대행 건설사업관리용역,강원도 강릉시 상하수도사업소,PQ,3338560000,3322167700,99.50900089,홍익+서경+화인,99.47,2477700000,101.1995,N
20200223174 - 00,20200214,사천1단계 하수관로 정비사업 감독권한대행 건설사업관리용역,강원도 강릉시 상하수도사업소,PQ,3338560000,3322167700,99.50900089,수성+동서+강원길,99.42,2420275000,98.8001,N
20200223174 - 00,20200214,사천1단계 하수관로 정비사업 감독권한대행 건설사업관리용역,강원도 강릉시 상하수도사업소,PQ,3338560000,3322167700,99.50900089,선진+성우+국일,99.39,2467800000,100.7127,N
20200223174 - 00,20200214,사천1단계 하수관로 정비사업 감독권한대행 건설사업관리용역,강원도 강릉시 상하수도사업소,PQ,3338560000,3322167700,99.50900089,KCM+용마+형제,99.38,2481380000,101.2669,N
20200223174 - 00,20200214,사천1단계 하수관로 정비사업 감독권한대행 건설사업관리용역,강원도 강릉시 상하수도사업소,PQ,3338560000,3322167700,99.50900089,이산+이레+JM,99.19,2418200000,98.5274,N
20200223174 - 00,20200214,사천1단계 하수관로 정비사업 감독권한대행 건설사업관리용역,강원도 강릉시 상하수도사업소,PQ,3338560000,3322167700,99.50900089,극동+현산+건우,99.12,2491132000,101.43,N
20200223174 - 00,20200214,사천1단계 하수관로 정비사업 감독권한대행 건설사업관리용역,강원도 강릉시 상하수도사업소,PQ,3338560000,3322167700,99.50900089,신명+서윤+동부+대상,99.05,2490490000,101.3487,N
20200223174 - 00,20200214,사천1단계 하수관로 정비사업 감독권한대행 건설사업관리용역,강원도 강릉시 상하수도사업소,PQ,3338560000,3322167700,99.50900089,범한+대성+정민,98.74,2510000000,102.1427,N
20200223174 - 00,20200214,사천1단계 하수관로 정비사업 감독권한대행 건설사업관리용역,강원도 강릉시 상하수도사업소,PQ,3338560000,3322167700,99.50900089,천일+성안+유비,98.63,2940000000,119.6412,N
20200222754 - 00,20200214,"용평,진부면 농촌생활용수 개발공사(1차) 건설사업관리용역",강원도 평창군,PQ,2367100000,2366230150,99.9632525,한종+서광+국일,100,1839400000,99.6306,N
20200222754 - 00,20200214,"용평,진부면 농촌생활용수 개발공사(1차) 건설사업관리용역",강원도 평창군,PQ,2367100000,2366230150,99.9632525,도화+삼주+고려,100,1858100000,100.6435,N
20200222754 - 00,20200214,"용평,진부면 농촌생활용수 개발공사(1차) 건설사업관리용역",강원도 평창군,PQ,2367100000,2366230150,99.9632525,동성+성안+승,100,1847699000,100.0801,Y
20200222754 - 00,20200214,"용평,진부면 농촌생활용수 개발공사(1차) 건설사업관리용역",강원도 평창군,PQ,2367100000,2366230150,99.9632525,건화+삼경+경원,99.83,1848800000,99.9987,N
20200222754 - 00,20200214,"용평,진부면 농촌생활용수 개발공사(1차) 건설사업관리용역",강원도 평창군,PQ,2367100000,2366230150,99.9632525,동명+정+정원,99.83,1836700000,99.3443,N
20200222754 - 00,20200214,"용평,진부면 농촌생활용수 개발공사(1차) 건설사업관리용역",강원도 평창군,PQ,2367100000,2366230150,99.9632525,신명+서윤+미래,99.53,1838595000,99.1928,N
20200222754 - 00,20200214,"용평,진부면 농촌생활용수 개발공사(1차) 건설사업관리용역",강원도 평창군,PQ,2367100000,2366230150,99.9632525,천일+선진+청솔,99.48,1876400000,101.1936,N
20200222754 - 00,20200214,"용평,진부면 농촌생활용수 개발공사(1차) 건설사업관리용역",강원도 평창군,PQ,2367100000,2366230150,99.9632525,KG+일신+동남,99.15,1835255000,98.71,N
20200222754 - 00,20200214,"용평,진부면 농촌생활용수 개발공사(1차) 건설사업관리용역",강원도 평창군,PQ,2367100000,2366230150,99.9632525,극동+한울+강원길,99.11,1885561000,101.3899,N
20200222754 - 00,20200214,"용평,진부면 농촌생활용수 개발공사(1차) 건설사업관리용역",강원도 평창군,PQ,2367100000,2366230150,99.9632525,삼안+화신+진화,99.1,1834470000,98.6301,N
20200222754 - 00,20200214,"용평,진부면 농촌생활용수 개발공사(1차) 건설사업관리용역",강원도 평창군,PQ,2367100000,2366230150,99.9632525,제일+현산+대성,99.09,1883500000,101.2533,N
20200222754 - 00,20200214,"용평,진부면 농촌생활용수 개발공사(1차) 건설사업관리용역",강원도 평창군,PQ,2367100000,2366230150,99.9632525,이산+이레+JM,99.09,1835800000,98.6891,N
20200222754 - 00,20200214,"용평,진부면 농촌생활용수 개발공사(1차) 건설사업관리용역",강원도 평창군,PQ,2367100000,2366230150,99.9632525,범한+정민+동서,99.08,1869440000,100.4975,N
20200222754 - 00,20200214,"용평,진부면 농촌생활용수 개발공사(1차) 건설사업관리용역",강원도 평창군,PQ,2367100000,2366230150,99.9632525,용마+서영+대상+성우,99.07,1832160000,98.4809,N
20200222754 - 00,20200214,"용평,진부면 농촌생활용수 개발공사(1차) 건설사업관리용역",강원도 평창군,PQ,2367100000,2366230150,99.9632525,홍익+서강,99.03,1907660000,102.5,N
20200222754 - 00,20200214,"용평,진부면 농촌생활용수 개발공사(1차) 건설사업관리용역",강원도 평창군,PQ,2367100000,2366230150,99.9632525,경동+동해+건일,99.02,1831898000,98.4292,N
20200221044 - 00,20200214,상남2 공공하수처리장 신설공사  기본 및 실시설계용역 ,강원도 인제군지방상수도,PQ,1408000000,1391572225,98.83325462,한종+미래+동서,98.18,1123000000,100.7497,N
20200221044 - 00,20200214,상남2 공공하수처리장 신설공사  기본 및 실시설계용역 ,강원도 인제군지방상수도,PQ,1408000000,1391572225,98.83325462,이산+서광+진화,98,1114300000,99.8305,N
20200221044 - 00,20200214,상남2 공공하수처리장 신설공사  기본 및 실시설계용역 ,강원도 인제군지방상수도,PQ,1408000000,1391572225,98.83325462,건화+정원+삼경(HEC+국일),97.8,1112000000,99.4613,N
20200221044 - 00,20200214,상남2 공공하수처리장 신설공사  기본 및 실시설계용역 ,강원도 인제군지방상수도,PQ,1408000000,1391572225,98.83325462,도화+고려+성우,97.78,1130500000,101.0906,N
20200221044 - 00,20200214,상남2 공공하수처리장 신설공사  기본 및 실시설계용역 ,강원도 인제군지방상수도,PQ,1408000000,1391572225,98.83325462,제일+삼주+동남,97.38,1111950000,99.1198,Y
20200224707 - 00,20200217,세풍일반산업단지 공공폐수처리시설 설치사업 건설사업관리용역,광양만권경제자유구역청,PQ,1151073000,1154583800,100.3050024,한기+한종,100,898894000,100.1242,N
20200224707 - 00,20200217,세풍일반산업단지 공공폐수처리시설 설치사업 건설사업관리용역,광양만권경제자유구역청,PQ,1151073000,1154583800,100.3050024,동성+우리,99.46,910820000,100.9993,N
20200224707 - 00,20200217,세풍일반산업단지 공공폐수처리시설 설치사업 건설사업관리용역,광양만권경제자유구역청,PQ,1151073000,1154583800,100.3050024,신오+도화,99.17,913100000,101.0072,N
20200224707 - 00,20200217,세풍일반산업단지 공공폐수처리시설 설치사업 건설사업관리용역,광양만권경제자유구역청,PQ,1151073000,1154583800,100.3050024,건화+산하+경화,99.13,908200000,100.4396,Y
20200224707 - 00,20200217,세풍일반산업단지 공공폐수처리시설 설치사업 건설사업관리용역,광양만권경제자유구역청,PQ,1151073000,1154583800,100.3050024,동명+원우,99.04,895414000,98.95,N
20200224707 - 00,20200217,세풍일반산업단지 공공폐수처리시설 설치사업 건설사업관리용역,광양만권경제자유구역청,PQ,1151073000,1154583800,100.3050024,우영+이산,98.94,895532000,98.8875,N
20200224707 - 00,20200217,세풍일반산업단지 공공폐수처리시설 설치사업 건설사업관리용역,광양만권경제자유구역청,PQ,1151073000,1154583800,100.3050024,범한+신명,98.82,895500000,98.7835,N
20200223941 - 00,20200217,양평 국수역세권 도시개발사업 구역지정 및 개발계획 수립용역,경기도 양평군,PQ,764000000,761511325,99.6742572,동명+경호,99.5,657400000,100.5165,Y
20200223941 - 00,20200217,양평 국수역세권 도시개발사업 구역지정 및 개발계획 수립용역,경기도 양평군,PQ,764000000,761511325,99.6742572,도화+건화,97.53,652780000,99.2997,N
20200223941 - 00,20200217,양평 국수역세권 도시개발사업 구역지정 및 개발계획 수립용역,경기도 양평군,PQ,764000000,761511325,99.6742572,한종+경화,97.47,664300000,101.0403,N
20200223941 - 00,20200217,양평 국수역세권 도시개발사업 구역지정 및 개발계획 수립용역,경기도 양평군,PQ,764000000,761511325,99.6742572,삼안+KG,97.16,653840000,99.3685,N
20200223941 - 00,20200217,양평 국수역세권 도시개발사업 구역지정 및 개발계획 수립용역,경기도 양평군,PQ,764000000,761511325,99.6742572,유신+서영,95.55,687093000,103.9996,N
20200224367 - 00,20200217,강현 및 인구 공공하수처리장 증설사업 기본 및 실시설계용역,강원도 양양군,PQ,1104213000,1099652650,99.5870045,삼안+정+일신,99.33,872630000,100.768,Y
20200224367 - 00,20200217,강현 및 인구 공공하수처리장 증설사업 기본 및 실시설계용역,강원도 양양군,PQ,1104213000,1099652650,99.5870045,도화+화신+고려,97.96,885470000,101.1161,N
20200224367 - 00,20200217,강현 및 인구 공공하수처리장 증설사업 기본 및 실시설계용역,강원도 양양군,PQ,1104213000,1099652650,99.5870045,한종+서광+동서,97.86,869350000,99.2003,N
20200224367 - 00,20200217,강현 및 인구 공공하수처리장 증설사업 기본 및 실시설계용역,강원도 양양군,PQ,1104213000,1099652650,99.5870045,경동+삼주+성우,97.66,868402000,98.93,N
20200224367 - 00,20200217,강현 및 인구 공공하수처리장 증설사업 기본 및 실시설계용역,강원도 양양군,PQ,1104213000,1099652650,99.5870045,동명+미래+진화,97.51,892100000,101.5021,N
20200224367 - 00,20200217,강현 및 인구 공공하수처리장 증설사업 기본 및 실시설계용역,강원도 양양군,PQ,1104213000,1099652650,99.5870045,건화+삼경+정원(국일),97.35,868600000,98.7043,N
20200224367 - 00,20200217,강현 및 인구 공공하수처리장 증설사업 기본 및 실시설계용역,강원도 양양군,PQ,1104213000,1099652650,99.5870045,이산+경원+대성,97.33,906500000,102.9981,N
20200224613 - 00,20200217,세풍산단 내부간선도로 개설사업 실시설계(보완) 용역 ,광양만권경제자유구역청,PQ,601512000,599545125,99.67301151,유신+동아,98.91,517614000,100.3699,N
20200224613 - 00,20200217,세풍산단 내부간선도로 개설사업 실시설계(보완) 용역 ,광양만권경제자유구역청,PQ,601512000,599545125,99.67301151,한기+신성,98.27,516400000,99.9596,N
20200224613 - 00,20200217,세풍산단 내부간선도로 개설사업 실시설계(보완) 용역 ,광양만권경제자유구역청,PQ,601512000,599545125,99.67301151,평화+KCI,97.91,515438000,99.6922,Y
20200224613 - 00,20200217,세풍산단 내부간선도로 개설사업 실시설계(보완) 용역 ,광양만권경제자유구역청,PQ,601512000,599545125,99.67301151,동일+산이,97.57,515200000,99.5535,N
20200224613 - 00,20200217,세풍산단 내부간선도로 개설사업 실시설계(보완) 용역 ,광양만권경제자유구역청,PQ,601512000,599545125,99.67301151,신명+수성,97.56,514514000,99.4209,N
20200224613 - 00,20200217,세풍산단 내부간선도로 개설사업 실시설계(보완) 용역 ,광양만권경제자유구역청,PQ,601512000,599545125,99.67301151,도화+신오,97.36,513410000,99.15,N
20200224613 - 00,20200217,세풍산단 내부간선도로 개설사업 실시설계(보완) 용역 ,광양만권경제자유구역청,PQ,601512000,599545125,99.67301151,극동+원진,97.3,522738000,100.9397,N
20200224613 - 00,20200217,세풍산단 내부간선도로 개설사업 실시설계(보완) 용역 ,광양만권경제자유구역청,PQ,601512000,599545125,99.67301151,동성+하이콘,97.26,521660000,100.7198,N
20200224613 - 00,20200217,세풍산단 내부간선도로 개설사업 실시설계(보완) 용역 ,광양만권경제자유구역청,PQ,601512000,599545125,99.67301151,한종+산하,97.16,520800000,100.5304,N
20200224613 - 00,20200217,세풍산단 내부간선도로 개설사업 실시설계(보완) 용역 ,광양만권경제자유구역청,PQ,601512000,599545125,99.67301151,한맥+신촌,96.95,515515000,99.4525,N
20200224613 - 00,20200217,세풍산단 내부간선도로 개설사업 실시설계(보완) 용역 ,광양만권경제자유구역청,PQ,601512000,599545125,99.67301151,건화+유성건설(유지건설),96.84,525200000,101.2974,N
20200224613 - 00,20200217,세풍산단 내부간선도로 개설사업 실시설계(보완) 용역 ,광양만권경제자유구역청,PQ,601512000,599545125,99.67301151,제일+우빈,96.8,524900000,101.2278,N
20200224613 - 00,20200217,세풍산단 내부간선도로 개설사업 실시설계(보완) 용역 ,광양만권경제자유구역청,PQ,601512000,599545125,99.67301151,홍익+우리,96.55,511830000,98.65,N
20200224613 - 00,20200217,세풍산단 내부간선도로 개설사업 실시설계(보완) 용역 ,광양만권경제자유구역청,PQ,601512000,599545125,99.67301151,이산+영진,96.54,512000000,98.6713,N
20200224613 - 00,20200217,세풍산단 내부간선도로 개설사업 실시설계(보완) 용역 ,광양만권경제자유구역청,PQ,601512000,599545125,99.67301151,다산+대현,96.51,512050000,98.681,N
20200224613 - 00,20200217,세풍산단 내부간선도로 개설사업 실시설계(보완) 용역 ,광양만권경제자유구역청,PQ,601512000,599545125,99.67301151,바우+화신+기찬,96.31,512650000,98.7394,N
20200224613 - 00,20200217,세풍산단 내부간선도로 개설사업 실시설계(보완) 용역 ,광양만권경제자유구역청,PQ,601512000,599545125,99.67301151,경동+서진,96.17,511690000,98.5202,N
20200224613 - 00,20200217,세풍산단 내부간선도로 개설사업 실시설계(보완) 용역 ,광양만권경제자유구역청,PQ,601512000,599545125,99.67301151,KG+경원+우영,96.07,526145000,101.2799,N
20200224613 - 00,20200217,세풍산단 내부간선도로 개설사업 실시설계(보완) 용역 ,광양만권경제자유구역청,PQ,601512000,599545125,99.67301151,동명+건영,95.62,528200000,101.6755,N
20200224613 - 00,20200217,세풍산단 내부간선도로 개설사업 실시설계(보완) 용역 ,광양만권경제자유구역청,PQ,601512000,599545125,99.67301151,경호+장산,95.6,511090000,98.3819,N
20200224613 - 00,20200217,세풍산단 내부간선도로 개설사업 실시설계(보완) 용역 ,광양만권경제자유구역청,PQ,601512000,599545125,99.67301151,삼안+서남,95.43,539000000,103.7544,N
20200225376 - 00,20200217,남악신도시 오룡지구 택지개발사업 사후환경영향조사용역(2차분),전남개발공사,PQ,902429000,893758950,99.03925406,동아+이산+국토,98.45,777010000,100.2995,N
20200225376 - 00,20200217,남악신도시 오룡지구 택지개발사업 사후환경영향조사용역(2차분),전남개발공사,PQ,902429000,893758950,99.03925406,도화+한기+자연사람,98.35,775830000,100.1238,N
20200225376 - 00,20200217,남악신도시 오룡지구 택지개발사업 사후환경영향조사용역(2차분),전남개발공사,PQ,902429000,893758950,99.03925406,KG+한맥+일월,98.09,778514000,100.4,N
20200225376 - 00,20200217,남악신도시 오룡지구 택지개발사업 사후환경영향조사용역(2차분),전남개발공사,PQ,902429000,893758950,99.03925406,동성+우리+DS,97.96,772800000,99.6399,N
20200225376 - 00,20200217,남악신도시 오룡지구 택지개발사업 사후환경영향조사용역(2차분),전남개발공사,PQ,902429000,893758950,99.03925406,건화+상원+레오,97.83,781000000,100.6621,N
20200225376 - 00,20200217,남악신도시 오룡지구 택지개발사업 사후환경영향조사용역(2차분),전남개발공사,PQ,902429000,893758950,99.03925406,평화+선진+신일,97.8,772800000,99.5936,N
20200225376 - 00,20200217,남악신도시 오룡지구 택지개발사업 사후환경영향조사용역(2차분),전남개발공사,PQ,902429000,893758950,99.03925406,서영+퍼스트+신오,97.78,782900000,100.8952,N
20200225376 - 00,20200217,남악신도시 오룡지구 택지개발사업 사후환경영향조사용역(2차분),전남개발공사,PQ,902429000,893758950,99.03925406,신성+홍익+하우원,97.76,772000000,99.4789,Y
20200225376 - 00,20200217,남악신도시 오룡지구 택지개발사업 사후환경영향조사용역(2차분),전남개발공사,PQ,902429000,893758950,99.03925406,천일+하이콘,97.66,784690000,101.0906,N
20200225376 - 00,20200217,남악신도시 오룡지구 택지개발사업 사후환경영향조사용역(2차분),전남개발공사,PQ,902429000,893758950,99.03925406,동부+성호,97.41,783640000,100.8967,N
20200225376 - 00,20200217,남악신도시 오룡지구 택지개발사업 사후환경영향조사용역(2차분),전남개발공사,PQ,902429000,893758950,99.03925406,다산+이에스테크,97.34,785400000,101.0998,N
20200225376 - 00,20200217,남악신도시 오룡지구 택지개발사업 사후환경영향조사용역(2차분),전남개발공사,PQ,902429000,893758950,99.03925406,동일+오션,97.34,783800000,100.8939,N
20200225376 - 00,20200217,남악신도시 오룡지구 택지개발사업 사후환경영향조사용역(2차분),전남개발공사,PQ,902429000,893758950,99.03925406,동명+세원+우영,97.17,768124000,98.8301,N
20200225376 - 00,20200217,남악신도시 오룡지구 택지개발사업 사후환경영향조사용역(2차분),전남개발공사,PQ,902429000,893758950,99.03925406,화신+서남+CNS,96.75,790789000,101.64,N
20200225376 - 00,20200217,남악신도시 오룡지구 택지개발사업 사후환경영향조사용역(2차분),전남개발공사,PQ,902429000,893758950,99.03925406,수성+신명+세종,94.8,798303000,102.0966,N
20200222182 - 00,20200214,방어진하수처리시설 증설사업 감독 권한대행 등 건설사업관리용역,울산광역시,SOQ,3499000000,3486307425,99.63725136,도화+한신,98.79,2640800000,102.3016,Y
20200222182 - 00,20200214,방어진하수처리시설 증설사업 감독 권한대행 등 건설사업관리용역,울산광역시,SOQ,3499000000,3486307425,99.63725136,동명+성지+청목,96.76,2601527000,99.0351,N
20200222182 - 00,20200214,방어진하수처리시설 증설사업 감독 권한대행 등 건설사업관리용역,울산광역시,SOQ,3499000000,3486307425,99.63725136,건화+부광,95.64,2677700000,100.9665,N
20200222182 - 00,20200214,방어진하수처리시설 증설사업 감독 권한대행 등 건설사업관리용역,울산광역시,SOQ,3499000000,3486307425,99.63725136,삼안+대흥,92.25,2781900000,101.9368,N
20200222182 - 00,20200214,방어진하수처리시설 증설사업 감독 권한대행 등 건설사업관리용역,울산광역시,SOQ,3499000000,3486307425,99.63725136,선진+신흥,92.24,2796190000,102.4998,N
20200222182 - 00,20200214,방어진하수처리시설 증설사업 감독 권한대행 등 건설사업관리용역,울산광역시,SOQ,3499000000,3486307425,99.63725136,한종+CM+이산,91.14,2788600000,101.2991,N
20200225251 - 00,20200217,횡성 제2문화복합단지 지구단위계획 수립 용역,강원도 횡성군,PQ,587600000,591816075,100.7175077,도화+삼경,100,505400000,100.6034,N
20200225251 - 00,20200217,횡성 제2문화복합단지 지구단위계획 수립 용역,강원도 횡성군,PQ,587600000,591816075,100.7175077,동명+정,99.7,498760000,99.2005,N
20200225251 - 00,20200217,횡성 제2문화복합단지 지구단위계획 수립 용역,강원도 횡성군,PQ,587600000,591816075,100.7175077,화신+삼안,99.66,501769000,99.7873,N
20200225251 - 00,20200217,횡성 제2문화복합단지 지구단위계획 수립 용역,강원도 횡성군,PQ,587600000,591816075,100.7175077,수성+미래,99.56,505868000,100.5789,N
20200225251 - 00,20200217,횡성 제2문화복합단지 지구단위계획 수립 용역,강원도 횡성군,PQ,587600000,591816075,100.7175077,건화+진화,99.22,501200000,99.5578,N
20200225251 - 00,20200217,횡성 제2문화복합단지 지구단위계획 수립 용역,강원도 횡성군,PQ,587600000,591816075,100.7175077,서영+삼주,99.2,505400000,100.3921,N
20200225251 - 00,20200217,횡성 제2문화복합단지 지구단위계획 수립 용역,강원도 횡성군,PQ,587600000,591816075,100.7175077,경동+경원,99.16,499888000,99.2856,N
20200225251 - 00,20200217,횡성 제2문화복합단지 지구단위계획 수립 용역,강원도 횡성군,PQ,587600000,591816075,100.7175077,경호+일신,99.12,508450000,100.9743,Y
20200225251 - 00,20200217,횡성 제2문화복합단지 지구단위계획 수립 용역,강원도 횡성군,PQ,587600000,591816075,100.7175077,한종+동서,98.87,499800000,99.1986,N
20200225251 - 00,20200217,횡성 제2문화복합단지 지구단위계획 수립 용역,강원도 횡성군,PQ,587600000,591816075,100.7175077,KG+대성,98.51,509750000,101.0792,N
20200225251 - 00,20200217,횡성 제2문화복합단지 지구단위계획 수립 용역,강원도 횡성군,PQ,587600000,591816075,100.7175077,유신+서광,98.38,512858000,101.6599,N
20200225251 - 00,20200217,횡성 제2문화복합단지 지구단위계획 수립 용역,강원도 횡성군,PQ,587600000,591816075,100.7175077,제일+국일,97.69,499300000,98.7998,N
20200225251 - 00,20200217,횡성 제2문화복합단지 지구단위계획 수립 용역,강원도 횡성군,PQ,587600000,591816075,100.7175077,동일+강원길,97.35,509990000,100.8213,N
20200225251 - 00,20200217,횡성 제2문화복합단지 지구단위계획 수립 용역,강원도 횡성군,PQ,587600000,591816075,100.7175077,선진+고려,97.13,498980000,98.5875,N
2000469 - 00,20200217,남양주왕숙 공공주택지구 교통영향평가용역,한국토지주택공사,PQ,896511000,898678000,100.2417148,건화,99.9,772700000,100.7772,Y
2000469 - 00,20200217,남양주왕숙 공공주택지구 교통영향평가용역,한국토지주택공사,PQ,896511000,898678000,100.2417148,도화,99.3,767030000,99.8625,N
2000469 - 00,20200217,남양주왕숙 공공주택지구 교통영향평가용역,한국토지주택공사,PQ,896511000,898678000,100.2417148,유신,97.9,771223000,99.9999,N
2000469 - 00,20200217,남양주왕숙 공공주택지구 교통영향평가용역,한국토지주택공사,PQ,896511000,898678000,100.2417148,동명,94.4,794600000,101.9995,N
2000473 - 00,20200217,하남교산 공공주택지구 교통영향평가용역,한국토지주택공사,PQ,795883000,795586000,99.96268296,건화,99.7,681700000,100.0915,Y
2000473 - 00,20200217,하남교산 공공주택지구 교통영향평가용역,한국토지주택공사,PQ,795883000,795586000,99.96268296,동명,98.1,681870000,99.6507,N
2000473 - 00,20200217,하남교산 공공주택지구 교통영향평가용역,한국토지주택공사,PQ,795883000,795586000,99.96268296,한종,97.8,694400000,101.3993,N
2000473 - 00,20200217,하남교산 공공주택지구 교통영향평가용역,한국토지주택공사,PQ,795883000,795586000,99.96268296,삼안,96.33,681890000,99.1462,N
2000473 - 00,20200217,하남교산 공공주택지구 교통영향평가용역,한국토지주택공사,PQ,795883000,795586000,99.96268296,유신,95.27,700260000,101.5,N
2000473 - 00,20200217,하남교산 공공주택지구 교통영향평가용역,한국토지주택공사,PQ,795883000,795586000,99.96268296,도화,94.13,708000000,102.2915,N
2000476 - 00,20200217,인천계양 테크노밸리 공공주택지구 교통영향평가용역,한국토지주택공사,PQ,621280000,619334000,99.68677569,건화,99.6,533480000,100.3188,N
2000476 - 00,20200217,인천계양 테크노밸리 공공주택지구 교통영향평가용역,한국토지주택공사,PQ,621280000,619334000,99.68677569,KG,98.6,532911000,99.92,Y
2000476 - 00,20200217,인천계양 테크노밸리 공공주택지구 교통영향평가용역,한국토지주택공사,PQ,621280000,619334000,99.68677569,서영,98.6,534670000,100.2498,N
2000476 - 00,20200217,인천계양 테크노밸리 공공주택지구 교통영향평가용역,한국토지주택공사,PQ,621280000,619334000,99.68677569,수성,98.2,531553000,99.5494,N
2000476 - 00,20200217,인천계양 테크노밸리 공공주택지구 교통영향평가용역,한국토지주택공사,PQ,621280000,619334000,99.68677569,동명,97.5,531400000,99.3127,N
2000476 - 00,20200217,인천계양 테크노밸리 공공주택지구 교통영향평가용역,한국토지주택공사,PQ,621280000,619334000,99.68677569,삼안,97.03,541970000,101.1472,N
2000476 - 00,20200217,인천계양 테크노밸리 공공주택지구 교통영향평가용역,한국토지주택공사,PQ,621280000,619334000,99.68677569,도화,96.13,544200000,101.305,N
2000476 - 00,20200217,인천계양 테크노밸리 공공주택지구 교통영향평가용역,한국토지주택공사,PQ,621280000,619334000,99.68677569,평화,95.3,546000000,101.3938,N
2000476 - 00,20200217,인천계양 테크노밸리 공공주택지구 교통영향평가용역,한국토지주택공사,PQ,621280000,619334000,99.68677569,유신,94.7,559152000,103.6568,N
20200213116 - 01,20200217,쌍용정수장 현대화사업 기본 및 실시설계용역,강원도 영월군 상하수도사업소,PQ,390260000,393831925,100.915268,도화+삼주,99.11,340220000,100.4063,N
20200213116 - 01,20200217,쌍용정수장 현대화사업 기본 및 실시설계용역,강원도 영월군 상하수도사업소,PQ,390260000,393831925,100.915268,이산+삼경,98.32,340480000,100.4021,N
20200213116 - 01,20200217,쌍용정수장 현대화사업 기본 및 실시설계용역,강원도 영월군 상하수도사업소,PQ,390260000,393831925,100.915268,정+건화,98.3,337094000,99.4036,N
20200213116 - 01,20200217,쌍용정수장 현대화사업 기본 및 실시설계용역,강원도 영월군 상하수도사업소,PQ,390260000,393831925,100.915268,삼안+대성종합,98.22,337590000,99.5384,N
20200213116 - 01,20200217,쌍용정수장 현대화사업 기본 및 실시설계용역,강원도 영월군 상하수도사업소,PQ,390260000,393831925,100.915268,선진+고려,97.99,338520000,99.7897,N
20200213116 - 01,20200217,쌍용정수장 현대화사업 기본 및 실시설계용역,강원도 영월군 상하수도사업소,PQ,390260000,393831925,100.915268,동명+서광,97.9,337775000,99.5701,N
20200213116 - 01,20200217,쌍용정수장 현대화사업 기본 및 실시설계용역,강원도 영월군 상하수도사업소,PQ,390260000,393831925,100.915268,경동+경원,97.85,335476000,98.881,N
20200213116 - 01,20200217,쌍용정수장 현대화사업 기본 및 실시설계용역,강원도 영월군 상하수도사업소,PQ,390260000,393831925,100.915268,범한+정원,97.85,336710000,99.2447,N
20200213116 - 01,20200217,쌍용정수장 현대화사업 기본 및 실시설계용역,강원도 영월군 상하수도사업소,PQ,390260000,393831925,100.915268,유신+미래,97.78,337600000,99.507,N
20200213116 - 01,20200217,쌍용정수장 현대화사업 기본 및 실시설계용역,강원도 영월군 상하수도사업소,PQ,390260000,393831925,100.915268,화신+우영,97.2,337038000,99.2843,N
20200213116 - 01,20200217,쌍용정수장 현대화사업 기본 및 실시설계용역,강원도 영월군 상하수도사업소,PQ,390260000,393831925,100.915268,한종+일신,97.2,338200000,99.6266,N
20200213116 - 01,20200217,쌍용정수장 현대화사업 기본 및 실시설계용역,강원도 영월군 상하수도사업소,PQ,390260000,393831925,100.915268,제일+동서,97.16,342400000,100.8522,N
20200213116 - 01,20200217,쌍용정수장 현대화사업 기본 및 실시설계용역,강원도 영월군 상하수도사업소,PQ,390260000,393831925,100.915268,경호+동남,96.74,335345000,98.7401,N
20200213116 - 01,20200217,쌍용정수장 현대화사업 기본 및 실시설계용역,강원도 영월군 상하수도사업소,PQ,390260000,393831925,100.915268,경화+성우,96.42,343016000,100.964,Y
20200213116 - 01,20200217,쌍용정수장 현대화사업 기본 및 실시설계용역,강원도 영월군 상하수도사업소,PQ,390260000,393831925,100.915268,HEC+서윤,94.15,347292000,102,N
20200225722 - 00,20200217,송정지구 도시개발사업 환지처분용역,경기도 광주시,PQ,958696000,960536750,100.1920056,도화+건화,99.3,844800000,102.8775,Y
20200225722 - 00,20200217,송정지구 도시개발사업 환지처분용역,경기도 광주시,PQ,958696000,960536750,100.1920056,대콘+KG,97.1,822648500,99.6217,N
20200227475 - 00,20200218,덕진구 노후하수관로 정비사업(2단계) 기본 및 실시설계 용역,전라북도 전주시 덕진구,PQ,1495975000,1490342725,99.62350474,이산+JCN,98,1186458000,100.0442,N
20200227475 - 00,20200218,덕진구 노후하수관로 정비사업(2단계) 기본 및 실시설계 용역,전라북도 전주시 덕진구,PQ,1495975000,1490342725,99.62350474,동명+더한,97.9,1195300000,100.7008,N
20200227475 - 00,20200218,덕진구 노후하수관로 정비사업(2단계) 기본 및 실시설계 용역,전라북도 전주시 덕진구,PQ,1495975000,1490342725,99.62350474,건화+유현+청우(아라),97.83,1183600000,99.6649,Y
20200227475 - 00,20200218,덕진구 노후하수관로 정비사업(2단계) 기본 및 실시설계 용역,전라북도 전주시 덕진구,PQ,1495975000,1490342725,99.62350474,도화+국성,97.8,1192780000,100.4126,N
20200227475 - 00,20200218,덕진구 노후하수관로 정비사업(2단계) 기본 및 실시설계 용역,전라북도 전주시 덕진구,PQ,1495975000,1490342725,99.62350474,KG+세화,97.8,1184077000,99.6799,N
20200227475 - 00,20200218,덕진구 노후하수관로 정비사업(2단계) 기본 및 실시설계 용역,전라북도 전주시 덕진구,PQ,1495975000,1490342725,99.62350474,한종+성원+한가람,97.76,1191000000,100.2249,N
20200227475 - 00,20200218,덕진구 노후하수관로 정비사업(2단계) 기본 및 실시설계 용역,전라북도 전주시 덕진구,PQ,1495975000,1490342725,99.62350474,삼안+현성+수성,97.51,1179970000,99.0971,N
20200227475 - 00,20200218,덕진구 노후하수관로 정비사업(2단계) 기본 및 실시설계 용역,전라북도 전주시 덕진구,PQ,1495975000,1490342725,99.62350474,범한+대도,97.44,1204400000,101.098,N
20200227475 - 00,20200218,덕진구 노후하수관로 정비사업(2단계) 기본 및 실시설계 용역,전라북도 전주시 덕진구,PQ,1495975000,1490342725,99.62350474,제일+조화+인우,97.2,1180580000,98.8998,N
20200227475 - 00,20200218,덕진구 노후하수관로 정비사업(2단계) 기본 및 실시설계 용역,전라북도 전주시 덕진구,PQ,1495975000,1490342725,99.62350474,경동+신한,97.12,1177680000,98.5951,N
20200227475 - 00,20200218,덕진구 노후하수관로 정비사업(2단계) 기본 및 실시설계 용역,전라북도 전주시 덕진구,PQ,1495975000,1490342725,99.62350474,유신+건일,97.12,1210933000,101.379,N
20200227475 - 00,20200218,덕진구 노후하수관로 정비사업(2단계) 기본 및 실시설계 용역,전라북도 전주시 덕진구,PQ,1495975000,1490342725,99.62350474,화신+고산,97.11,1214749000,101.6985,N
20200227475 - 00,20200218,덕진구 노후하수관로 정비사업(2단계) 기본 및 실시설계 용역,전라북도 전주시 덕진구,PQ,1495975000,1490342725,99.62350474,선진+대성기술,96.45,0,0,N
20200225810 - 00,20200218,개발제한구역 관리계획 변경 및 도시계획시설(전기공급설비) 결정용역,전남개발공사,PQ,901350000,907749625,100.7100044,건화+동아,98.24,772600000,99.8031,N
20200225810 - 00,20200218,개발제한구역 관리계획 변경 및 도시계획시설(전기공급설비) 결정용역,전남개발공사,PQ,901350000,907749625,100.7100044,KG+우영,97.86,776330000,100.1799,N
20200225810 - 00,20200218,개발제한구역 관리계획 변경 및 도시계획시설(전기공급설비) 결정용역,전남개발공사,PQ,901350000,907749625,100.7100044,동명+한기,97.82,777880000,100.3799,N
20200225810 - 00,20200218,개발제한구역 관리계획 변경 및 도시계획시설(전기공급설비) 결정용역,전남개발공사,PQ,901350000,907749625,100.7100044,한종+신명,97.68,776200000,100.1166,N
20200225810 - 00,20200218,개발제한구역 관리계획 변경 및 도시계획시설(전기공급설비) 결정용역,전남개발공사,PQ,901350000,907749625,100.7100044,경호+신오,97.64,786000000,101.3806,Y
20200225810 - 00,20200218,개발제한구역 관리계획 변경 및 도시계획시설(전기공급설비) 결정용역,전남개발공사,PQ,901350000,907749625,100.7100044,유신+우빈,97.22,769755000,99.17,N
20200225810 - 00,20200218,개발제한구역 관리계획 변경 및 도시계획시설(전기공급설비) 결정용역,전남개발공사,PQ,901350000,907749625,100.7100044,도화+우리,96.38,791100000,101.7073,N
20200225810 - 00,20200218,개발제한구역 관리계획 변경 및 도시계획시설(전기공급설비) 결정용역,전남개발공사,PQ,901350000,907749625,100.7100044,삼안+에스이,95.83,769450000,98.7865,N
20200225810 - 00,20200218,개발제한구역 관리계획 변경 및 도시계획시설(전기공급설비) 결정용역,전남개발공사,PQ,901350000,907749625,100.7100044,화신+신촌,93.29,791399000,100.9503,N
20200227441 - 01,20200218,남원처리구역 외 5개지역 하수관로 정비공사 실시설계 용역,전라북도 남원시 환경사업소,PQ,1198274000,1203929900,100.4720039,도화+국성,98.69,951300000,100.703,Y
20200227441 - 01,20200218,남원처리구역 외 5개지역 하수관로 정비공사 실시설계 용역,전라북도 남원시 환경사업소,PQ,1198274000,1203929900,100.4720039,동명+더한+이솔,97.81,947126000,99.5414,N
20200227441 - 01,20200218,남원처리구역 외 5개지역 하수관로 정비공사 실시설계 용역,전라북도 남원시 환경사업소,PQ,1198274000,1203929900,100.4720039,유신+한가람,97.44,946373000,99.175,N
20200227441 - 01,20200218,남원처리구역 외 5개지역 하수관로 정비공사 실시설계 용역,전라북도 남원시 환경사업소,PQ,1198274000,1203929900,100.4720039,수성+신한+경동,97.43,957803000,100.3602,N
20200227441 - 01,20200218,남원처리구역 외 5개지역 하수관로 정비공사 실시설계 용역,전라북도 남원시 환경사업소,PQ,1198274000,1203929900,100.4720039,화신+고산+금산,97.43,946828000,99.2102,N
20200227441 - 01,20200218,남원처리구역 외 5개지역 하수관로 정비공사 실시설계 용역,전라북도 남원시 환경사업소,PQ,1198274000,1203929900,100.4720039,선진+JCN,97.38,951220000,99.6329,N
20200227441 - 01,20200218,남원처리구역 외 5개지역 하수관로 정비공사 실시설계 용역,전라북도 남원시 환경사업소,PQ,1198274000,1203929900,100.4720039,제일+대성+조화,97.37,964390000,100.9997,N
20200227441 - 01,20200218,남원처리구역 외 5개지역 하수관로 정비공사 실시설계 용역,전라북도 남원시 환경사업소,PQ,1198274000,1203929900,100.4720039,삼안+현성,97.36,968000000,101.3777,N
20200227441 - 01,20200218,남원처리구역 외 5개지역 하수관로 정비공사 실시설계 용역,전라북도 남원시 환경사업소,PQ,1198274000,1203929900,100.4720039,이산+동운,97.35,942940000,98.7408,N
20200227441 - 01,20200218,남원처리구역 외 5개지역 하수관로 정비공사 실시설계 용역,전라북도 남원시 환경사업소,PQ,1198274000,1203929900,100.4720039,범한+대도,97.35,946880000,99.1534,N
20200227441 - 01,20200218,남원처리구역 외 5개지역 하수관로 정비공사 실시설계 용역,전라북도 남원시 환경사업소,PQ,1198274000,1203929900,100.4720039,KG+인우,97.34,961006000,100.62,N
20200227441 - 01,20200218,남원처리구역 외 5개지역 하수관로 정비공사 실시설계 용역,전라북도 남원시 환경사업소,PQ,1198274000,1203929900,100.4720039,건화+유현(아라),97.33,973000000,101.8758,N
20200227441 - 01,20200218,남원처리구역 외 5개지역 하수관로 정비공사 실시설계 용역,전라북도 남원시 환경사업소,PQ,1198274000,1203929900,100.4720039,한종+태영+세화,96.92,970880000,101.3107,N
20200227441 - 01,20200218,남원처리구역 외 5개지역 하수관로 정비공사 실시설계 용역,전라북도 남원시 환경사업소,PQ,1198274000,1203929900,100.4720039,경호+성원,96.52,1147000000,119.3157,N
20200226020 - 00,20200218,정동~심곡항 어촌뉴딜300사업 기본 및 실시설계 용역,강원도 강릉시,PQ,959044000,968370750,100.9725049,유신,99.3,819153000,99.718,N
20200226020 - 00,20200218,정동~심곡항 어촌뉴딜300사업 기본 및 실시설계 용역,강원도 강릉시,PQ,959044000,968370750,100.9725049,삼안+마린,99.3,823900000,100.2959,N
20200226020 - 00,20200218,정동~심곡항 어촌뉴딜300사업 기본 및 실시설계 용역,강원도 강릉시,PQ,959044000,968370750,100.9725049,세광+일신,99.2,820840000,99.9001,N
20200226020 - 00,20200218,정동~심곡항 어촌뉴딜300사업 기본 및 실시설계 용역,강원도 강릉시,PQ,959044000,968370750,100.9725049,건화(효림),99.17,819800000,99.7619,N
20200226020 - 00,20200218,정동~심곡항 어촌뉴딜300사업 기본 및 실시설계 용역,강원도 강릉시,PQ,959044000,968370750,100.9725049,한종+아라,99.16,824200000,100.2973,N
20200226020 - 00,20200218,정동~심곡항 어촌뉴딜300사업 기본 및 실시설계 용역,강원도 강릉시,PQ,959044000,968370750,100.9725049,건일+화신,99.13,819770000,99.7466,N
20200226020 - 00,20200218,정동~심곡항 어촌뉴딜300사업 기본 및 실시설계 용역,강원도 강릉시,PQ,959044000,968370750,100.9725049,한항+진화,98.92,829554000,100.89,N
20200226020 - 00,20200218,정동~심곡항 어촌뉴딜300사업 기본 및 실시설계 용역,강원도 강릉시,PQ,959044000,968370750,100.9725049,도화+서광,98.51,817100000,99.2711,N
20200226020 - 00,20200218,정동~심곡항 어촌뉴딜300사업 기본 및 실시설계 용역,강원도 강릉시,PQ,959044000,968370750,100.9725049,세일+동서,98.41,831359000,100.9799,Y
20200226020 - 00,20200218,정동~심곡항 어촌뉴딜300사업 기본 및 실시설계 용역,강원도 강릉시,PQ,959044000,968370750,100.9725049,서영+삼경,98.4,833268000,101.2,N
20200226020 - 00,20200218,정동~심곡항 어촌뉴딜300사업 기본 및 실시설계 용역,강원도 강릉시,PQ,959044000,968370750,100.9725049,대영+이레,97.81,817110000,99.0876,N
20200226020 - 00,20200218,정동~심곡항 어촌뉴딜300사업 기본 및 실시설계 용역,강원도 강릉시,PQ,959044000,968370750,100.9725049,혜인+미래,96.63,818700000,98.9811,N
20200228644 - 01,20200218,양구군 수도정비기본계획(변경) 및 물 수요관리시행계획,강원도 양구군 상하수도사업소,PQ,859859000,866675600,100.7927579,도화+삼주,98.51,738440000,100.0631,N
20200228644 - 01,20200218,양구군 수도정비기본계획(변경) 및 물 수요관리시행계획,강원도 양구군 상하수도사업소,PQ,859859000,866675600,100.7927579,KG+진화,98.12,735719000,99.59,N
20200228644 - 01,20200218,양구군 수도정비기본계획(변경) 및 물 수요관리시행계획,강원도 양구군 상하수도사업소,PQ,859859000,866675600,100.7927579,한종+고려,97.83,743000000,100.5054,N
20200228644 - 01,20200218,양구군 수도정비기본계획(변경) 및 물 수요관리시행계획,강원도 양구군 상하수도사업소,PQ,859859000,866675600,100.7927579,범한+대성,97.77,736680000,99.6273,N
20200228644 - 01,20200218,양구군 수도정비기본계획(변경) 및 물 수요관리시행계획,강원도 양구군 상하수도사업소,PQ,859859000,866675600,100.7927579,경동+경원,97.7,735489000,99.4547,N
20200228644 - 01,20200218,양구군 수도정비기본계획(변경) 및 물 수요관리시행계획,강원도 양구군 상하수도사업소,PQ,859859000,866675600,100.7927579,제일+동남,97.7,734350000,99.3007,N
20200228644 - 01,20200218,양구군 수도정비기본계획(변경) 및 물 수요관리시행계획,강원도 양구군 상하수도사업소,PQ,859859000,866675600,100.7927579,이산+삼경,97.61,734734000,99.3295,N
20200228644 - 01,20200218,양구군 수도정비기본계획(변경) 및 물 수요관리시행계획,강원도 양구군 상하수도사업소,PQ,859859000,866675600,100.7927579,선진+정원,97.57,746340000,100.8868,Y
20200228644 - 01,20200218,양구군 수도정비기본계획(변경) 및 물 수요관리시행계획,강원도 양구군 상하수도사업소,PQ,859859000,866675600,100.7927579,동명+서광,97.4,735700000,99.4023,N
20200228644 - 01,20200218,양구군 수도정비기본계획(변경) 및 물 수요관리시행계획,강원도 양구군 상하수도사업소,PQ,859859000,866675600,100.7927579,삼안+일신,97.4,746636000,100.8799,N
20200228644 - 01,20200218,양구군 수도정비기본계획(변경) 및 물 수요관리시행계획,강원도 양구군 상하수도사업소,PQ,859859000,866675600,100.7927579,건화+정,97.3,752880000,101.6999,N
20200228644 - 01,20200218,양구군 수도정비기본계획(변경) 및 물 수요관리시행계획,강원도 양구군 상하수도사업소,PQ,859859000,866675600,100.7927579,화신+HEC,97.16,732677000,98.9364,N
20200228644 - 01,20200218,양구군 수도정비기본계획(변경) 및 물 수요관리시행계획,강원도 양구군 상하수도사업소,PQ,859859000,866675600,100.7927579,유신+미래,96.77,750408000,101.2249,N
2020UMM01042020-01670-01,20200218,20-국-00부대 설계용역(B051) ,국군재정관리단,PQ,1843467000,1822734474,98.87535139,천일,99.9,1423790000,99.0248,Y
2020UMM01042020-01670-01,20200218,20-국-00부대 설계용역(B051) ,국군재정관리단,PQ,1843467000,1822734474,98.87535139,건화(중앙포럼+경보기술단+한국석면),99.5,1427480000,99.2814,N
2020UMM01042020-01670-01,20200218,20-국-00부대 설계용역(B051) ,국군재정관리단,PQ,1843467000,1822734474,98.87535139,경동,99.5,1439747000,100.1346,N
2020UMM01042020-01670-01,20200218,20-국-00부대 설계용역(B051) ,국군재정관리단,PQ,1843467000,1822734474,98.87535139,동부,97.9,1650000000,113.7803,N
20200231611 - 00,20200219,노후하수관로 정비사업 기본 및 실시설계 용역,강원도 속초시 하수도사업소,PQ,578000000,576988550,99.82500865,삼안+정,99.33,495462000,100.0877,Y
20200231611 - 00,20200219,노후하수관로 정비사업 기본 및 실시설계 용역,강원도 속초시 하수도사업소,PQ,578000000,576988550,99.82500865,이산+서광,97.9,500100000,100.6485,N
20200231611 - 00,20200219,노후하수관로 정비사업 기본 및 실시설계 용역,강원도 속초시 하수도사업소,PQ,578000000,576988550,99.82500865,경동+경원,97.8,496497000,99.9001,N
20200231611 - 00,20200219,노후하수관로 정비사업 기본 및 실시설계 용역,강원도 속초시 하수도사업소,PQ,578000000,576988550,99.82500865,선진+고려+성우,97.77,499240000,100.4404,N
20200231611 - 00,20200219,노후하수관로 정비사업 기본 및 실시설계 용역,강원도 속초시 하수도사업소,PQ,578000000,576988550,99.82500865,도화+미래기술,97.77,497760000,100.1426,N
20200231611 - 00,20200219,노후하수관로 정비사업 기본 및 실시설계 용역,강원도 속초시 하수도사업소,PQ,578000000,576988550,99.82500865,범한+대성,97.71,496400000,99.8574,N
20200231611 - 00,20200219,노후하수관로 정비사업 기본 및 실시설계 용역,강원도 속초시 하수도사업소,PQ,578000000,576988550,99.82500865,건화+정원,97.64,498600000,100.2883,N
20200231611 - 00,20200219,노후하수관로 정비사업 기본 및 실시설계 용역,강원도 속초시 하수도사업소,PQ,578000000,576988550,99.82500865,한종+일신+동서,97.46,499400000,100.4025,N
20200231611 - 00,20200219,노후하수관로 정비사업 기본 및 실시설계 용역,강원도 속초시 하수도사업소,PQ,578000000,576988550,99.82500865,화신+삼주,97.46,500979000,100.72,N
20200231611 - 00,20200219,노후하수관로 정비사업 기본 및 실시설계 용역,강원도 속초시 하수도사업소,PQ,578000000,576988550,99.82500865,제일+삼경,97.2,505700000,101.5983,N
20200231611 - 00,20200219,노후하수관로 정비사업 기본 및 실시설계 용역,강원도 속초시 하수도사업소,PQ,578000000,576988550,99.82500865,경호+동남,97.17,491628000,98.7596,N
20200231611 - 00,20200219,노후하수관로 정비사업 기본 및 실시설계 용역,강원도 속초시 하수도사업소,PQ,578000000,576988550,99.82500865,동명+진화,96.91,491860000,98.7489,N
20200218086 - 00,20200219,서구 도마.변동 일원 하수관로 정비사업 기본 및 실시설계용역,대전광역시,PQ,1667000000,1672263575,100.3157513,이산+도화+신화,99.62,1316300000,100.9166,Y
20200218086 - 00,20200219,서구 도마.변동 일원 하수관로 정비사업 기본 및 실시설계용역,대전광역시,PQ,1667000000,1672263575,100.3157513,제일+KG+경림,98.61,1305000000,99.2386,N
20200218086 - 00,20200219,서구 도마.변동 일원 하수관로 정비사업 기본 및 실시설계용역,대전광역시,PQ,1667000000,1672263575,100.3157513,건화+명성+선구(수성이앤씨+대길),98.19,1339400000,101.5071,N
20200218086 - 00,20200219,서구 도마.변동 일원 하수관로 정비사업 기본 및 실시설계용역,대전광역시,PQ,1667000000,1672263575,100.3157513,한종+와텍,97.99,1336300000,101.1061,N
20200218086 - 00,20200219,서구 도마.변동 일원 하수관로 정비사업 기본 및 실시설계용역,대전광역시,PQ,1667000000,1672263575,100.3157513,동명+아주,97.78,1341200000,101.298,N
20200218086 - 00,20200219,서구 도마.변동 일원 하수관로 정비사업 기본 및 실시설계용역,대전광역시,PQ,1667000000,1672263575,100.3157513,삼안+동양,97.69,1347280000,101.6932,N
20200218086 - 00,20200219,서구 도마.변동 일원 하수관로 정비사업 기본 및 실시설계용역,대전광역시,PQ,1667000000,1672263575,100.3157513,선진,97.32,1605000000,120.7812,N
20200232080 - 01,20200219,강진 저두지구 도시개발구역 지정 및 개발계획 수립 용역,전라남도 강진군,PQ,641520000,631291000,98.40550567,삼안+한기,97.32,554180000,100.349,N
20200232080 - 01,20200219,강진 저두지구 도시개발구역 지정 및 개발계획 수립 용역,전라남도 강진군,PQ,641520000,631291000,98.40550567,도화+동아,97.09,556680000,100.7315,N
20200232080 - 01,20200219,강진 저두지구 도시개발구역 지정 및 개발계획 수립 용역,전라남도 강진군,PQ,641520000,631291000,98.40550567,한종+대현기술,96.99,552210000,99.8995,N
20200232080 - 01,20200219,강진 저두지구 도시개발구역 지정 및 개발계획 수립 용역,전라남도 강진군,PQ,641520000,631291000,98.40550567,건화+우빈,96.52,549800000,99.3482,N
20200232080 - 01,20200219,강진 저두지구 도시개발구역 지정 및 개발계획 수립 용역,전라남도 강진군,PQ,641520000,631291000,98.40550567,동명+원우,96.45,560200000,101.204,N
20200232080 - 01,20200219,강진 저두지구 도시개발구역 지정 및 개발계획 수립 용역,전라남도 강진군,PQ,641520000,631291000,98.40550567,유신+우영,96.24,547080000,98.788,Y
20200232080 - 01,20200219,강진 저두지구 도시개발구역 지정 및 개발계획 수립 용역,전라남도 강진군,PQ,641520000,631291000,98.40550567,KG+하이콘,96.12,548888000,99.08,N
20200232080 - 01,20200219,강진 저두지구 도시개발구역 지정 및 개발계획 수립 용역,전라남도 강진군,PQ,641520000,631291000,98.40550567,수성+신명,96.08,559262000,100.9409,N
20200232080 - 01,20200219,강진 저두지구 도시개발구역 지정 및 개발계획 수립 용역,전라남도 강진군,PQ,641520000,631291000,98.40550567,동일+우리+경호,95.48,549300000,98.9939,N
20200232699 - 00,20200220,보령시 물 재이용 관리계획(변경) 수립용역,충청남도 보령시 경제도시국 수도과,PQ,546530000,543222175,99.39475875,삼안+드림,98.45,473759000,99.7697,N
20200232699 - 00,20200220,보령시 물 재이용 관리계획(변경) 수립용역,충청남도 보령시 경제도시국 수도과,PQ,546530000,543222175,99.39475875,선진+경동,98,476580000,100.3291,N
20200232699 - 00,20200220,보령시 물 재이용 관리계획(변경) 수립용역,충청남도 보령시 경제도시국 수도과,PQ,546530000,543222175,99.39475875,도화+우빈,97.8,478260000,100.6596,N
20200232699 - 00,20200220,보령시 물 재이용 관리계획(변경) 수립용역,충청남도 보령시 경제도시국 수도과,PQ,546530000,543222175,99.39475875,건화+수성E,97.76,474640000,99.8863,N
20200232699 - 00,20200220,보령시 물 재이용 관리계획(변경) 수립용역,충청남도 보령시 경제도시국 수도과,PQ,546530000,543222175,99.39475875,이산+장맥,97.6,473660000,99.6686,N
20200232699 - 00,20200220,보령시 물 재이용 관리계획(변경) 수립용역,충청남도 보령시 경제도시국 수도과,PQ,546530000,543222175,99.39475875,동명+천마,97.58,471371000,99.1869,N
20200232699 - 00,20200220,보령시 물 재이용 관리계획(변경) 수립용역,충청남도 보령시 경제도시국 수도과,PQ,546530000,543222175,99.39475875,HEC+바셈,97.54,472860000,99.5002,N
20200232699 - 00,20200220,보령시 물 재이용 관리계획(변경) 수립용역,충청남도 보령시 경제도시국 수도과,PQ,546530000,543222175,99.39475875,KG+한맥,97.5,472818000,99.4799,Y
20200232699 - 00,20200220,보령시 물 재이용 관리계획(변경) 수립용역,충청남도 보령시 경제도시국 수도과,PQ,546530000,543222175,99.39475875,경호+계림,97.06,472977000,99.4791,N
20200232699 - 00,20200220,보령시 물 재이용 관리계획(변경) 수립용역,충청남도 보령시 경제도시국 수도과,PQ,546530000,543222175,99.39475875,제일+기산,96.9,472950000,99.4505,N
20200232699 - 00,20200220,보령시 물 재이용 관리계획(변경) 수립용역,충청남도 보령시 경제도시국 수도과,PQ,546530000,543222175,99.39475875,한종+세일,96.8,471700000,99.1763,N
20200232699 - 00,20200220,보령시 물 재이용 관리계획(변경) 수립용역,충청남도 보령시 경제도시국 수도과,PQ,546530000,543222175,99.39475875,화신+우리,96.68,486760000,102.3309,N
20200232698 - 03,20200219,산청 매촌지구 도시개발구역 지정(개발계획 수립) 및 실시설계 용역,경상남도 산청군,PQ,560000000,557792200,99.60575,동명+이솔,100,481400000,100.5489,N
20200232698 - 03,20200219,산청 매촌지구 도시개발구역 지정(개발계획 수립) 및 실시설계 용역,경상남도 산청군,PQ,560000000,557792200,99.60575,도화+한성,100,478293000,99.9,N
20200232698 - 03,20200219,산청 매촌지구 도시개발구역 지정(개발계획 수립) 및 실시설계 용역,경상남도 산청군,PQ,560000000,557792200,99.60575,삼안+하우,99.63,477840000,99.7004,Y
20200232698 - 03,20200219,산청 매촌지구 도시개발구역 지정(개발계획 수립) 및 실시설계 용역,경상남도 산청군,PQ,560000000,557792200,99.60575,건화+수성,99.33,484400000,100.9983,N
20200232698 - 03,20200219,산청 매촌지구 도시개발구역 지정(개발계획 수립) 및 실시설계 용역,경상남도 산청군,PQ,560000000,557792200,99.60575,유신+로텍,99.04,482164000,100.45,N
20200232698 - 03,20200219,산청 매촌지구 도시개발구역 지정(개발계획 수립) 및 실시설계 용역,경상남도 산청군,PQ,560000000,557792200,99.60575,KG+한올,98.29,475514000,98.88,N
20200232698 - 03,20200219,산청 매촌지구 도시개발구역 지정(개발계획 수립) 및 실시설계 용역,경상남도 산청군,PQ,560000000,557792200,99.60575,서영+정림,98.05,475500000,98.8196,N
20200232698 - 03,20200219,산청 매촌지구 도시개발구역 지정(개발계획 수립) 및 실시설계 용역,경상남도 산청군,PQ,560000000,557792200,99.60575,경호+우리,98.04,475750000,98.86,N
20200232698 - 03,20200219,산청 매촌지구 도시개발구역 지정(개발계획 수립) 및 실시설계 용역,경상남도 산청군,PQ,560000000,557792200,99.60575,동일+금성,97.84,476300000,98.9283,N
20200232698 - 03,20200219,산청 매촌지구 도시개발구역 지정(개발계획 수립) 및 실시설계 용역,경상남도 산청군,PQ,560000000,557792200,99.60575,화신+신화,97.74,488330000,101.4033,N
20200232698 - 03,20200219,산청 매촌지구 도시개발구역 지정(개발계획 수립) 및 실시설계 용역,경상남도 산청군,PQ,560000000,557792200,99.60575,대콘+범한,96.55,495194000,102.5187,N
20200232698 - 03,20200219,산청 매촌지구 도시개발구역 지정(개발계획 수립) 및 실시설계 용역,경상남도 산청군,PQ,560000000,557792200,99.60575,선진+천진,96.41,476663000,98.648,N
20200233542 - 00,20200220,임실 봉황생태공원 조성사업 기본 및 실시설계 용역,전라북도 임실군,PQ,534160000,529663750,99.15825783,KG+인우,96.58,465796000,100.1799,N
20200233542 - 00,20200220,임실 봉황생태공원 조성사업 기본 및 실시설계 용역,전라북도 임실군,PQ,534160000,529663750,99.15825783,한종+JCN,96.48,466600000,100.3528,N
20200233542 - 00,20200220,임실 봉황생태공원 조성사업 기본 및 실시설계 용역,전라북도 임실군,PQ,534160000,529663750,99.15825783,도화+국성,96.3,464520000,99.8825,Y
20200233542 - 00,20200220,임실 봉황생태공원 조성사업 기본 및 실시설계 용역,전라북도 임실군,PQ,534160000,529663750,99.15825783,건화+한가람(태평),95.9,468400000,100.6821,N
20200233542 - 00,20200220,임실 봉황생태공원 조성사업 기본 및 실시설계 용역,전라북도 임실군,PQ,534160000,529663750,99.15825783,유신+더한,94.76,461662000,99.12,N
20200233542 - 00,20200220,임실 봉황생태공원 조성사업 기본 및 실시설계 용역,전라북도 임실군,PQ,534160000,529663750,99.15825783,경호+현성,94.22,473000000,101.4961,N
20200233542 - 00,20200220,임실 봉황생태공원 조성사업 기본 및 실시설계 용역,전라북도 임실군,PQ,534160000,529663750,99.15825783,화신+조화,90.88,461070000,98.6196,N
20200232835 - 00,20200220,진주시 노후하수관로 정비사업 건설사업관리용역,경상남도 진주시,PQ,1908000000,1896289700,99.38625262,도화+수성+현진,100,1485280000,99.8075,Y
20200232835 - 00,20200220,진주시 노후하수관로 정비사업 건설사업관리용역,경상남도 진주시,PQ,1908000000,1896289700,99.38625262,동성+금성,99.99,1491900000,100.2395,N
20200232835 - 00,20200220,진주시 노후하수관로 정비사업 건설사업관리용역,경상남도 진주시,PQ,1908000000,1896289700,99.38625262,건화+우진,99.98,1485600000,99.8034,N
20200232835 - 00,20200220,진주시 노후하수관로 정비사업 건설사업관리용역,경상남도 진주시,PQ,1908000000,1896289700,99.38625262,유신+천진,99.81,1502520000,100.798,N
20200232835 - 00,20200220,진주시 노후하수관로 정비사업 건설사업관리용역,경상남도 진주시,PQ,1908000000,1896289700,99.38625262,KG+한성,99.63,1483469000,99.38,N
20200232835 - 00,20200220,진주시 노후하수관로 정비사업 건설사업관리용역,경상남도 진주시,PQ,1908000000,1896289700,99.38625262,동명+경화,99.6,1497600000,100.301,N
20200232835 - 00,20200220,진주시 노후하수관로 정비사업 건설사업관리용역,경상남도 진주시,PQ,1908000000,1896289700,99.38625262,선진+로텍,99.55,1482900000,99.2784,N
20200232835 - 00,20200220,진주시 노후하수관로 정비사업 건설사업관리용역,경상남도 진주시,PQ,1908000000,1896289700,99.38625262,극동+서화+서영,99.52,1477175000,98.8699,N
20200232835 - 00,20200220,진주시 노후하수관로 정비사업 건설사업관리용역,경상남도 진주시,PQ,1908000000,1896289700,99.38625262,홍익+태일,99.52,1508999000,100.9999,N
20200232835 - 00,20200220,진주시 노후하수관로 정비사업 건설사업관리용역,경상남도 진주시,PQ,1908000000,1896289700,99.38625262,신명+우정,99.51,1507758000,100.904,N
20200232835 - 00,20200220,진주시 노후하수관로 정비사업 건설사업관리용역,경상남도 진주시,PQ,1908000000,1896289700,99.38625262,동부+한가람,99.48,1477520000,98.8551,N
20200232835 - 00,20200220,진주시 노후하수관로 정비사업 건설사업관리용역,경상남도 진주시,PQ,1908000000,1896289700,99.38625262,삼안+범한,99.47,1513270000,101.247,N
20200232835 - 00,20200220,진주시 노후하수관로 정비사업 건설사업관리용역,경상남도 진주시,PQ,1908000000,1896289700,99.38625262,한종+혜인,99.46,1496400000,100.1055,N
20200232835 - 00,20200220,진주시 노후하수관로 정비사업 건설사업관리용역,경상남도 진주시,PQ,1908000000,1896289700,99.38625262,이산+재화,99.42,1514700000,101.291,N
20200232835 - 00,20200220,진주시 노후하수관로 정비사업 건설사업관리용역,경상남도 진주시,PQ,1908000000,1896289700,99.38625262,천일+신화,99.39,1474000000,98.5441,N
20200232835 - 00,20200220,진주시 노후하수관로 정비사업 건설사업관리용역,경상남도 진주시,PQ,1908000000,1896289700,99.38625262,동일+동영,99.38,1477700000,98.7915,N
20200232835 - 00,20200220,진주시 노후하수관로 정비사업 건설사업관리용역,경상남도 진주시,PQ,1908000000,1896289700,99.38625262,경동+한올,99.36,1519740000,101.5891,N
20200232835 - 00,20200220,진주시 노후하수관로 정비사업 건설사업관리용역,경상남도 진주시,PQ,1908000000,1896289700,99.38625262,건양+창미,99.22,1474919800,98.48,N
20200232835 - 00,20200220,진주시 노후하수관로 정비사업 건설사업관리용역,경상남도 진주시,PQ,1908000000,1896289700,99.38625262,KCM+경상E,98.91,1532300000,102.0512,N
20200232835 - 00,20200220,진주시 노후하수관로 정비사업 건설사업관리용역,경상남도 진주시,PQ,1908000000,1896289700,99.38625262,대콘+HEC,98.84,1544400000,102.7918,N
20200234005 - 00,20200220,서면~사상간 BRT 설치공사 기본 및 실시설계 용역,부산광역시,PQ,577000000,573822225,99.4492591,신성+삼영+건화,95.58,498664000,99.9405,Y
20200234005 - 00,20200220,서면~사상간 BRT 설치공사 기본 및 실시설계 용역,부산광역시,PQ,577000000,573822225,99.4492591,도화+선일,95.27,504780000,101.0844,N
20200234005 - 00,20200220,서면~사상간 BRT 설치공사 기본 및 실시설계 용역,부산광역시,PQ,577000000,573822225,99.4492591,동일+이화,90.91,505350000,100.0998,N
2000511 - 00,20200220,생활물류단지 기본구상 및 사업타당성조사 용역,한국토지주택공사,PQ,622237000,622997000,100.12214,한종+원우,97.85,541200000,101.0943,Y
2000511 - 00,20200220,생활물류단지 기본구상 및 사업타당성조사 용역,한국토지주택공사,PQ,622237000,622997000,100.12214,도화+제일+성지토목,97.29,534990000,99.772,N
2000511 - 00,20200220,생활물류단지 기본구상 및 사업타당성조사 용역,한국토지주택공사,PQ,622237000,622997000,100.12214,일신+건화+고려,95.94,534998000,99.3814,N
2000511 - 00,20200220,생활물류단지 기본구상 및 사업타당성조사 용역,한국토지주택공사,PQ,622237000,622997000,100.12214,동명+경호,95.92,535770000,99.5248,N
2000511 - 00,20200220,생활물류단지 기본구상 및 사업타당성조사 용역,한국토지주택공사,PQ,622237000,622997000,100.12214,유신+삼안+세종건설,93.96,547873000,101.1998,N
2000511 - 00,20200220,생활물류단지 기본구상 및 사업타당성조사 용역,한국토지주택공사,PQ,622237000,622997000,100.12214,동일+서영,93.52,549100000,101.2984,N
남원국토관리사무소 공고 제2020 - 18호,20200219,남원국토 제1권역 도로 통합건설사업관리용역,익산지방국토관리청 남원국토관리사무소,PQ,2178000000,2182960450,100.2277525,건화+하이콘,100,1814000000,100.3523,N
남원국토관리사무소 공고 제2020 - 18호,20200219,남원국토 제1권역 도로 통합건설사업관리용역,익산지방국토관리청 남원국토관리사무소,PQ,2178000000,2182960450,100.2277525,동명+건일,100,1814500000,100.38,N
남원국토관리사무소 공고 제2020 - 18호,20200219,남원국토 제1권역 도로 통합건설사업관리용역,익산지방국토관리청 남원국토관리사무소,PQ,2178000000,2182960450,100.2277525,이산,100,1811000000,100.1864,N
남원국토관리사무소 공고 제2020 - 18호,20200219,남원국토 제1권역 도로 통합건설사업관리용역,익산지방국토관리청 남원국토관리사무소,PQ,2178000000,2182960450,100.2277525,동아+진화,100,1813596000,100.33,N
남원국토관리사무소 공고 제2020 - 18호,20200219,남원국토 제1권역 도로 통합건설사업관리용역,익산지방국토관리청 남원국토관리사무소,PQ,2178000000,2182960450,100.2277525,동성+디에스,100,1803650000,99.7798,N
남원국토관리사무소 공고 제2020 - 18호,20200219,남원국토 제1권역 도로 통합건설사업관리용역,익산지방국토관리청 남원국토관리사무소,PQ,2178000000,2182960450,100.2277525,서영+경호,100,1812950000,100.2942,Y
남원국토관리사무소 공고 제2020 - 18호,20200219,남원국토 제1권역 도로 통합건설사업관리용역,익산지방국토관리청 남원국토관리사무소,PQ,2178000000,2182960450,100.2277525,KG,100,1802816000,99.7336,N
남원국토관리사무소 공고 제2020 - 18호,20200219,남원국토 제1권역 도로 통합건설사업관리용역,익산지방국토관리청 남원국토관리사무소,PQ,2178000000,2182960450,100.2277525,수성,100,1816370000,100.4834,N
남원국토관리사무소 공고 제2020 - 18호,20200219,남원국토 제1권역 도로 통합건설사업관리용역,익산지방국토관리청 남원국토관리사무소,PQ,2178000000,2182960450,100.2277525,삼보+경원,100,1807088000,99.97,N
남원국토관리사무소 공고 제2020 - 18호,20200219,남원국토 제1권역 도로 통합건설사업관리용역,익산지방국토관리청 남원국토관리사무소,PQ,2178000000,2182960450,100.2277525,용마,100,1805170000,99.8638,N
남원국토관리사무소 공고 제2020 - 18호,20200219,남원국토 제1권역 도로 통합건설사업관리용역,익산지방국토관리청 남원국토관리사무소,PQ,2178000000,2182960450,100.2277525,신명,100,1810300000,100.1476,N
남원국토관리사무소 공고 제2020 - 18호,20200219,남원국토 제1권역 도로 통합건설사업관리용역,익산지방국토관리청 남원국토관리사무소,PQ,2178000000,2182960450,100.2277525,경동+우영,99.64,1827170000,100.8986,N
남원국토관리사무소 공고 제2020 - 18호,20200219,남원국토 제1권역 도로 통합건설사업관리용역,익산지방국토관리청 남원국토관리사무소,PQ,2178000000,2182960450,100.2277525,KCM+동남,99.6,1824480000,100.7379,N
남원국토관리사무소 공고 제2020 - 18호,20200219,남원국토 제1권역 도로 통합건설사업관리용역,익산지방국토관리청 남원국토관리사무소,PQ,2178000000,2182960450,100.2277525,도화+동해,99.58,1828200000,100.9312,N
남원국토관리사무소 공고 제2020 - 18호,20200219,남원국토 제1권역 도로 통합건설사업관리용역,익산지방국토관리청 남원국토관리사무소,PQ,2178000000,2182960450,100.2277525,홍익+화신,99.57,1798290000,99.2799,N
남원국토관리사무소 공고 제2020 - 18호,20200219,남원국토 제1권역 도로 통합건설사업관리용역,익산지방국토관리청 남원국토관리사무소,PQ,2178000000,2182960450,100.2277525,다산,99.5,1798940000,99.28,N
남원국토관리사무소 공고 제2020 - 18호,20200219,남원국토 제1권역 도로 통합건설사업관리용역,익산지방국토관리청 남원국토관리사무소,PQ,2178000000,2182960450,100.2277525,동부,99.48,1824900000,100.7005,N
남원국토관리사무소 공고 제2020 - 18호,20200219,남원국토 제1권역 도로 통합건설사업관리용역,익산지방국토관리청 남원국토관리사무소,PQ,2178000000,2182960450,100.2277525,대콘+태조,99.42,1778000000,98.0889,N
남원국토관리사무소 공고 제2020 - 18호,20200219,남원국토 제1권역 도로 통합건설사업관리용역,익산지방국토관리청 남원국토관리사무소,PQ,2178000000,2182960450,100.2277525,신성+에스이,99.31,1835000000,101.1727,N
남원국토관리사무소 공고 제2020 - 18호,20200219,남원국토 제1권역 도로 통합건설사업관리용역,익산지방국토관리청 남원국토관리사무소,PQ,2178000000,2182960450,100.2277525,진우,99.24,1836000000,101.1914,N
B5202000332,20200213,삼성전자 수수시설 설치 공사 건설사업관리용역,한국수자원공사,종심제,3503000000,3467642940,98.99066343,도화+한종+건화+이준,91,2890000000,82.5007,Y
B5202000332,20200213,삼성전자 수수시설 설치 공사 건설사업관리용역,한국수자원공사,종심제,3503000000,3467642940,98.99066343,범한+HEC,83,2883000000,82.3009,N
20200232753 - 00,20200221,감동진 문화포구 조성사업 감독권한대행 등 건설사업관리용역,부산광역시 건설본부,PQ,1483000000,1480008100,99.79825354,다산+한가람,100,1158054000,100.12,N
20200232753 - 00,20200221,감동진 문화포구 조성사업 감독권한대행 등 건설사업관리용역,부산광역시 건설본부,PQ,1483000000,1480008100,99.79825354,동성+선일,100,1152620000,99.6502,N
20200232753 - 00,20200221,감동진 문화포구 조성사업 감독권한대행 등 건설사업관리용역,부산광역시 건설본부,PQ,1483000000,1480008100,99.79825354,수성+거원,100,1152470000,99.6372,N
20200232753 - 00,20200221,감동진 문화포구 조성사업 감독권한대행 등 건설사업관리용역,부산광역시 건설본부,PQ,1483000000,1480008100,99.79825354,유신+경성,100,1160715000,100.3501,N
20200232753 - 00,20200221,감동진 문화포구 조성사업 감독권한대행 등 건설사업관리용역,부산광역시 건설본부,PQ,1483000000,1480008100,99.79825354,천일+삼영,100,1157250000,100.0505,Y
20200232753 - 00,20200221,감동진 문화포구 조성사업 감독권한대행 등 건설사업관리용역,부산광역시 건설본부,PQ,1483000000,1480008100,99.79825354,건화+이화(선진이엔지),99.93,1148300000,99.2131,N
20200232753 - 00,20200221,감동진 문화포구 조성사업 감독권한대행 등 건설사업관리용역,부산광역시 건설본부,PQ,1483000000,1480008100,99.79825354,도화+한진,99.93,1164200000,100.5869,N
20200232753 - 00,20200221,감동진 문화포구 조성사업 감독권한대행 등 건설사업관리용역,부산광역시 건설본부,PQ,1483000000,1480008100,99.79825354,삼보+문창,99.91,1162890000,100.4608,N
20200232753 - 00,20200221,감동진 문화포구 조성사업 감독권한대행 등 건설사업관리용역,부산광역시 건설본부,PQ,1483000000,1480008100,99.79825354,극동+대원,99.82,1168638000,100.8798,N
20200232753 - 00,20200221,감동진 문화포구 조성사업 감독권한대행 등 건설사업관리용역,부산광역시 건설본부,PQ,1483000000,1480008100,99.79825354,KG+한림,99.69,1170300000,100.92,N
20200232753 - 00,20200221,감동진 문화포구 조성사업 감독권한대행 등 건설사업관리용역,부산광역시 건설본부,PQ,1483000000,1480008100,99.79825354,경동+조은,99.64,1172639000,101.07,N
20200232753 - 00,20200221,감동진 문화포구 조성사업 감독권한대행 등 건설사업관리용역,부산광역시 건설본부,PQ,1483000000,1480008100,99.79825354,신명+지에스+한국코아,99.63,1172968000,101.0983,N
20200232753 - 00,20200221,감동진 문화포구 조성사업 감독권한대행 등 건설사업관리용역,부산광역시 건설본부,PQ,1483000000,1480008100,99.79825354,한종+미래,99.61,1147700000,98.9078,N
20200232753 - 00,20200221,감동진 문화포구 조성사업 감독권한대행 등 건설사업관리용역,부산광역시 건설본부,PQ,1483000000,1480008100,99.79825354,동일+한창,99.58,1148000000,98.9084,N
20200232753 - 00,20200221,감동진 문화포구 조성사업 감독권한대행 등 건설사업관리용역,부산광역시 건설본부,PQ,1483000000,1480008100,99.79825354,이산+원일,99.58,1175750000,101.2993,N
20200232753 - 00,20200221,감동진 문화포구 조성사업 감독권한대행 등 건설사업관리용역,부산광역시 건설본부,PQ,1483000000,1480008100,99.79825354,평화+씨엠,99.55,1150900000,99.1329,N
20200232753 - 00,20200221,감동진 문화포구 조성사업 감독권한대행 등 건설사업관리용역,부산광역시 건설본부,PQ,1483000000,1480008100,99.79825354,동명+관보,99.5,1409000000,121.3179,N
20200232753 - 00,20200221,감동진 문화포구 조성사업 감독권한대행 등 건설사업관리용역,부산광역시 건설본부,PQ,1483000000,1480008100,99.79825354,홍익+청출,99.48,1179100000,101.4971,N
20200232753 - 00,20200221,감동진 문화포구 조성사업 감독권한대행 등 건설사업관리용역,부산광역시 건설본부,PQ,1483000000,1480008100,99.79825354,대콘+지인,99.41,1177700000,101.3249,N
20200232753 - 00,20200221,감동진 문화포구 조성사업 감독권한대행 등 건설사업관리용역,부산광역시 건설본부,PQ,1483000000,1480008100,99.79825354,경원+길평,99.33,1146790000,98.6026,N
20200232753 - 00,20200221,감동진 문화포구 조성사업 감독권한대행 등 건설사업관리용역,부산광역시 건설본부,PQ,1483000000,1480008100,99.79825354,용마+청남,99.33,1144000000,98.3627,N
20200232753 - 00,20200221,감동진 문화포구 조성사업 감독권한대행 등 건설사업관리용역,부산광역시 건설본부,PQ,1483000000,1480008100,99.79825354,KCM+하나+유일,99.16,1150600000,98.7916,N
20200232753 - 00,20200221,감동진 문화포구 조성사업 감독권한대행 등 건설사업관리용역,부산광역시 건설본부,PQ,1483000000,1480008100,99.79825354,경호+HM+HD,99.01,1400000000,120.2053,N
20200235455 - 00,20200221,중리지구 풍수해 생활권 종합정비사업 기본 및 실시설계용역,충청북도 괴산군,PQ,1092700000,1101348775,100.791505,도화+건양,99.23,941570000,100.5885,N
20200235455 - 00,20200221,중리지구 풍수해 생활권 종합정비사업 기본 및 실시설계용역,충청북도 괴산군,PQ,1092700000,1101348775,100.791505,한종+홍익+한맥,98.73,939250000,100.212,N
20200235455 - 00,20200221,중리지구 풍수해 생활권 종합정비사업 기본 및 실시설계용역,충청북도 괴산군,PQ,1092700000,1101348775,100.791505,건화+영진+KCI,98.6,934390000,99.6586,N
20200235455 - 00,20200221,중리지구 풍수해 생활권 종합정비사업 기본 및 실시설계용역,충청북도 괴산군,PQ,1092700000,1101348775,100.791505,동부+지명,98.48,942700000,100.5097,N
20200235455 - 00,20200221,중리지구 풍수해 생활권 종합정비사업 기본 및 실시설계용역,충청북도 괴산군,PQ,1092700000,1101348775,100.791505,KG+대원+동서,98.43,946283000,100.88,Y
20200235455 - 00,20200221,중리지구 풍수해 생활권 종합정비사업 기본 및 실시설계용역,충청북도 괴산군,PQ,1092700000,1101348775,100.791505,이산+동림+제일,98.29,932880000,99.4164,N
20200235455 - 00,20200221,중리지구 풍수해 생활권 종합정비사업 기본 및 실시설계용역,충청북도 괴산군,PQ,1092700000,1101348775,100.791505,유신+도우+서영,97.8,933545000,99.36,N
20200235455 - 00,20200221,중리지구 풍수해 생활권 종합정비사업 기본 및 실시설계용역,충청북도 괴산군,PQ,1092700000,1101348775,100.791505,화신+선+극동+좋은,97.78,952180000,101.3434,N
20200235455 - 00,20200221,중리지구 풍수해 생활권 종합정비사업 기본 및 실시설계용역,충청북도 괴산군,PQ,1092700000,1101348775,100.791505,다산+해린+일신+정,97.71,929180000,98.8724,N
20200235455 - 00,20200221,중리지구 풍수해 생활권 종합정비사업 기본 및 실시설계용역,충청북도 괴산군,PQ,1092700000,1101348775,100.791505,삼안+청우건축,97.02,956340000,101.5853,N
20200235455 - 00,20200221,중리지구 풍수해 생활권 종합정비사업 기본 및 실시설계용역,충청북도 괴산군,PQ,1092700000,1101348775,100.791505,경호+도명+수성,94.69,931692000,98.3847,N
20200235453 - 00,20200221,원풍 자연재해위험개선지구 정비사업 기본 및 실시설계용역,충청북도 괴산군,PQ,833300000,839378975,100.7295062,도화+건양,99,716100000,100.2572,N
20200235453 - 00,20200221,원풍 자연재해위험개선지구 정비사업 기본 및 실시설계용역,충청북도 괴산군,PQ,833300000,839378975,100.7295062,건화+영진+KCI,98.68,713880000,99.8532,N
20200235453 - 00,20200221,원풍 자연재해위험개선지구 정비사업 기본 및 실시설계용역,충청북도 괴산군,PQ,833300000,839378975,100.7295062,동부+지명,98.67,714934000,100.0006,N
20200235453 - 00,20200221,원풍 자연재해위험개선지구 정비사업 기본 및 실시설계용역,충청북도 괴산군,PQ,833300000,839378975,100.7295062,KG+동림,98.58,721390000,100.8801,Y
20200235453 - 00,20200221,원풍 자연재해위험개선지구 정비사업 기본 및 실시설계용역,충청북도 괴산군,PQ,833300000,839378975,100.7295062,한종+홍익,98.52,715900000,100.1007,N
20200235453 - 00,20200221,원풍 자연재해위험개선지구 정비사업 기본 및 실시설계용역,충청북도 괴산군,PQ,833300000,839378975,100.7295062,동명+대원,98.44,713480000,99.7391,N
20200235453 - 00,20200221,원풍 자연재해위험개선지구 정비사업 기본 및 실시설계용역,충청북도 괴산군,PQ,833300000,839378975,100.7295062,다산+해린,98.07,711500000,99.3697,N
20200235453 - 00,20200221,원풍 자연재해위험개선지구 정비사업 기본 및 실시설계용역,충청북도 괴산군,PQ,833300000,839378975,100.7295062,유신+도우+서영,97.96,710522000,99.21,N
20200235453 - 00,20200221,원풍 자연재해위험개선지구 정비사업 기본 및 실시설계용역,충청북도 괴산군,PQ,833300000,839378975,100.7295062,화신+선+극동+좋은,97.71,710660000,99.1601,N
20200235453 - 00,20200221,원풍 자연재해위험개선지구 정비사업 기본 및 실시설계용역,충청북도 괴산군,PQ,833300000,839378975,100.7295062,삼안+청우건축,97.32,728420000,101.5437,N
20200235453 - 00,20200221,원풍 자연재해위험개선지구 정비사업 기본 및 실시설계용역,충청북도 괴산군,PQ,833300000,839378975,100.7295062,평화+동국+조화,96.83,710600000,98.9331,N
20200235453 - 00,20200221,원풍 자연재해위험개선지구 정비사업 기본 및 실시설계용역,충청북도 괴산군,PQ,833300000,839378975,100.7295062,경호+도명+수성,95.14,710418000,98.485,N
20200237040 - 00,20200221,명성어린이공원 및 용화천변 휴게공간 조성사업 실시설계 용역,강원도 철원군,PQ,253560000,254557200,100.3932797,KG+삼경,98.3,221983000,100.7498,Y
20200237040 - 00,20200221,명성어린이공원 및 용화천변 휴게공간 조성사업 실시설계 용역,강원도 철원군,PQ,253560000,254557200,100.3932797,한종+정,97.5,221200000,100.3136,N
20200237040 - 00,20200221,명성어린이공원 및 용화천변 휴게공간 조성사업 실시설계 용역,강원도 철원군,PQ,253560000,254557200,100.3932797,동명+경원,97.3,220000000,99.7579,N
20200237040 - 00,20200221,명성어린이공원 및 용화천변 휴게공간 조성사업 실시설계 용역,강원도 철원군,PQ,253560000,254557200,100.3932797,화신+건화,97,219949000,99.7004,N
20200237040 - 00,20200221,명성어린이공원 및 용화천변 휴게공간 조성사업 실시설계 용역,강원도 철원군,PQ,253560000,254557200,100.3932797,도화+서광,96.5,221147000,100.1974,N
20200237040 - 00,20200221,명성어린이공원 및 용화천변 휴게공간 조성사업 실시설계 용역,강원도 철원군,PQ,253560000,254557200,100.3932797,유신+일신,95.7,219011000,99.1499,N
20200237040 - 00,20200221,명성어린이공원 및 용화천변 휴게공간 조성사업 실시설계 용역,강원도 철원군,PQ,253560000,254557200,100.3932797,선진+고려,95.23,223045000,100.9298,N
20200237040 - 00,20200221,명성어린이공원 및 용화천변 휴게공간 조성사업 실시설계 용역,강원도 철원군,PQ,253560000,254557200,100.3932797,경호+미래,95.03,218950000,99.0541,N
20200237040 - 00,20200221,명성어린이공원 및 용화천변 휴게공간 조성사업 실시설계 용역,강원도 철원군,PQ,253560000,254557200,100.3932797,동일+동서,92.94,226300000,102.1683,N
20200236699 - 00,20200221,울주군 노후하수관로 정비공사(3차2공구) 실시설계용역,울산광역시,PQ,400000000,396618000,99.1545,건화+부광,98.21,348150000,100.1525,N
20200236699 - 00,20200221,울주군 노후하수관로 정비공사(3차2공구) 실시설계용역,울산광역시,PQ,400000000,396618000,99.1545,도화+한신,97.89,346740000,99.7239,N
20200236699 - 00,20200221,울주군 노후하수관로 정비공사(3차2공구) 실시설계용역,울산광역시,PQ,400000000,396618000,99.1545,삼안+청목+성지,97.4,348700000,100.23,N
20200236699 - 00,20200221,울주군 노후하수관로 정비공사(3차2공구) 실시설계용역,울산광역시,PQ,400000000,396618000,99.1545,선진+삼두,97.2,347170000,99.7787,N
20200236699 - 00,20200221,울주군 노후하수관로 정비공사(3차2공구) 실시설계용역,울산광역시,PQ,400000000,396618000,99.1545,제일+대흥,96.97,345940000,99.4023,N
20200236699 - 00,20200221,울주군 노후하수관로 정비공사(3차2공구) 실시설계용역,울산광역시,PQ,400000000,396618000,99.1545,이산+씨엠,96.51,352670000,101.2896,N
20200236699 - 00,20200221,울주군 노후하수관로 정비공사(3차2공구) 실시설계용역,울산광역시,PQ,400000000,396618000,99.1545,동명+신흥,96.14,345400000,99.1674,Y
20200236699 - 00,20200221,울주군 노후하수관로 정비공사(3차2공구) 실시설계용역,울산광역시,PQ,400000000,396618000,99.1545,화신+동남,94.68,356840000,102.2992,N
20200237337 - 00,20200221,서귀포항 동방파호안보강 및 돌제축조공사 기본 및 실시설계용역,제주특별자치도,PQ,635000000,638221075,100.5072559,대영+해진,97.7,548200000,100.367,N
20200237337 - 00,20200221,서귀포항 동방파호안보강 및 돌제축조공사 기본 및 실시설계용역,제주특별자치도,PQ,635000000,638221075,100.5072559,유신+아산,97.38,544153000,99.5451,N
20200237337 - 00,20200221,서귀포항 동방파호안보강 및 돌제축조공사 기본 및 실시설계용역,제주특별자치도,PQ,635000000,638221075,100.5072559,한항+JPM,96.85,545270000,99.6106,N
20200237337 - 00,20200221,서귀포항 동방파호안보강 및 돌제축조공사 기본 및 실시설계용역,제주특별자치도,PQ,635000000,638221075,100.5072559,세일+제원,96.63,550074000,100.4299,N
20200237337 - 00,20200221,서귀포항 동방파호안보강 및 돌제축조공사 기본 및 실시설계용역,제주특별자치도,PQ,635000000,638221075,100.5072559,세광+태신,96.29,545760000,99.55,N
20200237337 - 00,20200221,서귀포항 동방파호안보강 및 돌제축조공사 기본 및 실시설계용역,제주특별자치도,PQ,635000000,638221075,100.5072559,한종+청풍,96.24,543400000,99.108,N
20200237337 - 00,20200221,서귀포항 동방파호안보강 및 돌제축조공사 기본 및 실시설계용역,제주특별자치도,PQ,635000000,638221075,100.5072559,건화+한일(테크피아+지앤),96.24,558000000,101.7708,Y
20200237337 - 00,20200221,서귀포항 동방파호안보강 및 돌제축조공사 기본 및 실시설계용역,제주특별자치도,PQ,635000000,638221075,100.5072559,아라+성광,90.48,564894000,101.5,N
20200236720 - 00,20200221,노후하수관로 정비공사(4차) 실시설계 용역,울산광역시,PQ,1500000000,1498027500,99.8685,도화+삼안+한신+성지,99.06,1196600000,101.4863,Y
20200236720 - 00,20200221,노후하수관로 정비공사(4차) 실시설계 용역,울산광역시,PQ,1500000000,1498027500,99.8685,건화+부광(서진),97.89,1183500000,99.4266,N
20200236720 - 00,20200221,노후하수관로 정비공사(4차) 실시설계 용역,울산광역시,PQ,1500000000,1498027500,99.8685,동명+신흥+범한,96.6,1182180000,98.3,N
20200236720 - 00,20200221,노후하수관로 정비공사(4차) 실시설계 용역,울산광역시,PQ,1500000000,1498027500,99.8685,제일+대흥,96.07,1235500000,102.2998,N
20200236720 - 00,20200221,노후하수관로 정비공사(4차) 실시설계 용역,울산광역시,PQ,1500000000,1498027500,99.8685,이산+씨엠,95.91,1300000000,107.5069,N
원주지방국토관리청공고제2020 - 14호,20200221,국도59호선 연곡-현북 전략 및 환경영향평가용역,원주지방국토관리청,PQ,950000000,953505500,100.369,다산+엔탑,98.27,794740000,100.062,N
원주지방국토관리청공고제2020 - 14호,20200221,국도59호선 연곡-현북 전략 및 환경영향평가용역,원주지방국토관리청,PQ,950000000,953505500,100.369,서영+화신+퍼스트,98.21,798800000,100.5491,N
원주지방국토관리청공고제2020 - 14호,20200221,국도59호선 연곡-현북 전략 및 환경영향평가용역,원주지방국토관리청,PQ,950000000,953505500,100.369,수성+보드플랜,98.07,798171000,100.4099,Y
원주지방국토관리청공고제2020 - 14호,20200221,국도59호선 연곡-현북 전략 및 환경영향평가용역,원주지방국토관리청,PQ,950000000,953505500,100.369,한맥+동명+양지,98.07,793650000,99.8412,N
원주지방국토관리청공고제2020 - 14호,20200221,국도59호선 연곡-현북 전략 및 환경영향평가용역,원주지방국토관리청,PQ,950000000,953505500,100.369,도화+경원+신일환경,98.03,802620000,100.9575,N
원주지방국토관리청공고제2020 - 14호,20200221,국도59호선 연곡-현북 전략 및 환경영향평가용역,원주지방국토관리청,PQ,950000000,953505500,100.369,한종+한국환경평가기술+천일,97.9,796480000,100.1254,N
원주지방국토관리청공고제2020 - 14호,20200221,국도59호선 연곡-현북 전략 및 환경영향평가용역,원주지방국토관리청,PQ,950000000,953505500,100.369,동성+디에스,97.87,791220000,99.4523,N
원주지방국토관리청공고제2020 - 14호,20200221,국도59호선 연곡-현북 전략 및 환경영향평가용역,원주지방국토관리청,PQ,950000000,953505500,100.369,건화+우신,97.83,805200000,101.1974,N
원주지방국토관리청공고제2020 - 14호,20200221,국도59호선 연곡-현북 전략 및 환경영향평가용역,원주지방국토관리청,PQ,950000000,953505500,100.369,신성+대콘,97.53,804580000,100.9869,N
원주지방국토관리청공고제2020 - 14호,20200221,국도59호선 연곡-현북 전략 및 환경영향평가용역,원주지방국토관리청,PQ,950000000,953505500,100.369,평화,97.3,791840000,99.2931,N
20200237577 - 00,20200221,구리시 도로자동청소시스템 설치 및 ECO스마트 하수처리수 재이용사업 기본 및 실시설계 용역,경기도 구리시,PQ,644700000,648331325,100.5632581,동명+경호,98.92,555200000,100.4462,N
20200237577 - 00,20200221,구리시 도로자동청소시스템 설치 및 ECO스마트 하수처리수 재이용사업 기본 및 실시설계 용역,경기도 구리시,PQ,644700000,648331325,100.5632581,제일+선진,97.93,552889000,99.7721,N
20200237577 - 00,20200221,구리시 도로자동청소시스템 설치 및 ECO스마트 하수처리수 재이용사업 기본 및 실시설계 용역,경기도 구리시,PQ,644700000,648331325,100.5632581,한종+서광,97.55,558100000,100.6188,Y
20200237577 - 00,20200221,구리시 도로자동청소시스템 설치 및 ECO스마트 하수처리수 재이용사업 기본 및 실시설계 용역,경기도 구리시,PQ,644700000,648331325,100.5632581,KG+보람,97.4,560364000,100.98,N
20200237577 - 00,20200221,구리시 도로자동청소시스템 설치 및 ECO스마트 하수처리수 재이용사업 기본 및 실시설계 용역,경기도 구리시,PQ,644700000,648331325,100.5632581,건화+도화(테크피아),97.39,555700000,100.1396,N
20200237577 - 00,20200221,구리시 도로자동청소시스템 설치 및 ECO스마트 하수처리수 재이용사업 기본 및 실시설계 용역,경기도 구리시,PQ,644700000,648331325,100.5632581,범한+서영,97.38,549700000,99.0583,N
20200237577 - 00,20200221,구리시 도로자동청소시스템 설치 및 ECO스마트 하수처리수 재이용사업 기본 및 실시설계 용역,경기도 구리시,PQ,644700000,648331325,100.5632581,이산+수성,97.26,562380000,101.308,N
20200237577 - 00,20200221,구리시 도로자동청소시스템 설치 및 ECO스마트 하수처리수 재이용사업 기본 및 실시설계 용역,경기도 구리시,PQ,644700000,648331325,100.5632581,건양+지유,96.72,549944500,98.93,N
20200237577 - 00,20200221,구리시 도로자동청소시스템 설치 및 ECO스마트 하수처리수 재이용사업 기본 및 실시설계 용역,경기도 구리시,PQ,644700000,648331325,100.5632581,화신+용마,96.03,577880000,103.7748,N
20200235170 - 00,20200221,황학산수목원 지정(변경) 및 조성계획(변경) 수립 용역,경기도 여주시,PQ,560582000,561232300,100.1160044,한종+수성,97.07,485300000,100.4942,Y
20200235170 - 00,20200221,황학산수목원 지정(변경) 및 조성계획(변경) 수립 용역,경기도 여주시,PQ,560582000,561232300,100.1160044,도화+경호,95.14,483606000,99.6575,N
20200235170 - 00,20200221,황학산수목원 지정(변경) 및 조성계획(변경) 수립 용역,경기도 여주시,PQ,560582000,561232300,100.1160044,KG+보람,94.99,500060000,103.0007,N
20200235170 - 00,20200221,황학산수목원 지정(변경) 및 조성계획(변경) 수립 용역,경기도 여주시,PQ,560582000,561232300,100.1160044,유신+건화,94.58,496688000,102.1999,N
2020UMM01072020-01583-01 ,20200220,20-공-00부대 사업 2건 설계용역(D015),국군재정관리단,PQ,227056000,224750675,98.9846888,천일,100,195200000,99.1066,Y
2020UMM01072020-01583-01 ,20200220,20-공-00부대 사업 2건 설계용역(D015),국군재정관리단,PQ,227056000,224750675,98.9846888,벽산,98.38,195921000,99.4726,N
2020UMM01072020-01583-01 ,20200220,20-공-00부대 사업 2건 설계용역(D015),국군재정관리단,PQ,227056000,224750675,98.9846888,일신,93.53,197956000,100.1709,N
2020UMM01072020-01583-01 ,20200220,20-공-00부대 사업 2건 설계용역(D015),국군재정관리단,PQ,227056000,224750675,98.9846888,건화(경보기술단),93.5,195996000,99.1791,N
20200236659 - 00,20200221,노후하수관로 정밀조사 용역(3차),울산광역시,PQ,1785000000,1768975200,99.1022521,한종+건화,100,1386642000,99.6,Y
20200236659 - 00,20200221,노후하수관로 정밀조사 용역(3차),울산광역시,PQ,1785000000,1768975200,99.1022521,동명+삼안,100,1414500000,101.601,N
20200236659 - 00,20200221,노후하수관로 정밀조사 용역(3차),울산광역시,PQ,1785000000,1768975200,99.1022521,도화,100,1394995000,100.2,N
20200236659 - 00,20200221,노후하수관로 정밀조사 용역(3차),울산광역시,PQ,1785000000,1768975200,99.1022521,제일,99,1385950000,98.7401,N
20200236659 - 00,20200221,노후하수관로 정밀조사 용역(3차),울산광역시,PQ,1785000000,1768975200,99.1022521,선진+유신,98.3,1435000000,101.6529,N
20200236659 - 00,20200221,노후하수관로 정밀조사 용역(3차),울산광역시,PQ,1785000000,1768975200,99.1022521,이산+범한,97.83,1387200000,97.8954,N
20200238162 - 00,20200224,칠곡지구 하천재해예방사업  실시설계용역,경상남도,PQ,680000000,680712300,100.10475,한종+우진,97.75,587700000,100.5017,Y
20200238162 - 00,20200224,칠곡지구 하천재해예방사업  실시설계용역,경상남도,PQ,680000000,680712300,100.10475,삼안+KSM+서광,97.61,584283000,99.8826,N
20200238162 - 00,20200224,칠곡지구 하천재해예방사업  실시설계용역,경상남도,PQ,680000000,680712300,100.10475,도화+경화+범한+고려,97.22,582150000,99.4139,N
20200238162 - 00,20200224,칠곡지구 하천재해예방사업  실시설계용역,경상남도,PQ,680000000,680712300,100.10475,이산+수성,97.14,590300000,100.794,N
20200238162 - 00,20200224,칠곡지구 하천재해예방사업  실시설계용역,경상남도,PQ,680000000,680712300,100.10475,동부+한성,96.64,581680000,99.1954,N
20200238162 - 00,20200224,칠곡지구 하천재해예방사업  실시설계용역,경상남도,PQ,680000000,680712300,100.10475,화신+다산+HEC+신화,96.57,581328000,99.1354,N
20200238162 - 00,20200224,칠곡지구 하천재해예방사업  실시설계용역,경상남도,PQ,680000000,680712300,100.10475,평화+한올+동진,96.12,595800000,101.4622,N
20200238162 - 00,20200224,칠곡지구 하천재해예방사업  실시설계용역,경상남도,PQ,680000000,680712300,100.10475,건화+하우+KCI,95.01,598300000,101.6055,N
20200238162 - 00,20200224,칠곡지구 하천재해예방사업  실시설계용역,경상남도,PQ,680000000,680712300,100.10475,유신+화성+로텍,94.97,581140000,98.6799,N
20200238162 - 00,20200224,칠곡지구 하천재해예방사업  실시설계용역,경상남도,PQ,680000000,680712300,100.10475,KG+천진+보람,93.86,611404000,103.5201,N
20200238162 - 00,20200224,내석지구 하천재해예방사업 실시설계용역,경상남도,PQ,819000000,827896400,101.0862515,KG+천진+보람,100,697543000,99.62,N
20200238162 - 00,20200224,내석지구 하천재해예방사업 실시설계용역,경상남도,PQ,819000000,827896400,101.0862515,이산+수성+동남,100,700200000,99.9994,N
20200238162 - 00,20200224,내석지구 하천재해예방사업 실시설계용역,경상남도,PQ,819000000,827896400,101.0862515,유신+화성+동명,100,704573000,100.624,N
20200238162 - 00,20200224,내석지구 하천재해예방사업 실시설계용역,경상남도,PQ,819000000,827896400,101.0862515,건화+하우+KCI,99.55,706300000,100.7527,N
20200238162 - 00,20200224,내석지구 하천재해예방사업 실시설계용역,경상남도,PQ,819000000,827896400,101.0862515,도화+경화+고려,99.38,697640000,99.4709,N
20200238162 - 00,20200224,내석지구 하천재해예방사업 실시설계용역,경상남도,PQ,819000000,827896400,101.0862515,한종+로텍+청명,98.91,706100000,100.5597,N
20200238162 - 00,20200224,내석지구 하천재해예방사업 실시설계용역,경상남도,PQ,819000000,827896400,101.0862515,동부+한성,98.84,695640000,99.047,N
20200238162 - 00,20200224,내석지구 하천재해예방사업 실시설계용역,경상남도,PQ,819000000,827896400,101.0862515,다산+화신+HEC+신화,98.76,696800000,99.2121,N
20200238162 - 00,20200224,내석지구 하천재해예방사업 실시설계용역,경상남도,PQ,819000000,827896400,101.0862515,삼안+KSM,98.69,713350000,101.533,Y
20200238162 - 00,20200224,내석지구 하천재해예방사업 실시설계용역,경상남도,PQ,819000000,827896400,101.0862515,평화+한올+조화,97.76,716600000,101.7466,N
20200238162 - 00,20200224,내석지구 하천재해예방사업 실시설계용역,경상남도,PQ,819000000,827896400,101.0862515,동성+금성,96.74,727288000,103.0006,N
20200238162 - 00,20200224,합천지구 하천재해예방사업 실시설계용역,경상남도,PQ,808000000,802481375,99.31700186,이산+수성+세일,100,690799600,100,N
20200238162 - 00,20200224,합천지구 하천재해예방사업 실시설계용역,경상남도,PQ,808000000,802481375,99.31700186,유신+화성+동명,100,696464000,100.82,N
20200238162 - 00,20200224,합천지구 하천재해예방사업 실시설계용역,경상남도,PQ,808000000,802481375,99.31700186,KG+천진+보람,99.75,688380000,99.5799,Y
20200238162 - 00,20200224,합천지구 하천재해예방사업 실시설계용역,경상남도,PQ,808000000,802481375,99.31700186,도화+KSM+경화,98.95,688750000,99.4242,N
20200238162 - 00,20200224,합천지구 하천재해예방사업 실시설계용역,경상남도,PQ,808000000,802481375,99.31700186,삼안+조화+재화,98.83,697180000,100.6411,N
20200238162 - 00,20200224,합천지구 하천재해예방사업 실시설계용역,경상남도,PQ,808000000,802481375,99.31700186,건화+하우+KCI,98.71,696600000,100.4988,N
20200238162 - 00,20200224,합천지구 하천재해예방사업 실시설계용역,경상남도,PQ,808000000,802481375,99.31700186,한종+로텍+우진+현진+경호,98.68,697400000,100.6025,N
20200238162 - 00,20200224,합천지구 하천재해예방사업 실시설계용역,경상남도,PQ,808000000,802481375,99.31700186,평화+한올+동진,98.62,701600000,101.1965,N
20200238162 - 00,20200224,합천지구 하천재해예방사업 실시설계용역,경상남도,PQ,808000000,802481375,99.31700186,화신+다산+HEC+신화,98.61,685620000,98.8916,N
20200238162 - 00,20200224,합천지구 하천재해예방사업 실시설계용역,경상남도,PQ,808000000,802481375,99.31700186,동성+금성,98.51,687155000,99.0899,N
20200238162 - 00,20200224,합천지구 하천재해예방사업 실시설계용역,경상남도,PQ,808000000,802481375,99.31700186,동부+한성,98.49,710820000,102.4906,N
20200238162 - 00,20200224,사천2지구 하천재해예방사업  실시설계용역,경상남도,PQ,1150000000,1144425375,99.51525,이산+수성,100,904300000,100.8203,N
20200238162 - 00,20200224,사천2지구 하천재해예방사업  실시설계용역,경상남도,PQ,1150000000,1144425375,99.51525,동부+한성+동해,100,895840000,99.8771,N
20200238162 - 00,20200224,사천2지구 하천재해예방사업  실시설계용역,경상남도,PQ,1150000000,1144425375,99.51525,도화+KSM+경화,100,894880000,99.7701,N
20200238162 - 00,20200224,사천2지구 하천재해예방사업  실시설계용역,경상남도,PQ,1150000000,1144425375,99.51525,한종+우진,99.82,904600000,100.6988,N
20200238162 - 00,20200224,사천2지구 하천재해예방사업  실시설계용역,경상남도,PQ,1150000000,1144425375,99.51525,KG+천진+보람,99.79,894239000,99.52,Y
20200238162 - 00,20200224,사천2지구 하천재해예방사업  실시설계용역,경상남도,PQ,1150000000,1144425375,99.51525,유신+화성+동명,99.35,909058000,100.8079,N
20200238162 - 00,20200224,사천2지구 하천재해예방사업  실시설계용역,경상남도,PQ,1150000000,1144425375,99.51525,다산+화신+HEC+신화,99.33,913154000,101.2492,N
20200238162 - 00,20200224,사천2지구 하천재해예방사업  실시설계용역,경상남도,PQ,1150000000,1144425375,99.51525,평화+한올+조화,99.32,918000000,101.7736,N
20200238162 - 00,20200224,사천2지구 하천재해예방사업  실시설계용역,경상남도,PQ,1150000000,1144425375,99.51525,건화+하우+KCI,99.3,891300000,98.8009,N
20200238162 - 00,20200224,사천2지구 하천재해예방사업  실시설계용역,경상남도,PQ,1150000000,1144425375,99.51525,삼안+하존+한맥,98.98,917994000,101.4882,N
20200238162 - 00,20200224,마리지구 하천재해예방사업  실시설계용역,경상남도,PQ,578000000,579102600,100.1907612,유신+강동+화성+로텍,99.35,493799000,99.7517,N
20200238162 - 00,20200224,마리지구 하천재해예방사업  실시설계용역,경상남도,PQ,578000000,579102600,100.1907612,한종+KSM,99.2,497200000,100.4036,Y
20200238162 - 00,20200224,마리지구 하천재해예방사업  실시설계용역,경상남도,PQ,578000000,579102600,100.1907612,도화+경화+범한,98.91,492830000,99.4515,N
20200238162 - 00,20200224,마리지구 하천재해예방사업  실시설계용역,경상남도,PQ,578000000,579102600,100.1907612,이산+수성+서화,98.87,500300000,100.9471,N
20200238162 - 00,20200224,마리지구 하천재해예방사업  실시설계용역,경상남도,PQ,578000000,579102600,100.1907612,KG+천진,98.29,500428000,100.8201,N
20200238162 - 00,20200224,마리지구 하천재해예방사업  실시설계용역,경상남도,PQ,578000000,579102600,100.1907612,극동+혜인,98.2,501437000,100.9998,N
20200238162 - 00,20200224,마리지구 하천재해예방사업  실시설계용역,경상남도,PQ,578000000,579102600,100.1907612,삼안+하존,97.78,492360000,99.0677,N
20200238162 - 00,20200224,마리지구 하천재해예방사업  실시설계용역,경상남도,PQ,578000000,579102600,100.1907612,건화+한가람이엔씨+KCI,97.58,491300000,98.797,N
20200238162 - 00,20200224,마리지구 하천재해예방사업  실시설계용역,경상남도,PQ,578000000,579102600,100.1907612,동부+한성,97.48,491920000,98.8987,N
20200238162 - 00,20200224,마리지구 하천재해예방사업  실시설계용역,경상남도,PQ,578000000,579102600,100.1907612,화신+다산+HEC+신화,97.32,492049000,98.8901,N
대구국토관리사무소 공고 제2020 - 호,20200224,낙동강(대구.경북) 하천운영사업 통합 건설사업관리용역 ,부산지방국토관리청 대구국토관리사무소,PQ,2185000000,2195935950,100.5005011,삼안+경호,100,1806860000,99.6371,N
대구국토관리사무소 공고 제2020 - 호,20200224,낙동강(대구.경북) 하천운영사업 통합 건설사업관리용역 ,부산지방국토관리청 대구국토관리사무소,PQ,2185000000,2195935950,100.5005011,도화+천일,100,1818700000,100.29,N
대구국토관리사무소 공고 제2020 - 호,20200224,낙동강(대구.경북) 하천운영사업 통합 건설사업관리용역 ,부산지방국토관리청 대구국토관리사무소,PQ,2185000000,2195935950,100.5005011,이산+경원,100,1822400000,100.494,N
대구국토관리사무소 공고 제2020 - 호,20200224,낙동강(대구.경북) 하천운영사업 통합 건설사업관리용역 ,부산지방국토관리청 대구국토관리사무소,PQ,2185000000,2195935950,100.5005011,건화+동성,99.8,1818400000,100.1769,N
대구국토관리사무소 공고 제2020 - 호,20200224,낙동강(대구.경북) 하천운영사업 통합 건설사업관리용역 ,부산지방국토관리청 대구국토관리사무소,PQ,2185000000,2195935950,100.5005011,KSM+한기,99.8,1809790000,99.7026,N
대구국토관리사무소 공고 제2020 - 호,20200224,낙동강(대구.경북) 하천운영사업 통합 건설사업관리용역 ,부산지방국토관리청 대구국토관리사무소,PQ,2185000000,2195935950,100.5005011,한종+청명,99.7,1816200000,100.0076,N
대구국토관리사무소 공고 제2020 - 호,20200224,낙동강(대구.경북) 하천운영사업 통합 건설사업관리용역 ,부산지방국토관리청 대구국토관리사무소,PQ,2185000000,2195935950,100.5005011,경동+건일,99.7,1829960000,100.7652,Y
대구국토관리사무소 공고 제2020 - 호,20200224,낙동강(대구.경북) 하천운영사업 통합 건설사업관리용역 ,부산지방국토관리청 대구국토관리사무소,PQ,2185000000,2195935950,100.5005011,KCI+평화,99.7,1824900000,100.4866,N
대구국토관리사무소 공고 제2020 - 호,20200224,낙동강(대구.경북) 하천운영사업 통합 건설사업관리용역 ,부산지방국토관리청 대구국토관리사무소,PQ,2185000000,2195935950,100.5005011,신명+다산,99.7,1807807000,99.5454,N
대구국토관리사무소 공고 제2020 - 호,20200224,낙동강(대구.경북) 하천운영사업 통합 건설사업관리용역 ,부산지방국토관리청 대구국토관리사무소,PQ,2185000000,2195935950,100.5005011,수성+한맥,99.5,1805100000,99.3008,N
대구국토관리사무소 공고 제2020 - 호,20200224,낙동강(대구.경북) 하천운영사업 통합 건설사업관리용역 ,부산지방국토관리청 대구국토관리사무소,PQ,2185000000,2195935950,100.5005011,KCM+동남,99.37,1839300000,101.1214,N
대구국토관리사무소 공고 제2020 - 호,20200224,낙동강(대구.경북) 하천운영사업 통합 건설사업관리용역 ,부산지방국토관리청 대구국토관리사무소,PQ,2185000000,2195935950,100.5005011,극동+대성,99.34,1950000000,107.1817,N
20200238960 - 01,20200224,김해시 자연재해저감 종합계획 재수립 및 재해지도 작성 용역,경상남도 김해시,PQ,1123000000,1137686100,101.307756,동부+한성+KG,98.83,887370000,100.3464,N
20200238960 - 01,20200224,김해시 자연재해저감 종합계획 재수립 및 재해지도 작성 용역,경상남도 김해시,PQ,1123000000,1137686100,101.307756,도화+KSM,98.77,883646000,99.8746,N
20200238960 - 01,20200224,김해시 자연재해저감 종합계획 재수립 및 재해지도 작성 용역,경상남도 김해시,PQ,1123000000,1137686100,101.307756,한종+천진+주하+삼경,98.64,897000000,101.2683,N
20200238960 - 01,20200224,김해시 자연재해저감 종합계획 재수립 및 재해지도 작성 용역,경상남도 김해시,PQ,1123000000,1137686100,101.307756,이산+수성+보람,98.51,881350000,99.4006,N
20200238960 - 01,20200224,김해시 자연재해저감 종합계획 재수립 및 재해지도 작성 용역,경상남도 김해시,PQ,1123000000,1137686100,101.307756,건화+하우+KCI,98.26,894000000,100.6234,N
20200238960 - 01,20200224,김해시 자연재해저감 종합계획 재수립 및 재해지도 작성 용역,경상남도 김해시,PQ,1123000000,1137686100,101.307756,삼안+경화+동서,98.15,879340000,98.8859,N
20200238960 - 01,20200224,김해시 자연재해저감 종합계획 재수립 및 재해지도 작성 용역,경상남도 김해시,PQ,1123000000,1137686100,101.307756,화신+극동+신화+서광,97.7,881798000,98.8004,N
20200238960 - 01,20200224,김해시 자연재해저감 종합계획 재수립 및 재해지도 작성 용역,경상남도 김해시,PQ,1123000000,1137686100,101.307756,유신+화성,97.41,915100000,102.3,Y
20200238960 - 01,20200224,김해시 자연재해저감 종합계획 재수립 및 재해지도 작성 용역,경상남도 김해시,PQ,1123000000,1137686100,101.307756,동명+하존+동성,97.22,917800000,102.4475,N
20200238734 - 00,20200224,대곡금척 자연재해위험 개선지구 정비사업 실시설계용역,경상북도 경주시,PQ,649500000,639975125,98.53350654,동명+동성,98.94,557684000,100.15,N
20200238734 - 00,20200224,대곡금척 자연재해위험 개선지구 정비사업 실시설계용역,경상북도 경주시,PQ,649500000,639975125,98.53350654,평화+드림,98.85,556580000,99.9284,N
20200238734 - 00,20200224,대곡금척 자연재해위험 개선지구 정비사업 실시설계용역,경상북도 경주시,PQ,649500000,639975125,98.53350654,한종+청명,98.82,554250000,99.5101,N
20200238734 - 00,20200224,대곡금척 자연재해위험 개선지구 정비사업 실시설계용역,경상북도 경주시,PQ,649500000,639975125,98.53350654,KG+동진,98.81,554930000,99.6206,N
20200238734 - 00,20200224,대곡금척 자연재해위험 개선지구 정비사업 실시설계용역,경상북도 경주시,PQ,649500000,639975125,98.53350654,동부+한백,98.62,559570000,100.4067,N
20200238734 - 00,20200224,대곡금척 자연재해위험 개선지구 정비사업 실시설계용역,경상북도 경주시,PQ,649500000,639975125,98.53350654,다산+하이콘,98.58,554400000,99.4674,N
20200238734 - 00,20200224,대곡금척 자연재해위험 개선지구 정비사업 실시설계용역,경상북도 경주시,PQ,649500000,639975125,98.53350654,이산+강동건설,98.54,562360000,100.8838,N
20200238734 - 00,20200224,대곡금척 자연재해위험 개선지구 정비사업 실시설계용역,경상북도 경주시,PQ,649500000,639975125,98.53350654,도화+한도,97.92,565770000,101.342,N
20200238734 - 00,20200224,대곡금척 자연재해위험 개선지구 정비사업 실시설계용역,경상북도 경주시,PQ,649500000,639975125,98.53350654,건화+KCI(탄탄+석우),97.71,552900000,98.9792,Y
20200238734 - 00,20200224,대곡금척 자연재해위험 개선지구 정비사업 실시설계용역,경상북도 경주시,PQ,649500000,639975125,98.53350654,유신+보람,96.55,571990000,102.0998,N
20200238734 - 00,20200224,대곡금척 자연재해위험 개선지구 정비사업 실시설계용역,경상북도 경주시,PQ,649500000,639975125,98.53350654,삼안+삼보,96.32,553740000,98.7849,N
20200238734 - 00,20200224,대곡금척 자연재해위험 개선지구 정비사업 실시설계용역,경상북도 경주시,PQ,649500000,639975125,98.53350654,경호+명성,96.08,553929000,98.75,N
20200238734 - 00,20200224,대곡금척 자연재해위험 개선지구 정비사업 실시설계용역,경상북도 경주시,PQ,649500000,639975125,98.53350654,화신+현대기술+건일,89.77,580456000,101.84,N
20200240541 - 00,20200224,연안·항만 방재연구센터 구축공사 기본 및 실시설계용역,해양수산부,PQ,1450000000,1452446875,100.16875,세일,97.93,1170885000,100.38,Y
20200240541 - 00,20200224,연안·항만 방재연구센터 구축공사 기본 및 실시설계용역,해양수산부,PQ,1450000000,1452446875,100.16875,유신,97.79,1166968000,99.92,N
20200240541 - 00,20200224,연안·항만 방재연구센터 구축공사 기본 및 실시설계용역,해양수산부,PQ,1450000000,1452446875,100.16875,한항,98.02,1177605000,100.7807,N
20200240541 - 00,20200224,연안·항만 방재연구센터 구축공사 기본 및 실시설계용역,해양수산부,PQ,1450000000,1452446875,100.16875,건화+대양(지앤테크+미래해양),97.86,1164200000,99.4977,N
20200240541 - 00,20200224,연안·항만 방재연구센터 구축공사 기본 및 실시설계용역,해양수산부,PQ,1450000000,1452446875,100.16875,건일+천일,97.74,1184370000,101.1213,N
20200240541 - 00,20200224,연안·항만 방재연구센터 구축공사 기본 및 실시설계용역,해양수산부,PQ,1450000000,1452446875,100.16875,항도+수성,97.37,1163850000,99.0504,N
20200240541 - 00,20200224,연안·항만 방재연구센터 구축공사 기본 및 실시설계용역,해양수산부,PQ,1450000000,1452446875,100.16875,서영,97.17,1191200000,101.2032,N
20200240541 - 00,20200224,연안·항만 방재연구센터 구축공사 기본 및 실시설계용역,해양수산부,PQ,1450000000,1452446875,100.16875,삼안,97.07,1305000000,110.776,N
20200240368 - 00,20200224,고현지구 하수도정비 중점관리지역 침수예방사업 기본 및 실시설계 용역,경상남도 거제시,PQ,1825400000,1817970675,99.5930029,삼안+범한+도화,99.59,1438800000,100.7105,Y
20200240368 - 00,20200224,고현지구 하수도정비 중점관리지역 침수예방사업 기본 및 실시설계 용역,경상남도 거제시,PQ,1825400000,1817970675,99.5930029,동명+한올,97.82,1437500000,99.1874,N
20200240368 - 00,20200224,고현지구 하수도정비 중점관리지역 침수예방사업 기본 및 실시설계 용역,경상남도 거제시,PQ,1825400000,1817970675,99.5930029,KG+한성,97.8,1469461000,101.38,N
20200240368 - 00,20200224,고현지구 하수도정비 중점관리지역 침수예방사업 기본 및 실시설계 용역,경상남도 거제시,PQ,1825400000,1817970675,99.5930029,한종+HEC,97.8,1437100000,99.1473,N
20200240368 - 00,20200224,고현지구 하수도정비 중점관리지역 침수예방사업 기본 및 실시설계 용역,경상남도 거제시,PQ,1825400000,1817970675,99.5930029,제일+우진,97.8,1463950000,100.9998,N
20200240368 - 00,20200224,고현지구 하수도정비 중점관리지역 침수예방사업 기본 및 실시설계 용역,경상남도 거제시,PQ,1825400000,1817970675,99.5930029,건화+경화,97.7,1436800000,99.0393,N
20200240368 - 00,20200224,고현지구 하수도정비 중점관리지역 침수예방사업 기본 및 실시설계 용역,경상남도 거제시,PQ,1825400000,1817970675,99.5930029,이산+신화,97.54,1471380000,101.2955,N
20200240368 - 00,20200224,고현지구 하수도정비 중점관리지역 침수예방사업 기본 및 실시설계 용역,경상남도 거제시,PQ,1825400000,1817970675,99.5930029,선진+KSM,97.5,1464880000,100.8227,N
20200240368 - 00,20200224,고현지구 하수도정비 중점관리지역 침수예방사업 기본 및 실시설계 용역,경상남도 거제시,PQ,1825400000,1817970675,99.5930029,경호+경동+하우,97.3,1431200000,98.344,N
20200240368 - 00,20200224,고현지구 하수도정비 중점관리지역 침수예방사업 기본 및 실시설계 용역,경상남도 거제시,PQ,1825400000,1817970675,99.5930029,유신+천진,97.17,1486082000,102,N
20200240368 - 00,20200224,고현지구 하수도정비 중점관리지역 침수예방사업 기본 및 실시설계 용역,경상남도 거제시,PQ,1825400000,1817970675,99.5930029,화신+혜인+로텍,96.54,1604500000,109.5787,N
20200240258 - 02,20200225,서화ㆍ천도 통합상수도시설 확장공사 기본 및 실시설계용역,강원도 인제군지방상수도,PQ,1454840000,1450766500,99.72000357,범한+화신+정,99.08,1148430000,100.4499,Y
20200240258 - 02,20200225,서화ㆍ천도 통합상수도시설 확장공사 기본 및 실시설계용역,강원도 인제군지방상수도,PQ,1454840000,1450766500,99.72000357,경동+경원+성우,97.84,1146970000,99.3112,N
20200240258 - 02,20200225,서화ㆍ천도 통합상수도시설 확장공사 기본 및 실시설계용역,강원도 인제군지방상수도,PQ,1454840000,1450766500,99.72000357,한종+미래+동서,97.81,1167930000,101.1006,N
20200240258 - 02,20200225,서화ㆍ천도 통합상수도시설 확장공사 기본 및 실시설계용역,강원도 인제군지방상수도,PQ,1454840000,1450766500,99.72000357,이산+서광+대상,97.76,1145600000,99.1302,N
20200240258 - 02,20200225,서화ㆍ천도 통합상수도시설 확장공사 기본 및 실시설계용역,강원도 인제군지방상수도,PQ,1454840000,1450766500,99.72000357,동명+일신+진화,97.55,1142500000,98.7004,N
20200240258 - 02,20200225,서화ㆍ천도 통합상수도시설 확장공사 기본 및 실시설계용역,강원도 인제군지방상수도,PQ,1454840000,1450766500,99.72000357,건화+삼경+정원(국일),97.51,1184600000,102.2988,N
20200240258 - 02,20200225,서화ㆍ천도 통합상수도시설 확장공사 기본 및 실시설계용역,강원도 인제군지방상수도,PQ,1454840000,1450766500,99.72000357,제일+삼주+동남,97.37,1144220000,98.7001,N
20200238744 - 00,20200224,스마트 관망관리 기본계획 수립연구(4권역),환경부,종심제,4081477000,4054845400,99.34750092,건화+HEC+태성+경화,97.78,3265000000,79.9956,Y
20200238744 - 00,20200224,스마트 관망관리 기본계획 수립연구(4권역),환경부,종심제,4081477000,4054845400,99.34750092,한종+도화+동해+이산,96.8023,3260000000,79.873,N
2020-00100 ,20200221,2020년 교량 내진보강 설계용역(2구간),한국도로공사,PQ,1848000000,1839434520,99.5365,홍익+KG,100,1356003000,100.523,N
2020-00100 ,20200221,2020년 교량 내진보강 설계용역(2구간),한국도로공사,PQ,1848000000,1839434520,99.5365,삼보+동성,99.9,1345158000,99.6235,Y
2020-00100 ,20200221,2020년 교량 내진보강 설계용역(2구간),한국도로공사,PQ,1848000000,1839434520,99.5365,건화+다산,99.6,1383690000,102.1836,N
2020-00100 ,20200221,2020년 교량 내진보강 설계용역(2구간),한국도로공사,PQ,1848000000,1839434520,99.5365,한맥+삼안,98.1,1500000000,109.208,N
2020-00100 ,20200221,2020년 교량 내진보강 설계용역(3구간),한국도로공사,PQ,1859000000,1874253095,100.8205,동성+삼보,98.5,1393000000,101.1989,Y
2020-00100 ,20200221,2020년 교량 내진보강 설계용역(3구간),한국도로공사,PQ,1859000000,1874253095,100.8205,건화+경동,97.6,1381077000,99.4863,N
2020-00100 ,20200221,2020년 교량 내진보강 설계용역(3구간),한국도로공사,PQ,1859000000,1874253095,100.8205,제일+유신+바우,96.7,1380890000,98.6406,N
2020-00100 ,20200221,2020년 교량 내진보강 설계용역(3구간),한국도로공사,PQ,1859000000,1874253095,100.8205,삼안+수성,96.1,1673100000,118.8511,N
2020-00100 ,20200221,2020년 교량 내진보강 설계용역(4구간),한국도로공사,PQ,1704000000,1698206400,99.66,건화+경호,98.5,1276300000,101.155,N
2020-00100 ,20200221,2020년 교량 내진보강 설계용역(4구간),한국도로공사,PQ,1704000000,1698206400,99.66,홍익+KG,98.2,1262009000,99.7395,Y
2020-00100 ,20200221,2020년 교량 내진보강 설계용역(4구간),한국도로공사,PQ,1704000000,1698206400,99.66,도화+동명+동부,97.21,1303000000,102.031,N
2020-00100 ,20200221,2020년 교량 내진보강 설계용역(4구간),한국도로공사,PQ,1704000000,1698206400,99.66,한맥+KSM,97.15,1262360000,98.796,N
2020-00100 ,20200221,2020년 교량 내진보강 설계용역(4구간),한국도로공사,PQ,1704000000,1698206400,99.66,이산+천일+KCI,96.1,1310000000,101.5225,N
2020-00100 ,20200221,2020년 교량 내진보강 설계용역(4구간),한국도로공사,PQ,1704000000,1698206400,99.66,제일+유신,96,1317700000,102.025,N
20200240355 - 00,20200225,문경 신북 풍수해생활권 종합정비사업 실시설계용역,경상북도 문경시,PQ,1890700000,1865071625,98.64450336,도화,99.2,1487900000,100.2302,N
20200240355 - 00,20200225,문경 신북 풍수해생활권 종합정비사업 실시설계용역,경상북도 문경시,PQ,1890700000,1865071625,98.64450336,KSM+동명+하존,98.49,1488600000,99.7059,N
20200240355 - 00,20200225,문경 신북 풍수해생활권 종합정비사업 실시설계용역,경상북도 문경시,PQ,1890700000,1865071625,98.64450336,유신+KCI,98.47,1486597000,99.5591,N
20200240355 - 00,20200225,문경 신북 풍수해생활권 종합정비사업 실시설계용역,경상북도 문경시,PQ,1890700000,1865071625,98.64450336,이산+금일+보람,98.43,1507480000,100.9193,N
20200240355 - 00,20200225,문경 신북 풍수해생활권 종합정비사업 실시설계용역,경상북도 문경시,PQ,1890700000,1865071625,98.64450336,동부+동성+한백,98.41,1505460000,100.7713,N
20200240355 - 00,20200225,문경 신북 풍수해생활권 종합정비사업 실시설계용역,경상북도 문경시,PQ,1890700000,1865071625,98.64450336,건화+다산+한도(청우+정도),98.33,1506800000,100.7973,N
20200240355 - 00,20200225,문경 신북 풍수해생활권 종합정비사업 실시설계용역,경상북도 문경시,PQ,1890700000,1865071625,98.64450336,화신+현대+서광,98.29,1481840000,99.09,N
20200240355 - 00,20200225,문경 신북 풍수해생활권 종합정비사업 실시설계용역,경상북도 문경시,PQ,1890700000,1865071625,98.64450336,평화+경동,98.24,1476700000,98.7088,Y
20200240355 - 00,20200225,문경 신북 풍수해생활권 종합정비사업 실시설계용역,경상북도 문경시,PQ,1890700000,1865071625,98.64450336,삼안+건일+삼보,98.23,1477300000,98.7364,N
20200240355 - 00,20200225,문경 신북 풍수해생활권 종합정비사업 실시설계용역,경상북도 문경시,PQ,1890700000,1865071625,98.64450336,한종+한맥,98.19,1518000000,101.431,N
20200240355 - 00,20200225,문경 신북 풍수해생활권 종합정비사업 실시설계용역,경상북도 문경시,PQ,1890700000,1865071625,98.64450336,KG+동성,98.18,1510543000,100.92,N
20200240347 - 00,20200225,석봉 및 상위소하천 정비사업 실시설계 용역,경상북도 문경시,PQ,1342000000,1327687600,98.93350224,도화,98.8,1068500000,101.0855,N
20200240347 - 00,20200225,석봉 및 상위소하천 정비사업 실시설계 용역,경상북도 문경시,PQ,1342000000,1327687600,98.93350224,동부+동진,97.5,1065130000,99.7159,Y
20200240347 - 00,20200225,석봉 및 상위소하천 정비사업 실시설계 용역,경상북도 문경시,PQ,1342000000,1327687600,98.93350224,유신+KCI,97.31,1081999000,101.13,N
20200240347 - 00,20200225,석봉 및 상위소하천 정비사업 실시설계 용역,경상북도 문경시,PQ,1342000000,1327687600,98.93350224,이산+건일,97.31,1068700000,99.887,N
20200240347 - 00,20200225,석봉 및 상위소하천 정비사업 실시설계 용역,경상북도 문경시,PQ,1342000000,1327687600,98.93350224,다산+동명,97.21,1058940000,98.9003,N
20200240347 - 00,20200225,석봉 및 상위소하천 정비사업 실시설계 용역,경상북도 문경시,PQ,1342000000,1327687600,98.93350224,한종+청명,97.17,1069000000,99.8023,N
20200240347 - 00,20200225,석봉 및 상위소하천 정비사업 실시설계 용역,경상북도 문경시,PQ,1342000000,1327687600,98.93350224,삼안+동성,97.11,1080470000,100.8353,N
20200240347 - 00,20200225,석봉 및 상위소하천 정비사업 실시설계 용역,경상북도 문경시,PQ,1342000000,1327687600,98.93350224,화신+현대기술+삼경,96.58,1096636000,101.91,N
20200240347 - 00,20200225,석봉 및 상위소하천 정비사업 실시설계 용역,경상북도 문경시,PQ,1342000000,1327687600,98.93350224,건화+한백+강산(청우+정도),95.85,1106200000,102.1998,N
20200240347 - 00,20200225,석봉 및 상위소하천 정비사업 실시설계 용역,경상북도 문경시,PQ,1342000000,1327687600,98.93350224,평화,95.76,1107200000,102.2161,N
20200240919 - 00,20200225,악골 소하천정비공사 기본 및 실시설계용역,전라북도 임실군,PQ,987800000,991958700,100.4210063,동부+더한,98.3,852764000,100.5294,Y
20200240919 - 00,20200225,악골 소하천정비공사 기본 및 실시설계용역,전라북도 임실군,PQ,987800000,991958700,100.4210063,도화+한가람,97.7,854270000,100.5547,N
20200240919 - 00,20200225,악골 소하천정비공사 기본 및 실시설계용역,전라북도 임실군,PQ,987800000,991958700,100.4210063,삼안+국성,97.68,847880000,99.791,N
20200240919 - 00,20200225,악골 소하천정비공사 기본 및 실시설계용역,전라북도 임실군,PQ,987800000,991958700,100.4210063,KSM+신한,97.52,853310000,100.395,N
20200240919 - 00,20200225,악골 소하천정비공사 기본 및 실시설계용역,전라북도 임실군,PQ,987800000,991958700,100.4210063,이산+JCN,97.49,845770000,99.4963,N
20200240919 - 00,20200225,악골 소하천정비공사 기본 및 실시설계용역,전라북도 임실군,PQ,987800000,991958700,100.4210063,한종+현성,97.4,850400000,100.0178,N
20200240919 - 00,20200225,악골 소하천정비공사 기본 및 실시설계용역,전라북도 임실군,PQ,987800000,991958700,100.4210063,동명+건일+수성,97.3,841841000,98.9881,N
20200240919 - 00,20200225,악골 소하천정비공사 기본 및 실시설계용역,전라북도 임실군,PQ,987800000,991958700,100.4210063,화신+고삼,97.18,845048000,99.3306,N
20200240919 - 00,20200225,악골 소하천정비공사 기본 및 실시설계용역,전라북도 임실군,PQ,987800000,991958700,100.4210063,KG+세화,97.14,843767000,99.18,N
20200240919 - 00,20200225,악골 소하천정비공사 기본 및 실시설계용역,전라북도 임실군,PQ,987800000,991958700,100.4210063,평화+조화,97.06,840720000,98.7989,N
20200240919 - 00,20200225,악골 소하천정비공사 기본 및 실시설계용역,전라북도 임실군,PQ,987800000,991958700,100.4210063,유신+동운,97.05,855960000,100.5899,N
20200240919 - 00,20200225,악골 소하천정비공사 기본 및 실시설계용역,전라북도 임실군,PQ,987800000,991958700,100.4210063,극동+대도,96.99,858542000,100.8699,N
20200240919 - 00,20200225,악골 소하천정비공사 기본 및 실시설계용역,전라북도 임실군,PQ,987800000,991958700,100.4210063,다산+인우+성원,96.79,841310000,98.7995,N
20200240919 - 00,20200225,악골 소하천정비공사 기본 및 실시설계용역,전라북도 임실군,PQ,987800000,991958700,100.4210063,건화+유현(아라기술),96.71,866400000,101.7223,N
20200240919 - 00,20200225,악골 소하천정비공사 기본 및 실시설계용역,전라북도 임실군,PQ,987800000,991958700,100.4210063,경호+태영,94.89,869000000,101.5564,N
20200240919 - 00,20200225,악골 소하천정비공사 기본 및 실시설계용역,전라북도 임실군,PQ,987800000,991958700,100.4210063,동성+범산,93.78,883800000,103.0007,N
20200240868 - 01,20200225,평택·당진항 항만시설물 내진보강공사 건설사업관리용역,해양수산부 평택지방해양수산청,PQ,1919000000,1931233650,100.6375013,건화+대영,100,1535740000,100.0414,N
20200240868 - 01,20200225,평택·당진항 항만시설물 내진보강공사 건설사업관리용역,해양수산부 평택지방해양수산청,PQ,1919000000,1931233650,100.6375013,세광,100,1530500000,99.7001,N
20200240868 - 01,20200225,평택·당진항 항만시설물 내진보강공사 건설사업관리용역,해양수산부 평택지방해양수산청,PQ,1919000000,1931233650,100.6375013,혜인+도화,99.91,1537100000,100.13,N
20200240868 - 01,20200225,평택·당진항 항만시설물 내진보강공사 건설사업관리용역,해양수산부 평택지방해양수산청,PQ,1919000000,1931233650,100.6375013,천일,99.73,1540160000,100.3294,N
20200240868 - 01,20200225,평택·당진항 항만시설물 내진보강공사 건설사업관리용역,해양수산부 평택지방해양수산청,PQ,1919000000,1931233650,100.6375013,한항+일진,99.72,1531871000,99.7894,N
20200240868 - 01,20200225,평택·당진항 항만시설물 내진보강공사 건설사업관리용역,해양수산부 평택지방해양수산청,PQ,1919000000,1931233650,100.6375013,한종,99.6,1533300000,99.8825,N
20200240868 - 01,20200225,평택·당진항 항만시설물 내진보강공사 건설사업관리용역,해양수산부 평택지방해양수산청,PQ,1919000000,1931233650,100.6375013,삼안+아라,99.58,1529770000,99.6525,N
20200240868 - 01,20200225,평택·당진항 항만시설물 내진보강공사 건설사업관리용역,해양수산부 평택지방해양수산청,PQ,1919000000,1931233650,100.6375013,세일,99.4,1541551000,100.42,N
20200240868 - 01,20200225,평택·당진항 항만시설물 내진보강공사 건설사업관리용역,해양수산부 평택지방해양수산청,PQ,1919000000,1931233650,100.6375013,건일+이산,99.3,1531090000,99.7385,N
20200240868 - 01,20200225,평택·당진항 항만시설물 내진보강공사 건설사업관리용역,해양수산부 평택지방해양수산청,PQ,1919000000,1931233650,100.6375013,서영,99.3,1542780000,100.5,N
20200240868 - 01,20200225,평택·당진항 항만시설물 내진보강공사 건설사업관리용역,해양수산부 평택지방해양수산청,PQ,1919000000,1931233650,100.6375013,유신+대양,99.22,1542518000,100.483,N
20200240868 - 01,20200225,평택·당진항 항만시설물 내진보강공사 건설사업관리용역,해양수산부 평택지방해양수산청,PQ,1919000000,1931233650,100.6375013,항도,98.6,1760000000,114.3928,Y
20200241647 - 00,20200225,서천 두왕지구 농어촌마을 하수도정비사업 외 1건 감독권한대행 등 건설사업관리용역,충청남도 서천군 맑은물사업소,PQ,1911695000,1899097000,99.34100366,건화+세일,100,1499200000,100.5482,N
20200241647 - 00,20200225,서천 두왕지구 농어촌마을 하수도정비사업 외 1건 감독권한대행 등 건설사업관리용역,충청남도 서천군 맑은물사업소,PQ,1911695000,1899097000,99.34100366,도화+송현,100,1482300000,99.4147,N
20200241647 - 00,20200225,서천 두왕지구 농어촌마을 하수도정비사업 외 1건 감독권한대행 등 건설사업관리용역,충청남도 서천군 맑은물사업소,PQ,1911695000,1899097000,99.34100366,삼안+장맥,100,1493712000,100.1801,N
20200241647 - 00,20200225,서천 두왕지구 농어촌마을 하수도정비사업 외 1건 감독권한대행 등 건설사업관리용역,충청남도 서천군 맑은물사업소,PQ,1911695000,1899097000,99.34100366,동명+드림,100,1501450000,100.6991,N
20200241647 - 00,20200225,서천 두왕지구 농어촌마을 하수도정비사업 외 1건 감독권한대행 등 건설사업관리용역,충청남도 서천군 맑은물사업소,PQ,1911695000,1899097000,99.34100366,선진+유원,100,1492110000,100.0727,N
20200241647 - 00,20200225,서천 두왕지구 농어촌마을 하수도정비사업 외 1건 감독권한대행 등 건설사업관리용역,충청남도 서천군 맑은물사업소,PQ,1911695000,1899097000,99.34100366,이산+우빈,100,1482000000,99.3946,Y
20200241647 - 00,20200225,서천 두왕지구 농어촌마을 하수도정비사업 외 1건 감독권한대행 등 건설사업관리용역,충청남도 서천군 맑은물사업소,PQ,1911695000,1899097000,99.34100366,KG+우리,100,1477610000,99.1002,N
20200241647 - 00,20200225,서천 두왕지구 농어촌마을 하수도정비사업 외 1건 감독권한대행 등 건설사업관리용역,충청남도 서천군 맑은물사업소,PQ,1911695000,1899097000,99.34100366,동성+우주,100,1503880000,100.8621,N
20200241647 - 00,20200225,서천 두왕지구 농어촌마을 하수도정비사업 외 1건 감독권한대행 등 건설사업관리용역,충청남도 서천군 맑은물사업소,PQ,1911695000,1899097000,99.34100366,수성+계림+건양,100,1488938000,99.8599,N
20200241647 - 00,20200225,서천 두왕지구 농어촌마을 하수도정비사업 외 1건 감독권한대행 등 건설사업관리용역,충청남도 서천군 맑은물사업소,PQ,1911695000,1899097000,99.34100366,경동+극동,100,1484167000,99.5399,N
20200241647 - 00,20200225,서천 두왕지구 농어촌마을 하수도정비사업 외 1건 감독권한대행 등 건설사업관리용역,충청남도 서천군 맑은물사업소,PQ,1911695000,1899097000,99.34100366,동부+예당,100,1488795000,99.8503,N
20200241647 - 00,20200225,서천 두왕지구 농어촌마을 하수도정비사업 외 1건 감독권한대행 등 건설사업관리용역,충청남도 서천군 맑은물사업소,PQ,1911695000,1899097000,99.34100366,범한+동양,100,1493550000,100.1692,N
20200241647 - 00,20200225,서천 두왕지구 농어촌마을 하수도정비사업 외 1건 감독권한대행 등 건설사업관리용역,충청남도 서천군 맑은물사업소,PQ,1911695000,1899097000,99.34100366,천일+더원+소용,99.96,1482490000,99.3892,N
20200241647 - 00,20200225,서천 두왕지구 농어촌마을 하수도정비사업 외 1건 감독권한대행 등 건설사업관리용역,충청남도 서천군 맑은물사업소,PQ,1911695000,1899097000,99.34100366,한종+천마,99.95,1477880000,99.0675,N
20200241647 - 00,20200225,서천 두왕지구 농어촌마을 하수도정비사업 외 1건 감독권한대행 등 건설사업관리용역,충청남도 서천군 맑은물사업소,PQ,1911695000,1899097000,99.34100366,경호+강호,99.93,1479300000,99.15,N
20200241647 - 00,20200225,서천 두왕지구 농어촌마을 하수도정비사업 외 1건 감독권한대행 등 건설사업관리용역,충청남도 서천군 맑은물사업소,PQ,1911695000,1899097000,99.34100366,신명+동국,99.76,1478478000,98.9554,N
20200241647 - 00,20200225,서천 두왕지구 농어촌마을 하수도정비사업 외 1건 감독권한대행 등 건설사업관리용역,충청남도 서천군 맑은물사업소,PQ,1911695000,1899097000,99.34100366,KCM+수성이앤씨,99.63,1850000000,123.8216,N
B5202000440,20200225,안동시 안기천 생태하천 복원사업 소하천정비종합계획 수립 및 실시설계 용역,한국수자원공사,PQ,1007100000,1013418805,100.6274258,한종+청명,94.86,823300000,99.9567,N
B5202000440,20200225,안동시 안기천 생태하천 복원사업 소하천정비종합계획 수립 및 실시설계 용역,한국수자원공사,PQ,1007100000,1013418805,100.6274258,건화+주하(테크피아),94.22,930000000,112.6907,Y
20200241814 - 02,20200225,신안군 수도정비 기본계획 통합수립 및 중부권 광역상수도 2단계사업 실시설계 용역,전라남도 신안군,SOQ,2027000000,2055666875,101.4142514,도화+건영,96.53,1665200000,102.4007,Y
20200241814 - 02,20200225,신안군 수도정비 기본계획 통합수립 및 중부권 광역상수도 2단계사업 실시설계 용역,전라남도 신안군,SOQ,2027000000,2055666875,101.4142514,동명+우영,93.37,1698800000,101.9011,N
20200241814 - 02,20200225,신안군 수도정비 기본계획 통합수립 및 중부권 광역상수도 2단계사업 실시설계 용역,전라남도 신안군,SOQ,2027000000,2055666875,101.4142514,건화+우리(대현),91.65,1740000000,102.995,N
20200243057 - 00,20200225,율포 해양레저관광거점 조성사업 마스터플랜(기본설계) 설계 공모,전라남도 보성군,현상공모,693000000,693000000,100,"건화+영진(경진,신성)",100,659300000,95.1371,Y
20200242602 - 00,20200225,"원당천,구천동천 통합건설사업관리용역",전라북도 무주군,PQ,3886000000,3846926300,98.99450077,도화+국성,100,2836586000,100,N
20200242602 - 00,20200225,"원당천,구천동천 통합건설사업관리용역",전라북도 무주군,PQ,3886000000,3846926300,98.99450077,유신+대도,100,2851978000,100.5426,N
20200242602 - 00,20200225,"원당천,구천동천 통합건설사업관리용역",전라북도 무주군,PQ,3886000000,3846926300,98.99450077,건화+가온(주연),99.95,2833300000,99.8295,N
20200242602 - 00,20200225,"원당천,구천동천 통합건설사업관리용역",전라북도 무주군,PQ,3886000000,3846926300,98.99450077,수성+새움,99.92,2821885000,99.4,Y
20200242602 - 00,20200225,"원당천,구천동천 통합건설사업관리용역",전라북도 무주군,PQ,3886000000,3846926300,98.99450077,천일+세화,99.81,2847000000,100.1887,N
20200242602 - 00,20200225,"원당천,구천동천 통합건설사업관리용역",전라북도 무주군,PQ,3886000000,3846926300,98.99450077,삼안+세종,99.64,2822930000,99.1925,N
20200242602 - 00,20200225,"원당천,구천동천 통합건설사업관리용역",전라북도 무주군,PQ,3886000000,3846926300,98.99450077,이산+한가람,99.43,2822400000,98.9981,N
20200242602 - 00,20200225,"원당천,구천동천 통합건설사업관리용역",전라북도 무주군,PQ,3886000000,3846926300,98.99450077,한종+인우,99.39,2873900000,100.7633,N
20200242602 - 00,20200225,"원당천,구천동천 통합건설사업관리용역",전라북도 무주군,PQ,3886000000,3846926300,98.99450077,KG+더한,99.3,2880330000,100.92,N
20200242602 - 00,20200225,"원당천,구천동천 통합건설사업관리용역",전라북도 무주군,PQ,3886000000,3846926300,98.99450077,홍익+천마,99.24,2817360000,98.6599,N
20200242602 - 00,20200225,"원당천,구천동천 통합건설사업관리용역",전라북도 무주군,PQ,3886000000,3846926300,98.99450077,동성+성광,99.18,2891467000,101.2,N
20200242602 - 00,20200225,"원당천,구천동천 통합건설사업관리용역",전라북도 무주군,PQ,3886000000,3846926300,98.99450077,극동+길건축,99.17,2887288000,101.04,N
20200242602 - 00,20200225,"원당천,구천동천 통합건설사업관리용역",전라북도 무주군,PQ,3886000000,3846926300,98.99450077,동일+신한,99.08,2825000000,98.793,N
20200242602 - 00,20200225,"원당천,구천동천 통합건설사업관리용역",전라북도 무주군,PQ,3886000000,3846926300,98.99450077,동명+성원,99.04,2818200000,98.5151,N
20200242602 - 00,20200225,"원당천,구천동천 통합건설사업관리용역",전라북도 무주군,PQ,3886000000,3846926300,98.99450077,신명+건일,99.03,2903903000,101.4972,N
20200242602 - 00,20200225,"원당천,구천동천 통합건설사업관리용역",전라북도 무주군,PQ,3886000000,3846926300,98.99450077,선진+JCN,98.97,2904000000,101.4592,N
20200242602 - 00,20200225,"원당천,구천동천 통합건설사업관리용역",전라북도 무주군,PQ,3886000000,3846926300,98.99450077,대콘+현성,98.93,2906330000,101.4993,N
20200242602 - 00,20200225,"원당천,구천동천 통합건설사업관리용역",전라북도 무주군,PQ,3886000000,3846926300,98.99450077,한맥+유현+화신,98.78,2908980000,101.3992,N
20200242602 - 00,20200225,"원당천,구천동천 통합건설사업관리용역",전라북도 무주군,PQ,3886000000,3846926300,98.99450077,KCM+온길+주영,98.71,2925800000,101.9855,N
20200242602 - 00,20200225,"원당천,구천동천 통합건설사업관리용역",전라북도 무주군,PQ,3886000000,3846926300,98.99450077,서영+항도,98.7,2916600000,101.651,N
20200242602 - 00,20200225,"원당천,구천동천 통합건설사업관리용역",전라북도 무주군,PQ,3886000000,3846926300,98.99450077,경동+대성,98.68,2909504000,101.39,N
20200242602 - 00,20200225,"원당천,구천동천 통합건설사업관리용역",전라북도 무주군,PQ,3886000000,3846926300,98.99450077,동부+유일,98.59,2919400000,101.6522,N
20200242602 - 00,20200225,"원당천,구천동천 통합건설사업관리용역",전라북도 무주군,PQ,3886000000,3846926300,98.99450077,다산+조화,98.37,2927500000,101.7416,N
20200242602 - 00,20200225,"원당천,구천동천 통합건설사업관리용역",전라북도 무주군,PQ,3886000000,3846926300,98.99450077,KSM+목양,98.37,2943497000,102.2975,N
20200242602 - 00,20200225,"원당천,구천동천 통합건설사업관리용역",전라북도 무주군,PQ,3886000000,3846926300,98.99450077,용마+대왕건설,98.14,2828595000,98.1055,N
20200242602 - 00,20200225,"원당천,구천동천 통합건설사업관리용역",전라북도 무주군,PQ,3886000000,3846926300,98.99450077,평화+고산,94.23,2900000000,97.3034,N
2020-02-000050-01,20200225,괴동선 효자~괴동간 상도제5구교 확장공사 감독 권한대행 등 건설사업관리용역,한국철도시설공단,PQ,816294000,816202779,99.98882498,수성+동해,99.97,680339000,100.4094,N
2020-02-000050-01,20200225,괴동선 효자~괴동간 상도제5구교 확장공사 감독 권한대행 등 건설사업관리용역,한국철도시설공단,PQ,816294000,816202779,99.98882498,태조+천일,99.93,682682000,100.7431,N
2020-02-000050-01,20200225,괴동선 효자~괴동간 상도제5구교 확장공사 감독 권한대행 등 건설사업관리용역,한국철도시설공단,PQ,816294000,816202779,99.98882498,KRTC,99.9,679761000,100.3,N
2020-02-000050-01,20200225,괴동선 효자~괴동간 상도제5구교 확장공사 감독 권한대행 등 건설사업관리용역,한국철도시설공단,PQ,816294000,816202779,99.98882498,서영+신성,99.77,678990000,100.15,Y
2020-02-000050-01,20200225,괴동선 효자~괴동간 상도제5구교 확장공사 감독 권한대행 등 건설사업관리용역,한국철도시설공단,PQ,816294000,816202779,99.98882498,다산+삼보,99.75,675930000,99.6987,N
2020-02-000050-01,20200225,괴동선 효자~괴동간 상도제5구교 확장공사 감독 권한대행 등 건설사업관리용역,한국철도시설공단,PQ,816294000,816202779,99.98882498,동부+대콘,99.74,676500000,99.7707,N
2020-02-000050-01,20200225,괴동선 효자~괴동간 상도제5구교 확장공사 감독 권한대행 등 건설사업관리용역,한국철도시설공단,PQ,816294000,816202779,99.98882498,선구+도화,99.67,676000000,99.685,N
2020-02-000050-01,20200225,괴동선 효자~괴동간 상도제5구교 확장공사 감독 권한대행 등 건설사업관리용역,한국철도시설공단,PQ,816294000,816202779,99.98882498,유신,99.6,682681000,100.646,N
2020-02-000050-01,20200225,괴동선 효자~괴동간 상도제5구교 확장공사 감독 권한대행 등 건설사업관리용역,한국철도시설공단,PQ,816294000,816202779,99.98882498,건화+진우,99.37,684200000,100.7971,N
2020-02-000050-01,20200225,괴동선 효자~괴동간 상도제5구교 확장공사 감독 권한대행 등 건설사업관리용역,한국철도시설공단,PQ,816294000,816202779,99.98882498,이산+동일,99.37,674000000,99.2944,N
2020-02-000050-01,20200225,괴동선 효자~괴동간 상도제5구교 확장공사 감독 권한대행 등 건설사업관리용역,한국철도시설공단,PQ,816294000,816202779,99.98882498,대건+삼안+선진,99,700000000,103.0133,N
20200241909 - 00,20200225,국도59호선(상주 낙동~의성 다인) 위험도로 개량공사 실시설계 용역 ,경상북도,PQ,884000000,887644325,100.412254,건화+건일(청우기술+지앤비),100,752370000,99.5494,N
20200241909 - 00,20200225,국도59호선(상주 낙동~의성 다인) 위험도로 개량공사 실시설계 용역 ,경상북도,PQ,884000000,887644325,100.412254,서영+삼보,100,758050000,100.3009,N
20200241909 - 00,20200225,국도59호선(상주 낙동~의성 다인) 위험도로 개량공사 실시설계 용역 ,경상북도,PQ,884000000,887644325,100.412254,한맥+동진,100,756150000,100.0495,N
20200241909 - 00,20200225,국도59호선(상주 낙동~의성 다인) 위험도로 개량공사 실시설계 용역 ,경상북도,PQ,884000000,887644325,100.412254,삼안+주하,100,759880000,100.543,Y
20200241909 - 00,20200225,국도59호선(상주 낙동~의성 다인) 위험도로 개량공사 실시설계 용역 ,경상북도,PQ,884000000,887644325,100.412254,동성+바우,100,754799000,99.8708,N
20200241909 - 00,20200225,국도59호선(상주 낙동~의성 다인) 위험도로 개량공사 실시설계 용역 ,경상북도,PQ,884000000,887644325,100.412254,한종+한백,99.94,752070000,99.4864,N
20200241909 - 00,20200225,국도59호선(상주 낙동~의성 다인) 위험도로 개량공사 실시설계 용역 ,경상북도,PQ,884000000,887644325,100.412254,다산,99.7,752235000,99.4501,N
20200241909 - 00,20200225,국도59호선(상주 낙동~의성 다인) 위험도로 개량공사 실시설계 용역 ,경상북도,PQ,884000000,887644325,100.412254,보람+동일,99.7,752008000,99.4201,N
20200241909 - 00,20200225,국도59호선(상주 낙동~의성 다인) 위험도로 개량공사 실시설계 용역 ,경상북도,PQ,884000000,887644325,100.412254,이산+한도,99.7,760680000,100.5666,N
20200241909 - 00,20200225,국도59호선(상주 낙동~의성 다인) 위험도로 개량공사 실시설계 용역 ,경상북도,PQ,884000000,887644325,100.412254,평화+강산,99.58,761470000,100.6357,N
20200241909 - 00,20200225,국도59호선(상주 낙동~의성 다인) 위험도로 개량공사 실시설계 용역 ,경상북도,PQ,884000000,887644325,100.412254,신성+승보+반석,99.54,751780000,99.3435,N
20200241909 - 00,20200225,국도59호선(상주 낙동~의성 다인) 위험도로 개량공사 실시설계 용역 ,경상북도,PQ,884000000,887644325,100.412254,수성+청명,99.4,751795000,99.3107,N
20200241909 - 00,20200225,국도59호선(상주 낙동~의성 다인) 위험도로 개량공사 실시설계 용역 ,경상북도,PQ,884000000,887644325,100.412254,제일+KCI,99.4,764200000,100.9493,N
20200241909 - 00,20200225,국도59호선(상주 낙동~의성 다인) 위험도로 개량공사 실시설계 용역 ,경상북도,PQ,884000000,887644325,100.412254,천일+DS,99.4,748480000,98.8728,N
20200241909 - 00,20200225,국도59호선(상주 낙동~의성 다인) 위험도로 개량공사 실시설계 용역 ,경상북도,PQ,884000000,887644325,100.412254,경동+보원,99.37,749140000,98.9599,N
20200241909 - 00,20200225,국도59호선(상주 낙동~의성 다인) 위험도로 개량공사 실시설계 용역 ,경상북도,PQ,884000000,887644325,100.412254,홍익+강동건설,99.32,747032000,98.67,N
20200241909 - 00,20200225,국도59호선(상주 낙동~의성 다인) 위험도로 개량공사 실시설계 용역 ,경상북도,PQ,884000000,887644325,100.412254,동명+세원,99.2,764850000,100.988,N
20200241909 - 00,20200225,국도59호선(상주 낙동~의성 다인) 위험도로 개량공사 실시설계 용역 ,경상북도,PQ,884000000,887644325,100.412254,경호+명성,99.1,748899000,98.8588,N
20200241909 - 00,20200225,국도59호선(상주 낙동~의성 다인) 위험도로 개량공사 실시설계 용역 ,경상북도,PQ,884000000,887644325,100.412254,유신+해동,99.06,753730000,99.4849,N
20200241909 - 00,20200225,국도59호선(상주 낙동~의성 다인) 위험도로 개량공사 실시설계 용역 ,경상북도,PQ,884000000,887644325,100.412254,극동+상금,99.01,766055000,101.0999,N
20200241909 - 00,20200225,국도59호선(상주 낙동~의성 다인) 위험도로 개량공사 실시설계 용역 ,경상북도,PQ,884000000,887644325,100.412254,KG+해인,98.57,767556000,101.298,N
20200241909 - 00,20200225,국도59호선(상주 낙동~의성 다인) 위험도로 개량공사 실시설계 용역 ,경상북도,PQ,884000000,887644325,100.412254,도화+대성,98.54,752000000,99.245,N
20200241909 - 00,20200225,국도59호선(상주 낙동~의성 다인) 위험도로 개량공사 실시설계 용역 ,경상북도,PQ,884000000,887644325,100.412254,화신+현대기술,96.85,774290000,102.1867,N
20200241909 - 00,20200225,국도59호선(상주 낙동~의성 다인) 위험도로 개량공사 실시설계 용역 ,경상북도,PQ,884000000,887644325,100.412254,드림+새길+용마,96.75,779800000,102.9139,N
20200238514 - 00,20200224,스마트 관망관리 기본계획 수립연구(1권역),환경부,종심제,5967204000,5966995200,99.99650087,도화+한종+동해+이산,98.64,4850000000,81.2776,Y
20200238514 - 00,20200224,스마트 관망관리 기본계획 수립연구(1권역),환경부,종심제,5967204000,5966995200,99.99650087,HEC+건화+태성+경화,97.6536,4887000000,81.8977,N
20200244527 - 00,20200226,2019년 어촌뉴딜 300사업(진리항 외 4건) 통합건설사업관리용역,전라남도 신안군,PQ,2385810000,2373195100,99.47125295,건화+하나,100,1866400000,100.3003,Y
20200244527 - 00,20200226,2019년 어촌뉴딜 300사업(진리항 외 4건) 통합건설사업관리용역,전라남도 신안군,PQ,2385810000,2373195100,99.47125295,도화+우리+건영,99.54,1891300000,101.249,N
20200244527 - 00,20200226,2019년 어촌뉴딜 300사업(진리항 외 4건) 통합건설사업관리용역,전라남도 신안군,PQ,2385810000,2373195100,99.47125295,혜인+동성+한기,98.61,1884000000,100.1038,N
20200244527 - 00,20200226,2019년 어촌뉴딜 300사업(진리항 외 4건) 통합건설사업관리용역,전라남도 신안군,PQ,2385810000,2373195100,99.47125295,삼안+우빈,98.6,1858890000,98.7571,N
20200244527 - 00,20200226,2019년 어촌뉴딜 300사업(진리항 외 4건) 통합건설사업관리용역,전라남도 신안군,PQ,2385810000,2373195100,99.47125295,세일+하이콘,98.53,1861252000,98.82,N
20200244527 - 00,20200226,2019년 어촌뉴딜 300사업(진리항 외 4건) 통합건설사업관리용역,전라남도 신안군,PQ,2385810000,2373195100,99.47125295,세광+동아+유신,98.47,1889850000,100.3002,N
20200244527 - 00,20200226,2019년 어촌뉴딜 300사업(진리항 외 4건) 통합건설사업관리용역,전라남도 신안군,PQ,2385810000,2373195100,99.47125295,한종+신오+대명,98.4,1884600000,99.9583,N
20200244527 - 00,20200226,2019년 어촌뉴딜 300사업(진리항 외 4건) 통합건설사업관리용역,전라남도 신안군,PQ,2385810000,2373195100,99.47125295,천일+산하,98.28,1909890000,101.1972,N
20200244527 - 00,20200226,2019년 어촌뉴딜 300사업(진리항 외 4건) 통합건설사업관리용역,전라남도 신안군,PQ,2385810000,2373195100,99.47125295,건일+신명,98.23,1933300000,102.3988,N
20200244682 - 01,20200226,경상남도 농업기술원 등 이전사업 실시계획 수립 및 설계용역,경남개발공사,PQ,1700000000,1715801500,100.9295,건화+도화+수성+한성,98.29,1353600000,100.6682,N
20200244682 - 01,20200226,경상남도 농업기술원 등 이전사업 실시계획 수립 및 설계용역,경남개발공사,PQ,1700000000,1715801500,100.9295,삼안+천진+경호,98.07,1344459000,99.8117,N
20200244682 - 01,20200226,경상남도 농업기술원 등 이전사업 실시계획 수립 및 설계용역,경남개발공사,PQ,1700000000,1715801500,100.9295,동명+이솔,97.72,1341300000,99.3015,N
20200244682 - 01,20200226,경상남도 농업기술원 등 이전사업 실시계획 수립 및 설계용역,경남개발공사,PQ,1700000000,1715801500,100.9295,KG+한종+하우+로텍,97.36,1625000000,119.9576,Y
20200241603 - 00,20200226,"영,섬진강권역 하천유역 수자원관리계획 수립 용역",환경부,종심제,1995000000,1966223000,98.55754386,동부+KCI+KG+화신,98.23,1619970000,81.2015,Y
20200241603 - 00,20200226,"영,섬진강권역 하천유역 수자원관리계획 수립 용역",환경부,종심제,1995000000,1966223000,98.55754386,한종+건화+삼경,97.2478,1631600000,81.7845,N
20200243372 - 01,20200226,가곡천 하천기본계획수립 및 하천시설관리대장 작성 용역,강원도,PQ,858440000,863322450,100.5687584,KG+정,98.3,735564000,99.7801,N
20200243372 - 01,20200226,가곡천 하천기본계획수립 및 하천시설관리대장 작성 용역,강원도,PQ,858440000,863322450,100.5687584,동명+고려,97.94,741930000,100.5499,N
20200243372 - 01,20200226,가곡천 하천기본계획수립 및 하천시설관리대장 작성 용역,강원도,PQ,858440000,863322450,100.5687584,도화+서광,97.9,737100000,99.8837,N
20200243372 - 01,20200226,가곡천 하천기본계획수립 및 하천시설관리대장 작성 용역,강원도,PQ,858440000,863322450,100.5687584,삼안+경원+한맥,97.8,741840000,100.5027,N
20200243372 - 01,20200226,가곡천 하천기본계획수립 및 하천시설관리대장 작성 용역,강원도,PQ,858440000,863322450,100.5687584,이산+진화,97.7,734560000,99.4933,N
20200243372 - 01,20200226,가곡천 하천기본계획수립 및 하천시설관리대장 작성 용역,강원도,PQ,858440000,863322450,100.5687584,KSM+삼주,97.67,741360000,100.4026,N
20200243372 - 01,20200226,가곡천 하천기본계획수립 및 하천시설관리대장 작성 용역,강원도,PQ,858440000,863322450,100.5687584,경호+미래,97.65,744737000,100.86,N
20200243372 - 01,20200226,가곡천 하천기본계획수립 및 하천시설관리대장 작성 용역,강원도,PQ,858440000,863322450,100.5687584,한종+동남,97.65,739150000,100.1033,N
20200243372 - 01,20200226,가곡천 하천기본계획수립 및 하천시설관리대장 작성 용역,강원도,PQ,858440000,863322450,100.5687584,건화+동서+KCI(영화),97.64,734400000,99.46,N
20200243372 - 01,20200226,가곡천 하천기본계획수립 및 하천시설관리대장 작성 용역,강원도,PQ,858440000,863322450,100.5687584,화신+삼경,97.13,744000000,100.6198,Y
20200243372 - 01,20200226,가곡천 하천기본계획수립 및 하천시설관리대장 작성 용역,강원도,PQ,858440000,863322450,100.5687584,동부+일신,97.1,745910000,100.8781,N
20200243372 - 01,20200226,가곡천 하천기본계획수립 및 하천시설관리대장 작성 용역,강원도,PQ,858440000,863322450,100.5687584,다산+서윤,97.05,731900000,98.9719,N
20200243372 - 01,20200226,가곡천 하천기본계획수립 및 하천시설관리대장 작성 용역,강원도,PQ,858440000,863322450,100.5687584,극동+강원길,96.7,770000000,104.0274,N
20200245190 - 01,20200304,연등천 재해예방사업 기본 및 실시설계 용역,전라남도 여수시,SOQ,2331733000,2315486675,99.30325106,동부+우빈,94.34,1940180000,101.9389,N
20200245190 - 01,20200304,연등천 재해예방사업 기본 및 실시설계 용역,전라남도 여수시,SOQ,2331733000,2315486675,99.30325106,삼안+동아+KCI+신오,93.15,1910226000,99.4392,Y
20200245190 - 01,20200304,연등천 재해예방사업 기본 및 실시설계 용역,전라남도 여수시,SOQ,2331733000,2315486675,99.30325106,한종+도화+신명+원우+청명,91.18,1982000000,101.6213,N
20200245190 - 01,20200304,연등천 재해예방사업 기본 및 실시설계 용역,전라남도 여수시,SOQ,2331733000,2315486675,99.30325106,평화+건화+보원,89.5,2048000000,103.679,N
20200245190 - 01,20200304,연등천 재해예방사업 기본 및 실시설계 용역,전라남도 여수시,SOQ,2331733000,2315486675,99.30325106,화신+우영,87.16,2057580000,102.3517,N
20200245190 - 01,20200304,연등천 재해예방사업 기본 및 실시설계 용역,전라남도 여수시,SOQ,2331733000,2315486675,99.30325106,이산+하이콘,84.56,2050000000,100.0369,N
20200245168 - 00,20200226,안성처리구역 노후하수관로 정비사업 기본 및 실시설계용역 ,경기도 안성시 하수사업소,PQ,386791000,383410500,99.12601379,KG+도화,98.78,334540000,99.5811,N
20200245168 - 00,20200226,안성처리구역 노후하수관로 정비사업 기본 및 실시설계용역 ,경기도 안성시 하수사업소,PQ,386791000,383410500,99.12601379,건화+동성(테크피아),98.3,336090000,99.9964,N
20200245168 - 00,20200226,안성처리구역 노후하수관로 정비사업 기본 및 실시설계용역 ,경기도 안성시 하수사업소,PQ,386791000,383410500,99.12601379,이산+유신,98.3,336100000,99.9994,N
20200245168 - 00,20200226,안성처리구역 노후하수관로 정비사업 기본 및 실시설계용역 ,경기도 안성시 하수사업소,PQ,386791000,383410500,99.12601379,제일+경호,98.3,335360000,99.7792,N
20200245168 - 00,20200226,안성처리구역 노후하수관로 정비사업 기본 및 실시설계용역 ,경기도 안성시 하수사업소,PQ,386791000,383410500,99.12601379,범한+서영,98.3,336240000,100.041,N
20200245168 - 00,20200226,안성처리구역 노후하수관로 정비사업 기본 및 실시설계용역 ,경기도 안성시 하수사업소,PQ,386791000,383410500,99.12601379,선진+경화,98.09,338150000,100.5862,N
20200245168 - 00,20200226,안성처리구역 노후하수관로 정비사업 기본 및 실시설계용역 ,경기도 안성시 하수사업소,PQ,386791000,383410500,99.12601379,삼안+한맥,97.9,338800000,100.7679,N
20200245168 - 00,20200226,안성처리구역 노후하수관로 정비사업 기본 및 실시설계용역 ,경기도 안성시 하수사업소,PQ,386791000,383410500,99.12601379,화신+용마,97.6,334088000,99.3322,Y
20200245168 - 00,20200226,안성처리구역 노후하수관로 정비사업 기본 및 실시설계용역 ,경기도 안성시 하수사업소,PQ,386791000,383410500,99.12601379,동명+대원,97.36,333380000,99.0989,N
20200245168 - 00,20200226,안성처리구역 노후하수관로 정비사업 기본 및 실시설계용역 ,경기도 안성시 하수사업소,PQ,386791000,383410500,99.12601379,건양+지유,96.86,340604900,101.2,N
20200245168 - 00,20200226,안성처리구역 노후하수관로 정비사업 기본 및 실시설계용역 ,경기도 안성시 하수사업소,PQ,386791000,383410500,99.12601379,한종+명성,96.77,341880000,101.5672,N
20200243741 - 00,20200226,2020년 노온정수장 기술진단 용역,경기도 광명시,PQ,578700000,579494300,100.1372559,도화+건화+HEC,99.28,494300000,99.7205,N
20200243741 - 00,20200226,2020년 노온정수장 기술진단 용역,경기도 광명시,PQ,578700000,579494300,100.1372559,한종+삼안,99.13,499500000,100.7225,Y
20200243741 - 00,20200226,2020년 노온정수장 기술진단 용역,경기도 광명시,PQ,578700000,579494300,100.1372559,동명+KG,97.75,493920000,99.2499,N
20200245064 - 01,20200227,"예천상수도(효자, 은풍) 급수구역 확장사업 기본 및 실시설계 용역",경상북도 예천군,PQ,2436000000,2456967925,100.8607523,도화+청우,100,1921430000,101.1301,Y
20200245064 - 01,20200227,"예천상수도(효자, 은풍) 급수구역 확장사업 기본 및 실시설계 용역",경상북도 예천군,PQ,2436000000,2456967925,100.8607523,KG+한백,97.25,1923792000,99.02,N
20200245064 - 01,20200227,"예천상수도(효자, 은풍) 급수구역 확장사업 기본 및 실시설계 용역",경상북도 예천군,PQ,2436000000,2456967925,100.8607523,HEC+삼보,97.22,1972300000,101.4913,N
20200245064 - 01,20200227,"예천상수도(효자, 은풍) 급수구역 확장사업 기본 및 실시설계 용역",경상북도 예천군,PQ,2436000000,2456967925,100.8607523,삼안+한주,97.2,1914649000,98.5,N
20200245064 - 01,20200227,"예천상수도(효자, 은풍) 급수구역 확장사업 기본 및 실시설계 용역",경상북도 예천군,PQ,2436000000,2456967925,100.8607523,유신+한도,97.05,1970899000,101.2796,N
20200245064 - 01,20200227,"예천상수도(효자, 은풍) 급수구역 확장사업 기본 및 실시설계 용역",경상북도 예천군,PQ,2436000000,2456967925,100.8607523,이산+동진+하이콘,96.94,1914700000,98.3055,N
20200245064 - 01,20200227,"예천상수도(효자, 은풍) 급수구역 확장사업 기본 및 실시설계 용역",경상북도 예천군,PQ,2436000000,2456967925,100.8607523,한종+보람,96.88,1972200000,101.2071,N
20200245064 - 01,20200227,"예천상수도(효자, 은풍) 급수구역 확장사업 기본 및 실시설계 용역",경상북도 예천군,PQ,2436000000,2456967925,100.8607523,제일+동성+선진,96.76,1985800000,101.8032,N
20200245064 - 01,20200227,"예천상수도(효자, 은풍) 급수구역 확장사업 기본 및 실시설계 용역",경상북도 예천군,PQ,2436000000,2456967925,100.8607523,범한+KCI,96.65,1996000000,102.2367,N
20200245064 - 01,20200227,"예천상수도(효자, 은풍) 급수구역 확장사업 기본 및 실시설계 용역",경상북도 예천군,PQ,2436000000,2456967925,100.8607523,건화+명성+반석(정수),97.32,1995400000,102.1168,N
20200245064 - 01,20200227,"예천상수도(효자, 은풍) 급수구역 확장사업 기본 및 실시설계 용역",경상북도 예천군,PQ,2436000000,2456967925,100.8607523,화신+세연,97.17,2266000000,115.8206,N
20200242753 - 00,20200226,성주산 내륙관광 자원개발사업 기본 및 실시설계용역,충청남도 보령시,PQ,966656000,961274200,99.44325593,한종+경동,98.97,832000000,100.4024,N
20200242753 - 00,20200226,성주산 내륙관광 자원개발사업 기본 및 실시설계용역,충청남도 보령시,PQ,966656000,961274200,99.44325593,건화(드림),98.77,828000000,99.8614,N
20200242753 - 00,20200226,성주산 내륙관광 자원개발사업 기본 및 실시설계용역,충청남도 보령시,PQ,966656000,961274200,99.44325593,도화,98.6,835720000,100.7572,N
20200242753 - 00,20200226,성주산 내륙관광 자원개발사업 기본 및 실시설계용역,충청남도 보령시,PQ,966656000,961274200,99.44325593,KG+천마,98.48,822842000,99.1699,N
20200242753 - 00,20200226,성주산 내륙관광 자원개발사업 기본 및 실시설계용역,충청남도 보령시,PQ,966656000,961274200,99.44325593,유신+장맥,98.43,827502000,99.72,Y
20200242753 - 00,20200226,성주산 내륙관광 자원개발사업 기본 및 실시설계용역,충청남도 보령시,PQ,966656000,961274200,99.44325593,선진+우빈,97.7,823700000,99.0771,N
20200242753 - 00,20200226,성주산 내륙관광 자원개발사업 기본 및 실시설계용역,충청남도 보령시,PQ,966656000,961274200,99.44325593,경호+강호,97.15,848350000,101.8999,N
20200242753 - 00,20200226,성주산 내륙관광 자원개발사업 기본 및 실시설계용역,충청남도 보령시,PQ,966656000,961274200,99.44325593,삼안+송현,94.58,854700000,101.9877,N
20200242753 - 00,20200226,성주산 내륙관광 자원개발사업 기본 및 실시설계용역,충청남도 보령시,PQ,966656000,961274200,99.44325593,동일,90.07,862870000,101.8001,N
20200242937 - 01,20200225,"항만시설(민간부두, 건축물) 내진성능평가 용역",해양수산부,PQ,750000000,753712500,100.495,혜인+백양,96.65,647735000,100.5,Y
20200242937 - 01,20200225,"항만시설(민간부두, 건축물) 내진성능평가 용역",해양수산부,PQ,750000000,753712500,100.495,유신+KSM,96.21,647282000,100.418,N
20200242937 - 01,20200225,"항만시설(민간부두, 건축물) 내진성능평가 용역",해양수산부,PQ,750000000,753712500,100.495,세광+한국국토,96.22,649540000,100.6512,N
20200242937 - 01,20200225,"항만시설(민간부두, 건축물) 내진성능평가 용역",해양수산부,PQ,750000000,753712500,100.495,건일+대영구조,96.18,642790000,99.5937,N
20200242937 - 01,20200225,"항만시설(민간부두, 건축물) 내진성능평가 용역",해양수산부,PQ,750000000,753712500,100.495,한종+동우,95.82,668800000,103.5154,N
20200242937 - 01,20200225,"항만시설(민간부두, 건축물) 내진성능평가 용역",해양수산부,PQ,750000000,753712500,100.495,건화+대양(장민이엔씨+지앤테크),95.79,642780000,99.4881,N
20200245617 - 00,20200227,사리현 하수관로 정비사업 기본 및 실시설계용역,경기도 고양시,PQ,1224190000,1212688775,99.06050327,삼안+도화,98.84,971630000,100.7927,N
20200245617 - 00,20200227,사리현 하수관로 정비사업 기본 및 실시설계용역,경기도 고양시,PQ,1224190000,1212688775,99.06050327,동명+이산,98.17,965400000,99.6025,Y
20200245617 - 00,20200227,사리현 하수관로 정비사업 기본 및 실시설계용역,경기도 고양시,PQ,1224190000,1212688775,99.06050327,선진+제일+KG,97.96,985940000,101.5549,N
20200245617 - 00,20200227,사리현 하수관로 정비사업 기본 및 실시설계용역,경기도 고양시,PQ,1224190000,1212688775,99.06050327,건화+한종+범한,97.7,977800000,100.5011,N
20200245582 - 00,20200227,양지고가교 철거 및 평면교차로 정비사업 실시설계 용역,전라남도 여수시,PQ,382027000,383529375,100.3932641,경동+동아,98.16,331785000,99.9351,N
20200245582 - 00,20200227,양지고가교 철거 및 평면교차로 정비사업 실시설계 용역,전라남도 여수시,PQ,382027000,383529375,100.3932641,신명+수성,98.1,331541000,99.8501,N
20200245582 - 00,20200227,양지고가교 철거 및 평면교차로 정비사업 실시설계 용역,전라남도 여수시,PQ,382027000,383529375,100.3932641,평화,98.02,331430000,99.8167,N
20200245582 - 00,20200227,양지고가교 철거 및 평면교차로 정비사업 실시설계 용역,전라남도 여수시,PQ,382027000,383529375,100.3932641,KG+한기,97.85,331517000,99.8199,N
20200245582 - 00,20200227,양지고가교 철거 및 평면교차로 정비사업 실시설계 용역,전라남도 여수시,PQ,382027000,383529375,100.3932641,천일+신오,97.84,332580000,100.14,N
20200245582 - 00,20200227,양지고가교 철거 및 평면교차로 정비사업 실시설계 용역,전라남도 여수시,PQ,382027000,383529375,100.3932641,한종+산하,97.79,331350000,99.7696,N
20200245582 - 00,20200227,양지고가교 철거 및 평면교차로 정비사업 실시설계 용역,전라남도 여수시,PQ,382027000,383529375,100.3932641,신성+기찬,97.51,330880000,99.5937,N
20200245582 - 00,20200227,양지고가교 철거 및 평면교차로 정비사업 실시설계 용역,전라남도 여수시,PQ,382027000,383529375,100.3932641,서영+에스이,97.37,333930000,100.5002,Y
20200245582 - 00,20200227,양지고가교 철거 및 평면교차로 정비사업 실시설계 용역,전라남도 여수시,PQ,382027000,383529375,100.3932641,극동+원진,97.3,334626000,100.7097,N
20200245582 - 00,20200227,양지고가교 철거 및 평면교차로 정비사업 실시설계 용역,전라남도 여수시,PQ,382027000,383529375,100.3932641,홍익+우리,97.27,328970000,98.9961,N
20200245582 - 00,20200227,양지고가교 철거 및 평면교차로 정비사업 실시설계 용역,전라남도 여수시,PQ,382027000,383529375,100.3932641,건화+우영(융창이엔지),97.2,332300000,99.9981,N
20200245582 - 00,20200227,양지고가교 철거 및 평면교차로 정비사업 실시설계 용역,전라남도 여수시,PQ,382027000,383529375,100.3932641,동명+하이콘,97.17,332332000,99.9963,N
20200245582 - 00,20200227,양지고가교 철거 및 평면교차로 정비사업 실시설계 용역,전라남도 여수시,PQ,382027000,383529375,100.3932641,이산+원우,97.1,328700000,98.9034,N
20200245582 - 00,20200227,양지고가교 철거 및 평면교차로 정비사업 실시설계 용역,전라남도 여수시,PQ,382027000,383529375,100.3932641,동일+건영,96.88,335000000,100.7759,N
20200245582 - 00,20200227,양지고가교 철거 및 평면교차로 정비사업 실시설계 용역,전라남도 여수시,PQ,382027000,383529375,100.3932641,제일+우빈,96.32,328950000,98.8991,N
20200245582 - 00,20200227,양지고가교 철거 및 평면교차로 정비사업 실시설계 용역,전라남도 여수시,PQ,382027000,383529375,100.3932641,바우+신촌,96.24,337760000,101.5478,N
20200245582 - 00,20200227,양지고가교 철거 및 평면교차로 정비사업 실시설계 용역,전라남도 여수시,PQ,382027000,383529375,100.3932641,화신+산이,92.55,340900000,102.4919,N
20200245818 - 00,20200227,의령읍 남산천 주변 하수관로 정비사업 실시설계용역,경상남도 의령군,PQ,623040000,623722275,100.1095074,수성+동명+한올,100,533830000,100.2181,Y
20200245818 - 00,20200227,의령읍 남산천 주변 하수관로 정비사업 실시설계용역,경상남도 의령군,PQ,623040000,623722275,100.1095074,도화+경화+우진,97.7,541300000,101.0179,N
20200245818 - 00,20200227,의령읍 남산천 주변 하수관로 정비사업 실시설계용역,경상남도 의령군,PQ,623040000,623722275,100.1095074,삼안+범한,97.7,534160000,99.6854,N
20200245818 - 00,20200227,의령읍 남산천 주변 하수관로 정비사업 실시설계용역,경상남도 의령군,PQ,623040000,623722275,100.1095074,제일+혜인,97.17,532940000,99.3192,N
20200245818 - 00,20200227,의령읍 남산천 주변 하수관로 정비사업 실시설계용역,경상남도 의령군,PQ,623040000,623722275,100.1095074,유신+천진+KSM,97.08,540690000,100.7401,N
20200245818 - 00,20200227,의령읍 남산천 주변 하수관로 정비사업 실시설계용역,경상남도 의령군,PQ,623040000,623722275,100.1095074,KG+한종+한성,96,531047000,98.68,N
20200245818 - 00,20200227,의령읍 남산천 주변 하수관로 정비사업 실시설계용역,경상남도 의령군,PQ,623040000,623722275,100.1095074,선진+HEC,95.9,544959000,101.23,N
20200245818 - 00,20200227,의령읍 남산천 주변 하수관로 정비사업 실시설계용역,경상남도 의령군,PQ,623040000,623722275,100.1095074,이산+로텍,95.87,531300000,98.6927,N
20200245818 - 00,20200227,의령읍 남산천 주변 하수관로 정비사업 실시설계용역,경상남도 의령군,PQ,623040000,623722275,100.1095074,건화+신화,95.79,542000000,100.657,N
20200245818 - 00,20200227,의령읍 남산천 주변 하수관로 정비사업 실시설계용역,경상남도 의령군,PQ,623040000,623722275,100.1095074,경동+하우,95.7,530689000,98.5336,N
20200245818 - 00,20200227,의령읍 남산천 주변 하수관로 정비사업 실시설계용역,경상남도 의령군,PQ,623040000,623722275,100.1095074,건양+금성+화신,94.74,546482000,101.22,N
20200245573 - 00,20200227,경찰청사~상무로간 도로개설공사 보완설계용역,광주광역시,PQ,281200000,280950500,99.91127312,신명+수성,100,243539000,99.841,N
20200245573 - 00,20200227,경찰청사~상무로간 도로개설공사 보완설계용역,광주광역시,PQ,281200000,280950500,99.91127312,평화,100,243430000,99.7963,N
20200245573 - 00,20200227,경찰청사~상무로간 도로개설공사 보완설계용역,광주광역시,PQ,281200000,280950500,99.91127312,한기+유신,100,244380000,100.1857,Y
20200245573 - 00,20200227,경찰청사~상무로간 도로개설공사 보완설계용역,광주광역시,PQ,281200000,280950500,99.91127312,천일+하이콘,99.88,243150000,99.6585,N
20200245573 - 00,20200227,경찰청사~상무로간 도로개설공사 보완설계용역,광주광역시,PQ,281200000,280950500,99.91127312,경동+동아,99.77,245564000,100.6479,N
20200245573 - 00,20200227,경찰청사~상무로간 도로개설공사 보완설계용역,광주광역시,PQ,281200000,280950500,99.91127312,극동+우영,99.67,245889000,100.7695,N
20200245573 - 00,20200227,경찰청사~상무로간 도로개설공사 보완설계용역,광주광역시,PQ,281200000,280950500,99.91127312,한종+산하,99.55,242100000,99.2053,N
20200245573 - 00,20200227,경찰청사~상무로간 도로개설공사 보완설계용역,광주광역시,PQ,281200000,280950500,99.91127312,이산+원우,99.41,242640000,99.4037,N
20200245573 - 00,20200227,경찰청사~상무로간 도로개설공사 보완설계용역,광주광역시,PQ,281200000,280950500,99.91127312,신성+기찬,99.38,243000000,99.5511,N
20200245573 - 00,20200227,경찰청사~상무로간 도로개설공사 보완설계용역,광주광역시,PQ,281200000,280950500,99.91127312,서영+에스이,98.73,246556000,100.9498,N
20200245573 - 00,20200227,경찰청사~상무로간 도로개설공사 보완설계용역,광주광역시,PQ,281200000,280950500,99.91127312,동일+건영,98.63,242200000,99.1549,N
20200245573 - 00,20200227,경찰청사~상무로간 도로개설공사 보완설계용역,광주광역시,PQ,281200000,280950500,99.91127312,바우+서남,98.5,242360000,99.2089,N
20200245573 - 00,20200227,경찰청사~상무로간 도로개설공사 보완설계용역,광주광역시,PQ,281200000,280950500,99.91127312,도화+우빈,98.49,241300000,98.775,N
20200245573 - 00,20200227,경찰청사~상무로간 도로개설공사 보완설계용역,광주광역시,PQ,281200000,280950500,99.91127312,제일+서진,97.98,247370000,101.2015,N
20200245573 - 00,20200227,경찰청사~상무로간 도로개설공사 보완설계용역,광주광역시,PQ,281200000,280950500,99.91127312,홍익+우리,97.8,248617000,101.7,N
20200245573 - 00,20200227,경찰청사~상무로간 도로개설공사 보완설계용역,광주광역시,PQ,281200000,280950500,99.91127312,건화+유성건설(유지건설),97.1,248000000,101.3776,N
20200245573 - 00,20200227,경찰청사~상무로간 도로개설공사 보완설계용역,광주광역시,PQ,281200000,280950500,99.91127312,화신+신촌,94.28,251480000,102.5173,N
20200244847 - 00,20200226,입상활성탄 재생설비 개량공사 실시설계용역,대구광역시 상수도사업본부,PQ,875000000,870572525,99.49400286,도화+한도+명성,97.1,768800000,102.006,Y
20200244847 - 00,20200226,입상활성탄 재생설비 개량공사 실시설계용역,대구광역시 상수도사업본부,PQ,875000000,870572525,99.49400286,건화(태성+청구),89.58,777400000,101.1968,N
20200247048 - 00,20200227,공도~미양간 도로확포장공사 건설사업관리 용역,경기도 안성시,PQ,1680000000,1668920400,99.3405,KG+도화,100,1309399000,99.93,N
20200247048 - 00,20200227,공도~미양간 도로확포장공사 건설사업관리 용역,경기도 안성시,PQ,1680000000,1668920400,99.3405,건화+유신,99.6,1308800000,99.5524,Y
20200247048 - 00,20200227,공도~미양간 도로확포장공사 건설사업관리 용역,경기도 안성시,PQ,1680000000,1668920400,99.3405,삼안+KSM+태조,98.93,1338370000,101.2453,N
20200247048 - 00,20200227,공도~미양간 도로확포장공사 건설사업관리 용역,경기도 안성시,PQ,1680000000,1668920400,99.3405,동명+천마,98.47,1309600000,98.7051,N
20200247048 - 00,20200227,공도~미양간 도로확포장공사 건설사업관리 용역,경기도 안성시,PQ,1680000000,1668920400,99.3405,동성+선진,98.38,1355500000,102.0871,N
20200247048 - 00,20200227,공도~미양간 도로확포장공사 건설사업관리 용역,경기도 안성시,PQ,1680000000,1668920400,99.3405,신성+우빈,96.8,1377030000,102.4,N
20200247048 - 00,20200227,공도~미양간 도로확포장공사 건설사업관리 용역,경기도 안성시,PQ,1680000000,1668920400,99.3405,극동+서영+용마,95.36,1590000000,116.8935,N
2000600 - 00,20200227,부산·진해경제자유구역 명지지구(2단계)개발사업 환경영향평가(변경협의) 용역,한국토지주택공사,PQ,997700000,994991000,99.72847549,경동,99.3,858357000,100.4185,N
2000600 - 00,20200227,부산·진해경제자유구역 명지지구(2단계)개발사업 환경영향평가(변경협의) 용역,한국토지주택공사,PQ,997700000,994991000,99.72847549,선진,99.19,854900000,99.9791,N
2000600 - 00,20200227,부산·진해경제자유구역 명지지구(2단계)개발사업 환경영향평가(변경협의) 용역,한국토지주택공사,PQ,997700000,994991000,99.72847549,도화,99.15,853625000,99.8183,Y
2000600 - 00,20200227,부산·진해경제자유구역 명지지구(2단계)개발사업 환경영향평가(변경협의) 용역,한국토지주택공사,PQ,997700000,994991000,99.72847549,동성,99.15,859696000,100.5282,N
2000600 - 00,20200227,부산·진해경제자유구역 명지지구(2단계)개발사업 환경영향평가(변경협의) 용역,한국토지주택공사,PQ,997700000,994991000,99.72847549,동아,99.15,857769000,100.3029,N
2000600 - 00,20200227,부산·진해경제자유구역 명지지구(2단계)개발사업 환경영향평가(변경협의) 용역,한국토지주택공사,PQ,997700000,994991000,99.72847549,한종,99.13,856040000,100.1007,N
2000600 - 00,20200227,부산·진해경제자유구역 명지지구(2단계)개발사업 환경영향평가(변경협의) 용역,한국토지주택공사,PQ,997700000,994991000,99.72847549,이산,98.73,849800000,99.2553,N
2000600 - 00,20200227,부산·진해경제자유구역 명지지구(2단계)개발사업 환경영향평가(변경협의) 용역,한국토지주택공사,PQ,997700000,994991000,99.72847549,삼안,97.88,869000000,101.25,N
2000600 - 00,20200227,부산·진해경제자유구역 명지지구(2단계)개발사업 환경영향평가(변경협의) 용역,한국토지주택공사,PQ,997700000,994991000,99.72847549,건화,96.92,867490000,100.7929,N
20200247843 - 00,20200227,죽변항 수산복합공간 조성·이용고도화 기본 및 실시설계용역,경상북도 울진군,PQ,1400000000,1393007000,99.5005,아라+도화+한종,99.45,1107939800,101,Y
20200247843 - 00,20200227,죽변항 수산복합공간 조성·이용고도화 기본 및 실시설계용역,경상북도 울진군,PQ,1400000000,1393007000,99.5005,건일+혜인+세광,97.19,1105640000,98.9715,N
20200247843 - 00,20200227,죽변항 수산복합공간 조성·이용고도화 기본 및 실시설계용역,경상북도 울진군,PQ,1400000000,1393007000,99.5005,건화+동성(중앙컨설턴트+미래해양),96.98,1300000000,116.1658,N
20200247843 - 00,20200227,죽변항 수산복합공간 조성·이용고도화 기본 및 실시설계용역,경상북도 울진군,PQ,1400000000,1393007000,99.5005,유신+삼보,96.98,1104433000,98.6903,N
20200247660 - 00,20200227,"반환미군기지(캠프 롱, 호비사격장) 기본설계 용역",한국농어촌공사,PQ,795978000,798147100,100.2725075,에이치플러스에코+동해종합+경기환경,99.12,684282000,100.4117,N
20200247660 - 00,20200227,"반환미군기지(캠프 롱, 호비사격장) 기본설계 용역",한국농어촌공사,PQ,795978000,798147100,100.2725075,신대양+한국환경종합연구원+건화,99.12,685285000,100.5589,Y
20200247660 - 00,20200227,"반환미군기지(캠프 롱, 호비사격장) 기본설계 용역",한국농어촌공사,PQ,795978000,798147100,100.2725075,아름다운환경건설+한종+수도,99,681450000,99.8445,N
20200247660 - 00,20200227,"반환미군기지(캠프 롱, 호비사격장) 기본설계 용역",한국농어촌공사,PQ,795978000,798147100,100.2725075,대일+도화+서해,99,681862771,99.905,N
20200247660 - 00,20200227,"반환미군기지(캠프 롱, 호비사격장) 기본설계 용역",한국농어촌공사,PQ,795978000,798147100,100.2725075,TSK+벽산+자연환경연구소,99,680020000,99.635,N
20200247447 - 00,20200227,완도항 유선부두 축조공사 기본 및 실시설계용역 ,전라남도,PQ,630000000,626850000,99.5,대영+해광,98.15,542800000,100.2954,N
20200247447 - 00,20200227,완도항 유선부두 축조공사 기본 및 실시설계용역 ,전라남도,PQ,630000000,626850000,99.5,건일+우빈,98,544570000,100.5873,N
20200247447 - 00,20200227,완도항 유선부두 축조공사 기본 및 실시설계용역 ,전라남도,PQ,630000000,626850000,99.5,세일+신명,97.99,539666000,99.6699,Y
20200247447 - 00,20200227,완도항 유선부두 축조공사 기본 및 실시설계용역 ,전라남도,PQ,630000000,626850000,99.5,혜인+한기,97.47,542120000,99.9951,N
20200247447 - 00,20200227,완도항 유선부두 축조공사 기본 및 실시설계용역 ,전라남도,PQ,630000000,626850000,99.5,세광+동아,97,548750000,101.1005,N
20200247447 - 00,20200227,완도항 유선부두 축조공사 기본 및 실시설계용역 ,전라남도,PQ,630000000,626850000,99.5,유신+원우+우리,96.87,539110000,99.2899,N
20200247447 - 00,20200227,완도항 유선부두 축조공사 기본 및 실시설계용역 ,전라남도,PQ,630000000,626850000,99.5,건화+평화(중앙컨설턴트+예성이엔씨),96.83,538600000,99.1845,N
20200247447 - 00,20200227,완도항 유선부두 축조공사 기본 및 실시설계용역 ,전라남도,PQ,630000000,626850000,99.5,도화+대현,96.58,550330000,101.2741,N
20200247447 - 00,20200227,완도항 유선부두 축조공사 기본 및 실시설계용역 ,전라남도,PQ,630000000,626850000,99.5,한종+신오,95.76,537700000,98.7438,N
20200247447 - 00,20200227,완도항 유선부두 축조공사 기본 및 실시설계용역 ,전라남도,PQ,630000000,626850000,99.5,삼안+우영,95.13,554400000,101.646,N
20200247447 - 00,20200227,완도항 유선부두 축조공사 기본 및 실시설계용역 ,전라남도,PQ,630000000,626850000,99.5,서영+산하,92.99,564900000,103.0119,N
20200247524 - 01,20200227,서천 선비다리 조성사업 기본 및 실시설계 용역,경상북도 영주시,PQ,559900000,558626250,99.77250402,한맥+동진,97.56,481300000,99.9149,Y
20200247524 - 01,20200227,서천 선비다리 조성사업 기본 및 실시설계 용역,경상북도 영주시,PQ,559900000,558626250,99.77250402,건화+건일(도진),97.3,481800000,99.949,N
20200247524 - 01,20200227,서천 선비다리 조성사업 기본 및 실시설계 용역,경상북도 영주시,PQ,559900000,558626250,99.77250402,경동+해인,97.05,481600000,99.8495,N
20200247524 - 01,20200227,서천 선비다리 조성사업 기본 및 실시설계 용역,경상북도 영주시,PQ,559900000,558626250,99.77250402,평화+강산,96.99,484540000,100.4357,N
20200247524 - 01,20200227,서천 선비다리 조성사업 기본 및 실시설계 용역,경상북도 영주시,PQ,559900000,558626250,99.77250402,수성+청명,96.92,0,0,N
20200247524 - 01,20200227,서천 선비다리 조성사업 기본 및 실시설계 용역,경상북도 영주시,PQ,559900000,558626250,99.77250402,제일+해동,96.88,479990000,99.4695,N
20200247524 - 01,20200227,서천 선비다리 조성사업 기본 및 실시설계 용역,경상북도 영주시,PQ,559900000,558626250,99.77250402,보람+동일,96.87,486314000,100.7801,N
20200247524 - 01,20200227,서천 선비다리 조성사업 기본 및 실시설계 용역,경상북도 영주시,PQ,559900000,558626250,99.77250402,동성+극동,96.79,487390000,100.9796,N
20200247524 - 01,20200227,서천 선비다리 조성사업 기본 및 실시설계 용역,경상북도 영주시,PQ,559900000,558626250,99.77250402,홍익+강동,96.73,479580000,99.35,N
20200247524 - 01,20200227,서천 선비다리 조성사업 기본 및 실시설계 용역,경상북도 영주시,PQ,559900000,558626250,99.77250402,KG+보원,96.69,487505000,100.98,N
20200247524 - 01,20200227,서천 선비다리 조성사업 기본 및 실시설계 용역,경상북도 영주시,PQ,559900000,558626250,99.77250402,드림+반석,96.18,487630000,100.8655,N
20200247524 - 01,20200227,서천 선비다리 조성사업 기본 및 실시설계 용역,경상북도 영주시,PQ,559900000,558626250,99.77250402,이산+한도,96.17,479200000,99.1218,N
20200247524 - 01,20200227,서천 선비다리 조성사업 기본 및 실시설계 용역,경상북도 영주시,PQ,559900000,558626250,99.77250402,서영+KCI,95.95,490020000,101.3012,N
20200247524 - 01,20200227,서천 선비다리 조성사업 기본 및 실시설계 용역,경상북도 영주시,PQ,559900000,558626250,99.77250402,동명+삼보,95.92,478600000,98.9404,N
20200247524 - 01,20200227,서천 선비다리 조성사업 기본 및 실시설계 용역,경상북도 영주시,PQ,559900000,558626250,99.77250402,천일+디에스,95.62,477790000,98.693,N
20200247524 - 01,20200227,서천 선비다리 조성사업 기본 및 실시설계 용역,경상북도 영주시,PQ,559900000,558626250,99.77250402,한종+한백종합,95.57,477880000,98.7002,N
20200247524 - 01,20200227,서천 선비다리 조성사업 기본 및 실시설계 용역,경상북도 영주시,PQ,559900000,558626250,99.77250402,화신+현대,89.04,500300000,101.6382,N
20200247513 - 00,20200227,군산항 서측호안 내진보강공사 건설사업관리용역,해양수산부 군산지방해양수산청,PQ,886000000,890602825,100.5195062,한종,100,759600000,100.2791,N
20200247513 - 00,20200227,군산항 서측호안 내진보강공사 건설사업관리용역,해양수산부 군산지방해양수산청,PQ,886000000,890602825,100.5195062,삼안+아라,99.93,755480000,99.7352,N
20200247513 - 00,20200227,군산항 서측호안 내진보강공사 건설사업관리용역,해양수산부 군산지방해양수산청,PQ,886000000,890602825,100.5195062,세광,99.75,757500000,100.0019,N
20200247513 - 00,20200227,군산항 서측호안 내진보강공사 건설사업관리용역,해양수산부 군산지방해양수산청,PQ,886000000,890602825,100.5195062,서영,99.5,756800000,99.9095,N
20200247513 - 00,20200227,군산항 서측호안 내진보강공사 건설사업관리용역,해양수산부 군산지방해양수산청,PQ,886000000,890602825,100.5195062,항도,99.5,756145000,99.823,N
20200247513 - 00,20200227,군산항 서측호안 내진보강공사 건설사업관리용역,해양수산부 군산지방해양수산청,PQ,886000000,890602825,100.5195062,대영+혜인,99.35,756198000,99.83,N
20200247513 - 00,20200227,군산항 서측호안 내진보강공사 건설사업관리용역,해양수산부 군산지방해양수산청,PQ,886000000,890602825,100.5195062,건화+일진,99.26,763600000,100.8072,Y
20200247513 - 00,20200227,군산항 서측호안 내진보강공사 건설사업관리용역,해양수산부 군산지방해양수산청,PQ,886000000,890602825,100.5195062,세일,99.12,759606000,100.2799,N
20200247513 - 00,20200227,군산항 서측호안 내진보강공사 건설사업관리용역,해양수산부 군산지방해양수산청,PQ,886000000,890602825,100.5195062,건일,99.1,756390000,99.8554,N
20200247513 - 00,20200227,군산항 서측호안 내진보강공사 건설사업관리용역,해양수산부 군산지방해양수산청,PQ,886000000,890602825,100.5195062,재화+유신,99.09,758811000,100.175,N
20200247513 - 00,20200227,군산항 서측호안 내진보강공사 건설사업관리용역,해양수산부 군산지방해양수산청,PQ,886000000,890602825,100.5195062,한항,97.2,0,0,N
20200247396 - 01,20200227,고읍·마동천하천기본계획 및 하천시설관리대장 작성 용역 ,전라남도,PQ,702022000,696362000,99.19375746,삼안+동아+서광,98.03,630960000,104.5878,N
20200247396 - 01,20200227,고읍·마동천하천기본계획 및 하천시설관리대장 작성 용역 ,전라남도,PQ,702022000,696362000,99.19375746,건화+원우,97.64,602960000,99.8536,Y
20200247318 - 00,20200227,월산처리구역 하수관로 정비사업 기본 및 실시설계용역,전라남도 장성군,PQ,747553000,754516475,100.9315025,삼안+한기,99.01,640640000,99.9805,N
20200247318 - 00,20200227,월산처리구역 하수관로 정비사업 기본 및 실시설계용역,전라남도 장성군,PQ,747553000,754516475,100.9315025,KG+평화,97.9,648930000,100.9797,Y
20200247318 - 00,20200227,월산처리구역 하수관로 정비사업 기본 및 실시설계용역,전라남도 장성군,PQ,747553000,754516475,100.9315025,한종+우영,97.85,645000000,100.3565,N
20200247318 - 00,20200227,월산처리구역 하수관로 정비사업 기본 및 실시설계용역,전라남도 장성군,PQ,747553000,754516475,100.9315025,건화+동아(경동건설),97.8,638700000,99.3647,N
20200247318 - 00,20200227,월산처리구역 하수관로 정비사업 기본 및 실시설계용역,전라남도 장성군,PQ,747553000,754516475,100.9315025,이산+신오,97.7,646850000,100.6092,N
20200247318 - 00,20200227,월산처리구역 하수관로 정비사업 기본 및 실시설계용역,전라남도 장성군,PQ,747553000,754516475,100.9315025,선진+원우,97.67,639340000,99.4296,N
20200247318 - 00,20200227,월산처리구역 하수관로 정비사업 기본 및 실시설계용역,전라남도 장성군,PQ,747553000,754516475,100.9315025,유신+건영,97.6,646764000,100.5725,N
20200247318 - 00,20200227,월산처리구역 하수관로 정비사업 기본 및 실시설계용역,전라남도 장성군,PQ,747553000,754516475,100.9315025,제일+우빈,97.55,637370000,99.1002,N
20200247318 - 00,20200227,월산처리구역 하수관로 정비사업 기본 및 실시설계용역,전라남도 장성군,PQ,747553000,754516475,100.9315025,도화+우리,97.5,671000000,104.317,N
20200247318 - 00,20200227,월산처리구역 하수관로 정비사업 기본 및 실시설계용역,전라남도 장성군,PQ,747553000,754516475,100.9315025,범한+신명,97.3,637810000,99.0995,N
20200248363 - 00,20200228,문화전당 주변도로(광산길) 확장공사 실시설계용역,광주광역시,PQ,293051000,295303875,100.7687655,신명+수성,100,255096000,100.3497,N
20200248363 - 00,20200228,문화전당 주변도로(광산길) 확장공사 실시설계용역,광주광역시,PQ,293051000,295303875,100.7687655,극동+우영,100,254307000,100.0393,N
20200248363 - 00,20200228,문화전당 주변도로(광산길) 확장공사 실시설계용역,광주광역시,PQ,293051000,295303875,100.7687655,유신+동아,100,254771000,100.2218,N
20200248363 - 00,20200228,문화전당 주변도로(광산길) 확장공사 실시설계용역,광주광역시,PQ,293051000,295303875,100.7687655,평화,99.97,254672000,100.1713,N
20200248363 - 00,20200228,문화전당 주변도로(광산길) 확장공사 실시설계용역,광주광역시,PQ,293051000,295303875,100.7687655,천일+하이콘,99.88,253100000,99.5415,N
20200248363 - 00,20200228,문화전당 주변도로(광산길) 확장공사 실시설계용역,광주광역시,PQ,293051000,295303875,100.7687655,이산+원우,99.78,255400000,100.4461,N
20200248363 - 00,20200228,문화전당 주변도로(광산길) 확장공사 실시설계용역,광주광역시,PQ,293051000,295303875,100.7687655,동일+한기,99.47,253300000,99.5858,N
20200248363 - 00,20200228,문화전당 주변도로(광산길) 확장공사 실시설계용역,광주광역시,PQ,293051000,295303875,100.7687655,한종+산하,99.45,253710000,99.747,N
20200248363 - 00,20200228,문화전당 주변도로(광산길) 확장공사 실시설계용역,광주광역시,PQ,293051000,295303875,100.7687655,도화+우빈,98.93,256720000,100.8722,N
20200248363 - 00,20200228,문화전당 주변도로(광산길) 확장공사 실시설계용역,광주광역시,PQ,293051000,295303875,100.7687655,서영+에스이,98.93,254990000,100.1925,N
20200248363 - 00,20200228,문화전당 주변도로(광산길) 확장공사 실시설계용역,광주광역시,PQ,293051000,295303875,100.7687655,바우+원진,98.85,252660000,99.277,N
20200248363 - 00,20200228,문화전당 주변도로(광산길) 확장공사 실시설계용역,광주광역시,PQ,293051000,295303875,100.7687655,한맥+신촌,98.85,252464300,99.2001,N
20200248363 - 00,20200228,문화전당 주변도로(광산길) 확장공사 실시설계용역,광주광역시,PQ,293051000,295303875,100.7687655,건화+유성건설(유지건설),98.81,256590000,100.8096,Y
20200248363 - 00,20200228,문화전당 주변도로(광산길) 확장공사 실시설계용역,광주광역시,PQ,293051000,295303875,100.7687655,신성+기찬,98.81,256480000,100.7663,N
20200248363 - 00,20200228,문화전당 주변도로(광산길) 확장공사 실시설계용역,광주광역시,PQ,293051000,295303875,100.7687655,삼안+영진,98.48,258060000,101.3637,N
20200248363 - 00,20200228,문화전당 주변도로(광산길) 확장공사 실시설계용역,광주광역시,PQ,293051000,295303875,100.7687655,제일+서진,97.58,252400000,99.0493,N
20200248363 - 00,20200228,문화전당 주변도로(광산길) 확장공사 실시설계용역,광주광역시,PQ,293051000,295303875,100.7687655,홍익+우리,97.3,260743000,102.2999,N
20200248363 - 00,20200228,문화전당 주변도로(광산길) 확장공사 실시설계용역,광주광역시,PQ,293051000,295303875,100.7687655,화신+대현,97.3,251777000,98.7821,N
20200249170 - 00,20200228,함양군 폐기물 매립시설 2단계 조성사업 기본 및 실시설계,한국환경공단,PQ,524100000,522880200,99.76725816,한종+수성,97.63,456700000,100.2126,Y
20200249170 - 00,20200228,함양군 폐기물 매립시설 2단계 조성사업 기본 및 실시설계,한국환경공단,PQ,524100000,522880200,99.76725816,도화+경화,96.37,454300000,99.5715,N
20200249170 - 00,20200228,함양군 폐기물 매립시설 2단계 조성사업 기본 및 실시설계,한국환경공단,PQ,524100000,522880200,99.76725816,선진+한성,95.41,454690000,99.554,N
20200249170 - 00,20200228,함양군 폐기물 매립시설 2단계 조성사업 기본 및 실시설계,한국환경공단,PQ,524100000,522880200,99.76725816,건화+범한,95.02,458280000,100.3055,N
20200249170 - 00,20200228,함양군 폐기물 매립시설 2단계 조성사업 기본 및 실시설계,한국환경공단,PQ,524100000,522880200,99.76725816,동일+한올+벽산,91.72,453800000,99.007,N
20200249153 - 02,20200228,시흥시 신천 우수저류시설 설치사업 기본 및 실시설계용역,경기도 시흥시,PQ,1322891000,1321865825,99.92250495,KG+건화+국성(테크피아),99.27,1038837000,100.08,Y
20200249153 - 02,20200228,시흥시 신천 우수저류시설 설치사업 기본 및 실시설계용역,경기도 시흥시,PQ,1322891000,1321865825,99.92250495,한종+제일+경호,98.67,1044100000,100.0896,N
20200249153 - 02,20200228,시흥시 신천 우수저류시설 설치사업 기본 및 실시설계용역,경기도 시흥시,PQ,1322891000,1321865825,99.92250495,도화+서영+KSM,98.41,1039100000,99.4085,N
20200249153 - 02,20200228,시흥시 신천 우수저류시설 설치사업 기본 및 실시설계용역,경기도 시흥시,PQ,1322891000,1321865825,99.92250495,이산+동성,98.34,1044930000,99.9031,N
20200249153 - 02,20200228,시흥시 신천 우수저류시설 설치사업 기본 및 실시설계용역,경기도 시흥시,PQ,1322891000,1321865825,99.92250495,유신+동명+동서,98.22,1056176000,100.889,N
20200249153 - 02,20200228,시흥시 신천 우수저류시설 설치사업 기본 및 실시설계용역,경기도 시흥시,PQ,1322891000,1321865825,99.92250495,화신+극동,98.15,1037439000,99.0366,N
20200249153 - 02,20200228,시흥시 신천 우수저류시설 설치사업 기본 및 실시설계용역,경기도 시흥시,PQ,1322891000,1321865825,99.92250495,동부+주하,98.08,1188000000,113.3522,N
20200249153 - 02,20200228,시흥시 신천 우수저류시설 설치사업 기본 및 실시설계용역,경기도 시흥시,PQ,1322891000,1321865825,99.92250495,삼안+KCI,97.97,1034000000,98.5713,N
20200248117 - 00,20200228,명동 마리나항만 개발사업 사후환경영향조사 용역,경상남도 창원시,PQ,1052453000,1065637650,101.2527543,동부+수성+보드플랜,99.72,905212000,100.5198,N
20200248117 - 00,20200228,명동 마리나항만 개발사업 사후환경영향조사 용역,경상남도 창원시,PQ,1052453000,1065637650,101.2527543,대영+한맥+세일+라임,98.97,902440000,100.0249,N
20200248117 - 00,20200228,명동 마리나항만 개발사업 사후환경영향조사 용역,경상남도 창원시,PQ,1052453000,1065637650,101.2527543,동명+경화+대현,98.96,902486000,100.03,N
20200248117 - 00,20200228,명동 마리나항만 개발사업 사후환경영향조사 용역,경상남도 창원시,PQ,1052453000,1065637650,101.2527543,동성+수E,98.91,896770000,99.3849,N
20200248117 - 00,20200228,명동 마리나항만 개발사업 사후환경영향조사 용역,경상남도 창원시,PQ,1052453000,1065637650,101.2527543,동아+경상,98.91,908000000,100.6294,N
20200248117 - 00,20200228,명동 마리나항만 개발사업 사후환경영향조사 용역,경상남도 창원시,PQ,1052453000,1065637650,101.2527543,이산+태영+KG,98.9,902280000,99.9838,N
20200248117 - 00,20200228,명동 마리나항만 개발사업 사후환경영향조사 용역,경상남도 창원시,PQ,1052453000,1065637650,101.2527543,서영+부경+퍼스트,98.82,896300000,99.3096,N
20200248117 - 00,20200228,명동 마리나항만 개발사업 사후환경영향조사 용역,경상남도 창원시,PQ,1052453000,1065637650,101.2527543,화신+우리+동일,98.78,907780000,100.5699,N
20200248117 - 00,20200228,명동 마리나항만 개발사업 사후환경영향조사 용역,경상남도 창원시,PQ,1052453000,1065637650,101.2527543,도화+KSM+자연,98.77,898450000,99.5246,N
20200248117 - 00,20200228,명동 마리나항만 개발사업 사후환경영향조사 용역,경상남도 창원시,PQ,1052453000,1065637650,101.2527543,경동+화성,98.71,895480000,99.184,N
20200248117 - 00,20200228,명동 마리나항만 개발사업 사후환경영향조사 용역,경상남도 창원시,PQ,1052453000,1065637650,101.2527543,선진+조은,98.61,908140000,100.5628,N
20200248117 - 00,20200228,명동 마리나항만 개발사업 사후환경영향조사 용역,경상남도 창원시,PQ,1052453000,1065637650,101.2527543,경호+건화+대양,98.52,913650000,101.1494,N
20200248117 - 00,20200228,명동 마리나항만 개발사업 사후환경영향조사 용역,경상남도 창원시,PQ,1052453000,1065637650,101.2527543,신성+한올+효산,98.39,910760000,100.7942,N
20200248117 - 00,20200228,명동 마리나항만 개발사업 사후환경영향조사 용역,경상남도 창원시,PQ,1052453000,1065637650,101.2527543,다산+천진+중천,98.38,896346000,99.199,N
20200248117 - 00,20200228,명동 마리나항만 개발사업 사후환경영향조사 용역,경상남도 창원시,PQ,1052453000,1065637650,101.2527543,한종+한성+우신,98.37,895900000,99.1497,N
20200248117 - 00,20200228,명동 마리나항만 개발사업 사후환경영향조사 용역,경상남도 창원시,PQ,1052453000,1065637650,101.2527543,홍익+용두+DS,98.37,890933000,98.6,N
20200248117 - 00,20200228,명동 마리나항만 개발사업 사후환경영향조사 용역,경상남도 창원시,PQ,1052453000,1065637650,101.2527543,세광+신일환경+금성,98.15,922190000,101.9998,Y
20200248117 - 00,20200228,명동 마리나항만 개발사업 사후환경영향조사 용역,경상남도 창원시,PQ,1052453000,1065637650,101.2527543,혜인+한기,97.32,894970000,98.7821,N
20200248117 - 00,20200228,명동 마리나항만 개발사업 사후환경영향조사 용역,경상남도 창원시,PQ,1052453000,1065637650,101.2527543,삼안+도운+휴먼,94.88,896720000,98.3583,N
20200249341 - 00,20200228,통영고성 광역자원회수시설 및 부대시설 설치사업 사후환경영향조사(공사시),한국환경공단,PQ,447843000,446741375,99.75401536,건화+경화+우신,99.26,390690000,100.4874,N
20200249341 - 00,20200228,통영고성 광역자원회수시설 및 부대시설 설치사업 사후환경영향조사(공사시),한국환경공단,PQ,447843000,446741375,99.75401536,도화+한성+신일환경,98.96,388451000,99.8885,Y
20200249341 - 00,20200228,통영고성 광역자원회수시설 및 부대시설 설치사업 사후환경영향조사(공사시),한국환경공단,PQ,447843000,446741375,99.75401536,KG+한종+태영,98.81,390258000,100.3301,N
20200249341 - 00,20200228,통영고성 광역자원회수시설 및 부대시설 설치사업 사후환경영향조사(공사시),한국환경공단,PQ,447843000,446741375,99.75401536,한맥+혜인+마린,98.41,389300000,100.0492,N
20200249341 - 00,20200228,통영고성 광역자원회수시설 및 부대시설 설치사업 사후환경영향조사(공사시),한국환경공단,PQ,447843000,446741375,99.75401536,천일+한올+소운,98.3,389350000,100.0506,N
20200249341 - 00,20200228,통영고성 광역자원회수시설 및 부대시설 설치사업 사후환경영향조사(공사시),한국환경공단,PQ,447843000,446741375,99.75401536,홍익+신성+수,98.22,387060000,99.4507,N
20200249341 - 00,20200228,통영고성 광역자원회수시설 및 부대시설 설치사업 사후환경영향조사(공사시),한국환경공단,PQ,447843000,446741375,99.75401536,경호+서영+대영,98,386320000,99.2491,N
20200249341 - 00,20200228,통영고성 광역자원회수시설 및 부대시설 설치사업 사후환경영향조사(공사시),한국환경공단,PQ,447843000,446741375,99.75401536,동명+부경+선진,97.97,385700000,99.0784,N
20200249341 - 00,20200228,통영고성 광역자원회수시설 및 부대시설 설치사업 사후환경영향조사(공사시),한국환경공단,PQ,447843000,446741375,99.75401536,동부+동성+용두,97.12,392128000,100.6486,N
20200249341 - 00,20200228,통영고성 광역자원회수시설 및 부대시설 설치사업 사후환경영향조사(공사시),한국환경공단,PQ,447843000,446741375,99.75401536,드림+수성+이산,96.59,386540000,99.1687,N
20200249341 - 00,20200228,통영고성 광역자원회수시설 및 부대시설 설치사업 사후환경영향조사(공사시),한국환경공단,PQ,447843000,446741375,99.75401536,삼안+경동+금성,95.43,386650000,99.0831,N
E012001666-2,20200228,진천지역 전기공급시설 전력구 공사(문백S/S 배전인출) 설계용역,한국전력공사 중부건설본부,PQ,710017000,715988823,100.8410817,KG,99.2,609336000,100.38,N
E012001666-2,20200228,진천지역 전기공급시설 전력구 공사(문백S/S 배전인출) 설계용역,한국전력공사 중부건설본부,PQ,710017000,715988823,100.8410817,신성,99.02,609580000,100.4202,N
E012001666-2,20200228,진천지역 전기공급시설 전력구 공사(문백S/S 배전인출) 설계용역,한국전력공사 중부건설본부,PQ,710017000,715988823,100.8410817,태조,98.85,611111000,100.6724,N
E012001666-2,20200228,진천지역 전기공급시설 전력구 공사(문백S/S 배전인출) 설계용역,한국전력공사 중부건설본부,PQ,710017000,715988823,100.8410817,대콘,99.02,606169400,99.8,N
E012001666-2,20200228,진천지역 전기공급시설 전력구 공사(문백S/S 배전인출) 설계용역,한국전력공사 중부건설본부,PQ,710017000,715988823,100.8410817,경동+삼안,98.17,603879000,99.4113,N
E012001666-2,20200228,진천지역 전기공급시설 전력구 공사(문백S/S 배전인출) 설계용역,한국전력공사 중부건설본부,PQ,710017000,715988823,100.8410817,건화(우경),98.06,613700000,100.9926,Y
E012001666-2,20200228,진천지역 전기공급시설 전력구 공사(문백S/S 배전인출) 설계용역,한국전력공사 중부건설본부,PQ,710017000,715988823,100.8410817,도화+셀파,98.06,604520000,99.4819,N
E012001666-2,20200228,진천지역 전기공급시설 전력구 공사(문백S/S 배전인출) 설계용역,한국전력공사 중부건설본부,PQ,710017000,715988823,100.8410817,선진,97.65,614400000,100.9898,N
E012001666-2,20200228,진천지역 전기공급시설 전력구 공사(문백S/S 배전인출) 설계용역,한국전력공사 중부건설본부,PQ,710017000,715988823,100.8410817,제일,96.17,620500000,101.554,N
E012001666-2,20200228,진천지역 전기공급시설 전력구 공사(문백S/S 배전인출) 설계용역,한국전력공사 중부건설본부,PQ,710017000,715988823,100.8410817,동일,93.83,627400000,101.9958,N
E012001647-1,20200227,무안지역 전기공급시설 전력구공사(운남-안좌) 설계용역 ,한국전력공사 중부건설본부,PQ,696958900,703390950,100.9228736,KG,99.4,595388000,99.9199,N
E012001647-1,20200227,무안지역 전기공급시설 전력구공사(운남-안좌) 설계용역 ,한국전력공사 중부건설본부,PQ,696958900,703390950,100.9228736,신성,98.94,598760000,100.4858,N
E012001647-1,20200227,무안지역 전기공급시설 전력구공사(운남-안좌) 설계용역 ,한국전력공사 중부건설본부,PQ,696958900,703390950,100.9228736,태조,98.92,598980000,100.5228,N
E012001647-1,20200227,무안지역 전기공급시설 전력구공사(운남-안좌) 설계용역 ,한국전력공사 중부건설본부,PQ,696958900,703390950,100.9228736,건화+우경(조사),98.31,595700000,99.9489,N
E012001647-1,20200227,무안지역 전기공급시설 전력구공사(운남-안좌) 설계용역 ,한국전력공사 중부건설본부,PQ,696958900,703390950,100.9228736,도화+지오텍,98.04,600250000,100.63,N
E012001647-1,20200227,무안지역 전기공급시설 전력구공사(운남-안좌) 설계용역 ,한국전력공사 중부건설본부,PQ,696958900,703390950,100.9228736,경동+삼안,97.98,593870000,99.5371,N
E012001647-1,20200227,무안지역 전기공급시설 전력구공사(운남-안좌) 설계용역 ,한국전력공사 중부건설본부,PQ,696958900,703390950,100.9228736,대콘,98.68,593189000,99.3998,N
E012001647-1,20200227,무안지역 전기공급시설 전력구공사(운남-안좌) 설계용역 ,한국전력공사 중부건설본부,PQ,696958900,703390950,100.9228736,선진,97.55,603290000,100.998,Y
E012001647-1,20200227,무안지역 전기공급시설 전력구공사(운남-안좌) 설계용역 ,한국전력공사 중부건설본부,PQ,696958900,703390950,100.9228736,제일,96.3,608600000,101.508,N
E012001647-1,20200227,무안지역 전기공급시설 전력구공사(운남-안좌) 설계용역 ,한국전력공사 중부건설본부,PQ,696958900,703390950,100.9228736,동일,93.83,615800000,101.9857,N
20200246979 - 00,20200227,교통안전 특별실태조사 용역,한국교통안전공단,협상,380346404,372000000,97.80557831,한종+건화,97.5,361300000,94.9924,N
20200246979 - 00,20200227,교통안전 특별실태조사 용역,한국교통안전공단,협상,380346404,372000000,97.80557831,도화,88,294007770,77.3,Y
