PQ공고 NO.,공고일자,사업명,발주처,입찰구분,기초금액,예정금액,예가,업체명,PQ점수,투찰금액,추정예가,낙찰여부
20201000026 - 02,20201005,하수관로 신설(확충)사업(재송처리분구 잔여지 일원)기본 및 실시설계용역 (1순위),부산광역시,PQ,1085000000,1097732500,101.1735023,한종+삼영,100,931400000,100.4074,N
20201000026 - 02,20201005,하수관로 신설(확충)사업(재송처리분구 잔여지 일원)기본 및 실시설계용역 (1순위),부산광역시,PQ,1085000000,1097732500,101.1735023,이산+거원,99.96,922200000,99.404,N
20201000026 - 02,20201005,하수관로 신설(확충)사업(재송처리분구 잔여지 일원)기본 및 실시설계용역 (1순위),부산광역시,PQ,1085000000,1097732500,101.1735023,건화+한가람,99.9,930600000,100.286,N
20201000026 - 02,20201005,하수관로 신설(확충)사업(재송처리분구 잔여지 일원)기본 및 실시설계용역 (1순위),부산광역시,PQ,1085000000,1097732500,101.1735023,제일+세일,99.8,924900000,99.6484,N
20201000026 - 02,20201005,하수관로 신설(확충)사업(재송처리분구 잔여지 일원)기본 및 실시설계용역 (1순위),부산광역시,PQ,1085000000,1097732500,101.1735023,KG+다산+한창+문창,99.79,939490000,101.2203,Y
20201000026 - 02,20201005,하수관로 신설(확충)사업(재송처리분구 잔여지 일원)기본 및 실시설계용역 (1순위),부산광역시,PQ,1085000000,1097732500,101.1735023,동명+대원+선일,99.71,935800000,100.7992,N
20201000026 - 02,20201005,하수관로 신설(확충)사업(재송처리분구 잔여지 일원)기본 및 실시설계용역 (1순위),부산광역시,PQ,1085000000,1097732500,101.1735023,도화+한진,99.6,920330000,99.1097,N
20201000026 - 02,20201005,하수관로 신설(확충)사업(재송처리분구 잔여지 일원)기본 및 실시설계용역 (1순위),부산광역시,PQ,1085000000,1097732500,101.1735023,범한+우성,99.27,923330000,99.3399,N
20201000026 - 02,20201005,하수관로 신설(확충)사업(재송처리분구 잔여지 일원)기본 및 실시설계용역 (1순위),부산광역시,PQ,1085000000,1097732500,101.1735023,유신+경성,99.22,921579000,99.14,N
20201000026 - 02,20201005,하수관로 신설(확충)사업(재송처리분구 잔여지 일원)기본 및 실시설계용역 (1순위),부산광역시,PQ,1085000000,1097732500,101.1735023,삼안+하나+수성,99.08,937640000,100.8324,N
20201000026 - 02,20201005,하수관로 신설(확충)사업(재송처리분구 잔여지 일원)기본 및 실시설계용역 (1순위),부산광역시,PQ,1085000000,1097732500,101.1735023,경동+정인+나우,98.61,919534000,98.7701,N
20201000026 - 02,20201005,하수관로 신설(확충)사업(재송처리분구 잔여지 일원)기본 및 실시설계용역 (1순위),부산광역시,PQ,1085000000,1097732500,101.1735023,건양+이화+화신,98.59,939659000,100.92,N
20201000026 - 02,20201005,하수관로 신설(확충)사업(재송처리분구 잔여지 일원)기본 및 실시설계용역 (1순위),부산광역시,PQ,1085000000,1097732500,101.1735023,선진+평화+대진+청출,98.43,943340000,101.28,N
20201000026 - 02,20201005,하수관로 신설(확충)사업(재송처리분구 잔여지 일원)기본 및 실시설계용역 (1순위),부산광역시,PQ,1085000000,1097732500,101.1735023,삼주+한림,98.11,945135000,101.39,N
20201000026 - 02,20201005,하수관로 신설(확충)사업(재송처리분구 잔여지 일원)기본 및 실시설계용역 (1순위),부산광역시,PQ,1085000000,1097732500,101.1735023,정+조은,97.65,921144000,98.7015,N
20201000026 - 02,20201005,하수관로 신설(확충)사업(재송처리분구 잔여지 일원)기본 및 실시설계용역 (1순위),부산광역시,PQ,1085000000,1097732500,101.1735023,경화+미래,97.44,948280000,101.5501,N
20201000026 - 02,20201005,하수관로 신설(확충)사업(재송처리분구 잔여지 일원)기본 및 실시설계용역 (1순위),부산광역시,PQ,1085000000,1097732500,101.1735023,HEC+HM+서영,97.44,945770000,101.2813,N
20201000026 - 00,20201005,"하수관로 신설(확충)사업(반여, 재송동 일원)기본 및 실시설계용역 (2순위)",부산광역시,PQ,797000000,798167625,100.1465025,한종+삼영,100,684200000,100.4116,N
20201000026 - 00,20201005,"하수관로 신설(확충)사업(반여, 재송동 일원)기본 및 실시설계용역 (2순위)",부산광역시,PQ,797000000,798167625,100.1465025,이산+거원,99.96,677300000,99.3874,N
20201000026 - 00,20201005,"하수관로 신설(확충)사업(반여, 재송동 일원)기본 및 실시설계용역 (2순위)",부산광역시,PQ,797000000,798167625,100.1465025,건화+한가람,99.9,683600000,100.2884,N
20201000026 - 00,20201005,"하수관로 신설(확충)사업(반여, 재송동 일원)기본 및 실시설계용역 (2순위)",부산광역시,PQ,797000000,798167625,100.1465025,제일+세일,99.8,683490000,100.2488,Y
20201000026 - 00,20201005,"하수관로 신설(확충)사업(반여, 재송동 일원)기본 및 실시설계용역 (2순위)",부산광역시,PQ,797000000,798167625,100.1465025,KG+다산+한창+문창,99.79,690110000,101.2198,N
20201000026 - 00,20201005,"하수관로 신설(확충)사업(반여, 재송동 일원)기본 및 실시설계용역 (2순위)",부산광역시,PQ,797000000,798167625,100.1465025,동명+대원+선일,99.71,687400000,100.7987,N
20201000026 - 00,20201005,"하수관로 신설(확충)사업(반여, 재송동 일원)기본 및 실시설계용역 (2순위)",부산광역시,PQ,797000000,798167625,100.1465025,도화+한진,99.6,676100000,99.1186,N
20201000026 - 00,20201005,"하수관로 신설(확충)사업(반여, 재송동 일원)기본 및 실시설계용역 (2순위)",부산광역시,PQ,797000000,798167625,100.1465025,범한+우성,99.27,678244000,99.34,N
20201000026 - 00,20201005,"하수관로 신설(확충)사업(반여, 재송동 일원)기본 및 실시설계용역 (2순위)",부산광역시,PQ,797000000,798167625,100.1465025,유신+경성,99.22,689930000,101.0398,N
20201000026 - 00,20201005,"하수관로 신설(확충)사업(반여, 재송동 일원)기본 및 실시설계용역 (2순위)",부산광역시,PQ,797000000,798167625,100.1465025,삼안+하나+수성,99.08,676830000,99.0866,N
20201000026 - 00,20201005,"하수관로 신설(확충)사업(반여, 재송동 일원)기본 및 실시설계용역 (2순위)",부산광역시,PQ,797000000,798167625,100.1465025,경동+정인+나우,98.61,675864000,98.8299,N
20201000026 - 00,20201005,"하수관로 신설(확충)사업(반여, 재송동 일원)기본 및 실시설계용역 (2순위)",부산광역시,PQ,797000000,798167625,100.1465025,건양+이화+화신,98.59,690238000,100.92,N
20201000026 - 00,20201005,"하수관로 신설(확충)사업(반여, 재송동 일원)기본 및 실시설계용역 (2순위)",부산광역시,PQ,797000000,798167625,100.1465025,선진+평화+대진+청출,98.43,692940000,101.2797,N
20201000026 - 00,20201005,"하수관로 신설(확충)사업(반여, 재송동 일원)기본 및 실시설계용역 (2순위)",부산광역시,PQ,797000000,798167625,100.1465025,삼주+한림,98.11,692685000,101.1599,N
20201000026 - 00,20201005,"하수관로 신설(확충)사업(반여, 재송동 일원)기본 및 실시설계용역 (2순위)",부산광역시,PQ,797000000,798167625,100.1465025,정+조은,97.65,676644000,98.7024,N
20201000026 - 00,20201005,"하수관로 신설(확충)사업(반여, 재송동 일원)기본 및 실시설계용역 (2순위)",부산광역시,PQ,797000000,798167625,100.1465025,경화+미래,97.44,676750000,98.6605,N
20201000026 - 00,20201005,"하수관로 신설(확충)사업(반여, 재송동 일원)기본 및 실시설계용역 (2순위)",부산광역시,PQ,797000000,798167625,100.1465025,HEC+HM+서영,97.44,694770000,101.2876,N
20201000465 - 01,20200929,제주시 일도2동 노후 하수관로 정비공사 건설사업관리용역,제주특별자치도 상하수도본부,PQ,1542693000,1541921700,99.95000301,삼안+JPM,99.85,1207800000,100.2518,Y
20201000465 - 01,20200929,제주시 일도2동 노후 하수관로 정비공사 건설사업관리용역,제주특별자치도 상하수도본부,PQ,1542693000,1541921700,99.95000301,건화+한라,99.76,1201900000,99.6855,N
20201000465 - 01,20200929,제주시 일도2동 노후 하수관로 정비공사 건설사업관리용역,제주특별자치도 상하수도본부,PQ,1542693000,1541921700,99.95000301,동성+토펙,99.73,1201780000,99.6501,N
20201000465 - 01,20200929,제주시 일도2동 노후 하수관로 정비공사 건설사업관리용역,제주특별자치도 상하수도본부,PQ,1542693000,1541921700,99.95000301,동명+청풍,99.7,1213400000,100.5878,N
20201000465 - 01,20200929,제주시 일도2동 노후 하수관로 정비공사 건설사업관리용역,제주특별자치도 상하수도본부,PQ,1542693000,1541921700,99.95000301,수성+부림,99.61,1203158000,99.6751,N
20201000465 - 01,20200929,제주시 일도2동 노후 하수관로 정비공사 건설사업관리용역,제주특별자치도 상하수도본부,PQ,1542693000,1541921700,99.95000301,선진+해진,99.6,1216900000,100.8006,N
20201000465 - 01,20200929,제주시 일도2동 노후 하수관로 정비공사 건설사업관리용역,제주특별자치도 상하수도본부,PQ,1542693000,1541921700,99.95000301,한종+한일,99.53,1197150000,99.1013,N
20201000465 - 01,20200929,제주시 일도2동 노후 하수관로 정비공사 건설사업관리용역,제주특별자치도 상하수도본부,PQ,1542693000,1541921700,99.95000301,도화+제원,99.5,1223800000,101.2945,N
20201000465 - 01,20200929,제주시 일도2동 노후 하수관로 정비공사 건설사업관리용역,제주특별자치도 상하수도본부,PQ,1542693000,1541921700,99.95000301,건양+서영+디케이엘,99.45,1224007000,101.2858,N
20201000465 - 01,20200929,제주시 일도2동 노후 하수관로 정비공사 건설사업관리용역,제주특별자치도 상하수도본부,PQ,1542693000,1541921700,99.95000301,경동+태신,99.34,1196700000,98.9125,N
20201000465 - 01,20200929,제주시 일도2동 노후 하수관로 정비공사 건설사업관리용역,제주특별자치도 상하수도본부,PQ,1542693000,1541921700,99.95000301,신명+도암,99.32,1224530000,101.1999,N
20201000465 - 01,20200929,제주시 일도2동 노후 하수관로 정비공사 건설사업관리용역,제주특별자치도 상하수도본부,PQ,1542693000,1541921700,99.95000301,범한+해오름,99.01,1197000000,98.6731,N
20201000465 - 01,20200929,제주시 일도2동 노후 하수관로 정비공사 건설사업관리용역,제주특별자치도 상하수도본부,PQ,1542693000,1541921700,99.95000301,제일+리헌,98.96,1450000000,119.4832,N
20201000465 - 01,20200929,제주시 일도2동 노후 하수관로 정비공사 건설사업관리용역,제주특별자치도 상하수도본부,PQ,1542693000,1541921700,99.95000301,이산+섬광,98.95,1195488000,98.4984,N
20201000253 - 00,20201005,임실군 소규모 공공시설 안전점검 및 정비계획 수립 용역,전라북도 임실군,PQ,1480000000,1486293700,100.42525,한종+더한+삼경,98.4,1175200000,100.4814,Y
20201000253 - 00,20201005,임실군 소규모 공공시설 안전점검 및 정비계획 수립 용역,전라북도 임실군,PQ,1480000000,1486293700,100.42525,도화+한가람+서광,98,1182360000,100.7748,N
20201000253 - 00,20201005,임실군 소규모 공공시설 안전점검 및 정비계획 수립 용역,전라북도 임실군,PQ,1480000000,1486293700,100.42525,동부+세화,97.92,1171225000,99.7502,N
20201000253 - 00,20201005,임실군 소규모 공공시설 안전점검 및 정비계획 수립 용역,전라북도 임실군,PQ,1480000000,1486293700,100.42525,유신+국성,97.9,1173132000,99.9,N
20201000253 - 00,20201005,임실군 소규모 공공시설 안전점검 및 정비계획 수립 용역,전라북도 임실군,PQ,1480000000,1486293700,100.42525,이산+JCN,97.8,1168300000,99.4134,N
20201000253 - 00,20201005,임실군 소규모 공공시설 안전점검 및 정비계획 수립 용역,전라북도 임실군,PQ,1480000000,1486293700,100.42525,삼안+조화+KCI,97.73,1187450000,100.9793,N
20201000253 - 00,20201005,임실군 소규모 공공시설 안전점검 및 정비계획 수립 용역,전라북도 임실군,PQ,1480000000,1486293700,100.42525,다산+성원+수성,97.67,1175284000,99.8944,N
20201000253 - 00,20201005,임실군 소규모 공공시설 안전점검 및 정비계획 수립 용역,전라북도 임실군,PQ,1480000000,1486293700,100.42525,동명+인우+화신,97.58,1161970000,98.7007,N
20201000253 - 00,20201005,임실군 소규모 공공시설 안전점검 및 정비계획 수립 용역,전라북도 임실군,PQ,1480000000,1486293700,100.42525,건화+유현(서금),97.47,1198290000,101.6963,N
20201000253 - 00,20201005,임실군 소규모 공공시설 안전점검 및 정비계획 수립 용역,전라북도 임실군,PQ,1480000000,1486293700,100.42525,평화+범산+동성,97.38,1163400000,98.6609,N
20201001806 - 00,20201005,새로운 광화문광장 조성사업 감독권한대행 등 건설사업관리용역 ,서울특별시 도시기반시설본부,PQ,3031000000,3049943800,100.6250016,제일+다산+다음+KRTC,99.83,2388700000,100.9013,Y
20201001806 - 00,20201005,새로운 광화문광장 조성사업 감독권한대행 등 건설사업관리용역 ,서울특별시 도시기반시설본부,PQ,3031000000,3049943800,100.6250016,수성+동해+동성,99.6,2367266000,99.8042,N
20201001806 - 00,20201005,새로운 광화문광장 조성사업 감독권한대행 등 건설사업관리용역 ,서울특별시 도시기반시설본부,PQ,3031000000,3049943800,100.6250016,대콘+용마+한맥+선진,99.33,2362800000,99.4,N
20201001806 - 00,20201005,새로운 광화문광장 조성사업 감독권한대행 등 건설사업관리용역 ,서울특별시 도시기반시설본부,PQ,3031000000,3049943800,100.6250016,동부+천일+동명,99.27,2380653000,100.1,N
20201001806 - 00,20201005,새로운 광화문광장 조성사업 감독권한대행 등 건설사업관리용역 ,서울특별시 도시기반시설본부,PQ,3031000000,3049943800,100.6250016,서영+건화+진우,98.97,2386250000,100.093,N
20201001806 - 00,20201005,새로운 광화문광장 조성사업 감독권한대행 등 건설사업관리용역 ,서울특별시 도시기반시설본부,PQ,3031000000,3049943800,100.6250016,한종+이산+동일,98.9,2418880000,101.3972,N
20201001806 - 00,20201005,새로운 광화문광장 조성사업 감독권한대행 등 건설사업관리용역 ,서울특별시 도시기반시설본부,PQ,3031000000,3049943800,100.6250016,삼안+KG+신성,98.83,2359940000,98.8763,N
20201001806 - 00,20201005,새로운 광화문광장 조성사업 감독권한대행 등 건설사업관리용역 ,서울특별시 도시기반시설본부,PQ,3031000000,3049943800,100.6250016,경동+도화+유신+오이디,98.45,2358860000,98.5182,N
20201001806 - 00,20201005,새로운 광화문광장 조성사업 감독권한대행 등 건설사업관리용역 ,서울특별시 도시기반시설본부,PQ,3031000000,3049943800,100.6250016,극동+홍익+한미,97.91,2447685000,101.7899,N
20201001806 - 00,20201005,새로운 광화문광장 조성사업 감독권한대행 등 건설사업관리용역 ,서울특별시 도시기반시설본부,PQ,3031000000,3049943800,100.6250016,신명+삼보+삼우+광장,97.9,2460460000,102.3083,N
20201001774 - 01,20201005,구도항 어촌뉴딜300사업 실시설계용역(해양토목),한국농어촌공사 충남지역본부,PQ,830000000,828759150,99.8505,건일+항도,98.7,709490000,99.9833,N
20201001774 - 01,20201005,구도항 어촌뉴딜300사업 실시설계용역(해양토목),한국농어촌공사 충남지역본부,PQ,830000000,828759150,99.8505,세일+동명,98.26,713014000,100.4799,N
20201001774 - 01,20201005,구도항 어촌뉴딜300사업 실시설계용역(해양토목),한국농어촌공사 충남지역본부,PQ,830000000,828759150,99.8505,한종+수성E,98.45,709300000,99.8981,Y
20201001774 - 01,20201005,구도항 어촌뉴딜300사업 실시설계용역(해양토목),한국농어촌공사 충남지역본부,PQ,830000000,828759150,99.8505,유신+평화,97.77,707940000,99.66,N
20201001774 - 01,20201005,구도항 어촌뉴딜300사업 실시설계용역(해양토목),한국농어촌공사 충남지역본부,PQ,830000000,828759150,99.8505,건화(삼기지질+한국공간정보),97.66,707600000,99.4958,N
20201001774 - 01,20201005,구도항 어촌뉴딜300사업 실시설계용역(해양토목),한국농어촌공사 충남지역본부,PQ,830000000,828759150,99.8505,서영,96.66,740000000,103.7489,N
20201001283 - 00,20201005,울릉(사동)항 및 후포항 태풍피해 복구공사 실시설계용역,해양수산부 포항지방해양수산청,PQ,1000000000,995435000,99.5435,한항,99.78,855294000,100.0402,N
20201001283 - 00,20201005,울릉(사동)항 및 후포항 태풍피해 복구공사 실시설계용역,해양수산부 포항지방해양수산청,PQ,1000000000,995435000,99.5435,혜인,99.77,853195000,99.7947,N
20201001283 - 00,20201005,울릉(사동)항 및 후포항 태풍피해 복구공사 실시설계용역,해양수산부 포항지방해양수산청,PQ,1000000000,995435000,99.5435,세광+일진,99.73,864350000,101.0995,N
20201001283 - 00,20201005,울릉(사동)항 및 후포항 태풍피해 복구공사 실시설계용역,해양수산부 포항지방해양수산청,PQ,1000000000,995435000,99.5435,유신+도화,99.73,852864000,99.756,N
20201001283 - 00,20201005,울릉(사동)항 및 후포항 태풍피해 복구공사 실시설계용역,해양수산부 포항지방해양수산청,PQ,1000000000,995435000,99.5435,대영,99.67,857772000,100.3301,N
20201001283 - 00,20201005,울릉(사동)항 및 후포항 태풍피해 복구공사 실시설계용역,해양수산부 포항지방해양수산청,PQ,1000000000,995435000,99.5435,서영+동명,99.61,859000000,100.4737,N
20201001283 - 00,20201005,울릉(사동)항 및 후포항 태풍피해 복구공사 실시설계용역,해양수산부 포항지방해양수산청,PQ,1000000000,995435000,99.5435,세일+수성,99.59,860763000,100.6799,N
20201001283 - 00,20201005,울릉(사동)항 및 후포항 태풍피해 복구공사 실시설계용역,해양수산부 포항지방해양수산청,PQ,1000000000,995435000,99.5435,항도,99.51,861590000,100.7767,N
20201001283 - 00,20201005,울릉(사동)항 및 후포항 태풍피해 복구공사 실시설계용역,해양수산부 포항지방해양수산청,PQ,1000000000,995435000,99.5435,아라,99.33,850663000,99.4986,N
20201001283 - 00,20201005,울릉(사동)항 및 후포항 태풍피해 복구공사 실시설계용역,해양수산부 포항지방해양수산청,PQ,1000000000,995435000,99.5435,한종,99.31,858850000,100.4562,N
20201001283 - 00,20201005,울릉(사동)항 및 후포항 태풍피해 복구공사 실시설계용역,해양수산부 포항지방해양수산청,PQ,1000000000,995435000,99.5435,건일,99.07,862120000,100.8386,N
20201001283 - 00,20201005,울릉(사동)항 및 후포항 태풍피해 복구공사 실시설계용역,해양수산부 포항지방해양수산청,PQ,1000000000,995435000,99.5435,삼안,99.04,851840000,99.6362,N
20201001283 - 00,20201005,울릉(사동)항 및 후포항 태풍피해 복구공사 실시설계용역,해양수산부 포항지방해양수산청,PQ,1000000000,995435000,99.5435,건화+대양(한국공간),98.96,851090000,99.5485,Y
2020-02-000557-00,20201006,춘천~속초 철도건설사업 환경영향평가 용역,국가철도공단,PQ,2492000000,2511543447,100.7842475,선진+도화+자연과사람,99.67,1953000000,100.1864,N
2020-02-000557-00,20201006,춘천~속초 철도건설사업 환경영향평가 용역,국가철도공단,PQ,2492000000,2511543447,100.7842475,건화+동아+우신,99.11,1960000000,100.0467,N
2020-02-000557-00,20201006,춘천~속초 철도건설사업 환경영향평가 용역,국가철도공단,PQ,2492000000,2511543447,100.7842475,수성+한맥+DS,99.1,1956788999,99.8701,N
2020-02-000557-00,20201006,춘천~속초 철도건설사업 환경영향평가 용역,국가철도공단,PQ,2492000000,2511543447,100.7842475,동명+건일+보드플랜,98.97,1963540000,100.1,N
2020-02-000557-00,20201006,춘천~속초 철도건설사업 환경영향평가 용역,국가철도공단,PQ,2492000000,2511543447,100.7842475,신성+한국환경평가기술,98.97,1952980000,99.5617,N
2020-02-000557-00,20201006,춘천~속초 철도건설사업 환경영향평가 용역,국가철도공단,PQ,2492000000,2511543447,100.7842475,유신+동성+대현,98.97,1949950000,99.4072,N
2020-02-000557-00,20201006,춘천~속초 철도건설사업 환경영향평가 용역,국가철도공단,PQ,2492000000,2511543447,100.7842475,이산+삼안+신일,98.97,1953880000,99.6076,N
2020-02-000557-00,20201006,춘천~속초 철도건설사업 환경영향평가 용역,국가철도공단,PQ,2492000000,2511543447,100.7842475,서영+세광+퍼스트+다산,98.96,1962600000,100.0394,N
2020-02-000557-00,20201006,춘천~속초 철도건설사업 환경영향평가 용역,국가철도공단,PQ,2492000000,2511543447,100.7842475,동일+휴먼,98.77,1947000000,99.0806,N
2020-02-000557-00,20201006,춘천~속초 철도건설사업 환경영향평가 용역,국가철도공단,PQ,2492000000,2511543447,100.7842475,홍익+엔탑,98.77,2000438000,101.8,Y
2020UMM13392020-19402-01,20201006,20-공-00기지 사후환경영향조사용역(D112),국군재정관리단,PQ,915000000,906023507,99.01896251,동명,98,775200000,99.095,Y
2020UMM13392020-19402-01,20201006,20-공-00기지 사후환경영향조사용역(D112),국군재정관리단,PQ,915000000,906023507,99.01896251,수성,98,777161000,99.2297,N
2020UMM13392020-19402-01,20201006,20-공-00기지 사후환경영향조사용역(D112),국군재정관리단,PQ,915000000,906023507,99.01896251,KG,98,778340000,99.3802,N
2020UMM13392020-19402-01,20201006,20-공-00기지 사후환경영향조사용역(D112),국군재정관리단,PQ,915000000,906023507,99.01896251,도화,98,778440000,99.393,N
2020UMM13392020-19402-01,20201006,20-공-00기지 사후환경영향조사용역(D112),국군재정관리단,PQ,915000000,906023507,99.01896251,다산,98,773875000,98.8101,N
2020UMM13392020-19402-01,20201006,20-공-00기지 사후환경영향조사용역(D112),국군재정관리단,PQ,915000000,906023507,99.01896251,신성,97.95,772980000,98.6843,N
2020UMM13392020-19402-01,20201006,20-공-00기지 사후환경영향조사용역(D112),국군재정관리단,PQ,915000000,906023507,99.01896251,건화,97.35,816000000,103.9943,N
20201002137 - 00,20201006,흑천 수해상습지 개선사업 건설사업관리용역 ,경기도청 북부청사,PQ,2731000000,2722909450,99.70375137,이산+평화,100,2146880000,100.7904,N
20201002137 - 00,20201006,흑천 수해상습지 개선사업 건설사업관리용역 ,경기도청 북부청사,PQ,2731000000,2722909450,99.70375137,동부+동일,100,2131577000,100.072,N
20201002137 - 00,20201006,흑천 수해상습지 개선사업 건설사업관리용역 ,경기도청 북부청사,PQ,2731000000,2722909450,99.70375137,도화+용마+한종,99.96,2124829000,99.7168,Y
20201002137 - 00,20201006,흑천 수해상습지 개선사업 건설사업관리용역 ,경기도청 북부청사,PQ,2731000000,2722909450,99.70375137,서영+동명+주하,99.57,2123800000,99.3502,N
20201002137 - 00,20201006,흑천 수해상습지 개선사업 건설사업관리용역 ,경기도청 북부청사,PQ,2731000000,2722909450,99.70375137,천일+KG,99.38,2162200000,100.9917,N
20201002137 - 00,20201006,흑천 수해상습지 개선사업 건설사업관리용역 ,경기도청 북부청사,PQ,2731000000,2722909450,99.70375137,건화+수성+경화,99.35,2166400000,101.1621,N
20201002137 - 00,20201006,흑천 수해상습지 개선사업 건설사업관리용역 ,경기도청 북부청사,PQ,2731000000,2722909450,99.70375137,경동+경호,99.3,2117380000,98.8352,N
20201002137 - 00,20201006,흑천 수해상습지 개선사업 건설사업관리용역 ,경기도청 북부청사,PQ,2731000000,2722909450,99.70375137,극동+선진,99.26,2170369000,101.2699,N
20201002137 - 00,20201006,흑천 수해상습지 개선사업 건설사업관리용역 ,경기도청 북부청사,PQ,2731000000,2722909450,99.70375137,신명+다음,99.15,2184000000,101.8151,N
20201002137 - 00,20201006,흑천 수해상습지 개선사업 건설사업관리용역 ,경기도청 북부청사,PQ,2731000000,2722909450,99.70375137,KSM+삼안+천마,98.13,2227000000,102.9676,N
20201001989 - 00,20201006,용암천 지방하천정비사업 외 1개소 통합 건설사업관리용역 ,경기도청 북부청사,PQ,1736900000,1738801975,100.109504,KG+천일,100,1352660000,99.8498,N
20201001989 - 00,20201006,용암천 지방하천정비사업 외 1개소 통합 건설사업관리용역 ,경기도청 북부청사,PQ,1736900000,1738801975,100.109504,동명+동성,100,1360360000,100.4182,Y
20201001989 - 00,20201006,용암천 지방하천정비사업 외 1개소 통합 건설사업관리용역 ,경기도청 북부청사,PQ,1736900000,1738801975,100.109504,수성+건화+경화,99.97,1353143000,99.8598,N
20201001989 - 00,20201006,용암천 지방하천정비사업 외 1개소 통합 건설사업관리용역 ,경기도청 북부청사,PQ,1736900000,1738801975,100.109504,KSM+삼안+천마,99.88,1351900000,99.6914,N
20201001989 - 00,20201006,용암천 지방하천정비사업 외 1개소 통합 건설사업관리용역 ,경기도청 북부청사,PQ,1736900000,1738801975,100.109504,극동+용마+선진,99.73,1349131000,99.36,N
20201001989 - 00,20201006,용암천 지방하천정비사업 외 1개소 통합 건설사업관리용역 ,경기도청 북부청사,PQ,1736900000,1738801975,100.109504,한종+도화,99.71,1360700000,100.1992,N
20201001989 - 00,20201006,용암천 지방하천정비사업 외 1개소 통합 건설사업관리용역 ,경기도청 북부청사,PQ,1736900000,1738801975,100.109504,서영+주하,99.64,1368400000,100.7018,N
20201001989 - 00,20201006,용암천 지방하천정비사업 외 1개소 통합 건설사업관리용역 ,경기도청 북부청사,PQ,1736900000,1738801975,100.109504,평화+이산,99.63,1349590000,99.3175,N
20201001989 - 00,20201006,용암천 지방하천정비사업 외 1개소 통합 건설사업관리용역 ,경기도청 북부청사,PQ,1736900000,1738801975,100.109504,경동+경호,99.33,1345600000,98.784,N
20201001989 - 00,20201006,용암천 지방하천정비사업 외 1개소 통합 건설사업관리용역 ,경기도청 북부청사,PQ,1736900000,1738801975,100.109504,신명+다음,99.07,1553510000,113.8005,N
20201002884 - 00,20201007,권관항 어촌뉴딜사업 기본 및 실시설계 용역,한국농어촌공사 경기지역본부,PQ,904436000,902224700,99.75550509,건일,98.01,774890000,100.0953,N
20201002884 - 00,20201007,권관항 어촌뉴딜사업 기본 및 실시설계 용역,한국농어촌공사 경기지역본부,PQ,904436000,902224700,99.75550509,세일+수성+이산,97.79,773313000,99.88,Y
20201002884 - 00,20201007,권관항 어촌뉴딜사업 기본 및 실시설계 용역,한국농어촌공사 경기지역본부,PQ,904436000,902224700,99.75550509,건화+한종(범한+미래해양+삼기지질),97.33,785000000,101.2003,N
20201002884 - 00,20201007,권관항 어촌뉴딜사업 기본 및 실시설계 용역,한국농어촌공사 경기지역본부,PQ,904436000,902224700,99.75550509,유신+평화,96.55,801000000,103.1187,N
20201002884 - 00,20201007,권관항 어촌뉴딜사업 기본 및 실시설계 용역,한국농어촌공사 경기지역본부,PQ,904436000,902224700,99.75550509,서영+동명,96.05,772390000,99.2506,N
20201002853 - 00,20201007,세어도항 어촌뉴딜사업 기본 및 실시설계 용역,한국농어촌공사 경기지역본부,PQ,769210000,772040750,100.3680074,건일,99.8,662150000,100.6275,Y
20201002853 - 00,20201007,세어도항 어촌뉴딜사업 기본 및 실시설계 용역,한국농어촌공사 경기지역본부,PQ,769210000,772040750,100.3680074,수성+세일+이산,99.58,658250000,99.9647,N
20201002853 - 00,20201007,세어도항 어촌뉴딜사업 기본 및 실시설계 용역,한국농어촌공사 경기지역본부,PQ,769210000,772040750,100.3680074,한종+건화(미래해양)+수성E+드림),98.48,657300000,99.5066,N
20201002853 - 00,20201007,세어도항 어촌뉴딜사업 기본 및 실시설계 용역,한국농어촌공사 경기지역본부,PQ,769210000,772040750,100.3680074,유신+평화,98.32,666246000,100.814,N
20201002853 - 00,20201007,세어도항 어촌뉴딜사업 기본 및 실시설계 용역,한국농어촌공사 경기지역본부,PQ,769210000,772040750,100.3680074,도화,98.04,657380000,99.3914,N
20201002853 - 00,20201007,세어도항 어촌뉴딜사업 기본 및 실시설계 용역,한국농어촌공사 경기지역본부,PQ,769210000,772040750,100.3680074,서영+동명,97.5,675700000,101.9952,N
20201002867 - 00,20201007,행낭곡항 어촌뉴딜사업 기본 및 실시설계 용역,한국농어촌공사 경기지역본부,PQ,522713000,524573900,100.356008,건일,98.53,455640000,100.488,Y
20201002867 - 00,20201007,행낭곡항 어촌뉴딜사업 기본 및 실시설계 용역,한국농어촌공사 경기지역본부,PQ,522713000,524573900,100.356008,한종+세일,98.48,452000000,99.6852,N
20201002867 - 00,20201007,행낭곡항 어촌뉴딜사업 기본 및 실시설계 용역,한국농어촌공사 경기지역본부,PQ,522713000,524573900,100.356008,동명+건화(케이아트+동희측지+미래해양),96.91,453707000,100.0501,N
20201002867 - 00,20201007,행낭곡항 어촌뉴딜사업 기본 및 실시설계 용역,한국농어촌공사 경기지역본부,PQ,522713000,524573900,100.356008,유신+평화,96.65,455074000,100.34,N
20201002867 - 00,20201007,행낭곡항 어촌뉴딜사업 기본 및 실시설계 용역,한국농어촌공사 경기지역본부,PQ,522713000,524573900,100.356008,도화,96.82,452830000,99.8222,N
20201002867 - 00,20201007,행낭곡항 어촌뉴딜사업 기본 및 실시설계 용역,한국농어촌공사 경기지역본부,PQ,522713000,524573900,100.356008,서영,95.64,461000000,101.5179,N
20201002838 - 00,20201007,황산도항 어촌뉴딜사업 기본 및 실시설계 용역,한국농어촌공사 경기지역본부,PQ,527169000,528548925,100.2617614,건일,98.53,457240000,99.9885,N
20201002838 - 00,20201007,황산도항 어촌뉴딜사업 기본 및 실시설계 용역,한국농어촌공사 경기지역본부,PQ,527169000,528548925,100.2617614,세일+이산,98.43,458481000,100.2598,N
20201002838 - 00,20201007,황산도항 어촌뉴딜사업 기본 및 실시설계 용역,한국농어촌공사 경기지역본부,PQ,527169000,528548925,100.2617614,건화+한종(범한+미래해양+삼기지질),97.78,461000000,100.8107,N
20201002838 - 00,20201007,황산도항 어촌뉴딜사업 기본 및 실시설계 용역,한국농어촌공사 경기지역본부,PQ,527169000,528548925,100.2617614,유신+평화,96.65,458953000,100.3399,Y
20201002838 - 00,20201007,황산도항 어촌뉴딜사업 기본 및 실시설계 용역,한국농어촌공사 경기지역본부,PQ,527169000,528548925,100.2617614,도화,96.82,456700000,99.8243,N
20201002838 - 00,20201007,황산도항 어촌뉴딜사업 기본 및 실시설계 용역,한국농어촌공사 경기지역본부,PQ,527169000,528548925,100.2617614,서영+동명,96.45,458100000,100.1188,N
20201002820 - 00,20201007,고온항 어촌뉴딜사업 기본 및 실시설계 용역,한국농어촌공사 경기지역본부,PQ,373554000,372102825,99.61152203,유신+평화,94.69,332000000,102.2563,N
20201002820 - 00,20201007,고온항 어촌뉴딜사업 기본 및 실시설계 용역,한국농어촌공사 경기지역본부,PQ,373554000,372102825,99.61152203,건화(선영+한신+삼기),92.91,324992000,99.9024,Y
20201002799 - 00,20201007,창후항 어촌뉴딜사업 기본 및 실시설계 용역,한국농어촌공사 경기지역본부,PQ,495349000,491512600,99.22551575,건일,100,431770000,100.484,N
20201002799 - 00,20201007,창후항 어촌뉴딜사업 기본 및 실시설계 용역,한국농어촌공사 경기지역본부,PQ,495349000,491512600,99.22551575,세일+이산,100,430936000,100.2899,N
20201002799 - 00,20201007,창후항 어촌뉴딜사업 기본 및 실시설계 용역,한국농어촌공사 경기지역본부,PQ,495349000,491512600,99.22551575,한종+건화(미래+드림),100,431400000,100.3978,N
20201002799 - 00,20201007,창후항 어촌뉴딜사업 기본 및 실시설계 용역,한국농어촌공사 경기지역본부,PQ,495349000,491512600,99.22551575,유신+평화,99.8,431208000,100.33,N
20201002799 - 00,20201007,창후항 어촌뉴딜사업 기본 및 실시설계 용역,한국농어촌공사 경기지역본부,PQ,495349000,491512600,99.22551575,서영+동명,99.37,428650000,99.7004,Y
20201001860 - 01,20200924,인천대공원조성사업 환경영향평가용역,인천광역시 인천대공원사업소,PQ,335500000,336988850,100.4437705,서영+동진,98.46,219500000,75.3004,N
20201001860 - 01,20200924,인천대공원조성사업 환경영향평가용역,인천광역시 인천대공원사업소,PQ,335500000,336988850,100.4437705,동일+하눌,98.36,289750000,99.3999,N
20201001860 - 01,20200924,인천대공원조성사업 환경영향평가용역,인천광역시 인천대공원사업소,PQ,335500000,336988850,100.4437705,건화+디에스+혜인,98.29,292929000,100.4789,Y
20201001860 - 01,20200924,인천대공원조성사업 환경영향평가용역,인천광역시 인천대공원사업소,PQ,335500000,336988850,100.4437705,KG+신성+효산,98.23,290633000,99.6799,N
20201001860 - 01,20200924,인천대공원조성사업 환경영향평가용역,인천광역시 인천대공원사업소,PQ,335500000,336988850,100.4437705,유신+레오,98.2,290196000,99.53,N
20201001860 - 01,20200924,인천대공원조성사업 환경영향평가용역,인천광역시 인천대공원사업소,PQ,335500000,336988850,100.4437705,동명+선진환경,98.19,294200000,100.9033,N
20201001860 - 01,20200924,인천대공원조성사업 환경영향평가용역,인천광역시 인천대공원사업소,PQ,335500000,336988850,100.4437705,도화+신일환경,98.16,293450000,100.6461,N
20201001860 - 01,20200924,인천대공원조성사업 환경영향평가용역,인천광역시 인천대공원사업소,PQ,335500000,336988850,100.4437705,동성+퍼스트,98.01,289209000,99.1801,N
20201001860 - 01,20200924,인천대공원조성사업 환경영향평가용역,인천광역시 인천대공원사업소,PQ,335500000,336988850,100.4437705,동아+IK+드림,97.99,292350000,100.2457,N
20201001860 - 01,20200924,인천대공원조성사업 환경영향평가용역,인천광역시 인천대공원사업소,PQ,335500000,336988850,100.4437705,한맥+극동+제일+중천,97.9,290360000,99.5634,N
20201001860 - 01,20200924,인천대공원조성사업 환경영향평가용역,인천광역시 인천대공원사업소,PQ,335500000,336988850,100.4437705,삼안+휴먼플래닛,97.84,293260000,100.5462,N
20201001860 - 01,20200924,인천대공원조성사업 환경영향평가용역,인천광역시 인천대공원사업소,PQ,335500000,336988850,100.4437705,평화+국토환경,97.65,293660000,100.6718,N
20201001860 - 01,20200924,인천대공원조성사업 환경영향평가용역,인천광역시 인천대공원사업소,PQ,335500000,336988850,100.4437705,다산+이산+KEE,97.49,288849000,98.9997,N
20201001860 - 01,20200924,인천대공원조성사업 환경영향평가용역,인천광역시 인천대공원사업소,PQ,335500000,336988850,100.4437705,대영+마린+화신,97.41,289489000,99.2076,N
20201001860 - 01,20200924,인천대공원조성사업 환경영향평가용역,인천광역시 인천대공원사업소,PQ,335500000,336988850,100.4437705,수성+보드플랜+라임,96.9,295240000,101.132,N
20201001860 - 01,20200924,인천대공원조성사업 환경영향평가용역,인천광역시 인천대공원사업소,PQ,335500000,336988850,100.4437705,동부+KCI,96.45,295614000,101.2136,N
20201004361 - 00,20201007,옥포 송해공원 ~ 기세교차로 간 도시계획도로 개설공사 외 2개소 통합건설사업관리용역,대구광역시 달성군,PQ,927000000,932965300,100.6435059,극동+유한,100,795945000,100.4298,N
20201004361 - 00,20201007,옥포 송해공원 ~ 기세교차로 간 도시계획도로 개설공사 외 2개소 통합건설사업관리용역,대구광역시 달성군,PQ,927000000,932965300,100.6435059,한도+동우,99.91,791770000,99.8796,N
20201004361 - 00,20201007,옥포 송해공원 ~ 기세교차로 간 도시계획도로 개설공사 외 2개소 통합건설사업관리용역,대구광역시 달성군,PQ,927000000,932965300,100.6435059,이산+대성,99.72,797567000,100.5521,N
20201004361 - 00,20201007,옥포 송해공원 ~ 기세교차로 간 도시계획도로 개설공사 외 2개소 통합건설사업관리용역,대구광역시 달성군,PQ,927000000,932965300,100.6435059,서영+보원,99.7,785700000,99.056,N
20201004361 - 00,20201007,옥포 송해공원 ~ 기세교차로 간 도시계획도로 개설공사 외 2개소 통합건설사업관리용역,대구광역시 달성군,PQ,927000000,932965300,100.6435059,삼보+유성,99.63,789000000,99.4488,N
20201004361 - 00,20201007,옥포 송해공원 ~ 기세교차로 간 도시계획도로 개설공사 외 2개소 통합건설사업관리용역,대구광역시 달성군,PQ,927000000,932965300,100.6435059,건화+유성(청이엔지),99.62,789800000,99.5497,N
20201004361 - 00,20201007,옥포 송해공원 ~ 기세교차로 간 도시계획도로 개설공사 외 2개소 통합건설사업관리용역,대구광역시 달성군,PQ,927000000,932965300,100.6435059,수성+씨엠,99.62,800360000,100.8807,Y
20201004361 - 00,20201007,옥포 송해공원 ~ 기세교차로 간 도시계획도로 개설공사 외 2개소 통합건설사업관리용역,대구광역시 달성군,PQ,927000000,932965300,100.6435059,도화+한백,99.42,786600000,99.1,N
20201004361 - 00,20201007,옥포 송해공원 ~ 기세교차로 간 도시계획도로 개설공사 외 2개소 통합건설사업관리용역,대구광역시 달성군,PQ,927000000,932965300,100.6435059,동성+경림,99.22,786266000,99.0001,N
20201004361 - 00,20201007,옥포 송해공원 ~ 기세교차로 간 도시계획도로 개설공사 외 2개소 통합건설사업관리용역,대구광역시 달성군,PQ,927000000,932965300,100.6435059,제일+창일,98.84,798900000,100.497,N
20201004361 - 00,20201007,옥포 송해공원 ~ 기세교차로 간 도시계획도로 개설공사 외 2개소 통합건설사업관리용역,대구광역시 달성군,PQ,927000000,932965300,100.6435059,용마+가람,98.66,830000000,104.3606,N
20201004591 - 02,20201007,도초 월포천 외 1개소(압해 신용천) 정비사업 실시설계 용역,전라남도 신안군,PQ,625900000,623197725,99.56825771,평화,97.38,540190000,100.2685,N
20201004591 - 02,20201007,도초 월포천 외 1개소(압해 신용천) 정비사업 실시설계 용역,전라남도 신안군,PQ,625900000,623197725,99.56825771,도화+선우+원우,97.3,543900000,100.9337,N
20201004591 - 02,20201007,도초 월포천 외 1개소(압해 신용천) 정비사업 실시설계 용역,전라남도 신안군,PQ,625900000,623197725,99.56825771,다산+우리,97.26,538390000,99.8996,N
20201004591 - 02,20201007,도초 월포천 외 1개소(압해 신용천) 정비사업 실시설계 용역,전라남도 신안군,PQ,625900000,623197725,99.56825771,KSM,97.18,537409000,99.6944,Y
20201004591 - 02,20201007,도초 월포천 외 1개소(압해 신용천) 정비사업 실시설계 용역,전라남도 신안군,PQ,625900000,623197725,99.56825771,건화(서영정보),97.17,545500000,101.1954,N
20201004591 - 02,20201007,도초 월포천 외 1개소(압해 신용천) 정비사업 실시설계 용역,전라남도 신안군,PQ,625900000,623197725,99.56825771,동부+우빈,97.12,538043000,99.8004,N
20201004591 - 02,20201007,도초 월포천 외 1개소(압해 신용천) 정비사업 실시설계 용역,전라남도 신안군,PQ,625900000,623197725,99.56825771,한종+신오,97,534400000,99.1017,N
20201004591 - 02,20201007,도초 월포천 외 1개소(압해 신용천) 정비사업 실시설계 용역,전라남도 신안군,PQ,625900000,623197725,99.56825771,KG+한기,96.84,547690000,101.5191,N
20201004591 - 02,20201007,도초 월포천 외 1개소(압해 신용천) 정비사업 실시설계 용역,전라남도 신안군,PQ,625900000,623197725,99.56825771,화신+산이,94.33,558558000,102.8771,N
2020-0443-00,20201007,오성근린공원 조성사업 기본 및 실시설계용역 ,인천국제공항공사,PQ,1110120000,1108273148,99.83363492,KG+유신,97.01,901655000,100.0202,Y
2020-0443-00,20201007,오성근린공원 조성사업 기본 및 실시설계용역 ,인천국제공항공사,PQ,1110120000,1108273148,99.83363492,도화+동부,96.42,901655000,99.4081,N
2020-0443-00,20201007,오성근린공원 조성사업 기본 및 실시설계용역 ,인천국제공항공사,PQ,1110120000,1108273148,99.83363492,한종+동일,96.2,919900000,101.2338,N
2020-0443-00,20201007,오성근린공원 조성사업 기본 및 실시설계용역 ,인천국제공항공사,PQ,1110120000,1108273148,99.83363492,건화(테크피아),95.8,924400000,101.3822,N
2020-0443-00,20201007,오성근린공원 조성사업 기본 및 실시설계용역 ,인천국제공항공사,PQ,1110120000,1108273148,99.83363492,선진,95.3,925110000,101.0296,N
20201005124 - 00,20201007,강원도 지방하천 종합정비계획 수립 용역,강원도,PQ,1180000000,1181920450,100.16275,KG+정+정원,100,922365000,100.2199,N
20201005124 - 00,20201007,강원도 지방하천 종합정비계획 수립 용역,강원도,PQ,1180000000,1181920450,100.16275,한종+동남+지호,100,922300000,100.2129,Y
20201005124 - 00,20201007,강원도 지방하천 종합정비계획 수립 용역,강원도,PQ,1180000000,1181920450,100.16275,동부+삼경+하나,100,919886000,99.9506,N
20201005124 - 00,20201007,강원도 지방하천 종합정비계획 수립 용역,강원도,PQ,1180000000,1181920450,100.16275,도화+서광+청솔,100,921220000,100.0955,N
20201005124 - 00,20201007,강원도 지방하천 종합정비계획 수립 용역,강원도,PQ,1180000000,1181920450,100.16275,KSM+삼주+현산,99.88,924990000,100.4022,N
20201005124 - 00,20201007,강원도 지방하천 종합정비계획 수립 용역,강원도,PQ,1180000000,1181920450,100.16275,이산+경원+한울,99.88,912000000,98.9922,N
20201005124 - 00,20201007,강원도 지방하천 종합정비계획 수립 용역,강원도,PQ,1180000000,1181920450,100.16275,다산+서윤+성우,99.85,913965000,99.1801,N
20201005124 - 00,20201007,강원도 지방하천 종합정비계획 수립 용역,강원도,PQ,1180000000,1181920450,100.16275,극동+강원길+대상,99.84,928182000,100.7099,N
20201005124 - 00,20201007,강원도 지방하천 종합정비계획 수립 용역,강원도,PQ,1180000000,1181920450,100.16275,동성+동명+대성+서경,99.83,927999000,100.6901,N
20201005124 - 00,20201007,강원도 지방하천 종합정비계획 수립 용역,강원도,PQ,1180000000,1181920450,100.16275,삼안+진화+한맥,99.7,914650000,99.1275,N
20201005124 - 00,20201007,강원도 지방하천 종합정비계획 수립 용역,강원도,PQ,1180000000,1181920450,100.16275,평화+동해+유비,99.34,941300000,101.7165,N
20201005124 - 00,20201007,강원도 지방하천 종합정비계획 수립 용역,강원도,PQ,1180000000,1181920450,100.16275,화신+KCI+강동+국일,99.33,912928000,98.6507,N
20201005124 - 00,20201007,강원도 지방하천 종합정비계획 수립 용역,강원도,PQ,1180000000,1181920450,100.16275,건화+동서+고려,99.18,948800000,102.3964,N
20201005124 - 00,20201007,강원도 지방하천 종합정비계획 수립 용역,강원도,PQ,1180000000,1181920450,100.16275,유신+동성(주)+이레,97.46,1085700000,115.5522,N
20201005344 - 00,20201007,담양 보촌지구 도시개발사업 환경영향평가용역,전남개발공사,PQ,873775000,871400575,99.7282567,수성+신명+세종,99.2,752125000,100.47,N
20201005344 - 00,20201007,담양 보촌지구 도시개발사업 환경영향평가용역,전남개발공사,PQ,873775000,871400575,99.7282567,동명+동아+우신,98.97,747174000,99.7504,Y
20201005344 - 00,20201007,담양 보촌지구 도시개발사업 환경영향평가용역,전남개발공사,PQ,873775000,871400575,99.7282567,평화+신성+양지,98.96,747395000,99.7799,N
20201005344 - 00,20201007,담양 보촌지구 도시개발사업 환경영향평가용역,전남개발공사,PQ,873775000,871400575,99.7282567,유신+대현,98.94,749865000,100.098,N
20201005344 - 00,20201007,담양 보촌지구 도시개발사업 환경영향평가용역,전남개발공사,PQ,873775000,871400575,99.7282567,서영+하우+원,98.78,754900000,100.7348,N
20201005344 - 00,20201007,담양 보촌지구 도시개발사업 환경영향평가용역,전남개발공사,PQ,873775000,871400575,99.7282567,도화+동진,98.68,756240000,100.8784,N
20201005344 - 00,20201007,담양 보촌지구 도시개발사업 환경영향평가용역,전남개발공사,PQ,873775000,871400575,99.7282567,동성+우리이엔지,98.61,745990000,99.4995,N
20201005344 - 00,20201007,담양 보촌지구 도시개발사업 환경영향평가용역,전남개발공사,PQ,873775000,871400575,99.7282567,다산+이에스,98.51,752767000,100.38,N
20201005344 - 00,20201007,담양 보촌지구 도시개발사업 환경영향평가용역,전남개발공사,PQ,873775000,871400575,99.7282567,건화+상원+정원,98.47,741700000,98.8927,N
20201005344 - 00,20201007,담양 보촌지구 도시개발사업 환경영향평가용역,전남개발공사,PQ,873775000,871400575,99.7282567,KG+신오+선진+퍼스트,98.46,742900000,99.0527,N
20201005344 - 00,20201007,담양 보촌지구 도시개발사업 환경영향평가용역,전남개발공사,PQ,873775000,871400575,99.7282567,천일+건일+하이콘+CNS,98.33,757470000,100.9601,N
20201005344 - 00,20201007,담양 보촌지구 도시개발사업 환경영향평가용역,전남개발공사,PQ,873775000,871400575,99.7282567,삼안+한솔+레오,98.16,742940000,98.9773,N
20201005344 - 00,20201007,담양 보촌지구 도시개발사업 환경영향평가용역,전남개발공사,PQ,873775000,871400575,99.7282567,한맥+일월+제일,98.08,741550000,98.7691,N
20201005344 - 00,20201007,담양 보촌지구 도시개발사업 환경영향평가용역,전남개발공사,PQ,873775000,871400575,99.7282567,동일+서남+영훈,97.89,762300000,101.4857,N
20201005344 - 00,20201007,담양 보촌지구 도시개발사업 환경영향평가용역,전남개발공사,PQ,873775000,871400575,99.7282567,이산+성호+엔탑,97.42,742200000,98.6949,N
20201005344 - 00,20201007,담양 보촌지구 도시개발사업 환경영향평가용역,전남개발공사,PQ,873775000,871400575,99.7282567,홍익+세원+DS,97.04,0,0,N
20201005320 - 00,20201007,포천(지선)처리구역등 5개소 하수관로 불명수 저감사업 기본 및 실시설계용역,경기도 포천시 안전도시국 상하수과,PQ,863346000,862396375,99.89000644,선진+이산,98.96,739200000,99.8779,N
20201005320 - 00,20201007,포천(지선)처리구역등 5개소 하수관로 불명수 저감사업 기본 및 실시설계용역,경기도 포천시 안전도시국 상하수과,PQ,863346000,862396375,99.89000644,KG+유신,98.38,736630000,99.38,N
20201005320 - 00,20201007,포천(지선)처리구역등 5개소 하수관로 불명수 저감사업 기본 및 실시설계용역,경기도 포천시 안전도시국 상하수과,PQ,863346000,862396375,99.89000644,제일+경호+건영,98.3,739470000,99.7399,N
20201005320 - 00,20201007,포천(지선)처리구역등 5개소 하수관로 불명수 저감사업 기본 및 실시설계용역,경기도 포천시 안전도시국 상하수과,PQ,863346000,862396375,99.89000644,한종+도화,98.1,740600000,99.8458,N
20201005320 - 00,20201007,포천(지선)처리구역등 5개소 하수관로 불명수 저감사업 기본 및 실시설계용역,경기도 포천시 안전도시국 상하수과,PQ,863346000,862396375,99.89000644,범한+서영,98,738450000,99.5328,N
20201005320 - 00,20201007,포천(지선)처리구역등 5개소 하수관로 불명수 저감사업 기본 및 실시설계용역,경기도 포천시 안전도시국 상하수과,PQ,863346000,862396375,99.89000644,건화+우진,97.8,734200000,98.9024,N
20201005320 - 00,20201007,포천(지선)처리구역등 5개소 하수관로 불명수 저감사업 기본 및 실시설계용역,경기도 포천시 안전도시국 상하수과,PQ,863346000,862396375,99.89000644,건양+동부+KCI,97.7,749200000,100.8995,Y
20201005320 - 00,20201007,포천(지선)처리구역등 5개소 하수관로 불명수 저감사업 기본 및 실시설계용역,경기도 포천시 안전도시국 상하수과,PQ,863346000,862396375,99.89000644,한맥+삼안,97.6,735284000,99.0024,N
20201005320 - 00,20201007,포천(지선)처리구역등 5개소 하수관로 불명수 저감사업 기본 및 실시설계용역,경기도 포천시 안전도시국 상하수과,PQ,863346000,862396375,99.89000644,동명+경동,97.5,756890000,101.8878,N
20201005320 - 00,20201007,포천(지선)처리구역등 5개소 하수관로 불명수 저감사업 기본 및 실시설계용역,경기도 포천시 안전도시국 상하수과,PQ,863346000,862396375,99.89000644,화신+용마,95.43,772662000,103.4579,N
2020-02-000601-01,20201007,경전선 보성~명봉 등 8개소 재해예방공사 감독 권한대행 등 건설사업관리용역,국가철도공단,PQ,1390407000,1389801720,99.95646742,동명+서현,100,1083400000,99.9034,N
2020-02-000601-01,20201007,경전선 보성~명봉 등 8개소 재해예방공사 감독 권한대행 등 건설사업관리용역,국가철도공단,PQ,1390407000,1389801720,99.95646742,KRTC,100,1090950000,100.5996,Y
2020-02-000601-01,20201007,경전선 보성~명봉 등 8개소 재해예방공사 감독 권한대행 등 건설사업관리용역,국가철도공단,PQ,1390407000,1389801720,99.95646742,유신,99.95,1083997000,99.92,N
2020-02-000601-01,20201007,경전선 보성~명봉 등 8개소 재해예방공사 감독 권한대행 등 건설사업관리용역,국가철도공단,PQ,1390407000,1389801720,99.95646742,다산+한종,99.86,1100999900,101.3963,N
2020-02-000601-01,20201007,경전선 보성~명봉 등 8개소 재해예방공사 감독 권한대행 등 건설사업관리용역,국가철도공단,PQ,1390407000,1389801720,99.95646742,태조+도화,99.74,1081234000,99.4741,N
2020-02-000601-01,20201007,경전선 보성~명봉 등 8개소 재해예방공사 감독 권한대행 등 건설사업관리용역,국가철도공단,PQ,1390407000,1389801720,99.95646742,신성+선구,99.31,1104680000,101.2426,N
2020-02-000601-01,20201007,경전선 보성~명봉 등 8개소 재해예방공사 감독 권한대행 등 건설사업관리용역,국가철도공단,PQ,1390407000,1389801720,99.95646742,글로벌건설+서영+건화,99.26,1103726000,101.1036,N
2020-02-000601-01,20201007,경전선 보성~명봉 등 8개소 재해예방공사 감독 권한대행 등 건설사업관리용역,국가철도공단,PQ,1390407000,1389801720,99.95646742,신승+진우+대건,97.39,1330000000,119.8314,N
원주지방국토관리청 공고 제2020 - 92호,20201007,원주천 관설지구 하천정비사업 실시설계용역 ,원주지방국토관리청,PQ,681000000,680235650,99.88776065,이산+서광,98.76,575500000,101.2861,N
원주지방국토관리청 공고 제2020 - 92호,20201007,원주천 관설지구 하천정비사업 실시설계용역 ,원주지방국토관리청,PQ,681000000,680235650,99.88776065,KSM+신명,98.59,568600000,99.9998,Y
원주지방국토관리청 공고 제2020 - 92호,20201007,원주천 관설지구 하천정비사업 실시설계용역 ,원주지방국토관리청,PQ,681000000,680235650,99.88776065,다산+삼보,98.45,567849700,99.8201,N
원주지방국토관리청 공고 제2020 - 92호,20201007,원주천 관설지구 하천정비사업 실시설계용역 ,원주지방국토관리청,PQ,681000000,680235650,99.88776065,동성,98.2,571500000,100.3536,N
원주지방국토관리청 공고 제2020 - 92호,20201007,원주천 판부지구 하천정비사업 실시설계용역 ,원주지방국토관리청,PQ,806000000,797674050,98.96700372,삼안+경원,98.45,693000000,102.9271,N
원주지방국토관리청 공고 제2020 - 92호,20201007,원주천 판부지구 하천정비사업 실시설계용역 ,원주지방국토관리청,PQ,806000000,797674050,98.96700372,유신+수성,98.25,673911000,100.0081,Y
원주지방국토관리청 공고 제2020 - 92호,20201007,홍천강 개야지구 하천정비사업 실시설계용역 ,원주지방국토관리청,PQ,684000000,683885475,99.98325658,도화+동남,98.35,573482000,100.3199,Y
원주지방국토관리청 공고 제2020 - 92호,20201007,홍천강 개야지구 하천정비사업 실시설계용역 ,원주지방국토관리청,PQ,684000000,683885475,99.98325658,극동+한기,98.3,570806000,99.8279,N
원주지방국토관리청 공고 제2020 - 92호,20201007,홍천강 개야지구 하천정비사업 실시설계용역 ,원주지방국토관리청,PQ,684000000,683885475,99.98325658,동부+삼경,98.24,586300000,102.5132,N
원주지방국토관리청 공고 제2020 - 92호,20201007,홍천강 반곡지구 하천정비사업 실시설계용역 ,원주지방국토관리청,PQ,808000000,812238000,100.524505,화신+동명,98.45,676988000,100.3,N
원주지방국토관리청 공고 제2020 - 92호,20201007,홍천강 반곡지구 하천정비사업 실시설계용역 ,원주지방국토관리청,PQ,808000000,812238000,100.524505,한종+서영,98.28,674100000,99.8005,N
원주지방국토관리청 공고 제2020 - 92호,20201007,홍천강 반곡지구 하천정비사업 실시설계용역 ,원주지방국토관리청,PQ,808000000,812238000,100.524505,건화+KCI+경호(테크피아+지우),98.25,681480000,100.881,N
원주지방국토관리청 공고 제2020 - 92호,20201007,홍천강 반곡지구 하천정비사업 실시설계용역 ,원주지방국토관리청,PQ,808000000,812238000,100.524505,KG+정,97.9,674210000,99.6499,N
원주지방국토관리청 공고 제2020 - 92호,20201007,홍천강 반곡지구 하천정비사업 실시설계용역 ,원주지방국토관리청,PQ,808000000,812238000,100.524505,평화+건일,97.8,680400000,100.5288,Y
20201006278 - 00,20201008,강화군 노후상수도 정비사업 기본 및 실시설계용역,인천광역시 상수도사업본부,PQ,1446346000,1446986075,100.0442546,건화+극동(지오로직스+선영+JSDNP),100,1138700000,100.9416,Y
20201006278 - 00,20201008,강화군 노후상수도 정비사업 기본 및 실시설계용역,인천광역시 상수도사업본부,PQ,1446346000,1446986075,100.0442546,한종+바우+경동,99.92,1124500000,99.6062,N
20201006278 - 00,20201008,강화군 노후상수도 정비사업 기본 및 실시설계용역,인천광역시 상수도사업본부,PQ,1446346000,1446986075,100.0442546,삼안+브니엘,99.33,1126290000,99.2941,N
20201006278 - 00,20201008,강화군 노후상수도 정비사업 기본 및 실시설계용역,인천광역시 상수도사업본부,PQ,1446346000,1446986075,100.0442546,제일+HEC+도담,96.97,1360000000,117.6332,N
20201006353 - 02,20201008,창우항 어촌뉴딜300사업 기본 및 실시설계 용역 ,전라남도 영광군,PQ,610300000,611323825,100.1677577,세광+하이콘,97.14,528780000,100.601,N
20201006353 - 02,20201008,창우항 어촌뉴딜300사업 기본 및 실시설계 용역 ,전라남도 영광군,PQ,610300000,611323825,100.1677577,유신+평화,96.91,524875000,99.8002,N
20201006353 - 02,20201008,창우항 어촌뉴딜300사업 기본 및 실시설계 용역 ,전라남도 영광군,PQ,610300000,611323825,100.1677577,대영+에스이,96.65,523950000,99.555,N
20201006353 - 02,20201008,창우항 어촌뉴딜300사업 기본 및 실시설계 용역 ,전라남도 영광군,PQ,610300000,611323825,100.1677577,건화+한기(한림+삼기지질+미래해양),96.07,528690000,100.3044,Y
20201006353 - 02,20201008,창우항 어촌뉴딜300사업 기본 및 실시설계 용역 ,전라남도 영광군,PQ,610300000,611323825,100.1677577,한종+신오,94.97,536500000,101.5041,N
20201006353 - 02,20201008,창우항 어촌뉴딜300사업 기본 및 실시설계 용역 ,전라남도 영광군,PQ,610300000,611323825,100.1677577,서영+산하+우영,94.41,522950000,98.8035,N
20201006353 - 02,20201008,창우항 어촌뉴딜300사업 기본 및 실시설계 용역 ,전라남도 영광군,PQ,610300000,611323825,100.1677577,아라+지오플랜,91.25,546000000,102.3325,N
20201006974 - 00,20201008,광양 인서지구 도시개발사업 전략 및 환경영향평가 용역,전라남도 광양시,PQ,581000000,580747325,99.95651033,도화+대현,99.91,499440000,100.5229,N
20201006974 - 00,20201008,광양 인서지구 도시개발사업 전략 및 환경영향평가 용역,전라남도 광양시,PQ,581000000,580747325,99.95651033,홍익+한기+신일,99.57,496577000,99.8532,N
20201006974 - 00,20201008,광양 인서지구 도시개발사업 전략 및 환경영향평가 용역,전라남도 광양시,PQ,581000000,580747325,99.95651033,수성+신명+세종,99.35,498740000,100.2296,Y
20201006974 - 00,20201008,광양 인서지구 도시개발사업 전략 및 환경영향평가 용역,전라남도 광양시,PQ,581000000,580747325,99.95651033,이산+동아+휴먼,99.27,492740000,99.0007,N
20201006974 - 00,20201008,광양 인서지구 도시개발사업 전략 및 환경영향평가 용역,전라남도 광양시,PQ,581000000,580747325,99.95651033,서영+신오+퍼스트,99.07,501800000,100.774,N
20201006974 - 00,20201008,광양 인서지구 도시개발사업 전략 및 환경영향평가 용역,전라남도 광양시,PQ,581000000,580747325,99.95651033,동명+동진+상원,98.85,493150000,98.9791,N
20201006974 - 00,20201008,광양 인서지구 도시개발사업 전략 및 환경영향평가 용역,전라남도 광양시,PQ,581000000,580747325,99.95651033,다산+이에스,98.57,494560000,99.1927,N
20201006974 - 00,20201008,광양 인서지구 도시개발사업 전략 및 환경영향평가 용역,전라남도 광양시,PQ,581000000,580747325,99.95651033,동성+우리,98.26,504880000,101.18,N
20201006974 - 00,20201008,광양 인서지구 도시개발사업 전략 및 환경영향평가 용역,전라남도 광양시,PQ,581000000,580747325,99.95651033,삼안+건화+한솔,97.91,494230000,98.965,N
20201006974 - 00,20201008,광양 인서지구 도시개발사업 전략 및 환경영향평가 용역,전라남도 광양시,PQ,581000000,580747325,99.95651033,경동+서남,97.21,509778000,101.8887,N
20201006974 - 00,20201008,광양 인서지구 도시개발사업 전략 및 환경영향평가 용역,전라남도 광양시,PQ,581000000,580747325,99.95651033,평화+선진+우신,97.1,494200000,98.7522,N
20201006974 - 00,20201008,광양 인서지구 도시개발사업 전략 및 환경영향평가 용역,전라남도 광양시,PQ,581000000,580747325,99.95651033,KG+한맥+일월,94.8,510355000,101.3801,N
20201007746 - 00,20201012,시흥시 스마트허브 하수관로 정비사업(3권역) 실시설계용역,경기도 시흥시,PQ,1126000000,1146422850,101.8137522,KG+KCI,98.74,892850000,100.6205,N
20201007746 - 00,20201012,시흥시 스마트허브 하수관로 정비사업(3권역) 실시설계용역,경기도 시흥시,PQ,1126000000,1146422850,101.8137522,삼안+경수,98.2,890340000,99.8939,N
20201007746 - 00,20201012,시흥시 스마트허브 하수관로 정비사업(3권역) 실시설계용역,경기도 시흥시,PQ,1126000000,1146422850,101.8137522,이산+도화,98,899899000,100.8136,N
20201007746 - 00,20201012,시흥시 스마트허브 하수관로 정비사업(3권역) 실시설계용역,경기도 시흥시,PQ,1126000000,1146422850,101.8137522,선진+경동+유신,97.9,901700000,100.9262,N
20201007746 - 00,20201012,시흥시 스마트허브 하수관로 정비사업(3권역) 실시설계용역,경기도 시흥시,PQ,1126000000,1146422850,101.8137522,건화+정(선영),97.8,884800000,98.9598,N
20201007746 - 00,20201012,시흥시 스마트허브 하수관로 정비사업(3권역) 실시설계용역,경기도 시흥시,PQ,1126000000,1146422850,101.8137522,동명+천마,97.69,907420000,101.4003,N
20201007746 - 00,20201012,시흥시 스마트허브 하수관로 정비사업(3권역) 실시설계용역,경기도 시흥시,PQ,1126000000,1146422850,101.8137522,제일+서영,97.4,885800000,98.7483,N
20201007746 - 00,20201012,시흥시 스마트허브 하수관로 정비사업(3권역) 실시설계용역,경기도 시흥시,PQ,1126000000,1146422850,101.8137522,한종+범한,97.1,920000000,102.3169,Y
20201007190 - 00,20201012,"죽백, 청룡, 월곡처리분구 하수관로 정비공사 외 2개사업 통합건설사업관리용역(개찰1순위)",경기도 평택시 상하수도사업소,PQ,2841900000,2872059725,101.0612522,이산+태성,100,2222900000,100.2869,N
20201007190 - 00,20201012,"죽백, 청룡, 월곡처리분구 하수관로 정비공사 외 2개사업 통합건설사업관리용역(개찰1순위)",경기도 평택시 상하수도사업소,PQ,2841900000,2872059725,101.0612522,동명+KG+하이콘,99.67,2217400000,99.7574,N
20201007190 - 00,20201012,"죽백, 청룡, 월곡처리분구 하수관로 정비공사 외 2개사업 통합건설사업관리용역(개찰1순위)",경기도 평택시 상하수도사업소,PQ,2841900000,2872059725,101.0612522,삼안+정,99.67,2222770000,99.999,N
20201007190 - 00,20201012,"죽백, 청룡, 월곡처리분구 하수관로 정비공사 외 2개사업 통합건설사업관리용역(개찰1순위)",경기도 평택시 상하수도사업소,PQ,2841900000,2872059725,101.0612522,건화+천일+경화,99.63,2216600000,99.6959,N
20201007190 - 00,20201012,"죽백, 청룡, 월곡처리분구 하수관로 정비공사 외 2개사업 통합건설사업관리용역(개찰1순위)",경기도 평택시 상하수도사업소,PQ,2841900000,2872059725,101.0612522,한종+수성,99.46,2250800000,101.092,Y
20201007190 - 00,20201012,"죽백, 청룡, 월곡처리분구 하수관로 정비공사 외 2개사업 통합건설사업관리용역(개찰1순위)",경기도 평택시 상하수도사업소,PQ,2841900000,2872059725,101.0612522,선진+용마+세원,99.41,2208990000,99.1762,N
20201007190 - 00,20201012,"죽백, 청룡, 월곡처리분구 하수관로 정비공사 외 2개사업 통합건설사업관리용역(개찰1순위)",경기도 평택시 상하수도사업소,PQ,2841900000,2872059725,101.0612522,도화+경호,99.31,2256100000,101.2009,N
20201007190 - 00,20201012,"죽백, 청룡, 월곡처리분구 하수관로 정비공사 외 2개사업 통합건설사업관리용역(개찰1순위)",경기도 평택시 상하수도사업소,PQ,2841900000,2872059725,101.0612522,범한+서영,99.28,2203000000,98.7938,N
20201007190 - 00,20201012,"죽백, 청룡, 월곡처리분구 하수관로 정비공사 외 2개사업 통합건설사업관리용역(개찰1순위)",경기도 평택시 상하수도사업소,PQ,2841900000,2872059725,101.0612522,제일+목양+유신,99.13,2263700000,101.3996,N
20201007190 - 00,20201012,"죽백, 청룡, 월곡처리분구 하수관로 정비공사 외 2개사업 통합건설사업관리용역(개찰1순위)",경기도 평택시 상하수도사업소,PQ,2841900000,2872059725,101.0612522,동부+세명,99.12,2261765000,101.3,N
20201007190 - 00,20201012,"죽백, 청룡, 월곡처리분구 하수관로 정비공사 외 2개사업 통합건설사업관리용역(개찰1순위)",경기도 평택시 상하수도사업소,PQ,2841900000,2872059725,101.0612522,신명+다음+국성,99.06,2271852000,101.7,N
20201007190 - 00,20201012,"죽백, 청룡, 월곡처리분구 하수관로 정비공사 외 2개사업 통합건설사업관리용역(개찰1순위)",경기도 평택시 상하수도사업소,PQ,2841900000,2872059725,101.0612522,동성+신성+태조,98.65,2557700000,114.1186,N
20201007190 - 00,20201012,화양지구 오수연계관로 및 중계펌프장 설치공사 건설사업 관리용역(개찰2순위),경기도 평택시 상하수도사업소,PQ,2156900000,2167204650,100.4777528,건화+천일+경화,100,1692300000,100.596,Y
20201007190 - 00,20201012,화양지구 오수연계관로 및 중계펌프장 설치공사 건설사업 관리용역(개찰2순위),경기도 평택시 상하수도사업소,PQ,2156900000,2167204650,100.4777528,삼안+정,99.82,1685970000,100.0657,N
20201007190 - 00,20201012,화양지구 오수연계관로 및 중계펌프장 설치공사 건설사업 관리용역(개찰2순위),경기도 평택시 상하수도사업소,PQ,2156900000,2167204650,100.4777528,동명+KG+하이콘,99.81,1695500000,100.6185,N
20201007190 - 00,20201012,화양지구 오수연계관로 및 중계펌프장 설치공사 건설사업 관리용역(개찰2순위),경기도 평택시 상하수도사업소,PQ,2156900000,2167204650,100.4777528,이산+태성,99.81,1683780000,99.923,N
20201007190 - 00,20201012,화양지구 오수연계관로 및 중계펌프장 설치공사 건설사업 관리용역(개찰2순위),경기도 평택시 상하수도사업소,PQ,2156900000,2167204650,100.4777528,한종+수성,99.75,1700900000,100.9002,N
20201007190 - 00,20201012,화양지구 오수연계관로 및 중계펌프장 설치공사 건설사업 관리용역(개찰2순위),경기도 평택시 상하수도사업소,PQ,2156900000,2167204650,100.4777528,도화+경호,99.74,1706220000,101.2028,N
20201007190 - 00,20201012,화양지구 오수연계관로 및 중계펌프장 설치공사 건설사업 관리용역(개찰2순위),경기도 평택시 상하수도사업소,PQ,2156900000,2167204650,100.4777528,선진+용마+세원,99.69,1676900000,99.4256,N
20201007190 - 00,20201012,화양지구 오수연계관로 및 중계펌프장 설치공사 건설사업 관리용역(개찰2순위),경기도 평택시 상하수도사업소,PQ,2156900000,2167204650,100.4777528,범한+서영,99.64,1674500000,99.2325,N
20201007190 - 00,20201012,화양지구 오수연계관로 및 중계펌프장 설치공사 건설사업 관리용역(개찰2순위),경기도 평택시 상하수도사업소,PQ,2156900000,2167204650,100.4777528,신명+다음+국성,99.49,1711354000,101.3,N
20201007190 - 00,20201012,화양지구 오수연계관로 및 중계펌프장 설치공사 건설사업 관리용역(개찰2순위),경기도 평택시 상하수도사업소,PQ,2156900000,2167204650,100.4777528,동부+세명,99.43,1712238000,101.3006,N
20201007190 - 00,20201012,화양지구 오수연계관로 및 중계펌프장 설치공사 건설사업 관리용역(개찰2순위),경기도 평택시 상하수도사업소,PQ,2156900000,2167204650,100.4777528,제일+목양+유신,99.43,1715600000,101.4995,N
20201007190 - 00,20201012,화양지구 오수연계관로 및 중계펌프장 설치공사 건설사업 관리용역(개찰2순위),경기도 평택시 상하수도사업소,PQ,2156900000,2167204650,100.4777528,동성+신성+태조,98.94,1942000000,114.4412,N
20201007189 - 00,20201012,고덕공공하수처리시설 총인처리시설공사 기본 및 실시설계용역,경기도 평택시 상하수도사업소,PQ,569100000,567702900,99.75450712,범한+서영,100,486550000,99.9996,Y
20201007189 - 00,20201012,고덕공공하수처리시설 총인처리시설공사 기본 및 실시설계용역,경기도 평택시 상하수도사업소,PQ,569100000,567702900,99.75450712,이산+동명,99.85,487000000,100.0453,N
20201007189 - 00,20201012,고덕공공하수처리시설 총인처리시설공사 기본 및 실시설계용역,경기도 평택시 상하수도사업소,PQ,569100000,567702900,99.75450712,삼안+태조,99.78,489940000,100.6375,N
20201007189 - 00,20201012,고덕공공하수처리시설 총인처리시설공사 기본 및 실시설계용역,경기도 평택시 상하수도사업소,PQ,569100000,567702900,99.75450712,건화+우진,99.63,484800000,99.5351,N
20201007189 - 00,20201012,고덕공공하수처리시설 총인처리시설공사 기본 및 실시설계용역,경기도 평택시 상하수도사업소,PQ,569100000,567702900,99.75450712,KG+보람,99.52,491514000,100.89,N
20201007189 - 00,20201012,고덕공공하수처리시설 총인처리시설공사 기본 및 실시설계용역,경기도 평택시 상하수도사업소,PQ,569100000,567702900,99.75450712,한종+정,99.34,484600000,99.4244,N
20201007189 - 00,20201012,고덕공공하수처리시설 총인처리시설공사 기본 및 실시설계용역,경기도 평택시 상하수도사업소,PQ,569100000,567702900,99.75450712,선진+평화,99.05,494230000,101.3291,N
20201007189 - 00,20201012,고덕공공하수처리시설 총인처리시설공사 기본 및 실시설계용역,경기도 평택시 상하수도사업소,PQ,569100000,567702900,99.75450712,경동+경호,98.92,482899000,98.9714,N
20201007189 - 00,20201012,고덕공공하수처리시설 총인처리시설공사 기본 및 실시설계용역,경기도 평택시 상하수도사업소,PQ,569100000,567702900,99.75450712,화신+용마,94,507550000,102.7296,N
20201007611 - 00,20201012,영일만4 일반산업단지 계획(변경) 용역,경상북도 포항시,PQ,1438690000,1442045775,100.2332521,도화+해동,97.9,1208500000,105.8668,Y
20201007611 - 00,20201012,영일만4 일반산업단지 계획(변경) 용역,경상북도 포항시,PQ,1438690000,1442045775,100.2332521,삼안+명성,95.57,1151095000,98.9793,N
20201007611 - 00,20201012,영일만4 일반산업단지 계획(변경) 용역,경상북도 포항시,PQ,1438690000,1442045775,100.2332521,건화+청우(휴우림),88.7,1248000000,101.7723,N
20201007472 - 02,20201012,월곶 하수처리시설 증설사업 건설사업관리용역,경기도 김포시 상하수도사업소,PQ,856716000,847662700,98.94325541,건양+신성,100,733767000,100.1799,N
20201007472 - 02,20201012,월곶 하수처리시설 증설사업 건설사업관리용역,경기도 김포시 상하수도사업소,PQ,856716000,847662700,98.94325541,동성+오이디,99.95,731000000,99.7788,N
20201007472 - 02,20201012,월곶 하수처리시설 증설사업 건설사업관리용역,경기도 김포시 상하수도사업소,PQ,856716000,847662700,98.94325541,도화+서영,99.9,731100000,99.7808,N
20201007472 - 02,20201012,월곶 하수처리시설 증설사업 건설사업관리용역,경기도 김포시 상하수도사업소,PQ,856716000,847662700,98.94325541,동일+이산,99.8,738000000,100.6989,N
20201007472 - 02,20201012,월곶 하수처리시설 증설사업 건설사업관리용역,경기도 김포시 상하수도사업소,PQ,856716000,847662700,98.94325541,한종+동진,99.7,736800000,100.5117,N
20201007472 - 02,20201012,월곶 하수처리시설 증설사업 건설사업관리용역,경기도 김포시 상하수도사업소,PQ,856716000,847662700,98.94325541,경호+유신,99.7,728870000,99.4299,N
20201007472 - 02,20201012,월곶 하수처리시설 증설사업 건설사업관리용역,경기도 김포시 상하수도사업소,PQ,856716000,847662700,98.94325541,선진+다산,99.6,727940000,99.2798,N
20201007472 - 02,20201012,월곶 하수처리시설 증설사업 건설사업관리용역,경기도 김포시 상하수도사업소,PQ,856716000,847662700,98.94325541,건화+경화,99.5,727500000,99.1966,Y
20201007472 - 02,20201012,월곶 하수처리시설 증설사업 건설사업관리용역,경기도 김포시 상하수도사업소,PQ,856716000,847662700,98.94325541,범한+목양,99.5,725400000,98.9103,N
20201007472 - 02,20201012,월곶 하수처리시설 증설사업 건설사업관리용역,경기도 김포시 상하수도사업소,PQ,856716000,847662700,98.94325541,경원+세일,99.3,746880000,101.7797,N
20201007472 - 02,20201012,월곶 하수처리시설 증설사업 건설사업관리용역,경기도 김포시 상하수도사업소,PQ,856716000,847662700,98.94325541,동해+(주)한종,99.2,739717000,100.7801,N
20201007472 - 02,20201012,월곶 하수처리시설 증설사업 건설사업관리용역,경기도 김포시 상하수도사업소,PQ,856716000,847662700,98.94325541,경동+용마,99.2,725270000,98.8118,N
20201007472 - 02,20201012,월곶 하수처리시설 증설사업 건설사업관리용역,경기도 김포시 상하수도사업소,PQ,856716000,847662700,98.94325541,신명+다음,98.9,724999000,98.6942,N
20201008498 - 00,20201012,봉평 공공하수처리시설 확충 및 하수관로 정비사업 기본 및 실시설계용역,강원도 평창군,PQ,1340003000,1323142475,98.74175468,한종+서광+삼주+동명,99.15,1062000000,100.9021,N
20201008498 - 00,20201012,봉평 공공하수처리시설 확충 및 하수관로 정비사업 기본 및 실시설계용역,강원도 평창군,PQ,1340003000,1323142475,98.74175468,이산+삼경+미래,97.97,1056370000,99.4179,N
20201008498 - 00,20201012,봉평 공공하수처리시설 확충 및 하수관로 정비사업 기본 및 실시설계용역,강원도 평창군,PQ,1340003000,1323142475,98.74175468,도화+대성+한올,97.96,1071380000,100.8178,N
20201008498 - 00,20201012,봉평 공공하수처리시설 확충 및 하수관로 정비사업 기본 및 실시설계용역,강원도 평창군,PQ,1340003000,1323142475,98.74175468,경동+고려+하우+성우,97.94,1055980000,99.3561,N
20201008498 - 00,20201012,봉평 공공하수처리시설 확충 및 하수관로 정비사업 기본 및 실시설계용역,강원도 평창군,PQ,1340003000,1323142475,98.74175468,건화+정+정원(국일),97.9,1050700000,98.8219,Y
20201008498 - 00,20201012,봉평 공공하수처리시설 확충 및 하수관로 정비사업 기본 및 실시설계용역,강원도 평창군,PQ,1340003000,1323142475,98.74175468,삼안+일신+동서,97.86,1051490000,98.8713,N
20201008498 - 00,20201012,봉평 공공하수처리시설 확충 및 하수관로 정비사업 기본 및 실시설계용역,강원도 평창군,PQ,1340003000,1323142475,98.74175468,화신+경원+드림,97.75,1077440000,101.2221,N
20201008498 - 00,20201012,봉평 공공하수처리시설 확충 및 하수관로 정비사업 기본 및 실시설계용역,강원도 평창군,PQ,1340003000,1323142475,98.74175468,KG+보람+진화+동남,97.75,1277000000,119.9702,N
20201008741 - 00,20201012,흥정천(용평지구) 하천재해예방공사 통합건설사업관리용역,강원도 평창군,PQ,1551907000,1543325000,99.44700295,동명+정+정원,100,1212830000,100.1999,N
20201008741 - 00,20201012,흥정천(용평지구) 하천재해예방공사 통합건설사업관리용역,강원도 평창군,PQ,1551907000,1543325000,99.44700295,한종+삼경+서광,100,1219000000,100.7097,N
20201008741 - 00,20201012,흥정천(용평지구) 하천재해예방공사 통합건설사업관리용역,강원도 평창군,PQ,1551907000,1543325000,99.44700295,진화+삼안+진화개발,99.85,1214550000,100.2136,N
20201008741 - 00,20201012,흥정천(용평지구) 하천재해예방공사 통합건설사업관리용역,강원도 평창군,PQ,1551907000,1543325000,99.44700295,평화+성우+고려,99.8,1208400000,99.6678,N
20201008741 - 00,20201012,흥정천(용평지구) 하천재해예방공사 통합건설사업관리용역,강원도 평창군,PQ,1551907000,1543325000,99.44700295,건화+한울+강원길,99.77,1203000000,99.197,N
20201008741 - 00,20201012,흥정천(용평지구) 하천재해예방공사 통합건설사업관리용역,강원도 평창군,PQ,1551907000,1543325000,99.44700295,경원+화신,99.75,1207270000,99.5364,Y
20201008741 - 00,20201012,흥정천(용평지구) 하천재해예방공사 통합건설사업관리용역,강원도 평창군,PQ,1551907000,1543325000,99.44700295,도화+성안+수성E,99.68,1226300000,101.0407,N
20201008741 - 00,20201012,흥정천(용평지구) 하천재해예방공사 통합건설사업관리용역,강원도 평창군,PQ,1551907000,1543325000,99.44700295,이산+삼주+영광,99.53,1204100000,99.0849,N
20201008741 - 00,20201012,흥정천(용평지구) 하천재해예방공사 통합건설사업관리용역,강원도 평창군,PQ,1551907000,1543325000,99.44700295,동성+정민+승,99.47,1202550000,98.9194,N
20201008741 - 00,20201012,흥정천(용평지구) 하천재해예방공사 통합건설사업관리용역,강원도 평창군,PQ,1551907000,1543325000,99.44700295,극동+건일+국일,99.45,1230587000,101.1999,N
20201008741 - 00,20201012,흥정천(용평지구) 하천재해예방공사 통합건설사업관리용역,강원도 평창군,PQ,1551907000,1543325000,99.44700295,KG+동남+일신,99.44,1227180000,100.9197,N
20201008741 - 00,20201012,흥정천(용평지구) 하천재해예방공사 통합건설사업관리용역,강원도 평창군,PQ,1551907000,1543325000,99.44700295,수성+미래+동서,99.43,1204236000,99.0202,N
20201008741 - 00,20201012,흥정천(용평지구) 하천재해예방공사 통합건설사업관리용역,강원도 평창군,PQ,1551907000,1543325000,99.44700295,동부+이레+JN,99.4,1229844000,101.1001,N
20201008741 - 00,20201012,흥정천(용평지구) 하천재해예방공사 통합건설사업관리용역,강원도 평창군,PQ,1551907000,1543325000,99.44700295,신명+서윤+화인,99.35,1200200000,98.6254,N
20201008741 - 00,20201012,흥정천(용평지구) 하천재해예방공사 통합건설사업관리용역,강원도 평창군,PQ,1551907000,1543325000,99.44700295,KSM+현산+유비,99.28,1233467000,101.2945,N
20201008741 - 00,20201012,흥정천(용평지구) 하천재해예방공사 통합건설사업관리용역,강원도 평창군,PQ,1551907000,1543325000,99.44700295,홍익+청솔+서경,99.26,1238560000,101.6998,N
20201008741 - 00,20201012,흥정천(용평지구) 하천재해예방공사 통합건설사업관리용역,강원도 평창군,PQ,1551907000,1543325000,99.44700295,천일+동해+용마+효림,99.2,1235500000,101.3968,N
20201008741 - 00,20201012,흥정천(용평지구) 하천재해예방공사 통합건설사업관리용역,강원도 평창군,PQ,1551907000,1543325000,99.44700295,서영+대상+영화,99.13,1244000000,102.0424,N
20201008545 - 00,20201012,오포 공공하수처리시설 증설사업 건설사업관리용역,경기도 광주시 상하수도사업소,PQ,2561529000,2597044625,101.386501,건화+한도,100,2002800000,100.247,N
20201008545 - 00,20201012,오포 공공하수처리시설 증설사업 건설사업관리용역,경기도 광주시 상하수도사업소,PQ,2561529000,2597044625,101.386501,KG+보람,100,1991470000,99.6799,N
20201008545 - 00,20201012,오포 공공하수처리시설 증설사업 건설사업관리용역,경기도 광주시 상하수도사업소,PQ,2561529000,2597044625,101.386501,경동+용마,100,1974788000,98.8449,N
20201008545 - 00,20201012,오포 공공하수처리시설 증설사업 건설사업관리용역,경기도 광주시 상하수도사업소,PQ,2561529000,2597044625,101.386501,경원+천일+서영,100,2000870000,100.1504,N
20201008545 - 00,20201012,오포 공공하수처리시설 증설사업 건설사업관리용역,경기도 광주시 상하수도사업소,PQ,2561529000,2597044625,101.386501,도화+세일,100,2006700000,100.4422,N
20201008545 - 00,20201012,오포 공공하수처리시설 증설사업 건설사업관리용역,경기도 광주시 상하수도사업소,PQ,2561529000,2597044625,101.386501,동명+정,100,1988801000,99.5463,N
20201008545 - 00,20201012,오포 공공하수처리시설 증설사업 건설사업관리용역,경기도 광주시 상하수도사업소,PQ,2561529000,2597044625,101.386501,범한+목양+신명,100,1985690000,99.3906,N
20201008545 - 00,20201012,오포 공공하수처리시설 증설사업 건설사업관리용역,경기도 광주시 상하수도사업소,PQ,2561529000,2597044625,101.386501,삼안+태조,100,1988800000,99.5463,N
20201008545 - 00,20201012,오포 공공하수처리시설 증설사업 건설사업관리용역,경기도 광주시 상하수도사업소,PQ,2561529000,2597044625,101.386501,선진+수성E,100,2004520000,100.3331,N
20201008545 - 00,20201012,오포 공공하수처리시설 증설사업 건설사업관리용역,경기도 광주시 상하수도사업소,PQ,2561529000,2597044625,101.386501,수성+건양+신성,100,1995070000,99.8601,N
20201008545 - 00,20201012,오포 공공하수처리시설 증설사업 건설사업관리용역,경기도 광주시 상하수도사업소,PQ,2561529000,2597044625,101.386501,유신+경호,100,2007855000,100.5001,N
20201008545 - 00,20201012,오포 공공하수처리시설 증설사업 건설사업관리용역,경기도 광주시 상하수도사업소,PQ,2561529000,2597044625,101.386501,이산+화신,100,1999700000,100.0919,N
20201008545 - 00,20201012,오포 공공하수처리시설 증설사업 건설사업관리용역,경기도 광주시 상하수도사업소,PQ,2561529000,2597044625,101.386501,한종+동진,100,2004400000,100.3271,N
20201008545 - 00,20201012,오포 공공하수처리시설 증설사업 건설사업관리용역,경기도 광주시 상하수도사업소,PQ,2561529000,2597044625,101.386501,동부+홍익,99.95,2004497000,100.2805,N
20201008545 - 00,20201012,오포 공공하수처리시설 증설사업 건설사업관리용역,경기도 광주시 상하수도사업소,PQ,2561529000,2597044625,101.386501,제일+HEC+동해,99.9,2039700000,102.0025,Y
20201008545 - 00,20201012,오포 공공하수처리시설 증설사업 건설사업관리용역,경기도 광주시 상하수도사업소,PQ,2561529000,2597044625,101.386501,동성+오이디,98.48,1962000000,96.9862,N
20201008850 - 00,20201012,성산대교 본교 성능개선공사 감독 권한대행 등 건설사업관리 용역,서울특별시 도시기반시설본부,SOQ,8192800000,8226451950,100.4107503,유신+한맥+삼안+제일,98.97,6100785000,101.1,Y
20201008850 - 00,20201012,성산대교 본교 성능개선공사 감독 권한대행 등 건설사업관리 용역,서울특별시 도시기반시설본부,SOQ,8192800000,8226451950,100.4107503,동해+도화+동일+이산,98.19,6048834000,99.5632,N
20201008850 - 00,20201012,성산대교 본교 성능개선공사 감독 권한대행 등 건설사업관리 용역,서울특별시 도시기반시설본부,SOQ,8192800000,8226451950,100.4107503,수성+천일+동부+경호,97.38,6047499999,98.8481,N
20201008850 - 00,20201012,성산대교 본교 성능개선공사 감독 권한대행 등 건설사업관리 용역,서울특별시 도시기반시설본부,SOQ,8192800000,8226451950,100.4107503,삼보+대콘+동명+동일,96.72,6307000000,102.5131,N
20201008850 - 00,20201012,성산대교 본교 성능개선공사 감독 권한대행 등 건설사업관리 용역,서울특별시 도시기반시설본부,SOQ,8192800000,8226451950,100.4107503,평화+삼우+동남,94.65,6500000000,103.8115,N
20201009543 - 00,20201013,감동천 개선복구사업 실시설계 용역,전라북도 남원시,PQ,550814000,542528425,98.4957581,한종+더한,98.1,475600000,100.5004,N
20201009543 - 00,20201013,감동천 개선복구사업 실시설계 용역,전라북도 남원시,PQ,550814000,542528425,98.4957581,유신+국성,98,472537000,99.8299,N
20201009543 - 00,20201013,감동천 개선복구사업 실시설계 용역,전라북도 남원시,PQ,550814000,542528425,98.4957581,평화+더한,97.9,473720000,100.0449,N
20201009543 - 00,20201013,감동천 개선복구사업 실시설계 용역,전라북도 남원시,PQ,550814000,542528425,98.4957581,도화+한가람+HEC,97.86,470100000,99.2689,N
20201009543 - 00,20201013,감동천 개선복구사업 실시설계 용역,전라북도 남원시,PQ,550814000,542528425,98.4957581,KG+세화+강동,97.81,474660000,100.2201,N
20201009543 - 00,20201013,감동천 개선복구사업 실시설계 용역,전라북도 남원시,PQ,550814000,542528425,98.4957581,동부+현성,97.66,469997000,99.201,N
20201009543 - 00,20201013,감동천 개선복구사업 실시설계 용역,전라북도 남원시,PQ,550814000,542528425,98.4957581,동명+인우+주영,97.6,470660000,99.3294,N
20201009543 - 00,20201013,감동천 개선복구사업 실시설계 용역,전라북도 남원시,PQ,550814000,542528425,98.4957581,극동+대도,97.6,476822000,100.6298,N
20201009543 - 00,20201013,감동천 개선복구사업 실시설계 용역,전라북도 남원시,PQ,550814000,542528425,98.4957581,건화+세종,97.5,477300000,100.7073,N
20201009543 - 00,20201013,감동천 개선복구사업 실시설계 용역,전라북도 남원시,PQ,550814000,542528425,98.4957581,경호+성원+수성,97.3,469370000,98.9766,Y
20201009543 - 00,20201013,감동천 개선복구사업 실시설계 용역,전라북도 남원시,PQ,550814000,542528425,98.4957581,삼안+유현,97.25,478280000,100.8437,N
20201009543 - 00,20201013,감동천 개선복구사업 실시설계 용역,전라북도 남원시,PQ,550814000,542528425,98.4957581,이산+JCN,97.1,469785000,99.0181,N
20201009543 - 00,20201013,감동천 개선복구사업 실시설계 용역,전라북도 남원시,PQ,550814000,542528425,98.4957581,동성+범산,97.08,480570000,101.2795,N
20201009543 - 00,20201013,감동천 개선복구사업 실시설계 용역,전라북도 남원시,PQ,550814000,542528425,98.4957581,한기+대성,96.57,471142000,99.1659,N
20201009543 - 00,20201013,감동천 개선복구사업 실시설계 용역,전라북도 남원시,PQ,550814000,542528425,98.4957581,화신+고산+고려,95.98,483389000,101.5906,N
20201009543 - 00,20201013,감동천 개선복구사업 실시설계 용역,전라북도 남원시,PQ,550814000,542528425,98.4957581,다산+태원,95.14,485395000,101.8236,N
20201009543 - 00,20201013,감동천 개선복구사업 실시설계 용역,전라북도 남원시,PQ,550814000,542528425,98.4957581,KSM+신안,94.53,487134000,101.9998,N
20201009543 - 00,20201013,감동천 개선복구사업 실시설계 용역,전라북도 남원시,PQ,550814000,542528425,98.4957581,서광+가온,93.67,484565000,101.24,N
2020UMM13432020-20267-01,20201013,20-육-00부대 설계용역(A133),국군재정관리단,PQ,507537000,0,0,천일,99.11,0,0,N
2020UMM13432020-20267-01,20201013,20-육-00부대 설계용역(A133),국군재정관리단,PQ,507537000,0,0,건화(중앙포럼+영설계+지앤텍),97,0,0,N
2020UMM13432020-20267-01,20201013,20-육-00부대 설계용역(A133),국군재정관리단,PQ,507537000,0,0,선진,96.91,0,0,N
20201009505 - 00,20201013,"영종-청라 연결도로(제3연륙교) 건설공사 2,3공구 건설사업관리용역",인천광역시 경제자유구역청,SOQ,11908050000,11886764425,99.82125054,유신+도화+동남+일신+도담,97.83,8927160000,100.783,Y
20201009505 - 00,20201013,"영종-청라 연결도로(제3연륙교) 건설공사 2,3공구 건설사업관리용역",인천광역시 경제자유구역청,SOQ,11908050000,11886764425,99.82125054,서영+동부+고산+천일+바우,96,8910900000,99.0416,N
20201009505 - 00,20201013,"영종-청라 연결도로(제3연륙교) 건설공사 2,3공구 건설사업관리용역",인천광역시 경제자유구역청,SOQ,11908050000,11886764425,99.82125054,한종+수성+극동+일진+장원,95.8,9175900000,101.8118,N
20201009505 - 00,20201013,"영종-청라 연결도로(제3연륙교) 건설공사 2,3공구 건설사업관리용역",인천광역시 경제자유구역청,SOQ,11908050000,11886764425,99.82125054,건화+경동+대한건설+대콘+대양(KIC),94.36,9191000000,100.7546,N
20201009505 - 00,20201013,"영종-청라 연결도로(제3연륙교) 건설공사 2,3공구 건설사업관리용역",인천광역시 경제자유구역청,SOQ,11908050000,11886764425,99.82125054,동명+삼보+정방+청해+KG,93.61,9188000000,100.0946,N
20201009505 - 00,20201013,"영종-청라 연결도로(제3연륙교) 건설공사 2,3공구 건설사업관리용역",인천광역시 경제자유구역청,SOQ,11908050000,11886764425,99.82125054,신성+명인+하이콘+삼안,89.86,9758980000,103.1047,N
20201009524 - 00,20201013,"효촌천, 서당천 개선복구사업 실시설계 용역",전라북도 남원시,PQ,744414000,737786900,99.10975613,한종+더한,98.1,640200000,100.0996,N
20201009524 - 00,20201013,"효촌천, 서당천 개선복구사업 실시설계 용역",전라북도 남원시,PQ,744414000,737786900,99.10975613,유신+국성,98,638625000,99.8301,N
20201009524 - 00,20201013,"효촌천, 서당천 개선복구사업 실시설계 용역",전라북도 남원시,PQ,744414000,737786900,99.10975613,건화+세종+KCI,97.9,641540000,100.2507,N
20201009524 - 00,20201013,"효촌천, 서당천 개선복구사업 실시설계 용역",전라북도 남원시,PQ,744414000,737786900,99.10975613,평화+건일,97.9,638740000,99.8132,N
20201009524 - 00,20201013,"효촌천, 서당천 개선복구사업 실시설계 용역",전라북도 남원시,PQ,744414000,737786900,99.10975613,도화+한가람+HEC,97.86,636100000,99.3891,N
20201009524 - 00,20201013,"효촌천, 서당천 개선복구사업 실시설계 용역",전라북도 남원시,PQ,744414000,737786900,99.10975613,KG+세화+강동,97.81,636115000,99.3799,N
20201009524 - 00,20201013,"효촌천, 서당천 개선복구사업 실시설계 용역",전라북도 남원시,PQ,744414000,737786900,99.10975613,동부+현성,97.66,635195000,99.2015,Y
20201009524 - 00,20201013,"효촌천, 서당천 개선복구사업 실시설계 용역",전라북도 남원시,PQ,744414000,737786900,99.10975613,극동+대도,97.6,634489000,99.0797,N
20201009524 - 00,20201013,"효촌천, 서당천 개선복구사업 실시설계 용역",전라북도 남원시,PQ,744414000,737786900,99.10975613,동명+인우+주영,97.6,643200000,100.44,N
20201009524 - 00,20201013,"효촌천, 서당천 개선복구사업 실시설계 용역",전라북도 남원시,PQ,744414000,737786900,99.10975613,경호+성원+수성,97.3,634078000,98.9351,N
20201009524 - 00,20201013,"효촌천, 서당천 개선복구사업 실시설계 용역",전라북도 남원시,PQ,744414000,737786900,99.10975613,삼안+유현,97.25,646360000,100.8397,N
20201009524 - 00,20201013,"효촌천, 서당천 개선복구사업 실시설계 용역",전라북도 남원시,PQ,744414000,737786900,99.10975613,이산+JCN,97.1,634257000,98.917,N
20201009524 - 00,20201013,"효촌천, 서당천 개선복구사업 실시설계 용역",전라북도 남원시,PQ,744414000,737786900,99.10975613,동성+범산,97.08,649480000,101.2794,N
20201009524 - 00,20201013,"효촌천, 서당천 개선복구사업 실시설계 용역",전라북도 남원시,PQ,744414000,737786900,99.10975613,한기+대성,96.57,648878000,101.0565,N
20201009524 - 00,20201013,"효촌천, 서당천 개선복구사업 실시설계 용역",전라북도 남원시,PQ,744414000,737786900,99.10975613,화신+고산+고려,95.98,653389000,101.6059,N
20201009524 - 00,20201013,"효촌천, 서당천 개선복구사업 실시설계 용역",전라북도 남원시,PQ,744414000,737786900,99.10975613,다산+태원,95.14,656001500,101.8,N
20201009524 - 00,20201013,"효촌천, 서당천 개선복구사업 실시설계 용역",전라북도 남원시,PQ,744414000,737786900,99.10975613,KSM+신안,94.53,658350000,101.9995,N
20201009524 - 00,20201013,"효촌천, 서당천 개선복구사업 실시설계 용역",전라북도 남원시,PQ,744414000,737786900,99.10975613,서광+가온,93.67,656500000,101.4905,N
20201009364 - 00,20201013,주촌천 개선복구사업 실시설계 용역,전라북도 남원시,PQ,834196000,845522325,101.3577535,한종+더한,98.1,719560000,100.3991,N
20201009364 - 00,20201013,주촌천 개선복구사업 실시설계 용역,전라북도 남원시,PQ,834196000,845522325,101.3577535,유신+국성,98,715648000,99.83,N
20201009364 - 00,20201013,주촌천 개선복구사업 실시설계 용역,전라북도 남원시,PQ,834196000,845522325,101.3577535,건화+세종+KCI,97.9,718900000,100.2487,N
20201009364 - 00,20201013,주촌천 개선복구사업 실시설계 용역,전라북도 남원시,PQ,834196000,845522325,101.3577535,평화+건일,97.9,715820000,99.8192,N
20201009364 - 00,20201013,주촌천 개선복구사업 실시설계 용역,전라북도 남원시,PQ,834196000,845522325,101.3577535,KG+세화+강동,97.81,712840000,99.3805,N
20201009364 - 00,20201013,주촌천 개선복구사업 실시설계 용역,전라북도 남원시,PQ,834196000,845522325,101.3577535,동부+현성,97.66,711799000,99.2008,N
20201009364 - 00,20201013,주촌천 개선복구사업 실시설계 용역,전라북도 남원시,PQ,834196000,845522325,101.3577535,극동+대도,97.6,723859000,100.8698,N
20201009364 - 00,20201013,주촌천 개선복구사업 실시설계 용역,전라북도 남원시,PQ,834196000,845522325,101.3577535,도화+한가람+HEC,97.6,712700000,99.3148,N
20201009364 - 00,20201013,주촌천 개선복구사업 실시설계 용역,전라북도 남원시,PQ,834196000,845522325,101.3577535,동명+인우+주영,97.6,713200000,99.3845,N
20201009364 - 00,20201013,주촌천 개선복구사업 실시설계 용역,전라북도 남원시,PQ,834196000,845522325,101.3577535,경호+성원+수성,97.3,711550000,99.0739,N
20201009364 - 00,20201013,주촌천 개선복구사업 실시설계 용역,전라북도 남원시,PQ,834196000,845522325,101.3577535,삼안+유현,97.25,724350000,100.8444,N
20201009364 - 00,20201013,주촌천 개선복구사업 실시설계 용역,전라북도 남원시,PQ,834196000,845522325,101.3577535,이산+JCN,97.1,712288000,99.1306,N
20201009364 - 00,20201013,주촌천 개선복구사업 실시설계 용역,전라북도 남원시,PQ,834196000,845522325,101.3577535,동성+범산,97.08,727800000,101.2777,N
20201009364 - 00,20201013,주촌천 개선복구사업 실시설계 용역,전라북도 남원시,PQ,834196000,845522325,101.3577535,한기+대성,96.57,727340000,101.0846,N
20201009364 - 00,20201013,주촌천 개선복구사업 실시설계 용역,전라북도 남원시,PQ,834196000,845522325,101.3577535,화신+고산+고려,95.98,731479000,101.5069,Y
20201009364 - 00,20201013,주촌천 개선복구사업 실시설계 용역,전라북도 남원시,PQ,834196000,845522325,101.3577535,다산+태원,95.14,735120000,101.8,N
20201009364 - 00,20201013,주촌천 개선복구사업 실시설계 용역,전라북도 남원시,PQ,834196000,845522325,101.3577535,KSM+신안,94.52,737755000,101.9999,N
20201009364 - 00,20201013,주촌천 개선복구사업 실시설계 용역,전라북도 남원시,PQ,834196000,845522325,101.3577535,서광+가온,93.67,734500000,101.3279,N
20201009315 - 00,20201013,진동물재생센터 증설사업(2단계) 감독 권한대행 등 건설사업관리용역,경상남도 창원시 하수도사업소,PQ,1862080000,1856973300,99.72575292,천일+천진,100,1452180000,99.9897,Y
20201009315 - 00,20201013,진동물재생센터 증설사업(2단계) 감독 권한대행 등 건설사업관리용역,경상남도 창원시 하수도사업소,PQ,1862080000,1856973300,99.72575292,도화+한성,99.96,1452900000,100.0008,N
20201009315 - 00,20201013,진동물재생센터 증설사업(2단계) 감독 권한대행 등 건설사업관리용역,경상남도 창원시 하수도사업소,PQ,1862080000,1856973300,99.72575292,동명+범한,99.95,1461500000,100.5799,N
20201009315 - 00,20201013,진동물재생센터 증설사업(2단계) 감독 권한대행 등 건설사업관리용역,경상남도 창원시 하수도사업소,PQ,1862080000,1856973300,99.72575292,한종+KSM,99.9,1456400000,100.1904,N
20201009315 - 00,20201013,진동물재생센터 증설사업(2단계) 감독 권한대행 등 건설사업관리용역,경상남도 창원시 하수도사업소,PQ,1862080000,1856973300,99.72575292,동성+HEC,99.85,1445466000,99.4,N
20201009315 - 00,20201013,진동물재생센터 증설사업(2단계) 감독 권한대행 등 건설사업관리용역,경상남도 창원시 하수도사업소,PQ,1862080000,1856973300,99.72575292,서영+재화,99.85,1465830000,100.8004,N
20201009315 - 00,20201013,진동물재생센터 증설사업(2단계) 감독 권한대행 등 건설사업관리용역,경상남도 창원시 하수도사업소,PQ,1862080000,1856973300,99.72575292,KG+로텍+보람,99.82,1444670000,99.3198,N
20201009315 - 00,20201013,진동물재생센터 증설사업(2단계) 감독 권한대행 등 건설사업관리용역,경상남도 창원시 하수도사업소,PQ,1862080000,1856973300,99.72575292,선진+동영+다산,99.81,1441990000,99.1229,N
20201009315 - 00,20201013,진동물재생센터 증설사업(2단계) 감독 권한대행 등 건설사업관리용역,경상남도 창원시 하수도사업소,PQ,1862080000,1856973300,99.72575292,건화+경화,99.8,1444560000,99.2995,N
20201009315 - 00,20201013,진동물재생센터 증설사업(2단계) 감독 권한대행 등 건설사업관리용역,경상남도 창원시 하수도사업소,PQ,1862080000,1856973300,99.72575292,삼안+신화,99.76,1441000000,99.0168,N
20201009315 - 00,20201013,진동물재생센터 증설사업(2단계) 감독 권한대행 등 건설사업관리용역,경상남도 창원시 하수도사업소,PQ,1862080000,1856973300,99.72575292,수성+서광,99.75,1465882000,100.7265,N
20201009315 - 00,20201013,진동물재생센터 증설사업(2단계) 감독 권한대행 등 건설사업관리용역,경상남도 창원시 하수도사업소,PQ,1862080000,1856973300,99.72575292,동일+현진,99.7,1471000000,101.0265,N
20201009315 - 00,20201013,진동물재생센터 증설사업(2단계) 감독 권한대행 등 건설사업관리용역,경상남도 창원시 하수도사업소,PQ,1862080000,1856973300,99.72575292,신명+우정,99.64,1470790000,100.9604,N
20201009315 - 00,20201013,진동물재생센터 증설사업(2단계) 감독 권한대행 등 건설사업관리용역,경상남도 창원시 하수도사업소,PQ,1862080000,1856973300,99.72575292,극동+서화,99.54,1472931000,101.0299,N
20201009315 - 00,20201013,진동물재생센터 증설사업(2단계) 감독 권한대행 등 건설사업관리용역,경상남도 창원시 하수도사업소,PQ,1862080000,1856973300,99.72575292,홍익+태일,99.41,1439700000,98.6498,N
20201009315 - 00,20201013,진동물재생센터 증설사업(2단계) 감독 권한대행 등 건설사업관리용역,경상남도 창원시 하수도사업소,PQ,1862080000,1856973300,99.72575292,제일+하나,99.38,1477300000,101.2003,N
20201009315 - 00,20201013,진동물재생센터 증설사업(2단계) 감독 권한대행 등 건설사업관리용역,경상남도 창원시 하수도사업소,PQ,1862080000,1856973300,99.72575292,평화+한올,99.37,1479930000,101.3676,N
20201009315 - 00,20201013,진동물재생센터 증설사업(2단계) 감독 권한대행 등 건설사업관리용역,경상남도 창원시 하수도사업소,PQ,1862080000,1856973300,99.72575292,경동+금성,99.24,1479480000,101.2335,N
20201009315 - 00,20201013,진동물재생센터 증설사업(2단계) 감독 권한대행 등 건설사업관리용역,경상남도 창원시 하수도사업소,PQ,1862080000,1856973300,99.72575292,이산+우진,99.2,1484670000,101.5498,N
20201009315 - 00,20201013,진동물재생센터 증설사업(2단계) 감독 권한대행 등 건설사업관리용역,경상남도 창원시 하수도사업소,PQ,1862080000,1856973300,99.72575292,경호+하우,99.17,1484550000,101.5157,N
20201009315 - 00,20201013,진동물재생센터 증설사업(2단계) 감독 권한대행 등 건설사업관리용역,경상남도 창원시 하수도사업소,PQ,1862080000,1856973300,99.72575292,유신+한가람,99.14,1487038000,101.66,N
20201009315 - 00,20201013,진동물재생센터 증설사업(2단계) 감독 권한대행 등 건설사업관리용역,경상남도 창원시 하수도사업소,PQ,1862080000,1856973300,99.72575292,드림+용마+혜인,98.9,1494000000,101.9412,N
20201009292 - 00,20201013,대산·동읍 하수관로 설치공사(3단계) 감독 권한대행 등 건설사업관리용역,경상남도 창원시 하수도사업소,PQ,1662500000,1673210675,100.6442511,동성+HEC,100,1298611000,100.1499,N
20201009292 - 00,20201013,대산·동읍 하수관로 설치공사(3단계) 감독 권한대행 등 건설사업관리용역,경상남도 창원시 하수도사업소,PQ,1662500000,1673210675,100.6442511,유신+한가람,99.99,1296833000,100,N
20201009292 - 00,20201013,대산·동읍 하수관로 설치공사(3단계) 감독 권한대행 등 건설사업관리용역,경상남도 창원시 하수도사업소,PQ,1662500000,1673210675,100.6442511,동명+범한,99.95,1296000000,99.8973,N
20201009292 - 00,20201013,대산·동읍 하수관로 설치공사(3단계) 감독 권한대행 등 건설사업관리용역,경상남도 창원시 하수도사업소,PQ,1662500000,1673210675,100.6442511,천일+천진,99.85,1307200000,100.6832,Y
20201009292 - 00,20201013,대산·동읍 하수관로 설치공사(3단계) 감독 권한대행 등 건설사업관리용역,경상남도 창원시 하수도사업소,PQ,1662500000,1673210675,100.6442511,한종+로텍,99.82,1299100000,100.0337,N
20201009292 - 00,20201013,대산·동읍 하수관로 설치공사(3단계) 감독 권한대행 등 건설사업관리용역,경상남도 창원시 하수도사업소,PQ,1662500000,1673210675,100.6442511,대콘+주원,99.79,1290768000,99.3667,N
20201009292 - 00,20201013,대산·동읍 하수관로 설치공사(3단계) 감독 권한대행 등 건설사업관리용역,경상남도 창원시 하수도사업소,PQ,1662500000,1673210675,100.6442511,경원+동영,99.76,1306000000,100.5136,N
20201009292 - 00,20201013,대산·동읍 하수관로 설치공사(3단계) 감독 권한대행 등 건설사업관리용역,경상남도 창원시 하수도사업소,PQ,1662500000,1673210675,100.6442511,경호+현진,99.72,1288790000,99.1637,N
20201009292 - 00,20201013,대산·동읍 하수관로 설치공사(3단계) 감독 권한대행 등 건설사업관리용역,경상남도 창원시 하수도사업소,PQ,1662500000,1673210675,100.6442511,건화+경화,99.7,1314200000,101.0929,N
20201009292 - 00,20201013,대산·동읍 하수관로 설치공사(3단계) 감독 권한대행 등 건설사업관리용역,경상남도 창원시 하수도사업소,PQ,1662500000,1673210675,100.6442511,도화+수성,99.7,1286850000,98.9891,N
20201009292 - 00,20201013,대산·동읍 하수관로 설치공사(3단계) 감독 권한대행 등 건설사업관리용역,경상남도 창원시 하수도사업소,PQ,1662500000,1673210675,100.6442511,KSM+목양,99.67,1310600000,100.7902,N
20201009292 - 00,20201013,대산·동읍 하수관로 설치공사(3단계) 감독 권한대행 등 건설사업관리용역,경상남도 창원시 하수도사업소,PQ,1662500000,1673210675,100.6442511,삼안+신화,99.66,1284250000,98.7638,N
20201009292 - 00,20201013,대산·동읍 하수관로 설치공사(3단계) 감독 권한대행 등 건설사업관리용역,경상남도 창원시 하수도사업소,PQ,1662500000,1673210675,100.6442511,신명+우정,99.49,1283983000,98.6046,N
20201009292 - 00,20201013,대산·동읍 하수관로 설치공사(3단계) 감독 권한대행 등 건설사업관리용역,경상남도 창원시 하수도사업소,PQ,1662500000,1673210675,100.6442511,경동+금성,99.44,1285960000,98.7186,N
20201009292 - 00,20201013,대산·동읍 하수관로 설치공사(3단계) 감독 권한대행 등 건설사업관리용역,경상남도 창원시 하수도사업소,PQ,1662500000,1673210675,100.6442511,KG+한성+보람,99.42,1317060000,101.0803,N
20201009292 - 00,20201013,대산·동읍 하수관로 설치공사(3단계) 감독 권한대행 등 건설사업관리용역,경상남도 창원시 하수도사업소,PQ,1662500000,1673210675,100.6442511,이산+우진,99.4,1324000000,101.5999,N
20201009292 - 00,20201013,대산·동읍 하수관로 설치공사(3단계) 감독 권한대행 등 건설사업관리용역,경상남도 창원시 하수도사업소,PQ,1662500000,1673210675,100.6442511,선진+재화,99.4,1319830000,101.2799,N
20201009292 - 00,20201013,대산·동읍 하수관로 설치공사(3단계) 감독 권한대행 등 건설사업관리용역,경상남도 창원시 하수도사업소,PQ,1662500000,1673210675,100.6442511,동일+혜인,99.33,1320500000,101.2797,N
20201009292 - 00,20201013,대산·동읍 하수관로 설치공사(3단계) 감독 권한대행 등 건설사업관리용역,경상남도 창원시 하수도사업소,PQ,1662500000,1673210675,100.6442511,다산+하우,99.27,1285957000,98.58,N
20201009292 - 00,20201013,대산·동읍 하수관로 설치공사(3단계) 감독 권한대행 등 건설사업관리용역,경상남도 창원시 하수도사업소,PQ,1662500000,1673210675,100.6442511,극동+서화,99.14,1327263000,101.6299,N
20201009292 - 00,20201013,대산·동읍 하수관로 설치공사(3단계) 감독 권한대행 등 건설사업관리용역,경상남도 창원시 하수도사업소,PQ,1662500000,1673210675,100.6442511,제일+하나,99.13,1334700000,102.1994,N
20201006245 - 00,20201008,제2차 노후 하수관로 정밀조사 용역,경상북도 경산시,PQ,3598000000,3588339400,99.73150083,건화+도화+태성+청우+보원,100,2654800000,101.0829,Y
20201006245 - 00,20201008,제2차 노후 하수관로 정밀조사 용역,경상북도 경산시,PQ,3598000000,3588339400,99.73150083,한종+한도+제일,98.02,2750000000,102.9171,N
20201006245 - 00,20201008,제2차 노후 하수관로 정밀조사 용역,경상북도 경산시,PQ,3598000000,3588339400,99.73150083,삼안+이산+한주,97.96,2646490000,98.9899,N
20201006245 - 00,20201008,제2차 노후 하수관로 정밀조사 용역,경상북도 경산시,PQ,3598000000,3588339400,99.73150083,선진+세원+동해,95.35,3598899000,131.6551,N
20201008768 - 00,20201013,태백 웰니스 항노화산업 특화단지 조성사업 교통영향평가용역,강원도개발공사,PQ,329745000,324638125,98.45126537,동명+경원,98.3,287800000,100.4426,N
20201008768 - 00,20201013,태백 웰니스 항노화산업 특화단지 조성사업 교통영향평가용역,강원도개발공사,PQ,329745000,324638125,98.45126537,건화+정,95.9,286600000,99.7941,N
20201008768 - 00,20201013,태백 웰니스 항노화산업 특화단지 조성사업 교통영향평가용역,강원도개발공사,PQ,329745000,324638125,98.45126537,유신+일신,95.1,290170000,100.956,N
20201008768 - 00,20201013,태백 웰니스 항노화산업 특화단지 조성사업 교통영향평가용역,강원도개발공사,PQ,329745000,324638125,98.45126537,한종+화신,94.9,289500000,100.6998,N
20201008768 - 00,20201013,태백 웰니스 항노화산업 특화단지 조성사업 교통영향평가용역,강원도개발공사,PQ,329745000,324638125,98.45126537,삼안+서광,94.8,285670000,99.3562,N
20201008768 - 00,20201013,태백 웰니스 항노화산업 특화단지 조성사업 교통영향평가용역,강원도개발공사,PQ,329745000,324638125,98.45126537,도화+진화,93.9,285550000,99.2348,N
20201008768 - 00,20201013,태백 웰니스 항노화산업 특화단지 조성사업 교통영향평가용역,강원도개발공사,PQ,329745000,324638125,98.45126537,평화+동해,93.54,291200000,101.1635,N
20201008768 - 00,20201013,태백 웰니스 항노화산업 특화단지 조성사업 교통영향평가용역,강원도개발공사,PQ,329745000,324638125,98.45126537,KG+동서,92.44,284665000,98.7801,Y
20201008768 - 00,20201013,태백 웰니스 항노화산업 특화단지 조성사업 교통영향평가용역,강원도개발공사,PQ,329745000,324638125,98.45126537,서영+현산,92.32,292540000,101.5011,N
20201008768 - 00,20201013,태백 웰니스 항노화산업 특화단지 조성사업 교통영향평가용역,강원도개발공사,PQ,329745000,324638125,98.45126537,경동+한올,91.51,293800000,101.8567,N
20201008768 - 00,20201013,태백 웰니스 항노화산업 특화단지 조성사업 교통영향평가용역,강원도개발공사,PQ,329745000,324638125,98.45126537,수성+삼경,90.6,285296000,98.8294,N
20201008784 - 00,20201013,태백 웰니스 항노화산업 특화단지 조성사업 재해영향평가용역,강원도개발공사,PQ,260555000,260527025,99.9892633,한종+일신,98.3,225750000,99.7088,N
20201008784 - 00,20201013,태백 웰니스 항노화산업 특화단지 조성사업 재해영향평가용역,강원도개발공사,PQ,260555000,260527025,99.9892633,도화+고려,98.24,227600000,100.5259,Y
20201008784 - 00,20201013,태백 웰니스 항노화산업 특화단지 조성사업 재해영향평가용역,강원도개발공사,PQ,260555000,260527025,99.9892633,건화+서광,97.94,228000000,100.6678,N
20201008784 - 00,20201013,태백 웰니스 항노화산업 특화단지 조성사업 재해영향평가용역,강원도개발공사,PQ,260555000,260527025,99.9892633,삼안+동남,96.8,228140000,100.6139,N
20201008784 - 00,20201013,태백 웰니스 항노화산업 특화단지 조성사업 재해영향평가용역,강원도개발공사,PQ,260555000,260527025,99.9892633,평화+삼경,96.34,228500000,100.7264,N
20201008784 - 00,20201013,태백 웰니스 항노화산업 특화단지 조성사업 재해영향평가용역,강원도개발공사,PQ,260555000,260527025,99.9892633,이산+진화,96.3,224300000,98.8749,N
20201008784 - 00,20201013,태백 웰니스 항노화산업 특화단지 조성사업 재해영향평가용역,강원도개발공사,PQ,260555000,260527025,99.9892633,경호+미래,96.14,228640000,100.7765,N
20201008784 - 00,20201013,태백 웰니스 항노화산업 특화단지 조성사업 재해영향평가용역,강원도개발공사,PQ,260555000,260527025,99.9892633,경동+경원,95.5,225029000,99.1166,N
20201008784 - 00,20201013,태백 웰니스 항노화산업 특화단지 조성사업 재해영향평가용역,강원도개발공사,PQ,260555000,260527025,99.9892633,화신+강동,95.42,229737000,101.1903,N
20201008784 - 00,20201013,태백 웰니스 항노화산업 특화단지 조성사업 재해영향평가용역,강원도개발공사,PQ,260555000,260527025,99.9892633,KG+정,93.5,224700000,98.779,N
20201008784 - 00,20201013,태백 웰니스 항노화산업 특화단지 조성사업 재해영향평가용역,강원도개발공사,PQ,260555000,260527025,99.9892633,동부+동서,92.24,231847000,101.8042,N
20201008784 - 00,20201013,태백 웰니스 항노화산업 특화단지 조성사업 재해영향평가용역,강원도개발공사,PQ,260555000,260527025,99.9892633,서영+정원,91.44,224620000,98.5519,N
20201010275 - 00,20201013,북부원예출장소 신축사업 도시.군관리계획(변경)결정 및 재해영향평가 등 용역,농촌진흥청 국립원예특작과학원,PQ,963531000,960385125,99.67350557,삼안,99.4,820930000,99.6551,N
20201010275 - 00,20201013,북부원예출장소 신축사업 도시.군관리계획(변경)결정 및 재해영향평가 등 용역,농촌진흥청 국립원예특작과학원,PQ,963531000,960385125,99.67350557,한종,99.1,826660000,100.3507,N
20201010275 - 00,20201013,북부원예출장소 신축사업 도시.군관리계획(변경)결정 및 재해영향평가 등 용역,농촌진흥청 국립원예특작과학원,PQ,963531000,960385125,99.67350557,동명,99,829000000,100.6348,N
20201010275 - 00,20201013,북부원예출장소 신축사업 도시.군관리계획(변경)결정 및 재해영향평가 등 용역,농촌진흥청 국립원예특작과학원,PQ,963531000,960385125,99.67350557,제일+정,99,824430000,100.08,Y
20201010275 - 00,20201013,북부원예출장소 신축사업 도시.군관리계획(변경)결정 및 재해영향평가 등 용역,농촌진흥청 국립원예특작과학원,PQ,963531000,960385125,99.67350557,건화,98.8,826180000,100.2925,N
20201010275 - 00,20201013,북부원예출장소 신축사업 도시.군관리계획(변경)결정 및 재해영향평가 등 용역,농촌진흥청 국립원예특작과학원,PQ,963531000,960385125,99.67350557,수성,98.8,826408000,100.3201,N
20201010275 - 00,20201013,북부원예출장소 신축사업 도시.군관리계획(변경)결정 및 재해영향평가 등 용역,농촌진흥청 국립원예특작과학원,PQ,963531000,960385125,99.67350557,도화,98.78,818700000,99.3844,N
20201010275 - 00,20201013,북부원예출장소 신축사업 도시.군관리계획(변경)결정 및 재해영향평가 등 용역,농촌진흥청 국립원예특작과학원,PQ,963531000,960385125,99.67350557,경호+평화,98.72,828280000,100.5474,N
20201010275 - 00,20201013,북부원예출장소 신축사업 도시.군관리계획(변경)결정 및 재해영향평가 등 용역,농촌진흥청 국립원예특작과학원,PQ,963531000,960385125,99.67350557,선진,98.4,826470000,100.3277,N
20201010275 - 00,20201013,북부원예출장소 신축사업 도시.군관리계획(변경)결정 및 재해영향평가 등 용역,농촌진흥청 국립원예특작과학원,PQ,963531000,960385125,99.67350557,KG+보람,98.3,818456000,99.32,N
20201010275 - 00,20201013,북부원예출장소 신축사업 도시.군관리계획(변경)결정 및 재해영향평가 등 용역,농촌진흥청 국립원예특작과학원,PQ,963531000,960385125,99.67350557,화신+한성,98.17,829699000,100.649,N
20201010275 - 00,20201013,북부원예출장소 신축사업 도시.군관리계획(변경)결정 및 재해영향평가 등 용역,농촌진흥청 국립원예특작과학원,PQ,963531000,960385125,99.67350557,한도+대성,98.88,832600000,100.9537,N
20201010275 - 00,20201013,북부원예출장소 신축사업 도시.군관리계획(변경)결정 및 재해영향평가 등 용역,농촌진흥청 국립원예특작과학원,PQ,963531000,960385125,99.67350557,유신+성우,98.07,818192000,99.172,N
20201010275 - 00,20201013,북부원예출장소 신축사업 도시.군관리계획(변경)결정 및 재해영향평가 등 용역,농촌진흥청 국립원예특작과학원,PQ,963531000,960385125,99.67350557,경동,97.9,846837000,101.4591,N
20201010275 - 00,20201013,북부원예출장소 신축사업 도시.군관리계획(변경)결정 및 재해영향평가 등 용역,농촌진흥청 국립원예특작과학원,PQ,963531000,960385125,99.67350557,일신,93.2,849519000,101.581,N
20201010275 - 00,20201013,북부원예출장소 신축사업 도시.군관리계획(변경)결정 및 재해영향평가 등 용역,농촌진흥청 국립원예특작과학원,PQ,963531000,960385125,99.67350557,동부,92.23,850190000,101.381,N
20201010454 - 00,20201013,양산시 지방상수도 현대화사업 기본 및 실시설계 용역 ,경상남도 양산시,PQ,3306250000,3265029375,98.75325142,수성+건화+삼안+경호+서화(서용),100,2454100000,101.6865,N
20201010454 - 00,20201013,양산시 지방상수도 현대화사업 기본 및 실시설계 용역 ,경상남도 양산시,PQ,3306250000,3265029375,98.75325142,도화+한성,98,2432123000,99.0392,Y
20201010454 - 00,20201013,양산시 지방상수도 현대화사업 기본 및 실시설계 용역 ,경상남도 양산시,PQ,3306250000,3265029375,98.75325142,화신+혜인,96.95,2459180000,99.2325,N
20201011524 - 00,20201014,고요 아리랑 민속마을 조성사업 감독권한 대행등 건설사업관리용역,경상북도 문경시,PQ,776000000,781261325,100.6780058,도화+청우,99.98,673400000,101.4892,Y
20201011524 - 00,20201014,고요 아리랑 민속마을 조성사업 감독권한 대행등 건설사업관리용역,경상북도 문경시,PQ,776000000,781261325,100.6780058,건화+동진(도담),99.88,662933000,99.8883,N
20201011524 - 00,20201014,고요 아리랑 민속마을 조성사업 감독권한 대행등 건설사업관리용역,경상북도 문경시,PQ,776000000,781261325,100.6780058,한종+한백,98.85,667300000,100.2767,N
E062000506-1,20201014,고흥만 수상태양광 발전사업 사후환경영향조사 용역,한국남동발전(주),PQ,647087844,646933508,99.97614914,도화,99.01,555270000,100.3692,N
E062000506-1,20201014,고흥만 수상태양광 발전사업 사후환경영향조사 용역,한국남동발전(주),PQ,647087844,646933508,99.97614914,동일+서영+다원,98.79,554700000,100.2661,Y
E062000506-1,20201014,고흥만 수상태양광 발전사업 사후환경영향조사 용역,한국남동발전(주),PQ,647087844,646933508,99.97614914,유신+레오,98.39,552730000,99.91,N
E062000506-1,20201014,고흥만 수상태양광 발전사업 사후환경영향조사 용역,한국남동발전(주),PQ,647087844,646933508,99.97614914,건화+신일,98.5,584000000,105.5376,N
2004149 - 00,20201015,행복도시 4-2생활권 및 1-1생활권 조경공사 시공단계 건설사업관리용역 ,한국토지주택공사,PQ,1358999000,1350860635,99.40115004,한종+선진,98.67,1130000000,102.7488,Y
2004149 - 00,20201015,행복도시 4-2생활권 및 1-1생활권 조경공사 시공단계 건설사업관리용역 ,한국토지주택공사,PQ,1358999000,1350860635,99.40115004,도화,95.85,1133900000,100.6531,N
2004083 - 00,20201015,경산대임 공공주택지구 지구외 도로 조사설계용역,한국토지주택공사,PQ,2759548000,2765001000,100.1976048,경동+수성+장맥,98.64,2254670000,100.9256,Y
2004083 - 00,20201015,경산대임 공공주택지구 지구외 도로 조사설계용역,한국토지주택공사,PQ,2759548000,2765001000,100.1976048,삼안+서영+신성+동일+주하,97.79,2243340000,99.6919,N
2004083 - 00,20201015,경산대임 공공주택지구 지구외 도로 조사설계용역,한국토지주택공사,PQ,2759548000,2765001000,100.1976048,용마+도화+KG+한올,97.66,2280740000,101.2422,N
2004083 - 00,20201015,경산대임 공공주택지구 지구외 도로 조사설계용역,한국토지주택공사,PQ,2759548000,2765001000,100.1976048,동부+건화+선일,97.57,2240040000,99.3503,N
2004083 - 00,20201015,경산대임 공공주택지구 지구외 도로 조사설계용역,한국토지주택공사,PQ,2759548000,2765001000,100.1976048,한종+동명+일신+우진,97.55,2248900000,99.7311,N
2004083 - 00,20201015,경산대임 공공주택지구 지구외 도로 조사설계용역,한국토지주택공사,PQ,2759548000,2765001000,100.1976048,홍익+동성+진우,96.99,2295635000,101.32,N
2004083 - 00,20201015,경산대임 공공주택지구 지구외 도로 조사설계용역,한국토지주택공사,PQ,2759548000,2765001000,100.1976048,평화+제일+유신+선진+바우,96.98,2290900000,101.0987,N
2004083 - 00,20201015,경산대임 공공주택지구 지구외 도로 조사설계용역,한국토지주택공사,PQ,2759548000,2765001000,100.1976048,이산+한맥+천마,96.78,2240000000,98.6842,N
20201014714 - 00,20201016,영종~신도 평화도로 건설공사 건설사업관리용역,인천광역시 종합건설본부,SOQ,4830000000,4809774375,99.58125,건화+경동+대한건설+한승(KIC),98.19,3664800000,102.3205,Y
20201014714 - 00,20201016,영종~신도 평화도로 건설공사 건설사업관리용역,인천광역시 종합건설본부,SOQ,4830000000,4809774375,99.58125,도화+서영+일진+동남+정방,97.44,3589685000,99.5788,N
20201014714 - 00,20201016,영종~신도 평화도로 건설공사 건설사업관리용역,인천광역시 종합건설본부,SOQ,4830000000,4809774375,99.58125,동성+동명+고산+명인,95.47,3589550000,97.9219,N
20201014714 - 00,20201016,영종~신도 평화도로 건설공사 건설사업관리용역,인천광역시 종합건설본부,SOQ,4830000000,4809774375,99.58125,용마+이산+평화+한서,94.74,3767500000,102.1437,N
20201014714 - 00,20201016,영종~신도 평화도로 건설공사 건설사업관리용역,인천광역시 종합건설본부,SOQ,4830000000,4809774375,99.58125,다산+천일+장원+바우,93.77,3804000000,102.3027,N
20201014912 - 02,20201016,군부대이전사업 개발구상 및 사업실행전략 수립용역,인천도시공사,PQ,403700000,401808700,99.53150855,삼안+장원,100,351780000,100.4542,N
20201014912 - 02,20201016,군부대이전사업 개발구상 및 사업실행전략 수립용역,인천도시공사,PQ,403700000,401808700,99.53150855,동명+도담,99.8,349750000,99.8515,N
20201014912 - 02,20201016,군부대이전사업 개발구상 및 사업실행전략 수립용역,인천도시공사,PQ,403700000,401808700,99.53150855,도화+명인,99.66,352560000,100.6421,N
20201014912 - 02,20201016,군부대이전사업 개발구상 및 사업실행전략 수립용역,인천도시공사,PQ,403700000,401808700,99.53150855,KG+청해,99.03,348170000,99.3202,N
20201014912 - 02,20201016,군부대이전사업 개발구상 및 사업실행전략 수립용역,인천도시공사,PQ,403700000,401808700,99.53150855,유신+한서,98.88,349471000,99.6799,Y
20201014912 - 02,20201016,군부대이전사업 개발구상 및 사업실행전략 수립용역,인천도시공사,PQ,403700000,401808700,99.53150855,건화+극동,98.27,353600000,100.7996,N
20201014912 - 02,20201016,군부대이전사업 개발구상 및 사업실행전략 수립용역,인천도시공사,PQ,403700000,401808700,99.53150855,동일+바우,97.54,348000000,99.1348,N
20201014912 - 02,20201016,군부대이전사업 개발구상 및 사업실행전략 수립용역,인천도시공사,PQ,403700000,401808700,99.53150855,대콘+경서인텍,97.48,353110000,100.5789,N
20201014912 - 02,20201016,군부대이전사업 개발구상 및 사업실행전략 수립용역,인천도시공사,PQ,403700000,401808700,99.53150855,한종+경서,97.4,352200000,100.3081,N
20201014912 - 02,20201016,군부대이전사업 개발구상 및 사업실행전략 수립용역,인천도시공사,PQ,403700000,401808700,99.53150855,수성+일진,97.15,347787000,99.0285,N
20201014912 - 02,20201016,군부대이전사업 개발구상 및 사업실행전략 수립용역,인천도시공사,PQ,403700000,401808700,99.53150855,선진+고산,95.74,347700000,98.8674,N
20201014912 - 02,20201016,군부대이전사업 개발구상 및 사업실행전략 수립용역,인천도시공사,PQ,403700000,401808700,99.53150855,이산+정방,93.89,360000000,102.1889,N
20201015912 - 00,20201016,평택진위테크노밸리 환경영향평가용역,경기주택도시공사,PQ,1351812000,1350318300,99.88950387,동명+중천,99.59,1068000000,100.9456,Y
20201015912 - 00,20201016,평택진위테크노밸리 환경영향평가용역,경기주택도시공사,PQ,1351812000,1350318300,99.88950387,신성+평화+효산,98.84,1060178000,99.5955,N
20201015912 - 00,20201016,평택진위테크노밸리 환경영향평가용역,경기주택도시공사,PQ,1351812000,1350318300,99.88950387,수성+보드+국토,98.64,1061189999,99.5262,N
20201015912 - 00,20201016,평택진위테크노밸리 환경영향평가용역,경기주택도시공사,PQ,1351812000,1350318300,99.88950387,서영+레오,98.61,1077570000,101.0496,N
20201015912 - 00,20201016,평택진위테크노밸리 환경영향평가용역,경기주택도시공사,PQ,1351812000,1350318300,99.88950387,이산+드림+엔탑,98.61,1074947000,100.8037,N
20201015912 - 00,20201016,평택진위테크노밸리 환경영향평가용역,경기주택도시공사,PQ,1351812000,1350318300,99.88950387,유신+KG+대현,98.56,1057849000,99.15,N
20201015912 - 00,20201016,평택진위테크노밸리 환경영향평가용역,경기주택도시공사,PQ,1351812000,1350318300,99.88950387,도화+라임+신일,98.41,1081000000,101.2045,N
20201015912 - 00,20201016,평택진위테크노밸리 환경영향평가용역,경기주택도시공사,PQ,1351812000,1350318300,99.88950387,홍익+선진+DS,98.12,1055610000,98.5904,N
20201015912 - 00,20201016,평택진위테크노밸리 환경영향평가용역,경기주택도시공사,PQ,1351812000,1350318300,99.88950387,건화+우신,98.06,1089900000,101.7416,N
20201015912 - 00,20201016,평택진위테크노밸리 환경영향평가용역,경기주택도시공사,PQ,1351812000,1350318300,99.88950387,한맥+소운+천일,97.99,1088400000,101.5516,N
20201015912 - 00,20201016,평택진위테크노밸리 환경영향평가용역,경기주택도시공사,PQ,1351812000,1350318300,99.88950387,동성+퍼스트+동아,97.59,1095500000,101.8787,N
20201015912 - 00,20201016,평택진위테크노밸리 환경영향평가용역,경기주택도시공사,PQ,1351812000,1350318300,99.88950387,동일+마린+원정,97.52,1099000000,102.1528,N
20201015912 - 00,20201016,평택진위테크노밸리 환경영향평가용역,경기주택도시공사,PQ,1351812000,1350318300,99.88950387,다산+삼안+휴먼,97.37,1101980000,102.3012,N
20201015912 - 00,20201016,평택진위테크노밸리 환경영향평가용역,경기주택도시공사,PQ,1351812000,1350318300,99.88950387,동부+경동,97.09,1112023000,103.0009,N
20201015691 - 00,20201016,무정처리분구 하수관로 정비사업 등 4건 통합건설사업관리용역,전라남도 담양군,PQ,1896221000,1901829125,100.2957527,한종+우리종합,100,1480200000,100.084,N
20201015691 - 00,20201016,무정처리분구 하수관로 정비사업 등 4건 통합건설사업관리용역,전라남도 담양군,PQ,1896221000,1901829125,100.2957527,신명+범한,100,1482500000,100.2395,N
20201015691 - 00,20201016,무정처리분구 하수관로 정비사업 등 4건 통합건설사업관리용역,전라남도 담양군,PQ,1896221000,1901829125,100.2957527,경동+우영,100,1472746000,99.58,N
20201015691 - 00,20201016,무정처리분구 하수관로 정비사업 등 4건 통합건설사업관리용역,전라남도 담양군,PQ,1896221000,1901829125,100.2957527,동명+원우,99.95,1481200000,100.1003,N
20201015691 - 00,20201016,무정처리분구 하수관로 정비사업 등 4건 통합건설사업관리용역,전라남도 담양군,PQ,1896221000,1901829125,100.2957527,도화+평화,99.88,1478900000,99.8936,N
20201015691 - 00,20201016,무정처리분구 하수관로 정비사업 등 4건 통합건설사업관리용역,전라남도 담양군,PQ,1896221000,1901829125,100.2957527,한기+선진,99.85,1492700000,100.8,Y
20201015691 - 00,20201016,무정처리분구 하수관로 정비사업 등 4건 통합건설사업관리용역,전라남도 담양군,PQ,1896221000,1901829125,100.2957527,삼안+동아,99.73,1469930000,99.1608,N
20201015691 - 00,20201016,무정처리분구 하수관로 정비사업 등 4건 통합건설사업관리용역,전라남도 담양군,PQ,1896221000,1901829125,100.2957527,건화+신오,99.7,1493000000,100.6913,N
20201015691 - 00,20201016,무정처리분구 하수관로 정비사업 등 4건 통합건설사업관리용역,전라남도 담양군,PQ,1896221000,1901829125,100.2957527,천일+우빈,99.7,1498910000,101.0899,N
20201015691 - 00,20201016,무정처리분구 하수관로 정비사업 등 4건 통합건설사업관리용역,전라남도 담양군,PQ,1896221000,1901829125,100.2957527,KG+진성,99.67,1469480000,99.0797,N
20201015691 - 00,20201016,무정처리분구 하수관로 정비사업 등 4건 통합건설사업관리용역,전라남도 담양군,PQ,1896221000,1901829125,100.2957527,서영+건영+건양,99.54,1510600000,101.7481,N
20201015691 - 00,20201016,무정처리분구 하수관로 정비사업 등 4건 통합건설사업관리용역,전라남도 담양군,PQ,1896221000,1901829125,100.2957527,유신+중원,99.53,1465682000,98.71,N
20201015691 - 00,20201016,무정처리분구 하수관로 정비사업 등 4건 통합건설사업관리용역,전라남도 담양군,PQ,1896221000,1901829125,100.2957527,동성+하이콘,99.5,1465720000,98.7,N
20201015691 - 00,20201016,무정처리분구 하수관로 정비사업 등 4건 통합건설사업관리용역,전라남도 담양군,PQ,1896221000,1901829125,100.2957527,이산+영진,99.43,1466666000,98.7007,N
20201015691 - 00,20201016,무정처리분구 하수관로 정비사업 등 4건 통합건설사업관리용역,전라남도 담양군,PQ,1896221000,1901829125,100.2957527,동일+경호+SE,99.38,1468600000,98.793,N
20201015691 - 00,20201016,무정처리분구 하수관로 정비사업 등 4건 통합건설사업관리용역,전라남도 담양군,PQ,1896221000,1901829125,100.2957527,경원+다우,99.33,1468090000,98.7209,N
20201015691 - 00,20201016,무정처리분구 하수관로 정비사업 등 4건 통합건설사업관리용역,전라남도 담양군,PQ,1896221000,1901829125,100.2957527,대콘+동신,99.2,1466500000,98.501,N
20201015691 - 00,20201016,무정처리분구 하수관로 정비사업 등 4건 통합건설사업관리용역,전라남도 담양군,PQ,1896221000,1901829125,100.2957527,수성+산이,98.78,1516350000,101.5002,N
20201015691 - 00,20201016,무정처리분구 하수관로 정비사업 등 4건 통합건설사업관리용역,전라남도 담양군,PQ,1896221000,1901829125,100.2957527,제일+원진,98.37,1782000000,118.8897,N
진주국토관리사무소 공고 제2020 - 35호,20201019,진주국토 관내 도로병목지점 통합 건설사업관리용역 ,부산지방국토관리청 진주국토관리사무소,PQ,2168600000,2160641275,99.63300171,건화,100,1809500000,100.5373,N
진주국토관리사무소 공고 제2020 - 35호,20201019,진주국토 관내 도로병목지점 통합 건설사업관리용역 ,부산지방국토관리청 진주국토관리사무소,PQ,2168600000,2160641275,99.63300171,도화+삼보,100,1788800000,99.3872,N
진주국토관리사무소 공고 제2020 - 35호,20201019,진주국토 관내 도로병목지점 통합 건설사업관리용역 ,부산지방국토관리청 진주국토관리사무소,PQ,2168600000,2160641275,99.63300171,동명+KSM,100,1799880000,100.0028,N
진주국토관리사무소 공고 제2020 - 35호,20201019,진주국토 관내 도로병목지점 통합 건설사업관리용역 ,부산지방국토관리청 진주국토관리사무소,PQ,2168600000,2160641275,99.63300171,동성+DS,100,1798930000,99.95,N
진주국토관리사무소 공고 제2020 - 35호,20201019,진주국토 관내 도로병목지점 통합 건설사업관리용역 ,부산지방국토관리청 진주국토관리사무소,PQ,2168600000,2160641275,99.63300171,드림,100,1803370000,100.1967,N
진주국토관리사무소 공고 제2020 - 35호,20201019,진주국토 관내 도로병목지점 통합 건설사업관리용역 ,부산지방국토관리청 진주국토관리사무소,PQ,2168600000,2160641275,99.63300171,수성+천마,100,1804779999,100.275,N
진주국토관리사무소 공고 제2020 - 35호,20201019,진주국토 관내 도로병목지점 통합 건설사업관리용역 ,부산지방국토관리청 진주국토관리사무소,PQ,2168600000,2160641275,99.63300171,신명+동남,100,1805000000,100.2873,N
진주국토관리사무소 공고 제2020 - 35호,20201019,진주국토 관내 도로병목지점 통합 건설사업관리용역 ,부산지방국토관리청 진주국토관리사무소,PQ,2168600000,2160641275,99.63300171,신성+건일,100,1808000000,100.454,N
진주국토관리사무소 공고 제2020 - 35호,20201019,진주국토 관내 도로병목지점 통합 건설사업관리용역 ,부산지방국토관리청 진주국토관리사무소,PQ,2168600000,2160641275,99.63300171,천일+홍익,100,1806970000,100.3967,N
진주국토관리사무소 공고 제2020 - 35호,20201019,진주국토 관내 도로병목지점 통합 건설사업관리용역 ,부산지방국토관리청 진주국토관리사무소,PQ,2168600000,2160641275,99.63300171,KG,100,1796590000,99.82,Y
진주국토관리사무소 공고 제2020 - 35호,20201019,진주국토 관내 도로병목지점 통합 건설사업관리용역 ,부산지방국토관리청 진주국토관리사무소,PQ,2168600000,2160641275,99.63300171,경동+청명,100,1792270000,99.58,N
진주국토관리사무소 공고 제2020 - 35호,20201019,진주국토 관내 도로병목지점 통합 건설사업관리용역 ,부산지방국토관리청 진주국토관리사무소,PQ,2168600000,2160641275,99.63300171,다산+동부,100,1789391000,99.42,N
진주국토관리사무소 공고 제2020 - 35호,20201019,진주국토 관내 도로병목지점 통합 건설사업관리용역 ,부산지방국토관리청 진주국토관리사무소,PQ,2168600000,2160641275,99.63300171,한맥+이산,100,1808800000,100.4984,N
진주국토관리사무소 공고 제2020 - 35호,20201019,진주국토 관내 도로병목지점 통합 건설사업관리용역 ,부산지방국토관리청 진주국토관리사무소,PQ,2168600000,2160641275,99.63300171,대콘,99.9,1790349000,99.4253,N
진주국토관리사무소 공고 제2020 - 35호,20201019,진주국토 관내 도로병목지점 통합 건설사업관리용역 ,부산지방국토관리청 진주국토관리사무소,PQ,2168600000,2160641275,99.63300171,극동+화신,99.8,1814534000,100.7199,N
진주국토관리사무소 공고 제2020 - 35호,20201019,진주국토 관내 도로병목지점 통합 건설사업관리용역 ,부산지방국토관리청 진주국토관리사무소,PQ,2168600000,2160641275,99.63300171,선진,99.7,1818290000,100.8798,N
진주국토관리사무소 공고 제2020 - 35호,20201019,진주국토 관내 도로병목지점 통합 건설사업관리용역 ,부산지방국토관리청 진주국토관리사무소,PQ,2168600000,2160641275,99.63300171,용마,99.7,1790536000,99.34,N
진주국토관리사무소 공고 제2020 - 35호,20201019,진주국토 관내 도로병목지점 통합 건설사업관리용역 ,부산지방국토관리청 진주국토관리사무소,PQ,2168600000,2160641275,99.63300171,평화+한올,99.64,1820750000,100.9799,N
진주국토관리사무소 공고 제2020 - 35호,20201019,진주국토 관내 도로병목지점 통합 건설사업관리용역 ,부산지방국토관리청 진주국토관리사무소,PQ,2168600000,2160641275,99.63300171,삼안+천진,99.6,1788600000,99.1849,N
진주국토관리사무소 공고 제2020 - 35호,20201019,진주국토 관내 도로병목지점 통합 건설사업관리용역 ,부산지방국토관리청 진주국토관리사무소,PQ,2168600000,2160641275,99.63300171,KCI,99.6,1824000000,101.1479,N
진주국토관리사무소 공고 제2020 - 35호,20201019,진주국토 관내 도로병목지점 통합 건설사업관리용역 ,부산지방국토관리청 진주국토관리사무소,PQ,2168600000,2160641275,99.63300171,동일,99.5,1824000000,101.0993,N
진주국토관리사무소 공고 제2020 - 35호,20201019,진주국토 관내 도로병목지점 통합 건설사업관리용역 ,부산지방국토관리청 진주국토관리사무소,PQ,2168600000,2160641275,99.63300171,하이콘+태조,99.5,1822890000,101.0378,N
진주국토관리사무소 공고 제2020 - 35호,20201019,진주국토 관내 도로병목지점 통합 건설사업관리용역 ,부산지방국토관리청 진주국토관리사무소,PQ,2168600000,2160641275,99.63300171,한종+장맥,99.5,1792500000,99.3533,N
진주국토관리사무소 공고 제2020 - 35호,20201019,진주국토 관내 도로병목지점 통합 건설사업관리용역 ,부산지방국토관리청 진주국토관리사무소,PQ,2168600000,2160641275,99.63300171,제일+삼영,99.48,1824600000,101.1204,N
진주국토관리사무소 공고 제2020 - 35호,20201019,진주국토 관내 도로병목지점 통합 건설사업관리용역 ,부산지방국토관리청 진주국토관리사무소,PQ,2168600000,2160641275,99.63300171,동아+진화,99.43,1827900000,101.2789,N
진주국토관리사무소 공고 제2020 - 35호,20201019,진주국토 관내 도로병목지점 통합 건설사업관리용역 ,부산지방국토관리청 진주국토관리사무소,PQ,2168600000,2160641275,99.63300171,경원,99.4,1833070000,101.5532,N
진주국토관리사무소 공고 제2020 - 35호,20201019,진주국토 관내 도로병목지점 통합 건설사업관리용역 ,부산지방국토관리청 진주국토관리사무소,PQ,2168600000,2160641275,99.63300171,우주+KRTC,99.3,1826400000,101.1351,N
진주국토관리사무소 공고 제2020 - 35호,20201019,진주국토 관내 도로병목지점 통합 건설사업관리용역 ,부산지방국토관리청 진주국토관리사무소,PQ,2168600000,2160641275,99.63300171,진우+범한,99.23,1833108000,101.47,N
진주국토관리사무소 공고 제2020 - 35호,20201019,진주국토 관내 도로병목지점 통합 건설사업관리용역 ,부산지방국토관리청 진주국토관리사무소,PQ,2168600000,2160641275,99.63300171,유신+일신,99.15,1831546000,101.347,N
진주국토관리사무소 공고 제2020 - 35호,20201019,진주국토 관내 도로병목지점 통합 건설사업관리용역 ,부산지방국토관리청 진주국토관리사무소,PQ,2168600000,2160641275,99.63300171,경호+서영,99.1,1860000000,102.8968,N
진영국토관리사무소 공고 제 2020 - 341 호,20201019,낙동강(하류) 하천운영사업 감독 권한대행 등 통합 건설사업관리용역 ,부산지방국토관리청 진영국토관리사무소,PQ,2042000000,2035215525,99.66775343,이산+경원,99.9,1702300000,100.3966,N
진영국토관리사무소 공고 제 2020 - 341 호,20201019,낙동강(하류) 하천운영사업 감독 권한대행 등 통합 건설사업관리용역 ,부산지방국토관리청 진영국토관리사무소,PQ,2042000000,2035215525,99.66775343,신명+건일,99.9,1700000000,100.261,N
진영국토관리사무소 공고 제 2020 - 341 호,20201019,낙동강(하류) 하천운영사업 감독 권한대행 등 통합 건설사업관리용역 ,부산지방국토관리청 진영국토관리사무소,PQ,2042000000,2035215525,99.66775343,삼보+건화,99.8,1703300000,100.4072,N
진영국토관리사무소 공고 제 2020 - 341 호,20201019,낙동강(하류) 하천운영사업 감독 권한대행 등 통합 건설사업관리용역 ,부산지방국토관리청 진영국토관리사무소,PQ,2042000000,2035215525,99.66775343,도화+동명,99.8,1703200000,100.4014,N
진영국토관리사무소 공고 제 2020 - 341 호,20201019,낙동강(하류) 하천운영사업 감독 권한대행 등 통합 건설사업관리용역 ,부산지방국토관리청 진영국토관리사무소,PQ,2042000000,2035215525,99.66775343,삼안+경호,99.8,1692900000,99.7942,Y
진영국토관리사무소 공고 제 2020 - 341 호,20201019,낙동강(하류) 하천운영사업 감독 권한대행 등 통합 건설사업관리용역 ,부산지방국토관리청 진영국토관리사무소,PQ,2042000000,2035215525,99.66775343,동부+한맥,99.8,1695551000,99.9505,N
진영국토관리사무소 공고 제 2020 - 341 호,20201019,낙동강(하류) 하천운영사업 감독 권한대행 등 통합 건설사업관리용역 ,부산지방국토관리청 진영국토관리사무소,PQ,2042000000,2035215525,99.66775343,경동+청명,99.6,1688346000,99.43,N
진영국토관리사무소 공고 제 2020 - 341 호,20201019,낙동강(하류) 하천운영사업 감독 권한대행 등 통합 건설사업관리용역 ,부산지방국토관리청 진영국토관리사무소,PQ,2042000000,2035215525,99.66775343,한종+장맥,99.5,1709800000,100.645,N
진영국토관리사무소 공고 제 2020 - 341 호,20201019,낙동강(하류) 하천운영사업 감독 권한대행 등 통합 건설사업관리용역 ,부산지방국토관리청 진영국토관리사무소,PQ,2042000000,2035215525,99.66775343,평화+삼경,99.46,1735700000,102.145,N
20201017683 - 00,20201019,하수도정비 중점관리지역(수민배수구역)정비사업 기본 및 실시설계용역,부산광역시 동래구,PQ,1490150000,1496390050,100.4187531,이산+거원,99.7,1177180000,101.0262,Y
20201017683 - 00,20201019,하수도정비 중점관리지역(수민배수구역)정비사업 기본 및 실시설계용역,부산광역시 동래구,PQ,1490150000,1496390050,100.4187531,동명+선일+대원기술,98.31,1170600000,99.3309,N
20201017683 - 00,20201019,하수도정비 중점관리지역(수민배수구역)정비사업 기본 및 실시설계용역,부산광역시 동래구,PQ,1490150000,1496390050,100.4187531,범한+HK+동성,98.1,1194000000,101.1502,N
20201017683 - 00,20201019,하수도정비 중점관리지역(수민배수구역)정비사업 기본 및 실시설계용역,부산광역시 동래구,PQ,1490150000,1496390050,100.4187531,삼안+수성+하나,97.81,1170180000,98.8951,N
20201017683 - 00,20201019,하수도정비 중점관리지역(수민배수구역)정비사업 기본 및 실시설계용역,부산광역시 동래구,PQ,1490150000,1496390050,100.4187531,제일+세일,97.74,1199240000,101.3,N
20201017683 - 00,20201019,하수도정비 중점관리지역(수민배수구역)정비사업 기본 및 실시설계용역,부산광역시 동래구,PQ,1490150000,1496390050,100.4187531,건화+한가람+정(대원),97.6,1202900000,101.4942,N
20201017683 - 00,20201019,하수도정비 중점관리지역(수민배수구역)정비사업 기본 및 실시설계용역,부산광역시 동래구,PQ,1490150000,1496390050,100.4187531,선진+평화+대진+씨엠,97.58,1202290000,101.43,N
20201017683 - 00,20201019,하수도정비 중점관리지역(수민배수구역)정비사업 기본 및 실시설계용역,부산광역시 동래구,PQ,1490150000,1496390050,100.4187531,도화+한진,97.56,1203500000,101.5065,N
20201017683 - 00,20201019,하수도정비 중점관리지역(수민배수구역)정비사업 기본 및 실시설계용역,부산광역시 동래구,PQ,1490150000,1496390050,100.4187531,유신+경성,97.5,1168293000,98.4999,N
20201017683 - 00,20201019,하수도정비 중점관리지역(수민배수구역)정비사업 기본 및 실시설계용역,부산광역시 동래구,PQ,1490150000,1496390050,100.4187531,한종+삼영,97.34,1198900000,100.941,N
20201017683 - 00,20201019,하수도정비 중점관리지역(수민배수구역)정비사업 기본 및 실시설계용역,부산광역시 동래구,PQ,1490150000,1496390050,100.4187531,화신+이화+KCI+주하,97.28,1210299000,101.8496,N
20201017683 - 00,20201019,하수도정비 중점관리지역(수민배수구역)정비사업 기본 및 실시설계용역,부산광역시 동래구,PQ,1490150000,1496390050,100.4187531,경동+정인+나우,96.7,1221000000,102.2756,N
20201017683 - 00,20201019,하수도정비 중점관리지역(수민배수구역)정비사업 기본 및 실시설계용역,부산광역시 동래구,PQ,1490150000,1496390050,100.4187531,건양+미래+도우,95.46,1241775000,103.0001,N
20201019026 - 01,20201020,금호~대창간 도로 4차로 확포장공사 실시설계(보완)용역 ,경상북도,PQ,300000000,298080000,99.36,건화+한백,100,259450000,99.6983,N
20201019026 - 01,20201020,금호~대창간 도로 4차로 확포장공사 실시설계(보완)용역 ,경상북도,PQ,300000000,298080000,99.36,바우+해인,100,259580000,99.7483,N
20201019026 - 01,20201020,금호~대창간 도로 4차로 확포장공사 실시설계(보완)용역 ,경상북도,PQ,300000000,298080000,99.36,경호+명성,100,260720000,100.1864,N
20201019026 - 01,20201020,금호~대창간 도로 4차로 확포장공사 실시설계(보완)용역 ,경상북도,PQ,300000000,298080000,99.36,경동+보원,100,258880000,99.4793,Y
20201019026 - 01,20201020,금호~대창간 도로 4차로 확포장공사 실시설계(보완)용역 ,경상북도,PQ,300000000,298080000,99.36,홍익+강동,100,260443000,100.0799,N
20201019026 - 01,20201020,금호~대창간 도로 4차로 확포장공사 실시설계(보완)용역 ,경상북도,PQ,300000000,298080000,99.36,다산+승보,100,260834000,100.2302,N
20201019026 - 01,20201020,금호~대창간 도로 4차로 확포장공사 실시설계(보완)용역 ,경상북도,PQ,300000000,298080000,99.36,극동+상금,100,259297000,99.6396,N
20201019026 - 01,20201020,금호~대창간 도로 4차로 확포장공사 실시설계(보완)용역 ,경상북도,PQ,300000000,298080000,99.36,서영+건일,100,259845000,99.8501,N
20201019026 - 01,20201020,금호~대창간 도로 4차로 확포장공사 실시설계(보완)용역 ,경상북도,PQ,300000000,298080000,99.36,신성+반석,99.87,262580000,100.8779,N
20201019026 - 01,20201020,금호~대창간 도로 4차로 확포장공사 실시설계(보완)용역 ,경상북도,PQ,300000000,298080000,99.36,드림+새길,99.21,258680000,99.3223,N
20201019026 - 01,20201020,금호~대창간 도로 4차로 확포장공사 실시설계(보완)용역 ,경상북도,PQ,300000000,298080000,99.36,대콘+정도,98.95,262849000,100.8998,N
20201019026 - 01,20201020,금호~대창간 도로 4차로 확포장공사 실시설계(보완)용역 ,경상북도,PQ,300000000,298080000,99.36,청명+수성,98.3,263142000,100.9425,N
20201019026 - 01,20201020,금호~대창간 도로 4차로 확포장공사 실시설계(보완)용역 ,경상북도,PQ,300000000,298080000,99.36,화신+KCI,98,257567000,98.7812,N
20201019026 - 01,20201020,금호~대창간 도로 4차로 확포장공사 실시설계(보완)용역 ,경상북도,PQ,300000000,298080000,99.36,이산+대성,97.64,257570000,98.7369,N
20201019026 - 01,20201020,금호~대창간 도로 4차로 확포장공사 실시설계(보완)용역 ,경상북도,PQ,300000000,298080000,99.36,한기+동아,97.15,258700000,99.1245,N
20201019026 - 01,20201020,금호~대창간 도로 4차로 확포장공사 실시설계(보완)용역 ,경상북도,PQ,300000000,298080000,99.36,삼안+현대기술,96.43,267300000,102.3491,N
20201018071 - 00,20201019,서소문고가 개축(성능개선) 기본설계 용역,서울특별시,PQ,738827000,737711425,99.84900728,천일+한맥+삼안,99.08,636370000,100.4988,N
20201018071 - 00,20201019,서소문고가 개축(성능개선) 기본설계 용역,서울특별시,PQ,738827000,737711425,99.84900728,유신+경동,98.54,633528000,99.9101,Y
20201018071 - 00,20201019,서소문고가 개축(성능개선) 기본설계 용역,서울특별시,PQ,738827000,737711425,99.84900728,한종+진우,98.1,631400000,99.4702,N
20201018071 - 00,20201019,서소문고가 개축(성능개선) 기본설계 용역,서울특별시,PQ,738827000,737711425,99.84900728,수성+동해,97.92,635888000,100.1306,N
20201018071 - 00,20201019,서소문고가 개축(성능개선) 기본설계 용역,서울특별시,PQ,738827000,737711425,99.84900728,동일+이산+보람,97.8,630000000,99.1688,N
20201018071 - 00,20201019,서소문고가 개축(성능개선) 기본설계 용역,서울특별시,PQ,738827000,737711425,99.84900728,동부+제일,97.62,640662000,100.8002,N
20201018071 - 00,20201019,서소문고가 개축(성능개선) 기본설계 용역,서울특별시,PQ,738827000,737711425,99.84900728,동명+대콘,97.48,645400000,101.5103,N
20201018071 - 00,20201019,서소문고가 개축(성능개선) 기본설계 용역,서울특별시,PQ,738827000,737711425,99.84900728,도화+건화(예당),96.86,630900000,99.0685,N
20201018071 - 00,20201019,서소문고가 개축(성능개선) 기본설계 용역,서울특별시,PQ,738827000,737711425,99.84900728,홍익+KRTC,95.7,650820000,101.901,N
20201018071 - 00,20201019,서소문고가 개축(성능개선) 기본설계 용역,서울특별시,PQ,738827000,737711425,99.84900728,KG+태조,95.38,632040000,98.8804,N
20201018071 - 00,20201019,서소문고가 개축(성능개선) 기본설계 용역,서울특별시,PQ,738827000,737711425,99.84900728,바우+서우+용마,93.06,662000000,102.9606,N
20201019590 - 00,20201020,수원시 자원회수시설 대보수사업 기본계획 보완 및 입찰안내서 작성,한국환경공단,PQ,347086000,348785025,100.4895112,건화+정,97.98,301100000,99.7996,N
20201019590 - 00,20201020,수원시 자원회수시설 대보수사업 기본계획 보완 및 입찰안내서 작성,한국환경공단,PQ,347086000,348785025,100.4895112,한종+평화+유신,97.7,302800000,100.34,N
20201019590 - 00,20201020,수원시 자원회수시설 대보수사업 기본계획 보완 및 입찰안내서 작성,한국환경공단,PQ,347086000,348785025,100.4895112,동부+선진+세원,97.61,302808000,100.3311,N
20201019590 - 00,20201020,수원시 자원회수시설 대보수사업 기본계획 보완 및 입찰안내서 작성,한국환경공단,PQ,347086000,348785025,100.4895112,도화+경호,97.38,300260000,99.464,N
20201019590 - 00,20201020,수원시 자원회수시설 대보수사업 기본계획 보완 및 입찰안내서 작성,한국환경공단,PQ,347086000,348785025,100.4895112,동일+삼안,97.31,305500000,101.1998,Y
20201019590 - 00,20201020,수원시 자원회수시설 대보수사업 기본계획 보완 및 입찰안내서 작성,한국환경공단,PQ,347086000,348785025,100.4895112,벽산+동해,95.34,299673000,99.0759,N
20201019876 - 00,20201020,"대자 1, 2 하수관로 정비사업 기본 및 실시설계용역",경기도 고양시,PQ,918170000,904803800,98.54425651,삼안+도화,99.93,785950000,100.0989,N
20201019876 - 00,20201020,"대자 1, 2 하수관로 정비사업 기본 및 실시설계용역",경기도 고양시,PQ,918170000,904803800,98.54425651,범한+서영,98.2,787100000,99.8019,N
20201019876 - 00,20201020,"대자 1, 2 하수관로 정비사업 기본 및 실시설계용역",경기도 고양시,PQ,918170000,904803800,98.54425651,선진+제일,98.07,797880000,101.1335,N
20201019876 - 00,20201020,"대자 1, 2 하수관로 정비사업 기본 및 실시설계용역",경기도 고양시,PQ,918170000,904803800,98.54425651,이산+동명,97.9,784899000,99.4418,Y
20201019876 - 00,20201020,"대자 1, 2 하수관로 정비사업 기본 및 실시설계용역",경기도 고양시,PQ,918170000,904803800,98.54425651,건화+한종,97.6,823000000,104.1962,N
익산지방국토관리청 공고 제2020-362호,20201020,영산강 나주지구 환경영향평가용역 ,익산지방국토관리청,PQ,628000000,625684275,99.63125398,이산+수성+한국환경,98.31,526710000,100.3422,N
익산지방국토관리청 공고 제2020-362호,20201020,영산강 나주지구 환경영향평가용역 ,익산지방국토관리청,PQ,628000000,625684275,99.63125398,도화+퍼스트,98.2,524287000,99.8328,Y
익산지방국토관리청 공고 제2020-362호,20201020,영산강 나주지구 환경영향평가용역 ,익산지방국토관리청,PQ,628000000,625684275,99.63125398,홍익+한기+중앙방재,98.02,531911000,101.1998,N
익산지방국토관리청 공고 제2020-362호,20201020,영산강 나주지구 환경영향평가용역 ,익산지방국토관리청,PQ,628000000,625684275,99.63125398,경동+삼안+동부+디에스,96.89,523975000,99.2276,N
익산지방국토관리청 공고 제2020-362호,20201020,영산강 나주지구 환경영향평가용역 ,익산지방국토관리청,PQ,628000000,625684275,99.63125398,동아+건화+우신,95.82,571480000,107.7369,N
20201019862 - 00,20201020,장사항 어촌뉴딜사업 기본 및 실시설계용역,강원도 속초시,PQ,603431000,592300750,98.15550577,삼안+서광,99.37,519200000,100.4745,N
20201019862 - 00,20201020,장사항 어촌뉴딜사업 기본 및 실시설계용역,강원도 속초시,PQ,603431000,592300750,98.15550577,세일+동서,99.34,516705000,99.98,N
20201019862 - 00,20201020,장사항 어촌뉴딜사업 기본 및 실시설계용역,강원도 속초시,PQ,603431000,592300750,98.15550577,서영+한울,99.17,521700000,100.8994,N
20201019862 - 00,20201020,장사항 어촌뉴딜사업 기본 및 실시설계용역,강원도 속초시,PQ,603431000,592300750,98.15550577,한종+정+동명,99.13,514300000,99.4566,N
20201019862 - 00,20201020,장사항 어촌뉴딜사업 기본 및 실시설계용역,강원도 속초시,PQ,603431000,592300750,98.15550577,유신+일신,98.74,523933000,101.2249,N
20201019862 - 00,20201020,장사항 어촌뉴딜사업 기본 및 실시설계용역,강원도 속초시,PQ,603431000,592300750,98.15550577,"건화+하나지오텍(삼기지질,한국공간정보)",98.66,514600000,99.3986,N
20201019862 - 00,20201020,장사항 어촌뉴딜사업 기본 및 실시설계용역,강원도 속초시,PQ,603431000,592300750,98.15550577,수성+미래,98.28,513689000,99.1302,Y
20201019862 - 00,20201020,장사항 어촌뉴딜사업 기본 및 실시설계용역,강원도 속초시,PQ,603431000,592300750,98.15550577,대영+이레,98.19,525800000,101.4437,N
20201019862 - 00,20201020,장사항 어촌뉴딜사업 기본 및 실시설계용역,강원도 속초시,PQ,603431000,592300750,98.15550577,혜인+삼경,98,515200000,99.3524,N
2020-02-000621-00,20201021,수원발 KTX 직결사업 노반신설 기타공사 감독 권한대행 등 건설사업관리용역 ,국가철도공단,종심제,6771088000,6768999119,99.96914999,이산+선진+서영+제일,87.38,5362500000,79.197,Y
2020-02-000621-00,20201021,수원발 KTX 직결사업 노반신설 기타공사 감독 권한대행 등 건설사업관리용역 ,국가철도공단,종심제,6771088000,6768999119,99.96914999,대콘+수성+동부,86.51,5308540000,78.4001,N
2020-02-000621-00,20201021,수원발 KTX 직결사업 노반신설 기타공사 감독 권한대행 등 건설사업관리용역 ,국가철도공단,종심제,6771088000,6768999119,99.96914999,동일+천일+선구,86.51,5501300000,81.2469,N
2020-02-000621-00,20201021,수원발 KTX 직결사업 노반신설 기타공사 감독 권한대행 등 건설사업관리용역 ,국가철도공단,종심제,6771088000,6768999119,99.96914999,삼안+KRTC+도화,84.76,5313000000,78.466,N
2020-02-000621-00,20201021,수원발 KTX 직결사업 노반신설 기타공사 감독 권한대행 등 건설사업관리용역 ,국가철도공단,종심제,6771088000,6768999119,99.96914999,태조+한종+동해,83.88,5315304000,78.5,N
2020-02-000620-00,20201021,호남고속철도 2단계(고막원~목포) 건설사업 제1공구 노반신설 기타공사 감독 권한대행 등 건설사업관리용역,국가철도공단,종심제,10229841000,10279228114,100.482775,서현+동명+신성,100,8358000000,81.7021,Y
2020-02-000620-00,20201021,호남고속철도 2단계(고막원~목포) 건설사업 제1공구 노반신설 기타공사 감독 권한대행 등 건설사업관리용역,국가철도공단,종심제,10229841000,10279228114,100.482775,대건+신승+일신,99,8383000000,81.9465,N
2020-02-000625-00,20201021,호남고속철도 2단계(고막원~목포) 건설사업 제3공구 노반신설 기타공사 감독 권한대행 등 건설사업관리용역,국가철도공단,종심제,9517208000,9486331083,99.67556749,KRTC+삼안+도화,97.76,7450000000,78.2793,Y
2020-02-000625-00,20201021,호남고속철도 2단계(고막원~목포) 건설사업 제3공구 노반신설 기타공사 감독 권한대행 등 건설사업관리용역,국가철도공단,종심제,9517208000,9486331083,99.67556749,유신+삼보+건화,96.78,7766000000,81.5996,N
2020-02-000625-00,20201021,호남고속철도 2단계(고막원~목포) 건설사업 제3공구 노반신설 기타공사 감독 권한대행 등 건설사업관리용역,국가철도공단,종심제,9517208000,9486331083,99.67556749,동부+대콘+수성,95.8,7469000000,78.4789,N
2020-02-000624-00 ,20201021,호남고속철도 2단계(고막원~목포) 건설사업 제6공구 노반신설 기타공사 감독 권한대행 등 건설사업관리용역,국가철도공단,종심제,9803238000,9726462960,99.21683999,도화+KRTC+삼안,97.16,8137000000,83.0032,Y
2020-02-000624-00 ,20201021,호남고속철도 2단계(고막원~목포) 건설사업 제6공구 노반신설 기타공사 감독 권한대행 등 건설사업관리용역,국가철도공단,종심제,9803238000,9726462960,99.21683999,동명+서현+다산,96.19,8132900000,82.9614,N
2020-02-000623-00,20201021,호남고속철도 2단계(고막원~목포) 건설사업 제7공구 노반신설 기타공사 감독 권한대행 등 건설사업관리용역,국가철도공단,종심제,10249500000,10157329064,99.10072749,수성+대콘+동부,94.93,8035500000,78.3989,Y
2020-02-000623-00,20201021,호남고속철도 2단계(고막원~목포) 건설사업 제7공구 노반신설 기타공사 감독 권한대행 등 건설사업관리용역,국가철도공단,종심제,10249500000,10157329064,99.10072749,천일+동일+선구,93.98,8035000000,78.3941,N
2020-02-000623-00,20201021,호남고속철도 2단계(고막원~목포) 건설사업 제7공구 노반신설 기타공사 감독 권한대행 등 건설사업관리용역,국가철도공단,종심제,10249500000,10157329064,99.10072749,삼보+유신+경동,93.03,8300000000,80.9796,N
2020-02-000622-00,20201021,인천발 KTX 직결사업 노반신설 기타공사 감독 권한대행 등 건설사업관리용역,국가철도공단,종심제,8723248000,8664124660,99.3222325,유신+삼보+건화,96.85,7118100000,81.5992,Y
2020-02-000622-00,20201021,인천발 KTX 직결사업 노반신설 기타공사 감독 권한대행 등 건설사업관리용역,국가철도공단,종심제,8723248000,8664124660,99.3222325,KRTC+삼안+도화,95.89,6835000000,78.3538,N
2020-02-000622-00,20201021,인천발 KTX 직결사업 노반신설 기타공사 감독 권한대행 등 건설사업관리용역,국가철도공단,종심제,8723248000,8664124660,99.3222325,동부+대콘+수성,94.92,6846400000,78.4845,N
2020-02-000622-00,20201021,인천발 KTX 직결사업 노반신설 기타공사 감독 권한대행 등 건설사업관리용역,국가철도공단,종심제,8723248000,8664124660,99.3222325,이산+선진+제일+서영,93.95,6908000000,79.1907,N
2020-02-000622-00,20201021,인천발 KTX 직결사업 노반신설 기타공사 감독 권한대행 등 건설사업관리용역,국가철도공단,종심제,8723248000,8664124660,99.3222325,선구+천일+동일,92.98,6839000000,78.3997,N
2020-02-000626-00,20201021,인덕원~동탄 복선전철 제1공구 및 월곶~판교 복선전철 제8공구 건설공사 감독 권한대행 등 건설사업관리용역 ,국가철도공단,종심제,8799227000,8783871468,99.82548999,도화+KRTC+삼안,92.56,6863390000,77.9999,N
2020-02-000626-00,20201021,인덕원~동탄 복선전철 제1공구 및 월곶~판교 복선전철 제8공구 건설공사 감독 권한대행 등 건설사업관리용역 ,국가철도공단,종심제,8799227000,8783871468,99.82548999,대콘+수성+동부,91.63,6898594000,78.4,Y
2020-02-000626-00,20201021,인덕원~동탄 복선전철 제1공구 및 월곶~판교 복선전철 제8공구 건설공사 감독 권한대행 등 건설사업관리용역 ,국가철도공단,종심제,8799227000,8783871468,99.82548999,동일+천일+선구,90.71,7149100000,81.2469,N
2020-02-000626-00,20201021,인덕원~동탄 복선전철 제1공구 및 월곶~판교 복선전철 제8공구 건설공사 감독 권한대행 등 건설사업관리용역 ,국가철도공단,종심제,8799227000,8783871468,99.82548999,동명+서현+다산,89.78,7183000000,81.6322,N
2020-02-000626-00,20201021,인덕원~동탄 복선전철 제1공구 및 월곶~판교 복선전철 제8공구 건설공사 감독 권한대행 등 건설사업관리용역 ,국가철도공단,종심제,8799227000,8783871468,99.82548999,태조+건화+동해,88.86,6907393000,78.5,N
2020-02-000626-00,20201021,인덕원~동탄 복선전철 제1공구 및 월곶~판교 복선전철 제8공구 건설공사 감독 권한대행 등 건설사업관리용역 ,국가철도공단,종심제,8799227000,8783871468,99.82548999,선진+서영+제일,87.93,6890000000,78.3023,N
2020-02-000628-00,20201021,인덕원~동탄 복선전철 제9공구 건설공사 감독 권한대행 등 건설사업관리용역,국가철도공단,종심제,6322866000,6422987792,101.5834875,삼보+유신+경동,97.36,5121000000,80.9918,Y
2020-02-000628-00,20201021,인덕원~동탄 복선전철 제9공구 건설공사 감독 권한대행 등 건설사업관리용역,국가철도공단,종심제,6322866000,6422987792,101.5834875,수성+대콘+동부,96.39,4957150000,78.4004,N
2020-02-000628-00,20201021,인덕원~동탄 복선전철 제9공구 건설공사 감독 권한대행 등 건설사업관리용역,국가철도공단,종심제,6322866000,6422987792,101.5834875,선구+동일+천일,95.41,4957000000,78.398,N
2020-02-000628-00,20201021,인덕원~동탄 복선전철 제9공구 건설공사 감독 권한대행 등 건설사업관리용역,국가철도공단,종심제,6322866000,6422987792,101.5834875,제일+선진+이산,94.44,4957000000,78.398,N
2020-02-000628-00,20201021,인덕원~동탄 복선전철 제9공구 건설공사 감독 권한대행 등 건설사업관리용역,국가철도공단,종심제,6322866000,6422987792,101.5834875,동해+태조+한종,93.47,5028000000,79.5209,N
2020-02-000618-00,20201021,태백선 반송교 등 7개소 교량구조개선 기타공사 감독 권한대행 등 건설사업관리용역,국가철도공단,종심제,6770580000,6819850695,100.7277175,천일+동일+선구,98.88,5308000000,78.398,Y
2020-02-000618-00,20201021,태백선 반송교 등 7개소 교량구조개선 기타공사 감독 권한대행 등 건설사업관리용역,국가철도공단,종심제,6770580000,6819850695,100.7277175,신성+다산+경호+경동,97.89,5320000000,78.5752,N
2020-02-000618-00,20201021,태백선 반송교 등 7개소 교량구조개선 기타공사 감독 권한대행 등 건설사업관리용역,국가철도공단,종심제,6770580000,6819850695,100.7277175,서영+선진+제일+이산,96.9,5318000000,78.5457,N
2020-02-000618-00,20201021,태백선 반송교 등 7개소 교량구조개선 기타공사 감독 권한대행 등 건설사업관리용역,국가철도공단,종심제,6770580000,6819850695,100.7277175,한종+태조+동해,95.91,5313000000,78.4719,N
2020-02-000617-00 ,20201021,영동선 방기천교 등 4개소 교량구조개선 기타공사 감독 권한대행 등 건설사업관리용역,국가철도공단,종심제,6266735000,6228229046,99.38554999,다산+신성+경호+경동,92.877,5137000000,81.9725,Y
2020-02-000617-00 ,20201021,영동선 방기천교 등 4개소 교량구조개선 기타공사 감독 권한대행 등 건설사업관리용역,국가철도공단,종심제,6266735000,6228229046,99.38554999,이산+서영+선진+제일,91.948,5150000000,82.18,N
2020-02-000617-00 ,20201021,영동선 방기천교 등 4개소 교량구조개선 기타공사 감독 권한대행 등 건설사업관리용역,국가철도공단,종심제,6266735000,6228229046,99.38554999,삼안+KRTC+도화,91.019,4917000000,78.4619,N
2020-02-000617-00 ,20201021,영동선 방기천교 등 4개소 교량구조개선 기타공사 감독 권한대행 등 건설사업관리용역,국가철도공단,종심제,6266735000,6228229046,99.38554999,건화+태조+한종(한양티이씨),90.091,4900000000,78.1906,N
2020-02-000617-00 ,20201021,영동선 방기천교 등 4개소 교량구조개선 기타공사 감독 권한대행 등 건설사업관리용역,국가철도공단,종심제,6266735000,6228229046,99.38554999,대건+신승+일신,89.162,5013388000,80,N
20201021002 - 00,20201021,제2금장교 건설공사 감독권한대행 등 건설사업관리용역,경상북도 경주시,SOQ,2317073000,2291614175,98.90125063,유신+해동+청명,98.13,1875500000,102.2068,Y
20201021002 - 00,20201021,제2금장교 건설공사 감독권한대행 등 건설사업관리용역,경상북도 경주시,SOQ,2317073000,2291614175,98.90125063,수성+동성,93.75,1938000000,102.0062,N
20201021002 - 00,20201021,제2금장교 건설공사 감독권한대행 등 건설사업관리용역,경상북도 경주시,SOQ,2317073000,2291614175,98.90125063,삼보+선진+명성,93.5,1947000000,102.2804,N
20201021002 - 00,20201021,제2금장교 건설공사 감독권한대행 등 건설사업관리용역,경상북도 경주시,SOQ,2317073000,2291614175,98.90125063,건화+한도,93.25,1952000000,102.3437,N
20201021002 - 00,20201021,제2금장교 건설공사 감독권한대행 등 건설사업관리용역,경상북도 경주시,SOQ,2317073000,2291614175,98.90125063,이산+태성+KCI,93.25,1962610000,102.9,N
20201021002 - 00,20201021,제2금장교 건설공사 감독권한대행 등 건설사업관리용역,경상북도 경주시,SOQ,2317073000,2291614175,98.90125063,도화+상금,93.06,1967600000,102.9989,N
20201021002 - 00,20201021,제2금장교 건설공사 감독권한대행 등 건설사업관리용역,경상북도 경주시,SOQ,2317073000,2291614175,98.90125063,한종+해인,92.92,2112000000,110.4374,N
익산지방국토관리청 공고 제2020-365호,20201021,섬진강 섬진제 재해복구사업 건설사업관리용역 ,익산지방국토관리청,PQ,1672000000,1677764250,100.3447518,도화+삼보,100,1360000000,98.0056,N
익산지방국토관리청 공고 제2020-365호,20201021,섬진강 섬진제 재해복구사업 건설사업관리용역 ,익산지방국토관리청,PQ,1672000000,1677764250,100.3447518,삼안+한기,99.98,0,0,N
익산지방국토관리청 공고 제2020-365호,20201021,섬진강 섬진제 재해복구사업 건설사업관리용역 ,익산지방국토관리청,PQ,1672000000,1677764250,100.3447518,건화+경호,99.98,0,0,N
익산지방국토관리청 공고 제2020-365호,20201021,섬진강 섬진제 재해복구사업 건설사업관리용역 ,익산지방국토관리청,PQ,1672000000,1677764250,100.3447518,경동,99.9,1538700000,110.8298,Y
익산지방국토관리청 공고 제2020-365호,20201021,섬진강 섬진제 재해복구사업 건설사업관리용역 ,익산지방국토관리청,PQ,1672000000,1677764250,100.3447518,천일+산하,99.66,1383000000,99.4952,N
B5202003500,20201014,광역 및 공업용수도 자산관리체계 시범구축 용역,한국수자원공사,TP,3416000000,3429394737,100.3921176,HEC+건화+대콘(젤릭스),96.81,3122200000,91.3993,Y
B5202003500,20201014,광역 및 공업용수도 자산관리체계 시범구축 용역,한국수자원공사,TP,3416000000,3429394737,100.3921176,한종+도화+유신(분담),93.78,3149520000,92.1991,N
20201023890 - 00,20201022,대화천 생태하천복원사업(하천기본계획 변경) 전략환경영향평가용역,강원도 평창군,PQ,297132000,295760025,99.53826077,수성+일신+레오,99.56,258665000,100.3098,N
20201023890 - 00,20201022,대화천 생태하천복원사업(하천기본계획 변경) 전략환경영향평가용역,강원도 평창군,PQ,297132000,295760025,99.53826077,경동+그린환경,99.41,258267000,100.1324,N
20201023890 - 00,20201022,대화천 생태하천복원사업(하천기본계획 변경) 전략환경영향평가용역,강원도 평창군,PQ,297132000,295760025,99.53826077,동부+세현+삼경,99.24,258500000,100.2112,N
20201023890 - 00,20201022,대화천 생태하천복원사업(하천기본계획 변경) 전략환경영향평가용역,강원도 평창군,PQ,297132000,295760025,99.53826077,평화+선진환경,99.11,257690000,99.8857,N
20201023890 - 00,20201022,대화천 생태하천복원사업(하천기본계획 변경) 전략환경영향평가용역,강원도 평창군,PQ,297132000,295760025,99.53826077,건화+경원,99.1,256600000,99.4632,N
20201023890 - 00,20201022,대화천 생태하천복원사업(하천기본계획 변경) 전략환경영향평가용역,강원도 평창군,PQ,297132000,295760025,99.53826077,동일+정+CNS,98.95,259800000,100.692,N
20201023890 - 00,20201022,대화천 생태하천복원사업(하천기본계획 변경) 전략환경영향평가용역,강원도 평창군,PQ,297132000,295760025,99.53826077,신성+정원,98.91,259880000,100.7114,N
20201023890 - 00,20201022,대화천 생태하천복원사업(하천기본계획 변경) 전략환경영향평가용역,강원도 평창군,PQ,297132000,295760025,99.53826077,동명+자연과사람,98.81,258720000,100.2503,N
20201023890 - 00,20201022,대화천 생태하천복원사업(하천기본계획 변경) 전략환경영향평가용역,강원도 평창군,PQ,297132000,295760025,99.53826077,화신+동성+DS,98.64,257387000,99.7223,Y
20201023890 - 00,20201022,대화천 생태하천복원사업(하천기본계획 변경) 전략환경영향평가용역,강원도 평창군,PQ,297132000,295760025,99.53826077,도화+신일환경,98.51,256670000,99.4331,N
20201023890 - 00,20201022,대화천 생태하천복원사업(하천기본계획 변경) 전략환경영향평가용역,강원도 평창군,PQ,297132000,295760025,99.53826077,유신+동해,98.5,259450000,100.51,N
20201023890 - 00,20201022,대화천 생태하천복원사업(하천기본계획 변경) 전략환경영향평가용역,강원도 평창군,PQ,297132000,295760025,99.53826077,서영+중천,98.48,260330000,100.8509,N
20201023890 - 00,20201022,대화천 생태하천복원사업(하천기본계획 변경) 전략환경영향평가용역,강원도 평창군,PQ,297132000,295760025,99.53826077,동아+백두+퍼스트,98.44,256790000,99.4681,N
20201023890 - 00,20201022,대화천 생태하천복원사업(하천기본계획 변경) 전략환경영향평가용역,강원도 평창군,PQ,297132000,295760025,99.53826077,KCI+제일+강원길,98.42,260300000,100.8277,N
20201023890 - 00,20201022,대화천 생태하천복원사업(하천기본계획 변경) 전략환경영향평가용역,강원도 평창군,PQ,297132000,295760025,99.53826077,홍익+미래,98.3,256127000,99.1999,N
20201023890 - 00,20201022,대화천 생태하천복원사업(하천기본계획 변경) 전략환경영향평가용역,강원도 평창군,PQ,297132000,295760025,99.53826077,KG+동서,97.96,255130000,98.7796,N
20201023890 - 00,20201022,대화천 생태하천복원사업(하천기본계획 변경) 전략환경영향평가용역,강원도 평창군,PQ,297132000,295760025,99.53826077,한맥+진화,97.9,261150000,101.1104,N
20201023890 - 00,20201022,대화천 생태하천복원사업(하천기본계획 변경) 전략환경영향평가용역,강원도 평창군,PQ,297132000,295760025,99.53826077,삼안+서광,97.5,258280000,99.9532,N
20201023890 - 00,20201022,대화천 생태하천복원사업(하천기본계획 변경) 전략환경영향평가용역,강원도 평창군,PQ,297132000,295760025,99.53826077,다산+우신환경,97.38,255310000,98.7925,N
20201023890 - 00,20201022,대화천 생태하천복원사업(하천기본계획 변경) 전략환경영향평가용역,강원도 평창군,PQ,297132000,295760025,99.53826077,한국환경+대한환경,95.85,259182000,100.1411,N
20201023890 - 00,20201022,대화천 생태하천복원사업(하천기본계획 변경) 전략환경영향평가용역,강원도 평창군,PQ,297132000,295760025,99.53826077,대영+라임,95,262626000,101.3903,N
20201023804 - 00,20201022,용유 공공오수이송시설 설치공사 기본 및 실시설계 용역,인천광역시 경제자유구역청,PQ,1160654000,1147918775,98.9027544,건화+장원(테크피아),100,910800000,100.6129,N
20201023804 - 00,20201022,용유 공공오수이송시설 설치공사 기본 및 실시설계 용역,인천광역시 경제자유구역청,PQ,1160654000,1147918775,98.9027544,도화+극동,100,901631000,99.6,N
20201023804 - 00,20201022,용유 공공오수이송시설 설치공사 기본 및 실시설계 용역,인천광역시 경제자유구역청,PQ,1160654000,1147918775,98.9027544,한종+이산+도담,100,906157000,100.1,N
20201023804 - 00,20201022,용유 공공오수이송시설 설치공사 기본 및 실시설계 용역,인천광역시 경제자유구역청,PQ,1160654000,1147918775,98.9027544,KG+동남+평화,99.96,915380000,101.0799,N
20201023804 - 00,20201022,용유 공공오수이송시설 설치공사 기본 및 실시설계 용역,인천광역시 경제자유구역청,PQ,1160654000,1147918775,98.9027544,범한+바우,99.8,900500000,99.3095,N
20201023804 - 00,20201022,용유 공공오수이송시설 설치공사 기본 및 실시설계 용역,인천광역시 경제자유구역청,PQ,1160654000,1147918775,98.9027544,동명+일진,99.42,899900000,98.9268,Y
20201023804 - 00,20201022,용유 공공오수이송시설 설치공사 기본 및 실시설계 용역,인천광역시 경제자유구역청,PQ,1160654000,1147918775,98.9027544,선진+유신+한서,99.36,921200000,101.2296,N
20201023804 - 00,20201022,용유 공공오수이송시설 설치공사 기본 및 실시설계 용역,인천광역시 경제자유구역청,PQ,1160654000,1147918775,98.9027544,제일+고산,99.26,900350000,98.8501,N
20201023804 - 00,20201022,용유 공공오수이송시설 설치공사 기본 및 실시설계 용역,인천광역시 경제자유구역청,PQ,1160654000,1147918775,98.9027544,삼안+브니엘,99.14,929940000,101.9949,N
20201023804 - 00,20201022,용유 공공오수이송시설 설치공사 기본 및 실시설계 용역,인천광역시 경제자유구역청,PQ,1160654000,1147918775,98.9027544,화신+건양+정방+세원,97.8,1018880000,110.5535,N
20201023402 - 00,20201022,광승항 어촌뉴딜300사업 어항SOC분야 기본 및 실시설계 용역,한국농어촌공사 전북지역본부,PQ,543915000,539729600,99.23050477,세일+이산,100,470818000,99.7878,N
20201023402 - 00,20201022,광승항 어촌뉴딜300사업 어항SOC분야 기본 및 실시설계 용역,한국농어촌공사 전북지역본부,PQ,543915000,539729600,99.23050477,유신+평화,99.88,473329000,100.32,N
20201023402 - 00,20201022,광승항 어촌뉴딜300사업 어항SOC분야 기본 및 실시설계 용역,한국농어촌공사 전북지역본부,PQ,543915000,539729600,99.23050477,서영+동명,99.88,473240000,100.3012,N
20201023402 - 00,20201022,광승항 어촌뉴딜300사업 어항SOC분야 기본 및 실시설계 용역,한국농어촌공사 전북지역본부,PQ,543915000,539729600,99.23050477,한종+수성E,98.91,472330000,100.1083,N
20201023402 - 00,20201022,광승항 어촌뉴딜300사업 어항SOC분야 기본 및 실시설계 용역,한국농어촌공사 전북지역본부,PQ,543915000,539729600,99.23050477,항도+동해,98.89,470730000,99.7692,Y
20201023402 - 00,20201022,광승항 어촌뉴딜300사업 어항SOC분야 기본 및 실시설계 용역,한국농어촌공사 전북지역본부,PQ,543915000,539729600,99.23050477,건화+대양,98.81,475700000,100.8225,N
20201023707 - 00,20201023,태백웰니스 항노화산업 특화단지 조성사업 환경영향평가용역,강원도개발공사,PQ,1245340000,1247183150,100.1480038,동명+서영+동해+진화+DS,98.47,992700000,100.9347,Y
20201023707 - 00,20201023,태백웰니스 항노화산업 특화단지 조성사업 환경영향평가용역,강원도개발공사,PQ,1245340000,1247183150,100.1480038,평화+도화+화신+자연,97.35,987430000,99.4918,N
20201023707 - 00,20201023,태백웰니스 항노화산업 특화단지 조성사업 환경영향평가용역,강원도개발공사,PQ,1245340000,1247183150,100.1480038,동일+신성+정+그린,97.19,1007000000,101.3365,N
20201023707 - 00,20201023,태백웰니스 항노화산업 특화단지 조성사업 환경영향평가용역,강원도개발공사,PQ,1245340000,1247183150,100.1480038,건화+우신+경원,96.68,986000000,98.8146,N
20201023707 - 00,20201023,태백웰니스 항노화산업 특화단지 조성사업 환경영향평가용역,강원도개발공사,PQ,1245340000,1247183150,100.1480038,이산+유신+중천+한국환경,96.65,985720000,98.7618,N
20201023707 - 00,20201023,태백웰니스 항노화산업 특화단지 조성사업 환경영향평가용역,강원도개발공사,PQ,1245340000,1247183150,100.1480038,삼안+동성+서광,96.26,1019700000,101.8487,N
20201023707 - 00,20201023,태백웰니스 항노화산업 특화단지 조성사업 환경영향평가용역,강원도개발공사,PQ,1245340000,1247183150,100.1480038,홍익+천일+일신+세현,96.16,1095899000,109.3779,N
20201024986 - 00,20201023,단양 가평지구 침수지역 개선복구사업 기본 및 실시설계용역,충청북도 단양군,PQ,1610400000,1594851625,99.0345023,도화+영진+삼경+주하,98.48,1270500000,99.8967,Y
20201024986 - 00,20201023,단양 가평지구 침수지역 개선복구사업 기본 및 실시설계용역,충청북도 단양군,PQ,1610400000,1594851625,99.0345023,이산+홍익+용마,98.08,1271200000,99.6364,N
20201024986 - 00,20201023,단양 가평지구 침수지역 개선복구사업 기본 및 실시설계용역,충청북도 단양군,PQ,1610400000,1594851625,99.0345023,한종+도우+JCN+서광,97.91,1289200000,100.9071,N
20201024986 - 00,20201023,단양 가평지구 침수지역 개선복구사업 기본 및 실시설계용역,충청북도 단양군,PQ,1610400000,1594851625,99.0345023,KG+동림,97.78,1270750000,99.3503,N
20201024986 - 00,20201023,단양 가평지구 침수지역 개선복구사업 기본 및 실시설계용역,충청북도 단양군,PQ,1610400000,1594851625,99.0345023,동부+지명,97.72,1271875000,99.4007,N
20201024986 - 00,20201023,단양 가평지구 침수지역 개선복구사업 기본 및 실시설계용역,충청북도 단양군,PQ,1610400000,1594851625,99.0345023,건화+KCI+대원,97.66,1294000000,101.0789,N
20201024986 - 00,20201023,단양 가평지구 침수지역 개선복구사업 기본 및 실시설계용역,충청북도 단양군,PQ,1610400000,1594851625,99.0345023,유신+건양,97.66,1293617000,101.049,N
20201024986 - 00,20201023,단양 가평지구 침수지역 개선복구사업 기본 및 실시설계용역,충청북도 단양군,PQ,1610400000,1594851625,99.0345023,삼안+청우,97.64,1265880000,98.8575,N
20201024986 - 00,20201023,단양 가평지구 침수지역 개선복구사업 기본 및 실시설계용역,충청북도 단양군,PQ,1610400000,1594851625,99.0345023,다산+해린+동서,97.63,1266168000,98.88,N
20201024986 - 00,20201023,단양 가평지구 침수지역 개선복구사업 기본 및 실시설계용역,충청북도 단양군,PQ,1610400000,1594851625,99.0345023,화신+선+경동,97.54,1265589000,98.7603,N
20201024986 - 00,20201023,단양 가평지구 침수지역 개선복구사업 기본 및 실시설계용역,충청북도 단양군,PQ,1610400000,1594851625,99.0345023,KSM+세광,97.13,1307600000,101.7063,N
20201024986 - 00,20201023,단양 가평지구 침수지역 개선복구사업 기본 및 실시설계용역,충청북도 단양군,PQ,1610400000,1594851625,99.0345023,평화+창민,97.09,1307300000,101.6448,N
20201025015 - 00,20201023,안림천(대가야지구) 외 1지구 하천재해예방사업 통합건설사업관리용역 ,경상북도,PQ,1776800000,1759729425,99.03925174,평화+해인,100,1344250000,97.0007,N
20201025015 - 00,20201023,안림천(대가야지구) 외 1지구 하천재해예방사업 통합건설사업관리용역 ,경상북도,PQ,1776800000,1759729425,99.03925174,삼보+유한,100,1384840000,99.9296,N
20201025015 - 00,20201023,안림천(대가야지구) 외 1지구 하천재해예방사업 통합건설사업관리용역 ,경상북도,PQ,1776800000,1759729425,99.03925174,유신+해동,100,1384665000,99.917,N
20201025015 - 00,20201023,안림천(대가야지구) 외 1지구 하천재해예방사업 통합건설사업관리용역 ,경상북도,PQ,1776800000,1759729425,99.03925174,한종+동진,99.9,1381500000,99.5992,Y
20201025015 - 00,20201023,안림천(대가야지구) 외 1지구 하천재해예방사업 통합건설사업관리용역 ,경상북도,PQ,1776800000,1759729425,99.03925174,이산+금일,99.84,1401498000,100.9892,N
20201025015 - 00,20201023,안림천(대가야지구) 외 1지구 하천재해예방사업 통합건설사업관리용역 ,경상북도,PQ,1776800000,1759729425,99.03925174,도화+보원,99.67,1402230000,100.8999,N
20201025015 - 00,20201023,안림천(대가야지구) 외 1지구 하천재해예방사업 통합건설사업관리용역 ,경상북도,PQ,1776800000,1759729425,99.03925174,KG+청우,99.6,1381810000,99.3797,N
20201025015 - 00,20201023,안림천(대가야지구) 외 1지구 하천재해예방사업 통합건설사업관리용역 ,경상북도,PQ,1776800000,1759729425,99.03925174,선진+다산,99.58,1404930000,101.0296,N
20201025015 - 00,20201023,안림천(대가야지구) 외 1지구 하천재해예방사업 통합건설사업관리용역 ,경상북도,PQ,1776800000,1759729425,99.03925174,KSM+중앙,99.58,1401801000,100.8046,N
20201025015 - 00,20201023,안림천(대가야지구) 외 1지구 하천재해예방사업 통합건설사업관리용역 ,경상북도,PQ,1776800000,1759729425,99.03925174,극동+상금,99.54,1375981000,98.9099,N
20201025015 - 00,20201023,안림천(대가야지구) 외 1지구 하천재해예방사업 통합건설사업관리용역 ,경상북도,PQ,1776800000,1759729425,99.03925174,건화+대성종합,99.52,1404000000,100.9111,N
20201025015 - 00,20201023,안림천(대가야지구) 외 1지구 하천재해예방사업 통합건설사업관리용역 ,경상북도,PQ,1776800000,1759729425,99.03925174,화신+청명+수성,99.3,1384750000,99.3499,N
20201025015 - 00,20201023,안림천(대가야지구) 외 1지구 하천재해예방사업 통합건설사업관리용역 ,경상북도,PQ,1776800000,1759729425,99.03925174,서영+세원,99.2,1376230000,98.6506,N
20201025015 - 00,20201023,안림천(대가야지구) 외 1지구 하천재해예방사업 통합건설사업관리용역 ,경상북도,PQ,1776800000,1759729425,99.03925174,천일+강산,99.2,1375490000,98.5976,N
20201025015 - 00,20201023,안림천(대가야지구) 외 1지구 하천재해예방사업 통합건설사업관리용역 ,경상북도,PQ,1776800000,1759729425,99.03925174,DS+동성,99.17,1353550000,97.0002,N
20201025015 - 00,20201023,안림천(대가야지구) 외 1지구 하천재해예방사업 통합건설사업관리용역 ,경상북도,PQ,1776800000,1759729425,99.03925174,경호+주하,99.12,1422290000,101.8874,N
20201025015 - 00,20201023,안림천(대가야지구) 외 1지구 하천재해예방사업 통합건설사업관리용역 ,경상북도,PQ,1776800000,1759729425,99.03925174,신명+건일+승보,99.06,1535100000,109.9127,N
20201025075 - 00,20201023,안동 광산천(신성지구) 외 1지구 하천재해예방사업 통합건설사업관리용역 ,경상북도,PQ,1776800000,1758396850,98.96425315,한종+동진,100,1384220000,99.8849,N
20201025075 - 00,20201023,안동 광산천(신성지구) 외 1지구 하천재해예방사업 통합건설사업관리용역 ,경상북도,PQ,1776800000,1758396850,98.96425315,경원+청명+수성,100,1384210000,99.8842,N
20201025075 - 00,20201023,안동 광산천(신성지구) 외 1지구 하천재해예방사업 통합건설사업관리용역 ,경상북도,PQ,1776800000,1758396850,98.96425315,동부+한백,99.94,1389718000,100.2302,N
20201025075 - 00,20201023,안동 광산천(신성지구) 외 1지구 하천재해예방사업 통합건설사업관리용역 ,경상북도,PQ,1776800000,1758396850,98.96425315,극동+상금,99.94,1396646000,100.7299,N
20201025075 - 00,20201023,안동 광산천(신성지구) 외 1지구 하천재해예방사업 통합건설사업관리용역 ,경상북도,PQ,1776800000,1758396850,98.96425315,선진+다산,99.88,1377700000,99.3125,Y
20201025075 - 00,20201023,안동 광산천(신성지구) 외 1지구 하천재해예방사업 통합건설사업관리용역 ,경상북도,PQ,1776800000,1758396850,98.96425315,서영+세원,99.8,1380500000,99.4507,N
20201025075 - 00,20201023,안동 광산천(신성지구) 외 1지구 하천재해예방사업 통합건설사업관리용역 ,경상북도,PQ,1776800000,1758396850,98.96425315,도화+보원,99.67,1401300000,100.833,N
20201025075 - 00,20201023,안동 광산천(신성지구) 외 1지구 하천재해예방사업 통합건설사업관리용역 ,경상북도,PQ,1776800000,1758396850,98.96425315,이산+반석,99.67,1378480000,99.1909,N
20201025075 - 00,20201023,안동 광산천(신성지구) 외 1지구 하천재해예방사업 통합건설사업관리용역 ,경상북도,PQ,1776800000,1758396850,98.96425315,경동+KCI,99.6,1374167000,98.83,N
20201025075 - 00,20201023,안동 광산천(신성지구) 외 1지구 하천재해예방사업 통합건설사업관리용역 ,경상북도,PQ,1776800000,1758396850,98.96425315,건화+한도,99.6,1379200000,99.192,N
20201025075 - 00,20201023,안동 광산천(신성지구) 외 1지구 하천재해예방사업 통합건설사업관리용역 ,경상북도,PQ,1776800000,1758396850,98.96425315,신명+보람+승보,99.45,1375499000,98.7996,N
20201025075 - 00,20201023,안동 광산천(신성지구) 외 1지구 하천재해예방사업 통합건설사업관리용역 ,경상북도,PQ,1776800000,1758396850,98.96425315,평화+해인,99.44,1377600000,98.9505,N
20201025075 - 00,20201023,안동 광산천(신성지구) 외 1지구 하천재해예방사업 통합건설사업관리용역 ,경상북도,PQ,1776800000,1758396850,98.96425315,경호+주하,99.12,1420980000,101.7936,N
20201025075 - 00,20201023,안동 광산천(신성지구) 외 1지구 하천재해예방사업 통합건설사업관리용역 ,경상북도,PQ,1776800000,1758396850,98.96425315,천일+강산,99.1,1376490000,98.5939,N
20201025075 - 00,20201023,안동 광산천(신성지구) 외 1지구 하천재해예방사업 통합건설사업관리용역 ,경상북도,PQ,1776800000,1758396850,98.96425315,삼안+건일,98.6,1359600000,96.9891,N
20201025075 - 00,20201023,안동 광산천(신성지구) 외 1지구 하천재해예방사업 통합건설사업관리용역 ,경상북도,PQ,1776800000,1758396850,98.96425315,제일+HD+동해,96.85,0,0,N
B5202003658 - 00 ,20201023,"부산 에코델타시티 제 영향평가(교통,재해) 변경 용역",한국수자원공사,PQ,605718000,596991632,98.55933487,삼안+제일,100,485980000,99.6733,N
B5202003658 - 00 ,20201023,"부산 에코델타시티 제 영향평가(교통,재해) 변경 용역",한국수자원공사,PQ,605718000,596991632,98.55933487,KG+보람,100,486695000,99.82,N
B5202003658 - 00 ,20201023,"부산 에코델타시티 제 영향평가(교통,재해) 변경 용역",한국수자원공사,PQ,605718000,596991632,98.55933487,유신+동성,100,485185000,99.5103,Y
B5202003658 - 00 ,20201023,"부산 에코델타시티 제 영향평가(교통,재해) 변경 용역",한국수자원공사,PQ,605718000,596991632,98.55933487,평화+경동,100,489730000,100.4425,N
B5202003658 - 00 ,20201023,"부산 에코델타시티 제 영향평가(교통,재해) 변경 용역",한국수자원공사,PQ,605718000,596991632,98.55933487,한종+화신,100,485850000,99.6467,N
B5202003658 - 00 ,20201023,"부산 에코델타시티 제 영향평가(교통,재해) 변경 용역",한국수자원공사,PQ,605718000,596991632,98.55933487,도화,98.94,485400000,99.2216,N
B5202003658 - 00 ,20201023,"부산 에코델타시티 제 영향평가(교통,재해) 변경 용역",한국수자원공사,PQ,605718000,596991632,98.55933487,건화+수성,98.7,496000000,101.3131,N
B5202003658 - 00 ,20201023,"부산 에코델타시티 제 영향평가(교통,재해) 변경 용역",한국수자원공사,PQ,605718000,596991632,98.55933487,동명,98.26,495340000,101.0407,N
B5202003658 - 00 ,20201023,"부산 에코델타시티 제 영향평가(교통,재해) 변경 용역",한국수자원공사,PQ,605718000,596991632,98.55933487,서영,97.03,504000000,102.415,N
E012008919-1,20201023,345kV 고덕-서안성T/L 건설공사 사후환경영향조사 용역,한국전력공사 경인건설본부,PQ,769197000,772843848,100.4741111,동명+강호,98.07,660600000,100.4172,N
E012008919-1,20201023,345kV 고덕-서안성T/L 건설공사 사후환경영향조사 용역,한국전력공사 경인건설본부,PQ,769197000,772843848,100.4741111,신성+효산,98.35,658000000,99.9752,N
E012008919-1,20201023,345kV 고덕-서안성T/L 건설공사 사후환경영향조사 용역,한국전력공사 경인건설본부,PQ,769197000,772843848,100.4741111,유신+레오,97.85,657022000,99.7799,N
E012008919-1,20201023,345kV 고덕-서안성T/L 건설공사 사후환경영향조사 용역,한국전력공사 경인건설본부,PQ,769197000,772843848,100.4741111,수성+보드플랜,97.66,663421000,100.599,Y
E012008919-1,20201023,345kV 고덕-서안성T/L 건설공사 사후환경영향조사 용역,한국전력공사 경인건설본부,PQ,769197000,772843848,100.4741111,한맥+천일+동진,97.66,660100000,100.0954,N
E012008919-1,20201023,345kV 고덕-서안성T/L 건설공사 사후환경영향조사 용역,한국전력공사 경인건설본부,PQ,769197000,772843848,100.4741111,동일+휴먼,97.66,660200000,100.0989,N
E012008919-1,20201023,345kV 고덕-서안성T/L 건설공사 사후환경영향조사 용역,한국전력공사 경인건설본부,PQ,769197000,772843848,100.4741111,동부+드림+CNS,97.78,663674000,100.5904,N
E012008919-1,20201023,345kV 고덕-서안성T/L 건설공사 사후환경영향조사 용역,한국전력공사 경인건설본부,PQ,769197000,772843848,100.4741111,서영+퍼스트,97.37,662350000,100.3663,N
E012008919-1,20201023,345kV 고덕-서안성T/L 건설공사 사후환경영향조사 용역,한국전력공사 경인건설본부,PQ,769197000,772843848,100.4741111,다산+KG+중천,97.27,666027000,100.9,N
E012008919-1,20201023,345kV 고덕-서안성T/L 건설공사 사후환경영향조사 용역,한국전력공사 경인건설본부,PQ,769197000,772843848,100.4741111,이산+엔탑+대현,97.26,654970000,99.1902,N
E012008919-1,20201023,345kV 고덕-서안성T/L 건설공사 사후환경영향조사 용역,한국전력공사 경인건설본부,PQ,769197000,772843848,100.4741111,도화+라임,97.06,665830000,100.7997,N
E012008919-1,20201023,345kV 고덕-서안성T/L 건설공사 사후환경영향조사 용역,한국전력공사 경인건설본부,PQ,769197000,772843848,100.4741111,건화+신일환경,96.96,654600000,99.088,N
E012008919-1,20201023,345kV 고덕-서안성T/L 건설공사 사후환경영향조사 용역,한국전력공사 경인건설본부,PQ,769197000,772843848,100.4741111,동성+건일이엔씨,96.9,668280000,101.0999,N
E012008919-1,20201023,345kV 고덕-서안성T/L 건설공사 사후환경영향조사 용역,한국전력공사 경인건설본부,PQ,769197000,772843848,100.4741111,홍익+화신+중앙방재,96.62,674465000,102,N
20201026308 - 02,20201026,현남면 지방하천 재해복구사업 및 하천기본계획(변경) 용역,강원도 양양군,PQ,1273800000,1287958325,101.111503,도화+정+서광+동해,98.5,1010650000,100.4893,N
20201026308 - 02,20201026,현남면 지방하천 재해복구사업 및 하천기본계획(변경) 용역,강원도 양양군,PQ,1273800000,1287958325,101.111503,한종+삼경+유비,98.19,1006300000,99.804,N
20201026308 - 02,20201026,현남면 지방하천 재해복구사업 및 하천기본계획(변경) 용역,강원도 양양군,PQ,1273800000,1287958325,101.111503,동부+경원+KCI+하나,98.08,1018765000,100.951,N
20201026308 - 02,20201026,현남면 지방하천 재해복구사업 및 하천기본계획(변경) 용역,강원도 양양군,PQ,1273800000,1287958325,101.111503,이산+고려+성우,97.85,1004870000,99.3859,N
20201026308 - 02,20201026,현남면 지방하천 재해복구사업 및 하천기본계획(변경) 용역,강원도 양양군,PQ,1273800000,1287958325,101.111503,화신+강동+주하,97.68,1003679000,99.1308,N
20201026308 - 02,20201026,현남면 지방하천 재해복구사업 및 하천기본계획(변경) 용역,강원도 양양군,PQ,1273800000,1287958325,101.111503,동명+정원+이레,97.61,1020800000,100.771,N
20201026308 - 02,20201026,현남면 지방하천 재해복구사업 및 하천기본계획(변경) 용역,강원도 양양군,PQ,1273800000,1287958325,101.111503,삼안+진화+동남+한맥,97.55,1025420000,101.1762,Y
20201026308 - 02,20201026,현남면 지방하천 재해복구사업 및 하천기본계획(변경) 용역,강원도 양양군,PQ,1273800000,1287958325,101.111503,경호+극동+강원길+국일,97.54,1001230000,98.777,N
20201026308 - 02,20201026,현남면 지방하천 재해복구사업 및 하천기본계획(변경) 용역,강원도 양양군,PQ,1273800000,1287958325,101.111503,평화+대성+동해,97.51,999800000,98.6112,N
20201026308 - 02,20201026,현남면 지방하천 재해복구사업 및 하천기본계획(변경) 용역,강원도 양양군,PQ,1273800000,1287958325,101.111503,KG+일신+한울,97.37,1027410000,101.2199,N
20201026308 - 02,20201026,현남면 지방하천 재해복구사업 및 하천기본계획(변경) 용역,강원도 양양군,PQ,1273800000,1287958325,101.111503,유신+건화+미래+동서,97.34,1034278000,101.871,N
20201026308 - 02,20201026,현남면 지방하천 재해복구사업 및 하천기본계획(변경) 용역,강원도 양양군,PQ,1273800000,1287958325,101.111503,KSM+삼주+현산,96.63,1041458000,102.0023,N
20201026308 - 02,20201026,현남면 지방하천 재해복구사업 및 하천기본계획(변경) 용역,강원도 양양군,PQ,1273800000,1287958325,101.111503,다산+서경+태경,96.32,1048000000,102.3875,N
20201023075 - 00,20201026,남양 우도 인도교 설치공사 기본 및 실시설계 용역,전라남도 고흥군,PQ,581460000,578682125,99.52225862,한종+산하,98.27,500400000,100.2029,N
20201023075 - 00,20201026,남양 우도 인도교 설치공사 기본 및 실시설계 용역,전라남도 고흥군,PQ,581460000,578682125,99.52225862,동성,98.1,498975000,99.8826,N
20201023075 - 00,20201026,남양 우도 인도교 설치공사 기본 및 실시설계 용역,전라남도 고흥군,PQ,581460000,578682125,99.52225862,제일,97.9,498360000,99.7015,N
20201023075 - 00,20201026,남양 우도 인도교 설치공사 기본 및 실시설계 용역,전라남도 고흥군,PQ,581460000,578682125,99.52225862,극동+원진,97.8,498018000,99.6099,Y
20201023075 - 00,20201026,남양 우도 인도교 설치공사 기본 및 실시설계 용역,전라남도 고흥군,PQ,581460000,578682125,99.52225862,신성+우영,97.65,503580000,100.6872,N
20201023075 - 00,20201026,남양 우도 인도교 설치공사 기본 및 실시설계 용역,전라남도 고흥군,PQ,581460000,578682125,99.52225862,건화(기찬),97.64,502200000,100.4113,N
20201023075 - 00,20201026,남양 우도 인도교 설치공사 기본 및 실시설계 용역,전라남도 고흥군,PQ,581460000,578682125,99.52225862,한맥+신촌,97.53,497070000,99.351,N
20201023075 - 00,20201026,남양 우도 인도교 설치공사 기본 및 실시설계 용역,전라남도 고흥군,PQ,581460000,578682125,99.52225862,이산,97.52,505370000,101.0099,N
20201023075 - 00,20201026,남양 우도 인도교 설치공사 기본 및 실시설계 용역,전라남도 고흥군,PQ,581460000,578682125,99.52225862,수성+신명,97.47,504229000,100.7701,N
20201023075 - 00,20201026,남양 우도 인도교 설치공사 기본 및 실시설계 용역,전라남도 고흥군,PQ,581460000,578682125,99.52225862,용마+바우,97.47,497156000,99.3566,N
20201023075 - 00,20201026,남양 우도 인도교 설치공사 기본 및 실시설계 용역,전라남도 고흥군,PQ,581460000,578682125,99.52225862,서영+에스이,97.46,502200000,100.3646,N
20201023075 - 00,20201026,남양 우도 인도교 설치공사 기본 및 실시설계 용역,전라남도 고흥군,PQ,581460000,578682125,99.52225862,경동+동아,97.43,504586000,100.8298,N
20201023075 - 00,20201026,남양 우도 인도교 설치공사 기본 및 실시설계 용역,전라남도 고흥군,PQ,581460000,578682125,99.52225862,평화+경원,97.43,496925000,99.2989,N
20201023075 - 00,20201026,남양 우도 인도교 설치공사 기본 및 실시설계 용역,전라남도 고흥군,PQ,581460000,578682125,99.52225862,홍익,97.4,494235000,98.7499,N
20201023075 - 00,20201026,남양 우도 인도교 설치공사 기본 및 실시설계 용역,전라남도 고흥군,PQ,581460000,578682125,99.52225862,천일,97.35,505800000,101.0489,N
20201023075 - 00,20201026,남양 우도 인도교 설치공사 기본 및 실시설계 용역,전라남도 고흥군,PQ,581460000,578682125,99.52225862,KG+한기,97.3,495500000,98.9796,N
20201023075 - 00,20201026,남양 우도 인도교 설치공사 기본 및 실시설계 용역,전라남도 고흥군,PQ,581460000,578682125,99.52225862,동일,97.27,507000000,101.2651,N
20201023075 - 00,20201026,남양 우도 인도교 설치공사 기본 및 실시설계 용역,전라남도 고흥군,PQ,581460000,578682125,99.52225862,대콘+산이,96.92,510092000,101.7999,N
20201023075 - 00,20201026,남양 우도 인도교 설치공사 기본 및 실시설계 용역,전라남도 고흥군,PQ,581460000,578682125,99.52225862,도화+신오,96.89,516180000,103.0029,N
20201026792 - 00,20201026,어곡천 개선복구사업 실시설계용역,충청북도 단양군,PQ,1111000000,1120996250,100.8997525,도화+영진+삼경,98.5,876630000,99.9362,N
20201026792 - 00,20201026,어곡천 개선복구사업 실시설계용역,충청북도 단양군,PQ,1111000000,1120996250,100.8997525,평화+창민,98.1,878750000,99.849,N
20201026792 - 00,20201026,어곡천 개선복구사업 실시설계용역,충청북도 단양군,PQ,1111000000,1120996250,100.8997525,다산+동서+분담,98.07,887608000,100.8301,N
20201026792 - 00,20201026,어곡천 개선복구사업 실시설계용역,충청북도 단양군,PQ,1111000000,1120996250,100.8997525,이산+홍익+용마,97.9,886600000,100.5759,N
20201026792 - 00,20201026,어곡천 개선복구사업 실시설계용역,충청북도 단양군,PQ,1111000000,1120996250,100.8997525,삼안+청우,97.9,875930000,99.3655,N
20201026792 - 00,20201026,어곡천 개선복구사업 실시설계용역,충청북도 단양군,PQ,1111000000,1120996250,100.8997525,유신+좋은,97.9,881435000,99.99,N
20201026792 - 00,20201026,어곡천 개선복구사업 실시설계용역,충청북도 단양군,PQ,1111000000,1120996250,100.8997525,동부+지명,97.9,877118000,99.5003,N
20201026792 - 00,20201026,어곡천 개선복구사업 실시설계용역,충청북도 단양군,PQ,1111000000,1120996250,100.8997525,한종+도우+JCN+서광,97.85,872200000,98.905,N
20201026792 - 00,20201026,어곡천 개선복구사업 실시설계용역,충청북도 단양군,PQ,1111000000,1120996250,100.8997525,화신+선+경동,97.8,872140000,98.8608,N
20201026792 - 00,20201026,어곡천 개선복구사업 실시설계용역,충청북도 단양군,PQ,1111000000,1120996250,100.8997525,KG+동림,97.6,872850000,98.7796,N
20201026792 - 00,20201026,어곡천 개선복구사업 실시설계용역,충청북도 단양군,PQ,1111000000,1120996250,100.8997525,KSM+세광+도우이엔씨,97.6,896900000,101.5013,Y
20201026792 - 00,20201026,어곡천 개선복구사업 실시설계용역,충청북도 단양군,PQ,1111000000,1120996250,100.8997525,건화+KCI(대원),97.3,1000000000,112.8993,N
20201026765 - 00,20201026,대가리천 개선복구사업 실시설계용역,충청북도 단양군,PQ,943000000,931436500,98.77375398,KG+동림,100,814440000,101.0198,N
20201026765 - 00,20201026,대가리천 개선복구사업 실시설계용역,충청북도 단양군,PQ,943000000,931436500,98.77375398,이산+홍익+용마,100,809370000,100.391,N
20201026765 - 00,20201026,대가리천 개선복구사업 실시설계용역,충청북도 단양군,PQ,943000000,931436500,98.77375398,동부+지명,100,804848000,99.8301,N
20201026765 - 00,20201026,대가리천 개선복구사업 실시설계용역,충청북도 단양군,PQ,943000000,931436500,98.77375398,도화+영진+삼경,100,810500000,100.5311,N
20201026765 - 00,20201026,대가리천 개선복구사업 실시설계용역,충청북도 단양군,PQ,943000000,931436500,98.77375398,한종+도우+서광,99.85,801660000,99.3882,N
20201026765 - 00,20201026,대가리천 개선복구사업 실시설계용역,충청북도 단양군,PQ,943000000,931436500,98.77375398,평화+창민,99.8,813200000,100.8071,N
20201026765 - 00,20201026,대가리천 개선복구사업 실시설계용역,충청북도 단양군,PQ,943000000,931436500,98.77375398,삼안+청우,99.7,802450000,99.4512,N
20201026765 - 00,20201026,대가리천 개선복구사업 실시설계용역,충청북도 단양군,PQ,943000000,931436500,98.77375398,KSM+세광+도우이엔씨,99.58,809535000,100.2941,N
20201026765 - 00,20201026,대가리천 개선복구사업 실시설계용역,충청북도 단양군,PQ,943000000,931436500,98.77375398,화신+선+경동,99.49,800390000,99.138,N
20201026765 - 00,20201026,대가리천 개선복구사업 실시설계용역,충청북도 단양군,PQ,943000000,931436500,98.77375398,다산+해린+동서,99.35,800363000,99.0999,Y
20201026765 - 00,20201026,대가리천 개선복구사업 실시설계용역,충청북도 단양군,PQ,943000000,931436500,98.77375398,건화+KCI+대원(명지기술단),99.3,822000000,101.7671,N
20201026765 - 00,20201026,대가리천 개선복구사업 실시설계용역,충청북도 단양군,PQ,943000000,931436500,98.77375398,유신+좋은,99.25,814285000,100.8002,N
20201027205 - 01,20201026,동해ㆍ묵호항 노후항만시설 개선사업 등 건설사업관리용역,해양수산부 동해지방해양수산청,PQ,1747000000,1756403275,100.5382527,세일+동명,100,1395416000,99.85,N
20201027205 - 01,20201026,동해ㆍ묵호항 노후항만시설 개선사업 등 건설사업관리용역,해양수산부 동해지방해양수산청,PQ,1747000000,1756403275,100.5382527,건화+일진(경화),99.8,1402200000,100.3354,N
20201027205 - 01,20201026,동해ㆍ묵호항 노후항만시설 개선사업 등 건설사업관리용역,해양수산부 동해지방해양수산청,PQ,1747000000,1756403275,100.5382527,한종,99.8,1400300000,100.1995,N
20201027205 - 01,20201026,동해ㆍ묵호항 노후항만시설 개선사업 등 건설사업관리용역,해양수산부 동해지방해양수산청,PQ,1747000000,1756403275,100.5382527,혜인+용마,99.77,1391900000,99.5984,N
20201027205 - 01,20201026,동해ㆍ묵호항 노후항만시설 개선사업 등 건설사업관리용역,해양수산부 동해지방해양수산청,PQ,1747000000,1756403275,100.5382527,유신+대양,99.72,1396673000,99.9399,N
20201027205 - 01,20201026,동해ㆍ묵호항 노후항만시설 개선사업 등 건설사업관리용역,해양수산부 동해지방해양수산청,PQ,1747000000,1756403275,100.5382527,건일,99.47,1408670000,100.7984,Y
20201027205 - 01,20201026,동해ㆍ묵호항 노후항만시설 개선사업 등 건설사업관리용역,해양수산부 동해지방해양수산청,PQ,1747000000,1756403275,100.5382527,한항+한미,99.46,1402819000,100.3797,N
20201027205 - 01,20201026,동해ㆍ묵호항 노후항만시설 개선사업 등 건설사업관리용역,해양수산부 동해지방해양수산청,PQ,1747000000,1756403275,100.5382527,천일,99.44,1393200000,99.6914,N
20201027205 - 01,20201026,동해ㆍ묵호항 노후항만시설 개선사업 등 건설사업관리용역,해양수산부 동해지방해양수산청,PQ,1747000000,1756403275,100.5382527,세광+서영,99.44,1395630000,99.8653,N
20201027205 - 01,20201026,동해ㆍ묵호항 노후항만시설 개선사업 등 건설사업관리용역,해양수산부 동해지방해양수산청,PQ,1747000000,1756403275,100.5382527,아라+도화,99.32,1399420000,100.1365,N
20201027205 - 01,20201026,동해ㆍ묵호항 노후항만시설 개선사업 등 건설사업관리용역,해양수산부 동해지방해양수산청,PQ,1747000000,1756403275,100.5382527,삼안,99.23,1391280000,99.554,N
20201027938 - 00,20201027,문평천 외 1개 하천 재해복구사업 기본계획(변경) 및 실시설계용역 ,전라남도,PQ,1146100000,1142423925,99.67925356,삼안+동아+KCI,98.35,905830000,99.9758,Y
20201027938 - 00,20201027,문평천 외 1개 하천 재해복구사업 기본계획(변경) 및 실시설계용역 ,전라남도,PQ,1146100000,1142423925,99.67925356,한종+우빈,98.17,934648000,103.0001,N
20201027938 - 00,20201027,진원천 외 1개 하천 재해복구사업 기본계획(변경) 및 실시설계용역 ,전라남도,PQ,1183800000,1186706300,100.245506,이산+한기,98.48,962000000,102.898,Y
20201027938 - 00,20201027,진원천 외 1개 하천 재해복구사업 기본계획(변경) 및 실시설계용역 ,전라남도,PQ,1183800000,1186706300,100.245506,정+대현,88.21,1040000000,102.6976,N
20201027938 - 00,20201027,불갑천 하천 재해복구사업 기본계획(변경) 및 실시설계용역 ,전라남도,PQ,1739630000,1747066975,100.4275033,유신+신명,98.29,1501500000,109.1238,Y
20201027938 - 00,20201027,불갑천 하천 재해복구사업 기본계획(변경) 및 실시설계용역 ,전라남도,PQ,1739630000,1747066975,100.4275033,도화+하이콘+동해,98.14,1380060000,100.1713,N
20201027938 - 00,20201027,불갑천 하천 재해복구사업 기본계획(변경) 및 실시설계용역 ,전라남도,PQ,1739630000,1747066975,100.4275033,평화+동명,98.08,1371186000,99.4895,N
20201027938 - 00,20201027,동천 외 2개 하천 재해복구사업 기본계획(변경) 및 실시설계용역 ,전라남도,PQ,1042310000,1031696725,98.98175447,화신+우영,96.69,906910000,100.91,N
20201027938 - 00,20201027,동천 외 2개 하천 재해복구사업 기본계획(변경) 및 실시설계용역 ,전라남도,PQ,1042310000,1031696725,98.98175447,KG+산이,95.68,905450000,100.4795,N
20201027938 - 00,20201027,동천 외 2개 하천 재해복구사업 기본계획(변경) 및 실시설계용역 ,전라남도,PQ,1042310000,1031696725,98.98175447,KSM+SE,95.3,898100000,99.5717,Y
20201027938 - 01,20201027,마산천 외 1개 하천 재해복구사업 기본계획(변경) 및 실시설계용역,전라남도,PQ,1120990000,1113490625,99.33100429,건화+원우+고려(금양+지오플랜),98.2,932000000,105.0354,N
20201027938 - 01,20201027,마산천 외 1개 하천 재해복구사업 기본계획(변경) 및 실시설계용역,전라남도,PQ,1120990000,1113490625,99.33100429,동부+신오+한맥,98.14,886656000,99.8747,Y
20201027938 - 00,20201027,창평천 등 11개 하천 재해복구사업 실시설계용역 ,전라남도,PQ,770110000,0,0,극동+원진,93.85,0,0,N
20201027938 - 00,20201027,창평천 등 11개 하천 재해복구사업 실시설계용역 ,전라남도,PQ,770110000,0,0,다산+기림,93.68,0,0,N
20201027938 - 00,20201027,창평천 등 11개 하천 재해복구사업 실시설계용역 ,전라남도,PQ,770110000,0,0,동성+양광,92.66,0,0,N
20201027873 - 00,20201027,군내·고군천 하천기본계획 및 하천시설관리대장 작성 용역 ,전라남도,PQ,705987000,710293575,100.6100077,평화+동명,98.38,623590000,102.8814,Y
20201027873 - 00,20201027,군내·고군천 하천기본계획 및 하천시설관리대장 작성 용역 ,전라남도,PQ,705987000,710293575,100.6100077,이산+동아,98.13,605730600,99.8651,N
20201027873 - 00,20201027,용암·구산·구암천 하천기본계획 및 하천시설관리대장 작성 용역 ,전라남도,PQ,682201000,686560325,100.6390089,도화+하이콘+동해,98.48,610000000,104.1725,Y
20201027873 - 00,20201027,용암·구산·구암천 하천기본계획 및 하천시설관리대장 작성 용역 ,전라남도,PQ,682201000,686560325,100.6390089,화신+우영+강동,97.09,586038000,99.7202,N
20201027873 - 01,20201027,해남·명주천 하천기본계획 및 하천시설관리대장 작성 용역 ,전라남도,PQ,633290000,633947075,100.1037558,건화+원우,98.11,548600000,100.8287,Y
20201027873 - 01,20201027,해남·명주천 하천기본계획 및 하천시설관리대장 작성 용역 ,전라남도,PQ,633290000,633947075,100.1037558,다산+우빈,96.04,552748000,101.05,N
20201027873 - 01,20201027,해남·명주천 하천기본계획 및 하천시설관리대장 작성 용역 ,전라남도,PQ,633290000,633947075,100.1037558,KG+산이,95.59,552510000,100.8897,N
20201027873 - 01,20201027,해남·명주천 하천기본계획 및 하천시설관리대장 작성 용역 ,전라남도,PQ,633290000,633947075,100.1037558,KSM+대현,94.33,544400000,99.0994,N
20201027873 - 01,20201027,해남·명주천 하천기본계획 및 하천시설관리대장 작성 용역 ,전라남도,PQ,633290000,633947075,100.1037558,동성+양광,91.89,562700000,101.7969,N
20201027873 - 00,20201027,쌍봉·상암천 하천기본계획 및 하천시설관리대장 작성 용역 ,전라남도,PQ,730042000,731622600,100.2165081,동부+한기,98.08,645436000,102.893,Y
20201027873 - 00,20201027,쌍봉·상암천 하천기본계획 및 하천시설관리대장 작성 용역 ,전라남도,PQ,730042000,731622600,100.2165081,삼안+신촌+기림+KCI,97.9,626479000,99.8245,N
20201027873 - 00,20201027,도포·창정천 하천기본계획 및 하천시설관리대장 작성 용역 ,전라남도,PQ,634574000,631015700,99.43926161,유신+신명,97.77,550651000,100.9069,N
20201027873 - 00,20201027,도포·창정천 하천기본계획 및 하천시설관리대장 작성 용역 ,전라남도,PQ,634574000,631015700,99.43926161,한종+신오+우리,97.71,545188000,99.8942,Y
20201027873 - 00,20201027,도포·창정천 하천기본계획 및 하천시설관리대장 작성 용역 ,전라남도,PQ,634574000,631015700,99.43926161,극동+신오,94.8,544492000,99.0298,N
20201028107 - 00,20201027,홍성 서부분구 하수관로 정비사업 외 1건 감독권한대행 등 통합건설사업관리용역,충청남도 홍성군,PQ,1693000000,1700229175,100.4270038,삼안+우리,100,1328800000,100.632,Y
20201028107 - 00,20201027,홍성 서부분구 하수관로 정비사업 외 1건 감독권한대행 등 통합건설사업관리용역,충청남도 홍성군,PQ,1693000000,1700229175,100.4270038,동성+기산,99.54,1322088000,99.74,N
20201028107 - 00,20201027,홍성 서부분구 하수관로 정비사업 외 1건 감독권한대행 등 통합건설사업관리용역,충청남도 홍성군,PQ,1693000000,1700229175,100.4270038,동명+천마,99.47,1322240000,99.7005,N
20201028107 - 00,20201027,홍성 서부분구 하수관로 정비사업 외 1건 감독권한대행 등 통합건설사업관리용역,충청남도 홍성군,PQ,1693000000,1700229175,100.4270038,경동+용마,99.46,1320770000,99.577,N
20201028107 - 00,20201027,홍성 서부분구 하수관로 정비사업 외 1건 감독권한대행 등 통합건설사업관리용역,충청남도 홍성군,PQ,1693000000,1700229175,100.4270038,경호+더그린,99.45,1315790000,99.1889,N
20201028107 - 00,20201027,홍성 서부분구 하수관로 정비사업 외 1건 감독권한대행 등 통합건설사업관리용역,충청남도 홍성군,PQ,1693000000,1700229175,100.4270038,건화+장맥,99.43,1318760000,99.4001,N
20201028107 - 00,20201027,홍성 서부분구 하수관로 정비사업 외 1건 감독권한대행 등 통합건설사업관리용역,충청남도 홍성군,PQ,1693000000,1700229175,100.4270038,도화+송현R,99.42,1335700000,100.6641,N
20201028107 - 00,20201027,홍성 서부분구 하수관로 정비사업 외 1건 감독권한대행 등 통합건설사업관리용역,충청남도 홍성군,PQ,1693000000,1700229175,100.4270038,드림+이산,99.4,1319870000,99.4583,N
20201028107 - 00,20201027,홍성 서부분구 하수관로 정비사업 외 1건 감독권한대행 등 통합건설사업관리용역,충청남도 홍성군,PQ,1693000000,1700229175,100.4270038,홍익+계림,99.4,1319360000,99.4199,N
20201028107 - 00,20201027,홍성 서부분구 하수관로 정비사업 외 1건 감독권한대행 등 통합건설사업관리용역,충청남도 홍성군,PQ,1693000000,1700229175,100.4270038,한종+우주,99.39,1335200000,100.6007,N
20201028107 - 00,20201027,홍성 서부분구 하수관로 정비사업 외 1건 감독권한대행 등 통합건설사업관리용역,충청남도 홍성군,PQ,1693000000,1700229175,100.4270038,극동+명성일,99.39,1336782000,100.7199,N
20201028107 - 00,20201027,홍성 서부분구 하수관로 정비사업 외 1건 감독권한대행 등 통합건설사업관리용역,충청남도 홍성군,PQ,1693000000,1700229175,100.4270038,삼보+동국,99.38,1323950000,99.7531,N
20201028107 - 00,20201027,홍성 서부분구 하수관로 정비사업 외 1건 감독권한대행 등 통합건설사업관리용역,충청남도 홍성군,PQ,1693000000,1700229175,100.4270038,하이콘+강호+태조,99.38,1318600000,99.35,N
20201028107 - 00,20201027,홍성 서부분구 하수관로 정비사업 외 1건 감독권한대행 등 통합건설사업관리용역,충청남도 홍성군,PQ,1693000000,1700229175,100.4270038,서영+신성E,99.38,1341900000,101.1055,N
20201028107 - 00,20201027,홍성 서부분구 하수관로 정비사업 외 1건 감독권한대행 등 통합건설사업관리용역,충청남도 홍성군,PQ,1693000000,1700229175,100.4270038,KG+송현E,99.37,1339600000,100.9193,N
20201028107 - 00,20201027,홍성 서부분구 하수관로 정비사업 외 1건 감독권한대행 등 통합건설사업관리용역,충청남도 홍성군,PQ,1693000000,1700229175,100.4270038,천일+더원,99.37,1347200000,101.4919,N
20201028107 - 00,20201027,홍성 서부분구 하수관로 정비사업 외 1건 감독권한대행 등 통합건설사업관리용역,충청남도 홍성군,PQ,1693000000,1700229175,100.4270038,선진+유원,99.37,1315840000,99.1294,N
20201028107 - 00,20201027,홍성 서부분구 하수관로 정비사업 외 1건 감독권한대행 등 통합건설사업관리용역,충청남도 홍성군,PQ,1693000000,1700229175,100.4270038,범한+수성,99.35,1318800000,99.3397,N
20201028107 - 00,20201027,홍성 서부분구 하수관로 정비사업 외 1건 감독권한대행 등 통합건설사업관리용역,충청남도 홍성군,PQ,1693000000,1700229175,100.4270038,신명+재성,99.34,1349349000,101.6279,N
20201028107 - 00,20201027,홍성 서부분구 하수관로 정비사업 외 1건 감독권한대행 등 통합건설사업관리용역,충청남도 홍성군,PQ,1693000000,1700229175,100.4270038,동일+동양,99.34,1346000000,101.3756,N
20201028107 - 00,20201027,홍성 서부분구 하수관로 정비사업 외 1건 감독권한대행 등 통합건설사업관리용역,충청남도 홍성군,PQ,1693000000,1700229175,100.4270038,한맥+유신,99.24,1320930000,99.5382,N
20201028107 - 00,20201027,홍성 서부분구 하수관로 정비사업 외 1건 감독권한대행 등 통합건설사업관리용역,충청남도 홍성군,PQ,1693000000,1700229175,100.4270038,우빈+우경,99.18,1317162000,99.0773,N
20201028107 - 00,20201027,홍성 서부분구 하수관로 정비사업 외 1건 감독권한대행 등 통합건설사업관리용역,충청남도 홍성군,PQ,1693000000,1700229175,100.4270038,제일+정안,98.96,1358500000,102.0049,N
20201028107 - 00,20201027,홍성 서부분구 하수관로 정비사업 외 1건 감독권한대행 등 통합건설사업관리용역,충청남도 홍성군,PQ,1693000000,1700229175,100.4270038,화신+세일,98.54,1591300000,119.0763,N
20201029381 - 00,20201027,보길 정동 농어촌 마을하수도 정비사업 외 2개사업 통합건설사업관리용역,전라남도 완도군,PQ,1115804000,1117413575,100.1442525,경동+영진,100,874689000,100.5076,Y
20201029381 - 00,20201027,보길 정동 농어촌 마을하수도 정비사업 외 2개사업 통합건설사업관리용역,전라남도 완도군,PQ,1115804000,1117413575,100.1442525,한종+우영,100,868800000,99.8309,N
20201029381 - 00,20201027,보길 정동 농어촌 마을하수도 정비사업 외 2개사업 통합건설사업관리용역,전라남도 완도군,PQ,1115804000,1117413575,100.1442525,수성+우빈,99.6,880154000,100.7996,N
20201029381 - 00,20201027,보길 정동 농어촌 마을하수도 정비사업 외 2개사업 통합건설사업관리용역,전라남도 완도군,PQ,1115804000,1117413575,100.1442525,건화+건영,99.5,880000000,100.7047,N
20201029381 - 00,20201027,보길 정동 농어촌 마을하수도 정비사업 외 2개사업 통합건설사업관리용역,전라남도 완도군,PQ,1115804000,1117413575,100.1442525,서영+하이콘,99.5,880200000,100.7276,N
20201029381 - 00,20201027,보길 정동 농어촌 마을하수도 정비사업 외 2개사업 통합건설사업관리용역,전라남도 완도군,PQ,1115804000,1117413575,100.1442525,신명+범한,99.5,882581000,101.0001,N
20201029381 - 00,20201027,보길 정동 농어촌 마을하수도 정비사업 외 2개사업 통합건설사업관리용역,전라남도 완도군,PQ,1115804000,1117413575,100.1442525,건양+평화,99.5,881530000,100.8798,N
20201029381 - 00,20201027,보길 정동 농어촌 마을하수도 정비사업 외 2개사업 통합건설사업관리용역,전라남도 완도군,PQ,1115804000,1117413575,100.1442525,동일+경호+SE,99.5,881700000,100.8993,N
20201029381 - 00,20201027,보길 정동 농어촌 마을하수도 정비사업 외 2개사업 통합건설사업관리용역,전라남도 완도군,PQ,1115804000,1117413575,100.1442525,동성+세원,99.5,882400000,100.9794,N
20201029381 - 00,20201027,보길 정동 농어촌 마을하수도 정비사업 외 2개사업 통합건설사업관리용역,전라남도 완도군,PQ,1115804000,1117413575,100.1442525,유신+서남,99.48,881932000,100.9,N
20201029381 - 00,20201027,보길 정동 농어촌 마을하수도 정비사업 외 2개사업 통합건설사업관리용역,전라남도 완도군,PQ,1115804000,1117413575,100.1442525,경원+다우,99.47,876899900,100.3243,N
20201029381 - 00,20201027,보길 정동 농어촌 마을하수도 정비사업 외 2개사업 통합건설사업관리용역,전라남도 완도군,PQ,1115804000,1117413575,100.1442525,천일+신오,99.47,881930000,100.8998,N
20201029381 - 00,20201027,보길 정동 농어촌 마을하수도 정비사업 외 2개사업 통합건설사업관리용역,전라남도 완도군,PQ,1115804000,1117413575,100.1442525,동명+원우,99.47,866090000,99.0876,N
20201029381 - 00,20201027,보길 정동 농어촌 마을하수도 정비사업 외 2개사업 통합건설사업관리용역,전라남도 완도군,PQ,1115804000,1117413575,100.1442525,동아+도화,99.47,887200000,101.5027,N
20201029381 - 00,20201027,보길 정동 농어촌 마을하수도 정비사업 외 2개사업 통합건설사업관리용역,전라남도 완도군,PQ,1115804000,1117413575,100.1442525,KG+산이,99.4,884070000,101.0801,N
20201029381 - 00,20201027,보길 정동 농어촌 마을하수도 정비사업 외 2개사업 통합건설사업관리용역,전라남도 완도군,PQ,1115804000,1117413575,100.1442525,제일+원진,99.34,889500000,101.6491,N
20201029381 - 00,20201027,보길 정동 농어촌 마을하수도 정비사업 외 2개사업 통합건설사업관리용역,전라남도 완도군,PQ,1115804000,1117413575,100.1442525,대콘+진성,99.33,861950000,98.5008,N
20201029381 - 00,20201027,보길 정동 농어촌 마을하수도 정비사업 외 2개사업 통합건설사업관리용역,전라남도 완도군,PQ,1115804000,1117413575,100.1442525,한기+선진,99.25,890000000,101.6414,N
20201029142 - 00,20201027,화엄4색이 어우러진 블루투어 프로젝트사업 실시설계 용역,전라남도 구례군,PQ,399220000,400381775,100.2910112,유신+금양+일신,98.5,348726000,100.5489,Y
20201029142 - 00,20201027,화엄4색이 어우러진 블루투어 프로젝트사업 실시설계 용역,전라남도 구례군,PQ,399220000,400381775,100.2910112,건화(디토+청은),96.28,347600000,100.0055,N
20201029142 - 00,20201027,화엄4색이 어우러진 블루투어 프로젝트사업 실시설계 용역,전라남도 구례군,PQ,399220000,400381775,100.2910112,한종,96.18,345600000,99.4187,N
20201029142 - 00,20201027,화엄4색이 어우러진 블루투어 프로젝트사업 실시설계 용역,전라남도 구례군,PQ,399220000,400381775,100.2910112,삼안+동아,95.84,345510000,99.3586,N
20201029142 - 00,20201027,화엄4색이 어우러진 블루투어 프로젝트사업 실시설계 용역,전라남도 구례군,PQ,399220000,400381775,100.2910112,선진,95.54,352440000,101.3281,N
20201029142 - 00,20201027,화엄4색이 어우러진 블루투어 프로젝트사업 실시설계 용역,전라남도 구례군,PQ,399220000,400381775,100.2910112,화신+우영,88.87,355839000,101.6404,N
20201029100 - 00,20201027,동해안 바닷가 자동차길 조성사업 기본설계용역,강원도,PQ,1555055000,1544018050,99.2902534,홍익+서광+공간,98.38,1230880000,100.1499,N
20201029100 - 00,20201027,동해안 바닷가 자동차길 조성사업 기본설계용역,강원도,PQ,1555055000,1544018050,99.2902534,일신+KG+국일,98.2,1224749000,99.5,Y
20201029100 - 00,20201027,동해안 바닷가 자동차길 조성사업 기본설계용역,강원도,PQ,1555055000,1544018050,99.2902534,극동+바우+진화+태경,98.18,1240045000,100.7299,N
20201029100 - 00,20201027,동해안 바닷가 자동차길 조성사업 기본설계용역,강원도,PQ,1555055000,1544018050,99.2902534,경호+미래+평화+서윤,98.12,1225277000,99.48,N
20201029100 - 00,20201027,동해안 바닷가 자동차길 조성사업 기본설계용역,강원도,PQ,1555055000,1544018050,99.2902534,이산+경원+화신+동남,97.97,1225700000,99.4014,N
20201029100 - 00,20201027,동해안 바닷가 자동차길 조성사업 기본설계용역,강원도,PQ,1555055000,1544018050,99.2902534,동명+정+정원,97.89,1246400000,101.0037,N
20201029100 - 00,20201027,동해안 바닷가 자동차길 조성사업 기본설계용역,강원도,PQ,1555055000,1544018050,99.2902534,한맥+삼주+청호,97.79,1247290000,100.9995,N
20201029100 - 00,20201027,동해안 바닷가 자동차길 조성사업 기본설계용역,강원도,PQ,1555055000,1544018050,99.2902534,동일+동부+한울+효성,97.78,1220200000,98.7934,N
20201029100 - 00,20201027,동해안 바닷가 자동차길 조성사업 기본설계용역,강원도,PQ,1555055000,1544018050,99.2902534,수성+삼경+경동+서경+정민,97.68,1224047000,99.0301,N
20201029100 - 00,20201027,동해안 바닷가 자동차길 조성사업 기본설계용역,강원도,PQ,1555055000,1544018050,99.2902534,도화+동서+동해,97.6,1221650000,98.774,N
20201029100 - 00,20201027,동해안 바닷가 자동차길 조성사업 기본설계용역,강원도,PQ,1555055000,1544018050,99.2902534,건화+대성+대상,97.57,1254600000,101.4126,N
20201029100 - 00,20201027,동해안 바닷가 자동차길 조성사업 기본설계용역,강원도,PQ,1555055000,1544018050,99.2902534,유신+강원+유비,97.48,1264799000,102.16,N
20201029100 - 00,20201027,동해안 바닷가 자동차길 조성사업 기본설계용역,강원도,PQ,1555055000,1544018050,99.2902534,천일+성우+서강,97.47,1256490000,101.4889,N
20201029100 - 00,20201027,동해안 바닷가 자동차길 조성사업 기본설계용역,강원도,PQ,1555055000,1544018050,99.2902534,제일+삼안+강원길+고려,97.02,1477300000,118.891,N
2004534 - 00,20201028,안양관양 관악로 우회도로 개설공사 시공단계 감독권한대행 등 건설사업관리용역,한국토지주택공사,종심제,5250195000,5256696000,100.123824,동명+건화+동일+이산,98.4312,4172000000,79.4637,Y
2004534 - 00,20201028,안양관양 관악로 우회도로 개설공사 시공단계 감독권한대행 등 건설사업관리용역,한국토지주택공사,종심제,5250195000,5256696000,100.123824,KG+동부+동해+목양,97.4312,4173000000,79.4828,N
2004534 - 00,20201028,안양관양 관악로 우회도로 개설공사 시공단계 감독권한대행 등 건설사업관리용역,한국토지주택공사,종심제,5250195000,5256696000,100.123824,한종+평화+유신,0,4190000000,79.8066,N
20201030295 - 00,20201028,남양항 및 감포항 태풍피해복구공사 실시설계용역,해양수산부 포항지방해양수산청,PQ,1300000000,1295625500,99.6635,아라+혜인,98.13,1047200000,100.0607,Y
20201030295 - 00,20201028,남양항 및 감포항 태풍피해복구공사 실시설계용역,해양수산부 포항지방해양수산청,PQ,1300000000,1295625500,99.6635,세광,97.82,1047350000,100.0502,N
20201030295 - 00,20201028,남양항 및 감포항 태풍피해복구공사 실시설계용역,해양수산부 포항지방해양수산청,PQ,1300000000,1295625500,99.6635,한항,98.01,1043900000,99.6463,N
20201030295 - 00,20201028,남양항 및 감포항 태풍피해복구공사 실시설계용역,해양수산부 포항지방해양수산청,PQ,1300000000,1295625500,99.6635,세일,97.66,1043852000,99.58,N
20201030295 - 00,20201028,남양항 및 감포항 태풍피해복구공사 실시설계용역,해양수산부 포항지방해양수산청,PQ,1300000000,1295625500,99.6635,건일+천일,97.67,1043390000,99.3019,N
20201030295 - 00,20201028,남양항 및 감포항 태풍피해복구공사 실시설계용역,해양수산부 포항지방해양수산청,PQ,1300000000,1295625500,99.6635,유신+도화,97.26,1064201000,101.07,N
20201030295 - 00,20201028,남양항 및 감포항 태풍피해복구공사 실시설계용역,해양수산부 포항지방해양수산청,PQ,1300000000,1295625500,99.6635,대영+일진,97.63,1059800000,100.6396,N
20201030295 - 00,20201028,남양항 및 감포항 태풍피해복구공사 실시설계용역,해양수산부 포항지방해양수산청,PQ,1300000000,1295625500,99.6635,항도+서영+삼영,97.34,1043520000,99.008,N
20201030295 - 00,20201028,남양항 및 감포항 태풍피해복구공사 실시설계용역,해양수산부 포항지방해양수산청,PQ,1300000000,1295625500,99.6635,한종+동명,97.19,1044800000,99.0684,N
20201030295 - 00,20201028,남양항 및 감포항 태풍피해복구공사 실시설계용역,해양수산부 포항지방해양수산청,PQ,1300000000,1295625500,99.6635,삼안+GSTA,96.81,1073600000,101.4242,N
20201030295 - 00,20201028,남양항 및 감포항 태풍피해복구공사 실시설계용역,해양수산부 포항지방해양수산청,PQ,1300000000,1295625500,99.6635,건화+대양(지앤테크),96.71,1137500000,107.3686,N
20201031046 - 04,20201028,속초시 장사항 어촌뉴딜사업 기본 및 실시설계 용역,한국농어촌공사 강원지역본부,PQ,459121000,464273550,101.1222641,유신+평화,93.76,408390000,102.2595,Y
20201031046 - 04,20201028,속초시 장사항 어촌뉴딜사업 기본 및 실시설계 용역,한국농어촌공사 강원지역본부,PQ,459121000,464273550,101.1222641,"건화(테크피아,오월건축)",92.85,399596000,99.9426,N
20201028772 - 00,20201029,2020년 망곡천 외 2개 하천 재해복구사업 기본 및 실시설계용역,경기도 연천군,PQ,1300000000,1304667000,100.359,KG+동명+강동,98.95,1025640000,100.2801,N
20201028772 - 00,20201029,2020년 망곡천 외 2개 하천 재해복구사업 기본 및 실시설계용역,경기도 연천군,PQ,1300000000,1304667000,100.359,다산+선진,98.02,1028899400,99.85,N
20201028772 - 00,20201029,2020년 망곡천 외 2개 하천 재해복구사업 기본 및 실시설계용역,경기도 연천군,PQ,1300000000,1304667000,100.359,동부+동해,98,1025948000,99.551,N
20201028772 - 00,20201029,2020년 망곡천 외 2개 하천 재해복구사업 기본 및 실시설계용역,경기도 연천군,PQ,1300000000,1304667000,100.359,평화+경호+용마,98,1038700000,100.7884,Y
20201028772 - 00,20201029,2020년 망곡천 외 2개 하천 재해복구사업 기본 및 실시설계용역,경기도 연천군,PQ,1300000000,1304667000,100.359,건화+수성+서광(청솔+테크피아),97.9,1020200000,98.9059,N
20201028772 - 00,20201029,2020년 망곡천 외 2개 하천 재해복구사업 기본 및 실시설계용역,경기도 연천군,PQ,1300000000,1304667000,100.359,삼안+KCI,97.87,1029600000,99.7921,N
20201028772 - 00,20201029,2020년 망곡천 외 2개 하천 재해복구사업 기본 및 실시설계용역,경기도 연천군,PQ,1300000000,1304667000,100.359,이산+KSM,97.85,1019700000,98.8201,N
20201028772 - 00,20201029,2020년 망곡천 외 2개 하천 재해복구사업 기본 및 실시설계용역,경기도 연천군,PQ,1300000000,1304667000,100.359,한종+극동,97.83,1046450000,101.3997,N
20201028772 - 00,20201029,2020년 망곡천 외 2개 하천 재해복구사업 기본 및 실시설계용역,경기도 연천군,PQ,1300000000,1304667000,100.359,한기+신성,97.8,1020910000,98.9,N
20201028772 - 00,20201029,2020년 망곡천 외 2개 하천 재해복구사업 기본 및 실시설계용역,경기도 연천군,PQ,1300000000,1304667000,100.359,도화+(주)한종,97.72,1248000000,120.8231,N
20201028772 - 00,20201029,2020년 망곡천 외 2개 하천 재해복구사업 기본 및 실시설계용역,경기도 연천군,PQ,1300000000,1304667000,100.359,유신+서영,97.51,1019525000,98.5301,N
20201031269 - 03,20201029,송악 및 중흥 하수처리시설 증설공사 기본 및 실시설계용역,충청남도 당진시,PQ,1121900000,1128196725,100.5612555,도화+드림,100,885300000,101.1741,Y
20201031269 - 03,20201029,송악 및 중흥 하수처리시설 증설공사 기본 및 실시설계용역,충청남도 당진시,PQ,1121900000,1128196725,100.5612555,삼안+한맥,98.05,881100000,99.1058,N
20201031269 - 03,20201029,송악 및 중흥 하수처리시설 증설공사 기본 및 실시설계용역,충청남도 당진시,PQ,1121900000,1128196725,100.5612555,이산+장맥,98.05,961400000,108.1379,N
20201031269 - 03,20201029,송악 및 중흥 하수처리시설 증설공사 기본 및 실시설계용역,충청남도 당진시,PQ,1121900000,1128196725,100.5612555,경동+유신,97.9,879985000,98.8557,N
20201031269 - 03,20201029,송악 및 중흥 하수처리시설 증설공사 기본 및 실시설계용역,충청남도 당진시,PQ,1121900000,1128196725,100.5612555,동명+천마,97.9,900800000,101.194,N
20201031269 - 03,20201029,송악 및 중흥 하수처리시설 증설공사 기본 및 실시설계용역,충청남도 당진시,PQ,1121900000,1128196725,100.5612555,한종+세일,97.9,882700000,99.1607,N
20201031269 - 03,20201029,송악 및 중흥 하수처리시설 증설공사 기본 및 실시설계용역,충청남도 당진시,PQ,1121900000,1128196725,100.5612555,건화+수성(유원),97.84,879980000,98.8053,N
20201031269 - 03,20201029,송악 및 중흥 하수처리시설 증설공사 기본 및 실시설계용역,충청남도 당진시,PQ,1121900000,1128196725,100.5612555,선진+바셈,97.84,903530000,101.4495,N
20201031269 - 03,20201029,송악 및 중흥 하수처리시설 증설공사 기본 및 실시설계용역,충청남도 당진시,PQ,1121900000,1128196725,100.5612555,KG+우리,97.78,878770000,98.6197,N
20201031269 - 03,20201029,송악 및 중흥 하수처리시설 증설공사 기본 및 실시설계용역,충청남도 당진시,PQ,1121900000,1128196725,100.5612555,건양+송현R,97.7,906788000,101.7,N
20201031269 - 03,20201029,송악 및 중흥 하수처리시설 증설공사 기본 및 실시설계용역,충청남도 당진시,PQ,1121900000,1128196725,100.5612555,화신+동양,97.46,908768000,101.7301,N
20201031269 - 03,20201029,송악 및 중흥 하수처리시설 증설공사 기본 및 실시설계용역,충청남도 당진시,PQ,1121900000,1128196725,100.5612555,제일+기산,97.45,913700000,102.2693,N
20201031269 - 03,20201029,송악 및 중흥 하수처리시설 증설공사 기본 및 실시설계용역,충청남도 당진시,PQ,1121900000,1128196725,100.5612555,홍익+계림,97.45,910400000,101.9,N
20201032367 - 00,20201029,불갑천 하천 재해복구사업 전략 및 소규모환경영향평가용역,전라남도,PQ,367000000,369820450,100.768515,한기+한국환경,99.81,320000000,100.4938,N
20201032367 - 00,20201029,불갑천 하천 재해복구사업 전략 및 소규모환경영향평가용역,전라남도,PQ,367000000,369820450,100.768515,동아+건화+우신,99.7,317820000,99.7977,N
20201032367 - 00,20201029,불갑천 하천 재해복구사업 전략 및 소규모환경영향평가용역,전라남도,PQ,367000000,369820450,100.768515,동성+일월,99.51,320130000,100.4999,N
20201032367 - 00,20201029,불갑천 하천 재해복구사업 전략 및 소규모환경영향평가용역,전라남도,PQ,367000000,369820450,100.768515,이산+대현,99.44,318697000,100.05,N
20201032367 - 00,20201029,불갑천 하천 재해복구사업 전략 및 소규모환경영향평가용역,전라남도,PQ,367000000,369820450,100.768515,서영+신오+포스트,99.37,322700000,101.295,Y
20201032367 - 00,20201029,불갑천 하천 재해복구사업 전략 및 소규모환경영향평가용역,전라남도,PQ,367000000,369820450,100.768515,화신+도화+한솔,99.26,316548000,99.3525,N
2004585 - 00,20201029,영천하이테크파크지구 사후환경영향조사(공사시)용역,한국토지주택공사,PQ,1157530000,1157241000,99.97503304,선진+동아+한국환경,99.81,936750000,100.9879,N
2004585 - 00,20201029,영천하이테크파크지구 사후환경영향조사(공사시)용역,한국토지주택공사,PQ,1157530000,1157241000,99.97503304,수성+세광+보드플랜,99.31,930349999,99.8617,N
2004585 - 00,20201029,영천하이테크파크지구 사후환경영향조사(공사시)용역,한국토지주택공사,PQ,1157530000,1157241000,99.97503304,동일+강호,99.27,939300000,100.7849,N
2004585 - 00,20201029,영천하이테크파크지구 사후환경영향조사(공사시)용역,한국토지주택공사,PQ,1157530000,1157241000,99.97503304,동명+예평+동진,99.26,934900000,100.3127,N
2004585 - 00,20201029,영천하이테크파크지구 사후환경영향조사(공사시)용역,한국토지주택공사,PQ,1157530000,1157241000,99.97503304,이산+평화+휴먼,99.25,931100000,99.8926,N
2004585 - 00,20201029,영천하이테크파크지구 사후환경영향조사(공사시)용역,한국토지주택공사,PQ,1157530000,1157241000,99.97503304,건화+우신,99.24,933100000,100.0947,Y
2004585 - 00,20201029,영천하이테크파크지구 사후환경영향조사(공사시)용역,한국토지주택공사,PQ,1157530000,1157241000,99.97503304,홍익+신성+중천,99.24,940600000,100.8993,N
2004585 - 00,20201029,영천하이테크파크지구 사후환경영향조사(공사시)용역,한국토지주택공사,PQ,1157530000,1157241000,99.97503304,서영+세일+퍼스트,99.18,937950000,100.5651,N
2004585 - 00,20201029,영천하이테크파크지구 사후환경영향조사(공사시)용역,한국토지주택공사,PQ,1157530000,1157241000,99.97503304,삼안+다산+레오,99.16,941930000,100.9793,N
2004585 - 00,20201029,영천하이테크파크지구 사후환경영향조사(공사시)용역,한국토지주택공사,PQ,1157530000,1157241000,99.97503304,도화+신일,99.15,925350000,99.1895,N
2004585 - 00,20201029,영천하이테크파크지구 사후환경영향조사(공사시)용역,한국토지주택공사,PQ,1157530000,1157241000,99.97503304,KG+한맥+CNS,99.13,941600000,100.9188,N
2004585 - 00,20201029,영천하이테크파크지구 사후환경영향조사(공사시)용역,한국토지주택공사,PQ,1157530000,1157241000,99.97503304,유신+동해+중앙방재,98.48,1019700000,108.6693,N
20201031434 - 00,20201029,보령 창동정수장 개량공사 건설사업 관리용역,충청남도 보령시 경제도시국 수도과,PQ,2244144000,2255387200,100.5010017,건화+장맥+유신,100,1753996000,100.21,N
20201031434 - 00,20201029,보령 창동정수장 개량공사 건설사업 관리용역,충청남도 보령시 경제도시국 수도과,PQ,2244144000,2255387200,100.5010017,도화+천마+송현,100,1763448000,100.75,Y
20201031434 - 00,20201029,보령 창동정수장 개량공사 건설사업 관리용역,충청남도 보령시 경제도시국 수도과,PQ,2244144000,2255387200,100.5010017,범한+경동,100,2100000000,119.9781,N
20201031434 - 00,20201029,보령 창동정수장 개량공사 건설사업 관리용역,충청남도 보령시 경제도시국 수도과,PQ,2244144000,2255387200,100.5010017,삼안+세일+우리기술,100,1746644000,99.79,N
20201031434 - 00,20201029,보령 창동정수장 개량공사 건설사업 관리용역,충청남도 보령시 경제도시국 수도과,PQ,2244144000,2255387200,100.5010017,한종+동양,100,1737193000,99.25,N
20201033107 - 00,20201030,위미항 다기능어항(피셔리나형) 건설공사 건설사업관리용역 ,제주특별자치도,PQ,1262000000,1280317975,101.4515036,도화+대양+한일,99.73,988340000,100.1796,N
20201033107 - 00,20201030,위미항 다기능어항(피셔리나형) 건설공사 건설사업관리용역 ,제주특별자치도,PQ,1262000000,1280317975,101.4515036,세광+JPM,99.46,994150000,100.5498,N
20201033107 - 00,20201030,위미항 다기능어항(피셔리나형) 건설공사 건설사업관리용역 ,제주특별자치도,PQ,1262000000,1280317975,101.4515036,유신+대영+해진,99.39,984695000,99.53,N
20201033107 - 00,20201030,위미항 다기능어항(피셔리나형) 건설공사 건설사업관리용역 ,제주특별자치도,PQ,1262000000,1280317975,101.4515036,혜인+한맥+한라,99.29,985647000,99.55,N
20201033107 - 00,20201030,위미항 다기능어항(피셔리나형) 건설공사 건설사업관리용역 ,제주특별자치도,PQ,1262000000,1280317975,101.4515036,건화+아산+아라,99.26,982000000,99.1564,N
20201033107 - 00,20201030,위미항 다기능어항(피셔리나형) 건설공사 건설사업관리용역 ,제주특별자치도,PQ,1262000000,1280317975,101.4515036,세일+서영+제원,99.25,985897000,99.5499,N
20201033107 - 00,20201030,위미항 다기능어항(피셔리나형) 건설공사 건설사업관리용역 ,제주특별자치도,PQ,1262000000,1280317975,101.4515036,한종+청풍,99.25,997880000,100.7599,N
20201033107 - 00,20201030,위미항 다기능어항(피셔리나형) 건설공사 건설사업관리용역 ,제주특별자치도,PQ,1262000000,1280317975,101.4515036,수성+태신,98.83,1023000000,103.2963,Y
20201033107 - 00,20201030,위미항 다기능어항(피셔리나형) 건설공사 건설사업관리용역 ,제주특별자치도,PQ,1262000000,1280317975,101.4515036,건일+원,97.77,1052000000,104.954,N
20201033548 - 00,20201030,주문진항 정비사업(3차 재협의)사후환경조사용역(운영시),강원도환동해본부,PQ,1241372000,1231897275,99.23675377,서영+진화+다원,99.39,980400000,100.7426,N
20201033548 - 00,20201030,주문진항 정비사업(3차 재협의)사후환경조사용역(운영시),강원도환동해본부,PQ,1241372000,1231897275,99.23675377,대영+화신+홍익+신일환경,98.01,978020000,99.3824,N
20201033548 - 00,20201030,주문진항 정비사업(3차 재협의)사후환경조사용역(운영시),강원도환동해본부,PQ,1241372000,1231897275,99.23675377,수성+일신+국토+레오,98.01,980889999,99.6741,N
20201033548 - 00,20201030,주문진항 정비사업(3차 재협의)사후환경조사용역(운영시),강원도환동해본부,PQ,1241372000,1231897275,99.23675377,평화+우신+혜인,97.95,977200000,99.249,Y
20201033548 - 00,20201030,주문진항 정비사업(3차 재협의)사후환경조사용역(운영시),강원도환동해본부,PQ,1241372000,1231897275,99.23675377,이산+한환+메이텍,97.9,992370000,100.7516,N
20201033548 - 00,20201030,주문진항 정비사업(3차 재협의)사후환경조사용역(운영시),강원도환동해본부,PQ,1241372000,1231897275,99.23675377,건화+경원+세일,97.87,972800000,98.7399,N
20201033548 - 00,20201030,주문진항 정비사업(3차 재협의)사후환경조사용역(운영시),강원도환동해본부,PQ,1241372000,1231897275,99.23675377,유신+서광+DS,97.79,1000229000,101.46,N
20201033548 - 00,20201030,주문진항 정비사업(3차 재협의)사후환경조사용역(운영시),강원도환동해본부,PQ,1241372000,1231897275,99.23675377,동일+건일+정+정원,97.44,1004300000,101.5915,N
20201033548 - 00,20201030,주문진항 정비사업(3차 재협의)사후환경조사용역(운영시),강원도환동해본부,PQ,1241372000,1231897275,99.23675377,한맥+동해+라임,97.21,998360000,100.8008,N
20201033548 - 00,20201030,주문진항 정비사업(3차 재협의)사후환경조사용역(운영시),강원도환동해본부,PQ,1241372000,1231897275,99.23675377,동명+신일이엔씨,97.04,974940000,98.3006,N
20201033548 - 00,20201030,주문진항 정비사업(3차 재협의)사후환경조사용역(운영시),강원도환동해본부,PQ,1241372000,1231897275,99.23675377,동성+도화+자연과사람,96.66,1014669000,102,N
20201033548 - 00,20201030,주문진항 정비사업(3차 재협의)사후환경조사용역(운영시),강원도환동해본부,PQ,1241372000,1231897275,99.23675377,다산+KG+동서+중천+마린,96.45,1017995000,102.1559,N
20201033548 - 00,20201030,주문진항 정비사업(3차 재협의)사후환경조사용역(운영시),강원도환동해본부,PQ,1241372000,1231897275,99.23675377,삼안+미래+한솔,95.63,1117600000,111.4294,N
20201033691 - 01,20201030,경남권 공공어린이재활병원 건립사업 창원국가산업단지 개발계획 및 실시계획 변경 용역,창원경상대학교병원,PQ,392000000,391068075,99.76226403,수성,99.4,342012000,100.5798,N
20201033691 - 01,20201030,경남권 공공어린이재활병원 건립사업 창원국가산업단지 개발계획 및 실시계획 변경 용역,창원경상대학교병원,PQ,392000000,391068075,99.76226403,삼안,99.4,341880000,100.541,N
20201033691 - 01,20201030,경남권 공공어린이재활병원 건립사업 창원국가산업단지 개발계획 및 실시계획 변경 용역,창원경상대학교병원,PQ,392000000,391068075,99.76226403,유신,99,339320000,99.7881,Y
20201033691 - 01,20201030,경남권 공공어린이재활병원 건립사업 창원국가산업단지 개발계획 및 실시계획 변경 용역,창원경상대학교병원,PQ,392000000,391068075,99.76226403,이산,98.6,341740000,100.4998,N
20201033691 - 01,20201030,경남권 공공어린이재활병원 건립사업 창원국가산업단지 개발계획 및 실시계획 변경 용역,창원경상대학교병원,PQ,392000000,391068075,99.76226403,선진,98.4,340340000,100.0881,N
20201033691 - 01,20201030,경남권 공공어린이재활병원 건립사업 창원국가산업단지 개발계획 및 실시계획 변경 용역,창원경상대학교병원,PQ,392000000,391068075,99.76226403,동일,98.4,338339000,99.4996,N
20201033691 - 01,20201030,경남권 공공어린이재활병원 건립사업 창원국가산업단지 개발계획 및 실시계획 변경 용역,창원경상대학교병원,PQ,392000000,391068075,99.76226403,경호,98,339339000,99.7937,N
20201033691 - 01,20201030,경남권 공공어린이재활병원 건립사업 창원국가산업단지 개발계획 및 실시계획 변경 용역,창원경상대학교병원,PQ,392000000,391068075,99.76226403,일신,96.8,342748000,100.7498,N
20201033691 - 01,20201030,경남권 공공어린이재활병원 건립사업 창원국가산업단지 개발계획 및 실시계획 변경 용역,창원경상대학교병원,PQ,392000000,391068075,99.76226403,경화,98.65,339255000,99.6541,N
20201033691 - 01,20201030,경남권 공공어린이재활병원 건립사업 창원국가산업단지 개발계획 및 실시계획 변경 용역,창원경상대학교병원,PQ,392000000,391068075,99.76226403,건화(주성+다룸),94.23,344600000,101.0613,N
20201033691 - 01,20201030,경남권 공공어린이재활병원 건립사업 창원국가산업단지 개발계획 및 실시계획 변경 용역,창원경상대학교병원,PQ,392000000,391068075,99.76226403,한성,94.57,344434000,100.8156,N
20201033691 - 01,20201030,경남권 공공어린이재활병원 건립사업 창원국가산업단지 개발계획 및 실시계획 변경 용역,창원경상대학교병원,PQ,392000000,391068075,99.76226403,하우,93.87,345430000,101.0491,N
B5202003768,20201030,동화댐광역상수도 관로복선화사업 기본 및 실시설계 용역,한국수자원공사,PQ,1591000000,1595935439,100.3102099,건화+제일(수성E),100,1157936000,99.706,N
B5202003768,20201030,동화댐광역상수도 관로복선화사업 기본 및 실시설계 용역,한국수자원공사,PQ,1591000000,1595935439,100.3102099,동명+수성,100,1164474000,100.269,N
B5202003768,20201030,동화댐광역상수도 관로복선화사업 기본 및 실시설계 용역,한국수자원공사,PQ,1591000000,1595935439,100.3102099,유신+경동+동일,100,1184700000,102.0106,Y
B5202003768,20201030,동화댐광역상수도 관로복선화사업 기본 및 실시설계 용역,한국수자원공사,PQ,1591000000,1595935439,100.3102099,도화+동해,98.18,1550000000,131.1653,N
