PQ공고 NO.,공고일자,사업명,발주처,입찰구분,기초금액,예정금액,예가,업체명,PQ점수,투찰금액,추정예가,낙찰여부
20200400179 - 00,20200401,수원시 하수도정비 기본계획(변경) 수립 용역,경기도 수원시,PQ,2549000000,2558163725,100.3595027,선진+건화,99.84,2004590000,100.6878,Y
20200400179 - 00,20200401,수원시 하수도정비 기본계획(변경) 수립 용역,경기도 수원시,PQ,2549000000,2558163725,100.3595027,동명+대원,98.46,2006280000,99.65,N
20200400179 - 00,20200401,수원시 하수도정비 기본계획(변경) 수립 용역,경기도 수원시,PQ,2549000000,2558163725,100.3595027,이산+하이콘,98.3,1999900000,99.2075,N
20200400179 - 00,20200401,수원시 하수도정비 기본계획(변경) 수립 용역,경기도 수원시,PQ,2549000000,2558163725,100.3595027,도화+한종,98.3,2013680000,99.891,N
20200400179 - 00,20200401,수원시 하수도정비 기본계획(변경) 수립 용역,경기도 수원시,PQ,2549000000,2558163725,100.3595027,삼안+수성,98.3,1997160000,99.0715,N
20200400179 - 00,20200401,수원시 하수도정비 기본계획(변경) 수립 용역,경기도 수원시,PQ,2549000000,2558163725,100.3595027,유신+경호+제일,98.3,2044099000,101.4,N
20200400179 - 00,20200401,수원시 하수도정비 기본계획(변경) 수립 용역,경기도 수원시,PQ,2549000000,2558163725,100.3595027,KG+경동,98.22,1989314000,98.62,N
20200400179 - 00,20200401,수원시 하수도정비 기본계획(변경) 수립 용역,경기도 수원시,PQ,2549000000,2558163725,100.3595027,건양+동부+우빈,98.22,2042568000,101.26,N
20200401048 - 00,20200401,대천천 일원 침수위험지 정비사업 건설사업관리용역,부산광역시 북구,PQ,732600000,735774025,100.4332548,한종+대원,100,626000000,99.9463,N
20200401048 - 00,20200401,대천천 일원 침수위험지 정비사업 건설사업관리용역,부산광역시 북구,PQ,732600000,735774025,100.4332548,도화+한가람,99.78,625400000,99.7921,N
20200401048 - 00,20200401,대천천 일원 침수위험지 정비사업 건설사업관리용역,부산광역시 북구,PQ,732600000,735774025,100.4332548,수성+거원,99.73,625410000,99.7821,N
20200401048 - 00,20200401,대천천 일원 침수위험지 정비사업 건설사업관리용역,부산광역시 북구,PQ,732600000,735774025,100.4332548,유신+경성,99.71,629438000,100.413,N
20200401048 - 00,20200401,대천천 일원 침수위험지 정비사업 건설사업관리용역,부산광역시 북구,PQ,732600000,735774025,100.4332548,신명+GS,99.67,631316000,100.7008,N
20200401048 - 00,20200401,대천천 일원 침수위험지 정비사업 건설사업관리용역,부산광역시 북구,PQ,732600000,735774025,100.4332548,건화+대진,99.64,625400000,99.7572,N
20200401048 - 00,20200401,대천천 일원 침수위험지 정비사업 건설사업관리용역,부산광역시 북구,PQ,732600000,735774025,100.4332548,대콘+이화,99.57,621444000,99.103,N
20200401048 - 00,20200401,대천천 일원 침수위험지 정비사업 건설사업관리용역,부산광역시 북구,PQ,732600000,735774025,100.4332548,동성+선일,99.52,631156000,100.64,Y
20200401048 - 00,20200401,대천천 일원 침수위험지 정비사업 건설사업관리용역,부산광역시 북구,PQ,732600000,735774025,100.4332548,극동+원일+길평,99.48,631668000,100.7099,N
20200401048 - 00,20200401,대천천 일원 침수위험지 정비사업 건설사업관리용역,부산광역시 북구,PQ,732600000,735774025,100.4332548,다산+HM,99.47,631180000,100.6321,N
20200401048 - 00,20200401,대천천 일원 침수위험지 정비사업 건설사업관리용역,부산광역시 북구,PQ,732600000,735774025,100.4332548,삼보+에이플,99.47,627940000,100.1155,N
20200401048 - 00,20200401,대천천 일원 침수위험지 정비사업 건설사업관리용역,부산광역시 북구,PQ,732600000,735774025,100.4332548,문창+경호,99.39,631334000,100.6331,N
20200401048 - 00,20200401,대천천 일원 침수위험지 정비사업 건설사업관리용역,부산광역시 북구,PQ,732600000,735774025,100.4332548,평화+삼영,99.39,619200000,98.699,N
20200401048 - 00,20200401,대천천 일원 침수위험지 정비사업 건설사업관리용역,부산광역시 북구,PQ,732600000,735774025,100.4332548,천일+한진,99.33,631400000,100.6319,N
20200401048 - 00,20200401,대천천 일원 침수위험지 정비사업 건설사업관리용역,부산광역시 북구,PQ,732600000,735774025,100.4332548,홍익+원공,99.22,636316000,101.3799,N
20200401048 - 00,20200401,대천천 일원 침수위험지 정비사업 건설사업관리용역,부산광역시 북구,PQ,732600000,735774025,100.4332548,KCM+미래플랜,99.11,620430000,98.8258,N
20200401048 - 00,20200401,대천천 일원 침수위험지 정비사업 건설사업관리용역,부산광역시 북구,PQ,732600000,735774025,100.4332548,용마+청남,99.03,620220000,98.7693,N
20200401048 - 00,20200401,대천천 일원 침수위험지 정비사업 건설사업관리용역,부산광역시 북구,PQ,732600000,735774025,100.4332548,조은하이텍+경원,98.6,636858000,101.3125,N
20200400948 - 00,20200401,연안항 물양장 매립 및 부지조성공사 기본 및 실시설계용역,인천항만공사,PQ,934320000,941862350,100.8072555,한항+대양,97.94,785928000,100.481,N
20200400948 - 00,20200401,연안항 물양장 매립 및 부지조성공사 기본 및 실시설계용역,인천항만공사,PQ,934320000,941862350,100.8072555,건일,97.73,789090000,100.7889,N
20200400948 - 00,20200401,연안항 물양장 매립 및 부지조성공사 기본 및 실시설계용역,인천항만공사,PQ,934320000,941862350,100.8072555,도화,97.73,780420000,99.6815,N
20200400948 - 00,20200401,연안항 물양장 매립 및 부지조성공사 기본 및 실시설계용역,인천항만공사,PQ,934320000,941862350,100.8072555,세일,97.73,787219000,100.5499,N
20200400948 - 00,20200401,연안항 물양장 매립 및 부지조성공사 기본 및 실시설계용역,인천항만공사,PQ,934320000,941862350,100.8072555,세광+일진,97.26,781660000,99.6496,N
20200400948 - 00,20200401,연안항 물양장 매립 및 부지조성공사 기본 및 실시설계용역,인천항만공사,PQ,934320000,941862350,100.8072555,혜인,96.8,780399000,99.2996,N
20200400948 - 00,20200401,연안항 물양장 매립 및 부지조성공사 기본 및 실시설계용역,인천항만공사,PQ,934320000,941862350,100.8072555,건화(테크피아),96.6,798000000,101.4548,Y
20200400948 - 00,20200401,연안항 물양장 매립 및 부지조성공사 기본 및 실시설계용역,인천항만공사,PQ,934320000,941862350,100.8072555,아라,96.3,781759000,99.2603,N
20200400948 - 00,20200401,연안항 물양장 매립 및 부지조성공사 기본 및 실시설계용역,인천항만공사,PQ,934320000,941862350,100.8072555,유신,96.01,799878000,101.4405,N
20200400948 - 00,20200401,연안항 물양장 매립 및 부지조성공사 기본 및 실시설계용역,인천항만공사,PQ,934320000,941862350,100.8072555,한종,95.71,799600000,101.2852,N
20200400948 - 00,20200401,연안항 물양장 매립 및 부지조성공사 기본 및 실시설계용역,인천항만공사,PQ,934320000,941862350,100.8072555,서영,95.61,802100000,101.5538,N
20200400097 - 00,20200401,어은돌해수욕장지구 연안정비사업 기본 및 실시설계 용역,충청남도 태안군,PQ,600846000,602812300,100.3272552,세일,99.4,518239000,100.72,N
20200400097 - 00,20200401,어은돌해수욕장지구 연안정비사업 기본 및 실시설계 용역,충청남도 태안군,PQ,600846000,602812300,100.3272552,한항,99.4,516538000,100.3894,Y
20200400097 - 00,20200401,어은돌해수욕장지구 연안정비사업 기본 및 실시설계 용역,충청남도 태안군,PQ,600846000,602812300,100.3272552,세광+드림,99.34,514330000,99.9486,N
20200400097 - 00,20200401,어은돌해수욕장지구 연안정비사업 기본 및 실시설계 용역,충청남도 태안군,PQ,600846000,602812300,100.3272552,건화(우빈),99.3,510800000,99.251,N
20200400097 - 00,20200401,어은돌해수욕장지구 연안정비사업 기본 및 실시설계 용역,충청남도 태안군,PQ,600846000,602812300,100.3272552,삼안,99.3,514580000,99.9855,N
20200400097 - 00,20200401,어은돌해수욕장지구 연안정비사업 기본 및 실시설계 용역,충청남도 태안군,PQ,600846000,602812300,100.3272552,수성+기산,99.3,513986000,99.8701,N
20200400097 - 00,20200401,어은돌해수욕장지구 연안정비사업 기본 및 실시설계 용역,충청남도 태안군,PQ,600846000,602812300,100.3272552,건일+한맥,99.23,512790000,99.6261,N
20200400097 - 00,20200401,어은돌해수욕장지구 연안정비사업 기본 및 실시설계 용역,충청남도 태안군,PQ,600846000,602812300,100.3272552,유신,99.22,513406000,99.7341,N
20200400097 - 00,20200401,어은돌해수욕장지구 연안정비사업 기본 및 실시설계 용역,충청남도 태안군,PQ,600846000,602812300,100.3272552,한종,99.14,521350000,101.2655,N
20200400097 - 00,20200401,어은돌해수욕장지구 연안정비사업 기본 및 실시설계 용역,충청남도 태안군,PQ,600846000,602812300,100.3272552,대영,99,512140000,99.4417,N
20200400097 - 00,20200401,어은돌해수욕장지구 연안정비사업 기본 및 실시설계 용역,충청남도 태안군,PQ,600846000,602812300,100.3272552,혜인,99,516148000,100.22,N
20200400097 - 00,20200401,어은돌해수욕장지구 연안정비사업 기본 및 실시설계 용역,충청남도 태안군,PQ,600846000,602812300,100.3272552,아라+우주,98.82,510356000,99.0491,N
20200400097 - 00,20200401,어은돌해수욕장지구 연안정비사업 기본 및 실시설계 용역,충청남도 태안군,PQ,600846000,602812300,100.3272552,도화,98.5,540000000,104.7169,N
20200400938 - 00,20200401,세종특별자치시「도시 바람길숲」조성사업 기본 및 실시설계용역,세종특별자치시,PQ,972816000,969211800,99.62950856,건화+경동,99.13,839800000,100.7372,N
20200400938 - 00,20200401,세종특별자치시「도시 바람길숲」조성사업 기본 및 실시설계용역,세종특별자치시,PQ,972816000,969211800,99.62950856,도화+세일,99.06,834586000,100.1,N
20200400938 - 00,20200401,세종특별자치시「도시 바람길숲」조성사업 기본 및 실시설계용역,세종특별자치시,PQ,972816000,969211800,99.62950856,KG+천마,98.91,830874000,99.6199,N
20200400938 - 00,20200401,세종특별자치시「도시 바람길숲」조성사업 기본 및 실시설계용역,세종특별자치시,PQ,972816000,969211800,99.62950856,유신+장맥,98.9,831639000,99.7,Y
20200400938 - 00,20200401,세종특별자치시「도시 바람길숲」조성사업 기본 및 실시설계용역,세종특별자치시,PQ,972816000,969211800,99.62950856,선진+드림,97.7,844930000,100.9872,N
20200400938 - 00,20200401,세종특별자치시「도시 바람길숲」조성사업 기본 및 실시설계용역,세종특별자치시,PQ,972816000,969211800,99.62950856,경호+강호,96.88,829090000,98.887,N
20200400938 - 00,20200401,세종특별자치시「도시 바람길숲」조성사업 기본 및 실시설계용역,세종특별자치시,PQ,972816000,969211800,99.62950856,한종+홍익,96.76,849750000,101.3159,N
20200400938 - 00,20200401,세종특별자치시「도시 바람길숲」조성사업 기본 및 실시설계용역,세종특별자치시,PQ,972816000,969211800,99.62950856,삼안+동림,94.47,849970000,100.7578,N
20200401911 - 00,20200401,와온항 어촌뉴딜300사업 기본 및 실시설계 ,전라남도 순천시,PQ,850410000,859605100,101.0812549,한종+신명,98.02,729400000,99.8085,N
20200401911 - 00,20200401,와온항 어촌뉴딜300사업 기본 및 실시설계 ,전라남도 순천시,PQ,850410000,859605100,101.0812549,KG+한기,97.74,736336000,100.6872,N
20200401911 - 00,20200401,와온항 어촌뉴딜300사업 기본 및 실시설계 ,전라남도 순천시,PQ,850410000,859605100,101.0812549,유신+평화,97.73,737453000,100.84,N
20200401911 - 00,20200401,와온항 어촌뉴딜300사업 기본 및 실시설계 ,전라남도 순천시,PQ,850410000,859605100,101.0812549,건화+우빈(상산),97.63,733690000,100.2904,N
20200401911 - 00,20200401,와온항 어촌뉴딜300사업 기본 및 실시설계 ,전라남도 순천시,PQ,850410000,859605100,101.0812549,삼안+건영,95.69,761640000,103.6052,Y
2020UMM02902020-04171-01,20200401,20-국-00부대 설계용역(B114),국군재정관리단,PQ,250067000,249091910,99.6100685,건화(중앙포럼+영설계+지앤텍),96.3,216990000,99.9398,Y
2020UMM02902020-04171-01,20200401,20-국-00부대 설계용역(B114),국군재정관리단,PQ,250067000,249091910,99.6100685,벽산,96.6,217390000,100.0895,N
20200401284 - 00,20200401,강동하수처리시설 증설사업 외 1개소 감독권한대행 등 통합건설사업관리용역,울산광역시,PQ,1815000000,1828748675,100.7575028,범한+부광,99.92,1420950000,100.3001,N
20200401284 - 00,20200401,강동하수처리시설 증설사업 외 1개소 감독권한대행 등 통합건설사업관리용역,울산광역시,PQ,1815000000,1828748675,100.7575028,경동+대흥,99.8,1421780000,100.2688,N
20200401284 - 00,20200401,강동하수처리시설 증설사업 외 1개소 감독권한대행 등 통합건설사업관리용역,울산광역시,PQ,1815000000,1828748675,100.7575028,한종+CM,99.71,1417638000,99.9,N
20200401284 - 00,20200401,강동하수처리시설 증설사업 외 1개소 감독권한대행 등 통합건설사업관리용역,울산광역시,PQ,1815000000,1828748675,100.7575028,동명+성지,99.62,1408360000,99.17,N
20200401284 - 00,20200401,강동하수처리시설 증설사업 외 1개소 감독권한대행 등 통합건설사업관리용역,울산광역시,PQ,1815000000,1828748675,100.7575028,건화+동남,99.58,1414400000,99.5699,N
20200401284 - 00,20200401,강동하수처리시설 증설사업 외 1개소 감독권한대행 등 통합건설사업관리용역,울산광역시,PQ,1815000000,1828748675,100.7575028,선진+신흥,99.58,1430920000,100.7329,N
20200401284 - 00,20200401,강동하수처리시설 증설사업 외 1개소 감독권한대행 등 통합건설사업관리용역,울산광역시,PQ,1815000000,1828748675,100.7575028,동성+태성,99.55,1407944000,99.0901,N
20200401284 - 00,20200401,강동하수처리시설 증설사업 외 1개소 감독권한대행 등 통합건설사업관리용역,울산광역시,PQ,1815000000,1828748675,100.7575028,삼안+청목,99.5,1442540000,101.486,Y
20200401284 - 00,20200401,강동하수처리시설 증설사업 외 1개소 감독권한대행 등 통합건설사업관리용역,울산광역시,PQ,1815000000,1828748675,100.7575028,도화+한신,99.21,1408800000,98.8725,N
20200401284 - 00,20200401,강동하수처리시설 증설사업 외 1개소 감독권한대행 등 통합건설사업관리용역,울산광역시,PQ,1815000000,1828748675,100.7575028,이산+선진기술단,99.14,1405700000,98.5921,N
20200401284 - 00,20200401,강동하수처리시설 증설사업 외 1개소 감독권한대행 등 통합건설사업관리용역,울산광역시,PQ,1815000000,1828748675,100.7575028,용마+경호+UNC,99.02,1444000000,101.1882,N
20200400954 - 00,20200401,벽제3처리분구 하수관로 정비사업 건설사업관리용역 ,경기도 고양시,PQ,997000000,989368025,99.23450602,동명+극동,99.93,856250000,100.4299,N
20200400954 - 00,20200401,벽제3처리분구 하수관로 정비사업 건설사업관리용역 ,경기도 고양시,PQ,997000000,989368025,99.23450602,이산+KCM,99.91,852852000,100.0314,N
20200400954 - 00,20200401,벽제3처리분구 하수관로 정비사업 건설사업관리용역 ,경기도 고양시,PQ,997000000,989368025,99.23450602,한종+동일,99.9,859600000,100.8111,N
20200400954 - 00,20200401,벽제3처리분구 하수관로 정비사업 건설사업관리용역 ,경기도 고양시,PQ,997000000,989368025,99.23450602,천일+지유,99.7,851600000,99.8262,N
20200400954 - 00,20200401,벽제3처리분구 하수관로 정비사업 건설사업관리용역 ,경기도 고양시,PQ,997000000,989368025,99.23450602,건화+건양,99.27,849200000,99.4286,Y
20200400954 - 00,20200401,벽제3처리분구 하수관로 정비사업 건설사업관리용역 ,경기도 고양시,PQ,997000000,989368025,99.23450602,동성+오이디,99.21,863575000,101.0999,N
20200400954 - 00,20200401,벽제3처리분구 하수관로 정비사업 건설사업관리용역 ,경기도 고양시,PQ,997000000,989368025,99.23450602,도화+경호,98.93,847920000,99.1977,N
20200401690 - 00,20200402,양서정수장 고도정수처리시설설치사업 기본 및 실시설계용역,경기도 양평군 수도사업소,PQ,373488000,377208925,100.9962636,건화+도화(테크피아),99.92,326000000,100.6112,N
20200401690 - 00,20200402,양서정수장 고도정수처리시설설치사업 기본 및 실시설계용역,경기도 양평군 수도사업소,PQ,373488000,377208925,100.9962636,삼안+건양,97.2,324060000,99.748,N
20200401690 - 00,20200402,양서정수장 고도정수처리시설설치사업 기본 및 실시설계용역,경기도 양평군 수도사업소,PQ,373488000,377208925,100.9962636,동명+KG,96.9,326000000,100.3106,N
20200401690 - 00,20200402,양서정수장 고도정수처리시설설치사업 기본 및 실시설계용역,경기도 양평군 수도사업소,PQ,373488000,377208925,100.9962636,한종+서광,96.4,332300000,102.2021,Y
20200401690 - 00,20200402,양서정수장 고도정수처리시설설치사업 기본 및 실시설계용역,경기도 양평군 수도사업소,PQ,373488000,377208925,100.9962636,범한+경호,94.84,323300000,99.2858,N
20200402577 - 00,20200402,포천시 소하천정비종합계획(재수립) 및 지형도면고시(송우천 등 18개소) 용역,경기도 포천시,PQ,1253037000,1234952600,98.55675451,한종+다산+제일,98.3,994500000,100.3568,N
20200402577 - 00,20200402,포천시 소하천정비종합계획(재수립) 및 지형도면고시(송우천 등 18개소) 용역,경기도 포천시,PQ,1253037000,1234952600,98.55675451,이산+강동+삼경,97.77,990870000,99.5624,N
20200402577 - 00,20200402,포천시 소하천정비종합계획(재수립) 및 지형도면고시(송우천 등 18개소) 용역,경기도 포천시,PQ,1253037000,1234952600,98.55675451,도화+KG,97.7,1003200000,100.7379,N
20200402577 - 00,20200402,포천시 소하천정비종합계획(재수립) 및 지형도면고시(송우천 등 18개소) 용역,경기도 포천시,PQ,1253037000,1234952600,98.55675451,유신+동명+보람,97.69,990872000,99.5,N
20200402577 - 00,20200402,포천시 소하천정비종합계획(재수립) 및 지형도면고시(송우천 등 18개소) 용역,경기도 포천시,PQ,1253037000,1234952600,98.55675451,동성+서영+서광,97.6,1003580000,100.7001,N
20200402577 - 00,20200402,포천시 소하천정비종합계획(재수립) 및 지형도면고시(송우천 등 18개소) 용역,경기도 포천시,PQ,1253037000,1234952600,98.55675451,평화+지유+보원,97.56,1011800000,101.4866,N
20200402577 - 00,20200402,포천시 소하천정비종합계획(재수립) 및 지형도면고시(송우천 등 18개소) 용역,경기도 포천시,PQ,1253037000,1234952600,98.55675451,경호+극동,97.52,1010990000,101.3799,N
20200402577 - 00,20200402,포천시 소하천정비종합계획(재수립) 및 지형도면고시(송우천 등 18개소) 용역,경기도 포천시,PQ,1253037000,1234952600,98.55675451,삼안+KCI,97.51,987140000,98.9758,N
20200402577 - 00,20200402,포천시 소하천정비종합계획(재수립) 및 지형도면고시(송우천 등 18개소) 용역,경기도 포천시,PQ,1253037000,1234952600,98.55675451,동부+한맥,97.46,986700000,98.8944,Y
20200402577 - 00,20200402,포천시 소하천정비종합계획(재수립) 및 지형도면고시(송우천 등 18개소) 용역,경기도 포천시,PQ,1253037000,1234952600,98.55675451,건화+수성+유현(테크피아),97.4,1018200000,102.0003,N
20200402577 - 00,20200402,포천시 소하천정비종합계획(재수립) 및 지형도면고시(송우천 등 18개소) 용역,경기도 포천시,PQ,1253037000,1234952600,98.55675451,KSM+선진,96.28,1023400000,101.603,N
20200402577 - 00,20200402,포천시 소하천정비종합계획(재수립) 및 지형도면고시(송우천 등 18개소) 용역,경기도 포천시,PQ,1253037000,1234952600,98.55675451,화신+용마,95.9,1023799000,101.34,N
20200401883 - 00,20200402,하남정수장 고도처리시설 설치공사 건설사업관리용역,경기도 하남시 친환경사업소,SOQ,3352000000,3339647925,99.63150134,동명+서영+태성,97.6,2500268000,100.0742,Y
20200401883 - 00,20200402,하남정수장 고도처리시설 설치공사 건설사업관리용역,경기도 하남시 친환경사업소,SOQ,3352000000,3339647925,99.63150134,도화+KG,97.2,2537500000,101.2114,N
20200401883 - 00,20200402,하남정수장 고도처리시설 설치공사 건설사업관리용역,경기도 하남시 친환경사업소,SOQ,3352000000,3339647925,99.63150134,동성+건화,96,2499680000,98.7,N
20200401883 - 00,20200402,하남정수장 고도처리시설 설치공사 건설사업관리용역,경기도 하남시 친환경사업소,SOQ,3352000000,3339647925,99.63150134,한종+오이디+삼보,95.76,2600000000,102.4442,N
20200401883 - 00,20200402,하남정수장 고도처리시설 설치공사 건설사업관리용역,경기도 하남시 친환경사업소,SOQ,3352000000,3339647925,99.63150134,삼안+경동+용마,91.55,2693900000,102.5023,N
20200401883 - 00,20200402,하남정수장 고도처리시설 설치공사 건설사업관리용역,경기도 하남시 친환경사업소,SOQ,3352000000,3339647925,99.63150134,KCM+선진+동해,89.85,3260000000,122.3415,N
20200403656 - 00,20200402,장호항 정비사업 실시설계용역,해양수산부 동해지방해양수산청,PQ,1450000000,1458638375,100.59575,세광+혜인,100,1168630000,100.7503,Y
20200403656 - 00,20200402,장호항 정비사업 실시설계용역,해양수산부 동해지방해양수산청,PQ,1450000000,1458638375,100.59575,건일,98.8,1167290000,99.589,N
20200403656 - 00,20200402,장호항 정비사업 실시설계용역,해양수산부 동해지방해양수산청,PQ,1450000000,1458638375,100.59575,항도,98.76,1181880000,100.7963,N
20200403656 - 00,20200402,장호항 정비사업 실시설계용역,해양수산부 동해지방해양수산청,PQ,1450000000,1458638375,100.59575,한항+평화,98.69,1183831000,100.9003,N
20200403656 - 00,20200402,장호항 정비사업 실시설계용역,해양수산부 동해지방해양수산청,PQ,1450000000,1458638375,100.59575,대영,98.66,1182500000,100.762,N
20200403656 - 00,20200402,장호항 정비사업 실시설계용역,해양수산부 동해지방해양수산청,PQ,1450000000,1458638375,100.59575,아라+수성,98.36,1191454000,101.2622,N
20200403656 - 00,20200402,장호항 정비사업 실시설계용역,해양수산부 동해지방해양수산청,PQ,1450000000,1458638375,100.59575,세일+일진,98.29,1184744000,100.6299,N
20200403656 - 00,20200402,장호항 정비사업 실시설계용역,해양수산부 동해지방해양수산청,PQ,1450000000,1458638375,100.59575,한종,98.17,1173500000,99.5768,N
20200403656 - 00,20200402,장호항 정비사업 실시설계용역,해양수산부 동해지방해양수산청,PQ,1450000000,1458638375,100.59575,건화+대양(대명+마린),97.9,1198000000,101.4186,N
20200403656 - 00,20200402,장호항 정비사업 실시설계용역,해양수산부 동해지방해양수산청,PQ,1450000000,1458638375,100.59575,유신,97.86,1200584000,101.6,N
20200403656 - 00,20200402,장호항 정비사업 실시설계용역,해양수산부 동해지방해양수산청,PQ,1450000000,1458638375,100.59575,도화,97.49,1204500000,101.6072,N
20200403656 - 00,20200402,장호항 정비사업 실시설계용역,해양수산부 동해지방해양수산청,PQ,1450000000,1458638375,100.59575,서영+삼영,96.81,1216000000,101.991,N
20200402996 - 00,20200402,장재천 공공하수처리수 재이용사업 기본 및 실시설계 용역,충청남도 천안시,PQ,545400000,547304875,100.349262,도화+경동,99.9,474730000,100.3314,N
20200402996 - 00,20200402,장재천 공공하수처리수 재이용사업 기본 및 실시설계 용역,충청남도 천안시,PQ,545400000,547304875,100.349262,선진+바셈,99.73,474160000,100.1879,N
20200402996 - 00,20200402,장재천 공공하수처리수 재이용사업 기본 및 실시설계 용역,충청남도 천안시,PQ,545400000,547304875,100.349262,건양+우빈,99.7,474312000,100.22,N
20200402996 - 00,20200402,장재천 공공하수처리수 재이용사업 기본 및 실시설계 용역,충청남도 천안시,PQ,545400000,547304875,100.349262,삼안+한맥,99.7,475310000,100.4309,N
20200402996 - 00,20200402,장재천 공공하수처리수 재이용사업 기본 및 실시설계 용역,충청남도 천안시,PQ,545400000,547304875,100.349262,경호+계림,99.6,476340000,100.6369,N
20200402996 - 00,20200402,장재천 공공하수처리수 재이용사업 기본 및 실시설계 용역,충청남도 천안시,PQ,545400000,547304875,100.349262,이산+장맥,99.6,475200000,100.3961,Y
20200402996 - 00,20200402,장재천 공공하수처리수 재이용사업 기본 및 실시설계 용역,충청남도 천안시,PQ,545400000,547304875,100.349262,건화+수성(예당),99.36,473910000,100.1004,N
20200402996 - 00,20200402,장재천 공공하수처리수 재이용사업 기본 및 실시설계 용역,충청남도 천안시,PQ,545400000,547304875,100.349262,KG+우리,99.36,475896000,100.5199,N
20200402996 - 00,20200402,장재천 공공하수처리수 재이용사업 기본 및 실시설계 용역,충청남도 천안시,PQ,545400000,547304875,100.349262,제일+기산,99.25,477750000,100.8999,N
20200402996 - 00,20200402,장재천 공공하수처리수 재이용사업 기본 및 실시설계 용역,충청남도 천안시,PQ,545400000,547304875,100.349262,화신+동양,98.99,470330000,99.3099,N
20200402996 - 00,20200402,장재천 공공하수처리수 재이용사업 기본 및 실시설계 용역,충청남도 천안시,PQ,545400000,547304875,100.349262,유신+천마,98.02,478182000,100.875,N
20200402996 - 00,20200402,장재천 공공하수처리수 재이용사업 기본 및 실시설계 용역,충청남도 천안시,PQ,545400000,547304875,100.349262,한종+세일,97.15,470000000,99.0577,N
20200402996 - 00,20200402,장재천 공공하수처리수 재이용사업 기본 및 실시설계 용역,충청남도 천안시,PQ,545400000,547304875,100.349262,동명+드림,100,486300000,102.1995,N
20200401834 - 00,20200402,정남하수처리구역 하수관로 설치공사 기본 및 실시설계 용역,경기도 화성시 맑은물사업소,PQ,2044944000,2067714475,101.1135012,이산+유신,99.37,1600400000,99.8167,N
20200401834 - 00,20200402,정남하수처리구역 하수관로 설치공사 기본 및 실시설계 용역,경기도 화성시 맑은물사업소,PQ,2044944000,2067714475,101.1135012,제일+동부+KCI,99.36,1600900000,99.8479,N
20200401834 - 00,20200402,정남하수처리구역 하수관로 설치공사 기본 및 실시설계 용역,경기도 화성시 맑은물사업소,PQ,2044944000,2067714475,101.1135012,동명+대원,99.36,1611500000,100.509,N
20200401834 - 00,20200402,정남하수처리구역 하수관로 설치공사 기본 및 실시설계 용역,경기도 화성시 맑은물사업소,PQ,2044944000,2067714475,101.1135012,도화+경호,99.34,1598450000,99.6697,N
20200401834 - 00,20200402,정남하수처리구역 하수관로 설치공사 기본 및 실시설계 용역,경기도 화성시 맑은물사업소,PQ,2044944000,2067714475,101.1135012,건화+범한,99.3,1592000000,99.2422,N
20200401834 - 00,20200402,정남하수처리구역 하수관로 설치공사 기본 및 실시설계 용역,경기도 화성시 맑은물사업소,PQ,2044944000,2067714475,101.1135012,KG+경동,99.3,1615064000,100.68,N
20200401834 - 00,20200402,정남하수처리구역 하수관로 설치공사 기본 및 실시설계 용역,경기도 화성시 맑은물사업소,PQ,2044944000,2067714475,101.1135012,삼안+한맥+다산,99.3,1616780000,100.7869,N
20200401834 - 00,20200402,정남하수처리구역 하수관로 설치공사 기본 및 실시설계 용역,경기도 화성시 맑은물사업소,PQ,2044944000,2067714475,101.1135012,한종+정,99.23,1590750000,99.1011,N
20200401834 - 00,20200402,정남하수처리구역 하수관로 설치공사 기본 및 실시설계 용역,경기도 화성시 맑은물사업소,PQ,2044944000,2067714475,101.1135012,선진+경화,99,1990990000,123.8146,Y
20200403864 - 00,20200402,김해시 자원순환시설 현대화사업 기본설계 및 입찰안내서 작성,한국환경공단,PQ,1066552000,1067655925,100.1035041,한종+선진+범한,97.46,924100000,100.6841,Y
20200403864 - 00,20200402,김해시 자원순환시설 현대화사업 기본설계 및 입찰안내서 작성,한국환경공단,PQ,1066552000,1067655925,100.1035041,도화+경화,97.05,917383000,99.8478,N
20200403864 - 00,20200402,김해시 자원순환시설 현대화사업 기본설계 및 입찰안내서 작성,한국환경공단,PQ,1066552000,1067655925,100.1035041,건화+하우,95.13,916780000,99.2866,N
20200403893 - 00,20200402,시흥스마트허브 하수관로 BTL구간 노후상수관 교체공사 기본 및 실시설계용역,경기도 시흥시,PQ,1574679000,1568108700,99.58275306,한종+KG+KCI,98.2,1256600000,100.8154,N
20200403893 - 00,20200402,시흥스마트허브 하수관로 BTL구간 노후상수관 교체공사 기본 및 실시설계용역,경기도 시흥시,PQ,1574679000,1568108700,99.58275306,도화+이산,98.1,1243220000,99.6663,Y
20200403893 - 00,20200402,시흥스마트허브 하수관로 BTL구간 노후상수관 교체공사 기본 및 실시설계용역,경기도 시흥시,PQ,1574679000,1568108700,99.58275306,삼안+하이콘,97.8,1244650000,99.5422,N
20200403893 - 00,20200402,시흥스마트허브 하수관로 BTL구간 노후상수관 교체공사 기본 및 실시설계용역,경기도 시흥시,PQ,1574679000,1568108700,99.58275306,건화+동명(테크피아),97.27,1272980000,101.3739,N
20200403893 - 00,20200402,시흥스마트허브 하수관로 BTL구간 노후상수관 교체공사 기본 및 실시설계용역,경기도 시흥시,PQ,1574679000,1568108700,99.58275306,HEC+서영,96.56,1400000000,110.8497,N
20200403572 - 00,20200402,여수 죽림1지구 도시개발사업 사후환경영향조사 용역(공사시),전남개발공사,PQ,937089000,923006950,98.49725586,수성+신명+세종,98.43,806212000,100.2198,N
20200403572 - 00,20200402,여수 죽림1지구 도시개발사업 사후환경영향조사 용역(공사시),전남개발공사,PQ,937089000,923006950,98.49725586,건화+동아+대현,98.39,806000000,100.1817,N
20200403572 - 00,20200402,여수 죽림1지구 도시개발사업 사후환경영향조사 용역(공사시),전남개발공사,PQ,937089000,923006950,98.49725586,평화+한맥+중천,98.23,805530000,100.0884,N
20200403572 - 00,20200402,여수 죽림1지구 도시개발사업 사후환경영향조사 용역(공사시),전남개발공사,PQ,937089000,923006950,98.49725586,삼안+일월+우신,98.08,806300000,100.1374,N
20200403572 - 00,20200402,여수 죽림1지구 도시개발사업 사후환경영향조사 용역(공사시),전남개발공사,PQ,937089000,923006950,98.49725586,천일+하이콘+도화+소운,98.06,811230000,100.7497,N
20200403572 - 00,20200402,여수 죽림1지구 도시개발사업 사후환경영향조사 용역(공사시),전남개발공사,PQ,937089000,923006950,98.49725586,이산+이에스,97.96,800490000,99.3927,N
20200403572 - 00,20200402,여수 죽림1지구 도시개발사업 사후환경영향조사 용역(공사시),전남개발공사,PQ,937089000,923006950,98.49725586,한종+한기+한국환경,97.95,809300000,100.4749,N
20200403572 - 00,20200402,여수 죽림1지구 도시개발사업 사후환경영향조사 용역(공사시),전남개발공사,PQ,937089000,923006950,98.49725586,홍익+한솔,97.89,798720000,99.1498,N
20200403572 - 00,20200402,여수 죽림1지구 도시개발사업 사후환경영향조사 용역(공사시),전남개발공사,PQ,937089000,923006950,98.49725586,동성+우리+디에스,97.83,797606000,99,N
20200403572 - 00,20200402,여수 죽림1지구 도시개발사업 사후환경영향조사 용역(공사시),전남개발공사,PQ,937089000,923006950,98.49725586,서영+신오+퍼스트,97.81,812200000,100.7997,N
20200403572 - 00,20200402,여수 죽림1지구 도시개발사업 사후환경영향조사 용역(공사시),전남개발공사,PQ,937089000,923006950,98.49725586,신성+하우원+대콘,97.77,811280000,100.6739,N
20200403572 - 00,20200402,여수 죽림1지구 도시개발사업 사후환경영향조사 용역(공사시),전남개발공사,PQ,937089000,923006950,98.49725586,동명+상원+정원,97.62,798500000,99.0534,N
20200403572 - 00,20200402,여수 죽림1지구 도시개발사업 사후환경영향조사 용역(공사시),전남개발공사,PQ,937089000,923006950,98.49725586,동부+우영+신일,97.53,811690000,100.6662,N
20200403572 - 00,20200402,여수 죽림1지구 도시개발사업 사후환경영향조사 용역(공사시),전남개발공사,PQ,937089000,923006950,98.49725586,다산+성호,97.27,796390000,98.6999,Y
20200403572 - 00,20200402,여수 죽림1지구 도시개발사업 사후환경영향조사 용역(공사시),전남개발공사,PQ,937089000,923006950,98.49725586,KG+서남+휴먼,97.26,799457000,99.08,N
20200401552 - 01,20200403,익산 북부1처리분구 하수관로 정비사업 기본 및 실시설계용역,전라북도 익산시 상하수도사업단,PQ,1926760000,1932087550,100.276503,도화+국성,98.1,1532100000,100.3811,Y
20200401552 - 01,20200403,익산 북부1처리분구 하수관로 정비사업 기본 및 실시설계용역,전라북도 익산시 상하수도사업단,PQ,1926760000,1932087550,100.276503,KG+인우+한맥,97.91,1527046000,99.8987,N
20200401552 - 01,20200403,익산 북부1처리분구 하수관로 정비사업 기본 및 실시설계용역,전라북도 익산시 상하수도사업단,PQ,1926760000,1932087550,100.276503,동명+더한,97.8,1541570000,100.7599,N
20200401552 - 01,20200403,익산 북부1처리분구 하수관로 정비사업 기본 및 실시설계용역,전라북도 익산시 상하수도사업단,PQ,1926760000,1932087550,100.276503,제일+조화+건일,97.78,1525280000,99.6701,N
20200401552 - 01,20200403,익산 북부1처리분구 하수관로 정비사업 기본 및 실시설계용역,전라북도 익산시 상하수도사업단,PQ,1926760000,1932087550,100.276503,이산+JCN,97.7,1519400000,99.2234,N
20200401552 - 01,20200403,익산 북부1처리분구 하수관로 정비사업 기본 및 실시설계용역,전라북도 익산시 상하수도사업단,PQ,1926760000,1932087550,100.276503,선진+대성,97.64,1545540000,100.8796,N
20200401552 - 01,20200403,익산 북부1처리분구 하수관로 정비사업 기본 및 실시설계용역,전라북도 익산시 상하수도사업단,PQ,1926760000,1932087550,100.276503,HEC+신한+서영,97.64,1521900000,99.3366,N
20200401552 - 01,20200403,익산 북부1처리분구 하수관로 정비사업 기본 및 실시설계용역,전라북도 익산시 상하수도사업단,PQ,1926760000,1932087550,100.276503,유신+한가람,97.6,1521047000,99.256,N
20200401552 - 01,20200403,익산 북부1처리분구 하수관로 정비사업 기본 및 실시설계용역,전라북도 익산시 상하수도사업단,PQ,1926760000,1932087550,100.276503,삼안+세화,97.52,1549900000,101.0753,N
20200401552 - 01,20200403,익산 북부1처리분구 하수관로 정비사업 기본 및 실시설계용역,전라북도 익산시 상하수도사업단,PQ,1926760000,1932087550,100.276503,범한+대도,97.5,1515300000,98.8064,N
20200401552 - 01,20200403,익산 북부1처리분구 하수관로 정비사업 기본 및 실시설계용역,전라북도 익산시 상하수도사업단,PQ,1926760000,1932087550,100.276503,건화+유현(동운),97.42,1514770000,98.6975,N
20200401552 - 01,20200403,익산 북부1처리분구 하수관로 정비사업 기본 및 실시설계용역,전라북도 익산시 상하수도사업단,PQ,1926760000,1932087550,100.276503,한종+현성,97.41,1539600000,100.3153,N
20200401552 - 01,20200403,익산 북부1처리분구 하수관로 정비사업 기본 및 실시설계용역,전라북도 익산시 상하수도사업단,PQ,1926760000,1932087550,100.276503,수성+성원+경동,97.36,1559900000,101.5997,N
20200401552 - 01,20200403,익산 북부1처리분구 하수관로 정비사업 기본 및 실시설계용역,전라북도 익산시 상하수도사업단,PQ,1926760000,1932087550,100.276503,화신+고산+세종기술,96.99,1772700000,115.1132,N
20200404776 - 00,20200403,구암·조촌분구 하수관거 정비공사 기본 및 실시설계용역,전라북도 군산시 수도사업소,PQ,1378322000,1363818650,98.94775314,동명+건일+대원,99.24,1080100000,99.8451,N
20200404776 - 00,20200403,구암·조촌분구 하수관거 정비공사 기본 및 실시설계용역,전라북도 군산시 수도사업소,PQ,1378322000,1363818650,98.94775314,삼안+세화,99.21,1078000000,99.6256,N
20200404776 - 00,20200403,구암·조촌분구 하수관거 정비공사 기본 및 실시설계용역,전라북도 군산시 수도사업소,PQ,1378322000,1363818650,98.94775314,경동+국성,99.21,1085618000,100.3296,N
20200404776 - 00,20200403,구암·조촌분구 하수관거 정비공사 기본 및 실시설계용역,전라북도 군산시 수도사업소,PQ,1378322000,1363818650,98.94775314,도화+우리,99.21,1090250000,100.7577,N
20200404776 - 00,20200403,구암·조촌분구 하수관거 정비공사 기본 및 실시설계용역,전라북도 군산시 수도사업소,PQ,1378322000,1363818650,98.94775314,KG+인우,99.18,1075617000,99.38,N
20200404776 - 00,20200403,구암·조촌분구 하수관거 정비공사 기본 및 실시설계용역,전라북도 군산시 수도사업소,PQ,1378322000,1363818650,98.94775314,건양+더한+수성,99.17,1079001000,99.68,N
20200404776 - 00,20200403,구암·조촌분구 하수관거 정비공사 기본 및 실시설계용역,전라북도 군산시 수도사업소,PQ,1378322000,1363818650,98.94775314,건화+유현(아라),99.15,1091200000,100.7941,N
20200404776 - 00,20200403,구암·조촌분구 하수관거 정비공사 기본 및 실시설계용역,전라북도 군산시 수도사업소,PQ,1378322000,1363818650,98.94775314,범한+대도,99.14,1074000000,99.1927,N
20200404776 - 00,20200403,구암·조촌분구 하수관거 정비공사 기본 및 실시설계용역,전라북도 군산시 수도사업소,PQ,1378322000,1363818650,98.94775314,이산+성원,99,1075220000,99.2044,N
20200404776 - 00,20200403,구암·조촌분구 하수관거 정비공사 기본 및 실시설계용역,전라북도 군산시 수도사업소,PQ,1378322000,1363818650,98.94775314,선진+대성,98.96,1073190000,98.9793,Y
20200404776 - 00,20200403,구암·조촌분구 하수관거 정비공사 기본 및 실시설계용역,전라북도 군산시 수도사업소,PQ,1378322000,1363818650,98.94775314,유신+한가람+경호,98.91,1077728000,99.3599,N
20200404776 - 00,20200403,구암·조촌분구 하수관거 정비공사 기본 및 실시설계용역,전라북도 군산시 수도사업소,PQ,1378322000,1363818650,98.94775314,제일+조화,98.85,1110000000,102.2832,N
20200404556 - 00,20200403,양평군 자연재해저감 종합계획 재수립 용역,경기도 양평군,PQ,1324359000,1340410275,101.2120033,유신+동명,99.34,1041298000,100.257,N
20200404556 - 00,20200403,양평군 자연재해저감 종합계획 재수립 용역,경기도 양평군,PQ,1324359000,1340410275,101.2120033,KG+동진,99.33,1035097000,99.66,N
20200404556 - 00,20200403,양평군 자연재해저감 종합계획 재수립 용역,경기도 양평군,PQ,1324359000,1340410275,101.2120033,삼안+삼경+KCI,99.3,1036970000,99.8149,N
20200404556 - 00,20200403,양평군 자연재해저감 종합계획 재수립 용역,경기도 양평군,PQ,1324359000,1340410275,101.2120033,동부+화신,99.18,1045110000,100.4959,N
20200404556 - 00,20200403,양평군 자연재해저감 종합계획 재수립 용역,경기도 양평군,PQ,1324359000,1340410275,101.2120033,건화+경동,99.16,1030800000,99.1073,N
20200404556 - 00,20200403,양평군 자연재해저감 종합계획 재수립 용역,경기도 양평군,PQ,1324359000,1340410275,101.2120033,경호+제일,99,1050600000,100.8825,N
20200404556 - 00,20200403,양평군 자연재해저감 종합계획 재수립 용역,경기도 양평군,PQ,1324359000,1340410275,101.2120033,이산+KSM+드림,98.89,1056000000,101.298,Y
20200404556 - 00,20200403,양평군 자연재해저감 종합계획 재수립 용역,경기도 양평군,PQ,1324359000,1340410275,101.2120033,한종+주하,98.88,1032800000,99.0725,N
20200404556 - 00,20200403,양평군 자연재해저감 종합계획 재수립 용역,경기도 양평군,PQ,1324359000,1340410275,101.2120033,평화+선진+보원,98.76,1030800000,98.7802,N
20200404556 - 00,20200403,양평군 자연재해저감 종합계획 재수립 용역,경기도 양평군,PQ,1324359000,1340410275,101.2120033,도화+서영,98.68,1284600000,123.0235,N
20200405701 - 00,20200403,허왕후 기념공원 조성사업 실시설계용역,경상남도 김해시,PQ,391024000,392292925,100.3245133,한종+한성,98.81,340300000,100.1991,N
20200405701 - 00,20200403,허왕후 기념공원 조성사업 실시설계용역,경상남도 김해시,PQ,391024000,392292925,100.3245133,KG+수성,97.35,337985000,99.3801,N
20200405701 - 00,20200403,허왕후 기념공원 조성사업 실시설계용역,경상남도 김해시,PQ,391024000,392292925,100.3245133,도화+경화,95.79,343100000,100.7336,Y
20200405701 - 00,20200403,허왕후 기념공원 조성사업 실시설계용역,경상남도 김해시,PQ,391024000,392292925,100.3245133,유신+KSM,95.75,338460000,99.3599,N
20200405701 - 00,20200403,허왕후 기념공원 조성사업 실시설계용역,경상남도 김해시,PQ,391024000,392292925,100.3245133,경호+하우,94.87,337800000,99.0865,N
20200405701 - 00,20200403,허왕후 기념공원 조성사업 실시설계용역,경상남도 김해시,PQ,391024000,392292925,100.3245133,건화+신화,94.64,348800000,102.2896,N
20200405701 - 00,20200403,허왕후 기념공원 조성사업 실시설계용역,경상남도 김해시,PQ,391024000,392292925,100.3245133,삼안+토렉,93.91,337590000,98.9341,N
2001241 - 00,20200403,남양주진접2 공공주택지구 주변도로 조사설계용역 ,한국토지주택공사,PQ,1677027000,1686675000,100.5753038,동부+건화+주하(경관),98.28,1367960000,100.4501,N
2001241 - 00,20200403,남양주진접2 공공주택지구 주변도로 조사설계용역 ,한국토지주택공사,PQ,1677027000,1686675000,100.5753038,평화+KG+선진+한올,98.23,1362330000,99.9998,N
2001241 - 00,20200403,남양주진접2 공공주택지구 주변도로 조사설계용역 ,한국토지주택공사,PQ,1677027000,1686675000,100.5753038,한종+동해+우진,97.98,1379000000,100.9996,Y
2001241 - 00,20200403,남양주진접2 공공주택지구 주변도로 조사설계용역 ,한국토지주택공사,PQ,1677027000,1686675000,100.5753038,서영+삼안+동일+하이콘,97.55,1383400000,100.9499,N
2001241 - 00,20200403,남양주진접2 공공주택지구 주변도로 조사설계용역 ,한국토지주택공사,PQ,1677027000,1686675000,100.5753038,신성+유신+제일+대건,97.21,1391580000,101.2494,N
2001241 - 00,20200403,남양주진접2 공공주택지구 주변도로 조사설계용역 ,한국토지주택공사,PQ,1677027000,1686675000,100.5753038,수성+경동+도화+장맥,96.9,1397220000,101.4,N
2001241 - 00,20200403,남양주진접2 공공주택지구 주변도로 조사설계용역 ,한국토지주택공사,PQ,1677027000,1686675000,100.5753038,홍익+동성+진우,96.85,1399150000,101.4906,N
20200406002 - 00,20200403,서울특별시 자연재해저감 종합계획 수립 용역(강남지역),서울특별시,PQ,2650000000,2608103500,98.419,이산+도화+제일+동진,99.08,2085626000,100.15,N
20200406002 - 00,20200403,서울특별시 자연재해저감 종합계획 수립 용역(강남지역),서울특별시,PQ,2650000000,2608103500,98.419,유신+KG+보람+수성,99.04,2077048000,99.7,N
20200406002 - 00,20200403,서울특별시 자연재해저감 종합계획 수립 용역(강남지역),서울특별시,PQ,2650000000,2608103500,98.419,삼안+동부+동해+삼보,98.86,2104960000,100.8986,N
20200406002 - 00,20200403,서울특별시 자연재해저감 종합계획 수립 용역(강남지역),서울특별시,PQ,2650000000,2608103500,98.419,건화+KCI+경동+동서,98.41,2070600000,98.8874,Y
20200406002 - 00,20200403,서울특별시 자연재해저감 종합계획 수립 용역(강남지역),서울특별시,PQ,2650000000,2608103500,98.419,한종+경호+동일+한맥,98.41,2104500000,100.5064,N
20200406002 - 00,20200403,서울특별시 자연재해저감 종합계획 수립 용역(강남지역),서울특별시,PQ,2650000000,2608103500,98.419,화신+극동+신명,98.12,2074880000,98.8541,N
20200406002 - 00,20200403,서울특별시 자연재해저감 종합계획 수립 용역(강남지역),서울특별시,PQ,2650000000,2608103500,98.419,다산+서영+일산+정,98.09,2133000000,101.5974,N
20200406002 - 00,20200403,서울특별시 자연재해저감 종합계획 수립 용역(강남지역),서울특별시,PQ,2650000000,2608103500,98.419,동명+동성+KSM,97.5,2159700000,102.391,N
20200406718 - 00,20200405,양평 다문지구 도시개발사업 단지조성공사 외 2개소 통합건설사업관리(감독권한대행) 용역,경기도 양평군,PQ,1625041000,1635140700,100.6215043,건화+동성+경화,100,1266183000,99.9,N
20200406718 - 00,20200405,양평 다문지구 도시개발사업 단지조성공사 외 2개소 통합건설사업관리(감독권한대행) 용역,경기도 양평군,PQ,1625041000,1635140700,100.6215043,한종+KSM,100,1276400000,100.7061,Y
20200406718 - 00,20200405,양평 다문지구 도시개발사업 단지조성공사 외 2개소 통합건설사업관리(감독권한대행) 용역,경기도 양평군,PQ,1625041000,1635140700,100.6215043,수성+이산,99.83,1267449999,99.8591,N
20200406718 - 00,20200405,양평 다문지구 도시개발사업 단지조성공사 외 2개소 통합건설사업관리(감독권한대행) 용역,경기도 양평군,PQ,1625041000,1635140700,100.6215043,서영+유신,99.7,1272610000,100.1502,N
20200406718 - 00,20200405,양평 다문지구 도시개발사업 단지조성공사 외 2개소 통합건설사업관리(감독권한대행) 용역,경기도 양평군,PQ,1625041000,1635140700,100.6215043,동명+정,99.5,1259200000,98.9431,N
20200406718 - 00,20200405,양평 다문지구 도시개발사업 단지조성공사 외 2개소 통합건설사업관리(감독권한대행) 용역,경기도 양평군,PQ,1625041000,1635140700,100.6215043,경호+도화,99.5,1287000000,101.1275,N
20200406718 - 00,20200405,양평 다문지구 도시개발사업 단지조성공사 외 2개소 통합건설사업관리(감독권한대행) 용역,경기도 양평군,PQ,1625041000,1635140700,100.6215043,삼안+태조,99.45,1260490000,98.9939,N
20200406718 - 00,20200405,양평 다문지구 도시개발사업 단지조성공사 외 2개소 통합건설사업관리(감독권한대행) 용역,경기도 양평군,PQ,1625041000,1635140700,100.6215043,신명+다음,99.4,1294704000,101.642,N
20200406718 - 00,20200405,양평 다문지구 도시개발사업 단지조성공사 외 2개소 통합건설사업관리(감독권한대행) 용역,경기도 양평군,PQ,1625041000,1635140700,100.6215043,경동+용마,98.65,1570000000,122.5042,N
20200406066 - 00,20200403,송학 자연재해위험개선지구 정비사업 기본 및 실시설계용역,충청남도 보령시,PQ,1269100000,1269687000,100.0462533,한종+한경,99.11,1001200000,100.4144,Y
20200406066 - 00,20200403,송학 자연재해위험개선지구 정비사업 기본 및 실시설계용역,충청남도 보령시,PQ,1269100000,1269687000,100.0462533,동부+세일+동서,98.52,1009250000,100.7345,N
20200406066 - 00,20200403,송학 자연재해위험개선지구 정비사업 기본 및 실시설계용역,충청남도 보령시,PQ,1269100000,1269687000,100.0462533,삼안+KSM+한맥+계림,98.46,1010240000,100.7823,N
20200406066 - 00,20200403,송학 자연재해위험개선지구 정비사업 기본 및 실시설계용역,충청남도 보령시,PQ,1269100000,1269687000,100.0462533,KG+삼육,98.46,997587000,99.52,N
20200406066 - 00,20200403,송학 자연재해위험개선지구 정비사업 기본 및 실시설계용역,충청남도 보령시,PQ,1269100000,1269687000,100.0462533,이산+경동,98.44,1007600000,100.5062,N
20200406066 - 00,20200403,송학 자연재해위험개선지구 정비사업 기본 및 실시설계용역,충청남도 보령시,PQ,1269100000,1269687000,100.0462533,화신+천마+정,98.43,1011480000,100.8804,N
20200406066 - 00,20200403,송학 자연재해위험개선지구 정비사업 기본 및 실시설계용역,충청남도 보령시,PQ,1269100000,1269687000,100.0462533,건화+장맥+KCI(제온기술),98.41,990760000,98.8014,N
20200406066 - 00,20200403,송학 자연재해위험개선지구 정비사업 기본 및 실시설계용역,충청남도 보령시,PQ,1269100000,1269687000,100.0462533,유신+도화+드림,98.4,991172000,98.83,N
20200406066 - 00,20200403,송학 자연재해위험개선지구 정비사업 기본 및 실시설계용역,충청남도 보령시,PQ,1269100000,1269687000,100.0462533,경호+기산+극동,98.01,1200000000,119.2749,N
20200406058 - 00,20200403,서울특별시 자연재해저감 종합계획 수립 용역(강북지역),서울특별시,PQ,2926000000,2907807625,99.37825103,동부+삼안+동해+삼보,99.06,2303432000,100.15,N
20200406058 - 00,20200403,서울특별시 자연재해저감 종합계획 수립 용역(강북지역),서울특별시,PQ,2926000000,2907807625,99.37825103,유신+KG+보람+수성,99.04,2293374000,99.7,Y
20200406058 - 00,20200403,서울특별시 자연재해저감 종합계획 수립 용역(강북지역),서울특별시,PQ,2926000000,2907807625,99.37825103,이산+도화+제일+동진,98.88,2330850000,101.2005,N
20200406058 - 00,20200403,서울특별시 자연재해저감 종합계획 수립 용역(강북지역),서울특별시,PQ,2926000000,2907807625,99.37825103,건화+KCI+경동+동서,98.51,2289000000,99.0813,N
20200406058 - 00,20200403,서울특별시 자연재해저감 종합계획 수립 용역(강북지역),서울특별시,PQ,2926000000,2907807625,99.37825103,한종+경호+동일+한맥,98.21,2288500000,98.8219,N
20200406058 - 00,20200403,서울특별시 자연재해저감 종합계획 수립 용역(강북지역),서울특별시,PQ,2926000000,2907807625,99.37825103,화신+극동+신명,98.12,2293280000,98.9533,N
20200406058 - 00,20200403,서울특별시 자연재해저감 종합계획 수립 용역(강북지역),서울특별시,PQ,2926000000,2907807625,99.37825103,다산+서영+일산+정,98.09,2354990000,101.5904,N
20200406058 - 00,20200403,서울특별시 자연재해저감 종합계획 수립 용역(강북지역),서울특별시,PQ,2926000000,2907807625,99.37825103,동명+동성+KSM,97.6,2382000000,102.355,N
20200407354 - 00,20200406,임실군 하수도정비 기본계획(변경) 및 물 재이용 관리계획(변경) 수립용역,전라북도 임실군,PQ,1665191000,1671002575,100.3490035,한종+성원,98.17,1330300000,100.9015,Y
20200407354 - 00,20200406,임실군 하수도정비 기본계획(변경) 및 물 재이용 관리계획(변경) 수립용역,전라북도 임실군,PQ,1665191000,1671002575,100.3490035,도화+세종+JCN,97.61,1318750000,99.5852,N
20200407354 - 00,20200406,임실군 하수도정비 기본계획(변경) 및 물 재이용 관리계획(변경) 수립용역,전라북도 임실군,PQ,1665191000,1671002575,100.3490035,제일+국성,97.6,1335000000,100.7996,N
20200407354 - 00,20200406,임실군 하수도정비 기본계획(변경) 및 물 재이용 관리계획(변경) 수립용역,전라북도 임실군,PQ,1665191000,1671002575,100.3490035,동명+더한,97.5,1318120000,99.4501,N
20200407354 - 00,20200406,임실군 하수도정비 기본계획(변경) 및 물 재이용 관리계획(변경) 수립용역,전라북도 임실군,PQ,1665191000,1671002575,100.3490035,경동+세화,97.4,1313970000,99.0499,N
20200407354 - 00,20200406,임실군 하수도정비 기본계획(변경) 및 물 재이용 관리계획(변경) 수립용역,전라북도 임실군,PQ,1665191000,1671002575,100.3490035,삼안+현성,97.4,1338260000,100.8809,N
20200407354 - 00,20200406,임실군 하수도정비 기본계획(변경) 및 물 재이용 관리계획(변경) 수립용역,전라북도 임실군,PQ,1665191000,1671002575,100.3490035,선진+대성,97.27,1342900000,101.1291,N
20200407354 - 00,20200406,임실군 하수도정비 기본계획(변경) 및 물 재이용 관리계획(변경) 수립용역,전라북도 임실군,PQ,1665191000,1671002575,100.3490035,범한+대도,97.24,1313400000,98.8828,N
20200407354 - 00,20200406,임실군 하수도정비 기본계획(변경) 및 물 재이용 관리계획(변경) 수립용역,전라북도 임실군,PQ,1665191000,1671002575,100.3490035,건화+유현,97.23,1311800000,98.7499,N
20200407354 - 00,20200406,임실군 하수도정비 기본계획(변경) 및 물 재이용 관리계획(변경) 수립용역,전라북도 임실군,PQ,1665191000,1671002575,100.3490035,KG+인우+한맥,97.03,1345473000,101.12,N
20200407354 - 00,20200406,임실군 하수도정비 기본계획(변경) 및 물 재이용 관리계획(변경) 수립용역,전라북도 임실군,PQ,1665191000,1671002575,100.3490035,이산+건일+한가람,96.78,1355800000,101.6925,N
20200407354 - 00,20200406,임실군 하수도정비 기본계획(변경) 및 물 재이용 관리계획(변경) 수립용역,전라북도 임실군,PQ,1665191000,1671002575,100.3490035,유신+동운+가온,96.4,1463000000,109.4051,N
20200407294 - 00,20200406,오수처리구역 노후하수관로 정비사업 기본 및 실시설계 용역,전라북도 임실군,PQ,852993000,863246025,101.2020058,동명+더한,98.5,732900000,100.1118,N
20200407294 - 00,20200406,오수처리구역 노후하수관로 정비사업 기본 및 실시설계 용역,전라북도 임실군,PQ,852993000,863246025,101.2020058,제일+국성,97.8,737850000,100.6004,N
20200407294 - 00,20200406,오수처리구역 노후하수관로 정비사업 기본 및 실시설계 용역,전라북도 임실군,PQ,852993000,863246025,101.2020058,건화+유현(아라),97.72,731400000,99.6978,N
20200407294 - 00,20200406,오수처리구역 노후하수관로 정비사업 기본 및 실시설계 용역,전라북도 임실군,PQ,852993000,863246025,101.2020058,범한+대도,97.67,734000000,100.0406,N
20200407294 - 00,20200406,오수처리구역 노후하수관로 정비사업 기본 및 실시설계 용역,전라북도 임실군,PQ,852993000,863246025,101.2020058,한종+성원,97.67,731900000,99.7544,N
20200407294 - 00,20200406,오수처리구역 노후하수관로 정비사업 기본 및 실시설계 용역,전라북도 임실군,PQ,852993000,863246025,101.2020058,이산+건일,97.5,729600000,99.4063,N
20200407294 - 00,20200406,오수처리구역 노후하수관로 정비사업 기본 및 실시설계 용역,전라북도 임실군,PQ,852993000,863246025,101.2020058,삼안+현성,97.47,730180000,99.4737,N
20200407294 - 00,20200406,오수처리구역 노후하수관로 정비사업 기본 및 실시설계 용역,전라북도 임실군,PQ,852993000,863246025,101.2020058,선진+대성,97.44,740220000,100.8298,N
20200407294 - 00,20200406,오수처리구역 노후하수관로 정비사업 기본 및 실시설계 용역,전라북도 임실군,PQ,852993000,863246025,101.2020058,도화+JCN,97.4,728500000,99.2218,N
20200407294 - 00,20200406,오수처리구역 노후하수관로 정비사업 기본 및 실시설계 용역,전라북도 임실군,PQ,852993000,863246025,101.2020058,경동+세화,97.34,725634000,98.82,N
20200407294 - 00,20200406,오수처리구역 노후하수관로 정비사업 기본 및 실시설계 용역,전라북도 임실군,PQ,852993000,863246025,101.2020058,유신+동운+가온,97.12,724388000,98.593,N
20200407294 - 00,20200406,오수처리구역 노후하수관로 정비사업 기본 및 실시설계 용역,전라북도 임실군,PQ,852993000,863246025,101.2020058,KG+인우+한맥,97.11,726644000,98.9001,N
20200407294 - 00,20200406,오수처리구역 노후하수관로 정비사업 기본 및 실시설계 용역,전라북도 임실군,PQ,852993000,863246025,101.2020058,경호+태영,96.78,726850000,98.8478,N
20200407294 - 00,20200406,오수처리구역 노후하수관로 정비사업 기본 및 실시설계 용역,전라북도 임실군,PQ,852993000,863246025,101.2020058,화신+고산,96.68,745480000,101.3461,Y
20200407294 - 00,20200406,오수처리구역 노후하수관로 정비사업 기본 및 실시설계 용역,전라북도 임실군,PQ,852993000,863246025,101.2020058,경화+세종+민광+서정,96.12,745130000,101.1577,N
20200407294 - 00,20200406,오수처리구역 노후하수관로 정비사업 기본 및 실시설계 용역,전라북도 임실군,PQ,852993000,863246025,101.2020058,HEC+신한,94.84,747500000,101.1515,N
20200407481 - 00,20200406,봉곡~승산간 도로확·포장공사 실시설계용역,경상남도,PQ,464603000,460674825,99.15450933,건화+한성,100,403978000,100.2377,N
20200407481 - 00,20200406,봉곡~승산간 도로확·포장공사 실시설계용역,경상남도,PQ,464603000,460674825,99.15450933,도화+경화,100,401930000,99.7296,N
20200407481 - 00,20200406,봉곡~승산간 도로확·포장공사 실시설계용역,경상남도,PQ,464603000,460674825,99.15450933,한종+우진,100,402340000,99.8313,N
20200407481 - 00,20200406,봉곡~승산간 도로확·포장공사 실시설계용역,경상남도,PQ,464603000,460674825,99.15450933,삼안+범한,100,405240000,100.5509,N
20200407481 - 00,20200406,봉곡~승산간 도로확·포장공사 실시설계용역,경상남도,PQ,464603000,460674825,99.15450933,천일+금성,100,400319000,99.3298,Y
20200407481 - 00,20200406,봉곡~승산간 도로확·포장공사 실시설계용역,경상남도,PQ,464603000,460674825,99.15450933,바우+창미,100,403230000,100.0521,N
20200407481 - 00,20200406,봉곡~승산간 도로확·포장공사 실시설계용역,경상남도,PQ,464603000,460674825,99.15450933,다산+HEC,100,403746000,100.1802,N
20200407481 - 00,20200406,봉곡~승산간 도로확·포장공사 실시설계용역,경상남도,PQ,464603000,460674825,99.15450933,신성+태일,100,404580000,100.3871,N
20200407481 - 00,20200406,봉곡~승산간 도로확·포장공사 실시설계용역,경상남도,PQ,464603000,460674825,99.15450933,이산+화성,100,402300000,99.8214,N
20200407481 - 00,20200406,봉곡~승산간 도로확·포장공사 실시설계용역,경상남도,PQ,464603000,460674825,99.15450933,서영+재화,100,402100000,99.7718,N
20200407481 - 00,20200406,봉곡~승산간 도로확·포장공사 실시설계용역,경상남도,PQ,464603000,460674825,99.15450933,극동+한올,100,402817000,99.9497,N
20200407481 - 00,20200406,봉곡~승산간 도로확·포장공사 실시설계용역,경상남도,PQ,464603000,460674825,99.15450933,제일+로텍,100,401970000,99.7395,N
20200407481 - 00,20200406,봉곡~승산간 도로확·포장공사 실시설계용역,경상남도,PQ,464603000,460674825,99.15450933,유신+KSM,100,405156000,100.53,N
20200407481 - 00,20200406,봉곡~승산간 도로확·포장공사 실시설계용역,경상남도,PQ,464603000,460674825,99.15450933,경동+하우,100,405770000,100.6824,N
20200407481 - 00,20200406,봉곡~승산간 도로확·포장공사 실시설계용역,경상남도,PQ,464603000,460674825,99.15450933,동성+한가람,100,400680000,99.4194,N
20200407481 - 00,20200406,봉곡~승산간 도로확·포장공사 실시설계용역,경상남도,PQ,464603000,460674825,99.15450933,수성+삼경,100,406285000,100.8102,N
20200407481 - 00,20200406,봉곡~승산간 도로확·포장공사 실시설계용역,경상남도,PQ,464603000,460674825,99.15450933,한맥+하존,99.97,404470000,100.3482,N
20200407481 - 00,20200406,봉곡~승산간 도로확·포장공사 실시설계용역,경상남도,PQ,464603000,460674825,99.15450933,동명+신화,99.91,403500000,100.1076,N
20200407481 - 00,20200406,봉곡~승산간 도로확·포장공사 실시설계용역,경상남도,PQ,464603000,460674825,99.15450933,동일+천진,99.77,401200000,99.5255,N
20200407481 - 00,20200406,봉곡~승산간 도로확·포장공사 실시설계용역,경상남도,PQ,464603000,460674825,99.15450933,용마+진우+혜인,99.77,401049000,99.488,N
20200407481 - 00,20200406,봉곡~승산간 도로확·포장공사 실시설계용역,경상남도,PQ,464603000,460674825,99.15450933,경호+덕신,98.88,407207000,100.9226,N
20200407481 - 00,20200406,봉곡~승산간 도로확·포장공사 실시설계용역,경상남도,PQ,464603000,460674825,99.15450933,KG+우정,98.84,411070000,101.88,N
20200407481 - 00,20200406,봉곡~승산간 도로확·포장공사 실시설계용역,경상남도,PQ,464603000,460674825,99.15450933,삼보+정림,98.68,408420000,101.1999,N
20200407481 - 00,20200406,봉곡~승산간 도로확·포장공사 실시설계용역,경상남도,PQ,464603000,460674825,99.15450933,홍익+동광,98.6,398530000,98.7493,N
20200407481 - 00,20200406,봉곡~승산간 도로확·포장공사 실시설계용역,경상남도,PQ,464603000,460674825,99.15450933,대콘+두레,98.03,407104000,100.8158,N
20200407481 - 00,20200406,봉곡~승산간 도로확·포장공사 실시설계용역,경상남도,PQ,464603000,460674825,99.15450933,화신+주원,97.17,413880000,102.3996,N
20200407195 - 00,20200406,청벽산공원사거리~엑스포아파트 간 도로확장 기본 및 실시설계용역,대전광역시,PQ,633794000,626492750,98.84800897,동명+선구,99.61,542975000,100.1,N
20200407195 - 00,20200406,청벽산공원사거리~엑스포아파트 간 도로확장 기본 및 실시설계용역,대전광역시,PQ,633794000,626492750,98.84800897,도화+건화+신화(예당+연암),99.48,546860000,100.7809,N
20200407195 - 00,20200406,청벽산공원사거리~엑스포아파트 간 도로확장 기본 및 실시설계용역,대전광역시,PQ,633794000,626492750,98.84800897,유신+경림,99.14,541166000,99.6501,N
20200407195 - 00,20200406,청벽산공원사거리~엑스포아파트 간 도로확장 기본 및 실시설계용역,대전광역시,PQ,633794000,626492750,98.84800897,KG+동양,98.65,548000000,100.7791,N
20200407195 - 00,20200406,청벽산공원사거리~엑스포아파트 간 도로확장 기본 및 실시설계용역,대전광역시,PQ,633794000,626492750,98.84800897,제일+아주,98.63,546000000,100.3996,N
20200407195 - 00,20200406,청벽산공원사거리~엑스포아파트 간 도로확장 기본 및 실시설계용역,대전광역시,PQ,633794000,626492750,98.84800897,이산+중부,98.59,539540000,99.2001,N
20200407195 - 00,20200406,청벽산공원사거리~엑스포아파트 간 도로확장 기본 및 실시설계용역,대전광역시,PQ,633794000,626492750,98.84800897,수성+유진+대웅,98.55,539055000,99.111,Y
20200407195 - 00,20200406,청벽산공원사거리~엑스포아파트 간 도로확장 기본 및 실시설계용역,대전광역시,PQ,633794000,626492750,98.84800897,바우+극동+윤성,97.52,540000000,99.0193,N
20200407195 - 00,20200406,청벽산공원사거리~엑스포아파트 간 도로확장 기본 및 실시설계용역,대전광역시,PQ,633794000,626492750,98.84800897,홍익+상우,97.12,559000000,102.3962,N
20200402728 - 00,20200406,석탄 자연재해위험 개선지구 정비사업 기본 및 실시설계 용역,전라북도 익산시,PQ,871410000,869619300,99.79450546,도화+한가람,98.81,748860000,100.2001,Y
20200402728 - 00,20200406,석탄 자연재해위험 개선지구 정비사업 기본 및 실시설계 용역,전라북도 익산시,PQ,871410000,869619300,99.79450546,건화+세화(금산),98.58,744000000,99.4918,N
20200402728 - 00,20200406,석탄 자연재해위험 개선지구 정비사업 기본 및 실시설계 용역,전라북도 익산시,PQ,871410000,869619300,99.79450546,이산+조화,98.42,757000000,101.1948,N
20200402728 - 00,20200406,석탄 자연재해위험 개선지구 정비사업 기본 및 실시설계 용역,전라북도 익산시,PQ,871410000,869619300,99.79450546,한종+JCN,97.37,744400000,99.2446,N
20200402728 - 00,20200406,석탄 자연재해위험 개선지구 정비사업 기본 및 실시설계 용역,전라북도 익산시,PQ,871410000,869619300,99.79450546,삼안+유현,97.08,760980000,101.3726,N
20200402728 - 00,20200406,석탄 자연재해위험 개선지구 정비사업 기본 및 실시설계 용역,전라북도 익산시,PQ,871410000,869619300,99.79450546,유신+국성,96.28,769457000,102.3,N
20200406404 - 00,20200406,영주시 하수도정비 기본계획(변경) 용역,경상북도 영주시,PQ,1462000000,1476313025,100.9790031,동명+태성+세원,99.85,1154500000,101.1168,Y
20200406404 - 00,20200406,영주시 하수도정비 기본계획(변경) 용역,경상북도 영주시,PQ,1462000000,1476313025,100.9790031,도화+건화+청우+한주,98.69,1145200000,99.3608,N
20200406404 - 00,20200406,영주시 하수도정비 기본계획(변경) 용역,경상북도 영주시,PQ,1462000000,1476313025,100.9790031,삼안+보원,98.29,1144660000,98.9874,N
20200406404 - 00,20200406,영주시 하수도정비 기본계획(변경) 용역,경상북도 영주시,PQ,1462000000,1476313025,100.9790031,HEC+삼보,97.87,1174000000,101.1793,N
20200406404 - 00,20200406,영주시 하수도정비 기본계획(변경) 용역,경상북도 영주시,PQ,1462000000,1476313025,100.9790031,한종+동성,97.83,1155000000,99.5167,N
20200406404 - 00,20200406,영주시 하수도정비 기본계획(변경) 용역,경상북도 영주시,PQ,1462000000,1476313025,100.9790031,이산+세연+KCI,97.79,1179780000,101.6134,N
20200406404 - 00,20200406,영주시 하수도정비 기본계획(변경) 용역,경상북도 영주시,PQ,1462000000,1476313025,100.9790031,범한+보람,97.75,1174200000,101.1074,N
20200406404 - 00,20200406,영주시 하수도정비 기본계획(변경) 용역,경상북도 영주시,PQ,1462000000,1476313025,100.9790031,제일+다산,97.73,1182550000,101.8007,N
20200406404 - 00,20200406,영주시 하수도정비 기본계획(변경) 용역,경상북도 영주시,PQ,1462000000,1476313025,100.9790031,KG+한백+하이콘,97.69,1180283000,101.58,N
20200406404 - 00,20200406,영주시 하수도정비 기본계획(변경) 용역,경상북도 영주시,PQ,1462000000,1476313025,100.9790031,화신+주하,97.64,1180640000,101.5596,N
20200406404 - 00,20200406,영주시 하수도정비 기본계획(변경) 용역,경상북도 영주시,PQ,1462000000,1476313025,100.9790031,유신+명성,97.59,1180602000,101.518,N
20200406404 - 00,20200406,영주시 하수도정비 기본계획(변경) 용역,경상북도 영주시,PQ,1462000000,1476313025,100.9790031,선진+한도,97.52,1167950000,100.3796,N
20200408965 - 00,20200406,침산.산격지구 풍수해 생활권 종합정비사업 기본 및 실시설계용역 ,대구광역시 건설본부,PQ,1686300000,1667965750,98.91275277,도화+제일,98.87,1328823000,100.0967,Y
20200408965 - 00,20200406,침산.산격지구 풍수해 생활권 종합정비사업 기본 및 실시설계용역 ,대구광역시 건설본부,PQ,1686300000,1667965750,98.91275277,건화+KCI(정),98.38,1347480000,101.1039,N
20200408965 - 00,20200406,침산.산격지구 풍수해 생활권 종합정비사업 기본 및 실시설계용역 ,대구광역시 건설본부,PQ,1686300000,1667965750,98.91275277,삼안+동성,97.55,1344970000,100.2434,N
20200408977 - 00,20200406,중앙오수간선관로 정비사업 건설사업관리용역,광주광역시,PQ,1998600000,1992269475,99.68325203,동명+한기,100,1563340000,100.2907,Y
20200408977 - 00,20200406,중앙오수간선관로 정비사업 건설사업관리용역,광주광역시,PQ,1998600000,1992269475,99.68325203,도화+동아,100,1550200000,99.4478,N
20200408977 - 00,20200406,중앙오수간선관로 정비사업 건설사업관리용역,광주광역시,PQ,1998600000,1992269475,99.68325203,삼안+원우,100,1553750000,99.6755,N
20200408977 - 00,20200406,중앙오수간선관로 정비사업 건설사업관리용역,광주광역시,PQ,1998600000,1992269475,99.68325203,경호+우빈,100,1553760000,99.6762,N
20200408977 - 00,20200406,중앙오수간선관로 정비사업 건설사업관리용역,광주광역시,PQ,1998600000,1992269475,99.68325203,건화+신오,99.88,1551000000,99.3971,N
20200408977 - 00,20200406,중앙오수간선관로 정비사업 건설사업관리용역,광주광역시,PQ,1998600000,1992269475,99.68325203,경동+우리,99.8,0,0,N
20200408977 - 00,20200406,중앙오수간선관로 정비사업 건설사업관리용역,광주광역시,PQ,1998600000,1992269475,99.68325203,수성+산하+KCM,99.77,1580499999,101.1969,N
20200408977 - 00,20200406,중앙오수간선관로 정비사업 건설사업관리용역,광주광역시,PQ,1998600000,1992269475,99.68325203,범한+신명,99.7,1596000000,102.124,N
20200408977 - 00,20200406,중앙오수간선관로 정비사업 건설사업관리용역,광주광역시,PQ,1998600000,1992269475,99.68325203,동성+서진,99.67,1516000000,96.9802,N
20200408977 - 00,20200406,중앙오수간선관로 정비사업 건설사업관리용역,광주광역시,PQ,1998600000,1992269475,99.68325203,한종,97.36,0,0,N
20200409502 - 02,20200406,진교지구 풍수해생활권 종합정비사업 기본 및 실시설계용역,경상남도 하동군,PQ,1205116000,1204588825,99.95625525,도화+수성,99.3,951685000,100.6698,Y
20200409502 - 02,20200406,진교지구 풍수해생활권 종합정비사업 기본 및 실시설계용역,경상남도 하동군,PQ,1205116000,1204588825,99.95625525,경호+창미+극동,98.48,949750000,99.7909,N
20200409502 - 02,20200406,진교지구 풍수해생활권 종합정비사업 기본 및 실시설계용역,경상남도 하동군,PQ,1205116000,1204588825,99.95625525,삼안+하존+한올,98.44,946660000,99.441,N
20200409502 - 02,20200406,진교지구 풍수해생활권 종합정비사업 기본 및 실시설계용역,경상남도 하동군,PQ,1205116000,1204588825,99.95625525,유신+화성,98.43,963908000,101.24,N
20200409502 - 02,20200406,진교지구 풍수해생활권 종합정비사업 기본 및 실시설계용역,경상남도 하동군,PQ,1205116000,1204588825,99.95625525,다산+HEC,98.34,945186000,99.1983,N
20200409502 - 02,20200406,진교지구 풍수해생활권 종합정비사업 기본 및 실시설계용역,경상남도 하동군,PQ,1205116000,1204588825,99.95625525,이산+경화,98.33,944240000,99.099,N
20200409502 - 02,20200406,진교지구 풍수해생활권 종합정비사업 기본 및 실시설계용역,경상남도 하동군,PQ,1205116000,1204588825,99.95625525,KG+천진,98.3,942010000,98.84,N
20200409502 - 02,20200406,진교지구 풍수해생활권 종합정비사업 기본 및 실시설계용역,경상남도 하동군,PQ,1205116000,1204588825,99.95625525,한종+KSM,98.28,946600000,99.2964,N
20200409502 - 02,20200406,진교지구 풍수해생활권 종합정비사업 기본 및 실시설계용역,경상남도 하동군,PQ,1205116000,1204588825,99.95625525,건화+동성+이도,97.49,976600000,101.7999,N
20200409502 - 02,20200406,진교지구 풍수해생활권 종합정비사업 기본 및 실시설계용역,경상남도 하동군,PQ,1205116000,1204588825,99.95625525,화신+두레+KCI,97.44,973240000,101.4115,N
20200408103 - 00,20200406,포남2처리분구 하수관로 정비사업 기본 및 실시설계용역,강원도 강릉시 상하수도사업소,PQ,1790000000,1796690125,100.37375,도화+삼주+화신,99.45,1412220000,100.6891,Y
20200408103 - 00,20200406,포남2처리분구 하수관로 정비사업 기본 및 실시설계용역,강원도 강릉시 상하수도사업소,PQ,1790000000,1796690125,100.37375,삼안+삼경+동서,97.94,1409650000,99.2894,N
20200408103 - 00,20200406,포남2처리분구 하수관로 정비사업 기본 및 실시설계용역,강원도 강릉시 상하수도사업소,PQ,1790000000,1796690125,100.37375,한종+서광+일신,97.9,1437400000,101.2057,N
20200408103 - 00,20200406,포남2처리분구 하수관로 정비사업 기본 및 실시설계용역,강원도 강릉시 상하수도사업소,PQ,1790000000,1796690125,100.37375,KG+미래+진화,97.89,1414693000,99.5944,N
20200408103 - 00,20200406,포남2처리분구 하수관로 정비사업 기본 및 실시설계용역,강원도 강릉시 상하수도사업소,PQ,1790000000,1796690125,100.37375,건화+정+정원(국일),97.82,1434700000,100.952,N
20200408103 - 00,20200406,포남2처리분구 하수관로 정비사업 기본 및 실시설계용역,강원도 강릉시 상하수도사업소,PQ,1790000000,1796690125,100.37375,선진+대성+고려+경원,97.73,1406170000,98.8698,N
20200408103 - 00,20200406,포남2처리분구 하수관로 정비사업 기본 및 실시설계용역,강원도 강릉시 상하수도사업소,PQ,1790000000,1796690125,100.37375,동명+동남+성우,97.68,1457000000,102.405,N
20200408651 - 00,20200406,월롱~광탄(1) 도로확포장공사 재설계용역 ,경기도 경기도건설본부,PQ,1138654000,1132243450,99.43700633,동명+대콘,98.08,905980000,100.4303,N
20200408651 - 00,20200406,월롱~광탄(1) 도로확포장공사 재설계용역 ,경기도 경기도건설본부,PQ,1138654000,1132243450,99.43700633,도화+선진,98.06,904660000,100.2586,N
20200408651 - 00,20200406,월롱~광탄(1) 도로확포장공사 재설계용역 ,경기도 경기도건설본부,PQ,1138654000,1132243450,99.43700633,건화+한맥(청우기술),98.02,900700000,99.7946,Y
20200408651 - 00,20200406,월롱~광탄(1) 도로확포장공사 재설계용역 ,경기도 경기도건설본부,PQ,1138654000,1132243450,99.43700633,KG+유신,98,910070000,100.82,N
20200408651 - 00,20200406,월롱~광탄(1) 도로확포장공사 재설계용역 ,경기도 경기도건설본부,PQ,1138654000,1132243450,99.43700633,신성+천마+한기,97.97,901980000,99.8986,N
20200408651 - 00,20200406,월롱~광탄(1) 도로확포장공사 재설계용역 ,경기도 경기도건설본부,PQ,1138654000,1132243450,99.43700633,제일,97.84,898770000,99.4302,N
20200408651 - 00,20200406,월롱~광탄(1) 도로확포장공사 재설계용역 ,경기도 경기도건설본부,PQ,1138654000,1132243450,99.43700633,서영+건일,97.67,911510000,100.7001,N
20200408651 - 00,20200406,월롱~광탄(1) 도로확포장공사 재설계용역 ,경기도 경기도건설본부,PQ,1138654000,1132243450,99.43700633,평화,97.67,898290000,99.2396,N
20200408651 - 00,20200406,월롱~광탄(1) 도로확포장공사 재설계용역 ,경기도 경기도건설본부,PQ,1138654000,1132243450,99.43700633,한종+KSM,97.65,894500000,98.8085,N
20200408651 - 00,20200406,월롱~광탄(1) 도로확포장공사 재설계용역 ,경기도 경기도건설본부,PQ,1138654000,1132243450,99.43700633,홍익+HEC,97.65,914250000,100.9901,N
20200408651 - 00,20200406,월롱~광탄(1) 도로확포장공사 재설계용역 ,경기도 경기도건설본부,PQ,1138654000,1132243450,99.43700633,내경+바우,97.61,915000000,101.0475,N
20200408651 - 00,20200406,월롱~광탄(1) 도로확포장공사 재설계용역 ,경기도 경기도건설본부,PQ,1138654000,1132243450,99.43700633,경호+경동,97.58,898590000,99.2103,N
20200408651 - 00,20200406,월롱~광탄(1) 도로확포장공사 재설계용역 ,경기도 경기도건설본부,PQ,1138654000,1132243450,99.43700633,다산,97.53,917480000,101.245,N
20200408651 - 00,20200406,월롱~광탄(1) 도로확포장공사 재설계용역 ,경기도 경기도건설본부,PQ,1138654000,1132243450,99.43700633,신명+삼보,97.49,914535100,100.8947,N
20200408651 - 00,20200406,월롱~광탄(1) 도로확포장공사 재설계용역 ,경기도 경기도건설본부,PQ,1138654000,1132243450,99.43700633,극동+용마,97.48,917507000,101.2098,N
20200408651 - 00,20200406,월롱~광탄(1) 도로확포장공사 재설계용역 ,경기도 경기도건설본부,PQ,1138654000,1132243450,99.43700633,일신+KD,97.44,917284000,101.1598,N
20200408651 - 00,20200406,월롱~광탄(1) 도로확포장공사 재설계용역 ,경기도 경기도건설본부,PQ,1138654000,1132243450,99.43700633,수성,97.41,895752000,98.7604,N
20200408651 - 00,20200406,월롱~광탄(1) 도로확포장공사 재설계용역 ,경기도 경기도건설본부,PQ,1138654000,1132243450,99.43700633,삼안+태조,97.4,920920000,101.5226,N
20200408651 - 00,20200406,월롱~광탄(1) 도로확포장공사 재설계용역 ,경기도 경기도건설본부,PQ,1138654000,1132243450,99.43700633,장맥,97.37,920875000,101.4921,N
20200408651 - 00,20200406,월롱~광탄(1) 도로확포장공사 재설계용역 ,경기도 경기도건설본부,PQ,1138654000,1132243450,99.43700633,동성+효광,97.34,923718000,101.7799,N
20200408651 - 00,20200406,월롱~광탄(1) 도로확포장공사 재설계용역 ,경기도 경기도건설본부,PQ,1138654000,1132243450,99.43700633,이산+경원+화신,97.07,898500000,98.7906,N
20200408651 - 00,20200406,월롱~광탄(1) 도로확포장공사 재설계용역 ,경기도 경기도건설본부,PQ,1138654000,1132243450,99.43700633,드림,96.16,938000000,102.3901,N
20200409749 - 00,20200407,"2020년 어촌뉴딜300사업(다물대둔항, 재원항) 기본계획 및 실시설계 용역",전라남도 신안군,PQ,2112148000,2122439475,100.4872516,건화+지오플랜+대양(하나+건영),98.11,1688770000,100.947,Y
20200409749 - 00,20200407,"2020년 어촌뉴딜300사업(다물대둔항, 재원항) 기본계획 및 실시설계 용역",전라남도 신안군,PQ,2112148000,2122439475,100.4872516,유신+동아+세광,96,1683235000,98.93,N
20200409749 - 00,20200407,"2020년 어촌뉴딜300사업(다물대둔항, 재원항) 기본계획 및 실시설계 용역",전라남도 신안군,PQ,2112148000,2122439475,100.4872516,한항+평화,96,1728496000,101.5901,N
20200409749 - 00,20200407,"2020년 어촌뉴딜300사업(다물대둔항, 재원항) 기본계획 및 실시설계 용역",전라남도 신안군,PQ,2112148000,2122439475,100.4872516,건일+우빈,95.93,1680990000,98.7367,N
20200409749 - 00,20200407,"2020년 어촌뉴딜300사업(다물대둔항, 재원항) 기본계획 및 실시설계 용역",전라남도 신안군,PQ,2112148000,2122439475,100.4872516,세일+신명+혜인,95.74,1734528000,101.73,N
20200409749 - 00,20200407,"2020년 어촌뉴딜300사업(다물대둔항, 재원항) 기본계획 및 실시설계 용역",전라남도 신안군,PQ,2112148000,2122439475,100.4872516,도화+원우+산하,95.58,1733750000,101.5585,N
20200409749 - 00,20200407,"2020년 어촌뉴딜300사업(다물대둔항, 재원항) 기본계획 및 실시설계 용역",전라남도 신안군,PQ,2112148000,2122439475,100.4872516,대영+기찬,95.32,1743240000,101.9001,N
20200409749 - 00,20200407,"2020년 어촌뉴딜300사업(다물대둔항, 재원항) 기본계획 및 실시설계 용역",전라남도 신안군,PQ,2112148000,2122439475,100.4872516,한종+신오+아라,95,1740400000,101.4835,N
20200409749 - 00,20200407,"2020년 어촌뉴딜300사업(다물대둔항, 재원항) 기본계획 및 실시설계 용역",전라남도 신안군,PQ,2112148000,2122439475,100.4872516,서영+하이콘+우영,94.68,1758940000,102.3,N
20200409749 - 00,20200407,"2020년 어촌뉴딜300사업(오도항, 추포항) 기본계획 및 실시설계 용역",전라남도 신안군,PQ,1921837000,1938528225,100.8685037,건화+지오플랜+대양(하나+건영),98.11,0,0,N
20200409749 - 00,20200407,"2020년 어촌뉴딜300사업(오도항, 추포항) 기본계획 및 실시설계 용역",전라남도 신안군,PQ,1921837000,1938528225,100.8685037,유신+동아+세광,96,1556852000,100.563,N
20200409749 - 00,20200407,"2020년 어촌뉴딜300사업(오도항, 추포항) 기본계획 및 실시설계 용역",전라남도 신안군,PQ,1921837000,1938528225,100.8685037,한항+평화,96,1557270000,100.59,N
20200409749 - 00,20200407,"2020년 어촌뉴딜300사업(오도항, 추포항) 기본계획 및 실시설계 용역",전라남도 신안군,PQ,1921837000,1938528225,100.8685037,건일+우빈,95.93,1553470000,100.2823,N
20200409749 - 00,20200407,"2020년 어촌뉴딜300사업(오도항, 추포항) 기본계획 및 실시설계 용역",전라남도 신안군,PQ,1921837000,1938528225,100.8685037,세일+신명+혜인,95.74,1564589000,100.8499,N
20200409749 - 00,20200407,"2020년 어촌뉴딜300사업(오도항, 추포항) 기본계획 및 실시설계 용역",전라남도 신안군,PQ,1921837000,1938528225,100.8685037,도화+원우+산하,95.58,1571370000,101.1617,Y
20200409749 - 00,20200407,"2020년 어촌뉴딜300사업(오도항, 추포항) 기본계획 및 실시설계 용역",전라남도 신안군,PQ,1921837000,1938528225,100.8685037,대영+기찬,95.32,1569820000,100.8498,N
20200409749 - 00,20200407,"2020년 어촌뉴딜300사업(오도항, 추포항) 기본계획 및 실시설계 용역",전라남도 신안군,PQ,1921837000,1938528225,100.8685037,한종+신오+아라,95,1581900000,101.3755,N
20200409749 - 00,20200407,"2020년 어촌뉴딜300사업(오도항, 추포항) 기본계획 및 실시설계 용역",전라남도 신안군,PQ,1921837000,1938528225,100.8685037,서영+하이콘+우영,94.68,1582500000,101.1524,N
20200409527 - 00,20200407,울령천외3개하천 재해복구사업 통합건설사업관리용역,경상북도,PQ,2333300000,2302862150,98.69550208,도화,100,1824407000,100.25,N
20200409527 - 00,20200407,울령천외3개하천 재해복구사업 통합건설사업관리용역,경상북도,PQ,2333300000,2302862150,98.69550208,경원,99.79,1859990000,102.0352,N
20200409527 - 00,20200407,울령천외3개하천 재해복구사업 통합건설사업관리용역,경상북도,PQ,2333300000,2302862150,98.69550208,동성,99.75,1814937000,99.5255,Y
20200409527 - 00,20200407,울령천외3개하천 재해복구사업 통합건설사업관리용역,경상북도,PQ,2333300000,2302862150,98.69550208,선진,99.21,1815690000,99.1229,N
20200409527 - 00,20200407,울령천외3개하천 재해복구사업 통합건설사업관리용역,경상북도,PQ,2333300000,2302862150,98.69550208,이산,95.92,0,0,N
20200409527 - 00,20200407,송천외1개하천 재해복구사업 통합건설사업관리용역,경상북도,PQ,2756900000,2763557975,100.2415022,서영+삼보,100,2250000000,104.6393,Y
20200409527 - 00,20200407,송천외1개하천 재해복구사업 통합건설사업관리용역,경상북도,PQ,2756900000,2763557975,100.2415022,수성,99.9,0,0,N
20200409527 - 00,20200407,송천외1개하천 재해복구사업 통합건설사업관리용역,경상북도,PQ,2756900000,2763557975,100.2415022,평화+용마+새길,99.31,2154290000,99.6261,N
20200409527 - 00,20200407,매화천 외 1개 하천 재해복구사업 통합건설사업관리 용역,경상북도,PQ,2479700000,2512760650,101.333252,동부+다산,100,1937910000,100.2,N
20200409527 - 00,20200407,매화천 외 1개 하천 재해복구사업 통합건설사업관리 용역,경상북도,PQ,2479700000,2512760650,101.333252,건화+한도,99.95,1962200000,101.4039,Y
20200409527 - 00,20200407,매화천 외 1개 하천 재해복구사업 통합건설사업관리 용역,경상북도,PQ,2479700000,2512760650,101.333252,KCI+경동,99.95,1927294000,99.6,N
20200409527 - 00,20200407,매화천 외 1개 하천 재해복구사업 통합건설사업관리 용역,경상북도,PQ,2479700000,2512760650,101.333252,대콘+명성,99.44,1926875000,99.1717,N
20200409527 - 00,20200407,평해남대천 재해복구사업 통합건설사업관리용역,경상북도,PQ,2110350000,2087996150,98.94075153,삼안+해동,100,1658800000,100.7796,N
20200409527 - 00,20200407,평해남대천 재해복구사업 통합건설사업관리용역,경상북도,PQ,2110350000,2087996150,98.94075153,극동+상금,99.79,1660000000,100.6718,N
20200409527 - 00,20200407,평해남대천 재해복구사업 통합건설사업관리용역,경상북도,PQ,2110350000,2087996150,98.94075153,KG+해인+보람,99.14,1642368000,99.07,Y
20200409527 - 00,20200407,평해남대천 재해복구사업 통합건설사업관리용역,경상북도,PQ,2110350000,2087996150,98.94075153,화신+HD,98.93,1899000000,114.3612,N
20200409527 - 00,20200407,평해남대천 재해복구사업 통합건설사업관리용역,경상북도,PQ,2110350000,2087996150,98.94075153,신명+송보,98.9,1950000000,117.4026,N
20200409527 - 00,20200407,방율천외3개하천 재해복구사업 통합건설사업관리용역,경상북도,PQ,2646000000,2620988725,99.05475151,한종+동진+한백,100,2066394000,100.1282,Y
20200409527 - 00,20200407,방율천외3개하천 재해복구사업 통합건설사업관리용역,경상북도,PQ,2646000000,2620988725,99.05475151,유신+주하,99.69,2088892000,100.9595,N
20200409527 - 00,20200407,방율천외3개하천 재해복구사업 통합건설사업관리용역,경상북도,PQ,2646000000,2620988725,99.05475151,동명+DS,99.59,2066800000,99.8024,N
20200409527 - 00,20200407,방율천외3개하천 재해복구사업 통합건설사업관리용역,경상북도,PQ,2646000000,2620988725,99.05475151,KCM+다음,99.19,2560000000,123.2246,N
20200409575 - 00,20200407,"거례, 원천 농어촌 마을하수도 정비사업 실시설계용역",강원도 화천군,PQ,1389113000,1405508050,101.1802532,도화+삼주+고려,100,1093830000,100.9591,N
20200409575 - 00,20200407,"거례, 원천 농어촌 마을하수도 정비사업 실시설계용역",강원도 화천군,PQ,1389113000,1405508050,101.1802532,건화+정+정원(국일),98.19,1087300000,98.8857,N
20200409575 - 00,20200407,"거례, 원천 농어촌 마을하수도 정비사업 실시설계용역",강원도 화천군,PQ,1389113000,1405508050,101.1802532,삼안+경동+일신+동서,98.16,1089165000,99.0303,N
20200409575 - 00,20200407,"거례, 원천 농어촌 마을하수도 정비사업 실시설계용역",강원도 화천군,PQ,1389113000,1405508050,101.1802532,동명+서광+진화,98.06,1115950000,101.376,Y
20200409575 - 00,20200407,"거례, 원천 농어촌 마을하수도 정비사업 실시설계용역",강원도 화천군,PQ,1389113000,1405508050,101.1802532,KG+경원+삼경,97.9,1086541000,98.58,N
20200409575 - 00,20200407,"거례, 원천 농어촌 마을하수도 정비사업 실시설계용역",강원도 화천군,PQ,1389113000,1405508050,101.1802532,이산+대성+미래,97.53,1127600000,101.9967,N
20200409575 - 00,20200407,"거례, 원천 농어촌 마을하수도 정비사업 실시설계용역",강원도 화천군,PQ,1389113000,1405508050,101.1802532,화신+제일+동남,97.3,1122340000,101.3427,N
20200409500 - 02,20200406,악양 옥종 고전지구 하수관로 정비사업 기본 및 실시설계용역,경상남도 하동군,PQ,1134910000,1149967475,101.326755,삼안+우진+한올,99.25,899525000,100.9998,N
20200409500 - 02,20200406,악양 옥종 고전지구 하수관로 정비사업 기본 및 실시설계용역,경상남도 하동군,PQ,1134910000,1149967475,101.326755,동명+경화,98.07,894000000,99.4166,N
20200409500 - 02,20200406,악양 옥종 고전지구 하수관로 정비사업 기본 및 실시설계용역,경상남도 하동군,PQ,1134910000,1149967475,101.326755,도화+한성,97.9,893000000,99.1678,N
20200409500 - 02,20200406,악양 옥종 고전지구 하수관로 정비사업 기본 및 실시설계용역,경상남도 하동군,PQ,1134910000,1149967475,101.326755,한종+HEC,97.9,909200000,100.9668,N
20200409500 - 02,20200406,악양 옥종 고전지구 하수관로 정비사업 기본 및 실시설계용역,경상남도 하동군,PQ,1134910000,1149967475,101.326755,정+경동+하우,97.67,891412000,98.8046,N
20200409500 - 02,20200406,악양 옥종 고전지구 하수관로 정비사업 기본 및 실시설계용역,경상남도 하동군,PQ,1134910000,1149967475,101.326755,범한+건화(청운),97.5,914650000,101.253,N
20200409500 - 02,20200406,악양 옥종 고전지구 하수관로 정비사업 기본 및 실시설계용역,경상남도 하동군,PQ,1134910000,1149967475,101.326755,KG+KSM+이산,97.1,926400000,102.2198,Y
20200409500 - 02,20200406,악양 옥종 고전지구 하수관로 정비사업 기본 및 실시설계용역,경상남도 하동군,PQ,1134910000,1149967475,101.326755,화신+혜인,96.46,1042740000,114.4691,N
20200410358 - 02,20200407,완도군 자연재해저감 종합계획수립 재수립 및 재해지도 작성 용역,전라남도 완도군,PQ,1317400000,1334114550,101.2687528,유신+원우+신명,98.7,1036885000,99.8375,N
20200410358 - 02,20200407,완도군 자연재해저감 종합계획수립 재수립 및 재해지도 작성 용역,전라남도 완도군,PQ,1317400000,1334114550,101.2687528,도화+우리+경호+서영,98.68,1047000000,100.7987,N
20200410358 - 02,20200407,완도군 자연재해저감 종합계획수립 재수립 및 재해지도 작성 용역,전라남도 완도군,PQ,1317400000,1334114550,101.2687528,이산+한기+주하,98.16,1037000000,99.4198,N
20200410358 - 02,20200407,완도군 자연재해저감 종합계획수립 재수립 및 재해지도 작성 용역,전라남도 완도군,PQ,1317400000,1334114550,101.2687528,동부+신오+세일+한맥,98.15,1054570000,101.0915,N
20200410358 - 02,20200407,완도군 자연재해저감 종합계획수립 재수립 및 재해지도 작성 용역,전라남도 완도군,PQ,1317400000,1334114550,101.2687528,삼안+동아+KCI,98.14,1034770000,99.181,N
20200410358 - 02,20200407,완도군 자연재해저감 종합계획수립 재수립 및 재해지도 작성 용역,전라남도 완도군,PQ,1317400000,1334114550,101.2687528,한종+평화+JCN,98.13,1058800000,101.4842,Y
20200410358 - 02,20200407,완도군 자연재해저감 종합계획수립 재수립 및 재해지도 작성 용역,전라남도 완도군,PQ,1317400000,1334114550,101.2687528,화신+우영+극동,97.76,1032980000,98.7103,N
20200410358 - 02,20200407,완도군 자연재해저감 종합계획수립 재수립 및 재해지도 작성 용역,전라남도 완도군,PQ,1317400000,1334114550,101.2687528,건화+하이콘+하우+기림,96.76,1264000000,119.8209,N
20200410588 - 00,20200407,고창~내장IC(3공구)지방도 확포장공사 실시설계(보완)용역,전라북도,PQ,663655000,667510900,100.5810097,건화+성원(온길),98.34,566400000,99.395,N
20200410588 - 00,20200407,고창~내장IC(3공구)지방도 확포장공사 실시설계(보완)용역,전라북도,PQ,663655000,667510900,100.5810097,동부+더한,98.2,572330000,100.4006,N
20200410588 - 00,20200407,고창~내장IC(3공구)지방도 확포장공사 실시설계(보완)용역,전라북도,PQ,663655000,667510900,100.5810097,동명+JCN,98.1,568750000,99.7493,N
20200410588 - 00,20200407,고창~내장IC(3공구)지방도 확포장공사 실시설계(보완)용역,전라북도,PQ,663655000,667510900,100.5810097,도화+세화,98.03,566430000,99.3193,N
20200410588 - 00,20200407,고창~내장IC(3공구)지방도 확포장공사 실시설계(보완)용역,전라북도,PQ,663655000,667510900,100.5810097,유신+한가람,97.9,571480000,100.1698,N
20200410588 - 00,20200407,고창~내장IC(3공구)지방도 확포장공사 실시설계(보완)용역,전라북도,PQ,663655000,667510900,100.5810097,수성+현성,97.87,566632000,99.3201,N
20200410588 - 00,20200407,고창~내장IC(3공구)지방도 확포장공사 실시설계(보완)용역,전라북도,PQ,663655000,667510900,100.5810097,제일+인우,97.71,567580000,99.44,N
20200410588 - 00,20200407,고창~내장IC(3공구)지방도 확포장공사 실시설계(보완)용역,전라북도,PQ,663655000,667510900,100.5810097,KCI+국성,97.7,573474000,100.4726,N
20200410588 - 00,20200407,고창~내장IC(3공구)지방도 확포장공사 실시설계(보완)용역,전라북도,PQ,663655000,667510900,100.5810097,이산+동운,97.54,574770000,100.6529,Y
20200410588 - 00,20200407,고창~내장IC(3공구)지방도 확포장공사 실시설계(보완)용역,전라북도,PQ,663655000,667510900,100.5810097,삼보+건일,97.49,576240000,100.8985,N
20200410588 - 00,20200407,고창~내장IC(3공구)지방도 확포장공사 실시설계(보완)용역,전라북도,PQ,663655000,667510900,100.5810097,서영+대도,97.48,566540000,99.2001,N
20200410588 - 00,20200407,고창~내장IC(3공구)지방도 확포장공사 실시설계(보완)용역,전라북도,PQ,663655000,667510900,100.5810097,평화+조화,97.47,567270000,99.3279,N
20200410588 - 00,20200407,고창~내장IC(3공구)지방도 확포장공사 실시설계(보완)용역,전라북도,PQ,663655000,667510900,100.5810097,한종+대성,97.36,570880000,99.9252,N
20200410588 - 00,20200407,고창~내장IC(3공구)지방도 확포장공사 실시설계(보완)용역,전라북도,PQ,663655000,667510900,100.5810097,경원+경동+세종,97.31,565550000,98.9807,N
20200410588 - 00,20200407,고창~내장IC(3공구)지방도 확포장공사 실시설계(보완)용역,전라북도,PQ,663655000,667510900,100.5810097,삼안+태영,97.25,578050000,101.1567,N
20200410588 - 00,20200407,고창~내장IC(3공구)지방도 확포장공사 실시설계(보완)용역,전라북도,PQ,663655000,667510900,100.5810097,다산+신한,97.04,564900000,98.7981,N
20200410588 - 00,20200407,고창~내장IC(3공구)지방도 확포장공사 실시설계(보완)용역,전라북도,PQ,663655000,667510900,100.5810097,극동+유현,97,577717000,101.0398,N
20200410588 - 00,20200407,고창~내장IC(3공구)지방도 확포장공사 실시설계(보완)용역,전라북도,PQ,663655000,667510900,100.5810097,화신+고산,96.96,564749000,98.7603,N
20200410588 - 00,20200407,고창~내장IC(3공구)지방도 확포장공사 실시설계(보완)용역,전라북도,PQ,663655000,667510900,100.5810097,용마+진우+가온,96.94,565180000,98.8242,N
20200410588 - 00,20200407,고창~내장IC(3공구)지방도 확포장공사 실시설계(보완)용역,전라북도,PQ,663655000,667510900,100.5810097,천일+유일,96.88,567200000,99.1659,N
20200410588 - 00,20200407,고창~내장IC(3공구)지방도 확포장공사 실시설계(보완)용역,전라북도,PQ,663655000,667510900,100.5810097,대콘+승우+여울,95.95,564180000,98.3981,N
20200410588 - 00,20200407,고창~내장IC(3공구)지방도 확포장공사 실시설계(보완)용역,전라북도,PQ,663655000,667510900,100.5810097,홍익+동신,95.72,584023000,101.8,N
20200410588 - 00,20200407,고창~내장IC(3공구)지방도 확포장공사 실시설계(보완)용역,전라북도,PQ,663655000,667510900,100.5810097,바우+범산,94.47,599000000,104.0855,N
20200410730 - 01,20200407,빗물펌프장 시설용량 증대 타당성조사 용역,서울특별시,PQ,569151000,566847400,99.59525679,제일+한종,99.46,486690000,99.8792,Y
20200410730 - 01,20200407,빗물펌프장 시설용량 증대 타당성조사 용역,서울특별시,PQ,569151000,566847400,99.59525679,건화+동해,98.4,488140000,99.8967,N
20200410730 - 01,20200407,빗물펌프장 시설용량 증대 타당성조사 용역,서울특별시,PQ,569151000,566847400,99.59525679,삼안+천일+태조,98.25,494560000,101.1752,N
20200410730 - 01,20200407,빗물펌프장 시설용량 증대 타당성조사 용역,서울특별시,PQ,569151000,566847400,99.59525679,도화+선진,96.57,486086000,99.0151,N
강원도공고 제2020 - 700호,20200406,국지도88호선 도계~영월간 도로확포장공사 사후환경영향조사 용역,강원도,PQ,954205000,959150225,100.518256,도화+우신,98.62,823340000,100.5599,Y
강원도공고 제2020 - 700호,20200406,국지도88호선 도계~영월간 도로확포장공사 사후환경영향조사 용역,강원도,PQ,954205000,959150225,100.518256,화신+홍익+엔탑,98.33,818223000,99.8651,N
강원도공고 제2020 - 700호,20200406,국지도88호선 도계~영월간 도로확포장공사 사후환경영향조사 용역,강원도,PQ,954205000,959150225,100.518256,경동+경원+선진환경,97.96,821485000,100.1699,N
강원도공고 제2020 - 700호,20200406,국지도88호선 도계~영월간 도로확포장공사 사후환경영향조사 용역,강원도,PQ,954205000,959150225,100.518256,동아+자연과사람+동명,97.92,817600000,99.6846,N
강원도공고 제2020 - 700호,20200406,국지도88호선 도계~영월간 도로확포장공사 사후환경영향조사 용역,강원도,PQ,954205000,959150225,100.518256,선진+한국환경+한종,97.83,826200000,100.7097,N
강원도공고 제2020 - 700호,20200406,국지도88호선 도계~영월간 도로확포장공사 사후환경영향조사 용역,강원도,PQ,954205000,959150225,100.518256,이산+중천+다원,97.57,815380000,99.3215,N
강원도공고 제2020 - 700호,20200406,국지도88호선 도계~영월간 도로확포장공사 사후환경영향조사 용역,강원도,PQ,954205000,959150225,100.518256,건화+동해+퍼스트,97.49,826880000,100.6989,N
강원도공고 제2020 - 700호,20200406,국지도88호선 도계~영월간 도로확포장공사 사후환경영향조사 용역,강원도,PQ,954205000,959150225,100.518256,동성+정+DS,97.08,813615000,98.9799,N
강원도공고 제2020 - 700호,20200406,국지도88호선 도계~영월간 도로확포장공사 사후환경영향조사 용역,강원도,PQ,954205000,959150225,100.518256,평화+동서+대현,97.05,833500000,101.399,N
강원도공고 제2020 - 700호,20200406,국지도88호선 도계~영월간 도로확포장공사 사후환경영향조사 용역,강원도,PQ,954205000,959150225,100.518256,동일+삼경+세현,96.87,833000000,101.2912,N
강원도공고 제2020 - 700호,20200406,국지도88호선 도계~영월간 도로확포장공사 사후환경영향조사 용역,강원도,PQ,954205000,959150225,100.518256,신성+정원+효산,96.27,848420000,102.9989,N
20200411502 - 00,20200407,반양지구 풍수해 생활권 종합정비사업 기본 및 실시설계 용역,충청남도 서산시,SOQ,2088200000,2103104575,100.7137523,이산+장맥+천마,97.85,1682000000,101.4776,Y
20200411502 - 00,20200407,반양지구 풍수해 생활권 종합정비사업 기본 및 실시설계 용역,충청남도 서산시,SOQ,2088200000,2103104575,100.7137523,한종+한경기술,95.34,1734000000,102.5351,N
20200411502 - 00,20200407,반양지구 풍수해 생활권 종합정비사업 기본 및 실시설계 용역,충청남도 서산시,SOQ,2088200000,2103104575,100.7137523,동부+세일+주하,93.33,1752080000,101.9921,N
20200411502 - 00,20200407,반양지구 풍수해 생활권 종합정비사업 기본 및 실시설계 용역,충청남도 서산시,SOQ,2088200000,2103104575,100.7137523,삼안+계림+한맥,93.33,1700000000,98.9605,N
20200411502 - 00,20200407,반양지구 풍수해 생활권 종합정비사업 기본 및 실시설계 용역,충청남도 서산시,SOQ,2088200000,2103104575,100.7137523,건화+삼육+동서(제온기술),91.06,1790000000,102.3825,N
20200411502 - 00,20200407,반양지구 풍수해 생활권 종합정비사업 기본 및 실시설계 용역,충청남도 서산시,SOQ,2088200000,2103104575,100.7137523,도화+경동+드림,89.7,1816000000,102.8014,N
20200411502 - 00,20200407,반양지구 풍수해 생활권 종합정비사업 기본 및 실시설계 용역,충청남도 서산시,SOQ,2088200000,2103104575,100.7137523,유신+기산,88.39,1879380000,105.3432,N
20200411463 - 00,20200407,2040 광주광역시 공원녹지기본계획 용역,광주광역시,PQ,516087000,521482750,101.0455117,KG+신오,97.05,452254000,100.7199,N
20200411463 - 00,20200407,2040 광주광역시 공원녹지기본계획 용역,광주광역시,PQ,516087000,521482750,101.0455117,유신+우빈,96.28,447700000,99.637,N
20200411463 - 00,20200407,2040 광주광역시 공원녹지기본계획 용역,광주광역시,PQ,516087000,521482750,101.0455117,도화+동아,96.23,453500000,100.9162,N
20200411463 - 00,20200407,2040 광주광역시 공원녹지기본계획 용역,광주광역시,PQ,516087000,521482750,101.0455117,한종+한기,95.73,450200000,100.1359,N
20200411463 - 00,20200407,2040 광주광역시 공원녹지기본계획 용역,광주광역시,PQ,516087000,521482750,101.0455117,경호+신명,95.15,459000000,102.0346,Y
20200411463 - 00,20200407,2040 광주광역시 공원녹지기본계획 용역,광주광역시,PQ,516087000,521482750,101.0455117,건화+평화,93.95,446600000,99.1644,N
20200406696 - 00,20200407,문경 영강 보행교 설치공사 실시설계 용역,경상북도 문경시,PQ,293547000,293329100,99.92576998,삼안+주하,99,255530000,100.2466,N
20200406696 - 00,20200407,문경 영강 보행교 설치공사 실시설계 용역,경상북도 문경시,PQ,293547000,293329100,99.92576998,도화+청우,98.8,254676000,99.8885,N
20200406696 - 00,20200407,문경 영강 보행교 설치공사 실시설계 용역,경상북도 문경시,PQ,293547000,293329100,99.92576998,이산+세원,98.56,255480000,100.1808,Y
20200406696 - 00,20200407,문경 영강 보행교 설치공사 실시설계 용역,경상북도 문경시,PQ,293547000,293329100,99.92576998,한종+한백종합,98.56,254350000,99.7377,N
20200406696 - 00,20200407,문경 영강 보행교 설치공사 실시설계 용역,경상북도 문경시,PQ,293547000,293329100,99.92576998,건화+한도(대성),97.16,257190000,100.7122,N
20200406696 - 00,20200407,문경 영강 보행교 설치공사 실시설계 용역,경상북도 문경시,PQ,293547000,293329100,99.92576998,KG+보원,97.14,253533000,99.2802,N
20200406696 - 00,20200407,문경 영강 보행교 설치공사 실시설계 용역,경상북도 문경시,PQ,293547000,293329100,99.92576998,동일+보람,96.02,253450000,99.1451,N
20200412181 - 00,20200408,평창강 물환경 체험센터 및 평창 에코랜드 조성사업 기본 및 실시설계 용역,강원도 평창군,PQ,697210000,688277050,98.71875762,KG+정,97.7,600715000,100.18,N
20200412181 - 00,20200408,평창강 물환경 체험센터 및 평창 에코랜드 조성사업 기본 및 실시설계 용역,강원도 평창군,PQ,697210000,688277050,98.71875762,도화+서광,97.69,600930000,100.2159,N
20200412181 - 00,20200408,평창강 물환경 체험센터 및 평창 에코랜드 조성사업 기본 및 실시설계 용역,강원도 평창군,PQ,697210000,688277050,98.71875762,건화+화신(오월건축+쏘일테크),96.75,600600000,99.9169,N
20200412181 - 00,20200408,평창강 물환경 체험센터 및 평창 에코랜드 조성사업 기본 및 실시설계 용역,강원도 평창군,PQ,697210000,688277050,98.71875762,한종+미래,96.25,596500000,99.1084,Y
20200412181 - 00,20200408,평창강 물환경 체험센터 및 평창 에코랜드 조성사업 기본 및 실시설계 용역,강원도 평창군,PQ,697210000,688277050,98.71875762,유신+일신,96.16,607905000,100.9799,N
20200412181 - 00,20200408,평창강 물환경 체험센터 및 평창 에코랜드 조성사업 기본 및 실시설계 용역,강원도 평창군,PQ,697210000,688277050,98.71875762,경호+동서,95.74,596590000,98.9972,N
20200412181 - 00,20200408,평창강 물환경 체험센터 및 평창 에코랜드 조성사업 기본 및 실시설계 용역,강원도 평창군,PQ,697210000,688277050,98.71875762,동명+경원,94.76,595990000,98.6465,N
20200412127 - 02,20200408,해남읍 하수관로 정비사업 기본 및 실시설계용역,전라남도 해남군,PQ,492800000,493721575,100.1870079,삼안+동아,98.2,427240000,99.76,N
20200412127 - 02,20200408,해남읍 하수관로 정비사업 기본 및 실시설계용역,전라남도 해남군,PQ,492800000,493721575,100.1870079,건화+신오,98.15,430400000,100.4979,N
20200412127 - 02,20200408,해남읍 하수관로 정비사업 기본 및 실시설계용역,전라남도 해남군,PQ,492800000,493721575,100.1870079,범한+신명,98.1,427890000,99.9003,N
20200412127 - 02,20200408,해남읍 하수관로 정비사업 기본 및 실시설계용역,전라남도 해남군,PQ,492800000,493721575,100.1870079,선진+건영,97.89,429300000,100.2179,Y
20200412127 - 02,20200408,해남읍 하수관로 정비사업 기본 및 실시설계용역,전라남도 해남군,PQ,492800000,493721575,100.1870079,정+경동+우빈,97.85,428440000,100.0057,N
20200412127 - 02,20200408,해남읍 하수관로 정비사업 기본 및 실시설계용역,전라남도 해남군,PQ,492800000,493721575,100.1870079,도화+다우,97.84,431460000,100.7106,N
20200412127 - 02,20200408,해남읍 하수관로 정비사업 기본 및 실시설계용역,전라남도 해남군,PQ,492800000,493721575,100.1870079,동명+하이콘,97.8,429950000,100.3581,N
20200412127 - 02,20200408,해남읍 하수관로 정비사업 기본 및 실시설계용역,전라남도 해남군,PQ,492800000,493721575,100.1870079,제일+평화,97.69,426250000,99.483,N
20200412127 - 02,20200408,해남읍 하수관로 정비사업 기본 및 실시설계용역,전라남도 해남군,PQ,492800000,493721575,100.1870079,이산+한기,97.5,424720000,99.1032,N
20200412127 - 02,20200408,해남읍 하수관로 정비사업 기본 및 실시설계용역,전라남도 해남군,PQ,492800000,493721575,100.1870079,화신+우리종합,97.5,434907000,101.4802,N
20200412127 - 02,20200408,해남읍 하수관로 정비사업 기본 및 실시설계용역,전라남도 해남군,PQ,492800000,493721575,100.1870079,KG+우영,97.35,426384000,99.48,N
20200412127 - 02,20200408,해남읍 하수관로 정비사업 기본 및 실시설계용역,전라남도 해남군,PQ,492800000,493721575,100.1870079,한종+산하,95,425600000,99.0693,N
20200412070 - 02,20200408,"삼산,화산지구 농어촌생활용수 개발사업 건설사업관리용역",전라남도 해남군,PQ,2374500000,2344949400,98.75550221,동성+신오,99.8,1865100000,100.5402,N
20200412070 - 02,20200408,"삼산,화산지구 농어촌생활용수 개발사업 건설사업관리용역",전라남도 해남군,PQ,2374500000,2344949400,98.75550221,동명+원우,99.75,1853570000,99.8803,N
20200412070 - 02,20200408,"삼산,화산지구 농어촌생활용수 개발사업 건설사업관리용역",전라남도 해남군,PQ,2374500000,2344949400,98.75550221,건화+동아,99.7,1866880000,100.5461,N
20200412070 - 02,20200408,"삼산,화산지구 농어촌생활용수 개발사업 건설사업관리용역",전라남도 해남군,PQ,2374500000,2344949400,98.75550221,천일+우빈,99.55,1852300000,99.6462,N
20200412070 - 02,20200408,"삼산,화산지구 농어촌생활용수 개발사업 건설사업관리용역",전라남도 해남군,PQ,2374500000,2344949400,98.75550221,도화+건영,99.37,1879400000,100.9493,N
20200412070 - 02,20200408,"삼산,화산지구 농어촌생활용수 개발사업 건설사업관리용역",전라남도 해남군,PQ,2374500000,2344949400,98.75550221,삼안+영진+유지,99.36,1844480000,99.0736,N
20200412070 - 02,20200408,"삼산,화산지구 농어촌생활용수 개발사업 건설사업관리용역",전라남도 해남군,PQ,2374500000,2344949400,98.75550221,이산+평화,99.35,1843500000,99.0083,Y
20200412070 - 02,20200408,"삼산,화산지구 농어촌생활용수 개발사업 건설사업관리용역",전라남도 해남군,PQ,2374500000,2344949400,98.75550221,경동+진성,99.18,1888700000,101.2938,N
20200412070 - 02,20200408,"삼산,화산지구 농어촌생활용수 개발사업 건설사업관리용역",전라남도 해남군,PQ,2374500000,2344949400,98.75550221,경호+동일+에스이,99.1,1841950000,98.7237,N
20200412070 - 02,20200408,"삼산,화산지구 농어촌생활용수 개발사업 건설사업관리용역",전라남도 해남군,PQ,2374500000,2344949400,98.75550221,KCM+산이,99.09,1891200000,101.3504,N
20200412070 - 02,20200408,"삼산,화산지구 농어촌생활용수 개발사업 건설사업관리용역",전라남도 해남군,PQ,2374500000,2344949400,98.75550221,KG+산하,99.05,1884000000,100.9389,N
20200412070 - 02,20200408,"삼산,화산지구 농어촌생활용수 개발사업 건설사업관리용역",전라남도 해남군,PQ,2374500000,2344949400,98.75550221,한기+선진,98.95,1846400000,98.8364,N
20200412070 - 02,20200408,"삼산,화산지구 농어촌생활용수 개발사업 건설사업관리용역",전라남도 해남군,PQ,2374500000,2344949400,98.75550221,한종+우리종합+우영,98.9,1899000000,101.6133,N
20200412070 - 02,20200408,"삼산,화산지구 농어촌생활용수 개발사업 건설사업관리용역",전라남도 해남군,PQ,2374500000,2344949400,98.75550221,범한+신명,98.85,1899400000,101.596,N
20200409802 - 02,20200408,학교 분류식하수관로 연결사업 (서부지원청 일원) 기본 및 실시설계용역(개찰3순위),부산광역시,PQ,1383000000,1364886200,98.69025307,건화+한가람+한수,100,0,0,N
20200409802 - 02,20200408,학교 분류식하수관로 연결사업 (서부지원청 일원) 기본 및 실시설계용역(개찰3순위),부산광역시,PQ,1383000000,1364886200,98.69025307,KG+다산+한창+문창,98.25,1088908000,99.52,Y
20200409802 - 02,20200408,학교 분류식하수관로 연결사업 (서부지원청 일원) 기본 및 실시설계용역(개찰3순위),부산광역시,PQ,1383000000,1364886200,98.69025307,삼안+수성+하나+청출,98.14,1100000000,100.4321,N
20200409802 - 02,20200408,학교 분류식하수관로 연결사업 (서부지원청 일원) 기본 및 실시설계용역(개찰3순위),부산광역시,PQ,1383000000,1364886200,98.69025307,동명+선일+대원,97.9,1096244000,99.9,N
20200409802 - 02,20200408,학교 분류식하수관로 연결사업 (서부지원청 일원) 기본 및 실시설계용역(개찰3순위),부산광역시,PQ,1383000000,1364886200,98.69025307,도화+한진+조은,97.57,1111430000,101.0165,N
20200409802 - 02,20200408,학교 분류식하수관로 연결사업 (서부지원청 일원) 기본 및 실시설계용역(개찰3순위),부산광역시,PQ,1383000000,1364886200,98.69025307,한종+삼영+동부+미래,97.45,1092600000,99.2053,N
20200409802 - 02,20200408,학교 분류식하수관로 연결사업 (서부지원청 일원) 기본 및 실시설계용역(개찰3순위),부산광역시,PQ,1383000000,1364886200,98.69025307,이산+거원+HM,97.44,1102880000,100.1387,N
20200409802 - 02,20200408,학교 분류식하수관로 연결사업 (서부지원청 일원) 기본 및 실시설계용역(개찰3순위),부산광역시,PQ,1383000000,1364886200,98.69025307,범한+신명+나우+우성,97.43,1090100000,98.9659,N
20200409802 - 02,20200408,학교 분류식하수관로 연결사업 (서부지원청 일원) 기본 및 실시설계용역(개찰3순위),부산광역시,PQ,1383000000,1364886200,98.69025307,제일+세일+한림,97.18,1119200000,101.4041,N
20200409802 - 02,20200408,학교 분류식하수관로 연결사업 (서부지원청 일원) 기본 및 실시설계용역(개찰3순위),부산광역시,PQ,1383000000,1364886200,98.69025307,유신+경동+경성+정인,96.79,1089446000,98.4,N
20200409802 - 02,20200408,학교 분류식하수관로 연결사업 (서부지원청 일원) 기본 및 실시설계용역(개찰3순위),부산광역시,PQ,1383000000,1364886200,98.69025307,HEC+서영+이화+원일,96.48,1125500000,101.4031,N
20200409802 - 02,20200408,학교 분류식하수관로 연결사업 (서부지원청 일원) 기본 및 실시설계용역(개찰3순위),부산광역시,PQ,1383000000,1364886200,98.69025307,선진+대진+에이플러스,96.42,1126500000,101.4426,N
20200409802 - 02,20200408,학교 분류식하수관로 연결사업 (서부지원청 일원) 기본 및 실시설계용역(개찰3순위),부산광역시,PQ,1383000000,1364886200,98.69025307,건양+화신+화인+CM,96.3,1097665000,98.7599,N
20200409802 - 02,20200408,"학교 분류식하수관로 연결사업(북부, 동래지원청 일원) 기본 및 실시설계용역(개찰2순위)",부산광역시,PQ,1480000000,1477139900,99.80675,건화+한가람+한수,100,0,0,N
20200409802 - 02,20200408,"학교 분류식하수관로 연결사업(북부, 동래지원청 일원) 기본 및 실시설계용역(개찰2순위)",부산광역시,PQ,1480000000,1477139900,99.80675,KG+다산+한창+문창,98.25,1165282000,99.52,N
20200409802 - 02,20200408,"학교 분류식하수관로 연결사업(북부, 동래지원청 일원) 기본 및 실시설계용역(개찰2순위)",부산광역시,PQ,1480000000,1477139900,99.80675,삼안+수성+하나+청출,98.14,1170840000,99.8937,Y
20200409802 - 02,20200408,"학교 분류식하수관로 연결사업(북부, 동래지원청 일원) 기본 및 실시설계용역(개찰2순위)",부산광역시,PQ,1480000000,1477139900,99.80675,동명+선일+대원,97.9,1169600000,99.5993,N
20200409802 - 02,20200408,"학교 분류식하수관로 연결사업(북부, 동래지원청 일원) 기본 및 실시설계용역(개찰2순위)",부산광역시,PQ,1480000000,1477139900,99.80675,도화+한진+조은,97.57,1189300000,101.0095,N
20200409802 - 02,20200408,"학교 분류식하수관로 연결사업(북부, 동래지원청 일원) 기본 및 실시설계용역(개찰2순위)",부산광역시,PQ,1480000000,1477139900,99.80675,한종+삼영+동부+미래,97.45,1168000000,99.1008,N
20200409802 - 02,20200408,"학교 분류식하수관로 연결사업(북부, 동래지원청 일원) 기본 및 실시설계용역(개찰2순위)",부산광역시,PQ,1480000000,1477139900,99.80675,이산+거원+HM,97.44,1180700000,100.1783,N
20200409802 - 02,20200408,"학교 분류식하수관로 연결사업(북부, 동래지원청 일원) 기본 및 실시설계용역(개찰2순위)",부산광역시,PQ,1480000000,1477139900,99.80675,범한+신명+나우+우성,97.43,1165770000,98.8992,N
20200409802 - 02,20200408,"학교 분류식하수관로 연결사업(북부, 동래지원청 일원) 기본 및 실시설계용역(개찰2순위)",부산광역시,PQ,1480000000,1477139900,99.80675,제일+세일+한림,97.18,1196500000,101.3027,N
20200409802 - 02,20200408,"학교 분류식하수관로 연결사업(북부, 동래지원청 일원) 기본 및 실시설계용역(개찰2순위)",부산광역시,PQ,1480000000,1477139900,99.80675,유신+경동+경성+정인,96.79,1210738000,102.188,N
20200409802 - 02,20200408,"학교 분류식하수관로 연결사업(북부, 동래지원청 일원) 기본 및 실시설계용역(개찰2순위)",부산광역시,PQ,1480000000,1477139900,99.80675,HEC+서영+이화+원일,96.48,1204500000,101.4082,N
20200409802 - 02,20200408,"학교 분류식하수관로 연결사업(북부, 동래지원청 일원) 기본 및 실시설계용역(개찰2순위)",부산광역시,PQ,1480000000,1477139900,99.80675,선진+대진+에이플러스,96.42,1205520000,101.4435,N
20200409802 - 02,20200408,"학교 분류식하수관로 연결사업(북부, 동래지원청 일원) 기본 및 실시설계용역(개찰2순위)",부산광역시,PQ,1480000000,1477139900,99.80675,건양+화신+화인+CM,96.3,1174653000,98.76,N
20200409802 - 02,20200408,"학교 분류식하수관로 연결사업(남부, 해운대지원청 일원) 기본 및 실시설계용역(개찰1순위)",부산광역시,PQ,1611000000,1622244800,100.6980012,건화+한가람+한수,100,1265800000,100.7402,Y
20200409802 - 02,20200408,"학교 분류식하수관로 연결사업(남부, 해운대지원청 일원) 기본 및 실시설계용역(개찰1순위)",부산광역시,PQ,1611000000,1622244800,100.6980012,KG+다산+한창+문창,98.25,1268425000,99.52,N
20200409802 - 02,20200408,"학교 분류식하수관로 연결사업(남부, 해운대지원청 일원) 기본 및 실시설계용역(개찰1순위)",부산광역시,PQ,1611000000,1622244800,100.6980012,삼안+수성+하나+청출,98.14,1290960000,101.1858,N
20200409802 - 02,20200408,"학교 분류식하수관로 연결사업(남부, 해운대지원청 일원) 기본 및 실시설계용역(개찰1순위)",부산광역시,PQ,1611000000,1622244800,100.6980012,동명+선일+대원,97.9,1261630000,98.6999,N
20200409802 - 02,20200408,"학교 분류식하수관로 연결사업(남부, 해운대지원청 일원) 기본 및 실시설계용역(개찰1순위)",부산광역시,PQ,1611000000,1622244800,100.6980012,도화+한진+조은,97.57,1297250000,101.2187,N
20200409802 - 02,20200408,"학교 분류식하수관로 연결사업(남부, 해운대지원청 일원) 기본 및 실시설계용역(개찰1순위)",부산광역시,PQ,1611000000,1622244800,100.6980012,한종+삼영+동부+미래,97.45,1264000000,98.5253,N
20200409802 - 02,20200408,"학교 분류식하수관로 연결사업(남부, 해운대지원청 일원) 기본 및 실시설계용역(개찰1순위)",부산광역시,PQ,1611000000,1622244800,100.6980012,이산+거원+HM,97.44,1302700000,101.5418,N
20200409802 - 02,20200408,"학교 분류식하수관로 연결사업(남부, 해운대지원청 일원) 기본 및 실시설계용역(개찰1순위)",부산광역시,PQ,1611000000,1622244800,100.6980012,범한+신명+나우+우성,97.43,1301100000,101.4044,N
20200409802 - 02,20200408,"학교 분류식하수관로 연결사업(남부, 해운대지원청 일원) 기본 및 실시설계용역(개찰1순위)",부산광역시,PQ,1611000000,1622244800,100.6980012,제일+세일+한림,97.18,1308800000,101.8,N
20200409802 - 02,20200408,"학교 분류식하수관로 연결사업(남부, 해운대지원청 일원) 기본 및 실시설계용역(개찰1순위)",부산광역시,PQ,1611000000,1622244800,100.6980012,유신+경동+경성+정인,96.79,1317880000,102.1861,N
20200409802 - 02,20200408,"학교 분류식하수관로 연결사업(남부, 해운대지원청 일원) 기본 및 실시설계용역(개찰1순위)",부산광역시,PQ,1611000000,1622244800,100.6980012,HEC+서영+이화+원일,96.48,1319000000,102.0181,N
20200409802 - 02,20200408,"학교 분류식하수관로 연결사업(남부, 해운대지원청 일원) 기본 및 실시설계용역(개찰1순위)",부산광역시,PQ,1611000000,1622244800,100.6980012,선진+대진+에이플러스,96.42,1312230000,101.4439,N
20200409802 - 02,20200408,"학교 분류식하수관로 연결사업(남부, 해운대지원청 일원) 기본 및 실시설계용역(개찰1순위)",부산광역시,PQ,1611000000,1622244800,100.6980012,건양+화신+화인+CM,96.3,1278626000,98.76,N
20200412589 - 01,20200408,도포지구 농어촌 지방상수도 개발사업 기본 및 실시설계 용역,전라남도 영암군 수도사업소,PQ,397357000,391797050,98.60076707,삼안+동아,98.34,345400000,100.0338,N
20200412589 - 01,20200408,도포지구 농어촌 지방상수도 개발사업 기본 및 실시설계 용역,전라남도 영암군 수도사업소,PQ,397357000,391797050,98.60076707,범한+신명,98.33,345200000,99.9759,N
20200412589 - 01,20200408,도포지구 농어촌 지방상수도 개발사업 기본 및 실시설계 용역,전라남도 영암군 수도사업소,PQ,397357000,391797050,98.60076707,도화+우리,97.98,347630000,100.6449,N
20200412589 - 01,20200408,도포지구 농어촌 지방상수도 개발사업 기본 및 실시설계 용역,전라남도 영암군 수도사업소,PQ,397357000,391797050,98.60076707,제일+우빈,97.88,344240000,99.652,N
20200412589 - 01,20200408,도포지구 농어촌 지방상수도 개발사업 기본 및 실시설계 용역,전라남도 영암군 수도사업소,PQ,397357000,391797050,98.60076707,동명+하이콘,97.54,344700000,99.7622,N
20200412589 - 01,20200408,도포지구 농어촌 지방상수도 개발사업 기본 및 실시설계 용역,전라남도 영암군 수도사업소,PQ,397357000,391797050,98.60076707,건화+원우(서진),97.3,348600000,100.8677,N
20200412589 - 01,20200408,도포지구 농어촌 지방상수도 개발사업 기본 및 실시설계 용역,전라남도 영암군 수도사업소,PQ,397357000,391797050,98.60076707,이산+한기,97.29,342590000,99.1173,Y
20200412589 - 01,20200408,도포지구 농어촌 지방상수도 개발사업 기본 및 실시설계 용역,전라남도 영암군 수도사업소,PQ,397357000,391797050,98.60076707,KG+산하,96.01,342993000,99.1199,N
20200412589 - 01,20200408,도포지구 농어촌 지방상수도 개발사업 기본 및 실시설계 용역,전라남도 영암군 수도사업소,PQ,397357000,391797050,98.60076707,선진+건영,95.95,349640000,101.0292,N
20200412589 - 01,20200408,도포지구 농어촌 지방상수도 개발사업 기본 및 실시설계 용역,전라남도 영암군 수도사업소,PQ,397357000,391797050,98.60076707,한종+우영,95.94,345200000,99.7463,N
20200412589 - 01,20200408,도포지구 농어촌 지방상수도 개발사업 기본 및 실시설계 용역,전라남도 영암군 수도사업소,PQ,397357000,391797050,98.60076707,화신+서남,95.84,348748000,100.7599,N
20200412360 - 00,20200408,울산미포국가산단(제3분구) 완충저류시설 설치사업 기본 및 실시설계 용역,울산광역시,PQ,1599300000,1627287800,101.7500031,동명+신흥,97.26,1278073000,100.1749,N
20200412360 - 00,20200408,울산미포국가산단(제3분구) 완충저류시설 설치사업 기본 및 실시설계 용역,울산광역시,PQ,1599300000,1627287800,101.7500031,한종,97.08,1294500000,101.3481,N
20200412360 - 00,20200408,울산미포국가산단(제3분구) 완충저류시설 설치사업 기본 및 실시설계 용역,울산광역시,PQ,1599300000,1627287800,101.7500031,도화+한신+성지,96.64,1272300000,99.2496,N
20200412360 - 00,20200408,울산미포국가산단(제3분구) 완충저류시설 설치사업 기본 및 실시설계 용역,울산광역시,PQ,1599300000,1627287800,101.7500031,건화(부광+태산),95.89,1290000000,100.0314,N
20200412360 - 00,20200408,울산미포국가산단(제3분구) 완충저류시설 설치사업 기본 및 실시설계 용역,울산광역시,PQ,1599300000,1627287800,101.7500031,이산+CM+제일,95.58,1316880000,101.8757,Y
20200411718 - 00,20200408,신분당선 광교~호매실 건설사업 타당성조사 및 기본계획,국토교통부,종심제,1681997000,1678099025,99.76825315,삼보+동명+서현,89.78,1328700000,78.9954,Y
20200411718 - 00,20200408,신분당선 광교~호매실 건설사업 타당성조사 및 기본계획,국토교통부,종심제,1681997000,1678099025,99.76825315,태조+삼안+건화+동해,88.8822,1337000000,79.4888,N
20200411718 - 00,20200408,신분당선 광교~호매실 건설사업 타당성조사 및 기본계획,국토교통부,종심제,1681997000,1678099025,99.76825315,도화+KRTC+유신+동부,87.9844,1333000000,79.251,N
20200414077 - 01,20200408,이화-삼계간(2) 도로확포장공사 사후환경영향조사 용역,경기도,PQ,1680000000,1685548200,100.33025,신성+한맥+효산,98.9,1327000000,100.3597,Y
20200414077 - 01,20200408,이화-삼계간(2) 도로확포장공사 사후환경영향조사 용역,경기도,PQ,1680000000,1685548200,100.33025,동명+한기+자연과사람,98.7,1331000000,100.4962,N
20200414077 - 01,20200408,이화-삼계간(2) 도로확포장공사 사후환경영향조사 용역,경기도,PQ,1680000000,1685548200,100.33025,동부+홍익+태영,98.5,1335730000,100.7001,N
20200414077 - 01,20200408,이화-삼계간(2) 도로확포장공사 사후환경영향조사 용역,경기도,PQ,1680000000,1685548200,100.33025,KG+평화+휴먼,98.44,1315172000,99.1,N
20200414077 - 01,20200408,이화-삼계간(2) 도로확포장공사 사후환경영향조사 용역,경기도,PQ,1680000000,1685548200,100.33025,도화+신일,98.31,1331100000,100.1861,N
20200414077 - 01,20200408,이화-삼계간(2) 도로확포장공사 사후환경영향조사 용역,경기도,PQ,1680000000,1685548200,100.33025,선진+건일+동해+CNS,98.25,1332180000,100.2293,N
20200414077 - 01,20200408,이화-삼계간(2) 도로확포장공사 사후환경영향조사 용역,경기도,PQ,1680000000,1685548200,100.33025,동성+퍼스트,98.24,1317200000,99.0897,N
20200414077 - 01,20200408,이화-삼계간(2) 도로확포장공사 사후환경영향조사 용역,경기도,PQ,1680000000,1685548200,100.33025,서영+엔탑+세광,98.21,1342300000,100.9524,N
20200414077 - 01,20200408,이화-삼계간(2) 도로확포장공사 사후환경영향조사 용역,경기도,PQ,1680000000,1685548200,100.33025,건화+디에스,98.2,1344000000,101.0675,N
20200414077 - 01,20200408,이화-삼계간(2) 도로확포장공사 사후환경영향조사 용역,경기도,PQ,1680000000,1685548200,100.33025,한종+중천,98.07,1314900000,98.7794,N
20200414077 - 01,20200408,이화-삼계간(2) 도로확포장공사 사후환경영향조사 용역,경기도,PQ,1680000000,1685548200,100.33025,경호+현대,98.04,1349388000,101.3447,N
20200414077 - 01,20200408,이화-삼계간(2) 도로확포장공사 사후환경영향조사 용역,경기도,PQ,1680000000,1685548200,100.33025,수성+보드플랜,97.93,1351317000,101.4,N
20200414077 - 01,20200408,이화-삼계간(2) 도로확포장공사 사후환경영향조사 용역,경기도,PQ,1680000000,1685548200,100.33025,동아+마린,97.91,1348800000,101.1984,N
20200414077 - 01,20200408,이화-삼계간(2) 도로확포장공사 사후환경영향조사 용역,경기도,PQ,1680000000,1685548200,100.33025,이산+한국환경,97.76,1314880000,98.5292,N
20200414077 - 01,20200408,이화-삼계간(2) 도로확포장공사 사후환경영향조사 용역,경기도,PQ,1680000000,1685548200,100.33025,경동+국토환경,97.73,1314520000,98.4774,N
20200414077 - 01,20200408,이화-삼계간(2) 도로확포장공사 사후환경영향조사 용역,경기도,PQ,1680000000,1685548200,100.33025,화신+동일+레오,97.67,1352190000,101.2485,N
20200414077 - 01,20200408,이화-삼계간(2) 도로확포장공사 사후환경영향조사 용역,경기도,PQ,1680000000,1685548200,100.33025,삼안+우신,97.64,1358390000,101.6872,N
20200414077 - 01,20200408,이화-삼계간(2) 도로확포장공사 사후환경영향조사 용역,경기도,PQ,1680000000,1685548200,100.33025,다산+연컨,97.63,1356480000,101.5442,N
20200414077 - 01,20200408,이화-삼계간(2) 도로확포장공사 사후환경영향조사 용역,경기도,PQ,1680000000,1685548200,100.33025,천일+소운,97.63,1355790000,101.4925,N
20200414077 - 01,20200408,이화-삼계간(2) 도로확포장공사 사후환경영향조사 용역,경기도,PQ,1680000000,1685548200,100.33025,유신+KCI+대한환경,96.15,1382903000,102.3,N
20200414004 - 00,20200408,사천 빗물펌프장 유입관로 신설공사 감독권한대행 등 건설사업관리용역 ,서울특별시 도시기반시설본부,PQ,1566000000,1572412775,100.4095003,범한+천일+한맥,99.9,1229800000,100.5973,Y
20200414004 - 00,20200408,사천 빗물펌프장 유입관로 신설공사 감독권한대행 등 건설사업관리용역 ,서울특별시 도시기반시설본부,PQ,1566000000,1572412775,100.4095003,동해+신명+이산,99.6,1222650000,99.7696,N
20200414004 - 00,20200408,사천 빗물펌프장 유입관로 신설공사 감독권한대행 등 건설사업관리용역 ,서울특별시 도시기반시설본부,PQ,1566000000,1572412775,100.4095003,대콘+수성+하나,99.41,1220560000,99.4466,N
20200414004 - 00,20200408,사천 빗물펌프장 유입관로 신설공사 감독권한대행 등 건설사업관리용역 ,서울특별시 도시기반시설본부,PQ,1566000000,1572412775,100.4095003,도화+다산+태성,99.24,1239330000,100.8344,N
20200414004 - 00,20200408,사천 빗물펌프장 유입관로 신설공사 감독권한대행 등 건설사업관리용역 ,서울특별시 도시기반시설본부,PQ,1566000000,1572412775,100.4095003,동일+다음+한종,99,1219000000,98.9911,N
20200414004 - 00,20200408,사천 빗물펌프장 유입관로 신설공사 감독권한대행 등 건설사업관리용역 ,서울특별시 도시기반시설본부,PQ,1566000000,1572412775,100.4095003,건화+진우,98.84,1250400000,101.3991,N
20200414004 - 00,20200408,사천 빗물펌프장 유입관로 신설공사 감독권한대행 등 건설사업관리용역 ,서울특별시 도시기반시설본부,PQ,1566000000,1572412775,100.4095003,극동+삼우,98.84,1216622000,98.66,N
20200414004 - 00,20200408,사천 빗물펌프장 유입관로 신설공사 감독권한대행 등 건설사업관리용역 ,서울특별시 도시기반시설본부,PQ,1566000000,1572412775,100.4095003,삼안+경동+유신,98.5,1256420000,101.6163,N
20200414004 - 00,20200408,사천 빗물펌프장 유입관로 신설공사 감독권한대행 등 건설사업관리용역 ,서울특별시 도시기반시설본부,PQ,1566000000,1572412775,100.4095003,동명+한미,97.99,1265100000,101.8925,N
20200414004 - 00,20200408,사천 빗물펌프장 유입관로 신설공사 감독권한대행 등 건설사업관리용역 ,서울특별시 도시기반시설본부,PQ,1566000000,1572412775,100.4095003,KCM+태조+동성,97.95,1512000000,121.732,N
20200413798 - 00,20200408,2016년 태풍 차바 재해복구사업 분석평가 용역,울산광역시 울주군,PQ,738870000,747767900,101.2042579,도화+KSM,99.06,635825000,100.4069,N
20200413798 - 00,20200408,2016년 태풍 차바 재해복구사업 분석평가 용역,울산광역시 울주군,PQ,738870000,747767900,101.2042579,동부+경동,98.26,633116000,99.7695,N
20200413798 - 00,20200408,2016년 태풍 차바 재해복구사업 분석평가 용역,울산광역시 울주군,PQ,738870000,747767900,101.2042579,이산+경화,98.13,639170000,100.6884,N
20200413798 - 00,20200408,2016년 태풍 차바 재해복구사업 분석평가 용역,울산광역시 울주군,PQ,738870000,747767900,101.2042579,유신,98.08,640950000,100.957,N
20200413798 - 00,20200408,2016년 태풍 차바 재해복구사업 분석평가 용역,울산광역시 울주군,PQ,738870000,747767900,101.2042579,KG+동진,98.04,631646000,99.48,N
20200413798 - 00,20200408,2016년 태풍 차바 재해복구사업 분석평가 용역,울산광역시 울주군,PQ,738870000,747767900,101.2042579,한종,98.03,630300000,99.268,N
20200413798 - 00,20200408,2016년 태풍 차바 재해복구사업 분석평가 용역,울산광역시 울주군,PQ,738870000,747767900,101.2042579,동성+조화,97.67,642400000,101.0796,N
20200413798 - 00,20200408,2016년 태풍 차바 재해복구사업 분석평가 용역,울산광역시 울주군,PQ,738870000,747767900,101.2042579,삼안+진화,97.18,628980000,98.8416,N
20200413798 - 00,20200408,2016년 태풍 차바 재해복구사업 분석평가 용역,울산광역시 울주군,PQ,738870000,747767900,101.2042579,건화+동서,97.18,644300000,101.249,Y
20200413798 - 00,20200408,2016년 태풍 차바 재해복구사업 분석평가 용역,울산광역시 울주군,PQ,738870000,747767900,101.2042579,경호+수성,97.07,660000000,103.6921,N
20200413798 - 00,20200408,2016년 태풍 차바 재해복구사업 분석평가 용역,울산광역시 울주군,PQ,738870000,747767900,101.2042579,화신+현대,96.46,629794000,98.7974,N
20200412649 - 00,20200409,남천(군위지구) 하천재해예방사업 건설사업관리용역,경상북도,PQ,1544000000,1543004175,99.93550356,극동+다산,100,1198341000,99.5099,N
20200412649 - 00,20200409,남천(군위지구) 하천재해예방사업 건설사업관리용역,경상북도,PQ,1544000000,1543004175,99.93550356,동성+우리,100,1197620000,99.45,N
20200412649 - 00,20200409,남천(군위지구) 하천재해예방사업 건설사업관리용역,경상북도,PQ,1544000000,1543004175,99.93550356,유신+해동,100,1202075000,99.82,N
20200412649 - 00,20200409,남천(군위지구) 하천재해예방사업 건설사업관리용역,경상북도,PQ,1544000000,1543004175,99.93550356,한종+동진,100,1198500000,99.5231,N
20200412649 - 00,20200409,남천(군위지구) 하천재해예방사업 건설사업관리용역,경상북도,PQ,1544000000,1543004175,99.93550356,동부+중앙방재,99.81,1213245000,100.5799,Y
20200412649 - 00,20200409,남천(군위지구) 하천재해예방사업 건설사업관리용역,경상북도,PQ,1544000000,1543004175,99.93550356,천일+강산,99.78,1220430000,101.1496,N
20200412649 - 00,20200409,남천(군위지구) 하천재해예방사업 건설사업관리용역,경상북도,PQ,1544000000,1543004175,99.93550356,도화+보원,99.77,1217700000,100.9234,N
20200412649 - 00,20200409,남천(군위지구) 하천재해예방사업 건설사업관리용역,경상북도,PQ,1544000000,1543004175,99.93550356,경원+대성,99.62,1221820000,101.1354,N
20200412649 - 00,20200409,남천(군위지구) 하천재해예방사업 건설사업관리용역,경상북도,PQ,1544000000,1543004175,99.93550356,건화+한도,99.6,1219000000,100.8891,N
20200412649 - 00,20200409,남천(군위지구) 하천재해예방사업 건설사업관리용역,경상북도,PQ,1544000000,1543004175,99.93550356,삼보+태조,99.6,1217180000,100.7385,N
20200412649 - 00,20200409,남천(군위지구) 하천재해예방사업 건설사업관리용역,경상북도,PQ,1544000000,1543004175,99.93550356,서영+세원,99.6,1197990000,99.1502,N
20200412649 - 00,20200409,남천(군위지구) 하천재해예방사업 건설사업관리용역,경상북도,PQ,1544000000,1543004175,99.93550356,수성+청명,99.6,1195599999,98.9524,N
20200412649 - 00,20200409,남천(군위지구) 하천재해예방사업 건설사업관리용역,경상북도,PQ,1544000000,1543004175,99.93550356,이산+금일,99.54,1193220000,98.705,N
20200412649 - 00,20200409,남천(군위지구) 하천재해예방사업 건설사업관리용역,경상북도,PQ,1544000000,1543004175,99.93550356,삼안+한백,99.52,1225400000,101.354,N
20200412649 - 00,20200409,남천(군위지구) 하천재해예방사업 건설사업관리용역,경상북도,PQ,1544000000,1543004175,99.93550356,동명+건일,99.5,1200000000,99.2405,N
20200412649 - 00,20200409,남천(군위지구) 하천재해예방사업 건설사업관리용역,경상북도,PQ,1544000000,1543004175,99.93550356,KCM+다음,99.49,1194200000,98.7482,N
20200412649 - 00,20200409,남천(군위지구) 하천재해예방사업 건설사업관리용역,경상북도,PQ,1544000000,1543004175,99.93550356,경동+동아,99.44,1221778000,100.99,N
20200412649 - 00,20200409,남천(군위지구) 하천재해예방사업 건설사업관리용역,경상북도,PQ,1544000000,1543004175,99.93550356,평화+새길,99.41,1231890000,101.7998,N
20200412649 - 00,20200409,남천(군위지구) 하천재해예방사업 건설사업관리용역,경상북도,PQ,1544000000,1543004175,99.93550356,선진+청우,99.4,1194530000,98.6999,N
20200412649 - 00,20200409,남천(군위지구) 하천재해예방사업 건설사업관리용역,경상북도,PQ,1544000000,1543004175,99.93550356,화신+KCI,99.2,1195899000,98.6494,N
20200412649 - 00,20200409,남천(군위지구) 하천재해예방사업 건설사업관리용역,경상북도,PQ,1544000000,1543004175,99.93550356,대콘+명성,99.14,1234500000,101.7818,N
20200412649 - 00,20200409,남천(군위지구) 하천재해예방사업 건설사업관리용역,경상북도,PQ,1544000000,1543004175,99.93550356,신명+승보,98.95,1237535100,101.8764,N
2001308 - 00,20200409,고양창릉 공공주택지구 기본계획 및 기본설계 용역,한국토지주택공사,종심제,18750919000,18862726000,100.5962748,건화+동명+대콘+경호+동부+동부(BIM 분담),92.0729,14960000000,79.7828,Y
2001308 - 00,20200409,고양창릉 공공주택지구 기본계획 및 기본설계 용역,한국토지주택공사,종심제,18750919000,18862726000,100.5962748,수성+경동+도화+KG+제일,91.0729,15051300000,80.2697,N
2001308 - 00,20200409,고양창릉 공공주택지구 기본계획 및 기본설계 용역,한국토지주택공사,종심제,18750919000,18862726000,100.5962748,유신+삼안+서영+동일+신성,90.0729,15191000000,81.0147,N
2001317 - 00,20200409,고양창릉 공공주택지구 교통영향평가용역,한국토지주택공사,PQ,842919000,839722000,99.62072275,건화,99.9,725780000,100.676,N
2001317 - 00,20200409,고양창릉 공공주택지구 교통영향평가용역,한국토지주택공사,PQ,842919000,839722000,99.62072275,한종,99.3,720100000,99.7132,Y
2001317 - 00,20200409,고양창릉 공공주택지구 교통영향평가용역,한국토지주택공사,PQ,842919000,839722000,99.62072275,도화,98.8,719700000,99.5185,N
2001317 - 00,20200409,고양창릉 공공주택지구 교통영향평가용역,한국토지주택공사,PQ,842919000,839722000,99.62072275,동명,98.5,725200000,100.1856,N
2001317 - 00,20200409,고양창릉 공공주택지구 교통영향평가용역,한국토지주택공사,PQ,842919000,839722000,99.62072275,유신,97.83,721083000,99.42,N
2001317 - 00,20200409,고양창릉 공공주택지구 교통영향평가용역,한국토지주택공사,PQ,842919000,839722000,99.62072275,서영,97.2,734180000,101.0496,N
2001317 - 00,20200409,고양창릉 공공주택지구 교통영향평가용역,한국토지주택공사,PQ,842919000,839722000,99.62072275,삼안,97.1,736450000,101.3268,N
2001317 - 00,20200409,고양창릉 공공주택지구 교통영향평가용역,한국토지주택공사,PQ,842919000,839722000,99.62072275,KG,96.3,737089000,101.18,N
2001317 - 00,20200409,고양창릉 공공주택지구 교통영향평가용역,한국토지주택공사,PQ,842919000,839722000,99.62072275,평화,96.07,738400000,101.2896,N
2001317 - 00,20200409,고양창릉 공공주택지구 교통영향평가용역,한국토지주택공사,PQ,842919000,839722000,99.62072275,수성,96,740740000,101.5989,N
20200415914 - 00,20200409,순화 우수저류시설 설치사업 기본 및 실시설계 용역,전라북도 순창군,PQ,539308000,535700075,99.33100844,한종+국성,98.7,471280000,100.5998,N
20200415914 - 00,20200409,순화 우수저류시설 설치사업 기본 및 실시설계 용역,전라북도 순창군,PQ,539308000,535700075,99.33100844,도화+한가람,98.37,465300000,99.3005,N
20200415914 - 00,20200409,순화 우수저류시설 설치사업 기본 및 실시설계 용역,전라북도 순창군,PQ,539308000,535700075,99.33100844,화신+더한,97.6,470197000,100.2648,N
20200415914 - 00,20200409,순화 우수저류시설 설치사업 기본 및 실시설계 용역,전라북도 순창군,PQ,539308000,535700075,99.33100844,삼안+조화,97.38,466400000,99.4322,Y
20200415914 - 00,20200409,순화 우수저류시설 설치사업 기본 및 실시설계 용역,전라북도 순창군,PQ,539308000,535700075,99.33100844,이산+JCN+인우,96.49,466450000,99.3629,N
20200415914 - 00,20200409,순화 우수저류시설 설치사업 기본 및 실시설계 용역,전라북도 순창군,PQ,539308000,535700075,99.33100844,건화+세화+동서,96.18,475200000,101.192,N
20200415914 - 00,20200409,순화 우수저류시설 설치사업 기본 및 실시설계 용역,전라북도 순창군,PQ,539308000,535700075,99.33100844,동성+범산,95.25,465100000,98.9503,N
20200416766 - 02,20200410,향남공공하수처리시설 증설공사 기본 및 실시설계용역,경기도 화성시 맑은물사업소,PQ,985580000,978722900,99.30425739,건화+동명+동성,99.43,847890000,100.4725,N
20200416766 - 02,20200410,향남공공하수처리시설 증설공사 기본 및 실시설계용역,경기도 화성시 맑은물사업소,PQ,985580000,978722900,99.30425739,건양+동부+KCI,98.06,841863100,99.41,N
20200416766 - 02,20200410,향남공공하수처리시설 증설공사 기본 및 실시설계용역,경기도 화성시 맑은물사업소,PQ,985580000,978722900,99.30425739,삼안+수성,97.93,847770000,100.0726,N
20200416766 - 02,20200410,향남공공하수처리시설 증설공사 기본 및 실시설계용역,경기도 화성시 맑은물사업소,PQ,985580000,978722900,99.30425739,이산+유신,97.9,853480000,100.7349,N
20200416766 - 02,20200410,향남공공하수처리시설 증설공사 기본 및 실시설계용역,경기도 화성시 맑은물사업소,PQ,985580000,978722900,99.30425739,한종+서광,97.87,845300000,99.7694,N
20200416766 - 02,20200410,향남공공하수처리시설 증설공사 기본 및 실시설계용역,경기도 화성시 맑은물사업소,PQ,985580000,978722900,99.30425739,범한+지유,97.86,852400000,100.5957,N
20200416766 - 02,20200410,향남공공하수처리시설 증설공사 기본 및 실시설계용역,경기도 화성시 맑은물사업소,PQ,985580000,978722900,99.30425739,KG+경동,97.83,841590000,99.32,Y
20200416766 - 02,20200410,향남공공하수처리시설 증설공사 기본 및 실시설계용역,경기도 화성시 맑은물사업소,PQ,985580000,978722900,99.30425739,선진+경화,97.67,839100000,98.98,N
20200416766 - 02,20200410,향남공공하수처리시설 증설공사 기본 및 실시설계용역,경기도 화성시 맑은물사업소,PQ,985580000,978722900,99.30425739,도화+경호,97.66,860300000,101.4808,N
20200416766 - 02,20200410,향남공공하수처리시설 증설공사 기본 및 실시설계용역,경기도 화성시 맑은물사업소,PQ,985580000,978722900,99.30425739,제일+서영,97.63,837930000,98.8305,N
20200416766 - 02,20200410,향남공공하수처리시설 증설공사 기본 및 실시설계용역,경기도 화성시 맑은물사업소,PQ,985580000,978722900,99.30425739,화신+용마,95.4,881940000,103.4322,N
20200416712 - 03,20200410,남양하수처리구역 하수관로 설치공사 기본 및 실시설계용역,경기도 화성시 맑은물사업소,PQ,831825000,825178775,99.20100682,건화+동명+동성,99.56,715000000,100.4213,N
20200416712 - 03,20200410,남양하수처리구역 하수관로 설치공사 기본 및 실시설계용역,경기도 화성시 맑은물사업소,PQ,831825000,825178775,99.20100682,건양+동부+KCI,98,710611000,99.41,N
20200416712 - 03,20200410,남양하수처리구역 하수관로 설치공사 기본 및 실시설계용역,경기도 화성시 맑은물사업소,PQ,831825000,825178775,99.20100682,KG+경동,97.97,710766000,99.4201,N
20200416712 - 03,20200410,남양하수처리구역 하수관로 설치공사 기본 및 실시설계용역,경기도 화성시 맑은물사업소,PQ,831825000,825178775,99.20100682,한종+서광,97.83,713900000,99.8236,N
20200416712 - 03,20200410,남양하수처리구역 하수관로 설치공사 기본 및 실시설계용역,경기도 화성시 맑은물사업소,PQ,831825000,825178775,99.20100682,도화+경호,97.82,721270000,100.8541,N
20200416712 - 03,20200410,남양하수처리구역 하수관로 설치공사 기본 및 실시설계용역,경기도 화성시 맑은물사업소,PQ,831825000,825178775,99.20100682,삼안+수성,97.8,708620000,99.0738,N
20200416712 - 03,20200410,남양하수처리구역 하수관로 설치공사 기본 및 실시설계용역,경기도 화성시 맑은물사업소,PQ,831825000,825178775,99.20100682,이산+유신,97.8,709590000,99.2094,Y
20200416712 - 03,20200410,남양하수처리구역 하수관로 설치공사 기본 및 실시설계용역,경기도 화성시 맑은물사업소,PQ,831825000,825178775,99.20100682,제일+서영,97.73,723900000,101.1983,N
20200416712 - 03,20200410,남양하수처리구역 하수관로 설치공사 기본 및 실시설계용역,경기도 화성시 맑은물사업소,PQ,831825000,825178775,99.20100682,선진+경화,97.7,724570000,101.2802,N
20200416712 - 03,20200410,남양하수처리구역 하수관로 설치공사 기본 및 실시설계용역,경기도 화성시 맑은물사업소,PQ,831825000,825178775,99.20100682,범한+지유,97.59,707800000,98.9016,N
20200416712 - 03,20200410,남양하수처리구역 하수관로 설치공사 기본 및 실시설계용역,경기도 화성시 맑은물사업소,PQ,831825000,825178775,99.20100682,화신+용마,95.16,744000000,103.3234,N
20200416612 - 00,20200410,덕포일반산업단지 조성공사 건설사업관리용역,경상남도,SOQ,5733000000,5754527475,100.375501,도화+한올+금성,97.59,4300803000,100.635,Y
20200416612 - 00,20200410,덕포일반산업단지 조성공사 건설사업관리용역,경상남도,SOQ,5733000000,5754527475,100.375501,건화+한성+한가람이엔씨,96.36,4282043000,99.1585,N
20200416612 - 00,20200410,덕포일반산업단지 조성공사 건설사업관리용역,경상남도,SOQ,5733000000,5754527475,100.375501,다산+신화+재화,96.33,4405225000,101.9839,N
20200416612 - 00,20200410,덕포일반산업단지 조성공사 건설사업관리용역,경상남도,SOQ,5733000000,5754527475,100.375501,한종+KG+KSM+경화+로텍,94.75,4465000000,102.0004,N
20200416612 - 00,20200410,덕포일반산업단지 조성공사 건설사업관리용역,경상남도,SOQ,5733000000,5754527475,100.375501,동명+우진,94.1,4507200000,102.4012,N
20200416612 - 00,20200410,덕포일반산업단지 조성공사 건설사업관리용역,경상남도,SOQ,5733000000,5754527475,100.375501,삼안+천진,93.7,4526500000,102.4926,N
20200416398 - 00,20200410,횡성 우천일반산업단지 조성사업 사후환경영향 조사용역,강원도 횡성군,PQ,679119000,678696300,99.93775759,도화+삼경+대현,99.13,581423000,99.9058,N
20200416398 - 00,20200410,횡성 우천일반산업단지 조성사업 사후환경영향 조사용역,강원도 횡성군,PQ,679119000,678696300,99.93775759,건화+경원+퍼스트,99.09,583200000,100.1995,Y
20200416398 - 00,20200410,횡성 우천일반산업단지 조성사업 사후환경영향 조사용역,강원도 횡성군,PQ,679119000,678696300,99.93775759,동아+경호+신일,99.04,580000000,99.6381,N
20200416398 - 00,20200410,횡성 우천일반산업단지 조성사업 사후환경영향 조사용역,강원도 횡성군,PQ,679119000,678696300,99.93775759,동성+서광+DS,98.97,578681000,99.3999,N
20200416398 - 00,20200410,횡성 우천일반산업단지 조성사업 사후환경영향 조사용역,강원도 횡성군,PQ,679119000,678696300,99.93775759,수성+일신+레오,98.97,583280000,100.1898,N
20200416398 - 00,20200410,횡성 우천일반산업단지 조성사업 사후환경영향 조사용역,강원도 횡성군,PQ,679119000,678696300,99.93775759,다산+자연과사람,98.91,580400000,99.6835,N
20200416398 - 00,20200410,횡성 우천일반산업단지 조성사업 사후환경영향 조사용역,강원도 횡성군,PQ,679119000,678696300,99.93775759,신성+그린,98.91,584980000,100.4701,N
20200416398 - 00,20200410,횡성 우천일반산업단지 조성사업 사후환경영향 조사용역,강원도 횡성군,PQ,679119000,678696300,99.93775759,이산+한국환경,98.91,576360000,98.9897,N
20200416398 - 00,20200410,횡성 우천일반산업단지 조성사업 사후환경영향 조사용역,강원도 횡성군,PQ,679119000,678696300,99.93775759,선진+중천,98.89,586830000,100.7761,N
20200416398 - 00,20200410,횡성 우천일반산업단지 조성사업 사후환경영향 조사용역,강원도 횡성군,PQ,679119000,678696300,99.93775759,동명+진화+IK,98.87,586700000,100.7538,N
20200416398 - 00,20200410,횡성 우천일반산업단지 조성사업 사후환경영향 조사용역,강원도 횡성군,PQ,679119000,678696300,99.93775759,동일+정+다원,98.85,579699000,99.5399,N
20200416398 - 00,20200410,횡성 우천일반산업단지 조성사업 사후환경영향 조사용역,강원도 횡성군,PQ,679119000,678696300,99.93775759,우신+홍익,98.84,581747000,99.8916,N
20200416398 - 00,20200410,횡성 우천일반산업단지 조성사업 사후환경영향 조사용역,강원도 횡성군,PQ,679119000,678696300,99.93775759,평화+동서+CNS,98.79,580300000,99.6315,N
20200416398 - 00,20200410,횡성 우천일반산업단지 조성사업 사후환경영향 조사용역,강원도 횡성군,PQ,679119000,678696300,99.93775759,화신+서영+신일환경,98.78,578778000,99.3702,N
20200416398 - 00,20200410,횡성 우천일반산업단지 조성사업 사후환경영향 조사용역,강원도 횡성군,PQ,679119000,678696300,99.93775759,천일+백두,98.71,587190000,100.7909,N
20200416398 - 00,20200410,횡성 우천일반산업단지 조성사업 사후환경영향 조사용역,강원도 횡성군,PQ,679119000,678696300,99.93775759,동부+미래+태영,98.58,586795000,100.6879,N
20200416398 - 00,20200410,횡성 우천일반산업단지 조성사업 사후환경영향 조사용역,강원도 횡성군,PQ,679119000,678696300,99.93775759,한맥+동해+마린,98.57,590140000,101.2619,N
20200416398 - 00,20200410,횡성 우천일반산업단지 조성사업 사후환경영향 조사용역,강원도 횡성군,PQ,679119000,678696300,99.93775759,삼안+세현+국일,98.55,576400000,98.9042,N
20200416398 - 00,20200410,횡성 우천일반산업단지 조성사업 사후환경영향 조사용역,강원도 횡성군,PQ,679119000,678696300,99.93775759,KG+강원길+휴먼,97.79,576232000,98.6799,N
20200416620 - 02,20200410,우정하수처리구역 하수관로 설치공사 기본 및 실시설계용역 ,경기도 화성시 맑은물사업소,PQ,671271000,665390700,99.12400506,건화+동명+동성,99.52,578400000,100.6541,N
20200416620 - 02,20200410,우정하수처리구역 하수관로 설치공사 기본 및 실시설계용역 ,경기도 화성시 맑은물사업소,PQ,671271000,665390700,99.12400506,KG+경동,98.04,574434000,99.58,N
20200416620 - 02,20200410,우정하수처리구역 하수관로 설치공사 기본 및 실시설계용역 ,경기도 화성시 맑은물사업소,PQ,671271000,665390700,99.12400506,건양+동부+KCI,98,573453000,99.41,Y
20200416620 - 02,20200410,우정하수처리구역 하수관로 설치공사 기본 및 실시설계용역 ,경기도 화성시 맑은물사업소,PQ,671271000,665390700,99.12400506,이산+유신,97.93,574700000,99.6029,N
20200416620 - 02,20200410,우정하수처리구역 하수관로 설치공사 기본 및 실시설계용역 ,경기도 화성시 맑은물사업소,PQ,671271000,665390700,99.12400506,제일+서영,97.86,580580000,100.5986,N
20200416620 - 02,20200410,우정하수처리구역 하수관로 설치공사 기본 및 실시설계용역 ,경기도 화성시 맑은물사업소,PQ,671271000,665390700,99.12400506,범한+지유,97.82,580300000,100.5501,N
20200416620 - 02,20200410,우정하수처리구역 하수관로 설치공사 기본 및 실시설계용역 ,경기도 화성시 맑은물사업소,PQ,671271000,665390700,99.12400506,도화+경호,97.78,582100000,100.8503,N
20200416620 - 02,20200410,우정하수처리구역 하수관로 설치공사 기본 및 실시설계용역 ,경기도 화성시 맑은물사업소,PQ,671271000,665390700,99.12400506,한종+서광,97.77,576200000,99.8165,N
20200416620 - 02,20200410,우정하수처리구역 하수관로 설치공사 기본 및 실시설계용역 ,경기도 화성시 맑은물사업소,PQ,671271000,665390700,99.12400506,삼안+수성,97.76,572000000,99.0889,N
20200416620 - 02,20200410,우정하수처리구역 하수관로 설치공사 기본 및 실시설계용역 ,경기도 화성시 맑은물사업소,PQ,671271000,665390700,99.12400506,선진+경화,97.6,584850000,101.2796,N
20200416620 - 02,20200410,우정하수처리구역 하수관로 설치공사 기본 및 실시설계용역 ,경기도 화성시 맑은물사업소,PQ,671271000,665390700,99.12400506,화신+용마,95.03,600000000,103.2192,N
2001328 - 00,20200410,울산야음 공공지원민간임대주택 공급촉진지구 조사설계용역,한국토지주택공사,종심제,4512369000,4542975000,100.678269,동일+유신+삼안+서영+신성,99.8929,3590000000,79.5591,Y
2001328 - 00,20200410,울산야음 공공지원민간임대주택 공급촉진지구 조사설계용역,한국토지주택공사,종심제,4512369000,4542975000,100.678269,대콘+건화+동명+동부+경호,98.8929,3619000000,80.2018,N
2001327 - 00,20200410,여수만흥 공공지원민간임대주택 공급촉진지구 조사설계용역,한국토지주택공사,종심제,4109229000,4064523000,98.91205869,삼안+유신+서영+동일+신성,99.9214,3281300000,79.852,Y
2001327 - 00,20200410,여수만흥 공공지원민간임대주택 공급촉진지구 조사설계용역,한국토지주택공사,종심제,4109229000,4064523000,98.91205869,경호+건화+동명+동부+대콘,98.9214,3279000000,79.796,N
20200417047 - 00,20200410,서귀포시 도시바람길숲 조성사업 기본계획 및 실시설계용역 ,제주특별자치도 서귀포시,PQ,493672000,499527000,101.1860101,선진+해진,97.56,427890000,99.6779,N
20200417047 - 00,20200410,서귀포시 도시바람길숲 조성사업 기본계획 및 실시설계용역 ,제주특별자치도 서귀포시,PQ,493672000,499527000,101.1860101,유신+JPM,97.32,428083000,99.7,N
20200417047 - 00,20200410,서귀포시 도시바람길숲 조성사업 기본계획 및 실시설계용역 ,제주특별자치도 서귀포시,PQ,493672000,499527000,101.1860101,한종+한라,96.85,432100000,100.5893,N
20200417047 - 00,20200410,서귀포시 도시바람길숲 조성사업 기본계획 및 실시설계용역 ,제주특별자치도 서귀포시,PQ,493672000,499527000,101.1860101,도화+제원,96.56,430730000,100.2358,N
20200417047 - 00,20200410,서귀포시 도시바람길숲 조성사업 기본계획 및 실시설계용역 ,제주특별자치도 서귀포시,PQ,493672000,499527000,101.1860101,건화+태신(창조),95.36,426900000,99.2305,N
20200417047 - 00,20200410,서귀포시 도시바람길숲 조성사업 기본계획 및 실시설계용역 ,제주특별자치도 서귀포시,PQ,493672000,499527000,101.1860101,경호+성광,93.89,438428000,101.77,Y
20200417047 - 00,20200410,서귀포시 도시바람길숲 조성사업 기본계획 및 실시설계용역 ,제주특별자치도 서귀포시,PQ,493672000,499527000,101.1860101,화신+한일,89.87,426910000,98.7005,N
20200419115 - 02,20200413,동해시 노후 하수관로 정밀조사 용역(2차),강원도 동해시 상하수도사업소,PQ,567332000,570523275,100.5625057,건화+정,100,484800000,99.9504,N
20200419115 - 02,20200413,동해시 노후 하수관로 정밀조사 용역(2차),강원도 동해시 상하수도사업소,PQ,567332000,570523275,100.5625057,한종+범한,100,484600000,99.9092,N
20200419115 - 02,20200413,동해시 노후 하수관로 정밀조사 용역(2차),강원도 동해시 상하수도사업소,PQ,567332000,570523275,100.5625057,도화+화신,99.77,488630000,100.6694,Y
20200419115 - 02,20200413,동해시 노후 하수관로 정밀조사 용역(2차),강원도 동해시 상하수도사업소,PQ,567332000,570523275,100.5625057,이산+HEC,99.64,483480000,99.5851,N
20200419115 - 02,20200413,동해시 노후 하수관로 정밀조사 용역(2차),강원도 동해시 상하수도사업소,PQ,567332000,570523275,100.5625057,제일+건양,99.55,488770000,100.6512,N
20200419115 - 02,20200413,동해시 노후 하수관로 정밀조사 용역(2차),강원도 동해시 상하수도사업소,PQ,567332000,570523275,100.5625057,KG+영진,99.32,489681000,100.7799,N
20200419115 - 02,20200413,동해시 노후 하수관로 정밀조사 용역(2차),강원도 동해시 상하수도사업소,PQ,567332000,570523275,100.5625057,삼안+수성,99.27,492250000,101.285,N
20200419115 - 02,20200413,동해시 노후 하수관로 정밀조사 용역(2차),강원도 동해시 상하수도사업소,PQ,567332000,570523275,100.5625057,선진+에코,99.1,482330000,99.2091,N
20200419115 - 02,20200413,동해시 노후 하수관로 정밀조사 용역(2차),강원도 동해시 상하수도사업소,PQ,567332000,570523275,100.5625057,동명+삼주,98.78,481300000,98.9164,N
20200417529 - 00,20200413,제천 송계2 공공하수처리시설 설치사업 건설사업관리용역,충청북도 제천시 환경사업소,PQ,600253000,599975425,99.953757,건양+건화,100,512878000,99.9399,N
20200417529 - 00,20200413,제천 송계2 공공하수처리시설 설치사업 건설사업관리용역,충청북도 제천시 환경사업소,PQ,600253000,599975425,99.953757,경원+홍익,100,511880000,99.7455,N
20200417529 - 00,20200413,제천 송계2 공공하수처리시설 설치사업 건설사업관리용역,충청북도 제천시 환경사업소,PQ,600253000,599975425,99.953757,한종+영진,100,513200000,100.0027,Y
20200417529 - 00,20200413,제천 송계2 공공하수처리시설 설치사업 건설사업관리용역,충청북도 제천시 환경사업소,PQ,600253000,599975425,99.953757,범한+도우,100,516060000,100.56,N
20200417529 - 00,20200413,제천 송계2 공공하수처리시설 설치사업 건설사업관리용역,충청북도 제천시 환경사업소,PQ,600253000,599975425,99.953757,도화+지명,100,516400000,100.6262,N
20200417529 - 00,20200413,제천 송계2 공공하수처리시설 설치사업 건설사업관리용역,충청북도 제천시 환경사업소,PQ,600253000,599975425,99.953757,경호+해린,99.84,519840000,101.2492,N
20200417529 - 00,20200413,제천 송계2 공공하수처리시설 설치사업 건설사업관리용역,충청북도 제천시 환경사업소,PQ,600253000,599975425,99.953757,KCM+세광,99.26,524000000,101.9045,N
20200419572 - 00,20200413,괴정천 생태하천복원사업 기본 및 실시설계 용역,부산광역시,PQ,1505900000,1491466000,99.04150342,이산+삼영+세일종합+정인,99.66,1183650000,100.4933,N
20200419572 - 00,20200413,괴정천 생태하천복원사업 기본 및 실시설계 용역,부산광역시,PQ,1505900000,1491466000,99.04150342,한종+KG+조은+나우,99.56,1174400000,99.6188,N
20200419572 - 00,20200413,괴정천 생태하천복원사업 기본 및 실시설계 용역,부산광역시,PQ,1505900000,1491466000,99.04150342,건화+KCI+한가람+미래플랜,99.48,1173000000,99.4365,N
20200419572 - 00,20200413,괴정천 생태하천복원사업 기본 및 실시설계 용역,부산광역시,PQ,1505900000,1491466000,99.04150342,도화+거원+하나+고려,99.46,1183630000,100.3249,N
20200419572 - 00,20200413,괴정천 생태하천복원사업 기본 및 실시설계 용역,부산광역시,PQ,1505900000,1491466000,99.04150342,동명+세일,99.35,1172570000,99.2987,Y
20200419572 - 00,20200413,괴정천 생태하천복원사업 기본 및 실시설계 용역,부산광역시,PQ,1505900000,1491466000,99.04150342,삼안+선일+이화+한맥,99.1,1199000000,101.3301,N
20200419572 - 00,20200413,괴정천 생태하천복원사업 기본 및 실시설계 용역,부산광역시,PQ,1505900000,1491466000,99.04150342,평화+문창+대원,98.88,1171940000,98.8671,N
20200419572 - 00,20200413,괴정천 생태하천복원사업 기본 및 실시설계 용역,부산광역시,PQ,1505900000,1491466000,99.04150342,동부+한진+수성+청출,98.78,1202795000,101.3799,N
20200419572 - 00,20200413,괴정천 생태하천복원사업 기본 및 실시설계 용역,부산광역시,PQ,1505900000,1491466000,99.04150342,유신+다산+경성+투에이치엠,98.6,1207683000,101.65,N
20200419572 - 00,20200413,괴정천 생태하천복원사업 기본 및 실시설계 용역,부산광역시,PQ,1505900000,1491466000,99.04150342,화신+지에스+원공,98.34,1172280000,98.458,N
20200420318 - 00,20200413,남청주 현도일반산업단지 진입도로 건설공사 실시설계 용역,충청북도 청주시,PQ,613338000,620063300,101.096508,신성+홍익,100,527480000,100.5925,N
20200420318 - 00,20200413,남청주 현도일반산업단지 진입도로 건설공사 실시설계 용역,충청북도 청주시,PQ,613338000,620063300,101.096508,한종+건양,100,523849000,99.9,N
20200420318 - 00,20200413,남청주 현도일반산업단지 진입도로 건설공사 실시설계 용역,충청북도 청주시,PQ,613338000,620063300,101.096508,동명+대원,99.6,528300000,100.6429,N
20200420318 - 00,20200413,남청주 현도일반산업단지 진입도로 건설공사 실시설계 용역,충청북도 청주시,PQ,613338000,620063300,101.096508,도화+영진,99.54,522520000,99.5185,N
20200420318 - 00,20200413,남청주 현도일반산업단지 진입도로 건설공사 실시설계 용역,충청북도 청주시,PQ,613338000,620063300,101.096508,동일+동림,99.33,522300000,99.4302,N
20200420318 - 00,20200413,남청주 현도일반산업단지 진입도로 건설공사 실시설계 용역,충청북도 청주시,PQ,613338000,620063300,101.096508,극동+토영+바우,99.19,529628000,100.7899,N
20200420318 - 00,20200413,남청주 현도일반산업단지 진입도로 건설공사 실시설계 용역,충청북도 청주시,PQ,613338000,620063300,101.096508,삼보+KG+청우,99.18,523430000,99.5988,N
20200420318 - 00,20200413,남청주 현도일반산업단지 진입도로 건설공사 실시설계 용역,충청북도 청주시,PQ,613338000,620063300,101.096508,수성+지명,99.12,520971000,99.1193,N
20200420318 - 00,20200413,남청주 현도일반산업단지 진입도로 건설공사 실시설계 용역,충청북도 청주시,PQ,613338000,620063300,101.096508,용마+평화+해린,99.08,529800000,100.7873,N
20200420318 - 00,20200413,남청주 현도일반산업단지 진입도로 건설공사 실시설계 용역,충청북도 청주시,PQ,613338000,620063300,101.096508,건화+창민,98.93,532150000,101.199,Y
20200420318 - 00,20200413,남청주 현도일반산업단지 진입도로 건설공사 실시설계 용역,충청북도 청주시,PQ,613338000,620063300,101.096508,삼안+도명,98.71,530860000,100.8948,N
20200420318 - 00,20200413,남청주 현도일반산업단지 진입도로 건설공사 실시설계 용역,충청북도 청주시,PQ,613338000,620063300,101.096508,다산+좋은,98.65,519299000,98.686,N
20200420318 - 00,20200413,남청주 현도일반산업단지 진입도로 건설공사 실시설계 용역,충청북도 청주시,PQ,613338000,620063300,101.096508,동부+도우,98.55,530079000,100.7111,N
20200420318 - 00,20200413,남청주 현도일반산업단지 진입도로 건설공사 실시설계 용역,충청북도 청주시,PQ,613338000,620063300,101.096508,서영+선,98.52,532450000,101.1498,N
20200420318 - 00,20200413,남청주 현도일반산업단지 진입도로 건설공사 실시설계 용역,충청북도 청주시,PQ,613338000,620063300,101.096508,동성+한광,98.29,519755000,98.6807,N
20200420318 - 00,20200413,남청주 현도일반산업단지 진입도로 건설공사 실시설계 용역,충청북도 청주시,PQ,613338000,620063300,101.096508,제일+유일,98.26,537300000,101.9999,N
20200420318 - 00,20200413,남청주 현도일반산업단지 진입도로 건설공사 실시설계 용역,충청북도 청주시,PQ,613338000,620063300,101.096508,유신+명지,98.16,519670000,98.6301,N
20200420318 - 00,20200413,남청주 현도일반산업단지 진입도로 건설공사 실시설계 용역,충청북도 청주시,PQ,613338000,620063300,101.096508,이산+세광,98.04,534500000,101.4093,N
20200419745 - 01,20200413,성전 월남송학 및 작천 구상지구 마을하수도 정비사업 건설사업관리용역,전라남도 강진군,PQ,1585222000,1564776650,98.7102532,삼안+동아,100,1238600000,100.1784,N
20200419745 - 01,20200413,성전 월남송학 및 작천 구상지구 마을하수도 정비사업 건설사업관리용역,전라남도 강진군,PQ,1585222000,1564776650,98.7102532,동성+신오,99.64,1238833000,99.8899,N
20200419745 - 01,20200413,성전 월남송학 및 작천 구상지구 마을하수도 정비사업 건설사업관리용역,전라남도 강진군,PQ,1585222000,1564776650,98.7102532,이산+진성,99.64,1246570000,100.5138,N
20200419745 - 01,20200413,성전 월남송학 및 작천 구상지구 마을하수도 정비사업 건설사업관리용역,전라남도 강진군,PQ,1585222000,1564776650,98.7102532,한종+우영,99.63,1235240000,99.6002,N
20200419745 - 01,20200413,성전 월남송학 및 작천 구상지구 마을하수도 정비사업 건설사업관리용역,전라남도 강진군,PQ,1585222000,1564776650,98.7102532,한기+선진,99.63,1249740000,100.7694,N
20200419745 - 01,20200413,성전 월남송학 및 작천 구상지구 마을하수도 정비사업 건설사업관리용역,전라남도 강진군,PQ,1585222000,1564776650,98.7102532,KG+중원+보람,99.61,1242466000,100.17,N
20200419745 - 01,20200413,성전 월남송학 및 작천 구상지구 마을하수도 정비사업 건설사업관리용역,전라남도 강진군,PQ,1585222000,1564776650,98.7102532,건화+우리종합,99.6,1231800000,99.2974,N
20200419745 - 01,20200413,성전 월남송학 및 작천 구상지구 마을하수도 정비사업 건설사업관리용역,전라남도 강진군,PQ,1585222000,1564776650,98.7102532,천일+기찬+에스이,99.6,1226390000,98.8613,N
20200419745 - 01,20200413,성전 월남송학 및 작천 구상지구 마을하수도 정비사업 건설사업관리용역,전라남도 강진군,PQ,1585222000,1564776650,98.7102532,수성+산이,99.59,1230130000,99.1501,N
20200419745 - 01,20200413,성전 월남송학 및 작천 구상지구 마을하수도 정비사업 건설사업관리용역,전라남도 강진군,PQ,1585222000,1564776650,98.7102532,도화+영진,99.58,1232700000,99.3573,N
20200419745 - 01,20200413,성전 월남송학 및 작천 구상지구 마을하수도 정비사업 건설사업관리용역,전라남도 강진군,PQ,1585222000,1564776650,98.7102532,동명+원우,99.57,1246400000,100.4487,N
20200419745 - 01,20200413,성전 월남송학 및 작천 구상지구 마을하수도 정비사업 건설사업관리용역,전라남도 강진군,PQ,1585222000,1564776650,98.7102532,범한+신명,99.57,1240800000,99.9974,N
20200419745 - 01,20200413,성전 월남송학 및 작천 구상지구 마을하수도 정비사업 건설사업관리용역,전라남도 강진군,PQ,1585222000,1564776650,98.7102532,우빈+경동+건영,99.56,1233387000,99.3873,N
20200419745 - 01,20200413,성전 월남송학 및 작천 구상지구 마을하수도 정비사업 건설사업관리용역,전라남도 강진군,PQ,1585222000,1564776650,98.7102532,경호+평화,99.54,1227250000,98.8801,N
20200419745 - 01,20200413,성전 월남송학 및 작천 구상지구 마을하수도 정비사업 건설사업관리용역,전라남도 강진군,PQ,1585222000,1564776650,98.7102532,KCM+산하,99.54,1226380000,98.81,Y
20200419745 - 01,20200413,성전 월남송학 및 작천 구상지구 마을하수도 정비사업 건설사업관리용역,전라남도 강진군,PQ,1585222000,1564776650,98.7102532,건양+하이콘+삼보,99.53,1233363000,99.3599,N
20200419745 - 01,20200413,성전 월남송학 및 작천 구상지구 마을하수도 정비사업 건설사업관리용역,전라남도 강진군,PQ,1585222000,1564776650,98.7102532,경원+다우,99.11,1550000000,124.455,N
20200419475 - 00,20200413,아산 모종샛들지구 도시개발사업 조사설계 용역,충청남도 아산시,TP,4746940000,4692065425,98.84400108,도화+장맥+우주+수성(예당+국성),97.88,3623400000,102.6579,Y
20200419475 - 00,20200413,아산 모종샛들지구 도시개발사업 조사설계 용역,충청남도 아산시,TP,4746940000,4692065425,98.84400108,건화+경동+세일(기장+경일+테크피아),94.65,3696700000,101.8978,N
20200419514 - 00,20200413,남원처리구역 하수관로 정비사업(2단계) 실시설계 용역,제주특별자치도 상하수도본부,PQ,971410000,970849075,99.94225662,건화(원+리헌),99.87,836000000,100.6261,Y
20200419514 - 00,20200413,남원처리구역 하수관로 정비사업(2단계) 실시설계 용역,제주특별자치도 상하수도본부,PQ,971410000,970849075,99.94225662,이산+제원,99.67,826800000,99.4606,N
20200419514 - 00,20200413,남원처리구역 하수관로 정비사업(2단계) 실시설계 용역,제주특별자치도 상하수도본부,PQ,971410000,970849075,99.94225662,한종+해진,99.52,830744000,99.9,N
20200419514 - 00,20200413,남원처리구역 하수관로 정비사업(2단계) 실시설계 용역,제주특별자치도 상하수도본부,PQ,971410000,970849075,99.94225662,삼안+JPM,99.43,837540000,100.6937,N
20200419514 - 00,20200413,남원처리구역 하수관로 정비사업(2단계) 실시설계 용역,제주특별자치도 상하수도본부,PQ,971410000,970849075,99.94225662,경동+태신,98.58,827490000,99.2652,N
20200419514 - 00,20200413,남원처리구역 하수관로 정비사업(2단계) 실시설계 용역,제주특별자치도 상하수도본부,PQ,971410000,970849075,99.94225662,도화+한라,98.49,843420000,101.1526,N
20200419514 - 00,20200413,남원처리구역 하수관로 정비사업(2단계) 실시설계 용역,제주특별자치도 상하수도본부,PQ,971410000,970849075,99.94225662,동명+청풍,97.78,826800000,98.9863,N
20200419514 - 00,20200413,남원처리구역 하수관로 정비사업(2단계) 실시설계 용역,제주특별자치도 상하수도본부,PQ,971410000,970849075,99.94225662,범한+해오름,97.53,826000000,98.8216,N
20200419514 - 00,20200413,남원처리구역 하수관로 정비사업(2단계) 실시설계 용역,제주특별자치도 상하수도본부,PQ,971410000,970849075,99.94225662,제일+성광,97.46,825900000,98.7981,N
20200419514 - 00,20200413,남원처리구역 하수관로 정비사업(2단계) 실시설계 용역,제주특별자치도 상하수도본부,PQ,971410000,970849075,99.94225662,선진+부림,97.3,826130000,98.7797,N
20200419390 - 01,20200413,"강일, 장지차고지 입체화사업 교통영향평가용역",서울주택도시공사,PQ,584450000,580697875,99.35800753,도화+동명,99.22,503420000,100.5377,N
20200419390 - 01,20200413,"강일, 장지차고지 입체화사업 교통영향평가용역",서울주택도시공사,PQ,584450000,580697875,99.35800753,삼안+동일,97.28,501452000,99.6561,Y
20200419390 - 01,20200413,"강일, 장지차고지 입체화사업 교통영향평가용역",서울주택도시공사,PQ,584450000,580697875,99.35800753,한종+제일,96.86,508000000,100.8403,N
20200419390 - 01,20200413,"강일, 장지차고지 입체화사업 교통영향평가용역",서울주택도시공사,PQ,584450000,580697875,99.35800753,서영+천일,96.08,508040000,100.6498,N
20200419390 - 01,20200413,"강일, 장지차고지 입체화사업 교통영향평가용역",서울주택도시공사,PQ,584450000,580697875,99.35800753,KG+대콘,95.94,511904000,101.3801,N
20200419390 - 01,20200413,"강일, 장지차고지 입체화사업 교통영향평가용역",서울주택도시공사,PQ,584450000,580697875,99.35800753,유신+평화,95.7,499670000,98.8999,N
20200419390 - 01,20200413,"강일, 장지차고지 입체화사업 교통영향평가용역",서울주택도시공사,PQ,584450000,580697875,99.35800753,수성+태조,95.54,511126000,101.1206,N
20200419390 - 01,20200413,"강일, 장지차고지 입체화사업 교통영향평가용역",서울주택도시공사,PQ,584450000,580697875,99.35800753,건화+동해,94.08,498800000,98.3183,N
20200420929 - 00,20200413,도초 지남지구 농어촌마을하수도외 5개소 하수도 정비사업 실시설계 용역,전라남도 신안군,PQ,1174331000,1161780375,98.9312532,도화+건영+동부,99.38,926850000,100.6771,N
20200420929 - 00,20200413,도초 지남지구 농어촌마을하수도외 5개소 하수도 정비사업 실시설계 용역,전라남도 신안군,PQ,1174331000,1161780375,98.9312532,건화+동아(서진),97.8,924760000,99.1724,N
20200420929 - 00,20200413,도초 지남지구 농어촌마을하수도외 5개소 하수도 정비사업 실시설계 용역,전라남도 신안군,PQ,1174331000,1161780375,98.9312532,한종+신오,97.8,943200000,101.1499,N
20200420929 - 00,20200413,도초 지남지구 농어촌마을하수도외 5개소 하수도 정비사업 실시설계 용역,전라남도 신안군,PQ,1174331000,1161780375,98.9312532,이산+한기,97.8,925600000,99.2624,N
20200420929 - 00,20200413,도초 지남지구 농어촌마을하수도외 5개소 하수도 정비사업 실시설계 용역,전라남도 신안군,PQ,1174331000,1161780375,98.9312532,선진+평화,97.8,924640000,99.1595,Y
20200420929 - 00,20200413,도초 지남지구 농어촌마을하수도외 5개소 하수도 정비사업 실시설계 용역,전라남도 신안군,PQ,1174331000,1161780375,98.9312532,범한+신명,97.8,939380000,100.7402,N
20200420929 - 00,20200413,도초 지남지구 농어촌마을하수도외 5개소 하수도 정비사업 실시설계 용역,전라남도 신안군,PQ,1174331000,1161780375,98.9312532,삼안+하이콘,97.8,941380000,100.9547,N
20200420929 - 00,20200413,도초 지남지구 농어촌마을하수도외 5개소 하수도 정비사업 실시설계 용역,전라남도 신안군,PQ,1174331000,1161780375,98.9312532,유신+우영,97.8,924793000,99.1759,N
20200420929 - 00,20200413,도초 지남지구 농어촌마을하수도외 5개소 하수도 정비사업 실시설계 용역,전라남도 신안군,PQ,1174331000,1161780375,98.9312532,제일+우리종합,97.8,940400000,100.8496,N
20200420929 - 00,20200413,도초 지남지구 농어촌마을하수도외 5개소 하수도 정비사업 실시설계 용역,전라남도 신안군,PQ,1174331000,1161780375,98.9312532,KG+우빈,98.15,1132300000,121.0025,N
20200420527 - 00,20200413,제주시 시도 건설·관리계획 및 농어촌도로 기본·정비계획(변경) 수립용역,제주특별자치도 제주시,PQ,745950000,748247550,100.3080032,천일+해진,99.6,642140000,100.5825,N
20200420527 - 00,20200413,제주시 시도 건설·관리계획 및 농어촌도로 기본·정비계획(변경) 수립용역,제주특별자치도 제주시,PQ,745950000,748247550,100.3080032,건화+보람+제원,99.49,642000000,100.5253,Y
20200420527 - 00,20200413,제주시 시도 건설·관리계획 및 농어촌도로 기본·정비계획(변경) 수립용역,제주특별자치도 제주시,PQ,745950000,748247550,100.3080032,도화+한라,99.24,637470000,99.7577,N
20200420527 - 00,20200413,제주시 시도 건설·관리계획 및 농어촌도로 기본·정비계획(변경) 수립용역,제주특별자치도 제주시,PQ,745950000,748247550,100.3080032,수성+태신,98.9,637252000,99.6306,N
20200420527 - 00,20200413,제주시 시도 건설·관리계획 및 농어촌도로 기본·정비계획(변경) 수립용역,제주특별자치도 제주시,PQ,745950000,748247550,100.3080032,유신+청풍,98.85,642095000,100.3761,N
20200420527 - 00,20200413,제주시 시도 건설·관리계획 및 농어촌도로 기본·정비계획(변경) 수립용역,제주특별자치도 제주시,PQ,745950000,748247550,100.3080032,홍익+원,98.75,644573000,100.7399,N
20200420527 - 00,20200413,제주시 시도 건설·관리계획 및 농어촌도로 기본·정비계획(변경) 수립용역,제주특별자치도 제주시,PQ,745950000,748247550,100.3080032,한종+JPM,98.64,641500000,100.2363,N
20200420527 - 00,20200413,제주시 시도 건설·관리계획 및 농어촌도로 기본·정비계획(변경) 수립용역,제주특별자치도 제주시,PQ,745950000,748247550,100.3080032,동일+리헌+KG,98.52,634380000,99.0891,N
20200420527 - 00,20200413,제주시 시도 건설·관리계획 및 농어촌도로 기본·정비계획(변경) 수립용역,제주특별자치도 제주시,PQ,745950000,748247550,100.3080032,서영+부림+평화,98.44,648685000,101.2999,N
20200420527 - 00,20200413,제주시 시도 건설·관리계획 및 농어촌도로 기본·정비계획(변경) 수립용역,제주특별자치도 제주시,PQ,745950000,748247550,100.3080032,동명+상아,97.71,634700000,98.9316,N
20200420527 - 00,20200413,제주시 시도 건설·관리계획 및 농어촌도로 기본·정비계획(변경) 수립용역,제주특별자치도 제주시,PQ,745950000,748247550,100.3080032,화신+성광+한맥,97.66,634699000,98.92,N
20200420527 - 00,20200413,제주시 시도 건설·관리계획 및 농어촌도로 기본·정비계획(변경) 수립용역,제주특별자치도 제주시,PQ,745950000,748247550,100.3080032,동부+JK,97.46,634040000,98.7713,N
20200420527 - 00,20200413,제주시 시도 건설·관리계획 및 농어촌도로 기본·정비계획(변경) 수립용역,제주특별자치도 제주시,PQ,745950000,748247550,100.3080032,이산+JDL,96.65,633220000,98.4377,N
20200420501 - 01,20200414,연천 하수처리시설 외 3개소 하수처리수 재이용시설 설치사업 기본 및 실시설계 용역,경기도 연천군,PQ,1873100000,1841037250,98.2882521,동명+도화,99.49,1477700000,100.7221,N
20200420501 - 01,20200414,연천 하수처리시설 외 3개소 하수처리수 재이용시설 설치사업 기본 및 실시설계 용역,경기도 연천군,PQ,1873100000,1841037250,98.2882521,KG+경동,97.85,1502830000,101.08,N
20200420501 - 01,20200414,연천 하수처리시설 외 3개소 하수처리수 재이용시설 설치사업 기본 및 실시설계 용역,경기도 연천군,PQ,1873100000,1841037250,98.2882521,삼안+하이콘,97.75,1472900000,98.9921,N
20200420501 - 01,20200414,연천 하수처리시설 외 3개소 하수처리수 재이용시설 설치사업 기본 및 실시설계 용역,경기도 연천군,PQ,1873100000,1841037250,98.2882521,한종+서광,97.7,1503300000,100.9844,N
20200420501 - 01,20200414,연천 하수처리시설 외 3개소 하수처리수 재이용시설 설치사업 기본 및 실시설계 용역,경기도 연천군,PQ,1873100000,1841037250,98.2882521,건화+수성(테크피아),97.68,1472400000,98.8962,Y
20200420501 - 01,20200414,연천 하수처리시설 외 3개소 하수처리수 재이용시설 설치사업 기본 및 실시설계 용역,경기도 연천군,PQ,1873100000,1841037250,98.2882521,이산+유신+한맥,97.66,1502700000,100.9187,N
20200420501 - 01,20200414,연천 하수처리시설 외 3개소 하수처리수 재이용시설 설치사업 기본 및 실시설계 용역,경기도 연천군,PQ,1873100000,1841037250,98.2882521,범한+서영,97.57,1514000000,101.6009,N
20200420501 - 01,20200414,연천 하수처리시설 외 3개소 하수처리수 재이용시설 설치사업 기본 및 실시설계 용역,경기도 연천군,PQ,1873100000,1841037250,98.2882521,제일+선진+경호,97.52,1525000000,102.3005,N
20200420320 - 00,20200413,농어촌생활용수 확충사업(진월지구)외 2 통합건설사업관리용역 ,전라남도 광양시,PQ,2041035000,2041075850,100.0020014,신명+범한,100,1595000000,100.1944,N
20200420320 - 00,20200413,농어촌생활용수 확충사업(진월지구)외 2 통합건설사업관리용역 ,전라남도 광양시,PQ,2041035000,2041075850,100.0020014,도화+원우,100,1603250000,100.7127,N
20200420320 - 00,20200413,농어촌생활용수 확충사업(진월지구)외 2 통합건설사업관리용역 ,전라남도 광양시,PQ,2041035000,2041075850,100.0020014,동성+신오,100,1594770000,100.18,Y
20200420320 - 00,20200413,농어촌생활용수 확충사업(진월지구)외 2 통합건설사업관리용역 ,전라남도 광양시,PQ,2041035000,2041075850,100.0020014,천일+우빈기술,99.93,1605580000,100.7944,N
20200420320 - 00,20200413,농어촌생활용수 확충사업(진월지구)외 2 통합건설사업관리용역 ,전라남도 광양시,PQ,2041035000,2041075850,100.0020014,삼안+동아,99.87,1586200000,99.5268,N
20200420320 - 00,20200413,농어촌생활용수 확충사업(진월지구)외 2 통합건설사업관리용역 ,전라남도 광양시,PQ,2041035000,2041075850,100.0020014,건화+우리,99.68,1585500000,99.3302,N
20200420320 - 00,20200413,농어촌생활용수 확충사업(진월지구)외 2 통합건설사업관리용역 ,전라남도 광양시,PQ,2041035000,2041075850,100.0020014,건양+하이콘+삼보,99.63,1585945400,99.32,N
20200420320 - 00,20200413,농어촌생활용수 확충사업(진월지구)외 2 통합건설사업관리용역 ,전라남도 광양시,PQ,2041035000,2041075850,100.0020014,동명+건영,99.61,1612200000,100.9513,N
20200420320 - 00,20200413,농어촌생활용수 확충사업(진월지구)외 2 통합건설사업관리용역 ,전라남도 광양시,PQ,2041035000,2041075850,100.0020014,경동+산이,99.53,1583980000,99.1082,N
20200420320 - 00,20200413,농어촌생활용수 확충사업(진월지구)외 2 통합건설사업관리용역 ,전라남도 광양시,PQ,2041035000,2041075850,100.0020014,KG+다우,99.45,1582941000,98.98,N
20200420320 - 00,20200413,농어촌생활용수 확충사업(진월지구)외 2 통합건설사업관리용역 ,전라남도 광양시,PQ,2041035000,2041075850,100.0020014,경호+평화+에스이,99.45,1580777000,98.8447,N
20200420320 - 00,20200413,농어촌생활용수 확충사업(진월지구)외 2 통합건설사업관리용역 ,전라남도 광양시,PQ,2041035000,2041075850,100.0020014,한종+우영,99.3,1583200000,98.8826,N
20200420320 - 00,20200413,농어촌생활용수 확충사업(진월지구)외 2 통합건설사업관리용역 ,전라남도 광양시,PQ,2041035000,2041075850,100.0020014,대콘+영진,99.23,1621444000,101.2068,N
20200420320 - 00,20200413,농어촌생활용수 확충사업(진월지구)외 2 통합건설사업관리용역 ,전라남도 광양시,PQ,2041035000,2041075850,100.0020014,서영+신촌,99.05,1626100000,101.3553,N
20200420320 - 00,20200413,농어촌생활용수 확충사업(진월지구)외 2 통합건설사업관리용역 ,전라남도 광양시,PQ,2041035000,2041075850,100.0020014,이산+기찬,99.04,1580480000,98.4993,N
20200420320 - 00,20200413,농어촌생활용수 확충사업(진월지구)외 2 통합건설사업관리용역 ,전라남도 광양시,PQ,2041035000,2041075850,100.0020014,한기+선진,99.01,1624700000,101.2294,N
20200420320 - 00,20200413,농어촌생활용수 확충사업(진월지구)외 2 통합건설사업관리용역 ,전라남도 광양시,PQ,2041035000,2041075850,100.0020014,KCM+산하+수성E,98.86,1638000000,101.9414,N
20200417986 - 00,20200414,목포시 신흥동 노후하수관로 정밀조사 용역,전라남도 목포시 환경수도사업단,PQ,417000000,414380250,99.37176259,건화+경화,100,360000000,99.5227,Y
20200417986 - 00,20200414,목포시 신흥동 노후하수관로 정밀조사 용역,전라남도 목포시 환경수도사업단,PQ,417000000,414380250,99.37176259,선진+건영,100,360390000,99.6305,N
20200417986 - 00,20200414,목포시 신흥동 노후하수관로 정밀조사 용역,전라남도 목포시 환경수도사업단,PQ,417000000,414380250,99.37176259,범한+신명,100,361720000,99.9982,N
20200417986 - 00,20200414,목포시 신흥동 노후하수관로 정밀조사 용역,전라남도 목포시 환경수도사업단,PQ,417000000,414380250,99.37176259,이산+HEC,100,363363000,100.4524,N
20200417986 - 00,20200414,목포시 신흥동 노후하수관로 정밀조사 용역,전라남도 목포시 환경수도사업단,PQ,417000000,414380250,99.37176259,동명+국성,100,363650000,100.5317,N
20200417986 - 00,20200414,목포시 신흥동 노후하수관로 정밀조사 용역,전라남도 목포시 환경수도사업단,PQ,417000000,414380250,99.37176259,도화+우리,100,364730000,100.8303,N
20200417986 - 00,20200414,목포시 신흥동 노후하수관로 정밀조사 용역,전라남도 목포시 환경수도사업단,PQ,417000000,414380250,99.37176259,삼안+수성,100,360140000,99.5614,N
20200417986 - 00,20200414,목포시 신흥동 노후하수관로 정밀조사 용역,전라남도 목포시 환경수도사업단,PQ,417000000,414380250,99.37176259,제일+평화,100,361580000,99.9595,N
20200421150 - 00,20200414,연암 자연재해위험개선지구 하천기본계획(재수립) 및 실시설계용역,충청남도 공주시,PQ,970369000,961478050,99.08375577,이산,99.4,830990000,100.0017,N
20200421150 - 00,20200414,연암 자연재해위험개선지구 하천기본계획(재수립) 및 실시설계용역,충청남도 공주시,PQ,970369000,961478050,99.08375577,다산+계림,99.33,831790000,100.0863,N
20200421150 - 00,20200414,연암 자연재해위험개선지구 하천기본계획(재수립) 및 실시설계용역,충청남도 공주시,PQ,970369000,961478050,99.08375577,삼안+한맥,99.3,836000000,100.5812,N
20200421150 - 00,20200414,연암 자연재해위험개선지구 하천기본계획(재수립) 및 실시설계용역,충청남도 공주시,PQ,970369000,961478050,99.08375577,동명+일신,99.28,836300000,100.6173,N
20200421150 - 00,20200414,연암 자연재해위험개선지구 하천기본계획(재수립) 및 실시설계용역,충청남도 공주시,PQ,970369000,961478050,99.08375577,도화+한가람,99.24,838820000,100.9087,N
20200421150 - 00,20200414,연암 자연재해위험개선지구 하천기본계획(재수립) 및 실시설계용역,충청남도 공주시,PQ,970369000,961478050,99.08375577,건화+KCI+장맥(제온기술),99.23,836000000,100.5694,N
20200421150 - 00,20200414,연암 자연재해위험개선지구 하천기본계획(재수립) 및 실시설계용역,충청남도 공주시,PQ,970369000,961478050,99.08375577,극동+기산,99.22,836850000,100.6599,N
20200421150 - 00,20200414,연암 자연재해위험개선지구 하천기본계획(재수립) 및 실시설계용역,충청남도 공주시,PQ,970369000,961478050,99.08375577,유신+천마,99.21,835836000,100.538,N
20200421150 - 00,20200414,연암 자연재해위험개선지구 하천기본계획(재수립) 및 실시설계용역,충청남도 공주시,PQ,970369000,961478050,99.08375577,한종,99.2,829900000,99.8239,N
20200421150 - 00,20200414,연암 자연재해위험개선지구 하천기본계획(재수립) 및 실시설계용역,충청남도 공주시,PQ,970369000,961478050,99.08375577,KG+도우+삼육,99.07,838142000,100.78,N
20200421150 - 00,20200414,연암 자연재해위험개선지구 하천기본계획(재수립) 및 실시설계용역,충청남도 공주시,PQ,970369000,961478050,99.08375577,동부+세일,98.96,826694000,99.3803,Y
20200421150 - 00,20200414,연암 자연재해위험개선지구 하천기본계획(재수립) 및 실시설계용역,충청남도 공주시,PQ,970369000,961478050,99.08375577,서광+조화,98.92,839350200,100.89,N
20200421150 - 00,20200414,연암 자연재해위험개선지구 하천기본계획(재수립) 및 실시설계용역,충청남도 공주시,PQ,970369000,961478050,99.08375577,평화+경동,98.84,828400000,99.5506,N
20200421150 - 00,20200414,연암 자연재해위험개선지구 하천기본계획(재수립) 및 실시설계용역,충청남도 공주시,PQ,970369000,961478050,99.08375577,화신+국성+건양,98.8,837397000,100.62,N
20200421150 - 00,20200414,연암 자연재해위험개선지구 하천기본계획(재수립) 및 실시설계용역,충청남도 공주시,PQ,970369000,961478050,99.08375577,수성+도명,98.54,841731000,101.0701,N
20200421150 - 00,20200414,연암 자연재해위험개선지구 하천기본계획(재수립) 및 실시설계용역,충청남도 공주시,PQ,970369000,961478050,99.08375577,경호+강호,98.4,843350000,101.2291,N
20200421150 - 00,20200414,연암 자연재해위험개선지구 하천기본계획(재수립) 및 실시설계용역,충청남도 공주시,PQ,970369000,961478050,99.08375577,드림+더그린,98.4,843900000,101.2951,N
20200421150 - 00,20200414,연암 자연재해위험개선지구 하천기본계획(재수립) 및 실시설계용역,충청남도 공주시,PQ,970369000,961478050,99.08375577,동성+서영,98.06,822033000,98.59,N
20200422468 - 00,20200414,광명시 상수도관망 전문기술진단 용역,경기도 광명시,PQ,1733595000,1745188450,100.6687519,도화+건화+HEC+한일,99.96,1370100000,101.291,Y
20200422468 - 00,20200414,광명시 상수도관망 전문기술진단 용역,경기도 광명시,PQ,1733595000,1745188450,100.6687519,삼안+빅텍,97.83,1362240000,98.9846,N
20200422468 - 00,20200414,광명시 상수도관망 전문기술진단 용역,경기도 광명시,PQ,1733595000,1745188450,100.6687519,동명+KG,97.8,1664200000,120.8955,N
20200422613 - 00,20200414,제주특별자치도 광역 하수도정비 기본계획(변경) 용역,제주특별자치도 상하수도본부,PQ,2326170000,2338504575,100.5302525,건화(원+리헌),100,1821700000,100.4081,N
20200422613 - 00,20200414,제주특별자치도 광역 하수도정비 기본계획(변경) 용역,제주특별자치도 상하수도본부,PQ,2326170000,2338504575,100.5302525,이산+제원+건양,99.83,1807670000,99.4945,N
20200422613 - 00,20200414,제주특별자치도 광역 하수도정비 기본계획(변경) 용역,제주특별자치도 상하수도본부,PQ,2326170000,2338504575,100.5302525,한종+해진,99.72,1819600000,100.0614,N
20200422613 - 00,20200414,제주특별자치도 광역 하수도정비 기본계획(변경) 용역,제주특별자치도 상하수도본부,PQ,2326170000,2338504575,100.5302525,삼안+JPM,99.57,1809885000,99.4,N
20200422613 - 00,20200414,제주특별자치도 광역 하수도정비 기본계획(변경) 용역,제주특별자치도 상하수도본부,PQ,2326170000,2338504575,100.5302525,도화+태신+한라,99.36,1854300000,101.6705,Y
20200422613 - 00,20200414,제주특별자치도 광역 하수도정비 기본계획(변경) 용역,제주특별자치도 상하수도본부,PQ,2326170000,2338504575,100.5302525,선진+부림,98.07,1872410000,101.588,N
20200422613 - 00,20200414,제주특별자치도 광역 하수도정비 기본계획(변경) 용역,제주특별자치도 상하수도본부,PQ,2326170000,2338504575,100.5302525,동명+청풍+상아,97.96,1876000000,101.6929,N
20200422613 - 00,20200414,제주특별자치도 광역 하수도정비 기본계획(변경) 용역,제주특별자치도 상하수도본부,PQ,2326170000,2338504575,100.5302525,범한+해오름,97.81,1877000000,101.619,N
20200422613 - 00,20200414,제주특별자치도 광역 하수도정비 기본계획(변경) 용역,제주특별자치도 상하수도본부,PQ,2326170000,2338504575,100.5302525,제일+성광,97.74,1890500000,102.2984,N
20200422613 - 00,20200414,제주특별자치도 광역 하수도정비 기본계획(변경) 용역,제주특별자치도 상하수도본부,PQ,2326170000,2338504575,100.5302525,화신+경동+JK+범영,97.25,2209800000,119.1115,N
20200421754 - 00,20200414,무가선 저상트램 실증노선 기본 및 실시설계 용역,한국철도기술연구원,PQ,2062883000,2062599400,99.98625225,동명+서현+선구,99.4,1657630000,100.4501,Y
20200421754 - 00,20200414,무가선 저상트램 실증노선 기본 및 실시설계 용역,한국철도기술연구원,PQ,2062883000,2062599400,99.98625225,KRTC+수성+홍익,99.33,1620530000,98.2018,N
20200421754 - 00,20200414,무가선 저상트램 실증노선 기본 및 실시설계 용역,한국철도기술연구원,PQ,2062883000,2062599400,99.98625225,삼보+경동+천일,99.32,1685750000,102.1541,N
20200421754 - 00,20200414,무가선 저상트램 실증노선 기본 및 실시설계 용역,한국철도기술연구원,PQ,2062883000,2062599400,99.98625225,동부+동일,99.3,1644434000,99.6504,N
20200421754 - 00,20200414,무가선 저상트램 실증노선 기본 및 실시설계 용역,한국철도기술연구원,PQ,2062883000,2062599400,99.98625225,유신+KG,99.3,1659050000,100.5361,N
20200421754 - 00,20200414,무가선 저상트램 실증노선 기본 및 실시설계 용역,한국철도기술연구원,PQ,2062883000,2062599400,99.98625225,삼안+태조+서영,99.21,1675300000,101.5208,N
20200421754 - 00,20200414,무가선 저상트램 실증노선 기본 및 실시설계 용역,한국철도기술연구원,PQ,2062883000,2062599400,99.98625225,도화+건화(에코존+삼안측지+서정),99.1,1642485000,99.5323,N
20200421754 - 00,20200414,무가선 저상트램 실증노선 기본 및 실시설계 용역,한국철도기술연구원,PQ,2062883000,2062599400,99.98625225,신성+다산+드림,99.27,1648980000,99.627,N
B5202001128,20200414,광양(Ⅰ단계)  공업용수도 시설보강공사 건설사업관리 용역,한국수자원공사,PQ,1107800000,1103689410,99.62894114,건화+우빈,100,808639000,100,Y
B5202001128,20200414,광양(Ⅰ단계)  공업용수도 시설보강공사 건설사업관리 용역,한국수자원공사,PQ,1107800000,1103689410,99.62894114,도화+경동,100,812540000,100.4825,N
B5202001128,20200414,광양(Ⅰ단계)  공업용수도 시설보강공사 건설사업관리 용역,한국수자원공사,PQ,1107800000,1103689410,99.62894114,이산,99.9,812650000,100.3998,N
B5202001128,20200414,광양(Ⅰ단계)  공업용수도 시설보강공사 건설사업관리 용역,한국수자원공사,PQ,1107800000,1103689410,99.62894114,동해+선진,99.7,805900000,99.3754,N
B5202001128,20200414,광양(Ⅰ단계)  공업용수도 시설보강공사 건설사업관리 용역,한국수자원공사,PQ,1107800000,1103689410,99.62894114,동성,99.6,805890000,99.2793,N
B5202001128,20200414,광양(Ⅰ단계)  공업용수도 시설보강공사 건설사업관리 용역,한국수자원공사,PQ,1107800000,1103689410,99.62894114,범한,99.6,820000000,101.0175,N
B5202001128,20200414,광양(Ⅰ단계)  공업용수도 시설보강공사 건설사업관리 용역,한국수자원공사,PQ,1107800000,1103689410,99.62894114,용마+한종,99.4,806740000,99.1945,N
B5202001128,20200414,광양(Ⅰ단계)  공업용수도 시설보강공사 건설사업관리 용역,한국수자원공사,PQ,1107800000,1103689410,99.62894114,KCM+HEC,99.24,820400000,100.7094,N
20200423081 - 01,20200416,덕산지구 농어촌지방상수도 확충사업 건설사업관리용역,충청남도 예산군,PQ,2723270000,2739888800,100.6102516,삼안+우리+계림,99.89,2135540000,100.4396,N
20200423081 - 01,20200416,덕산지구 농어촌지방상수도 확충사업 건설사업관리용역,충청남도 예산군,PQ,2723270000,2739888800,100.6102516,범한+수성E,99.82,2121300000,99.7188,N
20200423081 - 01,20200416,덕산지구 농어촌지방상수도 확충사업 건설사업관리용역,충청남도 예산군,PQ,2723270000,2739888800,100.6102516,경동+용마,99.8,2128270000,100.0336,N
20200423081 - 01,20200416,덕산지구 농어촌지방상수도 확충사업 건설사업관리용역,충청남도 예산군,PQ,2723270000,2739888800,100.6102516,동명+천마,99.75,2124500000,99.8181,N
20200423081 - 01,20200416,덕산지구 농어촌지방상수도 확충사업 건설사업관리용역,충청남도 예산군,PQ,2723270000,2739888800,100.6102516,이산+드림,99.65,2153600000,101.0948,N
20200423081 - 01,20200416,덕산지구 농어촌지방상수도 확충사업 건설사업관리용역,충청남도 예산군,PQ,2723270000,2739888800,100.6102516,도화+송현,99.6,2117700000,99.3715,N
20200423081 - 01,20200416,덕산지구 농어촌지방상수도 확충사업 건설사업관리용역,충청남도 예산군,PQ,2723270000,2739888800,100.6102516,건화+장맥,99.45,2152000000,100.8521,N
20200423081 - 01,20200416,덕산지구 농어촌지방상수도 확충사업 건설사업관리용역,충청남도 예산군,PQ,2723270000,2739888800,100.6102516,한종+세일,99.4,2152300000,100.8275,N
20200423081 - 01,20200416,덕산지구 농어촌지방상수도 확충사업 건설사업관리용역,충청남도 예산군,PQ,2723270000,2739888800,100.6102516,화신+한맥,99.4,2117560000,99.2001,N
20200423081 - 01,20200416,덕산지구 농어촌지방상수도 확충사업 건설사업관리용역,충청남도 예산군,PQ,2723270000,2739888800,100.6102516,대콘+한경,99.39,2148530000,100.6381,Y
20200423081 - 01,20200416,덕산지구 농어촌지방상수도 확충사업 건설사업관리용역,충청남도 예산군,PQ,2723270000,2739888800,100.6102516,동일+동양,99.34,2113300000,98.95,N
20200423081 - 01,20200416,덕산지구 농어촌지방상수도 확충사업 건설사업관리용역,충청남도 예산군,PQ,2723270000,2739888800,100.6102516,홍익+에스알,99.34,2108180000,98.7103,N
20200423081 - 01,20200416,덕산지구 농어촌지방상수도 확충사업 건설사업관리용역,충청남도 예산군,PQ,2723270000,2739888800,100.6102516,극동+명성,99.33,2109668000,98.78,N
20200423081 - 01,20200416,덕산지구 농어촌지방상수도 확충사업 건설사업관리용역,충청남도 예산군,PQ,2723270000,2739888800,100.6102516,서영+세종,99.33,2159200000,101.0992,N
20200423081 - 01,20200416,덕산지구 농어촌지방상수도 확충사업 건설사업관리용역,충청남도 예산군,PQ,2723270000,2739888800,100.6102516,동성+우주,99.23,2169266000,101.4799,N
20200423081 - 01,20200416,덕산지구 농어촌지방상수도 확충사업 건설사업관리용역,충청남도 예산군,PQ,2723270000,2739888800,100.6102516,경호+우빈,99.15,2107960000,98.5492,N
20200423081 - 01,20200416,덕산지구 농어촌지방상수도 확충사업 건설사업관리용역,충청남도 예산군,PQ,2723270000,2739888800,100.6102516,천일+더원,99.09,2168490000,101.3274,N
20200423081 - 01,20200416,덕산지구 농어촌지방상수도 확충사업 건설사업관리용역,충청남도 예산군,PQ,2723270000,2739888800,100.6102516,선진+유원,99.04,2109420000,98.5296,N
20200423081 - 01,20200416,덕산지구 농어촌지방상수도 확충사업 건설사업관리용역,충청남도 예산군,PQ,2723270000,2739888800,100.6102516,수성+기산,99,2177846000,101.6999,N
20200423081 - 01,20200416,덕산지구 농어촌지방상수도 확충사업 건설사업관리용역,충청남도 예산군,PQ,2723270000,2739888800,100.6102516,평화+예당,98.89,2181340000,101.7595,N
20200423081 - 01,20200416,덕산지구 농어촌지방상수도 확충사업 건설사업관리용역,충청남도 예산군,PQ,2723270000,2739888800,100.6102516,건양+양지+KCI,98.85,2187050000,102,N
20200424613 - 00,20200416,아산IC 진입도로(대로2-17호)외 1개소 건설공사 통합 건설사업관리용역,충청남도 아산시,PQ,2257000000,2230959900,98.84625166,도화+천마,100,1758587000,99.9,N
20200424613 - 00,20200416,아산IC 진입도로(대로2-17호)외 1개소 건설공사 통합 건설사업관리용역,충청남도 아산시,PQ,2257000000,2230959900,98.84625166,삼안+한백+계림,100,1766820000,100.3677,N
20200424613 - 00,20200416,아산IC 진입도로(대로2-17호)외 1개소 건설공사 통합 건설사업관리용역,충청남도 아산시,PQ,2257000000,2230959900,98.84625166,장맥+천일,99.89,1756475000,99.6778,N
20200424613 - 00,20200416,아산IC 진입도로(대로2-17호)외 1개소 건설공사 통합 건설사업관리용역,충청남도 아산시,PQ,2257000000,2230959900,98.84625166,극동+기산,99.79,1777967000,100.82,N
20200424613 - 00,20200416,아산IC 진입도로(대로2-17호)외 1개소 건설공사 통합 건설사업관리용역,충청남도 아산시,PQ,2257000000,2230959900,98.84625166,동명+드림,99.76,1756373000,99.57,N
20200424613 - 00,20200416,아산IC 진입도로(대로2-17호)외 1개소 건설공사 통합 건설사업관리용역,충청남도 아산시,PQ,2257000000,2230959900,98.84625166,유신+경동,99.76,1756673000,99.587,N
20200424613 - 00,20200416,아산IC 진입도로(대로2-17호)외 1개소 건설공사 통합 건설사업관리용역,충청남도 아산시,PQ,2257000000,2230959900,98.84625166,건화+송현,99.6,1752600000,99.2291,N
20200424613 - 00,20200416,아산IC 진입도로(대로2-17호)외 1개소 건설공사 통합 건설사업관리용역,충청남도 아산시,PQ,2257000000,2230959900,98.84625166,한종+세일,99.55,1789900000,101.3021,N
20200424613 - 00,20200416,아산IC 진입도로(대로2-17호)외 1개소 건설공사 통합 건설사업관리용역,충청남도 아산시,PQ,2257000000,2230959900,98.84625166,이산+더원,99.5,1750200000,99.0173,Y
20200424613 - 00,20200416,아산IC 진입도로(대로2-17호)외 1개소 건설공사 통합 건설사업관리용역,충청남도 아산시,PQ,2257000000,2230959900,98.84625166,동부+우주,99.31,1788380000,101.0097,N
20200424613 - 00,20200416,아산IC 진입도로(대로2-17호)외 1개소 건설공사 통합 건설사업관리용역,충청남도 아산시,PQ,2257000000,2230959900,98.84625166,선진+유원,99.27,1750760000,98.8597,N
20200424613 - 00,20200416,아산IC 진입도로(대로2-17호)외 1개소 건설공사 통합 건설사업관리용역,충청남도 아산시,PQ,2257000000,2230959900,98.84625166,삼보+상연,99.23,1792530000,101.1796,N
20200424613 - 00,20200416,아산IC 진입도로(대로2-17호)외 1개소 건설공사 통합 건설사업관리용역,충청남도 아산시,PQ,2257000000,2230959900,98.84625166,KCM+수성E,99.19,1748800000,98.6861,N
20200424613 - 00,20200416,아산IC 진입도로(대로2-17호)외 1개소 건설공사 통합 건설사업관리용역,충청남도 아산시,PQ,2257000000,2230959900,98.84625166,동일+우빈,99.18,1795000000,101.2803,N
20200424613 - 00,20200416,아산IC 진입도로(대로2-17호)외 1개소 건설공사 통합 건설사업관리용역,충청남도 아산시,PQ,2257000000,2230959900,98.84625166,대콘+우리,99.09,1745632000,98.4196,N
20200424613 - 00,20200416,아산IC 진입도로(대로2-17호)외 1개소 건설공사 통합 건설사업관리용역,충청남도 아산시,PQ,2257000000,2230959900,98.84625166,서영+세종,99.09,1795840000,101.2503,N
20200424613 - 00,20200416,아산IC 진입도로(대로2-17호)외 1개소 건설공사 통합 건설사업관리용역,충청남도 아산시,PQ,2257000000,2230959900,98.84625166,수성+양지,98.88,1805023000,101.6,N
20200424613 - 00,20200416,아산IC 진입도로(대로2-17호)외 1개소 건설공사 통합 건설사업관리용역,충청남도 아산시,PQ,2257000000,2230959900,98.84625166,다산+한경,98.82,1810270000,101.8436,N
20200424613 - 00,20200416,아산IC 진입도로(대로2-17호)외 1개소 건설공사 통합 건설사업관리용역,충청남도 아산시,PQ,2257000000,2230959900,98.84625166,경호+강호,98.74,1808000000,101.6513,N
20200424613 - 00,20200416,아산IC 진입도로(대로2-17호)외 1개소 건설공사 통합 건설사업관리용역,충청남도 아산시,PQ,2257000000,2230959900,98.84625166,용마+예당,98.62,1804440000,101.3483,N
20200424613 - 00,20200416,아산IC 진입도로(대로2-17호)외 1개소 건설공사 통합 건설사업관리용역,충청남도 아산시,PQ,2257000000,2230959900,98.84625166,홍익+에스알,98.62,1814260000,101.8998,N
20200424613 - 00,20200416,아산IC 진입도로(대로2-17호)외 1개소 건설공사 통합 건설사업관리용역,충청남도 아산시,PQ,2257000000,2230959900,98.84625166,평화+명성,98.33,1820000000,101.9895,N
20200424550 - 00,20200416,밀양 농어촌관광 휴양단지 진입도로개설공사 건설사업관리(감독권한대행)용역,경상남도 밀양시,PQ,1493896000,1507483025,100.9095027,수성+신화,99.99,1167299999,100.1705,N
20200424550 - 00,20200416,밀양 농어촌관광 휴양단지 진입도로개설공사 건설사업관리(감독권한대행)용역,경상남도 밀양시,PQ,1493896000,1507483025,100.9095027,천일+금성,99.77,1175480000,100.6917,N
20200424550 - 00,20200416,밀양 농어촌관광 휴양단지 진입도로개설공사 건설사업관리(감독권한대행)용역,경상남도 밀양시,PQ,1493896000,1507483025,100.9095027,다산+하우,99.76,1168600000,100.0896,N
20200424550 - 00,20200416,밀양 농어촌관광 휴양단지 진입도로개설공사 건설사업관리(감독권한대행)용역,경상남도 밀양시,PQ,1493896000,1507483025,100.9095027,도화+재화,99.76,1166110000,99.8763,N
20200424550 - 00,20200416,밀양 농어촌관광 휴양단지 진입도로개설공사 건설사업관리(감독권한대행)용역,경상남도 밀양시,PQ,1493896000,1507483025,100.9095027,유신+한가람,99.76,1176661000,100.78,N
20200424550 - 00,20200416,밀양 농어촌관광 휴양단지 진입도로개설공사 건설사업관리(감독권한대행)용역,경상남도 밀양시,PQ,1493896000,1507483025,100.9095027,삼안+천진,99.74,1156980000,99.0816,N
20200424550 - 00,20200416,밀양 농어촌관광 휴양단지 진입도로개설공사 건설사업관리(감독권한대행)용역,경상남도 밀양시,PQ,1493896000,1507483025,100.9095027,대콘+화성,99.72,1156555000,99.0326,N
20200424550 - 00,20200416,밀양 농어촌관광 휴양단지 진입도로개설공사 건설사업관리(감독권한대행)용역,경상남도 밀양시,PQ,1493896000,1507483025,100.9095027,동부+하나,99.72,1162128000,99.5098,N
20200424550 - 00,20200416,밀양 농어촌관광 휴양단지 진입도로개설공사 건설사업관리(감독권한대행)용역,경상남도 밀양시,PQ,1493896000,1507483025,100.9095027,동일+우진,99.71,1158600000,99.195,N
20200424550 - 00,20200416,밀양 농어촌관광 휴양단지 진입도로개설공사 건설사업관리(감독권한대행)용역,경상남도 밀양시,PQ,1493896000,1507483025,100.9095027,이산+동영,99.7,1161000000,99.3878,N
20200424550 - 00,20200416,밀양 농어촌관광 휴양단지 진입도로개설공사 건설사업관리(감독권한대행)용역,경상남도 밀양시,PQ,1493896000,1507483025,100.9095027,경호+HEC,99.7,1159330000,99.2448,N
20200424550 - 00,20200416,밀양 농어촌관광 휴양단지 진입도로개설공사 건설사업관리(감독권한대행)용역,경상남도 밀양시,PQ,1493896000,1507483025,100.9095027,극동+서화,99.7,1172590000,100.3799,N
20200424550 - 00,20200416,밀양 농어촌관광 휴양단지 진입도로개설공사 건설사업관리(감독권한대행)용역,경상남도 밀양시,PQ,1493896000,1507483025,100.9095027,동성+경화,99.7,1167566000,99.9498,N
20200424550 - 00,20200416,밀양 농어촌관광 휴양단지 진입도로개설공사 건설사업관리(감독권한대행)용역,경상남도 밀양시,PQ,1493896000,1507483025,100.9095027,KG+한성,99.7,1176563000,100.72,N
20200424550 - 00,20200416,밀양 농어촌관광 휴양단지 진입도로개설공사 건설사업관리(감독권한대행)용역,경상남도 밀양시,PQ,1493896000,1507483025,100.9095027,동명+로텍,99.69,1168200000,100.0041,N
20200424550 - 00,20200416,밀양 농어촌관광 휴양단지 진입도로개설공사 건설사업관리(감독권한대행)용역,경상남도 밀양시,PQ,1493896000,1507483025,100.9095027,하이콘+대영,99.68,1158660000,99.1748,N
20200424550 - 00,20200416,밀양 농어촌관광 휴양단지 진입도로개설공사 건설사업관리(감독권한대행)용역,경상남도 밀양시,PQ,1493896000,1507483025,100.9095027,한종+KSM+태조,99.66,1157800000,99.0885,N
20200424550 - 00,20200416,밀양 농어촌관광 휴양단지 진입도로개설공사 건설사업관리(감독권한대행)용역,경상남도 밀양시,PQ,1493896000,1507483025,100.9095027,경동+현진,99.62,1153890000,98.716,N
20200424550 - 00,20200416,밀양 농어촌관광 휴양단지 진입도로개설공사 건설사업관리(감독권한대행)용역,경상남도 밀양시,PQ,1493896000,1507483025,100.9095027,홍익+태일,99.57,1153911000,98.6799,N
20200424550 - 00,20200416,밀양 농어촌관광 휴양단지 진입도로개설공사 건설사업관리(감독권한대행)용역,경상남도 밀양시,PQ,1493896000,1507483025,100.9095027,건화+혜인,99.54,1182800000,101.1246,N
20200424550 - 00,20200416,밀양 농어촌관광 휴양단지 진입도로개설공사 건설사업관리(감독권한대행)용역,경상남도 밀양시,PQ,1493896000,1507483025,100.9095027,경원+덕신,99.52,1155780000,98.8019,N
20200424550 - 00,20200416,밀양 농어촌관광 휴양단지 진입도로개설공사 건설사업관리(감독권한대행)용역,경상남도 밀양시,PQ,1493896000,1507483025,100.9095027,삼보+주원,99.52,1180670000,100.9296,Y
20200424550 - 00,20200416,밀양 농어촌관광 휴양단지 진입도로개설공사 건설사업관리(감독권한대행)용역,경상남도 밀양시,PQ,1493896000,1507483025,100.9095027,신명+우정,99.52,1183800000,101.1972,N
20200424550 - 00,20200416,밀양 농어촌관광 휴양단지 진입도로개설공사 건설사업관리(감독권한대행)용역,경상남도 밀양시,PQ,1493896000,1507483025,100.9095027,서영+범한,99.49,1187000000,101.4448,N
20200424550 - 00,20200416,밀양 농어촌관광 휴양단지 진입도로개설공사 건설사업관리(감독권한대행)용역,경상남도 밀양시,PQ,1493896000,1507483025,100.9095027,용마+한올,99.42,1194100000,101.9865,N
20200424550 - 00,20200416,밀양 농어촌관광 휴양단지 진입도로개설공사 건설사업관리(감독권한대행)용역,경상남도 밀양시,PQ,1493896000,1507483025,100.9095027,KCM+경상,99.24,1152400000,98.287,N
20200424550 - 00,20200416,밀양 농어촌관광 휴양단지 진입도로개설공사 건설사업관리(감독권한대행)용역,경상남도 밀양시,PQ,1493896000,1507483025,100.9095027,화신+조은,99.04,1404300000,119.5733,N
20200424902 - 00,20200416,울진군 후포 공공하수 증설 및 하수관로 정비사업(2단계) 기본 및 실시설계,한국환경공단,PQ,1047789000,1053407800,100.536253,제일+동성,98.24,901700000,100.2007,N
20200424902 - 00,20200416,울진군 후포 공공하수 증설 및 하수관로 정비사업(2단계) 기본 및 실시설계,한국환경공단,PQ,1047789000,1053407800,100.536253,범한+보람,98.15,906000000,100.6551,Y
20200424902 - 00,20200416,울진군 후포 공공하수 증설 및 하수관로 정비사업(2단계) 기본 및 실시설계,한국환경공단,PQ,1047789000,1053407800,100.536253,이산+KCI,97.92,897920000,99.6994,N
20200424902 - 00,20200416,울진군 후포 공공하수 증설 및 하수관로 정비사업(2단계) 기본 및 실시설계,한국환경공단,PQ,1047789000,1053407800,100.536253,건화+명성,97.52,898890000,99.7027,N
20200424902 - 00,20200416,울진군 후포 공공하수 증설 및 하수관로 정비사업(2단계) 기본 및 실시설계,한국환경공단,PQ,1047789000,1053407800,100.536253,한종+삼보,97.49,894100000,99.1599,N
20200424902 - 00,20200416,울진군 후포 공공하수 증설 및 하수관로 정비사업(2단계) 기본 및 실시설계,한국환경공단,PQ,1047789000,1053407800,100.536253,화신+주하+건양,97.44,906289000,100.5001,N
20200424902 - 00,20200416,울진군 후포 공공하수 증설 및 하수관로 정비사업(2단계) 기본 및 실시설계,한국환경공단,PQ,1047789000,1053407800,100.536253,동명+대성,97.42,910800000,101.0003,N
20200424902 - 00,20200416,울진군 후포 공공하수 증설 및 하수관로 정비사업(2단계) 기본 및 실시설계,한국환경공단,PQ,1047789000,1053407800,100.536253,삼안+청우,97.15,941600000,104.343,N
20200424902 - 00,20200416,울진군 후포 공공하수 증설 및 하수관로 정비사업(2단계) 기본 및 실시설계,한국환경공단,PQ,1047789000,1053407800,100.536253,도화+한주,97.07,895100000,99.1671,N
2020UMM03542020-05332-01,20200416,20-국-00부대 설계용역(B141),국군재정관리단,PQ,231223000,229135418,99.09715642,건화(중앙포럼+지앤텍+경보기술단) 98.70,98.7,198769000,99.0999,Y
2020UMM03542020-05332-01,20200416,20-국-00부대 설계용역(B141),국군재정관리단,PQ,231223000,229135418,99.09715642,천일,98.1,203500000,101.4586,N
20200423753 - 00,20200417,대전도안 갑천지구 친수구역 조성사업 지구외 기반시설 설치공사 감독권한대행 등 통합건설사업관리용역,대전도시공사,PQ,2286800000,2270752400,99.29825083,이산+경림,100,1792550000,100.5024,N
20200423753 - 00,20200417,대전도안 갑천지구 친수구역 조성사업 지구외 기반시설 설치공사 감독권한대행 등 통합건설사업관리용역,대전도시공사,PQ,2286800000,2270752400,99.29825083,건화+중부,99.96,1778480000,99.6752,Y
20200423753 - 00,20200417,대전도안 갑천지구 친수구역 조성사업 지구외 기반시설 설치공사 감독권한대행 등 통합건설사업관리용역,대전도시공사,PQ,2286800000,2270752400,99.29825083,경동+동양,99.76,1779890000,99.5883,N
20200423753 - 00,20200417,대전도안 갑천지구 친수구역 조성사업 지구외 기반시설 설치공사 감독권한대행 등 통합건설사업관리용역,대전도시공사,PQ,2286800000,2270752400,99.29825083,동명+선구,99.63,1795700000,100.3701,N
20200423753 - 00,20200417,대전도안 갑천지구 친수구역 조성사업 지구외 기반시설 설치공사 감독권한대행 등 통합건설사업관리용역,대전도시공사,PQ,2286800000,2270752400,99.29825083,도화+신화,99.25,1778200000,99.088,N
20200423753 - 00,20200417,대전도안 갑천지구 친수구역 조성사업 지구외 기반시설 설치공사 감독권한대행 등 통합건설사업관리용역,대전도시공사,PQ,2286800000,2270752400,99.29825083,삼보+와텍,99.23,1806150000,100.6198,N
20200423753 - 00,20200417,대전도안 갑천지구 친수구역 조성사업 지구외 기반시설 설치공사 감독권한대행 등 통합건설사업관리용역,대전도시공사,PQ,2286800000,2270752400,99.29825083,KCM+선진+신원,99.22,1812850000,100.9931,N
20200423753 - 00,20200417,대전도안 갑천지구 친수구역 조성사업 지구외 기반시설 설치공사 감독권한대행 등 통합건설사업관리용역,대전도시공사,PQ,2286800000,2270752400,99.29825083,수성+아주,99.14,1774740000,98.7945,N
20200423753 - 00,20200417,대전도안 갑천지구 친수구역 조성사업 지구외 기반시설 설치공사 감독권한대행 등 통합건설사업관리용역,대전도시공사,PQ,2286800000,2270752400,99.29825083,홍익+상우,99.08,1772821000,98.65,N
20200423753 - 00,20200417,대전도안 갑천지구 친수구역 조성사업 지구외 기반시설 설치공사 감독권한대행 등 통합건설사업관리용역,대전도시공사,PQ,2286800000,2270752400,99.29825083,용마+KG+포유,99.01,1822480000,101.3488,N
20200423753 - 00,20200417,대전도안 갑천지구 친수구역 조성사업 지구외 기반시설 설치공사 감독권한대행 등 통합건설사업관리용역,대전도시공사,PQ,2286800000,2270752400,99.29825083,극동+삼안+아이팝,98.94,1829184000,101.6699,N
20200423753 - 00,20200417,대전도안 갑천지구 친수구역 조성사업 지구외 기반시설 설치공사 감독권한대행 등 통합건설사업관리용역,대전도시공사,PQ,2286800000,2270752400,99.29825083,한종+도원,98.91,1850000000,102.8008,N
20200424313 - 00,20200417,화수지구 급경사지 붕괴위험지역 정비사업 실시설계용역,경상북도 군위군,PQ,1123050000,1121489000,99.86100352,동진+KG+동부,99.1,889383000,100.7872,Y
20200424313 - 00,20200417,화수지구 급경사지 붕괴위험지역 정비사업 실시설계용역,경상북도 군위군,PQ,1123050000,1121489000,99.86100352,건화+KCI+건일(휴우림+탄탄),96.96,889900000,99.1176,N
20200424313 - 00,20200417,화수지구 급경사지 붕괴위험지역 정비사업 실시설계용역,경상북도 군위군,PQ,1123050000,1121489000,99.86100352,한종+동성+서광,96.26,930000000,103.0042,N
20200424313 - 00,20200417,화수지구 급경사지 붕괴위험지역 정비사업 실시설계용역,경상북도 군위군,PQ,1123050000,1121489000,99.86100352,도화+한도+주하,93.08,951000000,102.736,N
20200424313 - 00,20200417,화수지구 급경사지 붕괴위험지역 정비사업 실시설계용역,경상북도 군위군,PQ,1123050000,1121489000,99.86100352,화신+보원+세원,95.01,1010900000,108.1962,N
20200426210 - 00,20200420,진천군 자연재해위험개선지구 정비사업 실시설계용역,충청북도 진천군,PQ,1455300000,1443202875,99.16875387,도화+영진+건양,99.09,1151900000,100.7216,N
20200426210 - 00,20200420,진천군 자연재해위험개선지구 정비사업 실시설계용역,충청북도 진천군,PQ,1455300000,1443202875,99.16875387,한종+홍익+보람,99.04,1142722000,99.8809,N
20200426210 - 00,20200420,진천군 자연재해위험개선지구 정비사업 실시설계용역,충청북도 진천군,PQ,1455300000,1443202875,99.16875387,이산+동림+하이콘,98.54,1141360000,99.3575,Y
20200426210 - 00,20200420,진천군 자연재해위험개선지구 정비사업 실시설계용역,충청북도 진천군,PQ,1455300000,1443202875,99.16875387,삼안+청우건축+KSM,98.43,1159840000,100.8767,N
20200426210 - 00,20200420,진천군 자연재해위험개선지구 정비사업 실시설계용역,충청북도 진천군,PQ,1455300000,1443202875,99.16875387,KG+대원+주하,98.25,1165400000,101.2194,N
20200426210 - 00,20200420,진천군 자연재해위험개선지구 정비사업 실시설계용역,충청북도 진천군,PQ,1455300000,1443202875,99.16875387,유신+도우+서영,98.21,1165573000,101.196,N
20200426210 - 00,20200420,진천군 자연재해위험개선지구 정비사업 실시설계용역,충청북도 진천군,PQ,1455300000,1443202875,99.16875387,동부+지명,98.15,1140744000,98.9903,N
20200426210 - 00,20200420,진천군 자연재해위험개선지구 정비사업 실시설계용역,충청북도 진천군,PQ,1455300000,1443202875,99.16875387,화신+극동+선+도명,98.04,1170180000,101.455,N
20200426210 - 00,20200420,진천군 자연재해위험개선지구 정비사업 실시설계용역,충청북도 진천군,PQ,1455300000,1443202875,99.16875387,다산+해린+정+일신,97.96,1137790000,98.5846,N
20200426210 - 00,20200420,진천군 자연재해위험개선지구 정비사업 실시설계용역,충청북도 진천군,PQ,1455300000,1443202875,99.16875387,건화+동국+KCI+창민+동서,97.85,1370000000,118.5999,N
20200425994 - 01,20200417,석남1지구 우수저류시설 설치사업 실시설계용역,인천광역시 서구,PQ,687973000,688416800,100.0645083,화신+평화+극동,98.94,591730000,100.3215,Y
20200425994 - 01,20200417,석남1지구 우수저류시설 설치사업 실시설계용역,인천광역시 서구,PQ,687973000,688416800,100.0645083,건화+KSM(한라+대성),98.4,587950000,99.5413,N
20200425994 - 01,20200417,석남1지구 우수저류시설 설치사업 실시설계용역,인천광역시 서구,PQ,687973000,688416800,100.0645083,삼안+KCI,98.37,589380000,99.7834,N
20200425994 - 01,20200417,석남1지구 우수저류시설 설치사업 실시설계용역,인천광역시 서구,PQ,687973000,688416800,100.0645083,제일+한종,98.34,596340000,100.95,N
20200425994 - 01,20200417,석남1지구 우수저류시설 설치사업 실시설계용역,인천광역시 서구,PQ,687973000,688416800,100.0645083,다산+바우,98.09,587400000,99.3672,N
20200425994 - 01,20200417,석남1지구 우수저류시설 설치사업 실시설계용역,인천광역시 서구,PQ,687973000,688416800,100.0645083,경호+주하,97.62,599850000,101.3553,N
20200425994 - 01,20200417,석남1지구 우수저류시설 설치사업 실시설계용역,인천광역시 서구,PQ,687973000,688416800,100.0645083,KG+동서,97.08,586560000,98.9717,N
20200425994 - 01,20200417,석남1지구 우수저류시설 설치사업 실시설계용역,인천광역시 서구,PQ,687973000,688416800,100.0645083,동부+동명,96.68,617012000,104.0013,N
2020-02-000230-00,20200417,영동선 영주~문단 등 21개소 재해예방시설공사 감독 권한대행 등 건설사업관리용역,한국철도시설공단,PQ,1507953700,1502990534,99.67086748,서현+동명,100,1174850000,99.8913,Y
2020-02-000230-00,20200417,영동선 영주~문단 등 21개소 재해예방시설공사 감독 권한대행 등 건설사업관리용역,한국철도시설공단,PQ,1507953700,1502990534,99.67086748,수성+동부,100,1182999999,100.5842,N
2020-02-000230-00,20200417,영동선 영주~문단 등 21개소 재해예방시설공사 감독 권한대행 등 건설사업관리용역,한국철도시설공단,PQ,1507953700,1502990534,99.67086748,유신+일신,100,1170577000,99.528,N
2020-02-000230-00,20200417,영동선 영주~문단 등 21개소 재해예방시설공사 감독 권한대행 등 건설사업관리용역,한국철도시설공단,PQ,1507953700,1502990534,99.67086748,KRTC+삼안,99.88,1171450000,99.5002,N
2020-02-000230-00,20200417,영동선 영주~문단 등 21개소 재해예방시설공사 감독 권한대행 등 건설사업관리용역,한국철도시설공단,PQ,1507953700,1502990534,99.67086748,대건+KG+선진,99.85,1183524600,100.5,N
2020-02-000230-00,20200417,영동선 영주~문단 등 21개소 재해예방시설공사 감독 권한대행 등 건설사업관리용역,한국철도시설공단,PQ,1507953700,1502990534,99.67086748,도화+대콘,99.79,1190360000,101.0158,N
2020-02-000230-00,20200417,영동선 영주~문단 등 21개소 재해예방시설공사 감독 권한대행 등 건설사업관리용역,한국철도시설공단,PQ,1507953700,1502990534,99.67086748,동일+태조,99.72,1170800000,99.2923,N
2020-02-000230-00,20200417,영동선 영주~문단 등 21개소 재해예방시설공사 감독 권한대행 등 건설사업관리용역,한국철도시설공단,PQ,1507953700,1502990534,99.67086748,천일+이산,99.57,1169890000,99.0884,N
2020-02-000230-00,20200417,영동선 영주~문단 등 21개소 재해예방시설공사 감독 권한대행 등 건설사업관리용역,한국철도시설공단,PQ,1507953700,1502990534,99.67086748,선구+신성,99.47,1199000000,101.4633,N
2020-02-000230-00,20200417,영동선 영주~문단 등 21개소 재해예방시설공사 감독 권한대행 등 건설사업관리용역,한국철도시설공단,PQ,1507953700,1502990534,99.67086748,동해+KCI,99.42,1200700000,101.5553,N
2020-02-000230-00,20200417,영동선 영주~문단 등 21개소 재해예방시설공사 감독 권한대행 등 건설사업관리용역,한국철도시설공단,PQ,1507953700,1502990534,99.67086748,서영+건화,99.15,1214000000,102.4451,N
B5202001190,20200417,서귀포시 동지역 상수도 유수율제고사업 기본 및 실시설계 용역,한국수자원공사,종심제,5500000000,5494667792,99.90305076,도화+서용+제원(한종),98.1,4486900000,81.58,Y
B5202001190,20200417,서귀포시 동지역 상수도 유수율제고사업 기본 및 실시설계 용역,한국수자원공사,종심제,5500000000,5494667792,99.90305076,건화+HEC+해진(명성),93.425,4508000000,81.9636,N
B5202001193,20200417,제주시 동지역(동부) 상수도 유수율제고사업 기본 및 실시설계용역,한국수자원공사,종심제,7623000000,7572158019,99.33304498,건화+삼화+HEC,100,6250000000,81.9887,Y
B5202001193,20200417,제주시 동지역(동부) 상수도 유수율제고사업 기본 및 실시설계용역,한국수자원공사,종심제,7623000000,7572158019,99.33304498,도화+서용+제원,97.029,6218000000,81.5689,N
20200426943 - 00,20200417,옥곡 신금지구 풍수해생활권 종합정비사업 기본 및 실시설계용역,전라남도 광양시,PQ,2946750000,2964791550,100.6122525,도화+신명+한기,99.9,2326720000,101.145,Y
20200426943 - 00,20200417,옥곡 신금지구 풍수해생활권 종합정비사업 기본 및 실시설계용역,전라남도 광양시,PQ,2946750000,2964791550,100.6122525,평화+유신,98.02,2358700000,100.9829,N
20200426943 - 00,20200417,옥곡 신금지구 풍수해생활권 종합정비사업 기본 및 실시설계용역,전라남도 광양시,PQ,2946750000,2964791550,100.6122525,삼안+동아+KCI,97.96,2310000000,98.8481,N
20200426943 - 00,20200417,옥곡 신금지구 풍수해생활권 종합정비사업 기본 및 실시설계용역,전라남도 광양시,PQ,2946750000,2964791550,100.6122525,이산+산이+제일,97.89,2309690000,98.7725,N
20200426943 - 00,20200417,옥곡 신금지구 풍수해생활권 종합정비사업 기본 및 실시설계용역,전라남도 광양시,PQ,2946750000,2964791550,100.6122525,건화+신오+KSM+우리(서영정보기술),97.79,2382000000,101.7878,N
20200426943 - 00,20200417,옥곡 신금지구 풍수해생활권 종합정비사업 기본 및 실시설계용역,전라남도 광양시,PQ,2946750000,2964791550,100.6122525,동부+우빈+우영,97.66,2310880000,98.6494,N
20200426943 - 00,20200417,옥곡 신금지구 풍수해생활권 종합정비사업 기본 및 실시설계용역,전라남도 광양시,PQ,2946750000,2964791550,100.6122525,한종+하이콘+청명,97.66,2366600000,101.028,N
20200427889 - 00,20200420,맑은물공급사업 2단계 3차 정비공사 건설사업관리용역,전라북도 전주시,PQ,1378143000,1363558850,98.9417535,한종+세화,100,1073945000,99.9128,N
20200427889 - 00,20200420,맑은물공급사업 2단계 3차 정비공사 건설사업관리용역,전라북도 전주시,PQ,1378143000,1363558850,98.9417535,건화+가온(주연),99.97,1082000000,100.6363,N
20200427889 - 00,20200420,맑은물공급사업 2단계 3차 정비공사 건설사업관리용역,전라북도 전주시,PQ,1378143000,1363558850,98.9417535,천일+대성기술,99.81,1073340000,99.6903,N
20200427889 - 00,20200420,맑은물공급사업 2단계 3차 정비공사 건설사업관리용역,전라북도 전주시,PQ,1378143000,1363558850,98.9417535,유신+더한,99.81,1084965000,100.77,N
20200427889 - 00,20200420,맑은물공급사업 2단계 3차 정비공사 건설사업관리용역,전라북도 전주시,PQ,1378143000,1363558850,98.9417535,극동+유일,99.78,1076900000,99.9954,N
20200427889 - 00,20200420,맑은물공급사업 2단계 3차 정비공사 건설사업관리용역,전라북도 전주시,PQ,1378143000,1363558850,98.9417535,신명+성원,99.75,1070670000,99.4042,N
20200427889 - 00,20200420,맑은물공급사업 2단계 3차 정비공사 건설사업관리용역,전라북도 전주시,PQ,1378143000,1363558850,98.9417535,경호+아라,99.74,1070670000,99.3914,N
20200427889 - 00,20200420,맑은물공급사업 2단계 3차 정비공사 건설사업관리용역,전라북도 전주시,PQ,1378143000,1363558850,98.9417535,선진+JCN,99.73,1069990000,99.3156,N
20200427889 - 00,20200420,맑은물공급사업 2단계 3차 정비공사 건설사업관리용역,전라북도 전주시,PQ,1378143000,1363558850,98.9417535,도화+한가람,99.69,1069200000,99.2169,N
20200427889 - 00,20200420,맑은물공급사업 2단계 3차 정비공사 건설사업관리용역,전라북도 전주시,PQ,1378143000,1363558850,98.9417535,수성+현성,99.67,1065845000,98.8803,N
20200427889 - 00,20200420,맑은물공급사업 2단계 3차 정비공사 건설사업관리용역,전라북도 전주시,PQ,1378143000,1363558850,98.9417535,홍익+유현,99.66,1089230000,101.0498,N
20200427889 - 00,20200420,맑은물공급사업 2단계 3차 정비공사 건설사업관리용역,전라북도 전주시,PQ,1378143000,1363558850,98.9417535,KCI+길,99.65,1088840000,101.0007,N
20200427889 - 00,20200420,맑은물공급사업 2단계 3차 정비공사 건설사업관리용역,전라북도 전주시,PQ,1378143000,1363558850,98.9417535,동일+신한,99.63,1068000000,99.0549,Y
20200427889 - 00,20200420,맑은물공급사업 2단계 3차 정비공사 건설사업관리용역,전라북도 전주시,PQ,1378143000,1363558850,98.9417535,대콘+성광,99.62,1088800000,100.9711,N
20200427889 - 00,20200420,맑은물공급사업 2단계 3차 정비공사 건설사업관리용역,전라북도 전주시,PQ,1378143000,1363558850,98.9417535,서영+목양,99.61,1091270000,101.2002,N
20200427889 - 00,20200420,맑은물공급사업 2단계 3차 정비공사 건설사업관리용역,전라북도 전주시,PQ,1378143000,1363558850,98.9417535,동성+국성건설,99.56,1064855000,98.7001,N
20200427889 - 00,20200420,맑은물공급사업 2단계 3차 정비공사 건설사업관리용역,전라북도 전주시,PQ,1378143000,1363558850,98.9417535,동명+조화,99.53,1092100000,101.1996,N
20200427889 - 00,20200420,맑은물공급사업 2단계 3차 정비공사 건설사업관리용역,전라북도 전주시,PQ,1378143000,1363558850,98.9417535,이산+태영,99.53,1064580000,98.6494,N
20200427889 - 00,20200420,맑은물공급사업 2단계 3차 정비공사 건설사업관리용역,전라북도 전주시,PQ,1378143000,1363558850,98.9417535,용마+대왕건설,99.52,1092300000,101.2181,N
20200427889 - 00,20200420,맑은물공급사업 2단계 3차 정비공사 건설사업관리용역,전라북도 전주시,PQ,1378143000,1363558850,98.9417535,삼안+주영,99.48,1093950000,101.3322,N
20200427889 - 00,20200420,맑은물공급사업 2단계 3차 정비공사 건설사업관리용역,전라북도 전주시,PQ,1378143000,1363558850,98.9417535,건양+천마,99.45,1085675100,100.54,N
20200427889 - 00,20200420,맑은물공급사업 2단계 3차 정비공사 건설사업관리용역,전라북도 전주시,PQ,1378143000,1363558850,98.9417535,범한+대도,99.44,1066000000,98.718,N
20200427889 - 00,20200420,맑은물공급사업 2단계 3차 정비공사 건설사업관리용역,전라북도 전주시,PQ,1378143000,1363558850,98.9417535,경동+동운,99.43,1065186000,98.63,N
20200427889 - 00,20200420,맑은물공급사업 2단계 3차 정비공사 건설사업관리용역,전라북도 전주시,PQ,1378143000,1363558850,98.9417535,동해+태평,99.4,1100000000,101.8276,N
20200427889 - 00,20200420,맑은물공급사업 2단계 3차 정비공사 건설사업관리용역,전라북도 전주시,PQ,1378143000,1363558850,98.9417535,삼보+온길,99.17,1096830000,101.3402,N
20200427889 - 00,20200420,맑은물공급사업 2단계 3차 정비공사 건설사업관리용역,전라북도 전주시,PQ,1378143000,1363558850,98.9417535,화신+고산,99.03,1100890000,101.5989,N
20200427889 - 00,20200420,맑은물공급사업 2단계 3차 정비공사 건설사업관리용역,전라북도 전주시,PQ,1378143000,1363558850,98.9417535,KG+인우,98.88,1068316000,98.48,N
20200428913 - 00,20200420,"용곡지구 도시개발사업 도시관리계획변경, 구역지정 및 개발계획수립, 실시설계 용역",충청남도 천안시,PQ,2596200000,2620773050,100.9465007,경호+삼안+한맥+강호,98.92,2042074000,99.9508,N
20200428913 - 00,20200420,"용곡지구 도시개발사업 도시관리계획변경, 구역지정 및 개발계획수립, 실시설계 용역",충청남도 천안시,PQ,2596200000,2620773050,100.9465007,도화+장맥+드림,98.79,2069700000,101.2001,Y
20200428913 - 00,20200420,"용곡지구 도시개발사업 도시관리계획변경, 구역지정 및 개발계획수립, 실시설계 용역",충청남도 천안시,PQ,2596200000,2620773050,100.9465007,동명+천마+기산+신성,97.9,2041500000,99.1041,N
20200428913 - 00,20200420,"용곡지구 도시개발사업 도시관리계획변경, 구역지정 및 개발계획수립, 실시설계 용역",충청남도 천안시,PQ,2596200000,2620773050,100.9465007,한종+세일+서영,97.75,2063100000,100.0392,N
20200428913 - 00,20200420,"용곡지구 도시개발사업 도시관리계획변경, 구역지정 및 개발계획수립, 실시설계 용역",충청남도 천안시,PQ,2596200000,2620773050,100.9465007,유신+우주+KG,97.74,2088271000,101.247,N
20200428913 - 00,20200420,"용곡지구 도시개발사업 도시관리계획변경, 구역지정 및 개발계획수립, 실시설계 용역",충청남도 천안시,PQ,2596200000,2620773050,100.9465007,경동+건화,97.6,2036805000,98.64,N
20200428913 - 00,20200420,"용곡지구 도시개발사업 도시관리계획변경, 구역지정 및 개발계획수립, 실시설계 용역",충청남도 천안시,PQ,2596200000,2620773050,100.9465007,동일+수성+우빈+수성E,97.58,2103000000,101.8329,N
20200428517 - 00,20200420,시흥시 수도정비기본계획(변경) 수립용역,경기도 시흥시,PQ,1500000000,1502130000,100.142,한종+도화+KG,99.15,1295800000,109.9837,Y
20200428517 - 00,20200420,시흥시 수도정비기본계획(변경) 수립용역,경기도 시흥시,PQ,1500000000,1502130000,100.142,건화+동명,98,1182466000,99.44,N
20200429664 - 00,20200420,낙풍천 하천정비 외 1개 소하천 감독권한대행등 건설사업관리용역,강원도 강릉시,PQ,1622280000,1633161525,100.670755,극동+한울+건일,100,1271749000,100.5099,N
20200429664 - 00,20200420,낙풍천 하천정비 외 1개 소하천 감독권한대행등 건설사업관리용역,강원도 강릉시,PQ,1622280000,1633161525,100.670755,한종+경원+화신,100,1263100000,99.8263,N
20200429664 - 00,20200420,낙풍천 하천정비 외 1개 소하천 감독권한대행등 건설사업관리용역,강원도 강릉시,PQ,1622280000,1633161525,100.670755,KG+일신+서광+하나,100,1267575000,100.18,N
20200429664 - 00,20200420,낙풍천 하천정비 외 1개 소하천 감독권한대행등 건설사업관리용역,강원도 강릉시,PQ,1622280000,1633161525,100.670755,경동+삼주+승,99.84,1273479000,100.5049,N
20200429664 - 00,20200420,낙풍천 하천정비 외 1개 소하천 감독권한대행등 건설사업관리용역,강원도 강릉시,PQ,1622280000,1633161525,100.670755,삼안+진화+진화기술개발,99.82,1258840000,99.3368,N
20200429664 - 00,20200420,낙풍천 하천정비 외 1개 소하천 감독권한대행등 건설사업관리용역,강원도 강릉시,PQ,1622280000,1633161525,100.670755,동부+삼경+미래,99.81,1275670000,100.652,N
20200429664 - 00,20200420,낙풍천 하천정비 외 1개 소하천 감독권한대행등 건설사업관리용역,강원도 강릉시,PQ,1622280000,1633161525,100.670755,동성+고려+동해,99.8,1258400000,99.2894,N
20200429664 - 00,20200420,낙풍천 하천정비 외 1개 소하천 감독권한대행등 건설사업관리용역,강원도 강릉시,PQ,1622280000,1633161525,100.670755,도화+정민+대상,99.75,1257500000,99.1803,N
20200429664 - 00,20200420,낙풍천 하천정비 외 1개 소하천 감독권한대행등 건설사업관리용역,강원도 강릉시,PQ,1622280000,1633161525,100.670755,동명+정+정원,99.7,1257200000,99.1059,N
20200429664 - 00,20200420,낙풍천 하천정비 외 1개 소하천 감독권한대행등 건설사업관리용역,강원도 강릉시,PQ,1622280000,1633161525,100.670755,건화+동남+경안,99.68,1256000000,98.9987,N
20200429664 - 00,20200420,낙풍천 하천정비 외 1개 소하천 감독권한대행등 건설사업관리용역,강원도 강릉시,PQ,1622280000,1633161525,100.670755,서영+청솔+영화,99.63,1283786000,101.15,N
20200429664 - 00,20200420,낙풍천 하천정비 외 1개 소하천 감독권한대행등 건설사업관리용역,강원도 강릉시,PQ,1622280000,1633161525,100.670755,천일+동성+성안,99.56,1255390000,98.8495,N
20200429664 - 00,20200420,낙풍천 하천정비 외 1개 소하천 감독권한대행등 건설사업관리용역,강원도 강릉시,PQ,1622280000,1633161525,100.670755,유신+JM+이레,99.52,1274805000,100.3526,N
20200429664 - 00,20200420,낙풍천 하천정비 외 1개 소하천 감독권한대행등 건설사업관리용역,강원도 강릉시,PQ,1622280000,1633161525,100.670755,수성+서강+강원길,99.51,1283320000,101.01,Y
20200429664 - 00,20200420,낙풍천 하천정비 외 1개 소하천 감독권한대행등 건설사업관리용역,강원도 강릉시,PQ,1622280000,1633161525,100.670755,이산+유비+수성,99.45,1255900000,98.8013,N
20200429664 - 00,20200420,낙풍천 하천정비 외 1개 소하천 감독권한대행등 건설사업관리용역,강원도 강릉시,PQ,1622280000,1633161525,100.670755,홍익+서경+국일,99.38,1254998000,98.6799,N
20200429664 - 00,20200420,낙풍천 하천정비 외 1개 소하천 감독권한대행등 건설사업관리용역,강원도 강릉시,PQ,1622280000,1633161525,100.670755,신명+서윤+화인,99.34,1254452000,98.5993,N
20200429664 - 00,20200420,낙풍천 하천정비 외 1개 소하천 감독권한대행등 건설사업관리용역,강원도 강릉시,PQ,1622280000,1633161525,100.670755,대콘+선진+현산+성우,99.23,1290000000,101.3029,N
20200429664 - 00,20200420,낙풍천 하천정비 외 1개 소하천 감독권한대행등 건설사업관리용역,강원도 강릉시,PQ,1622280000,1633161525,100.670755,용마+형제+효림,99.12,1295580000,101.6505,N
20200429664 - 00,20200420,낙풍천 하천정비 외 1개 소하천 감독권한대행등 건설사업관리용역,강원도 강릉시,PQ,1622280000,1633161525,100.670755,KCM+지호+JH,98.97,1297200000,101.6611,N
20200429531 - 00,20200420,알프스 하동 프로젝트 군관리계획 및 실시설계 용역,경상남도 하동군,PQ,812610000,805938525,99.17900653,한종+수성,99.61,696700000,100.1765,N
20200429531 - 00,20200420,알프스 하동 프로젝트 군관리계획 및 실시설계 용역,경상남도 하동군,PQ,812610000,805938525,99.17900653,도화+한성,99.6,694450000,99.853,N
20200429531 - 00,20200420,알프스 하동 프로젝트 군관리계획 및 실시설계 용역,경상남도 하동군,PQ,812610000,805938525,99.17900653,건화+한올+신화,99.56,698600000,100.438,N
20200429531 - 00,20200420,알프스 하동 프로젝트 군관리계획 및 실시설계 용역,경상남도 하동군,PQ,812610000,805938525,99.17900653,KG+하우,98.98,692920000,99.4703,Y
20200429531 - 00,20200420,알프스 하동 프로젝트 군관리계획 및 실시설계 용역,경상남도 하동군,PQ,812610000,805938525,99.17900653,선진+천진,98.82,701590000,100.6797,N
20200429531 - 00,20200420,알프스 하동 프로젝트 군관리계획 및 실시설계 용역,경상남도 하동군,PQ,812610000,805938525,99.17900653,경호+경화,98.45,691850000,99.1779,N
20200429531 - 00,20200420,알프스 하동 프로젝트 군관리계획 및 실시설계 용역,경상남도 하동군,PQ,812610000,805938525,99.17900653,유신+KSM,97.6,711980000,101.85,N
20200429531 - 00,20200420,알프스 하동 프로젝트 군관리계획 및 실시설계 용역,경상남도 하동군,PQ,812610000,805938525,99.17900653,삼안+로텍,96.02,728200000,103.7482,N
20200429545 - 01,20200420,이화~삼계(2) 도로확포장공사 감독권한대행 등 건설사업관리용역,경기도 경기도건설본부,PQ,5370979900,5327394450,99.18850097,동부+천일+신명,100,3932720000,100.3105,N
20200429545 - 01,20200420,이화~삼계(2) 도로확포장공사 감독권한대행 등 건설사업관리용역,경기도 경기도건설본부,PQ,5370979900,5327394450,99.18850097,도화+서영+KG,100,3916626000,99.9,N
20200429545 - 01,20200420,이화~삼계(2) 도로확포장공사 감독권한대행 등 건설사업관리용역,경기도 경기도건설본부,PQ,5370979900,5327394450,99.18850097,삼안+천마+태조,99.75,3958900000,100.7574,N
20200429545 - 01,20200420,이화~삼계(2) 도로확포장공사 감독권한대행 등 건설사업관리용역,경기도 경기도건설본부,PQ,5370979900,5327394450,99.18850097,이산+동성+경원,99.68,3936000000,100.1062,N
20200429545 - 01,20200420,이화~삼계(2) 도로확포장공사 감독권한대행 등 건설사업관리용역,경기도 경기도건설본부,PQ,5370979900,5327394450,99.18850097,건화+한맥+서현,99.65,3936830000,100.0999,N
20200429545 - 01,20200420,이화~삼계(2) 도로확포장공사 감독권한대행 등 건설사업관리용역,경기도 경기도건설본부,PQ,5370979900,5327394450,99.18850097,수성+유신+신성,99.65,3962999999,100.7653,N
20200429545 - 01,20200420,이화~삼계(2) 도로확포장공사 감독권한대행 등 건설사업관리용역,경기도 경기도건설본부,PQ,5370979900,5327394450,99.18850097,동명+대콘+용마,99.6,3914600000,99.4939,Y
20200429545 - 01,20200420,이화~삼계(2) 도로확포장공사 감독권한대행 등 건설사업관리용역,경기도 경기도건설본부,PQ,5370979900,5327394450,99.18850097,극동+효광+KSM,99.17,3996153000,101.18,N
20200429545 - 01,20200420,이화~삼계(2) 도로확포장공사 감독권한대행 등 건설사업관리용역,경기도 경기도건설본부,PQ,5370979900,5327394450,99.18850097,내경+한도,99.15,4004900000,101.3876,N
20200429545 - 01,20200420,이화~삼계(2) 도로확포장공사 감독권한대행 등 건설사업관리용역,경기도 경기도건설본부,PQ,5370979900,5327394450,99.18850097,경동+선진+경호,98.9,3975990000,100.4372,N
20200429545 - 01,20200420,이화~삼계(2) 도로확포장공사 감독권한대행 등 건설사업관리용역,경기도 경기도건설본부,PQ,5370979900,5327394450,99.18850097,동해+(주)한종+KCM,98.85,3997900000,100.9496,N
20200429545 - 01,20200420,이화~삼계(2) 도로확포장공사 감독권한대행 등 건설사업관리용역,경기도 경기도건설본부,PQ,5370979900,5327394450,99.18850097,한종+동일+오이디,98.84,3900800000,98.4844,N
20200429545 - 01,20200420,이화~삼계(2) 도로확포장공사 감독권한대행 등 건설사업관리용역,경기도 경기도건설본부,PQ,5370979900,5327394450,99.18850097,다산+건영,98.78,4036890000,101.8651,N
20200429545 - 01,20200420,이화~삼계(2) 도로확포장공사 감독권한대행 등 건설사업관리용역,경기도 경기도건설본부,PQ,5370979900,5327394450,99.18850097,홍익+다음,98.45,4043000000,101.7297,N
20200429545 - 01,20200420,이화~삼계(2) 도로확포장공사 감독권한대행 등 건설사업관리용역,경기도 경기도건설본부,PQ,5370979900,5327394450,99.18850097,평화+목양+삼보,98.05,4074200000,102.1696,N
20200429545 - 01,20200420,이화~삼계(2) 도로확포장공사 감독권한대행 등 건설사업관리용역,경기도 경기도건설본부,PQ,5370979900,5327394450,99.18850097,하이콘+케이탑,98.05,4066000000,101.9639,N
20200429445 - 00,20200420,제2순환도로 진월IC 진출입로 개설공사 감독권한대행 등 건설사업관리용역,광주광역시,PQ,715484000,710273550,99.2717587,도화+선우,100,614300000,100.4245,N
20200429445 - 00,20200420,제2순환도로 진월IC 진출입로 개설공사 감독권한대행 등 건설사업관리용역,광주광역시,PQ,715484000,710273550,99.2717587,건화+건영,99.97,611000000,99.8734,N
20200429445 - 00,20200420,제2순환도로 진월IC 진출입로 개설공사 감독권한대행 등 건설사업관리용역,광주광역시,PQ,715484000,710273550,99.2717587,우빈+신성,99.93,607257000,99.25,N
20200429445 - 00,20200420,제2순환도로 진월IC 진출입로 개설공사 감독권한대행 등 건설사업관리용역,광주광역시,PQ,715484000,710273550,99.2717587,한종+원우,99.85,607640000,99.2893,Y
20200429445 - 00,20200420,제2순환도로 진월IC 진출입로 개설공사 감독권한대행 등 건설사업관리용역,광주광역시,PQ,715484000,710273550,99.2717587,천일+에스이,99.85,614890000,100.474,N
20200429445 - 00,20200420,제2순환도로 진월IC 진출입로 개설공사 감독권한대행 등 건설사업관리용역,광주광역시,PQ,715484000,710273550,99.2717587,신명+한올,99.79,617878000,100.9504,N
20200429445 - 00,20200420,제2순환도로 진월IC 진출입로 개설공사 감독권한대행 등 건설사업관리용역,광주광역시,PQ,715484000,710273550,99.2717587,서영+서진,99.69,613740000,100.2509,N
20200429445 - 00,20200420,제2순환도로 진월IC 진출입로 개설공사 감독권한대행 등 건설사업관리용역,광주광역시,PQ,715484000,710273550,99.2717587,유신+한기,99.65,614663000,100.3899,N
20200429445 - 00,20200420,제2순환도로 진월IC 진출입로 개설공사 감독권한대행 등 건설사업관리용역,광주광역시,PQ,715484000,710273550,99.2717587,평화+용마,99.63,617240000,100.7991,N
20200429445 - 00,20200420,제2순환도로 진월IC 진출입로 개설공사 감독권한대행 등 건설사업관리용역,광주광역시,PQ,715484000,710273550,99.2717587,홍익+다우,99.59,597000000,97.4824,N
20200429445 - 00,20200420,제2순환도로 진월IC 진출입로 개설공사 감독권한대행 등 건설사업관리용역,광주광역시,PQ,715484000,710273550,99.2717587,경원+기찬,99.44,606810000,99.0495,N
20200429445 - 00,20200420,제2순환도로 진월IC 진출입로 개설공사 감독권한대행 등 건설사업관리용역,광주광역시,PQ,715484000,710273550,99.2717587,KCM+산하,99.37,606811000,99.0381,N
20200429445 - 00,20200420,제2순환도로 진월IC 진출입로 개설공사 감독권한대행 등 건설사업관리용역,광주광역시,PQ,715484000,710273550,99.2717587,진화+동아,99.2,620000000,101.1434,N
20200429445 - 00,20200420,제2순환도로 진월IC 진출입로 개설공사 감독권한대행 등 건설사업관리용역,광주광역시,PQ,715484000,710273550,99.2717587,화신+우리,98.93,606489000,98.8701,N
20200429431 - 00,20200420,광주 도시철도 2호선 2단계 건설사업 지하안전영향평가 용역,광주광역시,PQ,325380000,324630850,99.76976151,건화+평화,100,284400000,100.7614,N
20200429431 - 00,20200420,광주 도시철도 2호선 2단계 건설사업 지하안전영향평가 용역,광주광역시,PQ,325380000,324630850,99.76976151,다산+우리,100,282250000,99.9997,N
20200429431 - 00,20200420,광주 도시철도 2호선 2단계 건설사업 지하안전영향평가 용역,광주광역시,PQ,325380000,324630850,99.76976151,바우+신명,100,282670000,100.1485,N
20200429431 - 00,20200420,광주 도시철도 2호선 2단계 건설사업 지하안전영향평가 용역,광주광역시,PQ,325380000,324630850,99.76976151,천일+하이콘,99.6,280890000,99.472,N
20200429431 - 00,20200420,광주 도시철도 2호선 2단계 건설사업 지하안전영향평가 용역,광주광역시,PQ,325380000,324630850,99.76976151,동부+동아+삼안,99.57,281732000,99.7702,Y
20200429431 - 00,20200420,광주 도시철도 2호선 2단계 건설사업 지하안전영향평가 용역,광주광역시,PQ,325380000,324630850,99.76976151,한종+한기+유신,99.4,281150000,99.5411,N
20200429431 - 00,20200420,광주 도시철도 2호선 2단계 건설사업 지하안전영향평가 용역,광주광역시,PQ,325380000,324630850,99.76976151,동명+신오,98.9,289000000,102.2733,N
2020-02-000220-00,20200420,전주역 증축사업 외 1건 교통영향평가 용역,한국철도시설공단,PQ,230000000,232801210,101.2179174,동명,86.3,199100000,100.6163,N
2020-02-000220-00,20200420,전주역 증축사업 외 1건 교통영향평가 용역,한국철도시설공단,PQ,230000000,232801210,101.2179174,유신,83.7,198082000,99.8002,N
2020-02-000220-00,20200420,전주역 증축사업 외 1건 교통영향평가 용역,한국철도시설공단,PQ,230000000,232801210,101.2179174,수성,82,197879000,99.5019,N
2020-02-000220-00,20200420,전주역 증축사업 외 1건 교통영향평가 용역,한국철도시설공단,PQ,230000000,232801210,101.2179174,KG,80.15,202910000,101.8198,Y
2020-02-000220-00,20200420,전주역 증축사업 외 1건 교통영향평가 용역,한국철도시설공단,PQ,230000000,232801210,101.2179174,건화,78.1,203500000,101.8689,N
20200429951 - 00,20200421,진주시 진양호근린공원 조성계획(변경) 및 실시설계 용역,경상남도 진주시,PQ,566900000,563911075,99.47275975,한종+하우,99.07,486100000,100.0491,N
20200429951 - 00,20200421,진주시 진양호근린공원 조성계획(변경) 및 실시설계 용역,경상남도 진주시,PQ,566900000,563911075,99.47275975,KG+수성,97.93,486299000,99.7989,N
20200429951 - 00,20200421,진주시 진양호근린공원 조성계획(변경) 및 실시설계 용역,경상남도 진주시,PQ,566900000,563911075,99.47275975,유신+이솔,97.41,486043000,99.6189,Y
20200429951 - 00,20200421,진주시 진양호근린공원 조성계획(변경) 및 실시설계 용역,경상남도 진주시,PQ,566900000,563911075,99.47275975,도화+경화,97.18,495100000,101.4045,N
20200429951 - 00,20200421,진주시 진양호근린공원 조성계획(변경) 및 실시설계 용역,경상남도 진주시,PQ,566900000,563911075,99.47275975,경호+한성,96.95,484350000,99.1452,N
20200429951 - 00,20200421,진주시 진양호근린공원 조성계획(변경) 및 실시설계 용역,경상남도 진주시,PQ,566900000,563911075,99.47275975,건화+신화(서화기술공사),93.58,501600000,101.802,N
20200429951 - 00,20200421,진주시 진양호근린공원 조성계획(변경) 및 실시설계 용역,경상남도 진주시,PQ,566900000,563911075,99.47275975,삼안+로텍,93.07,500720000,101.495,N
20200429951 - 00,20200421,진주시 진양호근린공원 조성계획(변경) 및 실시설계 용역,경상남도 진주시,PQ,566900000,563911075,99.47275975,선진+천진,89.87,504770000,101.4995,N
20200429890 - 01,20200421,2030년 고창 군관리계획(재정비) 수립 용역,전라북도 고창군,PQ,1152000000,1142879075,99.20825304,도화+국성+동아,98.22,916330000,100.515,N
20200429890 - 01,20200421,2030년 고창 군관리계획(재정비) 수립 용역,전라북도 고창군,PQ,1152000000,1142879075,99.20825304,화신+동운+고산,97.67,911110000,99.4898,N
20200429890 - 01,20200421,2030년 고창 군관리계획(재정비) 수립 용역,전라북도 고창군,PQ,1152000000,1142879075,99.20825304,경호+대성+유현,97.66,910090000,99.3784,N
20200429890 - 01,20200421,2030년 고창 군관리계획(재정비) 수립 용역,전라북도 고창군,PQ,1152000000,1142879075,99.20825304,동명+성원,97.64,909600000,99.2999,Y
20200429890 - 01,20200421,2030년 고창 군관리계획(재정비) 수립 용역,전라북도 고창군,PQ,1152000000,1142879075,99.20825304,KG+인우+경원,97.46,928104000,101.18,N
20200429890 - 01,20200421,2030년 고창 군관리계획(재정비) 수립 용역,전라북도 고창군,PQ,1152000000,1142879075,99.20825304,건화+제이씨엔+한가람,96.95,937800000,101.8151,N
20200429890 - 01,20200421,2030년 고창 군관리계획(재정비) 수립 용역,전라북도 고창군,PQ,1152000000,1142879075,99.20825304,한종+세화+더한,96.68,931150000,100.8786,N
20200429890 - 01,20200421,2030년 고창 군관리계획(재정비) 수립 용역,전라북도 고창군,PQ,1152000000,1142879075,99.20825304,삼안+조화,96.66,1094500000,118.5608,N
20200429705 - 00,20200421,안산 방아머리 마리나항만 개발사업 환경영향평가 용역,경기도 안산시,PQ,360000000,362465100,100.68475,도화+퍼스트+신일,98.36,312620000,99.9469,N
20200429705 - 00,20200421,안산 방아머리 마리나항만 개발사업 환경영향평가 용역,경기도 안산시,PQ,360000000,362465100,100.68475,서영+동일+휴먼,97.95,313600000,100.2141,N
20200429705 - 00,20200421,안산 방아머리 마리나항만 개발사업 환경영향평가 용역,경기도 안산시,PQ,360000000,362465100,100.68475,선진+건일+한국환경,97.8,313780000,100.2601,N
20200429705 - 00,20200421,안산 방아머리 마리나항만 개발사업 환경영향평가 용역,경기도 안산시,PQ,360000000,362465100,100.68475,동명+동아+세광+대현,97.75,312590000,99.8684,N
20200429705 - 00,20200421,안산 방아머리 마리나항만 개발사업 환경영향평가 용역,경기도 안산시,PQ,360000000,362465100,100.68475,신성+KG+효산,97.54,311720000,99.579,N
20200429705 - 00,20200421,안산 방아머리 마리나항만 개발사업 환경영향평가 용역,경기도 안산시,PQ,360000000,362465100,100.68475,동성+라임+혜인,97.54,310477000,99.1819,N
20200429705 - 00,20200421,안산 방아머리 마리나항만 개발사업 환경영향평가 용역,경기도 안산시,PQ,360000000,362465100,100.68475,화신+한종+마린,97.42,310599000,99.2095,N
20200429705 - 00,20200421,안산 방아머리 마리나항만 개발사업 환경영향평가 용역,경기도 안산시,PQ,360000000,362465100,100.68475,수성+보드+이엔씨,96.96,310772000,99.2191,N
20200429705 - 00,20200421,안산 방아머리 마리나항만 개발사업 환경영향평가 용역,경기도 안산시,PQ,360000000,362465100,100.68475,건화+대영+레오,96.67,310000000,98.9385,N
20200429705 - 00,20200421,안산 방아머리 마리나항만 개발사업 환경영향평가 용역,경기도 안산시,PQ,360000000,362465100,100.68475,경호+천일+한솔,96.23,317750000,101.3654,N
20200429705 - 00,20200421,안산 방아머리 마리나항만 개발사업 환경영향평가 용역,경기도 안산시,PQ,360000000,362465100,100.68475,세일+이산,96,316860000,101.0698,Y
20200429705 - 00,20200421,안산 방아머리 마리나항만 개발사업 환경영향평가 용역,경기도 안산시,PQ,360000000,362465100,100.68475,평화+메이텍+IK,95.69,311230000,99.2398,N
20200429705 - 00,20200421,안산 방아머리 마리나항만 개발사업 환경영향평가 용역,경기도 안산시,PQ,360000000,362465100,100.68475,홍익+국토+우신,95.57,318355000,101.5001,N
20200429705 - 00,20200421,안산 방아머리 마리나항만 개발사업 환경영향평가 용역,경기도 안산시,PQ,360000000,362465100,100.68475,다산+엔탑+한항,94.43,321299000,102.3213,N
20200430620 - 00,20200421,"강릉 도시계획(용도지역,지구단위계획 등)결정(변경)및 개발계획수립 용역",강원도 강릉시 농업기술센터,PQ,1795752000,1794198725,99.91350281,KG+제일+삼경+대성,98.46,1424899000,100.46,Y
20200430620 - 00,20200421,"강릉 도시계획(용도지역,지구단위계획 등)결정(변경)및 개발계획수립 용역",강원도 강릉시 농업기술센터,PQ,1795752000,1794198725,99.91350281,일신+유신+삼안+성우,97.93,1420650000,99.7311,N
20200430620 - 00,20200421,"강릉 도시계획(용도지역,지구단위계획 등)결정(변경)및 개발계획수립 용역",강원도 강릉시 농업기술센터,PQ,1795752000,1794198725,99.91350281,수성+정+정원,97.89,1434799999,100.6864,N
20200430620 - 00,20200421,"강릉 도시계획(용도지역,지구단위계획 등)결정(변경)및 개발계획수립 용역",강원도 강릉시 농업기술센터,PQ,1795752000,1794198725,99.91350281,도화+서광+국일,97.87,1438830000,100.9565,N
20200430620 - 00,20200421,"강릉 도시계획(용도지역,지구단위계획 등)결정(변경)및 개발계획수립 용역",강원도 강릉시 농업기술센터,PQ,1795752000,1794198725,99.91350281,화신+동일+한울,97.86,1415090000,99.2907,N
20200430620 - 00,20200421,"강릉 도시계획(용도지역,지구단위계획 등)결정(변경)및 개발계획수립 용역",강원도 강릉시 농업기술센터,PQ,1795752000,1794198725,99.91350281,경호+미래+동명+동남,97.84,1410650000,98.9543,N
20200430620 - 00,20200421,"강릉 도시계획(용도지역,지구단위계획 등)결정(변경)및 개발계획수립 용역",강원도 강릉시 농업기술센터,PQ,1795752000,1794198725,99.91350281,건화+한종+진화+강원길,97.75,1447800000,101.4963,N
20200430620 - 00,20200421,"강릉 도시계획(용도지역,지구단위계획 등)결정(변경)및 개발계획수립 용역",강원도 강릉시 농업기술센터,PQ,1795752000,1794198725,99.91350281,서영+삼주+대상,97.72,1415000000,99.1719,N
20200430620 - 00,20200421,"강릉 도시계획(용도지역,지구단위계획 등)결정(변경)및 개발계획수립 용역",강원도 강릉시 농업기술센터,PQ,1795752000,1794198725,99.91350281,경동+경원+고려,97.56,1720000000,120.3816,N
20200430569 - 00,20200421,군산시 노후하수관로 정밀조사(2차) 용역,전라북도 군산시 수도사업소,PQ,1341296000,1331403975,99.26250246,건화+경화,100,1044000000,99.7951,N
20200430569 - 00,20200421,군산시 노후하수관로 정밀조사(2차) 용역,전라북도 군산시 수도사업소,PQ,1341296000,1331403975,99.26250246,도화+드림,100,1054100000,100.7605,N
20200430569 - 00,20200421,군산시 노후하수관로 정밀조사(2차) 용역,전라북도 군산시 수도사업소,PQ,1341296000,1331403975,99.26250246,유신+신명,100,1045095000,99.8997,N
20200430569 - 00,20200421,군산시 노후하수관로 정밀조사(2차) 용역,전라북도 군산시 수도사업소,PQ,1341296000,1331403975,99.26250246,한종+범한,100,1051900000,100.5502,N
20200430569 - 00,20200421,군산시 노후하수관로 정밀조사(2차) 용역,전라북도 군산시 수도사업소,PQ,1341296000,1331403975,99.26250246,동명+영진,99.9,1054200000,100.6797,N
20200430569 - 00,20200421,군산시 노후하수관로 정밀조사(2차) 용역,전라북도 군산시 수도사업소,PQ,1341296000,1331403975,99.26250246,삼안+건양,99.9,1040160000,99.3389,Y
20200430569 - 00,20200421,군산시 노후하수관로 정밀조사(2차) 용역,전라북도 군산시 수도사업소,PQ,1341296000,1331403975,99.26250246,선진+청우+브니엘,99.9,1053100000,100.5747,N
20200430569 - 00,20200421,군산시 노후하수관로 정밀조사(2차) 용역,전라북도 군산시 수도사업소,PQ,1341296000,1331403975,99.26250246,화신+한도,99.9,1042949000,99.6052,N
20200430569 - 00,20200421,군산시 노후하수관로 정밀조사(2차) 용역,전라북도 군산시 수도사업소,PQ,1341296000,1331403975,99.26250246,제일+평화,99.8,1058400000,101.0032,N
20200430569 - 00,20200421,군산시 노후하수관로 정밀조사(2차) 용역,전라북도 군산시 수도사업소,PQ,1341296000,1331403975,99.26250246,경동+국성,99.76,1038680000,99.0833,N
20200430569 - 00,20200421,군산시 노후하수관로 정밀조사(2차) 용역,전라북도 군산시 수도사업소,PQ,1341296000,1331403975,99.26250246,경호+세원,99.6,1064500000,101.4166,N
20200430569 - 00,20200421,군산시 노후하수관로 정밀조사(2차) 용역,전라북도 군산시 수도사업소,PQ,1341296000,1331403975,99.26250246,KG+수성,99.33,1069583000,101.68,N
20200430569 - 00,20200421,군산시 노후하수관로 정밀조사(2차) 용역,전라북도 군산시 수도사업소,PQ,1341296000,1331403975,99.26250246,이산+HEC,98.63,1073790000,101.4975,N
20200430569 - 00,20200421,군산시 노후하수관로 정밀조사(2차) 용역,전라북도 군산시 수도사업소,PQ,1341296000,1331403975,99.26250246,홍익+지산,98.58,1082690000,102.2998,N
20200430597 - 00,20200421,후평지구(옥고개)재해예방사업 기본 및 실시설계용역,강원도 평창군,PQ,1230240000,1241724350,100.9335048,서광+KG+삼경,99.25,976726381,101.17,Y
20200430597 - 00,20200421,후평지구(옥고개)재해예방사업 기본 및 실시설계용역,강원도 평창군,PQ,1230240000,1241724350,100.9335048,경동+일신+정,97.98,971990000,99.6383,N
20200430597 - 00,20200421,후평지구(옥고개)재해예방사업 기본 및 실시설계용역,강원도 평창군,PQ,1230240000,1241724350,100.9335048,도화+제일+미래+동서,97.08,997100000,101.4828,N
20200430597 - 00,20200421,후평지구(옥고개)재해예방사업 기본 및 실시설계용역,강원도 평창군,PQ,1230240000,1241724350,100.9335048,화신+건화+대성(쏘일테크),96.78,969460000,98.4232,N
20200430597 - 00,20200421,후평지구(옥고개)재해예방사업 기본 및 실시설계용역,강원도 평창군,PQ,1230240000,1241724350,100.9335048,경원+천일+고려,96.47,987330000,100.0001,N
20200430597 - 00,20200421,후평지구(옥고개)재해예방사업 기본 및 실시설계용역,강원도 평창군,PQ,1230240000,1241724350,100.9335048,극동+국일+강원길,96.01,1007371000,101.6499,N
20200430791 - 00,20200421,팔당댐상류 단위유역 유역하수도정비계획 변경수립 용역,환경부 한강유역환경청,PQ,787360000,790928750,100.4532552,한종+장맥,99.26,672600000,99.9178,N
20200430791 - 00,20200421,팔당댐상류 단위유역 유역하수도정비계획 변경수립 용역,환경부 한강유역환경청,PQ,787360000,790928750,100.4532552,수성+삼안,98.96,674630000,100.2194,N
20200430791 - 00,20200421,팔당댐상류 단위유역 유역하수도정비계획 변경수립 용역,환경부 한강유역환경청,PQ,787360000,790928750,100.4532552,이산+건화+도화,98.94,669700000,99.487,N
20200430791 - 00,20200421,팔당댐상류 단위유역 유역하수도정비계획 변경수립 용역,환경부 한강유역환경청,PQ,787360000,790928750,100.4532552,KG+경동,98.9,675711000,100.3799,N
20200430791 - 00,20200421,팔당댐상류 단위유역 유역하수도정비계획 변경수립 용역,환경부 한강유역환경청,PQ,787360000,790928750,100.4532552,제일+유신+정,98.75,675500000,100.3486,N
20200430791 - 00,20200421,팔당댐상류 단위유역 유역하수도정비계획 변경수립 용역,환경부 한강유역환경청,PQ,787360000,790928750,100.4532552,동명,98.47,673700000,100.0812,N
20200430791 - 00,20200421,팔당댐상류 단위유역 유역하수도정비계획 변경수립 용역,환경부 한강유역환경청,PQ,787360000,790928750,100.4532552,화신+건양,98.1,672048000,99.8124,N
20200430791 - 00,20200421,팔당댐상류 단위유역 유역하수도정비계획 변경수립 용역,환경부 한강유역환경청,PQ,787360000,790928750,100.4532552,범한+보람,98.78,690000000,102.3948,Y
20200430472 - 00,20200421,배곧~월곶 연결교량(차도교) 설치공사 감독권한대행 건설사업관리용역,경기도 시흥시,PQ,1686228000,1683660775,99.84775339,건화+경화,100,1330780000,101.1866,N
20200430472 - 00,20200421,배곧~월곶 연결교량(차도교) 설치공사 감독권한대행 건설사업관리용역,경기도 시흥시,PQ,1686228000,1683660775,99.84775339,도화+행림,100,1304800000,99.2112,N
20200430472 - 00,20200421,배곧~월곶 연결교량(차도교) 설치공사 감독권한대행 건설사업관리용역,경기도 시흥시,PQ,1686228000,1683660775,99.84775339,삼안+태조,100,1322970000,100.5928,N
20200430472 - 00,20200421,배곧~월곶 연결교량(차도교) 설치공사 감독권한대행 건설사업관리용역,경기도 시흥시,PQ,1686228000,1683660775,99.84775339,한종+경동,100,1312400000,99.7891,N
20200430472 - 00,20200421,배곧~월곶 연결교량(차도교) 설치공사 감독권한대행 건설사업관리용역,경기도 시흥시,PQ,1686228000,1683660775,99.84775339,동명+대원,100,1316500000,100.1009,N
20200430472 - 00,20200421,배곧~월곶 연결교량(차도교) 설치공사 감독권한대행 건설사업관리용역,경기도 시흥시,PQ,1686228000,1683660775,99.84775339,이산+건일,100,1314120000,99.9199,N
20200430472 - 00,20200421,배곧~월곶 연결교량(차도교) 설치공사 감독권한대행 건설사업관리용역,경기도 시흥시,PQ,1686228000,1683660775,99.84775339,신성+효산,100,1315760000,100.0446,N
20200430472 - 00,20200421,배곧~월곶 연결교량(차도교) 설치공사 감독권한대행 건설사업관리용역,경기도 시흥시,PQ,1686228000,1683660775,99.84775339,유신+선진,100,1332978000,101.3538,N
20200430472 - 00,20200421,배곧~월곶 연결교량(차도교) 설치공사 감독권한대행 건설사업관리용역,경기도 시흥시,PQ,1686228000,1683660775,99.84775339,서영+동서,100,1324380000,100.7,N
20200430472 - 00,20200421,배곧~월곶 연결교량(차도교) 설치공사 감독권한대행 건설사업관리용역,경기도 시흥시,PQ,1686228000,1683660775,99.84775339,다산+벽산,100,1306231000,99.32,N
20200430472 - 00,20200421,배곧~월곶 연결교량(차도교) 설치공사 감독권한대행 건설사업관리용역,경기도 시흥시,PQ,1686228000,1683660775,99.84775339,수성+서영,100,1312014000,99.7598,N
20200430472 - 00,20200421,배곧~월곶 연결교량(차도교) 설치공사 감독권한대행 건설사업관리용역,경기도 시흥시,PQ,1686228000,1683660775,99.84775339,경호+평화,100,1313190000,99.8492,Y
20200430472 - 00,20200421,배곧~월곶 연결교량(차도교) 설치공사 감독권한대행 건설사업관리용역,경기도 시흥시,PQ,1686228000,1683660775,99.84775339,삼보+건영,100,1320960000,100.44,N
20200430472 - 00,20200421,배곧~월곶 연결교량(차도교) 설치공사 감독권한대행 건설사업관리용역,경기도 시흥시,PQ,1686228000,1683660775,99.84775339,천일+케이탑,100,1313330000,99.8598,N
20200430472 - 00,20200421,배곧~월곶 연결교량(차도교) 설치공사 감독권한대행 건설사업관리용역,경기도 시흥시,PQ,1686228000,1683660775,99.84775339,용마+드림,100,1320330000,100.3921,N
20200430472 - 00,20200421,배곧~월곶 연결교량(차도교) 설치공사 감독권한대행 건설사업관리용역,경기도 시흥시,PQ,1686228000,1683660775,99.84775339,동성+오이디,100,1323988000,100.6702,N
20200430472 - 00,20200421,배곧~월곶 연결교량(차도교) 설치공사 감독권한대행 건설사업관리용역,경기도 시흥시,PQ,1686228000,1683660775,99.84775339,홍익+케이아트,100,1304260000,99.1702,N
20200430472 - 00,20200421,배곧~월곶 연결교량(차도교) 설치공사 감독권한대행 건설사업관리용역,경기도 시흥시,PQ,1686228000,1683660775,99.84775339,동일+목양,100,1308990000,99.5298,N
20200430472 - 00,20200421,배곧~월곶 연결교량(차도교) 설치공사 감독권한대행 건설사업관리용역,경기도 시흥시,PQ,1686228000,1683660775,99.84775339,경원+세일,100,1312017000,99.76,N
20200430472 - 00,20200421,배곧~월곶 연결교량(차도교) 설치공사 감독권한대행 건설사업관리용역,경기도 시흥시,PQ,1686228000,1683660775,99.84775339,동부+천마,100,1317943000,100.2106,N
20200430472 - 00,20200421,배곧~월곶 연결교량(차도교) 설치공사 감독권한대행 건설사업관리용역,경기도 시흥시,PQ,1686228000,1683660775,99.84775339,KG+보람,100,1323328000,100.62,N
20200430472 - 00,20200421,배곧~월곶 연결교량(차도교) 설치공사 감독권한대행 건설사업관리용역,경기도 시흥시,PQ,1686228000,1683660775,99.84775339,한맥+내경,100,1313514000,99.8738,N
20200430472 - 00,20200421,배곧~월곶 연결교량(차도교) 설치공사 감독권한대행 건설사업관리용역,경기도 시흥시,PQ,1686228000,1683660775,99.84775339,극동+대건,100,1323195000,100.6099,N
20200430472 - 00,20200421,배곧~월곶 연결교량(차도교) 설치공사 감독권한대행 건설사업관리용역,경기도 시흥시,PQ,1686228000,1683660775,99.84775339,대콘+동우,100,1303330000,99.0995,N
20200430472 - 00,20200421,배곧~월곶 연결교량(차도교) 설치공사 감독권한대행 건설사업관리용역,경기도 시흥시,PQ,1686228000,1683660775,99.84775339,신명+다음,100,1317000000,100.1389,N
20200430472 - 00,20200421,배곧~월곶 연결교량(차도교) 설치공사 감독권한대행 건설사업관리용역,경기도 시흥시,PQ,1686228000,1683660775,99.84775339,하이콘+동해,100,1319900000,100.3594,N
20200430472 - 00,20200421,배곧~월곶 연결교량(차도교) 설치공사 감독권한대행 건설사업관리용역,경기도 시흥시,PQ,1686228000,1683660775,99.84775339,KCM+지유,99.94,1324800000,100.6803,N
20200431584 - 00,20200421,진천군 광혜원처리구역 하수관로 정비사업 기본 및 실시설계,한국환경공단,PQ,904585000,907608625,100.3342555,삼안+홍익,99.3,778624000,100.4907,Y
20200431584 - 00,20200421,진천군 광혜원처리구역 하수관로 정비사업 기본 및 실시설계,한국환경공단,PQ,904585000,907608625,100.3342555,동명+건양,98.91,774409000,99.8534,N
20200431584 - 00,20200421,진천군 광혜원처리구역 하수관로 정비사업 기본 및 실시설계,한국환경공단,PQ,904585000,907608625,100.3342555,도화+영진,97.93,780450000,100.3748,N
20200431584 - 00,20200421,진천군 광혜원처리구역 하수관로 정비사업 기본 및 실시설계,한국환경공단,PQ,904585000,907608625,100.3342555,이산+동림,97.71,772460000,99.2894,N
20200431584 - 00,20200421,진천군 광혜원처리구역 하수관로 정비사업 기본 및 실시설계,한국환경공단,PQ,904585000,907608625,100.3342555,한종+건화+지명,97.43,788300000,101.2548,N
20200431584 - 00,20200421,진천군 광혜원처리구역 하수관로 정비사업 기본 및 실시설계,한국환경공단,PQ,904585000,907608625,100.3342555,화신+선,96.7,771400000,98.9002,N
20200431584 - 00,20200421,진천군 광혜원처리구역 하수관로 정비사업 기본 및 실시설계,한국환경공단,PQ,904585000,907608625,100.3342555,제일+대원,95.98,799400000,102.3002,N
20200431423 - 00,20200421,하남일반산단 재생사업 사후환경영향조사 용역,광주광역시,PQ,1472240000,1474124500,100.1280022,평화+선진+엔탑,99.38,1159920000,100.5117,Y
20200431423 - 00,20200421,하남일반산단 재생사업 사후환경영향조사 용역,광주광역시,PQ,1472240000,1474124500,100.1280022,동아+동명+경호+퍼스트,98.65,1158690000,99.794,N
20200431423 - 00,20200421,하남일반산단 재생사업 사후환경영향조사 용역,광주광역시,PQ,1472240000,1474124500,100.1280022,도화+대현,98.64,1173100000,101.0223,N
20200431423 - 00,20200421,하남일반산단 재생사업 사후환경영향조사 용역,광주광역시,PQ,1472240000,1474124500,100.1280022,건화+KG+상원+한솔,98.51,1151900000,99.0961,N
20200431423 - 00,20200421,하남일반산단 재생사업 사후환경영향조사 용역,광주광역시,PQ,1472240000,1474124500,100.1280022,수성+신명+세종+CNS,98.43,1150899999,98.9474,N
20200431423 - 00,20200421,하남일반산단 재생사업 사후환경영향조사 용역,광주광역시,PQ,1472240000,1474124500,100.1280022,동일+이에스+신성,98.24,1150900000,98.7973,N
20200431423 - 00,20200421,하남일반산단 재생사업 사후환경영향조사 용역,광주광역시,PQ,1472240000,1474124500,100.1280022,홍익+하우원+DS,98.11,1151511000,98.7499,N
20200431423 - 00,20200421,하남일반산단 재생사업 사후환경영향조사 용역,광주광역시,PQ,1472240000,1474124500,100.1280022,서영+동진,98.08,1182710000,101.3999,N
20200431423 - 00,20200421,하남일반산단 재생사업 사후환경영향조사 용역,광주광역시,PQ,1472240000,1474124500,100.1280022,동성+우리이엔지,98.02,1184440000,101.4969,N
20200431423 - 00,20200421,하남일반산단 재생사업 사후환경영향조사 용역,광주광역시,PQ,1472240000,1474124500,100.1280022,동부+다산+성호,97.09,1194600000,101.5985,N
20200431423 - 00,20200421,하남일반산단 재생사업 사후환경영향조사 용역,광주광역시,PQ,1472240000,1474124500,100.1280022,삼안+화신+한기+누리,96.48,1199000000,101.4772,N
20200431423 - 00,20200421,하남일반산단 재생사업 사후환경영향조사 용역,광주광역시,PQ,1472240000,1474124500,100.1280022,이산+신오+중앙방재,96.3,1210500000,102.3103,N
20200431423 - 00,20200421,하남일반산단 재생사업 사후환경영향조사 용역,광주광역시,PQ,1472240000,1474124500,100.1280022,유신+예평+가온,96.25,1353000000,114.3116,N
20200431332 - 01,20200421,복수~진산간 지방도 확포장공사 기본 및 실시설계 용역 ,충청남도 종합건설사업소,PQ,2716131000,2684678275,98.84200265,한맥+삼안,97.96,2159300000,100.2448,N
20200431332 - 01,20200421,복수~진산간 지방도 확포장공사 기본 및 실시설계 용역 ,충청남도 종합건설사업소,PQ,2716131000,2684678275,98.84200265,홍익+계림,97.96,2152735000,99.94,N
20200431332 - 01,20200421,복수~진산간 지방도 확포장공사 기본 및 실시설계 용역 ,충청남도 종합건설사업소,PQ,2716131000,2684678275,98.84200265,제일+기산,97.96,2166950000,100.5999,N
20200431332 - 01,20200421,복수~진산간 지방도 확포장공사 기본 및 실시설계 용역 ,충청남도 종합건설사업소,PQ,2716131000,2684678275,98.84200265,KG+천마,97.96,2156400000,100.1101,N
20200431332 - 01,20200421,복수~진산간 지방도 확포장공사 기본 및 실시설계 용역 ,충청남도 종합건설사업소,PQ,2716131000,2684678275,98.84200265,천일+양지+바우,97.86,2157380000,100.0799,N
20200431332 - 01,20200421,복수~진산간 지방도 확포장공사 기본 및 실시설계 용역 ,충청남도 종합건설사업소,PQ,2716131000,2684678275,98.84200265,장맥+수성,97.85,2144780000,99.4829,N
20200431332 - 01,20200421,복수~진산간 지방도 확포장공사 기본 및 실시설계 용역 ,충청남도 종합건설사업소,PQ,2716131000,2684678275,98.84200265,동명+건화+세일(동희+경일),97.82,2158630000,100.1001,N
20200431332 - 01,20200421,복수~진산간 지방도 확포장공사 기본 및 실시설계 용역 ,충청남도 종합건설사업소,PQ,2716131000,2684678275,98.84200265,극동+명성,97.79,2141268000,99.2699,N
20200431332 - 01,20200421,복수~진산간 지방도 확포장공사 기본 및 실시설계 용역 ,충청남도 종합건설사업소,PQ,2716131000,2684678275,98.84200265,드림+용마+화신,97.75,2148700000,99.5894,N
20200431332 - 01,20200421,복수~진산간 지방도 확포장공사 기본 및 실시설계 용역 ,충청남도 종합건설사업소,PQ,2716131000,2684678275,98.84200265,다산+경인,97.68,2137399000,99.0033,Y
20200431332 - 01,20200421,복수~진산간 지방도 확포장공사 기본 및 실시설계 용역 ,충청남도 종합건설사업소,PQ,2716131000,2684678275,98.84200265,경동+유신+대콘,97.67,2154673000,99.7909,N
20200431332 - 01,20200421,복수~진산간 지방도 확포장공사 기본 및 실시설계 용역 ,충청남도 종합건설사업소,PQ,2716131000,2684678275,98.84200265,평화+유원,97.64,2141300000,99.1466,N
20200431332 - 01,20200421,복수~진산간 지방도 확포장공사 기본 및 실시설계 용역 ,충청남도 종합건설사업소,PQ,2716131000,2684678275,98.84200265,도화+예당,97.62,2138250000,98.9929,N
20200431332 - 01,20200421,복수~진산간 지방도 확포장공사 기본 및 실시설계 용역 ,충청남도 종합건설사업소,PQ,2716131000,2684678275,98.84200265,삼보+송현,97.56,2141850000,99.1097,N
20200431332 - 01,20200421,복수~진산간 지방도 확포장공사 기본 및 실시설계 용역 ,충청남도 종합건설사업소,PQ,2716131000,2684678275,98.84200265,경호+우주+동부,97.51,2134970000,98.7541,N
20200431332 - 01,20200421,복수~진산간 지방도 확포장공사 기본 및 실시설계 용역 ,충청남도 종합건설사업소,PQ,2716131000,2684678275,98.84200265,한종+동국,97.5,2136100000,98.8064,N
20200431332 - 01,20200421,복수~진산간 지방도 확포장공사 기본 및 실시설계 용역 ,충청남도 종합건설사업소,PQ,2716131000,2684678275,98.84200265,동일+서영+우빈,97.49,2138300000,98.8957,N
20200430873 - 01,20200421,서면~비인 지방도 확포장공사 기본 및 실시설계 용역 ,충청남도 종합건설사업소,PQ,1461460000,1456377800,99.65225186,드림+수성,98.56,1159400000,100.5152,N
20200430873 - 01,20200421,서면~비인 지방도 확포장공사 기본 및 실시설계 용역 ,충청남도 종합건설사업소,PQ,1461460000,1456377800,99.65225186,도화+예당,98.03,1164330000,100.5096,N
20200430873 - 01,20200421,서면~비인 지방도 확포장공사 기본 및 실시설계 용역 ,충청남도 종합건설사업소,PQ,1461460000,1456377800,99.65225186,동부+경호+우주,98.03,1164790000,100.5493,N
20200430873 - 01,20200421,서면~비인 지방도 확포장공사 기본 및 실시설계 용역 ,충청남도 종합건설사업소,PQ,1461460000,1456377800,99.65225186,동일+장맥,98.03,1152500000,99.4884,N
20200430873 - 01,20200421,서면~비인 지방도 확포장공사 기본 및 실시설계 용역 ,충청남도 종합건설사업소,PQ,1461460000,1456377800,99.65225186,삼보+화신+송현,98.03,1156790000,99.8588,Y
20200430873 - 01,20200421,서면~비인 지방도 확포장공사 기본 및 실시설계 용역 ,충청남도 종합건설사업소,PQ,1461460000,1456377800,99.65225186,제일+동명+세일,97.82,1170800000,100.9027,N
20200430873 - 01,20200421,서면~비인 지방도 확포장공사 기본 및 실시설계 용역 ,충청남도 종합건설사업소,PQ,1461460000,1456377800,99.65225186,유신+기산,97.81,1150411000,99.133,N
20200430873 - 01,20200421,서면~비인 지방도 확포장공사 기본 및 실시설계 용역 ,충청남도 종합건설사업소,PQ,1461460000,1456377800,99.65225186,한맥+건화(동일컨설탄트),97.8,1172710000,101.0545,N
20200430873 - 01,20200421,서면~비인 지방도 확포장공사 기본 및 실시설계 용역 ,충청남도 종합건설사업소,PQ,1461460000,1456377800,99.65225186,천일+양지+바우,97.79,1171640000,100.9496,N
20200430873 - 01,20200421,서면~비인 지방도 확포장공사 기본 및 실시설계 용역 ,충청남도 종합건설사업소,PQ,1461460000,1456377800,99.65225186,극동+용마+더그린,97.77,1170978000,100.8799,N
20200430873 - 01,20200421,서면~비인 지방도 확포장공사 기본 및 실시설계 용역 ,충청남도 종합건설사업소,PQ,1461460000,1456377800,99.65225186,홍익+계림,97.75,1146750000,98.7802,N
20200430873 - 01,20200421,서면~비인 지방도 확포장공사 기본 및 실시설계 용역 ,충청남도 종합건설사업소,PQ,1461460000,1456377800,99.65225186,한종+동국,97.72,1148500000,98.906,N
20200430873 - 01,20200421,서면~비인 지방도 확포장공사 기본 및 실시설계 용역 ,충청남도 종합건설사업소,PQ,1461460000,1456377800,99.65225186,KG+천마,97.72,1148660000,98.9198,N
20200430873 - 01,20200421,서면~비인 지방도 확포장공사 기본 및 실시설계 용역 ,충청남도 종합건설사업소,PQ,1461460000,1456377800,99.65225186,경동+경원,97.51,1182570000,101.6609,N
20200430873 - 01,20200421,서면~비인 지방도 확포장공사 기본 및 실시설계 용역 ,충청남도 종합건설사업소,PQ,1461460000,1456377800,99.65225186,평화+유원,97.3,1185500000,101.7466,N
20200430873 - 01,20200421,서면~비인 지방도 확포장공사 기본 및 실시설계 용역 ,충청남도 종합건설사업소,PQ,1461460000,1456377800,99.65225186,대콘+서영+우빈,97.23,1146000000,98.2949,N
20200430873 - 01,20200421,서면~비인 지방도 확포장공사 기본 및 실시설계 용역 ,충청남도 종합건설사업소,PQ,1461460000,1456377800,99.65225186,다산+경인,97.08,1265000000,108.3795,N
20200431942 - 00,20200422,위임국도 13호선 진안 삼락지구 위험도로 개선사업 감독권한대행 등 건설사업관리용역,전라북도,PQ,799788000,800429900,100.0802588,천마+현성,100,682799000,99.8567,N
20200431942 - 00,20200422,위임국도 13호선 진안 삼락지구 위험도로 개선사업 감독권한대행 등 건설사업관리용역,전라북도,PQ,799788000,800429900,100.0802588,신성+JCN,99.87,687760000,100.547,Y
20200431942 - 00,20200422,위임국도 13호선 진안 삼락지구 위험도로 개선사업 감독권한대행 등 건설사업관리용역,전라북도,PQ,799788000,800429900,100.0802588,도화+한가람,99.8,682600000,99.7693,N
20200431942 - 00,20200422,위임국도 13호선 진안 삼락지구 위험도로 개선사업 감독권한대행 등 건설사업관리용역,전라북도,PQ,799788000,800429900,100.0802588,수성+세화,99.79,678975000,99.2394,N
20200431942 - 00,20200422,위임국도 13호선 진안 삼락지구 위험도로 개선사업 감독권한대행 등 건설사업관리용역,전라북도,PQ,799788000,800429900,100.0802588,극동+건일,99.7,687965000,100.5299,N
20200431942 - 00,20200422,위임국도 13호선 진안 삼락지구 위험도로 개선사업 감독권한대행 등 건설사업관리용역,전라북도,PQ,799788000,800429900,100.0802588,홍익+유현,99.62,679160000,99.2201,N
20200431942 - 00,20200422,위임국도 13호선 진안 삼락지구 위험도로 개선사업 감독권한대행 등 건설사업관리용역,전라북도,PQ,799788000,800429900,100.0802588,경원+고산,99.57,684300000,99.9593,N
20200431942 - 00,20200422,위임국도 13호선 진안 삼락지구 위험도로 개선사업 감독권한대행 등 건설사업관리용역,전라북도,PQ,799788000,800429900,100.0802588,KCI+길건축,99.57,0,0,N
20200431942 - 00,20200422,위임국도 13호선 진안 삼락지구 위험도로 개선사업 감독권한대행 등 건설사업관리용역,전라북도,PQ,799788000,800429900,100.0802588,동해+태평,99.54,689999000,100.78,N
20200431942 - 00,20200422,위임국도 13호선 진안 삼락지구 위험도로 개선사업 감독권한대행 등 건설사업관리용역,전라북도,PQ,799788000,800429900,100.0802588,KCM+태영,99.43,689870000,100.7376,N
20200431942 - 00,20200422,위임국도 13호선 진안 삼락지구 위험도로 개선사업 감독권한대행 등 건설사업관리용역,전라북도,PQ,799788000,800429900,100.0802588,하이콘+주영기술,99.41,679980000,99.2935,N
20200431942 - 00,20200422,위임국도 13호선 진안 삼락지구 위험도로 개선사업 감독권한대행 등 건설사업관리용역,전라북도,PQ,799788000,800429900,100.0802588,유신+더한,99.4,676405000,98.7599,N
20200431942 - 00,20200422,위임국도 13호선 진안 삼락지구 위험도로 개선사업 감독권한대행 등 건설사업관리용역,전라북도,PQ,799788000,800429900,100.0802588,한종+대성,99.32,692600000,101.1127,N
20200431942 - 00,20200422,위임국도 13호선 진안 삼락지구 위험도로 개선사업 감독권한대행 등 건설사업관리용역,전라북도,PQ,799788000,800429900,100.0802588,화신+성광+토리,98.53,702340000,102.3196,N
20200431942 - 00,20200422,위임국도 13호선 진안 삼락지구 위험도로 개선사업 감독권한대행 등 건설사업관리용역,전라북도,PQ,799788000,800429900,100.0802588,건화+국성,97.4,0,0,N
20200431942 - 00,20200422,위임국도 13호선 진안 삼락지구 위험도로 개선사업 감독권한대행 등 건설사업관리용역,전라북도,PQ,799788000,800429900,100.0802588,신명,97.38,680393000,98.8344,N
20200431942 - 00,20200422,위임국도 13호선 진안 삼락지구 위험도로 개선사업 감독권한대행 등 건설사업관리용역,전라북도,PQ,799788000,800429900,100.0802588,용마,97.24,668000000,97.0003,N
20200431942 - 00,20200422,위임국도 13호선 진안 삼락지구 위험도로 개선사업 감독권한대행 등 건설사업관리용역,전라북도,PQ,799788000,800429900,100.0802588,동성,97.04,668386000,97.0001,N
20200431942 - 00,20200422,위임국도 13호선 진안 삼락지구 위험도로 개선사업 감독권한대행 등 건설사업관리용역,전라북도,PQ,799788000,800429900,100.0802588,KSM,97.04,700770000,101.6998,N
20200433003 - 00,20200422,송이지구 연안정비사업 실시설계 용역,전라남도 영광군,PQ,704270000,707793150,100.5002556,건화+한기(미래해양+한림),98.08,609300000,100.6868,N
20200433003 - 00,20200422,송이지구 연안정비사업 실시설계 용역,전라남도 영광군,PQ,704270000,707793150,100.5002556,세광+해광,97.96,604680000,99.9001,N
20200433003 - 00,20200422,송이지구 연안정비사업 실시설계 용역,전라남도 영광군,PQ,704270000,707793150,100.5002556,도화+하이콘,97.9,601330000,99.3235,N
20200433003 - 00,20200422,송이지구 연안정비사업 실시설계 용역,전라남도 영광군,PQ,704270000,707793150,100.5002556,혜인+평화,97.71,602315500,99.44,N
20200433003 - 00,20200422,송이지구 연안정비사업 실시설계 용역,전라남도 영광군,PQ,704270000,707793150,100.5002556,유신+원우,97.68,608976000,100.5279,Y
20200433003 - 00,20200422,송이지구 연안정비사업 실시설계 용역,전라남도 영광군,PQ,704270000,707793150,100.5002556,세일+신명,97.5,606170000,100.0298,N
20200430904 - 00,20200423,군위군 자연재해저감 종합계획 수립 및 재해지도 작성용역,경상북도 군위군,PQ,1495000000,1497978800,100.1992508,한종+한백종합+KCI,99.14,1177400000,100.2557,Y
20200430904 - 00,20200423,군위군 자연재해저감 종합계획 수립 및 재해지도 작성용역,경상북도 군위군,PQ,1495000000,1497978800,100.1992508,KSM+청명,98.67,1187077000,100.6951,N
20200430904 - 00,20200423,군위군 자연재해저감 종합계획 수립 및 재해지도 작성용역,경상북도 군위군,PQ,1495000000,1497978800,100.1992508,도화+한도+삼경+현대,98.56,1191300000,100.9637,N
20200430904 - 00,20200423,군위군 자연재해저감 종합계획 수립 및 재해지도 작성용역,경상북도 군위군,PQ,1495000000,1497978800,100.1992508,건화+건일+보원+동서,98.55,1179900000,99.9976,N
20200430904 - 00,20200423,군위군 자연재해저감 종합계획 수립 및 재해지도 작성용역,경상북도 군위군,PQ,1495000000,1497978800,100.1992508,동부+동성,98.55,1175130000,99.5933,N
20200430904 - 00,20200423,군위군 자연재해저감 종합계획 수립 및 재해지도 작성용역,경상북도 군위군,PQ,1495000000,1497978800,100.1992508,경호+극동+청우+해인,98.55,1191100000,100.9468,N
20200430904 - 00,20200423,군위군 자연재해저감 종합계획 수립 및 재해지도 작성용역,경상북도 군위군,PQ,1495000000,1497978800,100.1992508,삼안+다산+유현+삼보,98.55,1188770000,100.7493,N
20200430904 - 00,20200423,군위군 자연재해저감 종합계획 수립 및 재해지도 작성용역,경상북도 군위군,PQ,1495000000,1497978800,100.1992508,유신+보람+강동,98.54,1190109000,100.85,N
20200430904 - 00,20200423,군위군 자연재해저감 종합계획 수립 및 재해지도 작성용역,경상북도 군위군,PQ,1495000000,1497978800,100.1992508,이산+금일+화신,98.52,1198200000,101.5228,N
20200430904 - 00,20200423,군위군 자연재해저감 종합계획 수립 및 재해지도 작성용역,경상북도 군위군,PQ,1495000000,1497978800,100.1992508,동명+강산+화성,98.46,1167500000,98.8715,N
20200430904 - 00,20200423,군위군 자연재해저감 종합계획 수립 및 재해지도 작성용역,경상북도 군위군,PQ,1495000000,1497978800,100.1992508,KG+동진,98.46,1199480000,101.5798,N
20200433873 - 00,20200423,금호강 상류1권역 하천시설관리대장작성 및 삼부천 하천기본계획 수립 용역,경상북도,PQ,1440500000,1455996225,101.0757532,한종+청명+강산,98.44,1106000000,97.1946,N
20200433873 - 00,20200423,금호강 상류1권역 하천시설관리대장작성 및 삼부천 하천기본계획 수립 용역,경상북도,PQ,1440500000,1455996225,101.0757532,건화+동성,98.2,1106000000,96.9982,N
20200433873 - 00,20200423,금호강 상류1권역 하천시설관리대장작성 및 삼부천 하천기본계획 수립 용역,경상북도,PQ,1440500000,1455996225,101.0757532,이산+건일+금일,98.14,1144315000,100.3078,N
20200433873 - 00,20200423,금호강 상류1권역 하천시설관리대장작성 및 삼부천 하천기본계획 수립 용역,경상북도,PQ,1440500000,1455996225,101.0757532,유신+다산,97.9,1110960000,97.1999,N
20200433873 - 00,20200423,금호강 상류1권역 하천시설관리대장작성 및 삼부천 하천기본계획 수립 용역,경상북도,PQ,1440500000,1455996225,101.0757532,동부+동진+보원,97.88,1166330000,102.0314,Y
20200433873 - 00,20200423,금호강 상류1권역 하천시설관리대장작성 및 삼부천 하천기본계획 수립 용역,경상북도,PQ,1440500000,1455996225,101.0757532,도화+주하+한도,97.85,1137343000,99.4705,N
20200433873 - 00,20200423,금호강 상류1권역 하천시설관리대장작성 및 삼부천 하천기본계획 수립 용역,경상북도,PQ,1440500000,1455996225,101.0757532,삼안+KCI+삼보,97.8,1115400000,97.5146,N
20200433873 - 00,20200423,금호강 상류1권역 하천시설관리대장작성 및 삼부천 하천기본계획 수립 용역,경상북도,PQ,1440500000,1455996225,101.0757532,평화+한백,95.78,1196000000,102.8768,N
20200433873 - 00,20200423,금호강 상류1권역 하천시설관리대장작성 및 삼부천 하천기본계획 수립 용역,경상북도,PQ,1440500000,1455996225,101.0757532,화신+현대기술,94.05,1296450000,110.0177,N
20200433873 - 00,20200423,금호강 상류1권역 하천시설관리대장작성 및 삼부천 하천기본계획 수립 용역,경상북도,PQ,1440500000,1455996225,101.0757532,KSM+반석,91.99,1227600000,102.5208,N
20200433836 - 00,20200423,금호강 상류2권역 하천시설관리대장작성 및 안천 외 2개소 하천기본계획수립 용역,경상북도,PQ,1677100000,1681892375,100.2857537,유신+다산,98.5,1333652000,100.7173,Y
20200433836 - 00,20200423,금호강 상류2권역 하천시설관리대장작성 및 안천 외 2개소 하천기본계획수립 용역,경상북도,PQ,1677100000,1681892375,100.2857537,건화+동성(정도),98.2,1290000000,97.1745,N
20200433836 - 00,20200423,금호강 상류2권역 하천시설관리대장작성 및 안천 외 2개소 하천기본계획수립 용역,경상북도,PQ,1677100000,1681892375,100.2857537,한종+청명+강산,98.15,1289500000,97.1001,N
20200433836 - 00,20200423,금호강 상류2권역 하천시설관리대장작성 및 안천 외 2개소 하천기본계획수립 용역,경상북도,PQ,1677100000,1681892375,100.2857537,동부+동진+보원,97.88,1328381000,99.8135,N
20200433836 - 00,20200423,금호강 상류2권역 하천시설관리대장작성 및 안천 외 2개소 하천기본계획수립 용역,경상북도,PQ,1677100000,1681892375,100.2857537,도화+주하+한도,97.85,1324149000,99.4705,N
20200433836 - 00,20200423,금호강 상류2권역 하천시설관리대장작성 및 안천 외 2개소 하천기본계획수립 용역,경상북도,PQ,1677100000,1681892375,100.2857537,이산+건일+금일,97.84,1363000000,102.3761,N
20200433836 - 00,20200423,금호강 상류2권역 하천시설관리대장작성 및 안천 외 2개소 하천기본계획수립 용역,경상북도,PQ,1677100000,1681892375,100.2857537,삼안+KCI+삼보,97.8,1318964000,99.0435,N
20200433836 - 00,20200423,금호강 상류2권역 하천시설관리대장작성 및 안천 외 2개소 하천기본계획수립 용역,경상북도,PQ,1677100000,1681892375,100.2857537,평화+한백,95.78,1368390000,101.0998,N
20200433836 - 00,20200423,금호강 상류2권역 하천시설관리대장작성 및 안천 외 2개소 하천기본계획수립 용역,경상북도,PQ,1677100000,1681892375,100.2857537,화신+현대,94.05,1375980000,100.2936,N
20200433836 - 00,20200423,금호강 상류2권역 하천시설관리대장작성 및 안천 외 2개소 하천기본계획수립 용역,경상북도,PQ,1677100000,1681892375,100.2857537,KSM+반석,92.69,1421000000,102.4851,N
20200433821 - 00,20200423,금호강 중류권역 하천시설관리대장작성 및 부기천 하천기본계획수립 용역,경상북도,PQ,1226000000,1220360475,99.54000612,동부+동진+보원,98.48,939180000,96.9993,N
20200433821 - 00,20200423,금호강 중류권역 하천시설관리대장작성 및 부기천 하천기본계획수립 용역,경상북도,PQ,1226000000,1220360475,99.54000612,유신+다산,98.2,943260000,97.1992,N
20200433821 - 00,20200423,금호강 중류권역 하천시설관리대장작성 및 부기천 하천기본계획수립 용역,경상북도,PQ,1226000000,1220360475,99.54000612,도화+주하+한도,98.15,987300000,101.6988,N
20200433821 - 00,20200423,금호강 중류권역 하천시설관리대장작성 및 부기천 하천기본계획수립 용역,경상북도,PQ,1226000000,1220360475,99.54000612,건화+동성(정도),97.9,944000000,97.0425,N
20200433821 - 00,20200423,금호강 중류권역 하천시설관리대장작성 및 부기천 하천기본계획수립 용역,경상북도,PQ,1226000000,1220360475,99.54000612,이산+건일+금일,97.84,971062000,99.7742,Y
20200433821 - 00,20200423,금호강 중류권역 하천시설관리대장작성 및 부기천 하천기본계획수립 용역,경상북도,PQ,1226000000,1220360475,99.54000612,한종+청명+강산,97.84,945522000,97.15,N
20200433821 - 00,20200423,금호강 중류권역 하천시설관리대장작성 및 부기천 하천기본계획수립 용역,경상북도,PQ,1226000000,1220360475,99.54000612,삼안+삼보+KCI,97.8,944900000,97.0616,N
20200433821 - 00,20200423,금호강 중류권역 하천시설관리대장작성 및 부기천 하천기본계획수립 용역,경상북도,PQ,1226000000,1220360475,99.54000612,평화+한백,95.78,988050000,99.8592,N
20200433821 - 00,20200423,금호강 중류권역 하천시설관리대장작성 및 부기천 하천기본계획수립 용역,경상북도,PQ,1226000000,1220360475,99.54000612,화신+현대기술,94.05,1027260000,102.426,N
20200433821 - 00,20200423,금호강 중류권역 하천시설관리대장작성 및 부기천 하천기본계획수립 용역,경상북도,PQ,1226000000,1220360475,99.54000612,KSM+반석,91.99,1044700000,102.5108,N
20200433789 - 00,20200423,"반변천 하류, 금호강 하류권역 하천시설관리대장 작성 및 구야천 하천기본계획 수립 용역",경상북도,PQ,1748600000,1717230175,98.20600337,이산+건일+금일,98.44,1385558000,100.3078,N
20200433789 - 00,20200423,"반변천 하류, 금호강 하류권역 하천시설관리대장 작성 및 구야천 하천기본계획 수립 용역",경상북도,PQ,1748600000,1717230175,98.20600337,동부+동진+보원,98.18,1380590000,99.7335,N
20200433789 - 00,20200423,"반변천 하류, 금호강 하류권역 하천시설관리대장 작성 및 구야천 하천기본계획 수립 용역",경상북도,PQ,1748600000,1717230175,98.20600337,삼안+삼보+KCI,98.1,1395733000,100.7638,N
20200433789 - 00,20200423,"반변천 하류, 금호강 하류권역 하천시설관리대장 작성 및 구야천 하천기본계획 수립 용역",경상북도,PQ,1748600000,1717230175,98.20600337,건화+동성(정도),97.9,1348000000,97.1583,N
20200433789 - 00,20200423,"반변천 하류, 금호강 하류권역 하천시설관리대장 작성 및 구야천 하천기본계획 수립 용역",경상북도,PQ,1748600000,1717230175,98.20600337,유신+다산,97.9,1428900000,102.9892,N
20200433789 - 00,20200423,"반변천 하류, 금호강 하류권역 하천시설관리대장 작성 및 구야천 하천기본계획 수립 용역",경상북도,PQ,1748600000,1717230175,98.20600337,도화+주하+한도,97.85,1378614000,99.3273,N
20200433789 - 00,20200423,"반변천 하류, 금호강 하류권역 하천시설관리대장 작성 및 구야천 하천기본계획 수립 용역",경상북도,PQ,1748600000,1717230175,98.20600337,한종+청명+강산,97.84,1373523000,98.948,Y
20200433789 - 00,20200423,"반변천 하류, 금호강 하류권역 하천시설관리대장 작성 및 구야천 하천기본계획 수립 용역",경상북도,PQ,1748600000,1717230175,98.20600337,평화+한백,94.36,1453000000,101.8259,N
20200433789 - 00,20200423,"반변천 하류, 금호강 하류권역 하천시설관리대장 작성 및 구야천 하천기본계획 수립 용역",경상북도,PQ,1748600000,1717230175,98.20600337,화신+현대기술,94.05,1450330000,101.3903,N
20200433789 - 00,20200423,"반변천 하류, 금호강 하류권역 하천시설관리대장 작성 및 구야천 하천기본계획 수립 용역",경상북도,PQ,1748600000,1717230175,98.20600337,KSM+반석,91.98,1490000000,102.4972,N
20200433770 - 00,20200423,반변천 중류권역 하천시설관리대장작성 및 일낙천 하천기본계획수립,경상북도,PQ,1261400000,1270936225,100.7560033,건화+동성(정도),98.5,966100000,97.004,N
20200433770 - 00,20200423,반변천 중류권역 하천시설관리대장작성 및 일낙천 하천기본계획수립,경상북도,PQ,1261400000,1270936225,100.7560033,이산+건일+금일,98.14,970970000,97.1975,N
20200433770 - 00,20200423,반변천 중류권역 하천시설관리대장작성 및 일낙천 하천기본계획수립,경상북도,PQ,1261400000,1270936225,100.7560033,삼안+삼보+KCI,98.1,970200000,97.0959,N
20200433770 - 00,20200423,반변천 중류권역 하천시설관리대장작성 및 일낙천 하천기본계획수립,경상북도,PQ,1261400000,1270936225,100.7560033,유신+다산,97.9,972800000,97.1966,N
20200433770 - 00,20200423,반변천 중류권역 하천시설관리대장작성 및 일낙천 하천기본계획수립,경상북도,PQ,1261400000,1270936225,100.7560033,동부+동진+보원,97.88,970970000,97.0016,N
20200433770 - 00,20200423,반변천 중류권역 하천시설관리대장작성 및 일낙천 하천기본계획수립,경상북도,PQ,1261400000,1270936225,100.7560033,도화+주하+한도,97.85,1022340000,102.1078,Y
20200433770 - 00,20200423,반변천 중류권역 하천시설관리대장작성 및 일낙천 하천기본계획수립,경상북도,PQ,1261400000,1270936225,100.7560033,한종+청명+강산,97.84,972824000,97.15,N
20200433770 - 00,20200423,반변천 중류권역 하천시설관리대장작성 및 일낙천 하천기본계획수립,경상북도,PQ,1261400000,1270936225,100.7560033,평화+한백,95.77,1008615000,99.0768,N
20200433770 - 00,20200423,반변천 중류권역 하천시설관리대장작성 및 일낙천 하천기본계획수립,경상북도,PQ,1261400000,1270936225,100.7560033,화신+현대기술,94.05,1056880000,102.4219,N
20200433770 - 00,20200423,반변천 중류권역 하천시설관리대장작성 및 일낙천 하천기본계획수립,경상북도,PQ,1261400000,1270936225,100.7560033,KSM+반석,91.98,1074900000,102.5018,N
20200433762 - 00,20200423,"반변천상류, 감천상류, 가화천권역 하천시설관리대장 작성 용역",경상북도,PQ,1652000000,1655675750,100.222503,삼안+삼보+KCI,98.4,1310598000,100.391,Y
20200433762 - 00,20200423,"반변천상류, 감천상류, 가화천권역 하천시설관리대장 작성 용역",경상북도,PQ,1652000000,1655675750,100.222503,동부+동진+보원,98.18,1340460000,102.4969,N
20200433762 - 00,20200423,"반변천상류, 감천상류, 가화천권역 하천시설관리대장 작성 용역",경상북도,PQ,1652000000,1655675750,100.222503,도화+주하+한도,98.15,1303695000,99.6605,N
20200433762 - 00,20200423,"반변천상류, 감천상류, 가화천권역 하천시설관리대장 작성 용역",경상북도,PQ,1652000000,1655675750,100.222503,건화+동성(정도),97.9,1274000000,97.1941,N
20200433762 - 00,20200423,"반변천상류, 감천상류, 가화천권역 하천시설관리대장 작성 용역",경상북도,PQ,1652000000,1655675750,100.222503,유신+다산,97.9,1274000000,97.1941,N
20200433762 - 00,20200423,"반변천상류, 감천상류, 가화천권역 하천시설관리대장 작성 용역",경상북도,PQ,1652000000,1655675750,100.222503,한종+청명+강산,97.84,1274000000,97.1451,N
20200433762 - 00,20200423,"반변천상류, 감천상류, 가화천권역 하천시설관리대장 작성 용역",경상북도,PQ,1652000000,1655675750,100.222503,이산+건일+금일,97.84,1298588000,99.02,N
20200433762 - 00,20200423,"반변천상류, 감천상류, 가화천권역 하천시설관리대장 작성 용역",경상북도,PQ,1652000000,1655675750,100.222503,평화+한백,94.36,1381800000,102.4987,N
20200433762 - 00,20200423,"반변천상류, 감천상류, 가화천권역 하천시설관리대장 작성 용역",경상북도,PQ,1652000000,1655675750,100.222503,화신+현대기술,94.05,1368990000,101.3002,N
20200433762 - 00,20200423,"반변천상류, 감천상류, 가화천권역 하천시설관리대장 작성 용역",경상북도,PQ,1652000000,1655675750,100.222503,KSM+반석,91.98,1408000000,102.52,N
20200433894 - 00,20200423,금호강 최상류권역 하천시설관리대장 작성 및 상계천 외 1개소 하천기본계획 수립 용역(1번),경상북도,PQ,1829900000,1845385575,100.8462525,도화+주하+한도,98.45,1446859000,100.092,N
20200433894 - 00,20200423,금호강 최상류권역 하천시설관리대장 작성 및 상계천 외 1개소 하천기본계획 수립 용역(1번),경상북도,PQ,1829900000,1845385575,100.8462525,유신+다산,98.2,1455330000,100.4745,N
20200433894 - 00,20200423,금호강 최상류권역 하천시설관리대장 작성 및 상계천 외 1개소 하천기본계획 수립 용역(1번),경상북도,PQ,1829900000,1845385575,100.8462525,한종+청명+강산,98.14,1443153000,99.5835,N
20200433894 - 00,20200423,금호강 최상류권역 하천시설관리대장 작성 및 상계천 외 1개소 하천기본계획 수립 용역(1번),경상북도,PQ,1829900000,1845385575,100.8462525,건화+동성(정도),97.9,1488000000,102.484,Y
20200433894 - 00,20200423,금호강 최상류권역 하천시설관리대장 작성 및 상계천 외 1개소 하천기본계획 수립 용역(1번),경상북도,PQ,1829900000,1845385575,100.8462525,동부+동진+보원,97.88,1463654000,100.7945,N
20200433894 - 00,20200423,금호강 최상류권역 하천시설관리대장 작성 및 상계천 외 1개소 하천기본계획 수립 용역(1번),경상북도,PQ,1829900000,1845385575,100.8462525,이산+건일+금일,97.84,1441139000,99.2065,N
20200433894 - 00,20200423,금호강 최상류권역 하천시설관리대장 작성 및 상계천 외 1개소 하천기본계획 수립 용역(1번),경상북도,PQ,1829900000,1845385575,100.8462525,삼안+삼보+KCI,97.8,1436744000,98.879,N
20200433894 - 00,20200423,금호강 최상류권역 하천시설관리대장 작성 및 상계천 외 1개소 하천기본계획 수립 용역(1번),경상북도,PQ,1829900000,1845385575,100.8462525,평화+한백,95.78,1507980000,102.1099,N
20200433894 - 00,20200423,금호강 최상류권역 하천시설관리대장 작성 및 상계천 외 1개소 하천기본계획 수립 용역(1번),경상북도,PQ,1829900000,1845385575,100.8462525,화신+현대기술,94.05,1531680000,102.3201,N
20200433894 - 00,20200423,금호강 최상류권역 하천시설관리대장 작성 및 상계천 외 1개소 하천기본계획 수립 용역(1번),경상북도,PQ,1829900000,1845385575,100.8462525,KSM+반석,92.69,1551000000,102.5204,N
20200433756 - 00,20200423,아산 모종샛들지구 도시개발사업 전략 및 환경영향평가 용역,충청남도 아산시,PQ,533390000,525298525,98.48300962,도화+경동+신일,99.73,461180000,99.6394,N
20200433756 - 00,20200423,아산 모종샛들지구 도시개발사업 전략 및 환경영향평가 용역,충청남도 아산시,PQ,533390000,525298525,98.48300962,선진+한맥+동진,99.65,463820000,100.2098,N
20200433756 - 00,20200423,아산 모종샛들지구 도시개발사업 전략 및 환경영향평가 용역,충청남도 아산시,PQ,533390000,525298525,98.48300962,삼안+휴먼+평화,99.28,465520000,100.5307,N
20200433756 - 00,20200423,아산 모종샛들지구 도시개발사업 전략 및 환경영향평가 용역,충청남도 아산시,PQ,533390000,525298525,98.48300962,동성+세일+퍼스트,99.26,459822000,99.3002,N
20200433756 - 00,20200423,아산 모종샛들지구 도시개발사업 전략 및 환경영향평가 용역,충청남도 아산시,PQ,533390000,525298525,98.48300962,수성+삼육+대콘,98.89,461318000,99.5888,N
20200433756 - 00,20200423,아산 모종샛들지구 도시개발사업 전략 및 환경영향평가 용역,충청남도 아산시,PQ,533390000,525298525,98.48300962,건화+송현+우신,98.75,465400000,100.4585,N
20200433756 - 00,20200423,아산 모종샛들지구 도시개발사업 전략 및 환경영향평가 용역,충청남도 아산시,PQ,533390000,525298525,98.48300962,동명+드림+대현,98.75,459100000,99.0986,Y
20200433756 - 00,20200423,아산 모종샛들지구 도시개발사업 전략 및 환경영향평가 용역,충청남도 아산시,PQ,533390000,525298525,98.48300962,동아+경호+장맥+송현E,98.73,461400000,99.5951,N
20200433756 - 00,20200423,아산 모종샛들지구 도시개발사업 전략 및 환경영향평가 용역,충청남도 아산시,PQ,533390000,525298525,98.48300962,이산+양지,98.16,460760000,99.3997,N
20200433756 - 00,20200423,아산 모종샛들지구 도시개발사업 전략 및 환경영향평가 용역,충청남도 아산시,PQ,533390000,525298525,98.48300962,동일+가림,97.81,468800000,101.0993,N
20200433756 - 00,20200423,아산 모종샛들지구 도시개발사업 전략 및 환경영향평가 용역,충청남도 아산시,PQ,533390000,525298525,98.48300962,서영+화신+CNS,97.47,469430000,101.2002,N
20200433756 - 00,20200423,아산 모종샛들지구 도시개발사업 전략 및 환경영향평가 용역,충청남도 아산시,PQ,533390000,525298525,98.48300962,KG+한경+세광,97.3,470782000,101.48,N
20200433756 - 00,20200423,아산 모종샛들지구 도시개발사업 전략 및 환경영향평가 용역,충청남도 아산시,PQ,533390000,525298525,98.48300962,신성+우주,97.07,472000000,101.7192,N
20200433859 - 00,20200422,문수동 뉴딜사업지구 하수관로 정비사업 실시설계용역,전라남도 여수시 상하수도사업단 하수도과,PQ,469181000,471738075,100.5450082,건화+우빈,98.5,410800000,100.7848,N
20200433859 - 00,20200422,문수동 뉴딜사업지구 하수관로 정비사업 실시설계용역,전라남도 여수시 상하수도사업단 하수도과,PQ,469181000,471738075,100.5450082,범한+신명,98.5,410050000,100.6008,Y
20200433859 - 00,20200422,문수동 뉴딜사업지구 하수관로 정비사업 실시설계용역,전라남도 여수시 상하수도사업단 하수도과,PQ,469181000,471738075,100.5450082,삼안+동아,98.5,407000000,99.8526,N
20200433859 - 00,20200422,문수동 뉴딜사업지구 하수관로 정비사업 실시설계용역,전라남도 여수시 상하수도사업단 하수도과,PQ,469181000,471738075,100.5450082,유신+우리,98.5,412305000,101.1541,N
20200433859 - 00,20200422,문수동 뉴딜사업지구 하수관로 정비사업 실시설계용역,전라남도 여수시 상하수도사업단 하수도과,PQ,469181000,471738075,100.5450082,동명+하이콘,98.5,408400000,100.196,N
20200433859 - 00,20200422,문수동 뉴딜사업지구 하수관로 정비사업 실시설계용역,전라남도 여수시 상하수도사업단 하수도과,PQ,469181000,471738075,100.5450082,경동+건영,98.42,403890000,99.0781,N
20200433859 - 00,20200422,문수동 뉴딜사업지구 하수관로 정비사업 실시설계용역,전라남도 여수시 상하수도사업단 하수도과,PQ,469181000,471738075,100.5450082,제일+평화,98.36,405800000,99.5467,N
20200433859 - 00,20200422,문수동 뉴딜사업지구 하수관로 정비사업 실시설계용역,전라남도 여수시 상하수도사업단 하수도과,PQ,469181000,471738075,100.5450082,도화+한기,98.24,408730000,100.2539,N
20200433859 - 00,20200422,문수동 뉴딜사업지구 하수관로 정비사업 실시설계용역,전라남도 여수시 상하수도사업단 하수도과,PQ,469181000,471738075,100.5450082,KG+신오,97.84,410740000,100.7006,N
20200433859 - 00,20200422,문수동 뉴딜사업지구 하수관로 정비사업 실시설계용역,전라남도 여수시 상하수도사업단 하수도과,PQ,469181000,471738075,100.5450082,한종+우영,97.43,412060000,100.9893,N
20200433859 - 00,20200422,문수동 뉴딜사업지구 하수관로 정비사업 실시설계용역,전라남도 여수시 상하수도사업단 하수도과,PQ,469181000,471738075,100.5450082,화신+서남,96.67,417400000,102.2158,N
20200433859 - 00,20200422,문수동 뉴딜사업지구 하수관로 정비사업 실시설계용역,전라남도 여수시 상하수도사업단 하수도과,PQ,469181000,471738075,100.5450082,이산+원우,95.5,403499000,98.6982,N
20200435453 - 00,20200423,통영시 소하천정비종합계획 변경(재정비) 및 지형도면고시 용역 ,경상남도 통영시,PQ,636000000,636036600,100.0057547,KG+천진,100,551470000,101.4201,N
20200435453 - 00,20200423,통영시 소하천정비종합계획 변경(재정비) 및 지형도면고시 용역 ,경상남도 통영시,PQ,636000000,636036600,100.0057547,동부+한성,100,543730000,99.9967,N
20200435453 - 00,20200423,통영시 소하천정비종합계획 변경(재정비) 및 지형도면고시 용역 ,경상남도 통영시,PQ,636000000,636036600,100.0057547,유신+KSM,100,547300000,100.6532,Y
20200435453 - 00,20200423,통영시 소하천정비종합계획 변경(재정비) 및 지형도면고시 용역 ,경상남도 통영시,PQ,636000000,636036600,100.0057547,한종+우진+현진,99.97,548300000,100.8253,N
20200435453 - 00,20200423,통영시 소하천정비종합계획 변경(재정비) 및 지형도면고시 용역 ,경상남도 통영시,PQ,636000000,636036600,100.0057547,극동+범한,99.8,540202000,99.2898,N
20200435453 - 00,20200423,통영시 소하천정비종합계획 변경(재정비) 및 지형도면고시 용역 ,경상남도 통영시,PQ,636000000,636036600,100.0057547,평화+한올,99.72,542256000,99.644,N
20200435453 - 00,20200423,통영시 소하천정비종합계획 변경(재정비) 및 지형도면고시 용역 ,경상남도 통영시,PQ,636000000,636036600,100.0057547,화신+로텍,99.68,540469000,99.304,N
20200435453 - 00,20200423,통영시 소하천정비종합계획 변경(재정비) 및 지형도면고시 용역 ,경상남도 통영시,PQ,636000000,636036600,100.0057547,동성+한가람,99.59,539922000,99.1803,N
20200435453 - 00,20200423,통영시 소하천정비종합계획 변경(재정비) 및 지형도면고시 용역 ,경상남도 통영시,PQ,636000000,636036600,100.0057547,이산+하존+서화,99.58,538680000,98.9522,N
20200435453 - 00,20200423,통영시 소하천정비종합계획 변경(재정비) 및 지형도면고시 용역 ,경상남도 통영시,PQ,636000000,636036600,100.0057547,다산+신화+HEC,99.54,538190000,98.8506,N
20200435453 - 00,20200423,통영시 소하천정비종합계획 변경(재정비) 및 지형도면고시 용역 ,경상남도 통영시,PQ,636000000,636036600,100.0057547,도화+경화,99.5,550700000,101.1484,N
20200435453 - 00,20200423,통영시 소하천정비종합계획 변경(재정비) 및 지형도면고시 용역 ,경상남도 통영시,PQ,636000000,636036600,100.0057547,건화+하우,99.47,538500000,98.896,N
20200435453 - 00,20200423,통영시 소하천정비종합계획 변경(재정비) 및 지형도면고시 용역 ,경상남도 통영시,PQ,636000000,636036600,100.0057547,동명+화성,99.24,549600000,100.8756,N
20200435453 - 00,20200423,통영시 소하천정비종합계획 변경(재정비) 및 지형도면고시 용역 ,경상남도 통영시,PQ,636000000,636036600,100.0057547,삼안+수성,99.15,574420000,105.4066,N
20200435453 - 00,20200423,통영시 소하천정비종합계획 변경(재정비) 및 지형도면고시 용역 ,경상남도 통영시,PQ,636000000,636036600,100.0057547,경호+조은,99.08,538748000,98.8376,N
20200435413 - 00,20200423,척과천 지방하천 정비사업 실시설계 용역,울산광역시,PQ,869800000,870137100,100.038756,도화+한신,100,745495000,100.2501,Y
20200435413 - 00,20200423,척과천 지방하천 정비사업 실시설계 용역,울산광역시,PQ,869800000,870137100,100.038756,이산+성지,99.82,741751000,99.6999,N
20200435413 - 00,20200423,척과천 지방하천 정비사업 실시설계 용역,울산광역시,PQ,869800000,870137100,100.038756,한종+부광,99.31,750000000,100.6675,N
20200435413 - 00,20200423,척과천 지방하천 정비사업 실시설계 용역,울산광역시,PQ,869800000,870137100,100.038756,동부+씨엠+천일,98.24,740300000,99.0994,N
20200435413 - 00,20200423,척과천 지방하천 정비사업 실시설계 용역,울산광역시,PQ,869800000,870137100,100.038756,건화+대흥+KCI,97.73,751400000,100.4566,N
20200435413 - 00,20200423,척과천 지방하천 정비사업 실시설계 용역,울산광역시,PQ,869800000,870137100,100.038756,삼안+삼주,97.4,758340000,101.2902,N
20200435413 - 00,20200423,척과천 지방하천 정비사업 실시설계 용역,울산광역시,PQ,869800000,870137100,100.038756,유신+선진,97.37,726300000,97.0107,N
20200435413 - 00,20200423,척과천 지방하천 정비사업 실시설계 용역,울산광역시,PQ,869800000,870137100,100.038756,KG+청목,96.93,760040000,101.3995,N
20200435413 - 00,20200423,척과천 지방하천 정비사업 실시설계 용역,울산광역시,PQ,869800000,870137100,100.038756,화신+동남,95.31,778200000,103.3904,N
20200435116 - 00,20200423,중리~구평간 연계도로 개설공사 실시설계 용역,경상북도 칠곡군,PQ,801058000,794573475,99.19050493,삼보+이산,99.4,687280000,100.1886,N
20200435116 - 00,20200423,중리~구평간 연계도로 개설공사 실시설계 용역,경상북도 칠곡군,PQ,801058000,794573475,99.19050493,제일+KCI,99.36,685380000,99.9,N
20200435116 - 00,20200423,중리~구평간 연계도로 개설공사 실시설계 용역,경상북도 칠곡군,PQ,801058000,794573475,99.19050493,유신+해동,99.33,685998000,99.9901,N
20200435116 - 00,20200423,중리~구평간 연계도로 개설공사 실시설계 용역,경상북도 칠곡군,PQ,801058000,794573475,99.19050493,한맥+동진,99.33,686308000,100.0353,N
20200435116 - 00,20200423,중리~구평간 연계도로 개설공사 실시설계 용역,경상북도 칠곡군,PQ,801058000,794573475,99.19050493,수성+청명,99.31,688688000,100.3704,N
20200435116 - 00,20200423,중리~구평간 연계도로 개설공사 실시설계 용역,경상북도 칠곡군,PQ,801058000,794573475,99.19050493,다산,99.3,687380000,100.1798,N
20200435116 - 00,20200423,중리~구평간 연계도로 개설공사 실시설계 용역,경상북도 칠곡군,PQ,801058000,794573475,99.19050493,동성+동부,99.3,690538000,100.6401,N
20200435116 - 00,20200423,중리~구평간 연계도로 개설공사 실시설계 용역,경상북도 칠곡군,PQ,801058000,794573475,99.19050493,바우+주하,99.3,688360000,100.3226,N
20200435116 - 00,20200423,중리~구평간 연계도로 개설공사 실시설계 용역,경상북도 칠곡군,PQ,801058000,794573475,99.19050493,건화+DS(산이건설+청우기술+지앤비),99.26,691000000,100.6956,N
20200435116 - 00,20200423,중리~구평간 연계도로 개설공사 실시설계 용역,경상북도 칠곡군,PQ,801058000,794573475,99.19050493,경동+태성,99.21,677954000,98.783,N
20200435116 - 00,20200423,중리~구평간 연계도로 개설공사 실시설계 용역,경상북도 칠곡군,PQ,801058000,794573475,99.19050493,도화+한도,99.2,689250000,100.4289,N
20200435116 - 00,20200423,중리~구평간 연계도로 개설공사 실시설계 용역,경상북도 칠곡군,PQ,801058000,794573475,99.19050493,화신+현대기술,99.2,684170000,99.6887,N
20200435116 - 00,20200423,중리~구평간 연계도로 개설공사 실시설계 용역,경상북도 칠곡군,PQ,801058000,794573475,99.19050493,한종+한백,99.17,685700000,99.9,N
20200435116 - 00,20200423,중리~구평간 연계도로 개설공사 실시설계 용역,경상북도 칠곡군,PQ,801058000,794573475,99.19050493,용마+새길+경원,99.16,683990000,99.6508,N
20200435116 - 00,20200423,중리~구평간 연계도로 개설공사 실시설계 용역,경상북도 칠곡군,PQ,801058000,794573475,99.19050493,동명+태성,99.15,689800000,100.4973,N
20200435116 - 00,20200423,중리~구평간 연계도로 개설공사 실시설계 용역,경상북도 칠곡군,PQ,801058000,794573475,99.19050493,삼안+강산,99.15,689975000,100.5228,N
20200435116 - 00,20200423,중리~구평간 연계도로 개설공사 실시설계 용역,경상북도 칠곡군,PQ,801058000,794573475,99.19050493,극동+상금,99.14,691396000,100.7298,N
20200435116 - 00,20200423,중리~구평간 연계도로 개설공사 실시설계 용역,경상북도 칠곡군,PQ,801058000,794573475,99.19050493,보람+KG,99.14,0,0,N
20200435116 - 00,20200423,중리~구평간 연계도로 개설공사 실시설계 용역,경상북도 칠곡군,PQ,801058000,794573475,99.19050493,신성+정도,99.13,683000000,99.495,Y
20200435116 - 00,20200423,중리~구평간 연계도로 개설공사 실시설계 용역,경상북도 칠곡군,PQ,801058000,794573475,99.19050493,천일+승보+서윤,99.05,692450000,100.8598,N
20200435116 - 00,20200423,중리~구평간 연계도로 개설공사 실시설계 용역,경상북도 칠곡군,PQ,801058000,794573475,99.19050493,드림+반석,99,684280000,99.6582,N
20200435116 - 00,20200423,중리~구평간 연계도로 개설공사 실시설계 용역,경상북도 칠곡군,PQ,801058000,794573475,99.19050493,대콘+세원,98.98,680000000,99.0233,N
20200435116 - 00,20200423,중리~구평간 연계도로 개설공사 실시설계 용역,경상북도 칠곡군,PQ,801058000,794573475,99.19050493,홍익+강동,98.9,678281000,98.773,N
20200435116 - 00,20200423,중리~구평간 연계도로 개설공사 실시설계 용역,경상북도 칠곡군,PQ,801058000,794573475,99.19050493,서영+건일,98.75,696100000,101.3087,N
20200435116 - 00,20200423,중리~구평간 연계도로 개설공사 실시설계 용역,경상북도 칠곡군,PQ,801058000,794573475,99.19050493,경호+명성,98.02,698200000,101.4252,N
20200435116 - 00,20200423,중리~구평간 연계도로 개설공사 실시설계 용역,경상북도 칠곡군,PQ,801058000,794573475,99.19050493,평화+중앙방재,98.02,699600000,101.6286,N
20200435116 - 00,20200423,중리~구평간 연계도로 개설공사 실시설계 용역,경상북도 칠곡군,PQ,801058000,794573475,99.19050493,동일+대흥,96.7,701070000,101.4996,N
20200434831 - 00,20200423,신복천 및 연수천 개수사업 통합건설사업관리 용역,경기도 양평군,PQ,2863696000,2896420950,101.1427522,건화+한도+홍익,100,2227730000,99.7399,N
20200434831 - 00,20200423,신복천 및 연수천 개수사업 통합건설사업관리 용역,경기도 양평군,PQ,2863696000,2896420950,101.1427522,한종+KSM,100,2216400000,99.2326,N
20200434831 - 00,20200423,신복천 및 연수천 개수사업 통합건설사업관리 용역,경기도 양평군,PQ,2863696000,2896420950,101.1427522,도화+KG+경호,100,2252500000,100.8489,N
20200434831 - 00,20200423,신복천 및 연수천 개수사업 통합건설사업관리 용역,경기도 양평군,PQ,2863696000,2896420950,101.1427522,삼안+범한+태조,100,2232450000,99.9512,N
20200434831 - 00,20200423,신복천 및 연수천 개수사업 통합건설사업관리 용역,경기도 양평군,PQ,2863696000,2896420950,101.1427522,동부+경림+한올,100,2241910000,100.3748,N
20200434831 - 00,20200423,신복천 및 연수천 개수사업 통합건설사업관리 용역,경기도 양평군,PQ,2863696000,2896420950,101.1427522,서영+KCM,100,2223500000,99.5505,N
20200434831 - 00,20200423,신복천 및 연수천 개수사업 통합건설사업관리 용역,경기도 양평군,PQ,2863696000,2896420950,101.1427522,수성+토아,100,2230800000,99.8773,N
20200434831 - 00,20200423,신복천 및 연수천 개수사업 통합건설사업관리 용역,경기도 양평군,PQ,2863696000,2896420950,101.1427522,이산+경동,100,2216980000,99.2586,N
20200434831 - 00,20200423,신복천 및 연수천 개수사업 통합건설사업관리 용역,경기도 양평군,PQ,2863696000,2896420950,101.1427522,천일+건영+선진,100,2236700000,100.1415,N
20200434831 - 00,20200423,신복천 및 연수천 개수사업 통합건설사업관리 용역,경기도 양평군,PQ,2863696000,2896420950,101.1427522,극동+내경,99.81,2217350000,99.11,N
20200434831 - 00,20200423,신복천 및 연수천 개수사업 통합건설사업관리 용역,경기도 양평군,PQ,2863696000,2896420950,101.1427522,신명+다음,99.26,2535100000,112.8072,Y
2001520 - 00,20200423,행정중심복합도시 6-3생활권 조경(공원·녹지 등) 기본 및 실시설계용역,한국토지주택공사,PQ,837309000,837151000,99.98113002,경동+도화+기산,98.09,719699000,99.9754,N
2001520 - 00,20200423,행정중심복합도시 6-3생활권 조경(공원·녹지 등) 기본 및 실시설계용역,한국토지주택공사,PQ,837309000,837151000,99.98113002,유신+수성+해인,97.18,720839000,99.8666,N
2001520 - 00,20200423,행정중심복합도시 6-3생활권 조경(공원·녹지 등) 기본 및 실시설계용역,한국토지주택공사,PQ,837309000,837151000,99.98113002,건화+선진+한올,96.64,724480000,100.2198,Y
2001520 - 00,20200423,행정중심복합도시 6-3생활권 조경(공원·녹지 등) 기본 및 실시설계용역,한국토지주택공사,PQ,837309000,837151000,99.98113002,서영+한종+동서,95.8,719580000,99.3005,N
2001520 - 00,20200423,행정중심복합도시 6-3생활권 조경(공원·녹지 등) 기본 및 실시설계용역,한국토지주택공사,PQ,837309000,837151000,99.98113002,동일+동부+한광,95.75,734200000,101.2946,N
2001520 - 00,20200423,행정중심복합도시 6-3생활권 조경(공원·녹지 등) 기본 및 실시설계용역,한국토지주택공사,PQ,837309000,837151000,99.98113002,경호+KG,94.79,733299000,100.8906,N
20200435770 - 00,20200424,황골천(소하천) 정비사업 외 2건 통합건설사업관리용역,경기도 화성시,PQ,2064076000,2085563050,101.0410009,건화+한도,100,1620980000,100.6897,N
20200435770 - 00,20200424,황골천(소하천) 정비사업 외 2건 통합건설사업관리용역,경기도 화성시,PQ,2064076000,2085563050,101.0410009,도화+경호+오성,100,1617200000,100.4549,N
20200435770 - 00,20200424,황골천(소하천) 정비사업 외 2건 통합건설사업관리용역,경기도 화성시,PQ,2064076000,2085563050,101.0410009,한종+KG,100,1596980000,99.1989,N
20200435770 - 00,20200424,황골천(소하천) 정비사업 외 2건 통합건설사업관리용역,경기도 화성시,PQ,2064076000,2085563050,101.0410009,이산+선진,100,1620820000,100.6798,N
20200435770 - 00,20200424,황골천(소하천) 정비사업 외 2건 통합건설사업관리용역,경기도 화성시,PQ,2064076000,2085563050,101.0410009,KCM+지유,100,1620750000,100.6755,N
20200435770 - 00,20200424,황골천(소하천) 정비사업 외 2건 통합건설사업관리용역,경기도 화성시,PQ,2064076000,2085563050,101.0410009,동부+한백,100,1619706000,100.6106,N
20200435770 - 00,20200424,황골천(소하천) 정비사업 외 2건 통합건설사업관리용역,경기도 화성시,PQ,2064076000,2085563050,101.0410009,신명+다음,100,1618491000,100.5351,N
20200435770 - 00,20200424,황골천(소하천) 정비사업 외 2건 통합건설사업관리용역,경기도 화성시,PQ,2064076000,2085563050,101.0410009,서영+천일,100,1613100000,100.2003,N
20200435770 - 00,20200424,황골천(소하천) 정비사업 외 2건 통합건설사업관리용역,경기도 화성시,PQ,2064076000,2085563050,101.0410009,수성+토아,100,1611170000,100.0804,N
20200435770 - 00,20200424,황골천(소하천) 정비사업 외 2건 통합건설사업관리용역,경기도 화성시,PQ,2064076000,2085563050,101.0410009,동성+삼안,100,1604724000,99.68,N
20200435770 - 00,20200424,황골천(소하천) 정비사업 외 2건 통합건설사업관리용역,경기도 화성시,PQ,2064076000,2085563050,101.0410009,평화+동명,99.98,1632800000,101.398,Y
20200435770 - 00,20200424,황골천(소하천) 정비사업 외 2건 통합건설사업관리용역,경기도 화성시,PQ,2064076000,2085563050,101.0410009,극동+내경,99.81,2000000000,124.0264,N
20200436886 - 00,20200424,2020년 노후하수관로 정밀조사진단용역(3차),경기도 부천시,PQ,788311000,796168525,100.9967545,건화+경화,100,673240000,99.8922,N
20200436886 - 00,20200424,2020년 노후하수관로 정밀조사진단용역(3차),경기도 부천시,PQ,788311000,796168525,100.9967545,한종+삼안,100,675250000,100.1904,N
20200436886 - 00,20200424,2020년 노후하수관로 정밀조사진단용역(3차),경기도 부천시,PQ,788311000,796168525,100.9967545,범한+KG,100,673020000,99.8596,N
20200436886 - 00,20200424,2020년 노후하수관로 정밀조사진단용역(3차),경기도 부천시,PQ,788311000,796168525,100.9967545,선진+제일,99.73,671260000,99.5286,N
20200436886 - 00,20200424,2020년 노후하수관로 정밀조사진단용역(3차),경기도 부천시,PQ,788311000,796168525,100.9967545,이산+수성,99.4,683600000,101.2636,Y
20200436886 - 00,20200424,2020년 노후하수관로 정밀조사진단용역(3차),경기도 부천시,PQ,788311000,796168525,100.9967545,동명+도화,98.8,669800000,99.0689,N
20200437002 - 00,20200424,광양읍 농촌중심지활성화사업 기본·시행계획 수립 및 실시설계용역,전라남도 광양시,PQ,675008000,669101725,99.12500667,도화+동아,98.2,579620000,99.9693,Y
20200437002 - 00,20200424,광양읍 농촌중심지활성화사업 기본·시행계획 수립 및 실시설계용역,전라남도 광양시,PQ,675008000,669101725,99.12500667,KG+한기,97.74,582737000,100.39,N
20200437002 - 00,20200424,광양읍 농촌중심지활성화사업 기본·시행계획 수립 및 실시설계용역,전라남도 광양시,PQ,675008000,669101725,99.12500667,건화+원우(서진),96.22,600000000,102.9569,N
20200437949 - 00,20200427,평택동부고속화도로 민간투자사업(1공구) 건설사업관리용역,경기도 평택시,SOQ,6837000000,6803413300,99.50875091,천일+KG+범한,97.38,5141405000,100.7027,Y
20200437949 - 00,20200427,평택동부고속화도로 민간투자사업(1공구) 건설사업관리용역,경기도 평택시,SOQ,6837000000,6803413300,99.50875091,동명+다산+서영,95.5,5265400000,101.5002,N
20200437949 - 00,20200427,평택동부고속화도로 민간투자사업(1공구) 건설사업관리용역,경기도 평택시,SOQ,6837000000,6803413300,99.50875091,삼안+도화+세일E+한맥,94.88,5139970000,98.5627,N
20200437949 - 00,20200427,평택동부고속화도로 민간투자사업(1공구) 건설사업관리용역,경기도 평택시,SOQ,6837000000,6803413300,99.50875091,수성+선진+이산,94.75,5321500000,101.9368,N
20200437949 - 00,20200427,평택동부고속화도로 민간투자사업(1공구) 건설사업관리용역,경기도 평택시,SOQ,6837000000,6803413300,99.50875091,신성+태조+천마,94,5358000000,101.9948,N
20200437949 - 00,20200427,평택동부고속화도로 민간투자사업(1공구) 건설사업관리용역,경기도 평택시,SOQ,6837000000,6803413300,99.50875091,한종+용마+태성,94,5343000000,101.7093,N
20200437949 - 00,20200427,평택동부고속화도로 민간투자사업(1공구) 건설사업관리용역,경기도 평택시,SOQ,6837000000,6803413300,99.50875091,동성+경호+경동,93.38,5380880000,101.8999,N
20200437949 - 00,20200427,평택동부고속화도로 민간투자사업(1공구) 건설사업관리용역,경기도 평택시,SOQ,6837000000,6803413300,99.50875091,건화+유신+서현,93.25,5407600000,102.2999,N
20200437949 - 00,20200427,평택동부고속화도로 민간투자사업(1공구) 건설사업관리용역,경기도 평택시,SOQ,6837000000,6803413300,99.50875091,삼보+동일+목양,93.13,5386770000,101.8005,N
20200437949 - 00,20200427,평택동부고속화도로 민간투자사업(1공구) 건설사업관리용역,경기도 평택시,SOQ,6837000000,6803413300,99.50875091,KSM+효광+건영,92.72,5421000000,102.1044,N
20200437949 - 00,20200427,평택동부고속화도로 민간투자사업(1공구) 건설사업관리용역,경기도 평택시,SOQ,6837000000,6803413300,99.50875091,평화+내경+극동,92.5,5432600000,102.1387,N
20200437949 - 00,20200427,평택동부고속화도로 민간투자사업(2공구) 건설사업관리용역,경기도 평택시,SOQ,4395000000,4318252325,98.25375028,천일+KG+범한,97.38,3321300000,101.1985,N
20200437949 - 00,20200427,평택동부고속화도로 민간투자사업(2공구) 건설사업관리용역,경기도 평택시,SOQ,4395000000,4318252325,98.25375028,동명+다산+서영,95.5,3340153000,100.1633,N
20200437949 - 00,20200427,평택동부고속화도로 민간투자사업(2공구) 건설사업관리용역,경기도 평택시,SOQ,4395000000,4318252325,98.25375028,삼안+도화+세일E+한맥,94.88,3392510000,101.1999,N
20200437949 - 00,20200427,평택동부고속화도로 민간투자사업(2공구) 건설사업관리용역,경기도 평택시,SOQ,4395000000,4318252325,98.25375028,수성+선진+이산,94.75,3343899999,99.6453,N
20200437949 - 00,20200427,평택동부고속화도로 민간투자사업(2공구) 건설사업관리용역,경기도 평택시,SOQ,4395000000,4318252325,98.25375028,신성+태조+천마,94,3424000000,101.3948,N
20200437949 - 00,20200427,평택동부고속화도로 민간투자사업(2공구) 건설사업관리용역,경기도 평택시,SOQ,4395000000,4318252325,98.25375028,한종+용마+태성,94,3333000000,98.7,Y
20200437949 - 00,20200427,평택동부고속화도로 민간투자사업(2공구) 건설사업관리용역,경기도 평택시,SOQ,4395000000,4318252325,98.25375028,경동+동성+경호,93.38,3443000000,101.4294,N
20200437949 - 00,20200427,평택동부고속화도로 민간투자사업(2공구) 건설사업관리용역,경기도 평택시,SOQ,4395000000,4318252325,98.25375028,건화+유신+서현,93.25,3459000000,101.7953,N
20200437949 - 00,20200427,평택동부고속화도로 민간투자사업(2공구) 건설사업관리용역,경기도 평택시,SOQ,4395000000,4318252325,98.25375028,동일+목양+삼보,93.13,3462700000,101.7989,N
20200437949 - 00,20200427,평택동부고속화도로 민간투자사업(2공구) 건설사업관리용역,경기도 평택시,SOQ,4395000000,4318252325,98.25375028,KSM+효광+건영,92.72,3484900000,102.1085,N
20200437949 - 00,20200427,평택동부고속화도로 민간투자사업(2공구) 건설사업관리용역,경기도 평택시,SOQ,4395000000,4318252325,98.25375028,평화+내경+극동,92.5,3492200000,102.1383,N
원주지방국토관리청공고제2020 - 38호,20200427,국도56호선 지촌-사내 도로건설공사 건설사업관리용역 ,원주지방국토관리청,PQ,1577000000,1587203225,100.6470022,유신+일신,100,1307719000,99.915,N
원주지방국토관리청공고제2020 - 38호,20200427,국도56호선 지촌-사내 도로건설공사 건설사업관리용역 ,원주지방국토관리청,PQ,1577000000,1587203225,100.6470022,이산+장맥,100,1316700000,100.6012,N
원주지방국토관리청공고제2020 - 38호,20200427,국도56호선 지촌-사내 도로건설공사 건설사업관리용역 ,원주지방국토관리청,PQ,1577000000,1587203225,100.6470022,다산+용마,100,1311252000,100.185,N
원주지방국토관리청공고제2020 - 38호,20200427,국도56호선 지촌-사내 도로건설공사 건설사업관리용역 ,원주지방국토관리청,PQ,1577000000,1587203225,100.6470022,경원+한종,99.82,1319770000,100.7508,Y
원주지방국토관리청공고제2020 - 38호,20200427,국도56호선 지촌-사내 도로건설공사 건설사업관리용역 ,원주지방국토관리청,PQ,1577000000,1587203225,100.6470022,건화+태조,99.8,1304000000,99.5349,N
원주지방국토관리청공고제2020 - 38호,20200427,국도56호선 지촌-사내 도로건설공사 건설사업관리용역 ,원주지방국토관리청,PQ,1577000000,1587203225,100.6470022,서영+홍익,99.8,1319900000,100.7486,N
원주지방국토관리청공고제2020 - 38호,20200427,국도56호선 지촌-사내 도로건설공사 건설사업관리용역 ,원주지방국토관리청,PQ,1577000000,1587203225,100.6470022,동명+화신,99.5,1304120000,99.4005,N
원주지방국토관리청공고제2020 - 38호,20200427,국도56호선 지촌-사내 도로건설공사 건설사업관리용역 ,원주지방국토관리청,PQ,1577000000,1587203225,100.6470022,극동+대한,99.22,1324623000,100.8299,N
원주지방국토관리청공고제2020 - 38호,20200427,국도56호선 지촌-사내 도로건설공사 건설사업관리용역 ,원주지방국토관리청,PQ,1577000000,1587203225,100.6470022,하이콘+삼영,99.21,1326750000,100.9797,N
원주지방국토관리청공고제2020 - 38호,20200427,국도56호선 지촌-사내 도로건설공사 건설사업관리용역 ,원주지방국토관리청,PQ,1577000000,1587203225,100.6470022,KCM+한종,98.83,1450000000,110.162,N
20200437547 - 00,20200427,신천수계 차집관로 정비사업 외 1개소 실시설계용역,경기도 양주시,PQ,2643100000,2635560625,99.71475256,KG+범한,100,2078390000,100.82,Y
20200437547 - 00,20200427,신천수계 차집관로 정비사업 외 1개소 실시설계용역,경기도 양주시,PQ,2643100000,2635560625,99.71475256,동명+이산,98.2,2075500000,99.2044,N
20200437547 - 00,20200427,신천수계 차집관로 정비사업 외 1개소 실시설계용역,경기도 양주시,PQ,2643100000,2635560625,99.71475256,삼안+도화,98,2119700000,101.1637,N
20200437547 - 00,20200427,신천수계 차집관로 정비사업 외 1개소 실시설계용역,경기도 양주시,PQ,2643100000,2635560625,99.71475256,건화+한종(테크피아),97.9,2480000000,118.2547,N
20200437547 - 00,20200427,신천수계 차집관로 정비사업 외 1개소 실시설계용역,경기도 양주시,PQ,2643100000,2635560625,99.71475256,선진+제일+유신,97.8,2073140000,98.7796,N
20200437556 - 01,20200427,연향육교 구조개선공사 외 1개소 통합건설사업관리 용역 ,전라남도 순천시,PQ,765600000,754412725,98.53875718,건화+우영,100,664300000,101.4896,N
20200437556 - 01,20200427,연향육교 구조개선공사 외 1개소 통합건설사업관리 용역 ,전라남도 순천시,PQ,765600000,754412725,98.53875718,한기+용마,100,653880000,99.8977,N
20200437556 - 01,20200427,연향육교 구조개선공사 외 1개소 통합건설사업관리 용역 ,전라남도 순천시,PQ,765600000,754412725,98.53875718,동성+신명,99.97,634988000,97.0001,N
20200437556 - 01,20200427,연향육교 구조개선공사 외 1개소 통합건설사업관리 용역 ,전라남도 순천시,PQ,765600000,754412725,98.53875718,도화+원우,99.62,652800000,99.6278,N
20200437556 - 01,20200427,연향육교 구조개선공사 외 1개소 통합건설사업관리 용역 ,전라남도 순천시,PQ,765600000,754412725,98.53875718,한종+신오,99.53,655500000,100.0165,N
20200437556 - 01,20200427,연향육교 구조개선공사 외 1개소 통합건설사업관리 용역 ,전라남도 순천시,PQ,765600000,754412725,98.53875718,평화+유신,99.48,660000000,100.6913,N
20200437556 - 01,20200427,연향육교 구조개선공사 외 1개소 통합건설사업관리 용역 ,전라남도 순천시,PQ,765600000,754412725,98.53875718,우빈+신성,99.42,652660000,99.5599,N
20200437556 - 01,20200427,연향육교 구조개선공사 외 1개소 통합건설사업관리 용역 ,전라남도 순천시,PQ,765600000,754412725,98.53875718,KCM+산하,99.36,661050000,100.8162,N
20200437556 - 01,20200427,연향육교 구조개선공사 외 1개소 통합건설사업관리 용역 ,전라남도 순천시,PQ,765600000,754412725,98.53875718,경원+기찬,99.24,649330000,99.0057,Y
20200437556 - 01,20200427,연향육교 구조개선공사 외 1개소 통합건설사업관리 용역 ,전라남도 순천시,PQ,765600000,754412725,98.53875718,홍익+다우,98.97,665761000,101.4399,N
20200437556 - 01,20200427,연향육교 구조개선공사 외 1개소 통합건설사업관리 용역 ,전라남도 순천시,PQ,765600000,754412725,98.53875718,KCI+영진,98.91,661600000,100.7942,N
20200437556 - 01,20200427,연향육교 구조개선공사 외 1개소 통합건설사업관리 용역 ,전라남도 순천시,PQ,765600000,754412725,98.53875718,화신+에스이,98.62,667369000,101.5901,N
20200437556 - 01,20200427,연향육교 구조개선공사 외 1개소 통합건설사업관리 용역 ,전라남도 순천시,PQ,765600000,754412725,98.53875718,진화+하이콘,98.42,672000000,102.2474,N
20200437550 - 01,20200427,밀양시 하수도정비 기본계획(변경) 수립용역,경상남도 밀양시,PQ,1589291000,1588548025,99.95325117,범한+도화+신화,99.87,1251000000,100.806,Y
20200437550 - 01,20200427,밀양시 하수도정비 기본계획(변경) 수립용역,경상남도 밀양시,PQ,1589291000,1588548025,99.95325117,KG+KSM+한성,97.72,1280200000,101.3802,N
20200437550 - 01,20200427,밀양시 하수도정비 기본계획(변경) 수립용역,경상남도 밀양시,PQ,1589291000,1588548025,99.95325117,동명+한올,97.72,1248800000,98.8936,N
20200437550 - 01,20200427,밀양시 하수도정비 기본계획(변경) 수립용역,경상남도 밀양시,PQ,1589291000,1588548025,99.95325117,건화+우진+이산,97.7,1276900000,101.0934,N
20200437550 - 01,20200427,밀양시 하수도정비 기본계획(변경) 수립용역,경상남도 밀양시,PQ,1589291000,1588548025,99.95325117,삼안+수성,97.7,1250260000,98.9843,N
20200437550 - 01,20200427,밀양시 하수도정비 기본계획(변경) 수립용역,경상남도 밀양시,PQ,1589291000,1588548025,99.95325117,한종+HEC+금성,97.68,1276600000,101.057,N
20200437550 - 01,20200427,밀양시 하수도정비 기본계획(변경) 수립용역,경상남도 밀양시,PQ,1589291000,1588548025,99.95325117,경동+하우,97.67,1251370000,99.0473,N
20200437550 - 01,20200427,밀양시 하수도정비 기본계획(변경) 수립용역,경상남도 밀양시,PQ,1589291000,1588548025,99.95325117,유신+천진,97.62,1288399000,101.9397,N
20200437550 - 01,20200427,밀양시 하수도정비 기본계획(변경) 수립용역,경상남도 밀양시,PQ,1589291000,1588548025,99.95325117,화신+혜인+로텍,97.61,1246840000,98.6515,N
20200437550 - 01,20200427,밀양시 하수도정비 기본계획(변경) 수립용역,경상남도 밀양시,PQ,1589291000,1588548025,99.95325117,선진+경화,97.5,1283250000,101.443,N
20200434990 - 00,20200424,천안 북부BIT일반산업단지 조성공사 건설사업관리용역,충청남도 천안시,PQ,4236151000,4159646175,98.19400147,경동+건화,100,3101764000,100.31,N
20200434990 - 00,20200424,천안 북부BIT일반산업단지 조성공사 건설사업관리용역,충청남도 천안시,PQ,4236151000,4159646175,98.19400147,도화+드림,100,3118800000,100.8609,N
20200434990 - 00,20200424,천안 북부BIT일반산업단지 조성공사 건설사업관리용역,충청남도 천안시,PQ,4236151000,4159646175,98.19400147,수성+계림+기산,100,3084136000,99.7399,N
20200434990 - 00,20200424,천안 북부BIT일반산업단지 조성공사 건설사업관리용역,충청남도 천안시,PQ,4236151000,4159646175,98.19400147,유신+장맥,100,3069188000,99.2565,Y
20200434990 - 00,20200424,천안 북부BIT일반산업단지 조성공사 건설사업관리용역,충청남도 천안시,PQ,4236151000,4159646175,98.19400147,삼안+송현,100,3130600000,101.2425,N
20200434990 - 00,20200424,천안 북부BIT일반산업단지 조성공사 건설사업관리용역,충청남도 천안시,PQ,4236151000,4159646175,98.19400147,한종+천마,99.94,3128000000,101.1031,N
20200434990 - 00,20200424,천안 북부BIT일반산업단지 조성공사 건설사업관리용역,충청남도 천안시,PQ,4236151000,4159646175,98.19400147,신명+더원,98.24,3777000000,120.2848,N
20200436557 - 00,20200424,양남 공공하수처리시설 증설공사외 1건 통합건설사업관리용역,경상북도 경주시 맑은물사업본부 에코(Eco)-물센터,PQ,1305000000,1299016600,99.54150192,한종+태성+동진,99.99,1018000000,100.0034,N
20200436557 - 00,20200424,양남 공공하수처리시설 증설공사외 1건 통합건설사업관리용역,경상북도 경주시 맑은물사업본부 에코(Eco)-물센터,PQ,1305000000,1299016600,99.54150192,동명+동성,99.96,1023200000,100.4885,N
20200436557 - 00,20200424,양남 공공하수처리시설 증설공사외 1건 통합건설사업관리용역,경상북도 경주시 맑은물사업본부 에코(Eco)-물센터,PQ,1305000000,1299016600,99.54150192,도화+청명,99.85,1015430000,99.636,Y
20200436557 - 00,20200424,양남 공공하수처리시설 증설공사외 1건 통합건설사업관리용역,경상북도 경주시 맑은물사업본부 에코(Eco)-물센터,PQ,1305000000,1299016600,99.54150192,경원+건일,99.81,1016320000,99.685,N
20200436557 - 00,20200424,양남 공공하수처리시설 증설공사외 1건 통합건설사업관리용역,경상북도 경주시 맑은물사업본부 에코(Eco)-물센터,PQ,1305000000,1299016600,99.54150192,건화+한도,99.76,1028060000,100.7978,N
20200436557 - 00,20200424,양남 공공하수처리시설 증설공사외 1건 통합건설사업관리용역,경상북도 경주시 맑은물사업본부 에코(Eco)-물센터,PQ,1305000000,1299016600,99.54150192,삼안+한백,99.73,1015960000,99.586,N
20200436557 - 00,20200424,양남 공공하수처리시설 증설공사외 1건 통합건설사업관리용역,경상북도 경주시 맑은물사업본부 에코(Eco)-물센터,PQ,1305000000,1299016600,99.54150192,신명+해인,99.7,1028028000,100.7431,N
20200436557 - 00,20200424,양남 공공하수처리시설 증설공사외 1건 통합건설사업관리용역,경상북도 경주시 맑은물사업본부 에코(Eco)-물센터,PQ,1305000000,1299016600,99.54150192,이산+상금,99.7,1027499000,100.6913,N
20200436557 - 00,20200424,양남 공공하수처리시설 증설공사외 1건 통합건설사업관리용역,경상북도 경주시 맑은물사업본부 에코(Eco)-물센터,PQ,1305000000,1299016600,99.54150192,선진+보원,99.69,1011560000,99.1293,N
20200436557 - 00,20200424,양남 공공하수처리시설 증설공사외 1건 통합건설사업관리용역,경상북도 경주시 맑은물사업본부 에코(Eco)-물센터,PQ,1305000000,1299016600,99.54150192,대콘+보람,99.65,1032255000,101.1186,N
20200436557 - 00,20200424,양남 공공하수처리시설 증설공사외 1건 통합건설사업관리용역,경상북도 경주시 맑은물사업본부 에코(Eco)-물센터,PQ,1305000000,1299016600,99.54150192,범한+KCN,99.54,1036000000,101.3947,N
20200436557 - 00,20200424,양남 공공하수처리시설 증설공사외 1건 통합건설사업관리용역,경상북도 경주시 맑은물사업본부 에코(Eco)-물센터,PQ,1305000000,1299016600,99.54150192,건양+KCI,99.53,1006552000,98.5,N
20200436557 - 00,20200424,양남 공공하수처리시설 증설공사외 1건 통합건설사업관리용역,경상북도 경주시 맑은물사업본부 에코(Eco)-물센터,PQ,1305000000,1299016600,99.54150192,유신+해동,99.31,1040700000,101.6599,N
20200436557 - 00,20200424,양남 공공하수처리시설 증설공사외 1건 통합건설사업관리용역,경상북도 경주시 맑은물사업본부 에코(Eco)-물센터,PQ,1305000000,1299016600,99.54150192,세원+서영,99.04,1012580000,98.6992,N
20200438917 - 02,20200427,부여 일반산업단지계획 수립용역,충청남도 부여군,PQ,1909105000,1934023625,101.3052517,유신+세일+우주,98.47,1511168000,100.229,N
20200438917 - 02,20200427,부여 일반산업단지계획 수립용역,충청남도 부여군,PQ,1909105000,1934023625,101.3052517,KG+드림,97.67,1506720000,99.2803,N
20200438917 - 02,20200427,부여 일반산업단지계획 수립용역,충청남도 부여군,PQ,1909105000,1934023625,101.3052517,건화+장맥(예당),97.6,1530480000,100.7951,N
20200438917 - 02,20200427,부여 일반산업단지계획 수립용역,충청남도 부여군,PQ,1909105000,1934023625,101.3052517,서영+경동+동명,97.6,1530560000,100.8004,N
20200438917 - 02,20200427,부여 일반산업단지계획 수립용역,충청남도 부여군,PQ,1909105000,1934023625,101.3052517,삼안+경호+한맥,97.54,1539230000,101.3204,Y
20200438917 - 02,20200427,부여 일반산업단지계획 수립용역,충청남도 부여군,PQ,1909105000,1934023625,101.3052517,수성+동일+기산,97.48,1504888000,99.0101,N
20200438917 - 02,20200427,부여 일반산업단지계획 수립용역,충청남도 부여군,PQ,1909105000,1934023625,101.3052517,한종+천마,97.24,1536500000,100.8998,N
20200438917 - 02,20200427,부여 일반산업단지계획 수립용역,충청남도 부여군,PQ,1909105000,1934023625,101.3052517,도화+강호+수성,97.02,1832700000,120.14,N
20200439192 - 01,20200427,부산진역 CY 이전사업 환경영향평가용역,해양수산부,PQ,442000000,440565750,99.67550905,선진+한종+CNS,98.07,383910000,100.1297,N
20200439192 - 01,20200427,부산진역 CY 이전사업 환경영향평가용역,해양수산부,PQ,442000000,440565750,99.67550905,동아+이산+엔탑,97.84,382900000,99.8662,N
20200439192 - 01,20200427,부산진역 CY 이전사업 환경영향평가용역,해양수산부,PQ,442000000,440565750,99.67550905,신성+평화+효산,97.74,384480000,100.2783,N
20200439192 - 01,20200427,부산진역 CY 이전사업 환경영향평가용역,해양수산부,PQ,442000000,440565750,99.67550905,동명+선진환경,96.63,382600000,99.742,Y
20200439192 - 01,20200427,부산진역 CY 이전사업 환경영향평가용역,해양수산부,PQ,442000000,440565750,99.67550905,한맥+수성+DS,97.04,385560000,100.5021,N
20200439192 - 01,20200427,부산진역 CY 이전사업 환경영향평가용역,해양수산부,PQ,442000000,440565750,99.67550905,건화+우신,97.06,383720000,99.9994,N
20200439192 - 01,20200427,부산진역 CY 이전사업 환경영향평가용역,해양수산부,PQ,442000000,440565750,99.67550905,동일+서영+퍼스트,97.07,386000000,100.5936,N
20200439192 - 01,20200427,부산진역 CY 이전사업 환경영향평가용역,해양수산부,PQ,442000000,440565750,99.67550905,삼안+KG+휴먼,96.28,386760000,100.7568,N
20200439192 - 01,20200427,부산진역 CY 이전사업 환경영향평가용역,해양수산부,PQ,442000000,440565750,99.67550905,동성+연,95.95,388256000,101.1,N
20200439192 - 01,20200427,부산진역 CY 이전사업 환경영향평가용역,해양수산부,PQ,442000000,440565750,99.67550905,다산+경호+한솔,95.75,381260000,99.2783,N
20200439192 - 01,20200427,부산진역 CY 이전사업 환경영향평가용역,해양수산부,PQ,442000000,440565750,99.67550905,유신+예평+대현,95.24,381503000,99.3301,N
20200439192 - 01,20200427,부산진역 CY 이전사업 환경영향평가용역,해양수산부,PQ,442000000,440565750,99.67550905,도화+아라+신일,94.64,381440000,99.2224,N
20200439192 - 01,20200427,부산진역 CY 이전사업 환경영향평가용역,해양수산부,PQ,442000000,440565750,99.67550905,동부+중천,93.72,389730000,101.3089,N
20200439036 - 00,20200427,전주 공공하수처리시설 증설(4단계)사업 기본 및 실시설계,한국환경공단,TP,3457723000,3467612150,100.2860018,삼안+한종+현성,98.2,2568830000,100.1855,N
20200439036 - 00,20200427,전주 공공하수처리시설 증설(4단계)사업 기본 및 실시설계,한국환경공단,TP,3457723000,3467612150,100.2860018,이산+JCN+KG,97.28,2571552681,99.5,N
20200439036 - 00,20200427,전주 공공하수처리시설 증설(4단계)사업 기본 및 실시설계,한국환경공단,TP,3457723000,3467612150,100.2860018,동명+더한건설(건화+경동),97.2,2652000000,102.5441,Y
20200439036 - 00,20200427,전주 공공하수처리시설 증설(4단계)사업 기본 및 실시설계,한국환경공단,TP,3457723000,3467612150,100.2860018,도화+국성+동해,95.26,2581300000,98.1826,N
20200438212 - 00,20200427,검단산업단지~검단우회도로간 도로확장공사 외 1개소 통합 건설사업관리용역,인천광역시 종합건설본부,PQ,2196700000,2167956200,98.69150089,도화+정방,100,1715100000,100.1041,N
20200438212 - 00,20200427,검단산업단지~검단우회도로간 도로확장공사 외 1개소 통합 건설사업관리용역,인천광역시 종합건설본부,PQ,2196700000,2167956200,98.69150089,동부+장원,100,1713140000,99.9897,N
20200438212 - 00,20200427,검단산업단지~검단우회도로간 도로확장공사 외 1개소 통합 건설사업관리용역,인천광역시 종합건설본부,PQ,2196700000,2167956200,98.69150089,이산+극동,100,1719780000,100.3773,N
20200438212 - 00,20200427,검단산업단지~검단우회도로간 도로확장공사 외 1개소 통합 건설사업관리용역,인천광역시 종합건설본부,PQ,2196700000,2167956200,98.69150089,동성+대한건설,99.98,1706900000,99.6,N
20200438212 - 00,20200427,검단산업단지~검단우회도로간 도로확장공사 외 1개소 통합 건설사업관리용역,인천광역시 종합건설본부,PQ,2196700000,2167956200,98.69150089,삼안+청해,99.94,1705000000,99.4636,N
20200438212 - 00,20200427,검단산업단지~검단우회도로간 도로확장공사 외 1개소 통합 건설사업관리용역,인천광역시 종합건설본부,PQ,2196700000,2167956200,98.69150089,동명+일진,99.9,1716500000,100.096,N
20200438212 - 00,20200427,검단산업단지~검단우회도로간 도로확장공사 외 1개소 통합 건설사업관리용역,인천광역시 종합건설본부,PQ,2196700000,2167956200,98.69150089,서영+바우,99.88,1704790000,99.4004,N
20200438212 - 00,20200427,검단산업단지~검단우회도로간 도로확장공사 외 1개소 통합 건설사업관리용역,인천광역시 종합건설본부,PQ,2196700000,2167956200,98.69150089,경동+명인+KG,99.81,1729880000,100.7988,N
20200438212 - 00,20200427,검단산업단지~검단우회도로간 도로확장공사 외 1개소 통합 건설사업관리용역,인천광역시 종합건설본부,PQ,2196700000,2167956200,98.69150089,동남+한종,99.8,1724450000,100.4824,N
20200438212 - 00,20200427,검단산업단지~검단우회도로간 도로확장공사 외 1개소 통합 건설사업관리용역,인천광역시 종합건설본부,PQ,2196700000,2167956200,98.69150089,수성+경서,99.8,1699005000,98.9997,N
20200438212 - 00,20200427,검단산업단지~검단우회도로간 도로확장공사 외 1개소 통합 건설사업관리용역,인천광역시 종합건설본부,PQ,2196700000,2167956200,98.69150089,대콘+경서,99.76,1702453000,99.1625,N
20200438212 - 00,20200427,검단산업단지~검단우회도로간 도로확장공사 외 1개소 통합 건설사업관리용역,인천광역시 종합건설본부,PQ,2196700000,2167956200,98.69150089,유신+한서,99.74,1694689000,98.6977,Y
20200438212 - 00,20200427,검단산업단지~검단우회도로간 도로확장공사 외 1개소 통합 건설사업관리용역,인천광역시 종합건설본부,PQ,2196700000,2167956200,98.69150089,천일+한승,99.65,1696870000,98.7489,N
20200438212 - 00,20200427,검단산업단지~검단우회도로간 도로확장공사 외 1개소 통합 건설사업관리용역,인천광역시 종합건설본부,PQ,2196700000,2167956200,98.69150089,신명+브니엘,99.6,1740535100,101.2511,N
20200438212 - 00,20200427,검단산업단지~검단우회도로간 도로확장공사 외 1개소 통합 건설사업관리용역,인천광역시 종합건설본부,PQ,2196700000,2167956200,98.69150089,평화+대양,99.58,1734720000,100.9,N
20200438212 - 00,20200427,검단산업단지~검단우회도로간 도로확장공사 외 1개소 통합 건설사업관리용역,인천광역시 종합건설본부,PQ,2196700000,2167956200,98.69150089,다산+경안,99.55,1734132000,100.84,N
20200438212 - 00,20200427,검단산업단지~검단우회도로간 도로확장공사 외 1개소 통합 건설사업관리용역,인천광역시 종합건설본부,PQ,2196700000,2167956200,98.69150089,삼보+INC,99.51,1739950000,101.1396,N
20200438212 - 00,20200427,검단산업단지~검단우회도로간 도로확장공사 외 1개소 통합 건설사업관리용역,인천광역시 종합건설본부,PQ,2196700000,2167956200,98.69150089,화신+경원+도담,99.51,1697980000,98.6999,N
20200438212 - 00,20200427,검단산업단지~검단우회도로간 도로확장공사 외 1개소 통합 건설사업관리용역,인천광역시 종합건설본부,PQ,2196700000,2167956200,98.69150089,홍익+미소,99.3,1757665000,102,N
20200438212 - 00,20200427,검단산업단지~검단우회도로간 도로확장공사 외 1개소 통합 건설사업관리용역,인천광역시 종합건설본부,PQ,2196700000,2167956200,98.69150089,신성+티에스,99.21,1705180000,98.9542,N
20200438212 - 00,20200427,검단산업단지~검단우회도로간 도로확장공사 외 1개소 통합 건설사업관리용역,인천광역시 종합건설본부,PQ,2196700000,2167956200,98.69150089,KCM+삼지,99.16,1765000000,102.4256,N
20200438212 - 00,20200427,검단산업단지~검단우회도로간 도로확장공사 외 1개소 통합 건설사업관리용역,인천광역시 종합건설본부,PQ,2196700000,2167956200,98.69150089,건화+고산,97.4,0,0,N
20200439130 - 00,20200428,"성주군 급수구역확장사업(가천면, 수륜면) 건설사업관리용역",경상북도 성주군,SOQ,2876000000,2851453400,99.14650209,한종+상금+삼보+강산,99.91,2267300000,100.9995,Y
20200439130 - 00,20200428,"성주군 급수구역확장사업(가천면, 수륜면) 건설사업관리용역",경상북도 성주군,SOQ,2876000000,2851453400,99.14650209,삼안+한도+한백,97.41,2262920000,98.7796,N
20200439130 - 00,20200428,"성주군 급수구역확장사업(가천면, 수륜면) 건설사업관리용역",경상북도 성주군,SOQ,2876000000,2851453400,99.14650209,건화+보원+동성,97.3,2264700000,98.7705,N
20200439130 - 00,20200428,"성주군 급수구역확장사업(가천면, 수륜면) 건설사업관리용역",경상북도 성주군,SOQ,2876000000,2851453400,99.14650209,도화+청명,97.25,2732000000,119.1061,N
20200440199 - 00,20200428,침곡구성지구 농어촌마을 하수도정비사업 기본 및 실시설계 용역,전라남도 곡성군,PQ,375010000,375263175,100.0675115,이산+하이콘,98.5,326000000,100.0645,N
20200440199 - 00,20200428,침곡구성지구 농어촌마을 하수도정비사업 기본 및 실시설계 용역,전라남도 곡성군,PQ,375010000,375263175,100.0675115,유신+평화,98.5,324975000,99.7499,N
20200440199 - 00,20200428,침곡구성지구 농어촌마을 하수도정비사업 기본 및 실시설계 용역,전라남도 곡성군,PQ,375010000,375263175,100.0675115,삼안+동아,98.46,327580000,100.5379,Y
20200440199 - 00,20200428,침곡구성지구 농어촌마을 하수도정비사업 기본 및 실시설계 용역,전라남도 곡성군,PQ,375010000,375263175,100.0675115,건화+원우(서진),98.42,328434000,100.8,N
20200440199 - 00,20200428,침곡구성지구 농어촌마을 하수도정비사업 기본 및 실시설계 용역,전라남도 곡성군,PQ,375010000,375263175,100.0675115,범한+신명,98.42,324650000,99.6386,N
20200440199 - 00,20200428,침곡구성지구 농어촌마을 하수도정비사업 기본 및 실시설계 용역,전라남도 곡성군,PQ,375010000,375263175,100.0675115,제일+우빈,98.21,324300000,99.5083,N
20200440199 - 00,20200428,침곡구성지구 농어촌마을 하수도정비사업 기본 및 실시설계 용역,전라남도 곡성군,PQ,375010000,375263175,100.0675115,동명+한기,98.02,327600000,100.5093,N
20200440199 - 00,20200428,침곡구성지구 농어촌마을 하수도정비사업 기본 및 실시설계 용역,전라남도 곡성군,PQ,375010000,375263175,100.0675115,화신+건영,97.74,328698000,100.8114,N
20200440199 - 00,20200428,침곡구성지구 농어촌마을 하수도정비사업 기본 및 실시설계 용역,전라남도 곡성군,PQ,375010000,375263175,100.0675115,도화+우리,97.51,330100000,101.2181,N
20200440199 - 00,20200428,침곡구성지구 농어촌마을 하수도정비사업 기본 및 실시설계 용역,전라남도 곡성군,PQ,375010000,375263175,100.0675115,한종+신오,97.01,323200000,99.0568,N
20200440199 - 00,20200428,침곡구성지구 농어촌마을 하수도정비사업 기본 및 실시설계 용역,전라남도 곡성군,PQ,375010000,375263175,100.0675115,KG+우영,97.16,322835000,98.82,N
20200440942 - 03,20200428,북평산업단지 재생사업지구 지정 및 재생시행계획 수립 용역,강원도 동해시,PQ,954000000,962657600,100.9075052,삼안+서광+한맥,100,819170000,100.435,N
20200440942 - 03,20200428,북평산업단지 재생사업지구 지정 및 재생시행계획 수립 용역,강원도 동해시,PQ,954000000,962657600,100.9075052,유신+일신,100,813567000,99.748,N
20200440942 - 03,20200428,북평산업단지 재생사업지구 지정 및 재생시행계획 수립 용역,강원도 동해시,PQ,954000000,962657600,100.9075052,동명+정,100,818700000,100.3773,N
20200440942 - 03,20200428,북평산업단지 재생사업지구 지정 및 재생시행계획 수립 용역,강원도 동해시,PQ,954000000,962657600,100.9075052,경동+진화,99.98,817869000,100.2637,N
20200440942 - 03,20200428,북평산업단지 재생사업지구 지정 및 재생시행계획 수립 용역,강원도 동해시,PQ,954000000,962657600,100.9075052,건화+화신,99.63,812180000,99.4732,N
20200440942 - 03,20200428,북평산업단지 재생사업지구 지정 및 재생시행계획 수립 용역,강원도 동해시,PQ,954000000,962657600,100.9075052,수성+경원+삼경,99.44,822503000,100.6905,N
20200440942 - 03,20200428,북평산업단지 재생사업지구 지정 및 재생시행계획 수립 용역,강원도 동해시,PQ,954000000,962657600,100.9075052,경호+미래,99.15,811787000,99.3091,N
20200440942 - 03,20200428,북평산업단지 재생사업지구 지정 및 재생시행계획 수립 용역,강원도 동해시,PQ,954000000,962657600,100.9075052,서영+삼주,99,827600000,101.2081,Y
20200440942 - 03,20200428,북평산업단지 재생사업지구 지정 및 재생시행계획 수립 용역,강원도 동해시,PQ,954000000,962657600,100.9075052,KG+동서,98.83,859000000,104.999,N
20200440963 - 00,20200428,대화천 생태하천 복원사업 기본 및 실시설계용역,강원도 평창군,PQ,2323000000,2314445600,99.63175204,삼안+삼경+서광+진화,98.71,1841950000,100.5923,Y
20200440963 - 00,20200428,대화천 생태하천 복원사업 기본 및 실시설계용역,강원도 평창군,PQ,2323000000,2314445600,99.63175204,한종+일신+정+현진,98.08,1831500000,99.5166,N
20200440963 - 00,20200428,대화천 생태하천 복원사업 기본 및 실시설계용역,강원도 평창군,PQ,2323000000,2314445600,99.63175204,동부+도화+동남+보람+지호,97.94,1858890000,100.8966,N
20200440963 - 00,20200428,대화천 생태하천 복원사업 기본 및 실시설계용역,강원도 평창군,PQ,2323000000,2314445600,99.63175204,KSM+삼주+서경,97.68,1864900000,101,N
20200440963 - 00,20200428,대화천 생태하천 복원사업 기본 및 실시설계용역,강원도 평창군,PQ,2323000000,2314445600,99.63175204,이산+고려+동서,97.62,1829680000,99.0427,N
20200440963 - 00,20200428,대화천 생태하천 복원사업 기본 및 실시설계용역,강원도 평창군,PQ,2323000000,2314445600,99.63175204,화신+KCI+서강,97.37,1825919000,98.6406,N
20200440963 - 00,20200428,대화천 생태하천 복원사업 기본 및 실시설계용역,강원도 평창군,PQ,2323000000,2314445600,99.63175204,KG+정원+미래,97.27,1875077000,101.22,N
20200440963 - 00,20200428,대화천 생태하천 복원사업 기본 및 실시설계용역,강원도 평창군,PQ,2323000000,2314445600,99.63175204,동명+한울+동성+동해,96.78,1897000000,101.9942,N
20200440963 - 00,20200428,대화천 생태하천 복원사업 기본 및 실시설계용역,강원도 평창군,PQ,2323000000,2314445600,99.63175204,극동+경원+성우,96.66,1893181000,101.6999,N
20200440963 - 00,20200428,대화천 생태하천 복원사업 기본 및 실시설계용역,강원도 평창군,PQ,2323000000,2314445600,99.63175204,건화+강원길+동성(신일),95.03,1927690000,102.2144,N
20200440963 - 00,20200428,대화천 생태하천 복원사업 기본 및 실시설계용역,강원도 평창군,PQ,2323000000,2314445600,99.63175204,평화+대성+국일,94.94,1928600000,102.1997,N
20200439705 - 00,20200428,과천시 수도정비기본계획 및 상수도관망 기술진단 용역,경기도 과천시,PQ,1275989000,1264106425,99.06875569,동명+HEC+건화(경호),98.81,1013100000,100.8027,N
20200439705 - 00,20200428,과천시 수도정비기본계획 및 상수도관망 기술진단 용역,경기도 과천시,PQ,1275989000,1264106425,99.06875569,도화+KG,98.1,1008970000,99.8215,Y
20200439705 - 00,20200428,과천시 수도정비기본계획 및 상수도관망 기술진단 용역,경기도 과천시,PQ,1275989000,1264106425,99.06875569,한종+범한,98,1025700000,101.3998,N
20200439705 - 00,20200428,과천시 수도정비기본계획 및 상수도관망 기술진단 용역,경기도 과천시,PQ,1275989000,1264106425,99.06875569,삼안+하이콘,97.7,1004300000,99.0344,N
20200439705 - 00,20200428,과천시 수도정비기본계획 및 상수도관망 기술진단 용역,경기도 과천시,PQ,1275989000,1264106425,99.06875569,유신+이산,97.35,1173700000,115.4195,N
20200440593 - 00,20200428,축구종합센터 도시개발사업 영향평가분야 용역,충청남도 천안시,PQ,742800000,745936525,100.422257,동아+건화+레오(송현),99.67,635590000,99.9904,N
20200440593 - 00,20200428,축구종합센터 도시개발사업 영향평가분야 용역,충청남도 천안시,PQ,742800000,745936525,100.422257,한종+엔탑,99.43,636520000,100.0782,N
20200440593 - 00,20200428,축구종합센터 도시개발사업 영향평가분야 용역,충청남도 천안시,PQ,742800000,745936525,100.422257,신성+효산,99.37,632880000,99.4943,N
20200440593 - 00,20200428,축구종합센터 도시개발사업 영향평가분야 용역,충청남도 천안시,PQ,742800000,745936525,100.422257,수성+보드플랜,99.31,637000000,100.1186,N
20200440593 - 00,20200428,축구종합센터 도시개발사업 영향평가분야 용역,충청남도 천안시,PQ,742800000,745936525,100.422257,서영+세일+퍼스트,99.29,638480000,100.3512,N
20200440593 - 00,20200428,축구종합센터 도시개발사업 영향평가분야 용역,충청남도 천안시,PQ,742800000,745936525,100.422257,한맥+우신,99.16,633830000,99.5855,N
20200440593 - 00,20200428,축구종합센터 도시개발사업 영향평가분야 용역,충청남도 천안시,PQ,742800000,745936525,100.422257,삼안+화신+CNS,99.1,640200000,100.5746,Y
20200440593 - 00,20200428,축구종합센터 도시개발사업 영향평가분야 용역,충청남도 천안시,PQ,742800000,745936525,100.422257,동명+드림,98.91,630000000,98.926,N
20200440593 - 00,20200428,축구종합센터 도시개발사업 영향평가분야 용역,충청남도 천안시,PQ,742800000,745936525,100.422257,도화+경동,98.9,644850000,101.246,N
20200440593 - 00,20200428,축구종합센터 도시개발사업 영향평가분야 용역,충청남도 천안시,PQ,742800000,745936525,100.422257,다산+한경+제온,98.82,630000000,98.9029,N
20200440593 - 00,20200428,축구종합센터 도시개발사업 영향평가분야 용역,충청남도 천안시,PQ,742800000,745936525,100.422257,평화+휴먼,98.79,647200000,101.5913,N
20200440593 - 00,20200428,축구종합센터 도시개발사업 영향평가분야 용역,충청남도 천안시,PQ,742800000,745936525,100.422257,동성+한솔,97.54,649177000,101.57,N
20200440593 - 00,20200428,축구종합센터 도시개발사업 영향평가분야 용역,충청남도 천안시,PQ,742800000,745936525,100.422257,경호+송현,96.68,652470000,101.8603,N
20200440593 - 00,20200428,축구종합센터 도시개발사업 영향평가분야 용역,충청남도 천안시,PQ,742800000,745936525,100.422257,선진+양지,96.03,631900000,98.4892,N
20200441747 - 00,20200428,순천시 노후정수장 시설 개량사업 기본 및 실시설계 용역,전라남도 순천시,PQ,1787261000,1776349800,99.38950159,도화+신명+KG+동아,99.46,1410250000,100.7156,Y
20200441747 - 00,20200428,순천시 노후정수장 시설 개량사업 기본 및 실시설계 용역,전라남도 순천시,PQ,1787261000,1776349800,99.38950159,동명+하이콘,97.88,1407800000,99.261,N
20200441747 - 00,20200428,순천시 노후정수장 시설 개량사업 기본 및 실시설계 용역,전라남도 순천시,PQ,1787261000,1776349800,99.38950159,삼안+우리,97.88,1433410000,101.0667,N
20200441747 - 00,20200428,순천시 노후정수장 시설 개량사업 기본 및 실시설계 용역,전라남도 순천시,PQ,1787261000,1776349800,99.38950159,HEC+동해+우빈,97.83,1405000000,99.0262,N
20200441747 - 00,20200428,순천시 노후정수장 시설 개량사업 기본 및 실시설계 용역,전라남도 순천시,PQ,1787261000,1776349800,99.38950159,건화+원우(서진),97.79,1402900000,98.8408,N
20200441747 - 00,20200428,순천시 노후정수장 시설 개량사업 기본 및 실시설계 용역,전라남도 순천시,PQ,1787261000,1776349800,99.38950159,한종+신오+서광,97.78,1403920000,98.9002,N
20200441747 - 00,20200428,순천시 노후정수장 시설 개량사업 기본 및 실시설계 용역,전라남도 순천시,PQ,1787261000,1776349800,99.38950159,유신+우영+평화,97.52,1445818000,101.647,N
20200441747 - 00,20200428,순천시 노후정수장 시설 개량사업 기본 및 실시설계 용역,전라남도 순천시,PQ,1787261000,1776349800,99.38950159,경동+건영,97.09,1718000000,120.359,N
20200441646 - 00,20200428,금호처리구역 노후하수관로[개선] 정비사업외 1건 통합건설사업관리용역,경상북도 영천시,SOQ,3330000000,3368319975,101.15075,이산+한도+명성+세원,98.13,2510300000,101.6031,Y
20200441646 - 00,20200428,금호처리구역 노후하수관로[개선] 정비사업외 1건 통합건설사업관리용역,경상북도 영천시,SOQ,3330000000,3368319975,101.15075,동일+한주,94.36,2521990000,98.8649,N
20200441646 - 00,20200428,금호처리구역 노후하수관로[개선] 정비사업외 1건 통합건설사업관리용역,경상북도 영천시,SOQ,3330000000,3368319975,101.15075,건화+보원+강산,94.32,2600000000,101.8831,N
20200441646 - 00,20200428,금호처리구역 노후하수관로[개선] 정비사업외 1건 통합건설사업관리용역,경상북도 영천시,SOQ,3330000000,3368319975,101.15075,한종+동진+한백+삼보,94.26,2512900000,98.4186,N
20200441646 - 00,20200428,금호처리구역 노후하수관로[개선] 정비사업외 1건 통합건설사업관리용역,경상북도 영천시,SOQ,3330000000,3368319975,101.15075,도화+청명+태성,94.24,2503100000,98.022,N
20200441646 - 00,20200428,금호처리구역 노후하수관로[개선] 정비사업외 1건 통합건설사업관리용역,경상북도 영천시,SOQ,3330000000,3368319975,101.15075,삼안+해인,93.85,2621300000,102.3172,N
20200441646 - 00,20200428,금호처리구역 노후하수관로[개선] 정비사업외 1건 통합건설사업관리용역,경상북도 영천시,SOQ,3330000000,3368319975,101.15075,동명+동성,93.46,3164000000,123.1004,N
20200440843 - 00,20200428,강변북로 마포권역 진출입램프 설치 기본설계 용역 ,서울특별시,PQ,790200000,777092600,98.34125538,유신+경동+KG,99.08,679388000,100.317,N
20200440843 - 00,20200428,강변북로 마포권역 진출입램프 설치 기본설계 용역 ,서울특별시,PQ,790200000,777092600,98.34125538,동해+한맥,98.3,681223000,100.3889,N
20200440843 - 00,20200428,강변북로 마포권역 진출입램프 설치 기본설계 용역 ,서울특별시,PQ,790200000,777092600,98.34125538,삼안+태조,98.24,676280000,99.6488,N
20200440843 - 00,20200428,강변북로 마포권역 진출입램프 설치 기본설계 용역 ,서울특별시,PQ,790200000,777092600,98.34125538,다산+제일,98,682660000,100.5304,N
20200440843 - 00,20200428,강변북로 마포권역 진출입램프 설치 기본설계 용역 ,서울특별시,PQ,790200000,777092600,98.34125538,건화+천일+신성(테크피아),97.83,672200000,98.944,Y
20200440843 - 00,20200428,강변북로 마포권역 진출입램프 설치 기본설계 용역 ,서울특별시,PQ,790200000,777092600,98.34125538,이산+대콘,97.78,674000000,99.1974,N
20200440843 - 00,20200428,강변북로 마포권역 진출입램프 설치 기본설계 용역 ,서울특별시,PQ,790200000,777092600,98.34125538,동일+동명,97.61,673600000,99.0924,N
20200440843 - 00,20200428,강변북로 마포권역 진출입램프 설치 기본설계 용역 ,서울특별시,PQ,790200000,777092600,98.34125538,도화+서영,97.59,673350000,99.0441,N
20200440843 - 00,20200428,강변북로 마포권역 진출입램프 설치 기본설계 용역 ,서울특별시,PQ,790200000,777092600,98.34125538,수성+진우,97.59,686235000,100.9394,N
20200440843 - 00,20200428,강변북로 마포권역 진출입램프 설치 기본설계 용역 ,서울특별시,PQ,790200000,777092600,98.34125538,홍익+KRTC,96.2,673350000,98.7,N
20200440843 - 00,20200428,강변북로 마포권역 진출입램프 설치 기본설계 용역 ,서울특별시,PQ,790200000,777092600,98.34125538,한종+다산E,96.13,690450000,101.183,N
20200440843 - 00,20200428,강변북로 마포권역 진출입램프 설치 기본설계 용역 ,서울특별시,PQ,790200000,777092600,98.34125538,용마+바우+서우,95.73,673889000,98.6647,N
20200440843 - 00,20200428,강변북로 마포권역 진출입램프 설치 기본설계 용역 ,서울특별시,PQ,790200000,777092600,98.34125538,평화+한올+서경,95.51,696300000,101.887,N
20200440843 - 00,20200428,강변북로 마포권역 진출입램프 설치 기본설계 용역 ,서울특별시,PQ,790200000,777092600,98.34125538,극동+에이스톤,95.12,692598000,101.2399,N
2001587 - 00,20200429,남양주 양정역세권 복합단지 개발사업 환경영향평가용역,한국토지주택공사,PQ,1551770000,1553561000,100.1154166,신성+서영+동아+효산,99.25,1258980000,100.7536,Y
2001587 - 00,20200429,남양주 양정역세권 복합단지 개발사업 환경영향평가용역,한국토지주택공사,PQ,1551770000,1553561000,100.1154166,선진+경동+엔탑,99.14,1250180000,99.9501,N
2001587 - 00,20200429,남양주 양정역세권 복합단지 개발사업 환경영향평가용역,한국토지주택공사,PQ,1551770000,1553561000,100.1154166,도화+천일+신일,98.94,1262330000,100.7465,N
2001587 - 00,20200429,남양주 양정역세권 복합단지 개발사업 환경영향평가용역,한국토지주택공사,PQ,1551770000,1553561000,100.1154166,동성+동일+다원,98.73,1266445000,100.9,N
2001587 - 00,20200429,남양주 양정역세권 복합단지 개발사업 환경영향평가용역,한국토지주택공사,PQ,1551770000,1553561000,100.1154166,이산+수성+평화+보드플랜,98.73,1247356000,99.3791,N
2001587 - 00,20200429,남양주 양정역세권 복합단지 개발사업 환경영향평가용역,한국토지주택공사,PQ,1551770000,1553561000,100.1154166,다산+건화+삼안+레오,98.61,1245866000,99.1501,N
2001587 - 00,20200429,남양주 양정역세권 복합단지 개발사업 환경영향평가용역,한국토지주택공사,PQ,1551770000,1553561000,100.1154166,한종+우신,98.4,1273330000,101.1608,N
2001587 - 00,20200429,남양주 양정역세권 복합단지 개발사업 환경영향평가용역,한국토지주택공사,PQ,1551770000,1553561000,100.1154166,동부+한맥+KG+IK,98.26,1279190000,101.5013,N
2001587 - 00,20200429,남양주 양정역세권 복합단지 개발사업 환경영향평가용역,한국토지주택공사,PQ,1551770000,1553561000,100.1154166,홍익+동진,98.16,1279650000,101.4503,N
2001587 - 00,20200429,남양주 양정역세권 복합단지 개발사업 환경영향평가용역,한국토지주택공사,PQ,1551770000,1553561000,100.1154166,유신+씨엔에스+동명,96.25,1365557600,106.5053,N
2001572 - 00,20200428,부천종합운동장역 복합환승센터 사업화방안 검토 용역,한국토지주택공사,협상,281367000,282804000,100.5107209,건화+한아도시,94.7916,267000000,94.8939,Y
2001572 - 00,20200428,부천종합운동장역 복합환승센터 사업화방안 검토 용역,한국토지주택공사,협상,281367000,282804000,100.5107209,동성,88.9584,225093600,80,N
2001572 - 00,20200428,부천종합운동장역 복합환승센터 사업화방안 검토 용역,한국토지주택공사,협상,281367000,282804000,100.5107209,동림피엔디,78.75,267298650,95,N
20200443716 - 00,20200429,2025년 아산 도시관리계획(재정비) 수립용역,충청남도 아산시,PQ,1980330000,1967962875,99.37550181,동명+장맥,98.9,1574200000,100.9997,N
20200443716 - 00,20200429,2025년 아산 도시관리계획(재정비) 수립용역,충청남도 아산시,PQ,1980330000,1967962875,99.37550181,경호+강호,98.28,1564777000,99.8875,Y
20200443716 - 00,20200429,2025년 아산 도시관리계획(재정비) 수립용역,충청남도 아산시,PQ,1980330000,1967962875,99.37550181,도화+경동+우주,97.86,1587650000,101.0155,N
20200443716 - 00,20200429,2025년 아산 도시관리계획(재정비) 수립용역,충청남도 아산시,PQ,1980330000,1967962875,99.37550181,KG+유신+제일,97.8,1593238000,101.32,N
20200443716 - 00,20200429,2025년 아산 도시관리계획(재정비) 수립용역,충청남도 아산시,PQ,1980330000,1967962875,99.37550181,한종+천마,97.79,1556500000,98.9712,N
20200443716 - 00,20200429,2025년 아산 도시관리계획(재정비) 수립용역,충청남도 아산시,PQ,1980330000,1967962875,99.37550181,건화+드림+한맥(동광),97.34,1614700000,102.2984,N
20200443716 - 00,20200429,2025년 아산 도시관리계획(재정비) 수립용역,충청남도 아산시,PQ,1980330000,1967962875,99.37550181,화신+기산+계림,95.35,1742700000,108.6761,N
2001607 - 00,20200429,여수만흥 공공지원민간임대주택 공급촉진지구 환경영향평가 용역,한국토지주택공사,PQ,1194160000,1187527000,99.44454679,경동+동아+한종+한국환경,99.24,968960000,100.7532,N
2001607 - 00,20200429,여수만흥 공공지원민간임대주택 공급촉진지구 환경영향평가 용역,한국토지주택공사,PQ,1194160000,1187527000,99.44454679,선진+도화+동진,98.9,963089000,99.8575,N
2001607 - 00,20200429,여수만흥 공공지원민간임대주택 공급촉진지구 환경영향평가 용역,한국토지주택공사,PQ,1194160000,1187527000,99.44454679,신성+서영+홍익+퍼스트,98.77,961580000,99.5778,Y
2001607 - 00,20200429,여수만흥 공공지원민간임대주택 공급촉진지구 환경영향평가 용역,한국토지주택공사,PQ,1194160000,1187527000,99.44454679,다산+건화+삼안+레오,98.71,974985000,100.916,N
2001607 - 00,20200429,여수만흥 공공지원민간임대주택 공급촉진지구 환경영향평가 용역,한국토지주택공사,PQ,1194160000,1187527000,99.44454679,동성+동일+다원,98.43,961625000,99.3,N
2001607 - 00,20200429,여수만흥 공공지원민간임대주택 공급촉진지구 환경영향평가 용역,한국토지주택공사,PQ,1194160000,1187527000,99.44454679,이산+수성+평화,98.14,1000000000,102.996,N
20200443304 - 00,20200429,평촌일반산업단지 하수종말처리시설 연계처리 관거사업 기본 및 실시설계용역,대전광역시,PQ,607420000,602636625,99.21250947,도화+이산+신화,100,522735000,100.6588,N
20200443304 - 00,20200429,평촌일반산업단지 하수종말처리시설 연계처리 관거사업 기본 및 실시설계용역,대전광역시,PQ,607420000,602636625,99.21250947,건화(선구+수성+한국건설이앤지),99.49,518300000,99.6649,Y
20200443304 - 00,20200429,평촌일반산업단지 하수종말처리시설 연계처리 관거사업 기본 및 실시설계용역,대전광역시,PQ,607420000,602636625,99.21250947,한종+와텍,99.46,519490000,99.8937,N
20200443304 - 00,20200429,평촌일반산업단지 하수종말처리시설 연계처리 관거사업 기본 및 실시설계용역,대전광역시,PQ,607420000,602636625,99.21250947,KG+경림+제일,99.19,516300000,99.2108,N
20200443304 - 00,20200429,평촌일반산업단지 하수종말처리시설 연계처리 관거사업 기본 및 실시설계용역,대전광역시,PQ,607420000,602636625,99.21250947,삼안+동양,98.59,547800000,105.092,N
20200443304 - 00,20200429,평촌일반산업단지 하수종말처리시설 연계처리 관거사업 기본 및 실시설계용역,대전광역시,PQ,607420000,602636625,99.21250947,선진+윤성+휴먼,97.35,517990000,99.0615,N
20200444016 - 00,20200429,김천시 소각장 신규설치사업 기본 및 실시설계,한국환경공단,PQ,1026135000,1020855600,99.48550629,건화+보원,97.66,909100000,102.999,N
20200444016 - 00,20200429,김천시 소각장 신규설치사업 기본 및 실시설계,한국환경공단,PQ,1026135000,1020855600,99.48550629,한종+한도+동일,97.58,884676000,100.2085,N
20200444016 - 00,20200429,김천시 소각장 신규설치사업 기본 및 실시설계,한국환경공단,PQ,1026135000,1020855600,99.48550629,도화+세원,97.46,878858000,99.5264,Y
20200444068 - 00,20200429,신광 자연재해위험개선지구정비사업 실시설계용역,전라남도 함평군,PQ,1237659000,1238076775,100.0337553,도화+원우+신오,99.9,971370000,100.5373,Y
20200444068 - 00,20200429,신광 자연재해위험개선지구정비사업 실시설계용역,전라남도 함평군,PQ,1237659000,1238076775,100.0337553,KG+우리+영진,98.47,987998000,101.08,N
20200444068 - 00,20200429,신광 자연재해위험개선지구정비사업 실시설계용역,전라남도 함평군,PQ,1237659000,1238076775,100.0337553,삼안+동아+한맥,98.46,969540000,99.1791,N
20200444068 - 00,20200429,신광 자연재해위험개선지구정비사업 실시설계용역,전라남도 함평군,PQ,1237659000,1238076775,100.0337553,한종+신명,98.46,969750000,99.2006,N
20200444068 - 00,20200429,신광 자연재해위험개선지구정비사업 실시설계용역,전라남도 함평군,PQ,1237659000,1238076775,100.0337553,동명+기림+하존,98.44,986800000,100.9319,N
20200444068 - 00,20200429,신광 자연재해위험개선지구정비사업 실시설계용역,전라남도 함평군,PQ,1237659000,1238076775,100.0337553,유신+평화+동신,98.42,994170000,101.66,N
20200444068 - 00,20200429,신광 자연재해위험개선지구정비사업 실시설계용역,전라남도 함평군,PQ,1237659000,1238076775,100.0337553,이산+우영+주하,98.42,966000000,98.7794,N
20200444068 - 00,20200429,신광 자연재해위험개선지구정비사업 실시설계용역,전라남도 함평군,PQ,1237659000,1238076775,100.0337553,동부+한기,98.38,987866000,100.9898,N
20200444068 - 00,20200429,신광 자연재해위험개선지구정비사업 실시설계용역,전라남도 함평군,PQ,1237659000,1238076775,100.0337553,화신+산이+정,98.37,965000000,98.6397,N
20200444068 - 00,20200429,신광 자연재해위험개선지구정비사업 실시설계용역,전라남도 함평군,PQ,1237659000,1238076775,100.0337553,건화+하이콘+KSM(지오플랜+만승),98.3,1000000000,102.1656,N
20200444068 - 00,20200429,신광 자연재해위험개선지구정비사업 실시설계용역,전라남도 함평군,PQ,1237659000,1238076775,100.0337553,경호+극동+우빈,98.27,965950000,98.662,N
20200444068 - 00,20200429,신광 자연재해위험개선지구정비사업 실시설계용역,전라남도 함평군,PQ,1237659000,1238076775,100.0337553,동성+산하,98.22,1008800000,102.9996,N
20200443906 - 00 ,20200429,군도8호선(차산~삼봉)도로개설공사 외 1건 통합건설사업관리용역,경기도 남양주시,PQ,1991000000,2013747225,101.1425025,KG+도화,99.95,1548699000,99.6796,N
20200443906 - 00 ,20200429,군도8호선(차산~삼봉)도로개설공사 외 1건 통합건설사업관리용역,경기도 남양주시,PQ,1991000000,2013747225,101.1425025,신성+동성+KSM,99.9,1557980000,100.2384,N
20200443906 - 00 ,20200429,군도8호선(차산~삼봉)도로개설공사 외 1건 통합건설사업관리용역,경기도 남양주시,PQ,1991000000,2013747225,101.1425025,이산+용마+극동,99.85,1547700000,99.5388,N
20200443906 - 00 ,20200429,군도8호선(차산~삼봉)도로개설공사 외 1건 통합건설사업관리용역,경기도 남양주시,PQ,1991000000,2013747225,101.1425025,유신+건화,99.8,1567600000,100.7799,N
20200443906 - 00 ,20200429,군도8호선(차산~삼봉)도로개설공사 외 1건 통합건설사업관리용역,경기도 남양주시,PQ,1991000000,2013747225,101.1425025,서영+진화,99.7,1559800000,100.1887,N
20200443906 - 00 ,20200429,군도8호선(차산~삼봉)도로개설공사 외 1건 통합건설사업관리용역,경기도 남양주시,PQ,1991000000,2013747225,101.1425025,한맥+내경,99.7,1548400000,99.4564,N
20200443906 - 00 ,20200429,군도8호선(차산~삼봉)도로개설공사 외 1건 통합건설사업관리용역,경기도 남양주시,PQ,1991000000,2013747225,101.1425025,수성+토아+금정,99.69,1549889999,99.5521,N
20200443906 - 00 ,20200429,군도8호선(차산~삼봉)도로개설공사 외 1건 통합건설사업관리용역,경기도 남양주시,PQ,1991000000,2013747225,101.1425025,삼안+태조,99.65,1589940000,102.0855,Y
20200443906 - 00 ,20200429,군도8호선(차산~삼봉)도로개설공사 외 1건 통합건설사업관리용역,경기도 남양주시,PQ,1991000000,2013747225,101.1425025,경동+한종,99.55,1541820000,98.9199,N
20200443906 - 00 ,20200429,군도8호선(차산~삼봉)도로개설공사 외 1건 통합건설사업관리용역,경기도 남양주시,PQ,1991000000,2013747225,101.1425025,대콘+동우,98.45,1931270000,122.7926,N
20200444087 - 00,20200429,2019년 홍천군 하수도시설 설치사업 기본 및 실시설계,한국환경공단,PQ,807072000,808853650,100.2207548,건화(정),98.33,693680000,100.0992,N
20200444087 - 00,20200429,2019년 홍천군 하수도시설 설치사업 기본 및 실시설계,한국환경공단,PQ,807072000,808853650,100.2207548,삼안+일신,98.15,693990000,100.0973,N
20200444087 - 00,20200429,2019년 홍천군 하수도시설 설치사업 기본 및 실시설계,한국환경공단,PQ,807072000,808853650,100.2207548,도화+경원,98.02,688830000,99.3184,N
20200444087 - 00,20200429,2019년 홍천군 하수도시설 설치사업 기본 및 실시설계,한국환경공단,PQ,807072000,808853650,100.2207548,이산+미래,98,701300000,101.1164,Y
20200444087 - 00,20200429,2019년 홍천군 하수도시설 설치사업 기본 및 실시설계,한국환경공단,PQ,807072000,808853650,100.2207548,한종+화신,97.79,695400000,100.2074,N
20200444087 - 00,20200429,2019년 홍천군 하수도시설 설치사업 기본 및 실시설계,한국환경공단,PQ,807072000,808853650,100.2207548,동명+진화+서광,97.57,711700000,102.4966,N
20200444087 - 00,20200429,2019년 홍천군 하수도시설 설치사업 기본 및 실시설계,한국환경공단,PQ,807072000,808853650,100.2207548,제일+고려,95.85,689760000,98.9001,N
