PQ공고 NO.,공고일자,사업명,발주처,입찰구분,기초금액,예정금액,예가,업체명,PQ점수,투찰금액,추정예가,낙찰여부
20200301171 - 00,20200302,울산광역시 수도정비기본계획 수립 용역,울산광역시 상수도사업본부,PQ,2661000000,2622315750,98.54625141,도화+성지+한신+건화,93.3,2238800000,102.2468,Y
20200301171 - 00,20200302,울산광역시 수도정비기본계획 수립 용역,울산광역시 상수도사업본부,PQ,2661000000,2622315750,98.54625141,경호+청목,89.89,2281600000,101.5001,N
20200300819 - 00,20200302,양산시 태풍 차바 재해복구사업 분석 평가 용역,경상남도 양산시,PQ,594200000,595609775,100.237256,한종+수성,99.69,508700000,100.0536,N
20200300819 - 00,20200302,양산시 태풍 차바 재해복구사업 분석 평가 용역,경상남도 양산시,PQ,594200000,595609775,100.237256,삼안+KSM+동서,99.5,507980000,99.8654,N
20200300819 - 00,20200302,양산시 태풍 차바 재해복구사업 분석 평가 용역,경상남도 양산시,PQ,594200000,595609775,100.237256,도화+경화,99.49,512330000,100.7088,Y
20200300819 - 00,20200302,양산시 태풍 차바 재해복구사업 분석 평가 용역,경상남도 양산시,PQ,594200000,595609775,100.237256,동성+동명,99.39,507317000,99.7001,N
20200300819 - 00,20200302,양산시 태풍 차바 재해복구사업 분석 평가 용역,경상남도 양산시,PQ,594200000,595609775,100.237256,KG+국성,99.38,505892000,99.42,N
20200300819 - 00,20200302,양산시 태풍 차바 재해복구사업 분석 평가 용역,경상남도 양산시,PQ,594200000,595609775,100.237256,유신+강동,98.96,507035000,99.54,N
20200300819 - 00,20200302,양산시 태풍 차바 재해복구사업 분석 평가 용역,경상남도 양산시,PQ,594200000,595609775,100.237256,다산+서영,98.91,505760000,99.2782,N
20200300819 - 00,20200302,양산시 태풍 차바 재해복구사업 분석 평가 용역,경상남도 양산시,PQ,594200000,595609775,100.237256,화신+현대기술+극동,98.88,506797000,99.4701,N
20200300819 - 00,20200302,양산시 태풍 차바 재해복구사업 분석 평가 용역,경상남도 양산시,PQ,594200000,595609775,100.237256,건화+건일,98.54,521600000,102.2801,N
20200300819 - 00,20200302,양산시 태풍 차바 재해복구사업 분석 평가 용역,경상남도 양산시,PQ,594200000,595609775,100.237256,경호+조화,98.09,504750000,98.8608,N
20200300804 - 00,20200302,양산시 자연재해저감종합계획 수립 용역,경상남도 양산시,PQ,860000000,859348550,99.92425,건화+하우+KCI,99.34,735400000,99.8443,N
20200300804 - 00,20200302,양산시 자연재해저감종합계획 수립 용역,경상남도 양산시,PQ,860000000,859348550,99.92425,이산+신화+화신,99.28,739579000,100.3999,N
20200300804 - 00,20200302,양산시 자연재해저감종합계획 수립 용역,경상남도 양산시,PQ,860000000,859348550,99.92425,도화+경화,99.27,734100000,99.6561,N
20200300804 - 00,20200302,양산시 자연재해저감종합계획 수립 용역,경상남도 양산시,PQ,860000000,859348550,99.92425,KG+천진+주하,99.22,728185000,98.8301,N
20200300804 - 00,20200302,양산시 자연재해저감종합계획 수립 용역,경상남도 양산시,PQ,860000000,859348550,99.92425,한종+수성+하존,99.12,735770000,99.8362,N
20200300804 - 00,20200302,양산시 자연재해저감종합계획 수립 용역,경상남도 양산시,PQ,860000000,859348550,99.92425,동부+한성,99.1,742500000,100.7494,N
20200300804 - 00,20200302,양산시 자연재해저감종합계획 수립 용역,경상남도 양산시,PQ,860000000,859348550,99.92425,다산+HEC,99.06,731450000,99.2385,N
20200300804 - 00,20200302,양산시 자연재해저감종합계획 수립 용역,경상남도 양산시,PQ,860000000,859348550,99.92425,삼안+KSM,98.96,738320000,100.1472,Y
20200300804 - 00,20200302,양산시 자연재해저감종합계획 수립 용역,경상남도 양산시,PQ,860000000,859348550,99.92425,경호+극동+우리,98.4,770000000,104.2862,N
20200301284 - 01,20200302,통진배수지 확장 및 상수관로설치사업 건설사업관리용역,경기도 김포시 상하수도사업소,SOQ,2300000000,2265477000,98.499,도화+서영+유신+KG,98.22,1841500000,101.1755,N
20200301284 - 01,20200302,통진배수지 확장 및 상수관로설치사업 건설사업관리용역,경기도 김포시 상하수도사업소,SOQ,2300000000,2265477000,98.499,KCM+선진+동해,95.85,1835747000,98.9586,N
20200301284 - 01,20200302,통진배수지 확장 및 상수관로설치사업 건설사업관리용역,경기도 김포시 상하수도사업소,SOQ,2300000000,2265477000,98.499,삼안+용마,95.64,1833700000,98.677,Y
20200301284 - 01,20200302,통진배수지 확장 및 상수관로설치사업 건설사업관리용역,경기도 김포시 상하수도사업소,SOQ,2300000000,2265477000,98.499,건화+동성,95.42,1904300000,102.2989,N
20200301284 - 01,20200302,통진배수지 확장 및 상수관로설치사업 건설사업관리용역,경기도 김포시 상하수도사업소,SOQ,2300000000,2265477000,98.499,한종+HEC+이산,93.43,1940000000,102.6067,N
20200302522 - 00,20200302,능서역세권 도시개발사업 건설사업관리용역,경기도 여주시,PQ,1850810000,1832727650,99.02300344,도화+KG,100,1440600000,99.7964,N
20200302522 - 00,20200302,능서역세권 도시개발사업 건설사업관리용역,경기도 여주시,PQ,1850810000,1832727650,99.02300344,삼안+청우,100,1446426000,100.2,N
20200302522 - 00,20200302,능서역세권 도시개발사업 건설사업관리용역,경기도 여주시,PQ,1850810000,1832727650,99.02300344,유신+경호,99.95,1454599000,100.7145,N
20200302522 - 00,20200302,능서역세권 도시개발사업 건설사업관리용역,경기도 여주시,PQ,1850810000,1832727650,99.02300344,건화+한맥,99.68,1437940000,99.3446,Y
20200302522 - 00,20200302,능서역세권 도시개발사업 건설사업관리용역,경기도 여주시,PQ,1850810000,1832727650,99.02300344,경동+동부,99.68,1438860000,99.4082,N
20200302522 - 00,20200302,능서역세권 도시개발사업 건설사업관리용역,경기도 여주시,PQ,1850810000,1832727650,99.02300344,수성+신성,99.68,1459733000,100.8503,N
20200302522 - 00,20200302,능서역세권 도시개발사업 건설사업관리용역,경기도 여주시,PQ,1850810000,1832727650,99.02300344,신명+다음,99.6,1463634000,101.0552,N
20200302522 - 00,20200302,능서역세권 도시개발사업 건설사업관리용역,경기도 여주시,PQ,1850810000,1832727650,99.02300344,동명+정,99.44,1471955000,101.5,N
20200302522 - 00,20200302,능서역세권 도시개발사업 건설사업관리용역,경기도 여주시,PQ,1850810000,1832727650,99.02300344,서영+KCM+주하,99.43,1500000000,103.4207,N
20200302522 - 00,20200302,능서역세권 도시개발사업 건설사업관리용역,경기도 여주시,PQ,1850810000,1832727650,99.02300344,한종+용마,99.33,1435600000,98.9047,N
20200302547 - 00,20200302,안민동소하천정비사업외 4개소 통합건설사업관리용역,충청북도 괴산군,PQ,1387000000,1398751375,100.8472513,도화+건양,100,1078830000,99.7263,N
20200302547 - 00,20200302,안민동소하천정비사업외 4개소 통합건설사업관리용역,충청북도 괴산군,PQ,1387000000,1398751375,100.8472513,삼안+청우,100,1080640000,99.8936,N
20200302547 - 00,20200302,안민동소하천정비사업외 4개소 통합건설사업관리용역,충청북도 괴산군,PQ,1387000000,1398751375,100.8472513,동명+영진,100,1078330000,99.6801,N
20200302547 - 00,20200302,안민동소하천정비사업외 4개소 통합건설사업관리용역,충청북도 괴산군,PQ,1387000000,1398751375,100.8472513,한종+창민,99.9,1083150000,100.0359,N
20200302547 - 00,20200302,안민동소하천정비사업외 4개소 통합건설사업관리용역,충청북도 괴산군,PQ,1387000000,1398751375,100.8472513,이산+동림,99.9,1339000000,123.6653,N
20200302547 - 00,20200302,안민동소하천정비사업외 4개소 통합건설사업관리용역,충청북도 괴산군,PQ,1387000000,1398751375,100.8472513,KCM+지명,99.82,1089680000,100.5745,N
20200302547 - 00,20200302,안민동소하천정비사업외 4개소 통합건설사업관리용역,충청북도 괴산군,PQ,1387000000,1398751375,100.8472513,홍익+건화,99.8,1076550000,99.35,N
20200302547 - 00,20200302,안민동소하천정비사업외 4개소 통합건설사업관리용역,충청북도 괴산군,PQ,1387000000,1398751375,100.8472513,서영+좋은,99.75,1089690000,100.524,N
20200302547 - 00,20200302,안민동소하천정비사업외 4개소 통합건설사업관리용역,충청북도 괴산군,PQ,1387000000,1398751375,100.8472513,동부+세광,99.54,1096260000,100.9492,Y
20200302547 - 00,20200302,안민동소하천정비사업외 4개소 통합건설사업관리용역,충청북도 괴산군,PQ,1387000000,1398751375,100.8472513,유신+오성,99.45,1098738000,101.1,N
20200302547 - 00,20200302,안민동소하천정비사업외 4개소 통합건설사업관리용역,충청북도 괴산군,PQ,1387000000,1398751375,100.8472513,극동+도우,99.44,1100259000,101.2399,N
20200302547 - 00,20200302,안민동소하천정비사업외 4개소 통합건설사업관리용역,충청북도 괴산군,PQ,1387000000,1398751375,100.8472513,용마+해린,99.44,1078198000,99.21,N
20200302547 - 00,20200302,안민동소하천정비사업외 4개소 통합건설사업관리용역,충청북도 괴산군,PQ,1387000000,1398751375,100.8472513,동성+가원,99.43,1073880000,98.8,N
20200302547 - 00,20200302,안민동소하천정비사업외 4개소 통합건설사업관리용역,충청북도 괴산군,PQ,1387000000,1398751375,100.8472513,천일+한맥E+서윤,99.42,1072800000,98.6881,N
20200302547 - 00,20200302,안민동소하천정비사업외 4개소 통합건설사업관리용역,충청북도 괴산군,PQ,1387000000,1398751375,100.8472513,경원+옥토,99.41,1102870000,101.4543,N
20200302547 - 00,20200302,안민동소하천정비사업외 4개소 통합건설사업관리용역,충청북도 괴산군,PQ,1387000000,1398751375,100.8472513,수성+대원,99.4,1072850000,98.6801,N
20200302547 - 00,20200302,안민동소하천정비사업외 4개소 통합건설사업관리용역,충청북도 괴산군,PQ,1387000000,1398751375,100.8472513,선진+수일,99.34,1072830000,98.6279,N
20200302547 - 00,20200302,안민동소하천정비사업외 4개소 통합건설사업관리용역,충청북도 괴산군,PQ,1387000000,1398751375,100.8472513,KSM+한광,99.25,1110287000,102.0064,N
20200302547 - 00,20200302,안민동소하천정비사업외 4개소 통합건설사업관리용역,충청북도 괴산군,PQ,1387000000,1398751375,100.8472513,경호+해림,99.15,1073983000,98.5831,N
20200302559 - 00,20200302,안민자연재해위험개선지구정비사업 건설사업관리용역,충청북도 괴산군,PQ,1699000000,1696655425,99.86200265,건화+홍익,100,1318500000,99.4993,N
20200302559 - 00,20200302,안민자연재해위험개선지구정비사업 건설사업관리용역,충청북도 괴산군,PQ,1699000000,1696655425,99.86200265,삼안+청우,100,1329460000,100.3264,N
20200302559 - 00,20200302,안민자연재해위험개선지구정비사업 건설사업관리용역,충청북도 괴산군,PQ,1699000000,1696655425,99.86200265,도화+건양,100,1321260000,99.7076,N
20200302559 - 00,20200302,안민자연재해위험개선지구정비사업 건설사업관리용역,충청북도 괴산군,PQ,1699000000,1696655425,99.86200265,동명+영진,100,1320900000,99.6804,N
20200302559 - 00,20200302,안민자연재해위험개선지구정비사업 건설사업관리용역,충청북도 괴산군,PQ,1699000000,1696655425,99.86200265,한종+창민,100,1324400000,99.9445,Y
20200302559 - 00,20200302,안민자연재해위험개선지구정비사업 건설사업관리용역,충청북도 괴산군,PQ,1699000000,1696655425,99.86200265,KG+유일,99.84,1341070000,101.06,N
20200302559 - 00,20200302,안민자연재해위험개선지구정비사업 건설사업관리용역,충청북도 괴산군,PQ,1699000000,1696655425,99.86200265,KCM+지명,99.82,1320270000,99.4798,N
20200302559 - 00,20200302,안민자연재해위험개선지구정비사업 건설사업관리용역,충청북도 괴산군,PQ,1699000000,1696655425,99.86200265,이산+동림,99.7,1339400000,100.818,N
20200302559 - 00,20200302,안민자연재해위험개선지구정비사업 건설사업관리용역,충청북도 괴산군,PQ,1699000000,1696655425,99.86200265,극동+건일,99.64,1316983000,99.0799,N
20200302559 - 00,20200302,안민자연재해위험개선지구정비사업 건설사업관리용역,충청북도 괴산군,PQ,1699000000,1696655425,99.86200265,천일+한맥+서윤,99.62,1342675000,100.9999,N
20200302559 - 00,20200302,안민자연재해위험개선지구정비사업 건설사업관리용역,충청북도 괴산군,PQ,1699000000,1696655425,99.86200265,경동+도우,99.6,1342780000,100.9949,N
20200302559 - 00,20200302,안민자연재해위험개선지구정비사업 건설사업관리용역,충청북도 괴산군,PQ,1699000000,1696655425,99.86200265,수성+대원,99.6,1342700000,100.9889,N
20200302559 - 00,20200302,안민자연재해위험개선지구정비사업 건설사업관리용역,충청북도 괴산군,PQ,1699000000,1696655425,99.86200265,서영+좋은,99.58,1343700000,101.0512,N
20200302559 - 00,20200302,안민자연재해위험개선지구정비사업 건설사업관리용역,충청북도 괴산군,PQ,1699000000,1696655425,99.86200265,용마+해린,99.54,1345000000,101.1102,N
20200302559 - 00,20200302,안민자연재해위험개선지구정비사업 건설사업관리용역,충청북도 괴산군,PQ,1699000000,1696655425,99.86200265,동성+가원,99.53,1346100000,101.1799,N
20200302559 - 00,20200302,안민자연재해위험개선지구정비사업 건설사업관리용역,충청북도 괴산군,PQ,1699000000,1696655425,99.86200265,경호+해림,99.45,1314850000,98.768,N
20200302559 - 00,20200302,안민자연재해위험개선지구정비사업 건설사업관리용역,충청북도 괴산군,PQ,1699000000,1696655425,99.86200265,유신+오성,99.45,1343952000,100.954,N
20200302559 - 00,20200302,안민자연재해위험개선지구정비사업 건설사업관리용역,충청북도 괴산군,PQ,1699000000,1696655425,99.86200265,동부+세광,99.44,1349623000,101.38,N
20200302559 - 00,20200302,안민자연재해위험개선지구정비사업 건설사업관리용역,충청북도 괴산군,PQ,1699000000,1696655425,99.86200265,선진+수일,99.44,1348950000,101.3295,N
20200302559 - 00,20200302,안민자연재해위험개선지구정비사업 건설사업관리용역,충청북도 괴산군,PQ,1699000000,1696655425,99.86200265,대콘+호영,99.39,1344000000,100.9576,N
20200302559 - 00,20200302,안민자연재해위험개선지구정비사업 건설사업관리용역,충청북도 괴산군,PQ,1699000000,1696655425,99.86200265,신명+태광,99.18,1356820000,101.9206,N
20200302559 - 00,20200302,안민자연재해위험개선지구정비사업 건설사업관리용역,충청북도 괴산군,PQ,1699000000,1696655425,99.86200265,KSM+한광,99.18,1360819000,102.221,N
20200301751 - 00,20200303,구미시 수도정비 기본계획(변경) 수립용역,경상북도 구미시 상하수도사업소,PQ,2900000000,2903639500,100.1255,도화+태성+한주+한종,98.37,2338600000,102.0196,Y
20200301751 - 00,20200303,구미시 수도정비 기본계획(변경) 수립용역,경상북도 구미시 상하수도사업소,PQ,2900000000,2903639500,100.1255,건화+세연,94.63,2342700000,99.1991,N
20200301841 - 00,20200302,정선군 하수도정비 기본계획 변경 수립 용역,강원도 정선군 상하수도사업소,PQ,1955000000,1970522725,100.7940013,동명+도화+서광+일신,99.23,1541000000,100.4185,N
20200301841 - 00,20200302,정선군 하수도정비 기본계획 변경 수립 용역,강원도 정선군 상하수도사업소,PQ,1955000000,1970522725,100.7940013,KG+이산+동남+고려,97.94,1564874000,100.92,Y
20200301841 - 00,20200302,정선군 하수도정비 기본계획 변경 수립 용역,강원도 정선군 상하수도사업소,PQ,1955000000,1970522725,100.7940013,건화+정+정원,97.69,1542000000,99.2446,N
20200301841 - 00,20200302,정선군 하수도정비 기본계획 변경 수립 용역,강원도 정선군 상하수도사업소,PQ,1955000000,1970522725,100.7940013,삼안+화신+대성,97.65,1574980000,101.329,N
20200301841 - 00,20200302,정선군 하수도정비 기본계획 변경 수립 용역,강원도 정선군 상하수도사업소,PQ,1955000000,1970522725,100.7940013,경동+경원+성우,97.09,1538660000,98.5461,N
20200301841 - 00,20200302,정선군 하수도정비 기본계획 변경 수립 용역,강원도 정선군 상하수도사업소,PQ,1955000000,1970522725,100.7940013,한종+미래+동서,96.26,1610000000,102.4354,N
20200301841 - 00,20200302,정선군 하수도정비 기본계획 변경 수립 용역,강원도 정선군 상하수도사업소,PQ,1955000000,1970522725,100.7940013,제일+삼주+삼경,93.07,1652000000,102.5066,N
20200301832 - 00,20200302,2040년 안양도시기본계획 및 도시관리계획(재정비) 수립 용역,경기도 안양시,PQ,949861000,954249425,100.4620071,도화+건화,98.92,812850000,99.8142,N
20200301832 - 00,20200302,2040년 안양도시기본계획 및 도시관리계획(재정비) 수립 용역,경기도 안양시,PQ,949861000,954249425,100.4620071,KG+보람,97.68,812284000,99.42,N
20200301832 - 00,20200302,2040년 안양도시기본계획 및 도시관리계획(재정비) 수립 용역,경기도 안양시,PQ,949861000,954249425,100.4620071,동명+서영,97.48,816580000,99.8993,N
20200301832 - 00,20200302,2040년 안양도시기본계획 및 도시관리계획(재정비) 수립 용역,경기도 안양시,PQ,949861000,954249425,100.4620071,경호+강호,96,845000000,102.9932,Y
20200303218 - 00,20200303,지방어항(손죽항) 시설공사 실시설계용역,전라남도 여수시,PQ,450395000,444806775,98.75926132,대영+해광,99,391300000,100.051,N
20200303218 - 00,20200303,지방어항(손죽항) 시설공사 실시설계용역,전라남도 여수시,PQ,450395000,444806775,98.75926132,건화+한기(미래해양+씨와이이앤지),98.3,391371000,100.0001,N
20200303218 - 00,20200303,지방어항(손죽항) 시설공사 실시설계용역,전라남도 여수시,PQ,450395000,444806775,98.75926132,유신+원우,98.3,388827000,99.35,N
20200303218 - 00,20200303,지방어항(손죽항) 시설공사 실시설계용역,전라남도 여수시,PQ,450395000,444806775,98.75926132,세일+신명,98.29,391683000,100.0798,N
20200303218 - 00,20200303,지방어항(손죽항) 시설공사 실시설계용역,전라남도 여수시,PQ,450395000,444806775,98.75926132,한항+평화,98.27,394691000,100.8484,N
20200303218 - 00,20200303,지방어항(손죽항) 시설공사 실시설계용역,전라남도 여수시,PQ,450395000,444806775,98.75926132,혜인+하이콘,98.24,395090000,100.9503,N
20200303218 - 00,20200303,지방어항(손죽항) 시설공사 실시설계용역,전라남도 여수시,PQ,450395000,444806775,98.75926132,세광+동아,98.23,389650000,99.5489,N
20200303218 - 00,20200303,지방어항(손죽항) 시설공사 실시설계용역,전라남도 여수시,PQ,450395000,444806775,98.75926132,한종+신오,97.5,394150000,100.6291,N
20200303218 - 00,20200303,지방어항(손죽항) 시설공사 실시설계용역,전라남도 여수시,PQ,450395000,444806775,98.75926132,도화+대현,97.21,400600000,102.2523,N
20200303218 - 00,20200303,지방어항(손죽항) 시설공사 실시설계용역,전라남도 여수시,PQ,450395000,444806775,98.75926132,삼안+우영,96.8,388410000,99.0952,Y
20200303185 - 00,20200303,2030년 여수시 공원녹지기본계획수립 용역,전라남도 여수시,PQ,500000000,495297500,99.0595,한종+신오,96.7,435250000,100.0172,N
20200303185 - 00,20200303,2030년 여수시 공원녹지기본계획수립 용역,전라남도 여수시,PQ,500000000,495297500,99.0595,도화+동아,96.68,434100000,99.753,N
20200303185 - 00,20200303,2030년 여수시 공원녹지기본계획수립 용역,전라남도 여수시,PQ,500000000,495297500,99.0595,KG+한기,96.13,437900000,100.58,N
20200303185 - 00,20200303,2030년 여수시 공원녹지기본계획수립 용역,전라남도 여수시,PQ,500000000,495297500,99.0595,유신+우빈,95.98,434908000,99.8698,N
20200303185 - 00,20200303,2030년 여수시 공원녹지기본계획수립 용역,전라남도 여수시,PQ,500000000,495297500,99.0595,동명+신명,94.93,431900000,99.0767,Y
20200303185 - 00,20200303,2030년 여수시 공원녹지기본계획수립 용역,전라남도 여수시,PQ,500000000,495297500,99.0595,건화+산이,93.21,444900000,101.8952,N
20200303185 - 00,20200303,2030년 여수시 공원녹지기본계획수립 용역,전라남도 여수시,PQ,500000000,495297500,99.0595,화신+우영,89.55,432549000,98.716,N
20200301647 - 01,20200303,"홍천군 소하천정비종합계획 재수립(서면, 북방면, 내면) 전략  환경영향평가 용역",강원도 홍천군,PQ,573650000,573360350,99.94950754,평화+중천,98.12,492850000,99.9997,Y
20200301647 - 01,20200303,"홍천군 소하천정비종합계획 재수립(서면, 북방면, 내면) 전략  환경영향평가 용역",강원도 홍천군,PQ,573650000,573360350,99.94950754,수성+삼경+CNS,97.85,493590000,100.08,N
20200301647 - 01,20200303,"홍천군 소하천정비종합계획 재수립(서면, 북방면, 내면) 전략  환경영향평가 용역",강원도 홍천군,PQ,573650000,573360350,99.94950754,건화+경원+레오,97.75,492300000,99.7952,N
20200301647 - 01,20200303,"홍천군 소하천정비종합계획 재수립(서면, 북방면, 내면) 전략  환경영향평가 용역",강원도 홍천군,PQ,573650000,573360350,99.94950754,이산+한국환경,97.61,491790000,99.657,N
20200301647 - 01,20200303,"홍천군 소하천정비종합계획 재수립(서면, 북방면, 내면) 전략  환경영향평가 용역",강원도 홍천군,PQ,573650000,573360350,99.94950754,동아+일신+퍼스트,97.58,495500000,100.3972,N
20200301647 - 01,20200303,"홍천군 소하천정비종합계획 재수립(서면, 북방면, 내면) 전략  환경영향평가 용역",강원도 홍천군,PQ,573650000,573360350,99.94950754,동부+동해+대현,97.51,496496000,100.5873,N
20200301647 - 01,20200303,"홍천군 소하천정비종합계획 재수립(서면, 북방면, 내면) 전략  환경영향평가 용역",강원도 홍천군,PQ,573650000,573360350,99.94950754,선진+자연과사람,97.45,490990000,99.4487,N
20200301647 - 01,20200303,"홍천군 소하천정비종합계획 재수립(서면, 북방면, 내면) 전략  환경영향평가 용역",강원도 홍천군,PQ,573650000,573360350,99.94950754,도화+서광+신일,97.34,490270000,99.2798,N
20200301647 - 01,20200303,"홍천군 소하천정비종합계획 재수립(서면, 북방면, 내면) 전략  환경영향평가 용역",강원도 홍천군,PQ,573650000,573360350,99.94950754,KG+진화,97.25,497300000,100.68,N
20200301647 - 01,20200303,"홍천군 소하천정비종합계획 재수립(서면, 북방면, 내면) 전략  환경영향평가 용역",강원도 홍천군,PQ,573650000,573360350,99.94950754,삼안+우신+홍익,97.23,497640000,100.7488,N
20200301647 - 01,20200303,"홍천군 소하천정비종합계획 재수립(서면, 북방면, 내면) 전략  환경영향평가 용역",강원도 홍천군,PQ,573650000,573360350,99.94950754,경동+선진환경,97.17,487700000,98.7135,N
20200301647 - 01,20200303,"홍천군 소하천정비종합계획 재수립(서면, 북방면, 내면) 전략  환경영향평가 용역",강원도 홍천군,PQ,573650000,573360350,99.94950754,신성+그린,97.15,489980000,99.175,N
20200301647 - 01,20200303,"홍천군 소하천정비종합계획 재수립(서면, 북방면, 내면) 전략  환경영향평가 용역",강원도 홍천군,PQ,573650000,573360350,99.94950754,동일+정원,97.13,500000000,101.1913,N
20200301647 - 01,20200303,"홍천군 소하천정비종합계획 재수립(서면, 북방면, 내면) 전략  환경영향평가 용역",강원도 홍천군,PQ,573650000,573360350,99.94950754,화신+서영+엔탑,97.04,488848000,98.9114,N
20200301647 - 01,20200303,"홍천군 소하천정비종합계획 재수립(서면, 북방면, 내면) 전략  환경영향평가 용역",강원도 홍천군,PQ,573650000,573360350,99.94950754,동명+동서+양지,96.94,502750000,101.7007,N
20200301647 - 01,20200303,"홍천군 소하천정비종합계획 재수립(서면, 북방면, 내면) 전략  환경영향평가 용역",강원도 홍천군,PQ,573650000,573360350,99.94950754,동성+강원길,95.83,510590000,102.9998,N
20200301536 - 01,20200303,"홍천군 소하천정비종합계획 재수립(동면, 남면) 전략 환경영향평가 용역",강원도 홍천군,PQ,483560000,478423450,98.93776367,평화+중천,98.12,421280000,100.248,N
20200301536 - 01,20200303,"홍천군 소하천정비종합계획 재수립(동면, 남면) 전략 환경영향평가 용역",강원도 홍천군,PQ,483560000,478423450,98.93776367,건화+경원+레오,97.67,420380000,99.9878,N
20200301536 - 01,20200303,"홍천군 소하천정비종합계획 재수립(동면, 남면) 전략 환경영향평가 용역",강원도 홍천군,PQ,483560000,478423450,98.93776367,도화+서광+신일,97.66,422625000,100.5218,N
20200301536 - 01,20200303,"홍천군 소하천정비종합계획 재수립(동면, 남면) 전략 환경영향평가 용역",강원도 홍천군,PQ,483560000,478423450,98.93776367,삼안+우신+홍익,97.63,420200000,99.9335,N
20200301536 - 01,20200303,"홍천군 소하천정비종합계획 재수립(동면, 남면) 전략 환경영향평가 용역",강원도 홍천군,PQ,483560000,478423450,98.93776367,이산+한국,97.37,422260000,100.4003,N
20200301536 - 01,20200303,"홍천군 소하천정비종합계획 재수립(동면, 남면) 전략 환경영향평가 용역",강원도 홍천군,PQ,483560000,478423450,98.93776367,서영+화신+엔탑,97.36,420997000,100.1,N
20200301536 - 01,20200303,"홍천군 소하천정비종합계획 재수립(동면, 남면) 전략 환경영향평가 용역",강원도 홍천군,PQ,483560000,478423450,98.93776367,동명+동서+다원,97.33,416800000,99.1021,Y
20200301536 - 01,20200303,"홍천군 소하천정비종합계획 재수립(동면, 남면) 전략 환경영향평가 용역",강원도 홍천군,PQ,483560000,478423450,98.93776367,경동+선진,97.18,423700000,100.7311,N
20200301536 - 01,20200303,"홍천군 소하천정비종합계획 재수립(동면, 남면) 전략 환경영향평가 용역",강원도 홍천군,PQ,483560000,478423450,98.93776367,한종+세현,97.02,418550000,99.4839,N
20200301536 - 01,20200303,"홍천군 소하천정비종합계획 재수립(동면, 남면) 전략 환경영향평가 용역",강원도 홍천군,PQ,483560000,478423450,98.93776367,선진+자연과사람,96.94,423970000,100.7606,N
20200301536 - 01,20200303,"홍천군 소하천정비종합계획 재수립(동면, 남면) 전략 환경영향평가 용역",강원도 홍천군,PQ,483560000,478423450,98.93776367,동아+일신+퍼스트,96.77,423700000,100.6848,N
20200301536 - 01,20200303,"홍천군 소하천정비종합계획 재수립(동면, 남면) 전략 환경영향평가 용역",강원도 홍천군,PQ,483560000,478423450,98.93776367,대콘+수성+삼경,96.65,417700000,99.2476,N
20200301536 - 01,20200303,"홍천군 소하천정비종합계획 재수립(동면, 남면) 전략 환경영향평가 용역",강원도 홍천군,PQ,483560000,478423450,98.93776367,동부+동해,96.57,423445000,100.6011,N
20200301536 - 01,20200303,"홍천군 소하천정비종합계획 재수립(동면, 남면) 전략 환경영향평가 용역",강원도 홍천군,PQ,483560000,478423450,98.93776367,KG+진화+휴먼,96.42,423826000,100.6801,N
20200301536 - 01,20200303,"홍천군 소하천정비종합계획 재수립(동면, 남면) 전략 환경영향평가 용역",강원도 홍천군,PQ,483560000,478423450,98.93776367,신성+그린,96.4,424720000,100.8924,N
20200301536 - 01,20200303,"홍천군 소하천정비종합계획 재수립(동면, 남면) 전략 환경영향평가 용역",강원도 홍천군,PQ,483560000,478423450,98.93776367,다산+국일,96.26,415888000,98.783,N
20200301536 - 01,20200303,"홍천군 소하천정비종합계획 재수립(동면, 남면) 전략 환경영향평가 용역",강원도 홍천군,PQ,483560000,478423450,98.93776367,한맥+신일,95.91,426210400,101.2,N
20200301536 - 01,20200303,"홍천군 소하천정비종합계획 재수립(동면, 남면) 전략 환경영향평가 용역",강원도 홍천군,PQ,483560000,478423450,98.93776367,동일+정,95.25,430700000,102.1956,N
익산지방국토관리청 공고 제2020 - 48호,20200302,국도 27호선 임실 운종교차로 개선공사 실시설계용역(국도 27호선),익산지방국토관리청,PQ,495000000,497018375,100.4077525,신성,98.5,415000000,100.3752,N
익산지방국토관리청 공고 제2020 - 48호,20200302,국도 27호선 임실 운종교차로 개선공사 실시설계용역(국도 27호선),익산지방국토관리청,PQ,495000000,497018375,100.4077525,동부,98.46,414942000,100.3492,N
익산지방국토관리청 공고 제2020 - 48호,20200302,국도 27호선 임실 운종교차로 개선공사 실시설계용역(국도 27호선),익산지방국토관리청,PQ,495000000,497018375,100.4077525,건화(청우기술+테크피아),98.3,416760000,100.7165,N
익산지방국토관리청 공고 제2020 - 48호,20200302,국도 27호선 임실 운종교차로 개선공사 실시설계용역(국도 27호선),익산지방국토관리청,PQ,495000000,497018375,100.4077525,극동,98.3,416235000,100.5896,N
익산지방국토관리청 공고 제2020 - 48호,20200302,국도 27호선 임실 운종교차로 개선공사 실시설계용역(국도 27호선),익산지방국토관리청,PQ,495000000,497018375,100.4077525,한종,98.3,413000000,99.8078,N
익산지방국토관리청 공고 제2020 - 48호,20200302,국도 27호선 임실 운종교차로 개선공사 실시설계용역(국도 27호선),익산지방국토관리청,PQ,495000000,497018375,100.4077525,한기,98.3,414500000,100.1703,N
익산지방국토관리청 공고 제2020 - 48호,20200302,국도 27호선 임실 운종교차로 개선공사 실시설계용역(국도 27호선),익산지방국토관리청,PQ,495000000,497018375,100.4077525,동일,98.3,416200000,100.5811,Y
익산지방국토관리청 공고 제2020 - 48호,20200302,국도 27호선 임실 운종교차로 개선공사 실시설계용역(국도 27호선),익산지방국토관리청,PQ,495000000,497018375,100.4077525,유신,98.3,416692000,100.7,N
익산지방국토관리청 공고 제2020 - 48호,20200302,국도 27호선 임실 운종교차로 개선공사 실시설계용역(국도 27호선),익산지방국토관리청,PQ,495000000,497018375,100.4077525,삼보,98.26,413170000,99.837,N
익산지방국토관리청 공고 제2020 - 48호,20200302,국도 27호선 임실 운종교차로 개선공사 실시설계용역(국도 27호선),익산지방국토관리청,PQ,495000000,497018375,100.4077525,한맥,98.26,412181000,99.598,N
익산지방국토관리청 공고 제2020 - 48호,20200302,국도 27호선 임실 운종교차로 개선공사 실시설계용역(국도 27호선),익산지방국토관리청,PQ,495000000,497018375,100.4077525,수성,98.22,411917000,99.5104,N
익산지방국토관리청 공고 제2020 - 48호,20200302,국도 27호선 임실 운종교차로 개선공사 실시설계용역(국도 27호선),익산지방국토관리청,PQ,495000000,497018375,100.4077525,경호,98.1,416948000,100.6776,N
익산지방국토관리청 공고 제2020 - 48호,20200302,국도 27호선 임실 운종교차로 개선공사 실시설계용역(국도 27호선),익산지방국토관리청,PQ,495000000,497018375,100.4077525,내경,98.1,412390000,99.577,N
익산지방국토관리청 공고 제2020 - 48호,20200302,국도 27호선 임실 운종교차로 개선공사 실시설계용역(국도 27호선),익산지방국토관리청,PQ,495000000,497018375,100.4077525,도화,98.1,411550000,99.3742,N
익산지방국토관리청 공고 제2020 - 48호,20200302,국도 27호선 임실 운종교차로 개선공사 실시설계용역(국도 27호선),익산지방국토관리청,PQ,495000000,497018375,100.4077525,동성,98.1,412070000,99.4997,N
익산지방국토관리청 공고 제2020 - 48호,20200302,국도 27호선 임실 운종교차로 개선공사 실시설계용역(국도 27호선),익산지방국토관리청,PQ,495000000,497018375,100.4077525,일신,98.1,411449000,99.3498,N
익산지방국토관리청 공고 제2020 - 48호,20200302,국도 27호선 임실 운종교차로 개선공사 실시설계용역(국도 27호선),익산지방국토관리청,PQ,495000000,497018375,100.4077525,KCI,98.1,416840000,100.6515,N
익산지방국토관리청 공고 제2020 - 48호,20200302,국도 27호선 임실 운종교차로 개선공사 실시설계용역(국도 27호선),익산지방국토관리청,PQ,495000000,497018375,100.4077525,경원,98,0,0,N
익산지방국토관리청 공고 제2020 - 48호,20200302,국도 27호선 임실 운종교차로 개선공사 실시설계용역(국도 27호선),익산지방국토관리청,PQ,495000000,497018375,100.4077525,천마,98,410998000,99.2053,N
익산지방국토관리청 공고 제2020 - 48호,20200302,국도 27호선 임실 운종교차로 개선공사 실시설계용역(국도 27호선),익산지방국토관리청,PQ,495000000,497018375,100.4077525,삼안,97.99,418880000,101.0958,N
익산지방국토관리청 공고 제2020 - 48호,20200302,국도 27호선 임실 운종교차로 개선공사 실시설계용역(국도 27호선),익산지방국토관리청,PQ,495000000,497018375,100.4077525,다산,97.9,411980000,99.3949,N
익산지방국토관리청 공고 제2020 - 48호,20200302,국도 27호선 임실 운종교차로 개선공사 실시설계용역(국도 27호선),익산지방국토관리청,PQ,495000000,497018375,100.4077525,홍익,97.9,411421000,99.26,N
익산지방국토관리청 공고 제2020 - 48호,20200302,국도 27호선 임실 운종교차로 개선공사 실시설계용역(국도 27호선),익산지방국토관리청,PQ,495000000,497018375,100.4077525,제일,97.86,419100000,101.1006,N
익산지방국토관리청 공고 제2020 - 48호,20200302,국도 27호선 임실 운종교차로 개선공사 실시설계용역(국도 27호선),익산지방국토관리청,PQ,495000000,497018375,100.4077525,천일,97.82,411670000,99.2845,N
익산지방국토관리청 공고 제2020 - 48호,20200302,국도 27호선 임실 운종교차로 개선공사 실시설계용역(국도 27호선),익산지방국토관리청,PQ,495000000,497018375,100.4077525,평화,97.76,411700000,99.2917,N
익산지방국토관리청 공고 제2020 - 48호,20200302,국도 27호선 임실 운종교차로 개선공사 실시설계용역(국도 27호선),익산지방국토관리청,PQ,495000000,497018375,100.4077525,이산,96.95,410300000,98.9541,N
익산지방국토관리청 공고 제2020 - 48호,20200302,국도 17호선 여수 만덕교차로 개선공사 건설사업관리(시공단계) 용역(국도 17호선 ),익산지방국토관리청,PQ,1370000000,1375949225,100.43425,다산,100,1138396000,100.12,N
익산지방국토관리청 공고 제2020 - 48호,20200302,국도 17호선 여수 만덕교차로 개선공사 건설사업관리(시공단계) 용역(국도 17호선 ),익산지방국토관리청,PQ,1370000000,1375949225,100.43425,수성+천마,100,1133935000,99.7277,N
익산지방국토관리청 공고 제2020 - 48호,20200302,국도 17호선 여수 만덕교차로 개선공사 건설사업관리(시공단계) 용역(국도 17호선 ),익산지방국토관리청,PQ,1370000000,1375949225,100.43425,신명+삼보,100,1139300000,100.1995,N
익산지방국토관리청 공고 제2020 - 48호,20200302,국도 17호선 여수 만덕교차로 개선공사 건설사업관리(시공단계) 용역(국도 17호선 ),익산지방국토관리청,PQ,1370000000,1375949225,100.43425,용마,100,1139710000,100.2356,N
익산지방국토관리청 공고 제2020 - 48호,20200302,국도 17호선 여수 만덕교차로 개선공사 건설사업관리(시공단계) 용역(국도 17호선 ),익산지방국토관리청,PQ,1370000000,1375949225,100.43425,홍익,99.95,1135599000,99.85,N
익산지방국토관리청 공고 제2020 - 48호,20200302,국도 17호선 여수 만덕교차로 개선공사 건설사업관리(시공단계) 용역(국도 17호선 ),익산지방국토관리청,PQ,1370000000,1375949225,100.43425,유신+일신,99.9,1141335000,100.3301,N
익산지방국토관리청 공고 제2020 - 48호,20200302,국도 17호선 여수 만덕교차로 개선공사 건설사업관리(시공단계) 용역(국도 17호선 ),익산지방국토관리청,PQ,1370000000,1375949225,100.43425,평화,99.9,1142570000,100.4387,Y
익산지방국토관리청 공고 제2020 - 48호,20200302,국도 17호선 여수 만덕교차로 개선공사 건설사업관리(시공단계) 용역(국도 17호선 ),익산지방국토관리청,PQ,1370000000,1375949225,100.43425,건화,99.8,1143000000,100.4281,N
익산지방국토관리청 공고 제2020 - 48호,20200302,국도 17호선 여수 만덕교차로 개선공사 건설사업관리(시공단계) 용역(국도 17호선 ),익산지방국토관리청,PQ,1370000000,1375949225,100.43425,도화+동해,99.8,1142250000,100.3622,N
익산지방국토관리청 공고 제2020 - 48호,20200302,국도 17호선 여수 만덕교차로 개선공사 건설사업관리(시공단계) 용역(국도 17호선 ),익산지방국토관리청,PQ,1370000000,1375949225,100.43425,이산+기산,99.8,1144370000,100.5485,N
익산지방국토관리청 공고 제2020 - 48호,20200302,국도 17호선 여수 만덕교차로 개선공사 건설사업관리(시공단계) 용역(국도 17호선 ),익산지방국토관리청,PQ,1370000000,1375949225,100.43425,내경,99.8,1148370000,100.8999,N
익산지방국토관리청 공고 제2020 - 48호,20200302,국도 17호선 여수 만덕교차로 개선공사 건설사업관리(시공단계) 용역(국도 17호선 ),익산지방국토관리청,PQ,1370000000,1375949225,100.43425,동일,99.8,1134000000,99.6373,N
익산지방국토관리청 공고 제2020 - 48호,20200302,국도 17호선 여수 만덕교차로 개선공사 건설사업관리(시공단계) 용역(국도 17호선 ),익산지방국토관리청,PQ,1370000000,1375949225,100.43425,천일+우빈,99.8,1138680000,100.0485,N
익산지방국토관리청 공고 제2020 - 48호,20200302,국도 17호선 여수 만덕교차로 개선공사 건설사업관리(시공단계) 용역(국도 17호선 ),익산지방국토관리청,PQ,1370000000,1375949225,100.43425,하이콘+태조,99.8,1146430000,100.7295,N
익산지방국토관리청 공고 제2020 - 48호,20200302,국도 17호선 여수 만덕교차로 개선공사 건설사업관리(시공단계) 용역(국도 17호선 ),익산지방국토관리청,PQ,1370000000,1375949225,100.43425,KCI,99.8,1119900000,98.3985,N
익산지방국토관리청 공고 제2020 - 48호,20200302,국도 17호선 여수 만덕교차로 개선공사 건설사업관리(시공단계) 용역(국도 17호선 ),익산지방국토관리청,PQ,1370000000,1375949225,100.43425,서영+화신,99.64,1149300000,100.8966,N
익산지방국토관리청 공고 제2020 - 48호,20200302,국도 17호선 여수 만덕교차로 개선공사 건설사업관리(시공단계) 용역(국도 17호선 ),익산지방국토관리청,PQ,1370000000,1375949225,100.43425,KSM,99.64,1133360000,99.4973,N
익산지방국토관리청 공고 제2020 - 48호,20200302,국도 17호선 여수 만덕교차로 개선공사 건설사업관리(시공단계) 용역(국도 17호선 ),익산지방국토관리청,PQ,1370000000,1375949225,100.43425,극동,99.6,1148792000,100.8399,N
익산지방국토관리청 공고 제2020 - 48호,20200302,국도 17호선 여수 만덕교차로 개선공사 건설사업관리(시공단계) 용역(국도 17호선 ),익산지방국토관리청,PQ,1370000000,1375949225,100.43425,동명+정,99.6,1130566000,99.2401,N
익산지방국토관리청 공고 제2020 - 48호,20200302,국도 17호선 여수 만덕교차로 개선공사 건설사업관리(시공단계) 용역(국도 17호선 ),익산지방국토관리청,PQ,1370000000,1375949225,100.43425,KG,99.6,1150844000,101.02,N
익산지방국토관리청 공고 제2020 - 48호,20200302,국도 17호선 여수 만덕교차로 개선공사 건설사업관리(시공단계) 용역(국도 17호선 ),익산지방국토관리청,PQ,1370000000,1375949225,100.43425,경호+경동,99.5,1149990000,100.8965,N
익산지방국토관리청 공고 제2020 - 48호,20200302,국도 17호선 여수 만덕교차로 개선공사 건설사업관리(시공단계) 용역(국도 17호선 ),익산지방국토관리청,PQ,1370000000,1375949225,100.43425,동성,99.5,1149990000,100.8965,N
익산지방국토관리청 공고 제2020 - 48호,20200302,국도 17호선 여수 만덕교차로 개선공사 건설사업관리(시공단계) 용역(국도 17호선 ),익산지방국토관리청,PQ,1370000000,1375949225,100.43425,동아,99.5,1136400000,99.7042,N
익산지방국토관리청 공고 제2020 - 48호,20200302,국도 17호선 여수 만덕교차로 개선공사 건설사업관리(시공단계) 용역(국도 17호선 ),익산지방국토관리청,PQ,1370000000,1375949225,100.43425,한맥,99.5,1130300000,99.169,N
익산지방국토관리청 공고 제2020 - 48호,20200302,국도 17호선 여수 만덕교차로 개선공사 건설사업관리(시공단계) 용역(국도 17호선 ),익산지방국토관리청,PQ,1370000000,1375949225,100.43425,경원,99.4,1130880000,99.1722,N
익산지방국토관리청 공고 제2020 - 48호,20200302,국도 17호선 여수 만덕교차로 개선공사 건설사업관리(시공단계) 용역(국도 17호선 ),익산지방국토관리청,PQ,1370000000,1375949225,100.43425,동부,99.4,1151150000,100.9498,N
익산지방국토관리청 공고 제2020 - 48호,20200302,국도 17호선 여수 만덕교차로 개선공사 건설사업관리(시공단계) 용역(국도 17호선 ),익산지방국토관리청,PQ,1370000000,1375949225,100.43425,삼안,99.4,1152294000,101.0501,N
익산지방국토관리청 공고 제2020 - 48호,20200302,국도 17호선 여수 만덕교차로 개선공사 건설사업관리(시공단계) 용역(국도 17호선 ),익산지방국토관리청,PQ,1370000000,1375949225,100.43425,신성+건일,99.4,1154980000,101.2856,N
익산지방국토관리청 공고 제2020 - 48호,20200302,국도 17호선 여수 만덕교차로 개선공사 건설사업관리(시공단계) 용역(국도 17호선 ),익산지방국토관리청,PQ,1370000000,1375949225,100.43425,한종,99.2,1157400000,101.4004,N
익산지방국토관리청 공고 제2020 - 48호,20200302,국도 17호선 여수 만덕교차로 개선공사 건설사업관리(시공단계) 용역(국도 17호선 ),익산지방국토관리청,PQ,1370000000,1375949225,100.43425,동남+KCM,99.08,1152900000,100.9456,N
익산지방국토관리청 공고 제2020 - 48호,20200302,국도 17호선 여수 만덕교차로 개선공사 건설사업관리(시공단계) 용역(국도 17호선 ),익산지방국토관리청,PQ,1370000000,1375949225,100.43425,진우+진화,98.96,1151928000,100.8,N
익산지방국토관리청 공고 제2020 - 48호,20200302,국도 17호선 여수 만덕교차로 개선공사 건설사업관리(시공단계) 용역(국도 17호선 ),익산지방국토관리청,PQ,1370000000,1375949225,100.43425,우주+KRTC,98.94,1155975000,101.142,N
익산지방국토관리청 공고 제2020 - 48호,20200302,국도 17호선 여수 만덕교차로 개선공사 건설사업관리(시공단계) 용역(국도 17호선 ),익산지방국토관리청,PQ,1370000000,1375949225,100.43425,한기+선진,97.1,1169800000,101.4638,N
익산지방국토관리청 공고 제2020 - 48호,20200302,국도 17호선 여수 만덕교차로 개선공사 건설사업관리(시공단계) 용역(국도 17호선 ),익산지방국토관리청,PQ,1370000000,1375949225,100.43425,드림,96.8,1205600000,104.4201,N
익산지방국토관리청 공고 제2020 - 48호,20200302,국도 17호선 여수 만덕교차로 개선공사 건설사업관리(시공단계) 용역(국도 17호선 ),익산지방국토관리청,PQ,1370000000,1375949225,100.43425,대콘+한도,96.7,1131000000,97.9123,N
익산지방국토관리청 공고 제2020 - 48호,20200302,인계-쌍치 도로시설개량공사 교통영향평가 용역(국도 27호선),익산지방국토관리청,PQ,276000000,277267575,100.4592663,건화,97.1,231880000,99.9994,N
익산지방국토관리청 공고 제2020 - 48호,20200302,인계-쌍치 도로시설개량공사 교통영향평가 용역(국도 27호선),익산지방국토관리청,PQ,276000000,277267575,100.4592663,KG,97.1,232053000,100.074,N
익산지방국토관리청 공고 제2020 - 48호,20200302,인계-쌍치 도로시설개량공사 교통영향평가 용역(국도 27호선),익산지방국토관리청,PQ,276000000,277267575,100.4592663,한종,97.1,232900000,100.4393,N
익산지방국토관리청 공고 제2020 - 48호,20200302,인계-쌍치 도로시설개량공사 교통영향평가 용역(국도 27호선),익산지방국토관리청,PQ,276000000,277267575,100.4592663,유신,96.7,231455000,99.6501,N
익산지방국토관리청 공고 제2020 - 48호,20200302,인계-쌍치 도로시설개량공사 교통영향평가 용역(국도 27호선),익산지방국토관리청,PQ,276000000,277267575,100.4592663,동성,95.7,235799000,101.0998,Y
익산지방국토관리청 공고 제2020 - 48호,20200302,곡성 석곡IC-겸면 도로시설개량공사 전략 및 환경영향평가용역 ,익산지방국토관리청,PQ,1170000000,1169479350,99.9555,도화+천일+소운,98.26,981350000,100.2163,Y
익산지방국토관리청 공고 제2020 - 48호,20200302,곡성 석곡IC-겸면 도로시설개량공사 전략 및 환경영향평가용역 ,익산지방국토관리청,PQ,1170000000,1169479350,99.9555,수성+KG+보드플랜,98.19,981959000,100.2426,N
익산지방국토관리청 공고 제2020 - 48호,20200302,곡성 석곡IC-겸면 도로시설개량공사 전략 및 환경영향평가용역 ,익산지방국토관리청,PQ,1170000000,1169479350,99.9555,신성+엔탑,98.04,978180000,99.7853,N
익산지방국토관리청 공고 제2020 - 48호,20200302,곡성 석곡IC-겸면 도로시설개량공사 전략 및 환경영향평가용역 ,익산지방국토관리청,PQ,1170000000,1169479350,99.9555,건화+우신,98.03,977900000,99.7568,N
익산지방국토관리청 공고 제2020 - 48호,20200302,곡성 석곡IC-겸면 도로시설개량공사 전략 및 환경영향평가용역 ,익산지방국토관리청,PQ,1170000000,1169479350,99.9555,평화+휴먼,97.93,990800000,101.0245,N
20200304720 - 00,20200303,부산북항 오염퇴적물 정화사업 실시설계,해양환경공단,PQ,600000000,602001000,100.3335,한종,96.14,516100000,99.9438,N
20200304720 - 00,20200303,부산북항 오염퇴적물 정화사업 실시설계,해양환경공단,PQ,600000000,602001000,100.3335,세일+건화,96.03,518627000,100.4799,Y
20200304720 - 00,20200303,부산북항 오염퇴적물 정화사업 실시설계,해양환경공단,PQ,600000000,602001000,100.3335,유신,95.42,521315000,100.86,N
20200304720 - 00,20200303,부산북항 오염퇴적물 정화사업 실시설계,해양환경공단,PQ,600000000,602001000,100.3335,혜인,95.16,519200000,100.2646,N
20200304720 - 00,20200303,부산북항 오염퇴적물 정화사업 실시설계,해양환경공단,PQ,600000000,602001000,100.3335,서영,93.31,531000000,101.9997,N
20200302734 - 00,20200303,홍제역~홍은사거리 구간 지하보행네트워크 조성 기본설계 용역,서울특별시 서대문구,PQ,819730000,819861225,100.0160083,한맥+천일+삼안,98.34,708840000,100.7074,N
20200302734 - 00,20200303,홍제역~홍은사거리 구간 지하보행네트워크 조성 기본설계 용역,서울특별시 서대문구,PQ,819730000,819861225,100.0160083,유신+경동,97.61,704164000,99.857,N
20200302734 - 00,20200303,홍제역~홍은사거리 구간 지하보행네트워크 조성 기본설계 용역,서울특별시 서대문구,PQ,819730000,819861225,100.0160083,도화+신명,97.36,703540000,99.6989,N
20200302734 - 00,20200303,홍제역~홍은사거리 구간 지하보행네트워크 조성 기본설계 용역,서울특별시 서대문구,PQ,819730000,819861225,100.0160083,건화+동해(오월건축+테크피아),97.34,707680000,100.2856,Y
20200302734 - 00,20200303,홍제역~홍은사거리 구간 지하보행네트워크 조성 기본설계 용역,서울특별시 서대문구,PQ,819730000,819861225,100.0160083,다산+태조,97.18,712488000,100.9201,N
20200302734 - 00,20200303,홍제역~홍은사거리 구간 지하보행네트워크 조성 기본설계 용역,서울특별시 서대문구,PQ,819730000,819861225,100.0160083,동일+신성,97.18,701000000,99.2928,N
20200302734 - 00,20200303,홍제역~홍은사거리 구간 지하보행네트워크 조성 기본설계 용역,서울특별시 서대문구,PQ,819730000,819861225,100.0160083,제일+동부,96.98,715500000,101.2996,N
20200302734 - 00,20200303,홍제역~홍은사거리 구간 지하보행네트워크 조성 기본설계 용역,서울특별시 서대문구,PQ,819730000,819861225,100.0160083,수성+대콘,96.53,712943000,100.8206,N
20200302734 - 00,20200303,홍제역~홍은사거리 구간 지하보행네트워크 조성 기본설계 용역,서울특별시 서대문구,PQ,819730000,819861225,100.0160083,KG+진우,95.8,719220000,101.52,N
20200302734 - 00,20200303,홍제역~홍은사거리 구간 지하보행네트워크 조성 기본설계 용역,서울특별시 서대문구,PQ,819730000,819861225,100.0160083,한종+다산E,93.76,723600000,101.6092,N
20200304400 - 00,20200303,부평구 군부대 주변지역 활성화를 위한 기본계획구상 용역,인천광역시,PQ,396198000,401721050,101.3940126,유신+도담,99.53,342912000,99.73,N
20200304400 - 00,20200303,부평구 군부대 주변지역 활성화를 위한 기본계획구상 용역,인천광역시,PQ,396198000,401721050,101.3940126,도화+장원,98.88,343680000,99.8843,N
20200304400 - 00,20200303,부평구 군부대 주변지역 활성화를 위한 기본계획구상 용역,인천광역시,PQ,396198000,401721050,101.3940126,삼안+정방,98.7,343420000,99.7857,N
20200304400 - 00,20200303,부평구 군부대 주변지역 활성화를 위한 기본계획구상 용역,인천광역시,PQ,396198000,401721050,101.3940126,선진+고산,98.68,345800000,100.4773,N
20200304400 - 00,20200303,부평구 군부대 주변지역 활성화를 위한 기본계획구상 용역,인천광역시,PQ,396198000,401721050,101.3940126,동일+명인,98.42,342300000,99.4374,N
20200304400 - 00,20200303,부평구 군부대 주변지역 활성화를 위한 기본계획구상 용역,인천광역시,PQ,396198000,401721050,101.3940126,제일+청해,98.19,346890000,100.7476,N
20200304400 - 00,20200303,부평구 군부대 주변지역 활성화를 위한 기본계획구상 용역,인천광역시,PQ,396198000,401721050,101.3940126,건화+극동,98.08,347760000,100.9887,N
20200304400 - 00,20200303,부평구 군부대 주변지역 활성화를 위한 기본계획구상 용역,인천광역시,PQ,396198000,401721050,101.3940126,경호+한서,96.09,341460000,98.9656,N
20200304400 - 00,20200303,부평구 군부대 주변지역 활성화를 위한 기본계획구상 용역,인천광역시,PQ,396198000,401721050,101.3940126,수성+일진,94.96,341484000,98.8704,N
20200304400 - 00,20200303,부평구 군부대 주변지역 활성화를 위한 기본계획구상 용역,인천광역시,PQ,396198000,401721050,101.3940126,대콘+바우,94.2,353310000,102.2123,Y
20200304434 - 00,20200303,마산항 내호 오염퇴적물 정화사업 실시설계,해양환경공단,PQ,500000000,499023750,99.80475,한종,96.14,433800000,99.9136,Y
20200304434 - 00,20200303,마산항 내호 오염퇴적물 정화사업 실시설계,해양환경공단,PQ,500000000,499023750,99.80475,건화+세일,95.93,435000000,100.19,N
20200304434 - 00,20200303,마산항 내호 오염퇴적물 정화사업 실시설계,해양환경공단,PQ,500000000,499023750,99.80475,유신,95.42,436115000,100.4353,N
20200304434 - 00,20200303,마산항 내호 오염퇴적물 정화사업 실시설계,해양환경공단,PQ,500000000,499023750,99.80475,혜인,95.16,432400000,99.4995,N
20200304434 - 00,20200303,마산항 내호 오염퇴적물 정화사업 실시설계,해양환경공단,PQ,500000000,499023750,99.80475,한항,94.74,440165000,101.2514,N
20200304434 - 00,20200303,마산항 내호 오염퇴적물 정화사업 실시설계,해양환경공단,PQ,500000000,499023750,99.80475,서영,93.31,443980000,101.9999,N
20200303632 - 00,20200303,호국평화 테마파크 조성사업 기본 및 실시설계 용역,경상북도 칠곡군,PQ,389099000,392230325,100.8047631,동명+건일,99.28,338911000,100.33,N
20200303632 - 00,20200303,호국평화 테마파크 조성사업 기본 및 실시설계 용역,경상북도 칠곡군,PQ,389099000,392230325,100.8047631,한종+보원,99.16,337500000,99.9008,N
20200303632 - 00,20200303,호국평화 테마파크 조성사업 기본 및 실시설계 용역,경상북도 칠곡군,PQ,389099000,392230325,100.8047631,건화+동진(마루경관),98.76,340900000,100.8723,Y
20200303632 - 00,20200303,호국평화 테마파크 조성사업 기본 및 실시설계 용역,경상북도 칠곡군,PQ,389099000,392230325,100.8047631,경호+해동,98.75,336739000,99.6411,N
20200303632 - 00,20200303,호국평화 테마파크 조성사업 기본 및 실시설계 용역,경상북도 칠곡군,PQ,389099000,392230325,100.8047631,KG+대성,98.53,341274000,100.9598,N
20200303632 - 00,20200303,호국평화 테마파크 조성사업 기본 및 실시설계 용역,경상북도 칠곡군,PQ,389099000,392230325,100.8047631,유신+명성,98.06,335141000,99.0998,N
20200303632 - 00,20200303,호국평화 테마파크 조성사업 기본 및 실시설계 용역,경상북도 칠곡군,PQ,389099000,392230325,100.8047631,삼안+세원,97.5,342980000,101.3594,N
20200305498 - 00,20200303,동창천 운문지구 자연재해위험개선지구 정비사업 실시설계용역 ,경상북도 청도군,PQ,2223700000,2183067500,98.17275262,이산+동성+동진,99.21,1754400000,100.4975,N
20200305498 - 00,20200303,동창천 운문지구 자연재해위험개선지구 정비사업 실시설계용역 ,경상북도 청도군,PQ,2223700000,2183067500,98.17275262,한종+청명+해동,98.25,1750500000,99.5009,N
20200305498 - 00,20200303,동창천 운문지구 자연재해위험개선지구 정비사업 실시설계용역 ,경상북도 청도군,PQ,2223700000,2183067500,98.17275262,동부+한도+한백,98.24,1751937000,99.57,N
20200305498 - 00,20200303,동창천 운문지구 자연재해위험개선지구 정비사업 실시설계용역 ,경상북도 청도군,PQ,2223700000,2183067500,98.17275262,도화+다산+금일+삼경,98.23,1757700000,99.8849,N
20200305498 - 00,20200303,동창천 운문지구 자연재해위험개선지구 정비사업 실시설계용역 ,경상북도 청도군,PQ,2223700000,2183067500,98.17275262,KG+강동+명성,98.22,1762892000,100.18,N
20200305498 - 00,20200303,동창천 운문지구 자연재해위험개선지구 정비사업 실시설계용역 ,경상북도 청도군,PQ,2223700000,2183067500,98.17275262,유신+건일+해인,98.21,1747980000,99.32,N
20200305498 - 00,20200303,동창천 운문지구 자연재해위험개선지구 정비사업 실시설계용역 ,경상북도 청도군,PQ,2223700000,2183067500,98.17275262,삼안+강산+KSM,98.18,1741850000,98.9467,N
20200305498 - 00,20200303,동창천 운문지구 자연재해위험개선지구 정비사업 실시설계용역 ,경상북도 청도군,PQ,2223700000,2183067500,98.17275262,건화+KCI+주하(보원+석우),98.16,1792000000,101.7826,N
20200305498 - 00,20200303,동창천 운문지구 자연재해위험개선지구 정비사업 실시설계용역 ,경상북도 청도군,PQ,2223700000,2183067500,98.17275262,화신+보원+현대기술+극동,97.88,1738819000,98.538,Y
20200302872 - 00,20200303,"화성1,2송수관로 안정화사업 기본 및 실시설계용역",경기도 화성시 맑은물사업소,PQ,2965746000,2987240300,100.7247519,HEC+이산+유신,99.38,2330810000,100.25,N
20200302872 - 00,20200303,"화성1,2송수관로 안정화사업 기본 및 실시설계용역",경기도 화성시 맑은물사업소,PQ,2965746000,2987240300,100.7247519,건화+정(테크피아),99.34,2314600000,99.5148,N
20200302872 - 00,20200303,"화성1,2송수관로 안정화사업 기본 및 실시설계용역",경기도 화성시 맑은물사업소,PQ,2965746000,2987240300,100.7247519,삼안+범한,99.33,2340910000,100.6459,N
20200302872 - 00,20200303,"화성1,2송수관로 안정화사업 기본 및 실시설계용역",경기도 화성시 맑은물사업소,PQ,2965746000,2987240300,100.7247519,도화+경호,99.3,2876800000,123.6546,Y
20200302872 - 00,20200303,"화성1,2송수관로 안정화사업 기본 및 실시설계용역",경기도 화성시 맑은물사업소,PQ,2965746000,2987240300,100.7247519,한종+동명,99.28,2321000000,99.739,N
20200304437 - 00,20200303,구소신장지구 외 1개소 농어촌마을하수도사업 통합 건설사업관리 용역,광주광역시 남구,PQ,956420000,964523325,100.8472559,천일+하이콘,100,820480000,100.341,N
20200304437 - 00,20200303,구소신장지구 외 1개소 농어촌마을하수도사업 통합 건설사업관리 용역,광주광역시 남구,PQ,956420000,964523325,100.8472559,홍익+다우,99.8,817678000,99.9399,N
20200304437 - 00,20200303,구소신장지구 외 1개소 농어촌마을하수도사업 통합 건설사업관리 용역,광주광역시 남구,PQ,956420000,964523325,100.8472559,경동+동아,99.77,820474000,100.2699,N
20200304437 - 00,20200303,구소신장지구 외 1개소 농어촌마을하수도사업 통합 건설사업관리 용역,광주광역시 남구,PQ,956420000,964523325,100.8472559,한종+우영,99.73,819100000,100.102,N
20200304437 - 00,20200303,구소신장지구 외 1개소 농어촌마을하수도사업 통합 건설사업관리 용역,광주광역시 남구,PQ,956420000,964523325,100.8472559,동성+중원,99.7,823100000,100.5791,N
20200304437 - 00,20200303,구소신장지구 외 1개소 농어촌마을하수도사업 통합 건설사업관리 용역,광주광역시 남구,PQ,956420000,964523325,100.8472559,경호+평화,99.69,819150000,100.0964,N
20200304437 - 00,20200303,구소신장지구 외 1개소 농어촌마을하수도사업 통합 건설사업관리 용역,광주광역시 남구,PQ,956420000,964523325,100.8472559,도화+신오,99.67,813400000,99.3822,N
20200304437 - 00,20200303,구소신장지구 외 1개소 농어촌마을하수도사업 통합 건설사업관리 용역,광주광역시 남구,PQ,956420000,964523325,100.8472559,건양+건영,99.48,813598400,99.36,N
20200304437 - 00,20200303,구소신장지구 외 1개소 농어촌마을하수도사업 통합 건설사업관리 용역,광주광역시 남구,PQ,956420000,964523325,100.8472559,건화+우리종합,99.43,813500000,99.3364,N
20200304437 - 00,20200303,구소신장지구 외 1개소 농어촌마을하수도사업 통합 건설사업관리 용역,광주광역시 남구,PQ,956420000,964523325,100.8472559,동해+기찬,99.4,813925000,99.3767,N
20200304437 - 00,20200303,구소신장지구 외 1개소 농어촌마을하수도사업 통합 건설사업관리 용역,광주광역시 남구,PQ,956420000,964523325,100.8472559,수성+우빈,99.4,826980000,100.9706,N
20200304437 - 00,20200303,구소신장지구 외 1개소 농어촌마을하수도사업 통합 건설사업관리 용역,광주광역시 남구,PQ,956420000,964523325,100.8472559,서영+서진,99.38,826811000,100.95,Y
20200304437 - 00,20200303,구소신장지구 외 1개소 농어촌마을하수도사업 통합 건설사업관리 용역,광주광역시 남구,PQ,956420000,964523325,100.8472559,KCM+산하,99.34,826900000,100.9491,N
20200304437 - 00,20200303,구소신장지구 외 1개소 농어촌마을하수도사업 통합 건설사업관리 용역,광주광역시 남구,PQ,956420000,964523325,100.8472559,범한+신명,99.33,825770000,100.8111,N
20200304437 - 00,20200303,구소신장지구 외 1개소 농어촌마을하수도사업 통합 건설사업관리 용역,광주광역시 남구,PQ,956420000,964523325,100.8472559,동명+마인,99.2,835800000,101.9999,N
20200304437 - 00,20200303,구소신장지구 외 1개소 농어촌마을하수도사업 통합 건설사업관리 용역,광주광역시 남구,PQ,956420000,964523325,100.8472559,이산+산이,99.1,827000000,100.9024,N
20200304437 - 00,20200303,구소신장지구 외 1개소 농어촌마을하수도사업 통합 건설사업관리 용역,광주광역시 남구,PQ,956420000,964523325,100.8472559,한기+선진,95.93,845000000,102.2632,N
20200304976 - 00,20200303,2040년 원주 도시기본계획 수립 용역,강원도 원주시,PQ,974600000,969578450,99.48475785,도화+일신,98.48,839100000,100.3051,N
20200304976 - 00,20200303,2040년 원주 도시기본계획 수립 용역,강원도 원주시,PQ,974600000,969578450,99.48475785,삼안+삼경+한맥,98.14,836052000,99.8593,N
20200304976 - 00,20200303,2040년 원주 도시기본계획 수립 용역,강원도 원주시,PQ,974600000,969578450,99.48475785,KG+경원,98,834340000,99.62,N
20200304976 - 00,20200303,2040년 원주 도시기본계획 수립 용역,강원도 원주시,PQ,974600000,969578450,99.48475785,건화+진화+서영,97.7,834000000,99.4984,Y
20200304976 - 00,20200303,2040년 원주 도시기본계획 수립 용역,강원도 원주시,PQ,974600000,969578450,99.48475785,수성+미래,97.42,845504000,100.8005,N
20200304976 - 00,20200303,2040년 원주 도시기본계획 수립 용역,강원도 원주시,PQ,974600000,969578450,99.48475785,유신+서광,97.41,842354000,100.425,N
20200304976 - 00,20200303,2040년 원주 도시기본계획 수립 용역,강원도 원주시,PQ,974600000,969578450,99.48475785,동명+정,97.4,845600000,100.8002,N
20200304976 - 00,20200303,2040년 원주 도시기본계획 수립 용역,강원도 원주시,PQ,974600000,969578450,99.48475785,화신+한종,97.4,833266000,99.33,N
20200304976 - 00,20200303,2040년 원주 도시기본계획 수립 용역,강원도 원주시,PQ,974600000,969578450,99.48475785,경호+동서+강원길,97.34,849839000,101.2938,N
20200304976 - 00,20200303,2040년 원주 도시기본계획 수립 용역,강원도 원주시,PQ,974600000,969578450,99.48475785,경동+삼주+동남,97.1,829650000,98.83,N
20200304976 - 00,20200303,2040년 원주 도시기본계획 수립 용역,강원도 원주시,PQ,974600000,969578450,99.48475785,동일+국일+고려,96.76,862000000,102.5883,N
20200305746 - 00,20200304,남방공공하수처리시설 증설사업외 4개소 통합건설사업관리용역,경기도 양주시,SOQ,3720000000,3760017900,101.07575,동부+보람,98.58,2795991000,101.6995,Y
20200305746 - 00,20200304,남방공공하수처리시설 증설사업외 4개소 통합건설사업관리용역,경기도 양주시,SOQ,3720000000,3760017900,101.07575,천일+KG,94.53,2794800000,98.2015,N
20200305746 - 00,20200304,남방공공하수처리시설 증설사업외 4개소 통합건설사업관리용역,경기도 양주시,SOQ,3720000000,3760017900,101.07575,건화+수성+KSM,94.35,2912300000,102.1832,N
20200305746 - 00,20200304,남방공공하수처리시설 증설사업외 4개소 통합건설사업관리용역,경기도 양주시,SOQ,3720000000,3760017900,101.07575,범한+삼안,93.8,2912000000,101.708,N
20200305746 - 00,20200304,남방공공하수처리시설 증설사업외 4개소 통합건설사업관리용역,경기도 양주시,SOQ,3720000000,3760017900,101.07575,한종+동명+이산,93.7,2919900000,101.8913,N
20200305746 - 00,20200304,남방공공하수처리시설 증설사업외 4개소 통합건설사업관리용역,경기도 양주시,SOQ,3720000000,3760017900,101.07575,선진+도화,92.43,3651360000,126.0901,N
20200305746 - 00,20200304,남방공공하수처리시설 증설사업외 4개소 통합건설사업관리용역,경기도 양주시,SOQ,3720000000,3760017900,101.07575,동성+용마+경호,92.3,2985770000,102.9999,N
20200306894 - 02,20200304,회룡·노구·곤유 하수처리시설 기본 및 실시설계 용역,경상남도 남해군,PQ,1374000000,1361644350,99.10075328,제일+우진,98.4,1093950000,100.7503,N
20200306894 - 02,20200304,회룡·노구·곤유 하수처리시설 기본 및 실시설계 용역,경상남도 남해군,PQ,1374000000,1361644350,99.10075328,건화+수성,98.3,1084400000,99.795,N
20200306894 - 02,20200304,회룡·노구·곤유 하수처리시설 기본 및 실시설계 용역,경상남도 남해군,PQ,1374000000,1361644350,99.10075328,동명+한올,97.92,1082400000,99.297,Y
20200306894 - 02,20200304,회룡·노구·곤유 하수처리시설 기본 및 실시설계 용역,경상남도 남해군,PQ,1374000000,1361644350,99.10075328,도화+한성,97.7,1093980000,100.1826,N
20200306894 - 02,20200304,회룡·노구·곤유 하수처리시설 기본 및 실시설계 용역,경상남도 남해군,PQ,1374000000,1361644350,99.10075328,한종+HEC,97.7,1081200000,99.0122,N
20200306894 - 02,20200304,회룡·노구·곤유 하수처리시설 기본 및 실시설계 용역,경상남도 남해군,PQ,1374000000,1361644350,99.10075328,삼안+KG+KSM,97.6,1079694000,98.7997,N
20200306894 - 02,20200304,회룡·노구·곤유 하수처리시설 기본 및 실시설계 용역,경상남도 남해군,PQ,1374000000,1361644350,99.10075328,이산+신화,97.54,1081900000,98.9518,N
20200306894 - 02,20200304,회룡·노구·곤유 하수처리시설 기본 및 실시설계 용역,경상남도 남해군,PQ,1374000000,1361644350,99.10075328,정+경동+하우,97.5,1103440000,100.8965,N
20200306894 - 02,20200304,회룡·노구·곤유 하수처리시설 기본 및 실시설계 용역,경상남도 남해군,PQ,1374000000,1361644350,99.10075328,유신+천진+KCI,97.47,1078923000,98.63,N
20200306894 - 02,20200304,회룡·노구·곤유 하수처리시설 기본 및 실시설계 용역,경상남도 남해군,PQ,1374000000,1361644350,99.10075328,건양+금성,97.42,1098399700,100.36,N
20200306894 - 02,20200304,회룡·노구·곤유 하수처리시설 기본 및 실시설계 용역,경상남도 남해군,PQ,1374000000,1361644350,99.10075328,범한+신명,97.4,1104000000,100.859,N
20200306894 - 02,20200304,회룡·노구·곤유 하수처리시설 기본 및 실시설계 용역,경상남도 남해군,PQ,1374000000,1361644350,99.10075328,선진+경화,97.4,1108600000,101.2793,N
20200306894 - 02,20200304,회룡·노구·곤유 하수처리시설 기본 및 실시설계 용역,경상남도 남해군,PQ,1374000000,1361644350,99.10075328,화신+로텍+혜인,97.34,1080590000,98.6708,N
20200306590 - 00,20200304,송도항 건설공사 기본설계용역,해양수산부 목포지방해양수산청,PQ,717750000,715776250,99.72500871,건일,98.77,614240000,100.0977,N
20200306590 - 00,20200304,송도항 건설공사 기본설계용역,해양수산부 목포지방해양수산청,PQ,717750000,715776250,99.72500871,대영,98,614070000,99.9531,N
20200306590 - 00,20200304,송도항 건설공사 기본설계용역,해양수산부 목포지방해양수산청,PQ,717750000,715776250,99.72500871,항도,98,614037000,99.9477,Y
20200306590 - 00,20200304,송도항 건설공사 기본설계용역,해양수산부 목포지방해양수산청,PQ,717750000,715776250,99.72500871,세광+동명,97.85,611880000,99.585,N
20200306590 - 00,20200304,송도항 건설공사 기본설계용역,해양수산부 목포지방해양수산청,PQ,717750000,715776250,99.72500871,세일,97.52,617758000,100.5299,N
20200306590 - 00,20200304,송도항 건설공사 기본설계용역,해양수산부 목포지방해양수산청,PQ,717750000,715776250,99.72500871,혜인,97.9,611193000,99.45,N
20200306590 - 00,20200304,송도항 건설공사 기본설계용역,해양수산부 목포지방해양수산청,PQ,717750000,715776250,99.72500871,한항,97.7,612414000,99.5905,N
20200306590 - 00,20200304,송도항 건설공사 기본설계용역,해양수산부 목포지방해양수산청,PQ,717750000,715776250,99.72500871,유신,97.25,619799000,100.7797,N
20200306590 - 00,20200304,송도항 건설공사 기본설계용역,해양수산부 목포지방해양수산청,PQ,717750000,715776250,99.72500871,건화+대양(테크피아),97.46,622000000,101.0786,N
20200306590 - 00,20200304,송도항 건설공사 기본설계용역,해양수산부 목포지방해양수산청,PQ,717750000,715776250,99.72500871,아라+한종,97.46,623359000,101.2994,N
20200306590 - 00,20200304,송도항 건설공사 기본설계용역,해양수산부 목포지방해양수산청,PQ,717750000,715776250,99.72500871,도화,97.25,621200000,100.8897,N
20200306590 - 00,20200304,송도항 건설공사 기본설계용역,해양수산부 목포지방해양수산청,PQ,717750000,715776250,99.72500871,삼안,97.22,625900000,101.6412,N
20200306590 - 00,20200304,송도항 건설공사 기본설계용역,해양수산부 목포지방해양수산청,PQ,717750000,715776250,99.72500871,서영+삼영,97.28,610930000,99.1986,N
20200306590 - 00,20200304,송도항 건설공사 기본설계용역,해양수산부 목포지방해양수산청,PQ,717750000,715776250,99.72500871,수성+재화,93.99,632320000,101.6999,N
20200306649 - 00,20200304,부여군 군관리계획(문화예술교육종합타운)결정 및 기본ㆍ실시설계용역,충청남도 부여군,PQ,1220509000,1209716725,99.11575621,서영+경동,97.98,969250000,100.1496,N
20200306649 - 00,20200304,부여군 군관리계획(문화예술교육종합타운)결정 및 기본ㆍ실시설계용역,충청남도 부여군,PQ,1220509000,1209716725,99.11575621,KG+드림,97.6,963745000,99.2803,N
20200306649 - 00,20200304,부여군 군관리계획(문화예술교육종합타운)결정 및 기본ㆍ실시설계용역,충청남도 부여군,PQ,1220509000,1209716725,99.11575621,유신+한맥,97.6,965635000,99.4749,N
20200306649 - 00,20200304,부여군 군관리계획(문화예술교육종합타운)결정 및 기본ㆍ실시설계용역,충청남도 부여군,PQ,1220509000,1209716725,99.11575621,도화+우주,97.55,982890000,101.2143,N
20200306649 - 00,20200304,부여군 군관리계획(문화예술교육종합타운)결정 및 기본ㆍ실시설계용역,충청남도 부여군,PQ,1220509000,1209716725,99.11575621,한종+천마,97.54,963330000,99.1876,Y
20200306649 - 00,20200304,부여군 군관리계획(문화예술교육종합타운)결정 및 기본ㆍ실시설계용역,충청남도 부여군,PQ,1220509000,1209716725,99.11575621,동명+장맥,97.52,971828000,100.05,N
20200306649 - 00,20200304,부여군 군관리계획(문화예술교육종합타운)결정 및 기본ㆍ실시설계용역,충청남도 부여군,PQ,1220509000,1209716725,99.11575621,수성+동일+기산,97.52,965030000,99.3502,N
20200306649 - 00,20200304,부여군 군관리계획(문화예술교육종합타운)결정 및 기본ㆍ실시설계용역,충청남도 부여군,PQ,1220509000,1209716725,99.11575621,건화+세일(예당),97.5,966600000,99.4993,N
20200306649 - 00,20200304,부여군 군관리계획(문화예술교육종합타운)결정 및 기본ㆍ실시설계용역,충청남도 부여군,PQ,1220509000,1209716725,99.11575621,삼안+경호+강호,97.45,1100000000,113.1743,N
대구국토관리사무소 공고 제2020-93호,20200304,국도30호선 성주 벽진 가암지구 외 1개소 위험도로 개선공사 기본·실시설계용역,부산지방국토관리청 대구국토관리사무소,PQ,626000000,631516650,100.881254,서영,98.1,525400000,100.3164,N
대구국토관리사무소 공고 제2020-93호,20200304,국도30호선 성주 벽진 가암지구 외 1개소 위험도로 개선공사 기본·실시설계용역,부산지방국토관리청 대구국토관리사무소,PQ,626000000,631516650,100.881254,동부,98,525239000,100.2497,N
대구국토관리사무소 공고 제2020-93호,20200304,국도30호선 성주 벽진 가암지구 외 1개소 위험도로 개선공사 기본·실시설계용역,부산지방국토관리청 대구국토관리사무소,PQ,626000000,631516650,100.881254,대콘,97.8,522900000,99.7199,N
대구국토관리사무소 공고 제2020-93호,20200304,국도30호선 성주 벽진 가암지구 외 1개소 위험도로 개선공사 기본·실시설계용역,부산지방국토관리청 대구국토관리사무소,PQ,626000000,631516650,100.881254,일신,97.8,525260000,100.1699,N
대구국토관리사무소 공고 제2020-93호,20200304,국도30호선 성주 벽진 가암지구 외 1개소 위험도로 개선공사 기본·실시설계용역,부산지방국토관리청 대구국토관리사무소,PQ,626000000,631516650,100.881254,동명+동해,97.8,525125000,100.1442,N
대구국토관리사무소 공고 제2020-93호,20200304,국도30호선 성주 벽진 가암지구 외 1개소 위험도로 개선공사 기본·실시설계용역,부산지방국토관리청 대구국토관리사무소,PQ,626000000,631516650,100.881254,화신+건화(쏘일테크+한백),97.72,523389000,99.7774,N
대구국토관리사무소 공고 제2020-93호,20200304,국도30호선 성주 벽진 가암지구 외 1개소 위험도로 개선공사 기본·실시설계용역,부산지방국토관리청 대구국토관리사무소,PQ,626000000,631516650,100.881254,한종+하이콘,97.7,523400000,99.7676,N
대구국토관리사무소 공고 제2020-93호,20200304,국도30호선 성주 벽진 가암지구 외 1개소 위험도로 개선공사 기본·실시설계용역,부산지방국토관리청 대구국토관리사무소,PQ,626000000,631516650,100.881254,내경,97.5,530302000,100.9988,Y
대구국토관리사무소 공고 제2020-93호,20200304,국도30호선 성주 벽진 가암지구 외 1개소 위험도로 개선공사 기본·실시설계용역,부산지방국토관리청 대구국토관리사무소,PQ,626000000,631516650,100.881254,태조,97.5,529529000,100.8516,N
대구국토관리사무소 공고 제2020-93호,20200304,국도30호선 성주 벽진 가암지구 외 1개소 위험도로 개선공사 기본·실시설계용역,부산지방국토관리청 대구국토관리사무소,PQ,626000000,631516650,100.881254,드림+바우,97.4,532000000,101.286,N
대구국토관리사무소 공고 제2020-93호,20200304,국도30호선 성주 벽진 가암지구 외 1개소 위험도로 개선공사 기본·실시설계용역,부산지방국토관리청 대구국토관리사무소,PQ,626000000,631516650,100.881254,천마,96.9,0,0,N
20200307902 - 01,20200304,군북 하수관거 설치사업 기본 및 실시설계 용역,경상남도 함안군 상하수도사업소,PQ,586410000,582846150,99.39225968,범한+선진,99.45,501000000,99.7782,Y
20200307902 - 01,20200304,군북 하수관거 설치사업 기본 및 실시설계 용역,경상남도 함안군 상하수도사업소,PQ,586410000,582846150,99.39225968,도화+수성,98.08,506420000,100.5055,N
20200307902 - 01,20200304,군북 하수관거 설치사업 기본 및 실시설계 용역,경상남도 함안군 상하수도사업소,PQ,586410000,582846150,99.39225968,제일+KSM,97.85,503700000,99.9076,N
20200307902 - 01,20200304,군북 하수관거 설치사업 기본 및 실시설계 용역,경상남도 함안군 상하수도사업소,PQ,586410000,582846150,99.39225968,건화+HEC,97.78,501950000,99.5489,N
20200307902 - 01,20200304,군북 하수관거 설치사업 기본 및 실시설계 용역,경상남도 함안군 상하수도사업소,PQ,586410000,582846150,99.39225968,유신+로텍,97.75,501797000,99.507,N
20200307902 - 01,20200304,군북 하수관거 설치사업 기본 및 실시설계 용역,경상남도 함안군 상하수도사업소,PQ,586410000,582846150,99.39225968,KG+한종+우진,97.73,498635000,98.8799,N
20200307902 - 01,20200304,군북 하수관거 설치사업 기본 및 실시설계 용역,경상남도 함안군 상하수도사업소,PQ,586410000,582846150,99.39225968,정+경동+하우,97.7,507894000,100.7043,N
20200307902 - 01,20200304,군북 하수관거 설치사업 기본 및 실시설계 용역,경상남도 함안군 상하수도사업소,PQ,586410000,582846150,99.39225968,삼안+경화+한올,97.65,500280000,99.1831,N
20200307902 - 01,20200304,군북 하수관거 설치사업 기본 및 실시설계 용역,경상남도 함안군 상하수도사업소,PQ,586410000,582846150,99.39225968,동명+한성,97.63,506700000,100.4442,N
20200307902 - 01,20200304,군북 하수관거 설치사업 기본 및 실시설계 용역,경상남도 함안군 상하수도사업소,PQ,586410000,582846150,99.39225968,이산+신화,97.42,498800000,98.8322,N
20200307902 - 01,20200304,군북 하수관거 설치사업 기본 및 실시설계 용역,경상남도 함안군 상하수도사업소,PQ,586410000,582846150,99.39225968,건양+금성,97.39,501521900,99.36,N
20200307902 - 01,20200304,군북 하수관거 설치사업 기본 및 실시설계 용역,경상남도 함안군 상하수도사업소,PQ,586410000,582846150,99.39225968,화신+천진,96.7,526526000,104.1322,N
20200307875 - 03,20200304,가야3단계 하수관거 설치사업 외 1개소 통합건설사업관리(감독권한대행) 용역,경상남도 함안군 상하수도사업소,PQ,1938000000,1963688250,101.3255031,도화+범한+삼안,100,1516900000,100.3544,N
20200307875 - 03,20200304,가야3단계 하수관거 설치사업 외 1개소 통합건설사업관리(감독권한대행) 용역,경상남도 함안군 상하수도사업소,PQ,1938000000,1963688250,101.3255031,선진+경화,100,1513550000,100.1328,N
20200307875 - 03,20200304,가야3단계 하수관거 설치사업 외 1개소 통합건설사업관리(감독권한대행) 용역,경상남도 함안군 상하수도사업소,PQ,1938000000,1963688250,101.3255031,수성+한종,100,1514260000,100.1797,N
20200307875 - 03,20200304,가야3단계 하수관거 설치사업 외 1개소 통합건설사업관리(감독권한대행) 용역,경상남도 함안군 상하수도사업소,PQ,1938000000,1963688250,101.3255031,대콘+HEC,99.81,1505583000,99.44,N
20200307875 - 03,20200304,가야3단계 하수관거 설치사업 외 1개소 통합건설사업관리(감독권한대행) 용역,경상남도 함안군 상하수도사업소,PQ,1938000000,1963688250,101.3255031,동명+한올,99.77,1522000000,100.4985,N
20200307875 - 03,20200304,가야3단계 하수관거 설치사업 외 1개소 통합건설사업관리(감독권한대행) 용역,경상남도 함안군 상하수도사업소,PQ,1938000000,1963688250,101.3255031,이산+KSM,99.63,1505600000,99.3013,N
20200307875 - 03,20200304,가야3단계 하수관거 설치사업 외 1개소 통합건설사업관리(감독권한대행) 용역,경상남도 함안군 상하수도사업소,PQ,1938000000,1963688250,101.3255031,유신+한가람,99.55,1526615000,100.623,N
20200307875 - 03,20200304,가야3단계 하수관거 설치사업 외 1개소 통합건설사업관리(감독권한대행) 용역,경상남도 함안군 상하수도사업소,PQ,1938000000,1963688250,101.3255031,건화+우진,99.47,1503800000,99.0559,N
20200307875 - 03,20200304,가야3단계 하수관거 설치사업 외 1개소 통합건설사업관리(감독권한대행) 용역,경상남도 함안군 상하수도사업소,PQ,1938000000,1963688250,101.3255031,동성+금성+상지,99.4,1532330000,100.8708,N
20200307875 - 03,20200304,가야3단계 하수관거 설치사업 외 1개소 통합건설사업관리(감독권한대행) 용역,경상남도 함안군 상하수도사업소,PQ,1938000000,1963688250,101.3255031,KG+하우,99.39,1536311000,101.12,N
20200307875 - 03,20200304,가야3단계 하수관거 설치사업 외 1개소 통합건설사업관리(감독권한대행) 용역,경상남도 함안군 상하수도사업소,PQ,1938000000,1963688250,101.3255031,신명+우정,99.35,1536536000,101.109,N
20200307875 - 03,20200304,가야3단계 하수관거 설치사업 외 1개소 통합건설사업관리(감독권한대행) 용역,경상남도 함안군 상하수도사업소,PQ,1938000000,1963688250,101.3255031,서영+한성+진화,99.33,1536600000,101.1003,N
20200307875 - 03,20200304,가야3단계 하수관거 설치사업 외 1개소 통합건설사업관리(감독권한대행) 용역,경상남도 함안군 상하수도사업소,PQ,1938000000,1963688250,101.3255031,경동+혜인,99.32,1499547000,98.6498,N
20200307875 - 03,20200304,가야3단계 하수관거 설치사업 외 1개소 통합건설사업관리(감독권한대행) 용역,경상남도 함안군 상하수도사업소,PQ,1938000000,1963688250,101.3255031,천일+신화+산하,99.24,1700000000,111.7657,Y
20200307875 - 03,20200304,가야3단계 하수관거 설치사업 외 1개소 통합건설사업관리(감독권한대행) 용역,경상남도 함안군 상하수도사업소,PQ,1938000000,1963688250,101.3255031,KCM+현진+삼우,99,1499500000,98.3959,N
20200307936 - 01,20200304,군북 하림 공공하수처리시설 설치사업 기본 및 실시설계 용역,경상남도 함안군 상하수도사업소,PQ,400180000,398187150,99.50201159,범한+선진,99.9,346500000,99.8052,Y
20200307936 - 01,20200304,군북 하림 공공하수처리시설 설치사업 기본 및 실시설계 용역,경상남도 함안군 상하수도사업소,PQ,400180000,398187150,99.50201159,건화+HEC,98.3,349800000,100.5934,N
20200307936 - 01,20200304,군북 하림 공공하수처리시설 설치사업 기본 및 실시설계 용역,경상남도 함안군 상하수도사업소,PQ,400180000,398187150,99.50201159,도화+수성,98.3,349530000,100.5158,N
20200307936 - 01,20200304,군북 하림 공공하수처리시설 설치사업 기본 및 실시설계 용역,경상남도 함안군 상하수도사업소,PQ,400180000,398187150,99.50201159,동명+한성,98.3,349200000,100.4209,N
20200307936 - 01,20200304,군북 하림 공공하수처리시설 설치사업 기본 및 실시설계 용역,경상남도 함안군 상하수도사업소,PQ,400180000,398187150,99.50201159,정+경동+하우,98.3,345494000,99.3551,N
20200307936 - 01,20200304,군북 하림 공공하수처리시설 설치사업 기본 및 실시설계 용역,경상남도 함안군 상하수도사업소,PQ,400180000,398187150,99.50201159,제일+KSM,98.3,347280000,99.8687,N
20200307936 - 01,20200304,군북 하림 공공하수처리시설 설치사업 기본 및 실시설계 용역,경상남도 함안군 상하수도사업소,PQ,400180000,398187150,99.50201159,삼안+경화+한올,98.25,345510000,99.3597,N
20200307936 - 01,20200304,군북 하림 공공하수처리시설 설치사업 기본 및 실시설계 용역,경상남도 함안군 상하수도사업소,PQ,400180000,398187150,99.50201159,KG+한종+우진,98.25,344329000,99.0201,N
20200307936 - 01,20200304,군북 하림 공공하수처리시설 설치사업 기본 및 실시설계 용역,경상남도 함안군 상하수도사업소,PQ,400180000,398187150,99.50201159,이산+신화,98.24,344550000,99.0837,N
20200307936 - 01,20200304,군북 하림 공공하수처리시설 설치사업 기본 및 실시설계 용역,경상남도 함안군 상하수도사업소,PQ,400180000,398187150,99.50201159,유신+로텍,98.21,348785000,100.29,N
20200307936 - 01,20200304,군북 하림 공공하수처리시설 설치사업 기본 및 실시설계 용역,경상남도 함안군 상하수도사업소,PQ,400180000,398187150,99.50201159,화신+천진,97.82,345218000,99.2301,N
20200307936 - 01,20200304,군북 하림 공공하수처리시설 설치사업 기본 및 실시설계 용역,경상남도 함안군 상하수도사업소,PQ,400180000,398187150,99.50201159,건양+금성,97.69,345709700,99.36,N
20200307830 - 03,20200304,함안군 하수도정비 기본계획 변경수립 용역,경상남도 함안군 상하수도사업소,PQ,1190000000,1188096000,99.84,범한+선진,99.9,936000000,100.7564,Y
20200307830 - 03,20200304,함안군 하수도정비 기본계획 변경수립 용역,경상남도 함안군 상하수도사업소,PQ,1190000000,1188096000,99.84,한종+KG+우진,98,934900000,99.1019,N
20200307830 - 03,20200304,함안군 하수도정비 기본계획 변경수립 용역,경상남도 함안군 상하수도사업소,PQ,1190000000,1188096000,99.84,도화+수성,97.85,956840000,101.2998,N
20200307830 - 03,20200304,함안군 하수도정비 기본계획 변경수립 용역,경상남도 함안군 상하수도사업소,PQ,1190000000,1188096000,99.84,동명+한성,97.7,935000000,98.8631,N
20200307830 - 03,20200304,함안군 하수도정비 기본계획 변경수립 용역,경상남도 함안군 상하수도사업소,PQ,1190000000,1188096000,99.84,삼안+경화+한올,97.58,959750000,101.3907,N
20200307830 - 03,20200304,함안군 하수도정비 기본계획 변경수립 용역,경상남도 함안군 상하수도사업소,PQ,1190000000,1188096000,99.84,이산+신화,97.57,933400000,98.5947,N
20200307830 - 03,20200304,함안군 하수도정비 기본계획 변경수립 용역,경상남도 함안군 상하수도사업소,PQ,1190000000,1188096000,99.84,건화+HEC,97.55,963000000,101.7085,N
20200307830 - 03,20200304,함안군 하수도정비 기본계획 변경수립 용역,경상남도 함안군 상하수도사업소,PQ,1190000000,1188096000,99.84,유신+천진+KCI,97.46,966597000,102.0115,N
20200307830 - 03,20200304,함안군 하수도정비 기본계획 변경수립 용역,경상남도 함안군 상하수도사업소,PQ,1190000000,1188096000,99.84,화신+로텍,97.44,933820000,98.5399,N
20200307830 - 03,20200304,함안군 하수도정비 기본계획 변경수립 용역,경상남도 함안군 상하수도사업소,PQ,1190000000,1188096000,99.84,건양+금성,97.42,971591800,102.5,N
20200307830 - 03,20200304,함안군 하수도정비 기본계획 변경수립 용역,경상남도 함안군 상하수도사업소,PQ,1190000000,1188096000,99.84,정+경동+하우,97.33,957044000,100.9019,N
20200307830 - 03,20200304,함안군 하수도정비 기본계획 변경수립 용역,경상남도 함안군 상하수도사업소,PQ,1190000000,1188096000,99.84,제일+KSM,97.25,970900000,102.2986,N
20200307497 - 00,20200304,병성천 천변습지 복원사업 기본 및 실시설계 용역,경상북도 상주시,PQ,1414453000,1420807475,100.4492532,동명+동성,99.36,1114450000,100.4913,Y
20200307497 - 00,20200304,병성천 천변습지 복원사업 기본 및 실시설계 용역,경상북도 상주시,PQ,1414453000,1420807475,100.4492532,도화+다산,99.3,1108630000,99.9155,N
20200307497 - 00,20200304,병성천 천변습지 복원사업 기본 및 실시설계 용역,경상북도 상주시,PQ,1414453000,1420807475,100.4492532,삼안+삼보,99.3,1107700000,99.8317,N
20200307497 - 00,20200304,병성천 천변습지 복원사업 기본 및 실시설계 용역,경상북도 상주시,PQ,1414453000,1420807475,100.4492532,이산+건일,99.24,1105998000,99.6275,N
20200307497 - 00,20200304,병성천 천변습지 복원사업 기본 및 실시설계 용역,경상북도 상주시,PQ,1414453000,1420807475,100.4492532,KG+동진,99.23,1118602000,100.75,N
20200307497 - 00,20200304,병성천 천변습지 복원사업 기본 및 실시설계 용역,경상북도 상주시,PQ,1414453000,1420807475,100.4492532,한종+청명,99.22,1116600000,100.5697,N
20200307497 - 00,20200304,병성천 천변습지 복원사업 기본 및 실시설계 용역,경상북도 상주시,PQ,1414453000,1420807475,100.4492532,건화+KCI(정도),99.2,1101580000,99.1916,N
20200307497 - 00,20200304,병성천 천변습지 복원사업 기본 및 실시설계 용역,경상북도 상주시,PQ,1414453000,1420807475,100.4492532,동부+한도,99.2,1100000000,99.0493,N
20200307497 - 00,20200304,병성천 천변습지 복원사업 기본 및 실시설계 용역,경상북도 상주시,PQ,1414453000,1420807475,100.4492532,유신+한백+주하,99.03,1119053000,100.624,N
20200307497 - 00,20200304,병성천 천변습지 복원사업 기본 및 실시설계 용역,경상북도 상주시,PQ,1414453000,1420807475,100.4492532,수성+평화+보원,98.74,1100616000,98.7401,N
20200307497 - 00,20200304,병성천 천변습지 복원사업 기본 및 실시설계 용역,경상북도 상주시,PQ,1414453000,1420807475,100.4492532,화신+현대기술,98.66,1100440000,98.6617,N
20200307497 - 00,20200304,병성천 천변습지 복원사업 기본 및 실시설계 용역,경상북도 상주시,PQ,1414453000,1420807475,100.4492532,KSM+새길,98.64,1125660000,100.8973,N
20200305998 - 00,20200304,원주시 노후 하수관로 정밀조사용역(2차),강원도 원주시 상하수도사업소,PQ,290236000,288861075,99.52627345,삼안+범한,100,251130000,99.7477,N
20200305998 - 00,20200304,원주시 노후 하수관로 정밀조사용역(2차),강원도 원주시 상하수도사업소,PQ,290236000,288861075,99.52627345,홍익+태일환경,99.99,253550000,100.6973,N
20200305998 - 00,20200304,원주시 노후 하수관로 정밀조사용역(2차),강원도 원주시 상하수도사업소,PQ,290236000,288861075,99.52627345,건화+정,99.94,251490000,99.8792,N
20200305998 - 00,20200304,원주시 노후 하수관로 정밀조사용역(2차),강원도 원주시 상하수도사업소,PQ,290236000,288861075,99.52627345,브니엘+경호,99.77,250992050,99.6699,Y
20200305998 - 00,20200304,원주시 노후 하수관로 정밀조사용역(2차),강원도 원주시 상하수도사업소,PQ,290236000,288861075,99.52627345,이산+이베스트,99.39,249700000,99.1112,N
20200305998 - 00,20200304,원주시 노후 하수관로 정밀조사용역(2차),강원도 원주시 상하수도사업소,PQ,290236000,288861075,99.52627345,화신+에코베이스,99.2,250159000,99.2819,N
20200305998 - 00,20200304,원주시 노후 하수관로 정밀조사용역(2차),강원도 원주시 상하수도사업소,PQ,290236000,288861075,99.52627345,건양+드림,99,251194700,99.67,N
20200305998 - 00,20200304,원주시 노후 하수관로 정밀조사용역(2차),강원도 원주시 상하수도사업소,PQ,290236000,288861075,99.52627345,단,99,251210000,99.6761,N
20200305998 - 00,20200304,원주시 노후 하수관로 정밀조사용역(2차),강원도 원주시 상하수도사업소,PQ,290236000,288861075,99.52627345,선진+유신,98.99,254080000,100.8148,N
20200305998 - 00,20200304,원주시 노후 하수관로 정밀조사용역(2차),강원도 원주시 상하수도사업소,PQ,290236000,288861075,99.52627345,수성+영진,97.35,255662000,101.2792,N
20200305998 - 00,20200304,원주시 노후 하수관로 정밀조사용역(2차),강원도 원주시 상하수도사업소,PQ,290236000,288861075,99.52627345,동명+삼주,95.88,249770000,98.7975,N
2000768 - 01,20200304,화성동탄(2) 국지도84호선 도로개설공사 사후환경영향조사(공사시) 용역,한국토지주택공사,PQ,628870000,626887000,99.68467251,서영+퍼스트,99.43,539150000,100.1029,N
2000768 - 01,20200304,화성동탄(2) 국지도84호선 도로개설공사 사후환경영향조사(공사시) 용역,한국토지주택공사,PQ,628870000,626887000,99.68467251,도화+신일,99.27,538220000,99.8836,N
2000768 - 01,20200304,화성동탄(2) 국지도84호선 도로개설공사 사후환경영향조사(공사시) 용역,한국토지주택공사,PQ,628870000,626887000,99.68467251,삼안+경동+우신,99.27,539550000,100.1304,N
2000768 - 01,20200304,화성동탄(2) 국지도84호선 도로개설공사 사후환경영향조사(공사시) 용역,한국토지주택공사,PQ,628870000,626887000,99.68467251,동성+DS,99.27,538515000,99.9383,N
2000768 - 01,20200304,화성동탄(2) 국지도84호선 도로개설공사 사후환경영향조사(공사시) 용역,한국토지주택공사,PQ,628870000,626887000,99.68467251,동부+세광+CNS,99.24,541530000,100.4979,N
2000768 - 01,20200304,화성동탄(2) 국지도84호선 도로개설공사 사후환경영향조사(공사시) 용역,한국토지주택공사,PQ,628870000,626887000,99.68467251,동일+다원,99.06,542800000,100.6748,N
2000768 - 01,20200304,화성동탄(2) 국지도84호선 도로개설공사 사후환경영향조사(공사시) 용역,한국토지주택공사,PQ,628870000,626887000,99.68467251,이산+휴먼+태영,98.99,543800000,100.8368,N
2000768 - 01,20200304,화성동탄(2) 국지도84호선 도로개설공사 사후환경영향조사(공사시) 용역,한국토지주택공사,PQ,628870000,626887000,99.68467251,한종+엔탑,98.98,541000000,100.3176,N
2000768 - 01,20200304,화성동탄(2) 국지도84호선 도로개설공사 사후환경영향조사(공사시) 용역,한국토지주택공사,PQ,628870000,626887000,99.68467251,한맥+천일+KG+레오,98.97,543535000,100.7876,N
2000768 - 01,20200304,화성동탄(2) 국지도84호선 도로개설공사 사후환경영향조사(공사시) 용역,한국토지주택공사,PQ,628870000,626887000,99.68467251,동아+건화+자연과사람,98.96,537600000,99.6871,Y
2000768 - 01,20200304,화성동탄(2) 국지도84호선 도로개설공사 사후환경영향조사(공사시) 용역,한국토지주택공사,PQ,628870000,626887000,99.68467251,신성+홍익+중천,98.72,541880000,100.4105,N
2000768 - 01,20200304,화성동탄(2) 국지도84호선 도로개설공사 사후환경영향조사(공사시) 용역,한국토지주택공사,PQ,628870000,626887000,99.68467251,선진+한국환경,98.66,536410000,99.3737,N
2000768 - 01,20200304,화성동탄(2) 국지도84호선 도로개설공사 사후환경영향조사(공사시) 용역,한국토지주택공사,PQ,628870000,626887000,99.68467251,수성+신명+보드플랜,98.62,544005000,100.769,N
2000768 - 01,20200304,화성동탄(2) 국지도84호선 도로개설공사 사후환경영향조사(공사시) 용역,한국토지주택공사,PQ,628870000,626887000,99.68467251,동명+예평+동진,98.59,545300000,100.9971,N
2000768 - 01,20200304,화성동탄(2) 국지도84호선 도로개설공사 사후환경영향조사(공사시) 용역,한국토지주택공사,PQ,628870000,626887000,99.68467251,평화+대현,97.36,549200000,101.3653,N
2000768 - 01,20200304,화성동탄(2) 국지도84호선 도로개설공사 사후환경영향조사(공사시) 용역,한국토지주택공사,PQ,628870000,626887000,99.68467251,유신+동해+한국항만,96.11,553500000,101.7809,N
원주지방국토관리청 공고 제2020 - 17호,20200304,원주천(학성지구) 하천재해 예방사업 실시설계용역 ,원주지방국토관리청,PQ,1576000000,1576342825,100.0217529,평화+건일,98.14,1327000000,100.4959,N
원주지방국토관리청 공고 제2020 - 17호,20200304,원주천(학성지구) 하천재해 예방사업 실시설계용역 ,원주지방국토관리청,PQ,1576000000,1576342825,100.0217529,유신+수성,98,1320273000,99.9745,N
원주지방국토관리청 공고 제2020 - 17호,20200304,원주천(학성지구) 하천재해 예방사업 실시설계용역 ,원주지방국토관리청,PQ,1576000000,1576342825,100.0217529,동부+건화+삼경(테이즈+에스씨),97.95,1317888000,99.7701,N
원주지방국토관리청 공고 제2020 - 17호,20200304,원주천(학성지구) 하천재해 예방사업 실시설계용역 ,원주지방국토관리청,PQ,1576000000,1576342825,100.0217529,이산+신명+서광,97.93,1325930000,100.367,Y
2020-20131,20200304,강원본부 방음시설 및 졸음쉼터 설치 실시설계용역 ,한국도로공사 강원본부,PQ,626853700,632680306,100.9295001,경동+동해,100,504790000,100.0405,N
2020-20131,20200304,강원본부 방음시설 및 졸음쉼터 설치 실시설계용역 ,한국도로공사 강원본부,PQ,626853700,632680306,100.9295001,천일+홍익,99.76,507860000,100.5739,N
2020-20131,20200304,강원본부 방음시설 및 졸음쉼터 설치 실시설계용역 ,한국도로공사 강원본부,PQ,626853700,632680306,100.9295001,한종+하이콘,99.64,503100000,99.5942,N
2020-20131,20200304,강원본부 방음시설 및 졸음쉼터 설치 실시설계용역 ,한국도로공사 강원본부,PQ,626853700,632680306,100.9295001,한맥,99.52,509027000,100.73,N
2020-20131,20200304,강원본부 방음시설 및 졸음쉼터 설치 실시설계용역 ,한국도로공사 강원본부,PQ,626853700,632680306,100.9295001,평화,99.2,503780000,99.5928,N
2020-20131,20200304,강원본부 방음시설 및 졸음쉼터 설치 실시설계용역 ,한국도로공사 강원본부,PQ,626853700,632680306,100.9295001,대콘+서영,99.18,502613900,99.35,N
2020-20131,20200304,강원본부 방음시설 및 졸음쉼터 설치 실시설계용역 ,한국도로공사 강원본부,PQ,626853700,632680306,100.9295001,도화,98.88,513330000,101.3803,Y
2020-20131,20200304,강원본부 방음시설 및 졸음쉼터 설치 실시설계용역 ,한국도로공사 강원본부,PQ,626853700,632680306,100.9295001,KG+보람,98.1,501610000,98.821,N
2020-20131,20200304,강원본부 방음시설 및 졸음쉼터 설치 실시설계용역 ,한국도로공사 강원본부,PQ,626853700,632680306,100.9295001,건화,98.08,502493000,98.9949,N
2020-20131,20200304,강원본부 방음시설 및 졸음쉼터 설치 실시설계용역 ,한국도로공사 강원본부,PQ,626853700,632680306,100.9295001,제일,97.74,519900000,102.3105,N
20200308238 - 00,20200305,원주시 치악산 바람길숲 조성사업 기본 및 실시설계 용역,강원도 원주시,PQ,905337000,900688150,99.48650613,유신+일신,99.21,775050000,99.923,N
20200308238 - 00,20200305,원주시 치악산 바람길숲 조성사업 기본 및 실시설계 용역,강원도 원주시,PQ,905337000,900688150,99.48650613,건화+화신,99,773680000,99.6998,Y
20200308238 - 00,20200305,원주시 치악산 바람길숲 조성사업 기본 및 실시설계 용역,강원도 원주시,PQ,905337000,900688150,99.48650613,도화+서광,98.93,778630000,100.3143,N
20200308238 - 00,20200305,원주시 치악산 바람길숲 조성사업 기본 및 실시설계 용역,강원도 원주시,PQ,905337000,900688150,99.48650613,한종+정,98.86,780300000,100.506,N
20200308238 - 00,20200305,원주시 치악산 바람길숲 조성사업 기본 및 실시설계 용역,강원도 원주시,PQ,905337000,900688150,99.48650613,KG+삼경,98.76,788822000,101.58,N
20200308238 - 00,20200305,원주시 치악산 바람길숲 조성사업 기본 및 실시설계 용역,강원도 원주시,PQ,905337000,900688150,99.48650613,선진+고려,98.69,781530000,100.6292,N
20200308238 - 00,20200305,원주시 치악산 바람길숲 조성사업 기본 및 실시설계 용역,강원도 원주시,PQ,905337000,900688150,99.48650613,경호+동서,97,770680000,98.806,N
20200308238 - 00,20200305,원주시 치악산 바람길숲 조성사업 기본 및 실시설계 용역,강원도 원주시,PQ,905337000,900688150,99.48650613,삼안+삼주,93.61,808940000,102.8161,N
20200308109 - 01,20200305,소호2지구 연안정비사업 실시설계용역,전라남도 여수시,PQ,433687000,433136250,99.87300749,건화+우빈(삼기지질),98.3,380000000,100.8353,N
20200308109 - 01,20200305,소호2지구 연안정비사업 실시설계용역,전라남도 여수시,PQ,433687000,433136250,99.87300749,유신+원우,98.3,375270000,99.5801,N
20200308109 - 01,20200305,소호2지구 연안정비사업 실시설계용역,전라남도 여수시,PQ,433687000,433136250,99.87300749,세일+신명,98.29,378736000,100.4998,N
20200308109 - 01,20200305,소호2지구 연안정비사업 실시설계용역,전라남도 여수시,PQ,433687000,433136250,99.87300749,한항+평화,98.27,378180000,100.3523,Y
20200308109 - 01,20200305,소호2지구 연안정비사업 실시설계용역,전라남도 여수시,PQ,433687000,433136250,99.87300749,세광+동아,98.23,375200000,99.5501,N
20200308109 - 01,20200305,소호2지구 연안정비사업 실시설계용역,전라남도 여수시,PQ,433687000,433136250,99.87300749,혜인+하이콘,98.23,380432000,100.9383,N
20200308109 - 01,20200305,소호2지구 연안정비사업 실시설계용역,전라남도 여수시,PQ,433687000,433136250,99.87300749,한종+신오,97.5,380350000,100.8469,N
20200308109 - 01,20200305,소호2지구 연안정비사업 실시설계용역,전라남도 여수시,PQ,433687000,433136250,99.87300749,도화+대현,97.17,380740000,100.9155,N
20200308109 - 01,20200305,소호2지구 연안정비사업 실시설계용역,전라남도 여수시,PQ,433687000,433136250,99.87300749,서영+해광,96.98,374350000,99.2104,N
20200308109 - 01,20200305,소호2지구 연안정비사업 실시설계용역,전라남도 여수시,PQ,433687000,433136250,99.87300749,대영+산하,96.41,380760000,100.8512,N
2000773 - 01,20200305,원주00지구 도시개발사업 조사설계용역,한국토지주택공사,종심제,7219036000,7220943000,100.0264163,도화+경동+수성+KG+제일,94.8614,5760000000,79.789,Y
2000773 - 01,20200305,원주00지구 도시개발사업 조사설계용역,한국토지주택공사,종심제,7219036000,7220943000,100.0264163,대콘+건화+동명+동부+경호,93.8614,5775000000,79.9968,N
2000773 - 01,20200305,원주00지구 도시개발사업 조사설계용역,한국토지주택공사,종심제,7219036000,7220943000,100.0264163,동일+유신+삼안+서영+신성,92.8614,5736000000,79.4566,N
20200309233 - 00,20200305,공주시 하수도정비 기본계획(변경) 및 물재이용 관리계획변경 용역,충청남도 공주시,PQ,2892000000,2883309575,99.69950121,동명+드림,99.9,2280200000,100.9993,Y
20200309233 - 00,20200305,공주시 하수도정비 기본계획(변경) 및 물재이용 관리계획변경 용역,충청남도 공주시,PQ,2892000000,2883309575,99.69950121,건화+세일,97.6,2328000000,101.2107,N
20200309233 - 00,20200305,공주시 하수도정비 기본계획(변경) 및 물재이용 관리계획변경 용역,충청남도 공주시,PQ,2892000000,2883309575,99.69950121,범한+장맥,97.6,2275900000,98.9456,N
20200309233 - 00,20200305,공주시 하수도정비 기본계획(변경) 및 물재이용 관리계획변경 용역,충청남도 공주시,PQ,2892000000,2883309575,99.69950121,도화+경동,97.6,2278800000,99.0717,N
20200309233 - 00,20200305,공주시 하수도정비 기본계획(변경) 및 물재이용 관리계획변경 용역,충청남도 공주시,PQ,2892000000,2883309575,99.69950121,한종+수성E,97.56,2326200000,101.0943,N
20200309233 - 00,20200305,공주시 하수도정비 기본계획(변경) 및 물재이용 관리계획변경 용역,충청남도 공주시,PQ,2892000000,2883309575,99.69950121,선진+바셈,97.54,2331910000,101.3297,N
20200309233 - 00,20200305,공주시 하수도정비 기본계획(변경) 및 물재이용 관리계획변경 용역,충청남도 공주시,PQ,2892000000,2883309575,99.69950121,KG+우빈,97.5,2262295000,98.28,N
20200309233 - 00,20200305,공주시 하수도정비 기본계획(변경) 및 물재이용 관리계획변경 용역,충청남도 공주시,PQ,2892000000,2883309575,99.69950121,이산+천마+제일,97.5,2267400000,98.5018,N
20200309233 - 00,20200305,공주시 하수도정비 기본계획(변경) 및 물재이용 관리계획변경 용역,충청남도 공주시,PQ,2892000000,2883309575,99.69950121,삼안+한맥,97.5,2267353000,98.4997,N
20200309233 - 00,20200305,공주시 하수도정비 기본계획(변경) 및 물재이용 관리계획변경 용역,충청남도 공주시,PQ,2892000000,2883309575,99.69950121,경호+계림,97.46,2269460000,98.5541,N
20200309233 - 00,20200305,공주시 하수도정비 기본계획(변경) 및 물재이용 관리계획변경 용역,충청남도 공주시,PQ,2892000000,2883309575,99.69950121,건양+동양+화신,96.9,2370995400,102.5,N
20200309163 - 00,20200305,김해시 수도정비 기본계획수립용역,경상남도 김해시,PQ,1198000000,1196763100,99.89675292,도화+범한+한성,99.74,944490000,100.8621,Y
20200309163 - 00,20200305,김해시 수도정비 기본계획수립용역,경상남도 김해시,PQ,1198000000,1196763100,99.89675292,동명+한올,97.77,942567000,99.06,N
20200309163 - 00,20200305,김해시 수도정비 기본계획수립용역,경상남도 김해시,PQ,1198000000,1196763100,99.89675292,한종+수성,97.7,942900000,99.0326,N
20200309163 - 00,20200305,김해시 수도정비 기본계획수립용역,경상남도 김해시,PQ,1198000000,1196763100,99.89675292,HEC+제일+선진,97.7,943130000,99.0568,N
20200309163 - 00,20200305,김해시 수도정비 기본계획수립용역,경상남도 김해시,PQ,1198000000,1196763100,99.89675292,삼안+우진+KG,97.6,941050000,98.7638,N
20200309163 - 00,20200305,김해시 수도정비 기본계획수립용역,경상남도 김해시,PQ,1198000000,1196763100,99.89675292,이산+로텍,97.59,940200000,98.6621,N
20200309163 - 00,20200305,김해시 수도정비 기본계획수립용역,경상남도 김해시,PQ,1198000000,1196763100,99.89675292,유신+천진+KSM,97.48,970098000,101.7101,N
20200309163 - 00,20200305,김해시 수도정비 기본계획수립용역,경상남도 김해시,PQ,1198000000,1196763100,99.89675292,화신+하우+혜인,97.29,941370000,98.5495,N
20200309163 - 00,20200305,김해시 수도정비 기본계획수립용역,경상남도 김해시,PQ,1198000000,1196763100,99.89675292,건화+경화,97.2,1150000000,120.2999,N
20200308609 - 00,20200305,소래 해오름공원-남동공단 해안 보행축 연결사업 기본 및 실시설계용역,인천광역시,PQ,290000000,287442925,99.11825,선진+고산+아라,95.54,252990000,100.1296,N
20200308609 - 00,20200305,소래 해오름공원-남동공단 해안 보행축 연결사업 기본 및 실시설계용역,인천광역시,PQ,290000000,287442925,99.11825,KG+도담,95.44,254662000,100.7798,N
20200308609 - 00,20200305,소래 해오름공원-남동공단 해안 보행축 연결사업 기본 및 실시설계용역,인천광역시,PQ,290000000,287442925,99.11825,유신+한서,94.94,254823000,100.7857,N
20200308609 - 00,20200305,소래 해오름공원-남동공단 해안 보행축 연결사업 기본 및 실시설계용역,인천광역시,PQ,290000000,287442925,99.11825,한종+극동,94.81,252200000,99.7368,Y
20200308609 - 00,20200305,소래 해오름공원-남동공단 해안 보행축 연결사업 기본 및 실시설계용역,인천광역시,PQ,290000000,287442925,99.11825,도화+장원,94.25,252980000,99.9994,N
20200308609 - 00,20200305,소래 해오름공원-남동공단 해안 보행축 연결사업 기본 및 실시설계용역,인천광역시,PQ,290000000,287442925,99.11825,건화+바우,90.82,251270000,98.9831,N
2000751 - 00,20200305,시흥은계 계수로 확장공사 시공단계 감독권한대행 등 건설사업관리용역,한국토지주택공사,PQ,1411017000,1412583000,100.1109838,선진+태조,99.63,1138220000,100.5129,Y
2000751 - 00,20200305,시흥은계 계수로 확장공사 시공단계 감독권한대행 등 건설사업관리용역,한국토지주택공사,PQ,1411017000,1412583000,100.1109838,도화,99.5,1133100000,99.9487,N
2000751 - 00,20200305,시흥은계 계수로 확장공사 시공단계 감독권한대행 등 건설사업관리용역,한국토지주택공사,PQ,1411017000,1412583000,100.1109838,유신,99.49,1141899000,100.7123,N
2000751 - 00,20200305,시흥은계 계수로 확장공사 시공단계 감독권한대행 등 건설사업관리용역,한국토지주택공사,PQ,1411017000,1412583000,100.1109838,동일,99.23,1130100000,99.4489,N
2000751 - 00,20200305,시흥은계 계수로 확장공사 시공단계 감독권한대행 등 건설사업관리용역,한국토지주택공사,PQ,1411017000,1412583000,100.1109838,건화+목양,99.2,1146200000,100.8407,N
2000751 - 00,20200305,시흥은계 계수로 확장공사 시공단계 감독권한대행 등 건설사업관리용역,한국토지주택공사,PQ,1411017000,1412583000,100.1109838,한종+동부,99.1,1129770000,99.3089,N
2000751 - 00,20200305,시흥은계 계수로 확장공사 시공단계 감독권한대행 등 건설사업관리용역,한국토지주택공사,PQ,1411017000,1412583000,100.1109838,용마+동성,99.03,1148510000,100.8936,N
2000751 - 00,20200305,시흥은계 계수로 확장공사 시공단계 감독권한대행 등 건설사업관리용역,한국토지주택공사,PQ,1411017000,1412583000,100.1109838,서영+동해+동서,98.93,1151860000,101.1002,N
2000751 - 00,20200305,시흥은계 계수로 확장공사 시공단계 감독권한대행 등 건설사업관리용역,한국토지주택공사,PQ,1411017000,1412583000,100.1109838,신성+우빈,98.7,1149580000,100.7005,N
2000751 - 00,20200305,시흥은계 계수로 확장공사 시공단계 감독권한대행 등 건설사업관리용역,한국토지주택공사,PQ,1411017000,1412583000,100.1109838,KCM+다음,98.65,1154000000,101.0377,N
2000751 - 00,20200305,시흥은계 계수로 확장공사 시공단계 감독권한대행 등 건설사업관리용역,한국토지주택공사,PQ,1411017000,1412583000,100.1109838,평화,98.61,1157300000,101.2891,N
2000751 - 00,20200305,시흥은계 계수로 확장공사 시공단계 감독권한대행 등 건설사업관리용역,한국토지주택공사,PQ,1411017000,1412583000,100.1109838,하이콘+진화,98.57,1154200000,100.9804,N
2000751 - 00,20200305,시흥은계 계수로 확장공사 시공단계 감독권한대행 등 건설사업관리용역,한국토지주택공사,PQ,1411017000,1412583000,100.1109838,수성+경동,98.37,1160995000,101.3996,N
2000751 - 00,20200305,시흥은계 계수로 확장공사 시공단계 감독권한대행 등 건설사업관리용역,한국토지주택공사,PQ,1411017000,1412583000,100.1109838,다산+대한건설,97.22,0,0,N
20200304281 - 00,20200305,증평군 도시 바람길숲 조성사업 기본 및 실시설계용역,조달청,PQ,945639000,942492425,99.6672541,KG+동림,98.45,814056000,100.2799,Y
20200304281 - 00,20200305,증평군 도시 바람길숲 조성사업 기본 및 실시설계용역,조달청,PQ,945639000,942492425,99.6672541,유신+선,98.41,816078000,100.529,N
20200304281 - 00,20200305,증평군 도시 바람길숲 조성사업 기본 및 실시설계용역,조달청,PQ,945639000,942492425,99.6672541,선진+영진,98.22,814230000,100.243,N
20200304281 - 00,20200305,증평군 도시 바람길숲 조성사업 기본 및 실시설계용역,조달청,PQ,945639000,942492425,99.6672541,경호+대원,98.14,806908000,99.3299,N
20200304281 - 00,20200305,증평군 도시 바람길숲 조성사업 기본 및 실시설계용역,조달청,PQ,945639000,942492425,99.6672541,건화+건양(세종),98.06,806400000,99.2443,N
20200304281 - 00,20200305,증평군 도시 바람길숲 조성사업 기본 및 실시설계용역,조달청,PQ,945639000,942492425,99.6672541,도화+청우,97.95,823400000,101.3011,N
20200304281 - 00,20200305,증평군 도시 바람길숲 조성사업 기본 및 실시설계용역,조달청,PQ,945639000,942492425,99.6672541,한종+홍익,96.76,807150000,99.0025,N
20200304281 - 00,20200305,증평군 도시 바람길숲 조성사업 기본 및 실시설계용역,조달청,PQ,945639000,942492425,99.6672541,삼안+도명,93.86,842985000,102.636,N
20200309202 - 00,20200305,명동정수장 증설사업 및 수도시설 확충 통합 건설사업관리(감독권한대행)용역,경상남도 김해시,PQ,2520000000,2515703400,99.8295,건화+한성,100,1978700000,100.6729,N
20200309202 - 00,20200305,명동정수장 증설사업 및 수도시설 확충 통합 건설사업관리(감독권한대행)용역,경상남도 김해시,PQ,2520000000,2515703400,99.8295,도화+경화+서화기술,99.93,1964138000,99.868,Y
20200309202 - 00,20200305,명동정수장 증설사업 및 수도시설 확충 통합 건설사업관리(감독권한대행)용역,경상남도 김해시,PQ,2520000000,2515703400,99.8295,이산+천진,99.83,1956780000,99.4175,N
20200309202 - 00,20200305,명동정수장 증설사업 및 수도시설 확충 통합 건설사업관리(감독권한대행)용역,경상남도 김해시,PQ,2520000000,2515703400,99.8295,다산+화성+벽산,99.69,1961200000,99.5273,N
20200309202 - 00,20200305,명동정수장 증설사업 및 수도시설 확충 통합 건설사업관리(감독권한대행)용역,경상남도 김해시,PQ,2520000000,2515703400,99.8295,동명+KSM,99.65,1977800000,100.3313,N
20200309202 - 00,20200305,명동정수장 증설사업 및 수도시설 확충 통합 건설사업관리(감독권한대행)용역,경상남도 김해시,PQ,2520000000,2515703400,99.8295,범한+삼안,99.53,1983000000,100.4923,N
20200309202 - 00,20200305,명동정수장 증설사업 및 수도시설 확충 통합 건설사업관리(감독권한대행)용역,경상남도 김해시,PQ,2520000000,2515703400,99.8295,한종+수성+한올,99.43,1971200000,99.8178,N
20200309202 - 00,20200305,명동정수장 증설사업 및 수도시설 확충 통합 건설사업관리(감독권한대행)용역,경상남도 김해시,PQ,2520000000,2515703400,99.8295,KG+하우,99.3,1963965000,99.35,N
20200309202 - 00,20200305,명동정수장 증설사업 및 수도시설 확충 통합 건설사업관리(감독권한대행)용역,경상남도 김해시,PQ,2520000000,2515703400,99.8295,동성+한가람,99.22,1950380000,98.6,N
20200309202 - 00,20200305,명동정수장 증설사업 및 수도시설 확충 통합 건설사업관리(감독권한대행)용역,경상남도 김해시,PQ,2520000000,2515703400,99.8295,홍익+태일,99.22,2003790000,101.3001,N
20200309202 - 00,20200305,명동정수장 증설사업 및 수도시설 확충 통합 건설사업관리(감독권한대행)용역,경상남도 김해시,PQ,2520000000,2515703400,99.8295,경동+혜인,99.17,2003680000,101.2429,N
20200309202 - 00,20200305,명동정수장 증설사업 및 수도시설 확충 통합 건설사업관리(감독권한대행)용역,경상남도 김해시,PQ,2520000000,2515703400,99.8295,천일+신화,99.17,2002700000,101.1934,N
20200309202 - 00,20200305,명동정수장 증설사업 및 수도시설 확충 통합 건설사업관리(감독권한대행)용역,경상남도 김해시,PQ,2520000000,2515703400,99.8295,선진+우진,99.11,2006160000,101.3295,N
20200309202 - 00,20200305,명동정수장 증설사업 및 수도시설 확충 통합 건설사업관리(감독권한대행)용역,경상남도 김해시,PQ,2520000000,2515703400,99.8295,대콘+HEC,99.1,1954000000,98.6824,N
20200309202 - 00,20200305,명동정수장 증설사업 및 수도시설 확충 통합 건설사업관리(감독권한대행)용역,경상남도 김해시,PQ,2520000000,2515703400,99.8295,유신+로텍,99.05,1999799000,100.9568,N
20200309202 - 00,20200305,명동정수장 증설사업 및 수도시설 확충 통합 건설사업관리(감독권한대행)용역,경상남도 김해시,PQ,2520000000,2515703400,99.8295,화신+주원+경호,98.94,2016160000,101.6922,N
20200309202 - 00,20200305,명동정수장 증설사업 및 수도시설 확충 통합 건설사업관리(감독권한대행)용역,경상남도 김해시,PQ,2520000000,2515703400,99.8295,서영+재화,98.93,2012610000,101.5003,N
20200309202 - 00,20200305,명동정수장 증설사업 및 수도시설 확충 통합 건설사업관리(감독권한대행)용역,경상남도 김해시,PQ,2520000000,2515703400,99.8295,경원+동영,98.82,2018800000,101.7219,N
20200309202 - 00,20200305,명동정수장 증설사업 및 수도시설 확충 통합 건설사업관리(감독권한대행)용역,경상남도 김해시,PQ,2520000000,2515703400,99.8295,신명+우정,98.82,2016016000,101.5817,N
20200309202 - 00,20200305,명동정수장 증설사업 및 수도시설 확충 통합 건설사업관리(감독권한대행)용역,경상남도 김해시,PQ,2520000000,2515703400,99.8295,KCM+현진,98.41,2030000000,101.9497,N
2000752 - 00,20200305,의왕고천지구 고속화도로 소음저감시설 설치공사 시공단계 감독권한대행 등 건설사업관리용역,한국토지주택공사,PQ,981952000,979082000,99.70772502,유신,99.9,842950000,100.3734,N
2000752 - 00,20200305,의왕고천지구 고속화도로 소음저감시설 설치공사 시공단계 감독권한대행 등 건설사업관리용역,한국토지주택공사,PQ,981952000,979082000,99.70772502,도화,99.9,840640000,100.0983,Y
2000752 - 00,20200305,의왕고천지구 고속화도로 소음저감시설 설치공사 시공단계 감독권한대행 등 건설사업관리용역,한국토지주택공사,PQ,981952000,979082000,99.70772502,신성,99.3,837980000,99.6069,N
2000752 - 00,20200305,의왕고천지구 고속화도로 소음저감시설 설치공사 시공단계 감독권한대행 등 건설사업관리용역,한국토지주택공사,PQ,981952000,979082000,99.70772502,동일,99.23,848000000,100.7744,N
2000752 - 00,20200305,의왕고천지구 고속화도로 소음저감시설 설치공사 시공단계 감독권한대행 등 건설사업관리용역,한국토지주택공사,PQ,981952000,979082000,99.70772502,용마+동성,98.9,849750000,100.8882,N
2000752 - 00,20200305,의왕고천지구 고속화도로 소음저감시설 설치공사 시공단계 감독권한대행 등 건설사업관리용역,한국토지주택공사,PQ,981952000,979082000,99.70772502,KCM+다음,98.79,836400000,99.2684,N
2000752 - 00,20200305,의왕고천지구 고속화도로 소음저감시설 설치공사 시공단계 감독권한대행 등 건설사업관리용역,한국토지주택공사,PQ,981952000,979082000,99.70772502,건화+목양,98.54,856000000,101.5237,N
2000752 - 00,20200305,의왕고천지구 고속화도로 소음저감시설 설치공사 시공단계 감독권한대행 등 건설사업관리용역,한국토지주택공사,PQ,981952000,979082000,99.70772502,서영+동해+동서,98.53,836900000,99.2584,N
20200310215 - 00,20200305,세풍산단 진입도로 개설공사 실시설계용역 ,전라남도 광양시,PQ,1681100000,1670731875,99.38325352,유신+동아,98.2,1336090000,100.407,N
20200310215 - 00,20200305,세풍산단 진입도로 개설공사 실시설계용역 ,전라남도 광양시,PQ,1681100000,1670731875,99.38325352,신명+도화+수성,98.13,1330345000,99.9247,N
20200310215 - 00,20200305,세풍산단 진입도로 개설공사 실시설계용역 ,전라남도 광양시,PQ,1681100000,1670731875,99.38325352,한기+신성,98.06,1334400000,100.1661,N
20200310215 - 00,20200305,세풍산단 진입도로 개설공사 실시설계용역 ,전라남도 광양시,PQ,1681100000,1670731875,99.38325352,천일+우빈,97.81,1328490000,99.5215,Y
20200310215 - 00,20200305,세풍산단 진입도로 개설공사 실시설계용역 ,전라남도 광양시,PQ,1681100000,1670731875,99.38325352,서영+하이콘,97.55,1350900000,100.9968,N
20200310215 - 00,20200305,세풍산단 진입도로 개설공사 실시설계용역 ,전라남도 광양시,PQ,1681100000,1670731875,99.38325352,동성+산이+동일,97.5,1325220000,99.0395,N
20200310215 - 00,20200305,세풍산단 진입도로 개설공사 실시설계용역 ,전라남도 광양시,PQ,1681100000,1670731875,99.38325352,건화+SE+KCI(건영),97.44,1353400000,101.0948,N
20200310215 - 00,20200305,세풍산단 진입도로 개설공사 실시설계용역 ,전라남도 광양시,PQ,1681100000,1670731875,99.38325352,평화+삼영,97.44,1325200000,98.9883,N
20200310215 - 00,20200305,세풍산단 진입도로 개설공사 실시설계용역 ,전라남도 광양시,PQ,1681100000,1670731875,99.38325352,홍익+우리,97.29,1364550000,101.7998,N
20200310215 - 00,20200305,세풍산단 진입도로 개설공사 실시설계용역 ,전라남도 광양시,PQ,1681100000,1670731875,99.38325352,한맥+신촌,97.29,1322992000,98.6994,N
20200310739 - 04,20200306,석현 공공하수도사업 외 2건 기본 및 실시설계용역,충청북도 진천군 상하수도사업소,PQ,926000000,919802775,99.33075324,홍익+삼안,99.32,793343000,100.0341,N
20200310739 - 04,20200306,석현 공공하수도사업 외 2건 기본 및 실시설계용역,충청북도 진천군 상하수도사업소,PQ,926000000,919802775,99.33075324,도화+영진,98.3,800770000,100.7001,N
20200310739 - 04,20200306,석현 공공하수도사업 외 2건 기본 및 실시설계용역,충청북도 진천군 상하수도사업소,PQ,926000000,919802775,99.33075324,제일+대원,97.7,792750000,99.5409,Y
20200310739 - 04,20200306,석현 공공하수도사업 외 2건 기본 및 실시설계용역,충청북도 진천군 상하수도사업소,PQ,926000000,919802775,99.33075324,KG+청우,97.7,801105000,100.59,N
20200310739 - 04,20200306,석현 공공하수도사업 외 2건 기본 및 실시설계용역,충청북도 진천군 상하수도사업소,PQ,926000000,919802775,99.33075324,건화+창민+한종,97.63,798780000,100.2747,N
20200310739 - 04,20200306,석현 공공하수도사업 외 2건 기본 및 실시설계용역,충청북도 진천군 상하수도사업소,PQ,926000000,919802775,99.33075324,동명+건양,97.4,796700000,99.9555,N
20200310739 - 04,20200306,석현 공공하수도사업 외 2건 기본 및 실시설계용역,충청북도 진천군 상하수도사업소,PQ,926000000,919802775,99.33075324,이산+동림,97.2,796980000,99.9442,N
20200310739 - 04,20200306,석현 공공하수도사업 외 2건 기본 및 실시설계용역,충청북도 진천군 상하수도사업소,PQ,926000000,919802775,99.33075324,선진+지명,97.1,808210000,101.329,N
20200310739 - 04,20200306,석현 공공하수도사업 외 2건 기본 및 실시설계용역,충청북도 진천군 상하수도사업소,PQ,926000000,919802775,99.33075324,화신+선,96.08,830000000,103.7837,N
20200310543 - 00,20200306,나노일반산업단지 사후환경영향조사(운영시)용역,전라남도 장성군,PQ,707173000,701047175,99.13375864,동아+천일+경호+소운,99.3,605910000,100.0299,N
20200310543 - 00,20200306,나노일반산업단지 사후환경영향조사(운영시)용역,전라남도 장성군,PQ,707173000,701047175,99.13375864,수성+신명+보드플랜,98.63,603270000,99.4199,Y
20200310543 - 00,20200306,나노일반산업단지 사후환경영향조사(운영시)용역,전라남도 장성군,PQ,707173000,701047175,99.13375864,평화+신성+CNS,98.59,605920000,99.845,N
20200310543 - 00,20200306,나노일반산업단지 사후환경영향조사(운영시)용역,전라남도 장성군,PQ,707173000,701047175,99.13375864,화신+한기+동일+마린,98.56,604498000,99.6107,N
20200310543 - 00,20200306,나노일반산업단지 사후환경영향조사(운영시)용역,전라남도 장성군,PQ,707173000,701047175,99.13375864,도화+대현+신일,98.39,611100000,100.6517,N
20200310543 - 00,20200306,나노일반산업단지 사후환경영향조사(운영시)용역,전라남도 장성군,PQ,707173000,701047175,99.13375864,서영+신오+퍼스트,98.37,611400000,100.7011,N
20200310543 - 00,20200306,나노일반산업단지 사후환경영향조사(운영시)용역,전라남도 장성군,PQ,707173000,701047175,99.13375864,홍익+하우원+디에스,98.32,612680000,100.9002,N
20200310543 - 00,20200306,나노일반산업단지 사후환경영향조사(운영시)용역,전라남도 장성군,PQ,707173000,701047175,99.13375864,동명+한솔,98.06,613700000,100.9976,N
20200310543 - 00,20200306,나노일반산업단지 사후환경영향조사(운영시)용역,전라남도 장성군,PQ,707173000,701047175,99.13375864,다산+이에스테크,97.9,601400000,98.9273,N
20200310543 - 00,20200306,나노일반산업단지 사후환경영향조사(운영시)용역,전라남도 장성군,PQ,707173000,701047175,99.13375864,동성+우리,97.74,615309000,101.1799,N
20200310543 - 00,20200306,나노일반산업단지 사후환경영향조사(운영시)용역,전라남도 장성군,PQ,707173000,701047175,99.13375864,한맥+일월+선진,97.68,616181500,101.2998,N
20200310543 - 00,20200306,나노일반산업단지 사후환경영향조사(운영시)용역,전라남도 장성군,PQ,707173000,701047175,99.13375864,건화+상원+정원,97.6,616400000,101.324,N
20200310543 - 00,20200306,나노일반산업단지 사후환경영향조사(운영시)용역,전라남도 장성군,PQ,707173000,701047175,99.13375864,이산+우영+서남,97.12,600590000,98.5991,N
20200310543 - 00,20200306,나노일반산업단지 사후환경영향조사(운영시)용역,전라남도 장성군,PQ,707173000,701047175,99.13375864,삼안+KG+누리+우신,96.05,633930000,103.7953,N
20200312234 - 00,20200306,산정천 재해위험지구 정비사업 실시설계용역,충청남도 청양군,PQ,1221794000,1210269475,99.05675384,다산+계림,99.4,958949000,100.1301,N
20200312234 - 00,20200306,산정천 재해위험지구 정비사업 실시설계용역,충청남도 청양군,PQ,1221794000,1210269475,99.05675384,서광,99.4,961055200,100.35,N
20200312234 - 00,20200306,산정천 재해위험지구 정비사업 실시설계용역,충청남도 청양군,PQ,1221794000,1210269475,99.05675384,이산+경동,99.35,956200000,99.8048,N
20200312234 - 00,20200306,산정천 재해위험지구 정비사업 실시설계용역,충청남도 청양군,PQ,1221794000,1210269475,99.05675384,동부+세일,99.32,956670000,99.8284,N
20200312234 - 00,20200306,산정천 재해위험지구 정비사업 실시설계용역,충청남도 청양군,PQ,1221794000,1210269475,99.05675384,극동+기산,99.3,965048000,100.6898,N
20200312234 - 00,20200306,산정천 재해위험지구 정비사업 실시설계용역,충청남도 청양군,PQ,1221794000,1210269475,99.05675384,도화,99.3,964800000,100.664,N
20200312234 - 00,20200306,산정천 재해위험지구 정비사업 실시설계용역,충청남도 청양군,PQ,1221794000,1210269475,99.05675384,삼안+한맥,99.27,953260000,99.4346,N
20200312234 - 00,20200306,산정천 재해위험지구 정비사업 실시설계용역,충청남도 청양군,PQ,1221794000,1210269475,99.05675384,한종+장맥,99.26,962700000,100.4065,N
20200312234 - 00,20200306,산정천 재해위험지구 정비사업 실시설계용역,충청남도 청양군,PQ,1221794000,1210269475,99.05675384,건화+KCI(제온기술),99.2,952000000,99.2399,Y
20200312234 - 00,20200306,산정천 재해위험지구 정비사업 실시설계용역,충청남도 청양군,PQ,1221794000,1210269475,99.05675384,KSM+한경,99.17,954670000,99.4929,N
20200312234 - 00,20200306,산정천 재해위험지구 정비사업 실시설계용역,충청남도 청양군,PQ,1221794000,1210269475,99.05675384,KG+삼육,99.17,968103000,100.8928,N
20200312234 - 00,20200306,산정천 재해위험지구 정비사업 실시설계용역,충청남도 청양군,PQ,1221794000,1210269475,99.05675384,건일+평화,99,974750000,101.4564,N
20200312234 - 00,20200306,산정천 재해위험지구 정비사업 실시설계용역,충청남도 청양군,PQ,1221794000,1210269475,99.05675384,유신+드림,98.81,967860000,100.573,N
20200312234 - 00,20200306,산정천 재해위험지구 정비사업 실시설계용역,충청남도 청양군,PQ,1221794000,1210269475,99.05675384,화신+천마+천진,98.7,952798000,98.9199,N
20200312234 - 00,20200306,산정천 재해위험지구 정비사업 실시설계용역,충청남도 청양군,PQ,1221794000,1210269475,99.05675384,동명+송현,98.07,1172900000,121.1563,N
20200312412 - 00,20200306,청량천 등 5개소 하천기본계획 수립 용역,울산광역시,PQ,770000000,771676675,100.21775,이산+성지,99.94,662990000,100.6871,Y
20200312412 - 00,20200306,청량천 등 5개소 하천기본계획 수립 용역,울산광역시,PQ,770000000,771676675,100.21775,도화+한신,99.64,666460000,101.1431,N
20200312412 - 00,20200306,청량천 등 5개소 하천기본계획 수립 용역,울산광역시,PQ,770000000,771676675,100.21775,한종+부광,99.38,658730000,99.9,N
20200312412 - 00,20200306,청량천 등 5개소 하천기본계획 수립 용역,울산광역시,PQ,770000000,771676675,100.21775,동부+CM,99.19,665500000,100.8796,N
20200312412 - 00,20200306,청량천 등 5개소 하천기본계획 수립 용역,울산광역시,PQ,770000000,771676675,100.21775,건화+대흥(동인),98.63,670600000,101.4986,N
20200312412 - 00,20200306,청량천 등 5개소 하천기본계획 수립 용역,울산광역시,PQ,770000000,771676675,100.21775,삼안+삼두,98.63,655270000,99.1784,N
20200312412 - 00,20200306,청량천 등 5개소 하천기본계획 수립 용역,울산광역시,PQ,770000000,771676675,100.21775,화신+동남종합,96.59,689890000,103.8735,N
20200312412 - 00,20200306,청량천 등 5개소 하천기본계획 수립 용역,울산광역시,PQ,770000000,771676675,100.21775,평화+신흥,96.22,656000000,98.6793,N
20200311823 - 00,20200306,남촌농산물도매시장 사후환경영향조사(운영부분)용역,인천광역시,PQ,567413000,557334375,98.22375853,선진+중천,98.64,487200000,100.0797,N
20200311823 - 00,20200306,남촌농산물도매시장 사후환경영향조사(운영부분)용역,인천광역시,PQ,567413000,557334375,98.22375853,도화+신일,98.55,487100000,100.0358,N
20200311823 - 00,20200306,남촌농산물도매시장 사후환경영향조사(운영부분)용역,인천광역시,PQ,567413000,557334375,98.22375853,평화+한종+라임,98.41,489170000,100.4259,N
20200311823 - 00,20200306,남촌농산물도매시장 사후환경영향조사(운영부분)용역,인천광역시,PQ,567413000,557334375,98.22375853,동일+휴먼,98.34,485700000,99.6902,N
20200311823 - 00,20200306,남촌농산물도매시장 사후환경영향조사(운영부분)용역,인천광역시,PQ,567413000,557334375,98.22375853,동부+혜인+CNS,98.24,489830000,100.5145,N
20200311823 - 00,20200306,남촌농산물도매시장 사후환경영향조사(운영부분)용역,인천광역시,PQ,567413000,557334375,98.22375853,건화+우신,98.12,491880000,100.8999,N
20200311823 - 00,20200306,남촌농산물도매시장 사후환경영향조사(운영부분)용역,인천광역시,PQ,567413000,557334375,98.22375853,서영+엔탑,97.99,485220000,99.499,N
20200311823 - 00,20200306,남촌농산물도매시장 사후환경영향조사(운영부분)용역,인천광역시,PQ,567413000,557334375,98.22375853,동성+퍼스트,97.91,484891000,99.42,N
20200311823 - 00,20200306,남촌농산물도매시장 사후환경영향조사(운영부분)용역,인천광역시,PQ,567413000,557334375,98.22375853,동아+경호+IK,97.77,490870000,100.5991,N
20200311823 - 00,20200306,남촌농산물도매시장 사후환경영향조사(운영부분)용역,인천광역시,PQ,567413000,557334375,98.22375853,화신+세광+마린,97.68,484797000,99.3314,N
20200311823 - 00,20200306,남촌농산물도매시장 사후환경영향조사(운영부분)용역,인천광역시,PQ,567413000,557334375,98.22375853,동명+자연과사람,97.67,483668000,99.1001,N
20200311823 - 00,20200306,남촌농산물도매시장 사후환경영향조사(운영부분)용역,인천광역시,PQ,567413000,557334375,98.22375853,한맥+레오+선진환경,97.61,492210000,100.8385,N
20200311823 - 00,20200306,남촌농산물도매시장 사후환경영향조사(운영부분)용역,인천광역시,PQ,567413000,557334375,98.22375853,이산+한국환경,97.45,482400000,98.7828,Y
20200311823 - 00,20200306,남촌농산물도매시장 사후환경영향조사(운영부분)용역,인천광역시,PQ,567413000,557334375,98.22375853,삼안+디에스,97.14,494230000,101.1348,N
20200311823 - 00,20200306,남촌농산물도매시장 사후환경영향조사(운영부분)용역,인천광역시,PQ,567413000,557334375,98.22375853,수성+장원+다원,97.05,483373000,98.8901,N
20200311823 - 00,20200306,남촌농산물도매시장 사후환경영향조사(운영부분)용역,인천광역시,PQ,567413000,557334375,98.22375853,홍익+신성+연,96.95,497530000,101.751,N
20200311823 - 00,20200306,남촌농산물도매시장 사후환경영향조사(운영부분)용역,인천광역시,PQ,567413000,557334375,98.22375853,유신+KCI+동해,95.58,510670000,104.4383,N
20200311614 - 00,20200306,신평천(신평지구) 하천재해예방사업 사후환경영향조사용역,경상북도,PQ,1401200000,1392586200,99.3852555,동성+퍼스트,98.47,1107483000,100.08,N
20200311614 - 00,20200306,신평천(신평지구) 하천재해예방사업 사후환경영향조사용역,경상북도,PQ,1401200000,1392586200,99.3852555,다산+보드+휴먼,98.21,1116300000,100.6601,N
20200311614 - 00,20200306,신평천(신평지구) 하천재해예방사업 사후환경영향조사용역,경상북도,PQ,1401200000,1392586200,99.3852555,건화+한도+우신,98.12,1110600000,100.0702,N
20200311614 - 00,20200306,신평천(신평지구) 하천재해예방사업 사후환경영향조사용역,경상북도,PQ,1401200000,1392586200,99.3852555,동명+건일+이에프,98.07,1100600000,99.1316,N
20200311614 - 00,20200306,신평천(신평지구) 하천재해예방사업 사후환경영향조사용역,경상북도,PQ,1401200000,1392586200,99.3852555,이산+해동+태영,98.03,1103999000,99.4002,Y
20200311614 - 00,20200306,신평천(신평지구) 하천재해예방사업 사후환경영향조사용역,경상북도,PQ,1401200000,1392586200,99.3852555,도화+청명+세진,98.01,1105000000,99.4777,N
20200311614 - 00,20200306,신평천(신평지구) 하천재해예방사업 사후환경영향조사용역,경상북도,PQ,1401200000,1392586200,99.3852555,삼안+보람+양지,98.01,1102420000,99.2455,N
20200311614 - 00,20200306,신평천(신평지구) 하천재해예방사업 사후환경영향조사용역,경상북도,PQ,1401200000,1392586200,99.3852555,수성+DS+선진,98.01,1109460000,99.8792,N
20200311614 - 00,20200306,신평천(신평지구) 하천재해예방사업 사후환경영향조사용역,경상북도,PQ,1401200000,1392586200,99.3852555,신성+동진+엔탑,97.98,1120950000,100.8882,N
20200311614 - 00,20200306,신평천(신평지구) 하천재해예방사업 사후환경영향조사용역,경상북도,PQ,1401200000,1392586200,99.3852555,동아+경호+현대,97.89,1099500000,98.8828,N
20200311614 - 00,20200306,신평천(신평지구) 하천재해예방사업 사후환경영향조사용역,경상북도,PQ,1401200000,1392586200,99.3852555,동부+새길+중천,97.86,1123188000,101.0004,N
20200311614 - 00,20200306,신평천(신평지구) 하천재해예방사업 사후환경영향조사용역,경상북도,PQ,1401200000,1392586200,99.3852555,홍익+KCI+연,97.8,1129300000,101.4989,N
20200311614 - 00,20200306,신평천(신평지구) 하천재해예방사업 사후환경영향조사용역,경상북도,PQ,1401200000,1392586200,99.3852555,한종+다올,97.74,1098800000,98.7079,N
20200311614 - 00,20200306,신평천(신평지구) 하천재해예방사업 사후환경영향조사용역,경상북도,PQ,1401200000,1392586200,99.3852555,한맥+태성+장원,97.52,1131550000,101.4711,N
20200311614 - 00,20200306,신평천(신평지구) 하천재해예방사업 사후환경영향조사용역,경상북도,PQ,1401200000,1392586200,99.3852555,서영+세원+라임,97.31,1134980000,101.6,N
20200311614 - 00,20200306,신평천(신평지구) 하천재해예방사업 사후환경영향조사용역,경상북도,PQ,1401200000,1392586200,99.3852555,평화+정솔+한백,96.84,1144550000,102.0725,N
20200311614 - 00,20200306,신평천(신평지구) 하천재해예방사업 사후환경영향조사용역,경상북도,PQ,1401200000,1392586200,99.3852555,KG+세신,96.37,1147800000,101.9801,N
20200311614 - 00,20200306,신평천(신평지구) 하천재해예방사업 사후환경영향조사용역,경상북도,PQ,1401200000,1392586200,99.3852555,화신+현대E+씨엔에스,95.88,1282880000,113.5435,N
20200311000 - 00,20200306,삼영1지구 우수저류시설 설치사업 기본 및 실시설계용역,전라남도 나주시,PQ,828960000,816042800,98.44175835,평화+우리+경동,99.7,710710000,100.1988,N
20200311000 - 00,20200306,삼영1지구 우수저류시설 설치사업 기본 및 실시설계용역,전라남도 나주시,PQ,828960000,816042800,98.44175835,유신+원우,98.41,710767000,99.88,N
20200311000 - 00,20200306,삼영1지구 우수저류시설 설치사업 기본 및 실시설계용역,전라남도 나주시,PQ,828960000,816042800,98.44175835,동부+한기,98.4,708070000,99.4894,N
20200311000 - 00,20200306,삼영1지구 우수저류시설 설치사업 기본 및 실시설계용역,전라남도 나주시,PQ,828960000,816042800,98.44175835,한종+신명,98.4,709300000,99.6623,N
20200311000 - 00,20200306,삼영1지구 우수저류시설 설치사업 기본 및 실시설계용역,전라남도 나주시,PQ,828960000,816042800,98.44175835,도화+신오+주하,98.37,716920000,100.7329,N
20200311000 - 00,20200306,삼영1지구 우수저류시설 설치사업 기본 및 실시설계용역,전라남도 나주시,PQ,828960000,816042800,98.44175835,삼안+동아+KSM,98.37,707740000,99.4431,N
20200311000 - 00,20200306,삼영1지구 우수저류시설 설치사업 기본 및 실시설계용역,전라남도 나주시,PQ,828960000,816042800,98.44175835,KG+대현+우영,98.37,713696000,100.2799,N
20200311000 - 00,20200306,삼영1지구 우수저류시설 설치사업 기본 및 실시설계용역,전라남도 나주시,PQ,828960000,816042800,98.44175835,건화+하이콘+KCI(서영정보),98.35,711760000,99.9963,N
20200311000 - 00,20200306,삼영1지구 우수저류시설 설치사업 기본 및 실시설계용역,전라남도 나주시,PQ,828960000,816042800,98.44175835,동명+기림,98.26,704200000,98.9111,Y
20200311000 - 00,20200306,삼영1지구 우수저류시설 설치사업 기본 및 실시설계용역,전라남도 나주시,PQ,828960000,816042800,98.44175835,경호+우빈+수성,97.5,750000000,105.1483,N
20200310977 - 00,20200306,평산·풍림 재해위험개선지구 정비사업 기본 및 실시설계용역,전라남도 나주시,PQ,2279981000,2262282700,99.2237523,삼안+동아+유현+수성,99.24,1789704000,100.0146,N
20200310977 - 00,20200306,평산·풍림 재해위험개선지구 정비사업 기본 및 실시설계용역,전라남도 나주시,PQ,2279981000,2262282700,99.2237523,평화+KCI+보원,98.96,1805200000,100.6497,N
20200310977 - 00,20200306,평산·풍림 재해위험개선지구 정비사업 기본 및 실시설계용역,전라남도 나주시,PQ,2279981000,2262282700,99.2237523,유신+원우+신명,98.39,1788518000,99.2528,Y
20200310977 - 00,20200306,평산·풍림 재해위험개선지구 정비사업 기본 및 실시설계용역,전라남도 나주시,PQ,2279981000,2262282700,99.2237523,도화+한종+신오+경호,98.28,1823660000,101.1134,N
20200310977 - 00,20200306,평산·풍림 재해위험개선지구 정비사업 기본 및 실시설계용역,전라남도 나주시,PQ,2279981000,2262282700,99.2237523,KG+대현+우영,98.28,1808629000,100.28,N
20200310977 - 00,20200306,평산·풍림 재해위험개선지구 정비사업 기본 및 실시설계용역,전라남도 나주시,PQ,2279981000,2262282700,99.2237523,건화+우리+강산+주하(하이콘),98.13,1837400000,101.7594,N
20200310977 - 00,20200306,평산·풍림 재해위험개선지구 정비사업 기본 및 실시설계용역,전라남도 나주시,PQ,2279981000,2262282700,99.2237523,동명+기림,97.9,1783700000,98.5987,N
20200310977 - 00,20200306,평산·풍림 재해위험개선지구 정비사업 기본 및 실시설계용역,전라남도 나주시,PQ,2279981000,2262282700,99.2237523,동부+우빈+동진,97.45,1848880000,101.8295,N
20200310977 - 00,20200306,평산·풍림 재해위험개선지구 정비사업 기본 및 실시설계용역,전라남도 나주시,PQ,2279981000,2262282700,99.2237523,이산+한기+삼경,97.02,2000000000,109.7804,N
영주국토관리사무소 공고 제2020-95호,20200306,국도35호선 안동 와룡 태리1-1지구 위험도로 개량공사 실시설계용역,부산지방국토관리청 영주국토관리사무소,PQ,310000000,308046225,99.36975,건화,98.3,260000000,100.3301,N
영주국토관리사무소 공고 제2020-95호,20200306,국도35호선 안동 와룡 태리1-1지구 위험도로 개량공사 실시설계용역,부산지방국토관리청 영주국토관리사무소,PQ,310000000,308046225,99.36975,도화,98.3,259720000,100.2221,N
영주국토관리사무소 공고 제2020-95호,20200306,국도35호선 안동 와룡 태리1-1지구 위험도로 개량공사 실시설계용역,부산지방국토관리청 영주국토관리사무소,PQ,310000000,308046225,99.36975,삼안,98.3,258390000,99.7088,N
영주국토관리사무소 공고 제2020-95호,20200306,국도35호선 안동 와룡 태리1-1지구 위험도로 개량공사 실시설계용역,부산지방국토관리청 영주국토관리사무소,PQ,310000000,308046225,99.36975,천일,98.3,257940000,99.5352,Y
영주국토관리사무소 공고 제2020-95호,20200306,국도35호선 안동 와룡 태리1-1지구 위험도로 개량공사 실시설계용역,부산지방국토관리청 영주국토관리사무소,PQ,310000000,308046225,99.36975,홍익,98.3,259350000,100.0793,N
영주국토관리사무소 공고 제2020-95호,20200306,국도35호선 안동 와룡 태리1-1지구 위험도로 개량공사 실시설계용역,부산지방국토관리청 영주국토관리사무소,PQ,310000000,308046225,99.36975,극동,98.3,258677000,99.8196,N
영주국토관리사무소 공고 제2020-95호,20200306,국도35호선 안동 와룡 태리1-1지구 위험도로 개량공사 실시설계용역,부산지방국토관리청 영주국토관리사무소,PQ,310000000,308046225,99.36975,수성,98.3,259743000,100.231,N
영주국토관리사무소 공고 제2020-95호,20200306,국도35호선 안동 와룡 태리1-1지구 위험도로 개량공사 실시설계용역,부산지방국토관리청 영주국토관리사무소,PQ,310000000,308046225,99.36975,서영,98.3,260190000,100.4034,N
영주국토관리사무소 공고 제2020-95호,20200306,국도35호선 안동 와룡 태리1-1지구 위험도로 개량공사 실시설계용역,부산지방국토관리청 영주국토관리사무소,PQ,310000000,308046225,99.36975,동성,98.3,261088000,100.75,N
영주국토관리사무소 공고 제2020-95호,20200306,국도35호선 안동 와룡 태리1-1지구 위험도로 개량공사 실시설계용역,부산지방국토관리청 영주국토관리사무소,PQ,310000000,308046225,99.36975,제일,98.3,259870000,100.28,N
영주국토관리사무소 공고 제2020-95호,20200306,국도35호선 안동 와룡 태리1-1지구 위험도로 개량공사 실시설계용역,부산지방국토관리청 영주국토관리사무소,PQ,310000000,308046225,99.36975,태조,98.3,258852000,99.8871,N
영주국토관리사무소 공고 제2020-95호,20200306,국도35호선 안동 와룡 태리1-1지구 위험도로 개량공사 실시설계용역,부산지방국토관리청 영주국토관리사무소,PQ,310000000,308046225,99.36975,대콘,98.3,259949400,100.3106,N
영주국토관리사무소 공고 제2020-95호,20200306,국도35호선 안동 와룡 태리1-1지구 위험도로 개량공사 실시설계용역,부산지방국토관리청 영주국토관리사무소,PQ,310000000,308046225,99.36975,한맥,98.3,260988000,100.7114,N
영주국토관리사무소 공고 제2020-95호,20200306,국도35호선 안동 와룡 태리1-1지구 위험도로 개량공사 실시설계용역,부산지방국토관리청 영주국토관리사무소,PQ,310000000,308046225,99.36975,일신,98.3,259442000,100.1148,N
영주국토관리사무소 공고 제2020-95호,20200306,국도35호선 안동 와룡 태리1-1지구 위험도로 개량공사 실시설계용역,부산지방국토관리청 영주국토관리사무소,PQ,310000000,308046225,99.36975,동부,98.3,258962000,99.9296,N
영주국토관리사무소 공고 제2020-95호,20200306,국도35호선 안동 와룡 태리1-1지구 위험도로 개량공사 실시설계용역,부산지방국토관리청 영주국토관리사무소,PQ,310000000,308046225,99.36975,동일,98.3,260800000,100.6388,N
영주국토관리사무소 공고 제2020-95호,20200306,국도35호선 안동 와룡 태리1-1지구 위험도로 개량공사 실시설계용역,부산지방국토관리청 영주국토관리사무소,PQ,310000000,308046225,99.36975,내경,98.3,259432000,100.1109,N
영주국토관리사무소 공고 제2020-95호,20200306,국도35호선 안동 와룡 태리1-1지구 위험도로 개량공사 실시설계용역,부산지방국토관리청 영주국토관리사무소,PQ,310000000,308046225,99.36975,경원,98.3,259432000,100.1109,N
영주국토관리사무소 공고 제2020-95호,20200306,국도35호선 안동 와룡 태리1-1지구 위험도로 개량공사 실시설계용역,부산지방국토관리청 영주국토관리사무소,PQ,310000000,308046225,99.36975,평화,98.2,259960000,100.2787,N
영주국토관리사무소 공고 제2020-95호,20200306,국도35호선 안동 와룡 태리1-1지구 위험도로 개량공사 실시설계용역,부산지방국토관리청 영주국토관리사무소,PQ,310000000,308046225,99.36975,동명,97.9,262700000,101.2025,N
영주국토관리사무소 공고 제2020-95호,20200306,국도35호선 안동 와룡 태리1-1지구 위험도로 개량공사 실시설계용역,부산지방국토관리청 영주국토관리사무소,PQ,310000000,308046225,99.36975,신성,97.9,261058000,100.57,N
영주국토관리사무소 공고 제2020-95호,20200306,국도35호선 안동 와룡 태리1-1지구 위험도로 개량공사 실시설계용역,부산지방국토관리청 영주국토관리사무소,PQ,310000000,308046225,99.36975,동아,96.9,263260000,100.9961,N
영주국토관리사무소 공고 제2020-95호,20200306,국도35호선 안동 와룡 태리1-1지구 위험도로 개량공사 실시설계용역,부산지방국토관리청 영주국토관리사무소,PQ,310000000,308046225,99.36975,바우,96.9,264365000,101.42,N
영주국토관리사무소 공고 제2020-95호,20200306,국도35호선 안동 와룡 태리1-1지구 위험도로 개량공사 실시설계용역,부산지방국토관리청 영주국토관리사무소,PQ,310000000,308046225,99.36975,이산,93.6,270000000,102.1843,N
2020-02-000084-01,20200306,경부선 의왕역구내 외 10개소 재해예방 기타공사 감독 권한대행 등 건설사업관리용역,한국철도시설공단,PQ,757416000,746884982,98.60961242,도화+대콘,100,627360000,99.8,Y
2020-02-000084-01,20200306,경부선 의왕역구내 외 10개소 재해예방 기타공사 감독 권한대행 등 건설사업관리용역,한국철도시설공단,PQ,757416000,746884982,98.60961242,유신,100,633854000,100.833,N
2020-02-000084-01,20200306,경부선 의왕역구내 외 10개소 재해예방 기타공사 감독 권한대행 등 건설사업관리용역,한국철도시설공단,PQ,757416000,746884982,98.60961242,KRTC+삼안,100,629246000,100.1,N
2020-02-000084-01,20200306,경부선 의왕역구내 외 10개소 재해예방 기타공사 감독 권한대행 등 건설사업관리용역,한국철도시설공단,PQ,757416000,746884982,98.60961242,건화+경동+서영,99.52,627600000,99.694,N
20200314905 - 00,20200309,나주 남평 지방도 확포장공사 실시설계 용역,전라남도,PQ,1335554000,1315427275,98.49300552,천일+산하,97.96,1060400000,100.117,Y
20200314905 - 00,20200309,나주 남평 지방도 확포장공사 실시설계 용역,전라남도,PQ,1335554000,1315427275,98.49300552,건화+기찬토건+화신(상원+영진),97.05,1064740000,99.7969,N
20200314905 - 00,20200309,나주 남평 지방도 확포장공사 실시설계 용역,전라남도,PQ,1335554000,1315427275,98.49300552,도화+신오,97.01,1268300000,118.8317,N
20200314126 - 00,20200309,초전동 외 8개지구 하수관로 정비사업 기본 및 실시설계 용역,경상남도 진주시,PQ,1321933000,1319976600,99.8520046,한종+범한+삼안+우진,100,1040000000,100.8689,Y
20200314126 - 00,20200309,초전동 외 8개지구 하수관로 정비사업 기본 및 실시설계 용역,경상남도 진주시,PQ,1321933000,1319976600,99.8520046,건양+금성,97.74,1030675700,98.14,N
20200314126 - 00,20200309,초전동 외 8개지구 하수관로 정비사업 기본 및 실시설계 용역,경상남도 진주시,PQ,1321933000,1319976600,99.8520046,동명+수성,97.7,1039400000,98.9334,N
20200314126 - 00,20200309,초전동 외 8개지구 하수관로 정비사업 기본 및 실시설계 용역,경상남도 진주시,PQ,1321933000,1319976600,99.8520046,선진+제일+HEC,97.7,1064130000,101.2872,N
20200314126 - 00,20200309,초전동 외 8개지구 하수관로 정비사업 기본 및 실시설계 용역,경상남도 진주시,PQ,1321933000,1319976600,99.8520046,이산+신화,97.44,1037700000,98.5731,N
20200314126 - 00,20200309,초전동 외 8개지구 하수관로 정비사업 기본 및 실시설계 용역,경상남도 진주시,PQ,1321933000,1319976600,99.8520046,도화+한성,97.4,1077500000,102.3152,N
20200314126 - 00,20200309,초전동 외 8개지구 하수관로 정비사업 기본 및 실시설계 용역,경상남도 진주시,PQ,1321933000,1319976600,99.8520046,KG+KSM,97.38,1039347000,98.68,N
20200314126 - 00,20200309,초전동 외 8개지구 하수관로 정비사업 기본 및 실시설계 용역,경상남도 진주시,PQ,1321933000,1319976600,99.8520046,화신+혜인+로텍,97.32,1072220222,101.75,N
20200314126 - 00,20200309,초전동 외 8개지구 하수관로 정비사업 기본 및 실시설계 용역,경상남도 진주시,PQ,1321933000,1319976600,99.8520046,유신+천진+한올,97.32,1075908000,102.1,N
20200314126 - 00,20200309,초전동 외 8개지구 하수관로 정비사업 기본 및 실시설계 용역,경상남도 진주시,PQ,1321933000,1319976600,99.8520046,건화+경화,97.1,1076700000,101.996,N
20200314126 - 00,20200309,초전동 외 8개지구 하수관로 정비사업 기본 및 실시설계 용역,경상남도 진주시,PQ,1321933000,1319976600,99.8520046,정+경동+하우,97.01,935994000,88.6003,N
20200314096 - 00,20200309,진주시 노후하수관로 정비사업(2단계) 기본 및 실시설계 용역,경상남도 진주시,PQ,1333000000,1327241475,99.56800263,동명+수성+한올,99.05,1046890000,99.9127,Y
20200314096 - 00,20200309,진주시 노후하수관로 정비사업(2단계) 기본 및 실시설계 용역,경상남도 진주시,PQ,1333000000,1327241475,99.56800263,도화+한성+유신,99.02,1058450000,100.9903,N
20200314096 - 00,20200309,진주시 노후하수관로 정비사업(2단계) 기본 및 실시설계 용역,경상남도 진주시,PQ,1333000000,1327241475,99.56800263,삼안+신화+한백,97.79,1046650000,98.871,N
20200314096 - 00,20200309,진주시 노후하수관로 정비사업(2단계) 기본 및 실시설계 용역,경상남도 진주시,PQ,1333000000,1327241475,99.56800263,선진+HEC+제일,97.78,1046340000,98.8292,N
20200314096 - 00,20200309,진주시 노후하수관로 정비사업(2단계) 기본 및 실시설계 용역,경상남도 진주시,PQ,1333000000,1327241475,99.56800263,한종+범한+우진,97.78,1071500000,101.2057,N
20200314096 - 00,20200309,진주시 노후하수관로 정비사업(2단계) 기본 및 실시설계 용역,경상남도 진주시,PQ,1333000000,1327241475,99.56800263,KG+KSM,97.5,1043813000,98.38,N
20200314096 - 00,20200309,진주시 노후하수관로 정비사업(2단계) 기본 및 실시설계 용역,경상남도 진주시,PQ,1333000000,1327241475,99.56800263,건화+경화,97.4,1080000000,101.7012,N
20200314096 - 00,20200309,진주시 노후하수관로 정비사업(2단계) 기본 및 실시설계 용역,경상남도 진주시,PQ,1333000000,1327241475,99.56800263,건양+금성,97.34,1076918000,101.3601,N
20200314096 - 00,20200309,진주시 노후하수관로 정비사업(2단계) 기본 및 실시설계 용역,경상남도 진주시,PQ,1333000000,1327241475,99.56800263,이산+한주,97.31,1043500000,98.1901,N
20200314096 - 00,20200309,진주시 노후하수관로 정비사업(2단계) 기본 및 실시설계 용역,경상남도 진주시,PQ,1333000000,1327241475,99.56800263,화신+천진,97.1,1082349000,101.6799,N
20200314096 - 00,20200309,진주시 노후하수관로 정비사업(2단계) 기본 및 실시설계 용역,경상남도 진주시,PQ,1333000000,1327241475,99.56800263,정+경동+하우,96.81,1077440000,100.9785,N
20200315943 - 00,20200309,강우시 효율적인 하수도시설 정비계획 수립용역,경상북도 김천시,PQ,1247000000,1235287600,99.06075381,건화+동성,99.99,982300000,100.9846,N
20200315943 - 00,20200309,강우시 효율적인 하수도시설 정비계획 수립용역,경상북도 김천시,PQ,1247000000,1235287600,99.06075381,이산+세연,98.08,979299000,99.1258,Y
20200315943 - 00,20200309,강우시 효율적인 하수도시설 정비계획 수립용역,경상북도 김천시,PQ,1247000000,1235287600,99.06075381,동명+청우,97.84,1002900000,101.3101,N
20200315943 - 00,20200309,강우시 효율적인 하수도시설 정비계획 수립용역,경상북도 김천시,PQ,1247000000,1235287600,99.06075381,한종+동진,97.7,984200000,99.3085,N
20200315943 - 00,20200309,강우시 효율적인 하수도시설 정비계획 수립용역,경상북도 김천시,PQ,1247000000,1235287600,99.06075381,제일+한도,97.7,1005800000,101.488,N
20200315943 - 00,20200309,강우시 효율적인 하수도시설 정비계획 수립용역,경상북도 김천시,PQ,1247000000,1235287600,99.06075381,선진+세원+동해종합,97.7,979450000,98.8292,N
20200315943 - 00,20200309,강우시 효율적인 하수도시설 정비계획 수립용역,경상북도 김천시,PQ,1247000000,1235287600,99.06075381,삼안+보람,97.7,976910000,98.5729,N
20200315943 - 00,20200309,강우시 효율적인 하수도시설 정비계획 수립용역,경상북도 김천시,PQ,1247000000,1235287600,99.06075381,범한+KCI+하이콘,97.47,1010200000,101.7527,N
20200315943 - 00,20200309,강우시 효율적인 하수도시설 정비계획 수립용역,경상북도 김천시,PQ,1247000000,1235287600,99.06075381,도화+삼보,97.4,1016300000,102.3029,N
20200315943 - 00,20200309,강우시 효율적인 하수도시설 정비계획 수립용역,경상북도 김천시,PQ,1247000000,1235287600,99.06075381,KG+한백,97.38,998714000,100.52,N
20200315943 - 00,20200309,강우시 효율적인 하수도시설 정비계획 수립용역,경상북도 김천시,PQ,1247000000,1235287600,99.06075381,화신+주하,95.98,1147280000,114.1833,N
20200315691 - 00,20200309,경기북부 지방도 유지관리사업 건설사업관리용역 ,경기도 경기도건설본부,PQ,1580001500,1569415525,99.33000222,용마+신성,100,1228634000,99.7007,N
20200315691 - 00,20200309,경기북부 지방도 유지관리사업 건설사업관리용역 ,경기도 경기도건설본부,PQ,1580001500,1569415525,99.33000222,동부+천일,100,1236620000,100.3488,N
20200315691 - 00,20200309,경기북부 지방도 유지관리사업 건설사업관리용역 ,경기도 경기도건설본부,PQ,1580001500,1569415525,99.33000222,KG+도화,100,1225175000,99.42,Y
20200315691 - 00,20200309,경기북부 지방도 유지관리사업 건설사업관리용역 ,경기도 경기도건설본부,PQ,1580001500,1569415525,99.33000222,수성+토아,100,1237280000,100.4023,N
20200315691 - 00,20200309,경기북부 지방도 유지관리사업 건설사업관리용역 ,경기도 경기도건설본부,PQ,1580001500,1569415525,99.33000222,유신+동명,100,1228625000,99.7,N
20200315691 - 00,20200309,경기북부 지방도 유지관리사업 건설사업관리용역 ,경기도 경기도건설본부,PQ,1580001500,1569415525,99.33000222,이산+동일,99.88,1227600000,99.5147,N
20200315691 - 00,20200309,경기북부 지방도 유지관리사업 건설사업관리용역 ,경기도 경기도건설본부,PQ,1580001500,1569415525,99.33000222,극동+선진,99.79,1244779000,100.8299,N
20200315691 - 00,20200309,경기북부 지방도 유지관리사업 건설사업관리용역 ,경기도 경기도건설본부,PQ,1580001500,1569415525,99.33000222,삼안+천마,99.73,1222540000,98.9778,N
20200315691 - 00,20200309,경기북부 지방도 유지관리사업 건설사업관리용역 ,경기도 경기도건설본부,PQ,1580001500,1569415525,99.33000222,서영+범한,99.73,1227200000,99.3551,N
20200315691 - 00,20200309,경기북부 지방도 유지관리사업 건설사업관리용역 ,경기도 경기도건설본부,PQ,1580001500,1569415525,99.33000222,신명+다음,99.73,1226496000,99.2981,N
20200315691 - 00,20200309,경기북부 지방도 유지관리사업 건설사업관리용역 ,경기도 경기도건설본부,PQ,1580001500,1569415525,99.33000222,경호+KRTC+대콘,99.65,1225280000,99.1362,N
20200315691 - 00,20200309,경기북부 지방도 유지관리사업 건설사업관리용역 ,경기도 경기도건설본부,PQ,1580001500,1569415525,99.33000222,한종+KSM,99.58,0,0,N
20200315691 - 00,20200309,경기북부 지방도 유지관리사업 건설사업관리용역 ,경기도 경기도건설본부,PQ,1580001500,1569415525,99.33000222,다산+벽산,99.53,1224100000,98.9395,N
20200315691 - 00,20200309,경기북부 지방도 유지관리사업 건설사업관리용역 ,경기도 경기도건설본부,PQ,1580001500,1569415525,99.33000222,건화+장원(신한),99.35,1222000000,98.6313,N
20200315691 - 00,20200309,경기북부 지방도 유지관리사업 건설사업관리용역 ,경기도 경기도건설본부,PQ,1580001500,1569415525,99.33000222,KCM+지유+태조,99.23,1260400000,101.627,N
20200315691 - 00,20200309,경기북부 지방도 유지관리사업 건설사업관리용역 ,경기도 경기도건설본부,PQ,1580001500,1569415525,99.33000222,동성+오이디,99.18,1223077000,98.5799,N
20200315351 - 00,20200309,홍도항 남방파제 건설공사 사후환경영향조사(공사시) 용역 ,전라남도,PQ,883000000,876947100,99.31450736,동성+서영+신오,98.35,754018000,99.45,Y
20200315351 - 00,20200309,홍도항 남방파제 건설공사 사후환경영향조사(공사시) 용역 ,전라남도,PQ,883000000,876947100,99.31450736,대영+KG+일월+우리,98.29,757757000,99.9315,N
20200315351 - 00,20200309,홍도항 남방파제 건설공사 사후환경영향조사(공사시) 용역 ,전라남도,PQ,883000000,876947100,99.31450736,동명+세광+경동+세원+우영,98.02,762448000,100.48,N
20200315351 - 00,20200309,홍도항 남방파제 건설공사 사후환경영향조사(공사시) 용역 ,전라남도,PQ,883000000,876947100,99.31450736,혜인+신명+세종,97.81,757350000,99.7501,N
20200315351 - 00,20200309,홍도항 남방파제 건설공사 사후환경영향조사(공사시) 용역 ,전라남도,PQ,883000000,876947100,99.31450736,수성+하우원+덕영+국토환경,97.46,755458000,99.4199,N
20200315351 - 00,20200309,홍도항 남방파제 건설공사 사후환경영향조사(공사시) 용역 ,전라남도,PQ,883000000,876947100,99.31450736,신성+성호+홍익,97.36,780720000,102.7087,N
20200315351 - 00,20200309,홍도항 남방파제 건설공사 사후환경영향조사(공사시) 용역 ,전라남도,PQ,883000000,876947100,99.31450736,건화+경호+상원+정원,97.19,754000000,99.1589,N
20200315106 - 00,20200309,저동항 다기능어항(복합형) 건설공사 건설사업관리용역,해양수산부 포항지방해양수산청,종심제,4488000000,4443164925,99.001001,세일+수성+일진,94.4,3722840000,82.951,Y
20200315106 - 00,20200309,저동항 다기능어항(복합형) 건설공사 건설사업관리용역,해양수산부 포항지방해양수산청,종심제,4488000000,4443164925,99.001001,혜인+한항+천일,91.43,3727280000,83.0499,N
20200315106 - 00,20200309,저동항 다기능어항(복합형) 건설공사 건설사업관리용역,해양수산부 포항지방해양수산청,종심제,4488000000,4443164925,99.001001,대영+세광+건화,90.75,3725040000,83,N
20200315137 - 00,20200310,익산시 자연재해저감 종합계획 재수립 용역,전라북도 익산시,PQ,1270487000,1259341700,99.12275372,삼안+유현,99.24,996208000,99.9064,N
20200315137 - 00,20200310,익산시 자연재해저감 종합계획 재수립 용역,전라북도 익산시,PQ,1270487000,1259341700,99.12275372,이산+조화,99.22,991298000,99.4013,Y
20200315137 - 00,20200310,익산시 자연재해저감 종합계획 재수립 용역,전라북도 익산시,PQ,1270487000,1259341700,99.12275372,한종+JCN+삼경,99.14,997800000,99.9768,N
20200315137 - 00,20200310,익산시 자연재해저감 종합계획 재수립 용역,전라북도 익산시,PQ,1270487000,1259341700,99.12275372,건화+세화+보원,99.13,1002800000,100.4778,N
20200315137 - 00,20200310,익산시 자연재해저감 종합계획 재수립 용역,전라북도 익산시,PQ,1270487000,1259341700,99.12275372,동부+인우+동진,99.13,994730000,99.6692,N
20200315137 - 00,20200310,익산시 자연재해저감 종합계획 재수립 용역,전라북도 익산시,PQ,1270487000,1259341700,99.12275372,KG+더한건설,98.9,1008736000,100.88,N
20200315137 - 00,20200310,익산시 자연재해저감 종합계획 재수립 용역,전라북도 익산시,PQ,1270487000,1259341700,99.12275372,도화+한가람,98.88,1010100000,101.0036,N
20200315137 - 00,20200310,익산시 자연재해저감 종합계획 재수립 용역,전라북도 익산시,PQ,1270487000,1259341700,99.12275372,경호+범산,98.85,991250000,99.0935,N
20200315137 - 00,20200310,익산시 자연재해저감 종합계획 재수립 용역,전라북도 익산시,PQ,1270487000,1259341700,99.12275372,유신+국성,98.64,1020200000,101.8066,N
20200316646 - 00,20200310,황산~금산사IC(2공구) 지방도 확포장공사 사후환경영향조사 용역,전라북도,PQ,799700000,804260350,100.5702576,수성+세종+보드플랜,98.24,690052000,100.4702,N
20200316646 - 00,20200310,황산~금산사IC(2공구) 지방도 확포장공사 사후환경영향조사 용역,전라북도,PQ,799700000,804260350,100.5702576,퍼스트+건화+인우,98.09,681500000,99.1789,N
20200316646 - 00,20200310,황산~금산사IC(2공구) 지방도 확포장공사 사후환경영향조사 용역,전라북도,PQ,799700000,804260350,100.5702576,서영+더한+경호,98.07,688520000,100.2005,N
20200316646 - 00,20200310,황산~금산사IC(2공구) 지방도 확포장공사 사후환경영향조사 용역,전라북도,PQ,799700000,804260350,100.5702576,다산+천일,97.77,687000000,99.8979,N
20200316646 - 00,20200310,황산~금산사IC(2공구) 지방도 확포장공사 사후환경영향조사 용역,전라북도,PQ,799700000,804260350,100.5702576,한맥+평화+한누리,97.59,691950000,100.5709,Y
20200316646 - 00,20200310,황산~금산사IC(2공구) 지방도 확포장공사 사후환경영향조사 용역,전라북도,PQ,799700000,804260350,100.5702576,도화+국성+라임,97.58,684380000,99.4707,N
20200316646 - 00,20200310,황산~금산사IC(2공구) 지방도 확포장공사 사후환경영향조사 용역,전라북도,PQ,799700000,804260350,100.5702576,삼안+태영,97.56,683650000,99.3646,N
20200316646 - 00,20200310,황산~금산사IC(2공구) 지방도 확포장공사 사후환경영향조사 용역,전라북도,PQ,799700000,804260350,100.5702576,이산+고산,97.54,683980000,99.401,N
20200316646 - 00,20200310,황산~금산사IC(2공구) 지방도 확포장공사 사후환경영향조사 용역,전라북도,PQ,799700000,804260350,100.5702576,동성+천마종합,97.53,682255000,99.1503,N
20200316646 - 00,20200310,황산~금산사IC(2공구) 지방도 확포장공사 사후환경영향조사 용역,전라북도,PQ,799700000,804260350,100.5702576,신성+JCN+신일,97.48,684580000,99.4766,N
20200316646 - 00,20200310,황산~금산사IC(2공구) 지방도 확포장공사 사후환경영향조사 용역,전라북도,PQ,799700000,804260350,100.5702576,동일+화신+범산,97.42,682700000,99.1919,N
20200316646 - 00,20200310,황산~금산사IC(2공구) 지방도 확포장공사 사후환경영향조사 용역,전라북도,PQ,799700000,804260350,100.5702576,KG+한가람+휴먼,97.33,694755000,100.92,N
20200316646 - 00,20200310,황산~금산사IC(2공구) 지방도 확포장공사 사후환경영향조사 용역,전라북도,PQ,799700000,804260350,100.5702576,홍익+연우+우신,97.21,700368000,101.6999,N
20200316646 - 00,20200310,황산~금산사IC(2공구) 지방도 확포장공사 사후환경영향조사 용역,전라북도,PQ,799700000,804260350,100.5702576,선진+성원+DS,95.57,715931000,103.527,N
20200316468 - 00,20200310,대전광역시 자연재해저감종합계획 재수립 및 우수유출저감대책수립 용역,대전광역시,PQ,2609200000,2600433125,99.66400142,건화+경동+경호+KCI,99.26,2056000000,100.4117,Y
20200316468 - 00,20200310,대전광역시 자연재해저감종합계획 재수립 및 우수유출저감대책수립 용역,대전광역시,PQ,2609200000,2600433125,99.66400142,도화+기산+천마,98.89,2041480000,99.3986,N
20200316468 - 00,20200310,대전광역시 자연재해저감종합계획 재수립 및 우수유출저감대책수립 용역,대전광역시,PQ,2609200000,2600433125,99.66400142,이산+드림,98.74,2057500000,100.0642,N
20200316468 - 00,20200310,대전광역시 자연재해저감종합계획 재수립 및 우수유출저감대책수립 용역,대전광역시,PQ,2609200000,2600433125,99.66400142,KG+영진+한경+동서,98.74,2042198000,99.32,N
20200316468 - 00,20200310,대전광역시 자연재해저감종합계획 재수립 및 우수유출저감대책수립 용역,대전광역시,PQ,2609200000,2600433125,99.66400142,한종+홍익,98.6,2066000000,100.363,N
20200316468 - 00,20200310,대전광역시 자연재해저감종합계획 재수립 및 우수유출저감대책수립 용역,대전광역시,PQ,2609200000,2600433125,99.66400142,삼안+한맥+수성,98.59,2041600000,99.1651,N
20200316468 - 00,20200310,대전광역시 자연재해저감종합계획 재수립 및 우수유출저감대책수립 용역,대전광역시,PQ,2609200000,2600433125,99.66400142,동명+동림+동성+KSM,98.49,2057300000,99.8517,N
20200316468 - 00,20200310,대전광역시 자연재해저감종합계획 재수립 및 우수유출저감대책수립 용역,대전광역시,PQ,2609200000,2600433125,99.66400142,동부+장맥,98.36,2114200000,102.5095,N
20200316468 - 00,20200310,대전광역시 자연재해저감종합계획 재수립 및 우수유출저감대책수립 용역,대전광역시,PQ,2609200000,2600433125,99.66400142,화신+계림+극동,98.08,2426556000,114.4968,N
20200315906 - 00,20200310,진주시 노후하수관로 정밀조사 용역(2차),경상남도 진주시,PQ,1147000000,1148161375,100.1012533,범한+동아,99.19,904100000,100.3923,Y
20200315906 - 00,20200310,진주시 노후하수관로 정밀조사 용역(2차),경상남도 진주시,PQ,1147000000,1148161375,100.1012533,미래+건화+경화+블루텍,98.9,906770105,100.4457,N
20200315906 - 00,20200310,진주시 노후하수관로 정밀조사 용역(2차),경상남도 진주시,PQ,1147000000,1148161375,100.1012533,선진+HEC+제일,98.5,914780000,101.0121,N
20200315906 - 00,20200310,진주시 노후하수관로 정밀조사 용역(2차),경상남도 진주시,PQ,1147000000,1148161375,100.1012533,도화+한성,98.25,914330000,100.7583,N
20200315906 - 00,20200310,진주시 노후하수관로 정밀조사 용역(2차),경상남도 진주시,PQ,1147000000,1148161375,100.1012533,동명+태성,98.25,897670000,98.9224,N
20200315906 - 00,20200310,진주시 노후하수관로 정밀조사 용역(2차),경상남도 진주시,PQ,1147000000,1148161375,100.1012533,삼안+대한E,98.19,918390000,101.1545,N
20200315906 - 00,20200310,진주시 노후하수관로 정밀조사 용역(2차),경상남도 진주시,PQ,1147000000,1148161375,100.1012533,환경시설관리,98.19,902736000,99.4304,N
20200315906 - 00,20200310,진주시 노후하수관로 정밀조사 용역(2차),경상남도 진주시,PQ,1147000000,1148161375,100.1012533,이산+한주,97.75,899780000,98.7554,N
20200315906 - 00,20200310,진주시 노후하수관로 정밀조사 용역(2차),경상남도 진주시,PQ,1147000000,1148161375,100.1012533,브니엘+신명,97.5,902987760,98.9083,N
20200315906 - 00,20200310,진주시 노후하수관로 정밀조사 용역(2차),경상남도 진주시,PQ,1147000000,1148161375,100.1012533,단,97.38,913468000,99.9558,N
20200315906 - 00,20200310,진주시 노후하수관로 정밀조사 용역(2차),경상남도 진주시,PQ,1147000000,1148161375,100.1012533,에코베이스+포웰,97.25,903869000,98.8062,N
20200315906 - 00,20200310,진주시 노후하수관로 정밀조사 용역(2차),경상남도 진주시,PQ,1147000000,1148161375,100.1012533,한도+KD,96.91,935000000,101.9281,N
20200315906 - 00,20200310,진주시 노후하수관로 정밀조사 용역(2차),경상남도 진주시,PQ,1147000000,1148161375,100.1012533,한종+수성,96.4,933990000,101.3996,N
20200315906 - 00,20200310,진주시 노후하수관로 정밀조사 용역(2차),경상남도 진주시,PQ,1147000000,1148161375,100.1012533,화신+세원+건양,95.75,944329000,102.0013,N
20200311984 - 00,20200306,사천시 노후하수관로 정밀조사 용역,경상남도 사천시,PQ,1242020000,1240628975,99.88800301,범한+동아+경화,99.72,975800000,100.4996,Y
20200311984 - 00,20200306,사천시 노후하수관로 정밀조사 용역,경상남도 사천시,PQ,1242020000,1240628975,99.88800301,이산+대한E,98.24,975570000,99.2696,N
20200311984 - 00,20200306,사천시 노후하수관로 정밀조사 용역,경상남도 사천시,PQ,1242020000,1240628975,99.88800301,삼안+태성,98,974600000,98.9832,N
20200311984 - 00,20200306,사천시 노후하수관로 정밀조사 용역,경상남도 사천시,PQ,1242020000,1240628975,99.88800301,도화+수성+동명,97.9,997700000,101.2399,N
20200311984 - 00,20200306,사천시 노후하수관로 정밀조사 용역,경상남도 사천시,PQ,1242020000,1240628975,99.88800301,건화+청우,97.8,974400000,98.8009,N
20200311984 - 00,20200306,사천시 노후하수관로 정밀조사 용역,경상남도 사천시,PQ,1242020000,1240628975,99.88800301,에코베이스+포웰,97.77,971991480,98.5319,N
20200311984 - 00,20200306,사천시 노후하수관로 정밀조사 용역,경상남도 사천시,PQ,1242020000,1240628975,99.88800301,제일+HEC,97.09,1007800000,101.599,N
20200311984 - 00,20200306,사천시 노후하수관로 정밀조사 용역,경상남도 사천시,PQ,1242020000,1240628975,99.88800301,한도+케이디,96.89,1010000000,101.6553,N
20200311984 - 00,20200306,사천시 노후하수관로 정밀조사 용역,경상남도 사천시,PQ,1242020000,1240628975,99.88800301,화신+세원+건양,96.4,1018250000,102.09,N
20200311984 - 00,20200306,사천시 노후하수관로 정밀조사 용역,경상남도 사천시,PQ,1242020000,1240628975,99.88800301,미래환경+자연과환경,96.37,982670000,98.4982,N
20200311984 - 00,20200306,사천시 노후하수관로 정밀조사 용역,경상남도 사천시,PQ,1242020000,1240628975,99.88800301,브니엘+신명(추정),96.3,976947570,97.8759,N
20200311984 - 00,20200306,사천시 노후하수관로 정밀조사 용역,경상남도 사천시,PQ,1242020000,1240628975,99.88800301,화인테크워터+한미(추정),96.2,985600000,98.6568,N
20200311984 - 00,20200306,사천시 노후하수관로 정밀조사 용역,경상남도 사천시,PQ,1242020000,1240628975,99.88800301,단+신진(추정),96.1,988521000,98.8754,N
20200311984 - 00,20200306,사천시 노후하수관로 정밀조사 용역,경상남도 사천시,PQ,1242020000,1240628975,99.88800301,환경시설관리+대아(추정),96,980524000,98.0025,N
20200311699 - 00,20200306,사천 공공하수처리시설 증설사업 건설사업관리용역,경상남도 사천시,PQ,1589070000,1583071325,99.62250404,건화+우진,99.78,1242500000,100.0581,N
20200311699 - 00,20200306,사천 공공하수처리시설 증설사업 건설사업관리용역,경상남도 사천시,PQ,1589070000,1583071325,99.62250404,동명+경화+유신,99.7,1244740000,100.1744,N
20200311699 - 00,20200306,사천 공공하수처리시설 증설사업 건설사업관리용역,경상남도 사천시,PQ,1589070000,1583071325,99.62250404,수성+도화,99.65,1243792000,100.0597,N
20200311699 - 00,20200306,사천 공공하수처리시설 증설사업 건설사업관리용역,경상남도 사천시,PQ,1589070000,1583071325,99.62250404,이산+신화,99.62,1242000000,99.89,Y
20200311699 - 00,20200306,사천 공공하수처리시설 증설사업 건설사업관리용역,경상남도 사천시,PQ,1589070000,1583071325,99.62250404,범한+목양,99.57,1238900000,99.6025,N
20200311699 - 00,20200306,사천 공공하수처리시설 증설사업 건설사업관리용역,경상남도 사천시,PQ,1589070000,1583071325,99.62250404,경원+동영,99.52,1244100000,99.9822,N
20200311699 - 00,20200306,사천 공공하수처리시설 증설사업 건설사업관리용역,경상남도 사천시,PQ,1589070000,1583071325,99.62250404,천일+금성+선진,99.52,1256140000,100.9498,N
20200311699 - 00,20200306,사천 공공하수처리시설 증설사업 건설사업관리용역,경상남도 사천시,PQ,1589070000,1583071325,99.62250404,경호+한올+화신,99.46,1233950000,99.1159,N
20200311699 - 00,20200306,사천 공공하수처리시설 증설사업 건설사업관리용역,경상남도 사천시,PQ,1589070000,1583071325,99.62250404,한종+HEC,99.46,1236200000,99.2966,N
20200311699 - 00,20200306,사천 공공하수처리시설 증설사업 건설사업관리용역,경상남도 사천시,PQ,1589070000,1583071325,99.62250404,홍익+하우,99.3,1259000000,100.9991,N
20200311699 - 00,20200306,사천 공공하수처리시설 증설사업 건설사업관리용역,경상남도 사천시,PQ,1589070000,1583071325,99.62250404,KG+혜인,99.2,1232936000,98.82,N
20200311699 - 00,20200306,사천 공공하수처리시설 증설사업 건설사업관리용역,경상남도 사천시,PQ,1589070000,1583071325,99.62250404,KCM+동일+현진,99.05,1233750000,98.772,N
20200311699 - 00,20200306,사천 공공하수처리시설 증설사업 건설사업관리용역,경상남도 사천시,PQ,1589070000,1583071325,99.62250404,서영+재화+진화,98.98,1269300000,101.5535,N
20200311699 - 00,20200306,사천 공공하수처리시설 증설사업 건설사업관리용역,경상남도 사천시,PQ,1589070000,1583071325,99.62250404,동성+한가람,98.9,1233044000,98.5901,N
20200318040 - 01,20200310,"석남, 가경천 노후 차집관로 개량사업 기본 및 실시설계용역",충청북도 청주시,PQ,1454000000,1469285200,101.0512517,동명+영진+건양+동해,100,1142210000,100.7198,N
20200318040 - 01,20200310,"석남, 가경천 노후 차집관로 개량사업 기본 및 실시설계용역",충청북도 청주시,PQ,1454000000,1469285200,101.0512517,건화+홍익(예당),98,1144400000,99.2835,N
20200318040 - 01,20200310,"석남, 가경천 노후 차집관로 개량사업 기본 및 실시설계용역",충청북도 청주시,PQ,1454000000,1469285200,101.0512517,한종+청우+삼안,97.9,1169000000,101.3282,Y
20200318040 - 01,20200310,"석남, 가경천 노후 차집관로 개량사업 기본 및 실시설계용역",충청북도 청주시,PQ,1454000000,1469285200,101.0512517,이산+동림,97.5,1141880000,98.6666,N
20200318040 - 01,20200310,"석남, 가경천 노후 차집관로 개량사업 기본 및 실시설계용역",충청북도 청주시,PQ,1454000000,1469285200,101.0512517,KG+유신+지명,97.42,1174630000,101.42,N
20200318040 - 01,20200310,"석남, 가경천 노후 차집관로 개량사업 기본 및 실시설계용역",충청북도 청주시,PQ,1454000000,1469285200,101.0512517,선진+선,97.31,1177510000,101.5794,N
20200318040 - 01,20200310,"석남, 가경천 노후 차집관로 개량사업 기본 및 실시설계용역",충청북도 청주시,PQ,1454000000,1469285200,101.0512517,범한+창민,96.96,1138000000,97.9009,N
20200318040 - 01,20200310,"석남, 가경천 노후 차집관로 개량사업 기본 및 실시설계용역",충청북도 청주시,PQ,1454000000,1469285200,101.0512517,도화+진우,96.58,1189200000,101.9993,N
20200318040 - 01,20200310,"석남, 가경천 노후 차집관로 개량사업 기본 및 실시설계용역",충청북도 청주시,PQ,1454000000,1469285200,101.0512517,제일+대원+한맥,96.3,1195270000,102.2903,N
20200318040 - 01,20200310,"석남, 가경천 노후 차집관로 개량사업 기본 및 실시설계용역",충청북도 청주시,PQ,1454000000,1469285200,101.0512517,화신+좋은+세종,95.7,1337680000,113.9248,N
20200336999 - 00,20200310,고성 남천 지방하천 정비사업 감독 권한대행 등 건설사업관리 용역,강원도,PQ,1645600000,1655773975,100.6182532,건화+삼경+서광,100,1287300000,100.2972,N
20200336999 - 00,20200310,고성 남천 지방하천 정비사업 감독 권한대행 등 건설사업관리 용역,강원도,PQ,1645600000,1655773975,100.6182532,동일+화신+승,100,1293700000,100.7958,Y
20200336999 - 00,20200310,고성 남천 지방하천 정비사업 감독 권한대행 등 건설사업관리 용역,강원도,PQ,1645600000,1655773975,100.6182532,동성+현산+영광,99.96,1281790000,99.8295,N
20200336999 - 00,20200310,고성 남천 지방하천 정비사업 감독 권한대행 등 건설사업관리 용역,강원도,PQ,1645600000,1655773975,100.6182532,이산+삼주+수성E,99.86,1277700000,99.4345,N
20200336999 - 00,20200310,고성 남천 지방하천 정비사업 감독 권한대행 등 건설사업관리 용역,강원도,PQ,1645600000,1655773975,100.6182532,수성+동서+정민,99.64,1279900000,99.4147,N
20200336999 - 00,20200310,고성 남천 지방하천 정비사업 감독 권한대행 등 건설사업관리 용역,강원도,PQ,1645600000,1655773975,100.6182532,KSM+진화+하이콘+청운,99.54,1298980000,100.8194,N
20200336999 - 00,20200310,고성 남천 지방하천 정비사업 감독 권한대행 등 건설사업관리 용역,강원도,PQ,1645600000,1655773975,100.6182532,도화+건일종합+동해,99.45,1278900000,99.1849,N
20200336999 - 00,20200310,고성 남천 지방하천 정비사업 감독 권한대행 등 건설사업관리 용역,강원도,PQ,1645600000,1655773975,100.6182532,대콘+서강+경안,99.05,1596000000,123.3839,N
20200317447 - 00,20200310,암돌지구 외 1개소 자연재해위험개선지구 정비사업 실시설계용역,경상북도 봉화군,PQ,698500000,696533775,99.71850752,화신+현대기술+극동,98.67,598498000,99.8698,Y
20200317447 - 00,20200310,암돌지구 외 1개소 자연재해위험개선지구 정비사업 실시설계용역,경상북도 봉화군,PQ,698500000,696533775,99.71850752,한종+청명,98.22,597570000,99.5989,N
20200317447 - 00,20200310,암돌지구 외 1개소 자연재해위험개선지구 정비사업 실시설계용역,경상북도 봉화군,PQ,698500000,696533775,99.71850752,다산+동서,98.2,605660000,100.9473,N
20200317447 - 00,20200310,암돌지구 외 1개소 자연재해위험개선지구 정비사업 실시설계용역,경상북도 봉화군,PQ,698500000,696533775,99.71850752,KG+강동,97.38,607126000,100.98,N
20200317447 - 00,20200310,암돌지구 외 1개소 자연재해위험개선지구 정비사업 실시설계용역,경상북도 봉화군,PQ,698500000,696533775,99.71850752,동부+동진,96.56,596992000,99.0873,N
20200317447 - 00,20200310,암돌지구 외 1개소 자연재해위험개선지구 정비사업 실시설계용역,경상북도 봉화군,PQ,698500000,696533775,99.71850752,도화+주하,96.15,612200000,101.5055,N
20200317447 - 00,20200310,암돌지구 외 1개소 자연재해위험개선지구 정비사업 실시설계용역,경상북도 봉화군,PQ,698500000,696533775,99.71850752,삼안+KCI,93.6,617210000,101.6768,N
20200317447 - 00,20200310,암돌지구 외 1개소 자연재해위험개선지구 정비사업 실시설계용역,경상북도 봉화군,PQ,698500000,696533775,99.71850752,건화+한도(대성종합),93.24,617900000,101.6968,N
20200317379 - 00,20200310,전라남도 지방하천 종합정비계획 (2021~2030) 수립용역,전라남도,PQ,500000000,500210000,100.042,유신+평화,98.26,436513000,100.4691,N
20200317379 - 00,20200310,전라남도 지방하천 종합정비계획 (2021~2030) 수립용역,전라남도,PQ,500000000,500210000,100.042,한종+신명,97.95,434180000,99.8976,N
20200317379 - 00,20200310,전라남도 지방하천 종합정비계획 (2021~2030) 수립용역,전라남도,PQ,500000000,500210000,100.042,이산+한기,97.8,434120000,99.8723,N
20200317379 - 00,20200310,전라남도 지방하천 종합정비계획 (2021~2030) 수립용역,전라남도,PQ,500000000,500210000,100.042,건화+원우,97.75,436880000,100.4957,N
20200317379 - 00,20200310,전라남도 지방하천 종합정비계획 (2021~2030) 수립용역,전라남도,PQ,500000000,500210000,100.042,도화+신오,97.7,432300000,99.4422,N
20200317379 - 00,20200310,전라남도 지방하천 종합정비계획 (2021~2030) 수립용역,전라남도,PQ,500000000,500210000,100.042,삼안+동아,97.53,435380000,100.1392,Y
20200317379 - 00,20200310,전라남도 지방하천 종합정비계획 (2021~2030) 수립용역,전라남도,PQ,500000000,500210000,100.042,화신+산이,97.27,431840000,99.2907,N
20200317379 - 00,20200310,전라남도 지방하천 종합정비계획 (2021~2030) 수립용역,전라남도,PQ,500000000,500210000,100.042,동부+기림+신촌,97.18,437690000,100.6357,N
20200317379 - 00,20200310,전라남도 지방하천 종합정비계획 (2021~2030) 수립용역,전라남도,PQ,500000000,500210000,100.042,KSM+우빈,95.5,440100000,101.0157,N
20200317379 - 00,20200310,전라남도 지방하천 종합정비계획 (2021~2030) 수립용역,전라남도,PQ,500000000,500210000,100.042,KG+우리,94.6,441257000,101.1999,N
20200317379 - 00,20200310,전라남도 지방하천 종합정비계획 (2021~2030) 수립용역,전라남도,PQ,500000000,500210000,100.042,경호+우영,91.72,445500000,101.881,N
20200317049 - 00,20200310,2035년 공원녹지 기본계획 수립용역,충청남도 천안시 도시건설사업소,PQ,777612000,784208150,100.8482572,KG+천마,99.11,672239000,100.88,Y
20200317049 - 00,20200310,2035년 공원녹지 기본계획 수립용역,충청남도 천안시 도시건설사업소,PQ,777612000,784208150,100.8482572,건화+경동,98.9,666000000,99.8855,N
20200317049 - 00,20200310,2035년 공원녹지 기본계획 수립용역,충청남도 천안시 도시건설사업소,PQ,777612000,784208150,100.8482572,유신+우빈,98.81,664451000,99.63,N
20200317049 - 00,20200310,2035년 공원녹지 기본계획 수립용역,충청남도 천안시 도시건설사업소,PQ,777612000,784208150,100.8482572,선진+드림,98.5,671250000,100.5791,N
20200317049 - 00,20200310,2035년 공원녹지 기본계획 수립용역,충청남도 천안시 도시건설사업소,PQ,777612000,784208150,100.8482572,도화+장맥,98.43,665100000,99.6343,N
20200317049 - 00,20200310,2035년 공원녹지 기본계획 수립용역,충청남도 천안시 도시건설사업소,PQ,777612000,784208150,100.8482572,경호+강호,98.05,663288000,99.2704,N
20200317049 - 00,20200310,2035년 공원녹지 기본계획 수립용역,충청남도 천안시 도시건설사업소,PQ,777612000,784208150,100.8482572,한종+세일,97.76,678000000,101.3896,N
20200317049 - 00,20200310,2035년 공원녹지 기본계획 수립용역,충청남도 천안시 도시건설사업소,PQ,777612000,784208150,100.8482572,삼안+한맥,94.57,695200000,103.1223,N
20200318096 - 01,20200310,"고서,대덕,창평(1단계)하수관로 정비사업 등 2개 사업 기본 및 실시설계 용역",전라남도 담양군,PQ,1489730000,1481216250,99.42850382,도화+동아+우리,99.67,1173600000,100.7216,Y
20200318096 - 01,20200310,"고서,대덕,창평(1단계)하수관로 정비사업 등 2개 사업 기본 및 실시설계 용역",전라남도 담양군,PQ,1489730000,1481216250,99.42850382,동명+우영,97.64,1173600000,99.0749,N
20200318096 - 01,20200310,"고서,대덕,창평(1단계)하수관로 정비사업 등 2개 사업 기본 및 실시설계 용역",전라남도 담양군,PQ,1489730000,1481216250,99.42850382,이산+하이콘,97.63,1172890000,99.0149,N
20200318096 - 01,20200310,"고서,대덕,창평(1단계)하수관로 정비사업 등 2개 사업 기본 및 실시설계 용역",전라남도 담양군,PQ,1489730000,1481216250,99.42850382,삼안+원우,97.63,1197460000,101.0891,N
20200318096 - 01,20200310,"고서,대덕,창평(1단계)하수관로 정비사업 등 2개 사업 기본 및 실시설계 용역",전라남도 담양군,PQ,1489730000,1481216250,99.42850382,수성+경동+우빈,97.63,1178000000,99.4463,N
20200318096 - 01,20200310,"고서,대덕,창평(1단계)하수관로 정비사업 등 2개 사업 기본 및 실시설계 용역",전라남도 담양군,PQ,1489730000,1481216250,99.42850382,제일+평화,97.55,1200700000,101.2989,N
20200318096 - 01,20200310,"고서,대덕,창평(1단계)하수관로 정비사업 등 2개 사업 기본 및 실시설계 용역",전라남도 담양군,PQ,1489730000,1481216250,99.42850382,범한+신명,97.55,1177000000,99.2994,N
20200318096 - 01,20200310,"고서,대덕,창평(1단계)하수관로 정비사업 등 2개 사업 기본 및 실시설계 용역",전라남도 담양군,PQ,1489730000,1481216250,99.42850382,선진+건영+유신,97.48,1206800000,101.7496,N
20200318096 - 01,20200310,"고서,대덕,창평(1단계)하수관로 정비사업 등 2개 사업 기본 및 실시설계 용역",전라남도 담양군,PQ,1489730000,1481216250,99.42850382,한종+신오,97.36,1198960000,100.9998,N
20200318096 - 01,20200310,"고서,대덕,창평(1단계)하수관로 정비사업 등 2개 사업 기본 및 실시설계 용역",전라남도 담양군,PQ,1489730000,1481216250,99.42850382,건화+한기(서진),97.92,1432000000,120.4043,N
20200317081 - 00,20200310,오기~죽파간도로 건설공사 실시설계용역,경상북도,PQ,707000000,708171900,100.1657567,동성,100,606140000,100.2797,Y
20200317081 - 00,20200310,오기~죽파간도로 건설공사 실시설계용역,경상북도,PQ,707000000,708171900,100.1657567,수성+청명,100,599731000,99.2193,N
20200317081 - 00,20200310,오기~죽파간도로 건설공사 실시설계용역,경상북도,PQ,707000000,708171900,100.1657567,천일,100,603650000,99.8677,N
20200317081 - 00,20200310,오기~죽파간도로 건설공사 실시설계용역,경상북도,PQ,707000000,708171900,100.1657567,제일+해동,100,603240000,99.7999,N
20200317081 - 00,20200310,오기~죽파간도로 건설공사 실시설계용역,경상북도,PQ,707000000,708171900,100.1657567,다산,100,607650000,100.5295,N
20200317081 - 00,20200310,오기~죽파간도로 건설공사 실시설계용역,경상북도,PQ,707000000,708171900,100.1657567,서영+삼보,100,602940000,99.7502,N
20200317081 - 00,20200310,오기~죽파간도로 건설공사 실시설계용역,경상북도,PQ,707000000,708171900,100.1657567,건화(한백),99.7,609000000,100.6704,N
20200317081 - 00,20200310,오기~죽파간도로 건설공사 실시설계용역,경상북도,PQ,707000000,708171900,100.1657567,대콘,99.7,600000000,99.1826,N
20200317081 - 00,20200310,오기~죽파간도로 건설공사 실시설계용역,경상북도,PQ,707000000,708171900,100.1657567,도화+대성,99.7,607100000,100.3563,N
20200317081 - 00,20200310,오기~죽파간도로 건설공사 실시설계용역,경상북도,PQ,707000000,708171900,100.1657567,유신,99.7,609542000,100.76,N
20200317081 - 00,20200310,오기~죽파간도로 건설공사 실시설계용역,경상북도,PQ,707000000,708171900,100.1657567,한맥+동진,99.7,602531000,99.601,N
20200317081 - 00,20200310,오기~죽파간도로 건설공사 실시설계용역,경상북도,PQ,707000000,708171900,100.1657567,경동+보원,99.7,601097000,99.364,N
20200317081 - 00,20200310,오기~죽파간도로 건설공사 실시설계용역,경상북도,PQ,707000000,708171900,100.1657567,한종+한도,99.7,601700000,99.4637,N
20200317081 - 00,20200310,오기~죽파간도로 건설공사 실시설계용역,경상북도,PQ,707000000,708171900,100.1657567,경호+세진,99.7,610590000,100.9332,N
20200317081 - 00,20200310,오기~죽파간도로 건설공사 실시설계용역,경상북도,PQ,707000000,708171900,100.1657567,바우+극동+상금,99.64,610300000,100.8735,N
20200317081 - 00,20200310,오기~죽파간도로 건설공사 실시설계용역,경상북도,PQ,707000000,708171900,100.1657567,드림+반석,99.4,608490000,100.5039,N
20200317081 - 00,20200310,오기~죽파간도로 건설공사 실시설계용역,경상북도,PQ,707000000,708171900,100.1657567,삼안+주하,99.34,599940000,99.0801,N
20200317081 - 00,20200310,오기~죽파간도로 건설공사 실시설계용역,경상북도,PQ,707000000,708171900,100.1657567,홍익+강동,99.32,597760000,98.7201,N
20200317081 - 00,20200310,오기~죽파간도로 건설공사 실시설계용역,경상북도,PQ,707000000,708171900,100.1657567,내경,99.16,611790000,100.99,N
20200317081 - 00,20200310,오기~죽파간도로 건설공사 실시설계용역,경상북도,PQ,707000000,708171900,100.1657567,신성+건일,99.1,601580000,99.293,N
20200317081 - 00,20200310,오기~죽파간도로 건설공사 실시설계용역,경상북도,PQ,707000000,708171900,100.1657567,이산+KCI,99.1,610500000,100.7652,N
20200317081 - 00,20200310,오기~죽파간도로 건설공사 실시설계용역,경상북도,PQ,707000000,708171900,100.1657567,동명+세원,98.9,599400000,98.8755,N
20200317081 - 00,20200310,오기~죽파간도로 건설공사 실시설계용역,경상북도,PQ,707000000,708171900,100.1657567,보람+동일,98.4,615736000,101.4401,N
20200317081 - 00,20200310,오기~죽파간도로 건설공사 실시설계용역,경상북도,PQ,707000000,708171900,100.1657567,화신+현대,96.49,634400000,104.0061,N
20200318784 - 00,20200310,묘산(2단계) 농어촌마을 하수도 정비사업 외 1건 통합건설사업관리용역,경상남도 합천군,PQ,2885820000,2865727525,99.30375162,동명+유신+KSM,99.49,2262300000,100.0877,N
20200318784 - 00,20200310,묘산(2단계) 농어촌마을 하수도 정비사업 외 1건 통합건설사업관리용역,경상남도 합천군,PQ,2885820000,2865727525,99.30375162,이산+신화,99.46,2272300000,100.5044,N
20200318784 - 00,20200310,묘산(2단계) 농어촌마을 하수도 정비사업 외 1건 통합건설사업관리용역,경상남도 합천군,PQ,2885820000,2865727525,99.30375162,동성+금성+한가람,99.45,2254400000,99.7,N
20200318784 - 00,20200310,묘산(2단계) 농어촌마을 하수도 정비사업 외 1건 통합건설사업관리용역,경상남도 합천군,PQ,2885820000,2865727525,99.30375162,한종+로텍+동진,99.44,2249800000,99.4965,Y
20200318784 - 00,20200310,묘산(2단계) 농어촌마을 하수도 정비사업 외 1건 통합건설사업관리용역,경상남도 합천군,PQ,2885820000,2865727525,99.30375162,수성+삼안+선진+서화,99.43,2280696000,100.85,N
20200318784 - 00,20200310,묘산(2단계) 농어촌마을 하수도 정비사업 외 1건 통합건설사업관리용역,경상남도 합천군,PQ,2885820000,2865727525,99.30375162,도화+경화+범한,99.39,2282700000,100.9,N
20200318784 - 00,20200310,묘산(2단계) 농어촌마을 하수도 정비사업 외 1건 통합건설사업관리용역,경상남도 합천군,PQ,2885820000,2865727525,99.30375162,경동+우진+현진,99.37,2278670000,100.709,N
20200318784 - 00,20200310,묘산(2단계) 농어촌마을 하수도 정비사업 외 1건 통합건설사업관리용역,경상남도 합천군,PQ,2885820000,2865727525,99.30375162,건화+한성,99.35,2278800000,100.7019,N
20200318784 - 00,20200310,묘산(2단계) 농어촌마을 하수도 정비사업 외 1건 통합건설사업관리용역,경상남도 합천군,PQ,2885820000,2865727525,99.30375162,홍익+하우,99.33,2292630000,101.3002,N
20200318784 - 00,20200310,묘산(2단계) 농어촌마을 하수도 정비사업 외 1건 통합건설사업관리용역,경상남도 합천군,PQ,2885820000,2865727525,99.30375162,KG+혜인,99.27,2241262000,98.98,N
20200318784 - 00,20200310,묘산(2단계) 농어촌마을 하수도 정비사업 외 1건 통합건설사업관리용역,경상남도 합천군,PQ,2885820000,2865727525,99.30375162,경호+한올+신명,99.25,2239630000,98.8953,N
20200318784 - 00,20200310,묘산(2단계) 농어촌마을 하수도 정비사업 외 1건 통합건설사업관리용역,경상남도 합천군,PQ,2885820000,2865727525,99.30375162,천일+천진+명성+산하,99.01,2296500000,101.2002,N
20200318784 - 00,20200310,묘산(2단계) 농어촌마을 하수도 정비사업 외 1건 통합건설사업관리용역,경상남도 합천군,PQ,2885820000,2865727525,99.30375162,동일+동영,98.86,2340000000,102.9992,N
20200318784 - 00,20200310,묘산(2단계) 농어촌마을 하수도 정비사업 외 1건 통합건설사업관리용역,경상남도 합천군,PQ,2885820000,2865727525,99.30375162,서영+재화+진화,98.7,2241950000,98.5457,N
20200318778 - 00,20200310,매안(2단계) 농어촌마을 하수도 정비사업 외 1건 통합건설사업관리용역,경상남도 합천군,PQ,2536439000,2511810200,99.02900089,수성+삼안+선진,99.53,1998073000,100.5999,N
20200318778 - 00,20200310,매안(2단계) 농어촌마을 하수도 정비사업 외 1건 통합건설사업관리용역,경상남도 합천군,PQ,2536439000,2511810200,99.02900089,도화+경화+범한,99.52,1989700000,100.1783,N
20200318778 - 00,20200310,매안(2단계) 농어촌마을 하수도 정비사업 외 1건 통합건설사업관리용역,경상남도 합천군,PQ,2536439000,2511810200,99.02900089,한종+로텍+동진,99.37,1978000000,99.4622,N
20200318778 - 00,20200310,매안(2단계) 농어촌마을 하수도 정비사업 외 1건 통합건설사업관리용역,경상남도 합천군,PQ,2536439000,2511810200,99.02900089,이산+신화,99.37,1991900000,100.1612,N
20200318778 - 00,20200310,매안(2단계) 농어촌마을 하수도 정비사업 외 1건 통합건설사업관리용역,경상남도 합천군,PQ,2536439000,2511810200,99.02900089,동성+금성+한가람,99.37,1979547000,99.54,N
20200318778 - 00,20200310,매안(2단계) 농어촌마을 하수도 정비사업 외 1건 통합건설사업관리용역,경상남도 합천군,PQ,2536439000,2511810200,99.02900089,대콘+HEC,99.35,2002222000,100.6674,N
20200318778 - 00,20200310,매안(2단계) 농어촌마을 하수도 정비사업 외 1건 통합건설사업관리용역,경상남도 합천군,PQ,2536439000,2511810200,99.02900089,동명+유신+천진+KSM,99.28,2003550000,100.6699,N
20200318778 - 00,20200310,매안(2단계) 농어촌마을 하수도 정비사업 외 1건 통합건설사업관리용역,경상남도 합천군,PQ,2536439000,2511810200,99.02900089,경동+우진+현진,99.27,1976730000,99.3223,Y
20200318778 - 00,20200310,매안(2단계) 농어촌마을 하수도 정비사업 외 1건 통합건설사업관리용역,경상남도 합천군,PQ,2536439000,2511810200,99.02900089,건화+한성,99.26,2003400000,100.6496,N
20200318778 - 00,20200310,매안(2단계) 농어촌마을 하수도 정비사업 외 1건 통합건설사업관리용역,경상남도 합천군,PQ,2536439000,2511810200,99.02900089,KG+하우,99.18,1971423000,98.98,N
20200318778 - 00,20200310,매안(2단계) 농어촌마을 하수도 정비사업 외 1건 통합건설사업관리용역,경상남도 합천군,PQ,2536439000,2511810200,99.02900089,경호+한올+화신,99.08,2400000000,120.4057,N
20200318778 - 00,20200310,매안(2단계) 농어촌마을 하수도 정비사업 외 1건 통합건설사업관리용역,경상남도 합천군,PQ,2536439000,2511810200,99.02900089,경원+동영,99.01,1977600000,99.1512,N
20200318587 - 01,20200310,장흥 하수처리구역 확대사업 기본 및 실시설계용역,전라남도 장흥군,PQ,1115222000,1132181775,101.5207533,건화+신오+한기(동신+서진),99.2,880780000,100.5897,N
20200318587 - 01,20200310,장흥 하수처리구역 확대사업 기본 및 실시설계용역,전라남도 장흥군,PQ,1115222000,1132181775,101.5207533,범한+신명,97.82,880560000,99.4499,N
20200318587 - 01,20200310,장흥 하수처리구역 확대사업 기본 및 실시설계용역,전라남도 장흥군,PQ,1115222000,1132181775,101.5207533,한종+우영,97.78,892000000,100.7039,N
20200318587 - 01,20200310,장흥 하수처리구역 확대사업 기본 및 실시설계용역,전라남도 장흥군,PQ,1115222000,1132181775,101.5207533,도화+우리,97.76,896600000,101.2105,N
20200318587 - 01,20200310,장흥 하수처리구역 확대사업 기본 및 실시설계용역,전라남도 장흥군,PQ,1115222000,1132181775,101.5207533,삼안+동아,97.76,878900000,99.2125,N
20200318587 - 01,20200310,장흥 하수처리구역 확대사업 기본 및 실시설계용역,전라남도 장흥군,PQ,1115222000,1132181775,101.5207533,이산+하이콘,97.64,876080000,98.7946,N
20200318587 - 01,20200310,장흥 하수처리구역 확대사업 기본 및 실시설계용역,전라남도 장흥군,PQ,1115222000,1132181775,101.5207533,유신+원우,97.58,900853000,101.55,Y
20200318587 - 01,20200310,장흥 하수처리구역 확대사업 기본 및 실시설계용역,전라남도 장흥군,PQ,1115222000,1132181775,101.5207533,제일+평화,97.54,904300000,101.9001,N
20200318587 - 01,20200310,장흥 하수처리구역 확대사업 기본 및 실시설계용역,전라남도 장흥군,PQ,1115222000,1132181775,101.5207533,정+경동+우빈,97.52,877794000,98.9009,N
20200318587 - 01,20200310,장흥 하수처리구역 확대사업 기본 및 실시설계용역,전라남도 장흥군,PQ,1115222000,1132181775,101.5207533,선진+건영,97.23,1067600000,119.9998,N
20200318616 - 00,20200311,대화천 자연재해위험개선지구 정비사업 건설사업관리용역 ,경상북도 포항시,PQ,1437000000,1448514000,100.8012526,건화+세원,100,1124900000,100.3669,N
20200318616 - 00,20200311,대화천 자연재해위험개선지구 정비사업 건설사업관리용역 ,경상북도 포항시,PQ,1437000000,1448514000,100.8012526,한종+동서,100,1118100000,99.7602,N
20200318616 - 00,20200311,대화천 자연재해위험개선지구 정비사업 건설사업관리용역 ,경상북도 포항시,PQ,1437000000,1448514000,100.8012526,신명+건일,100,1118530000,99.7985,N
20200318616 - 00,20200311,대화천 자연재해위험개선지구 정비사업 건설사업관리용역 ,경상북도 포항시,PQ,1437000000,1448514000,100.8012526,도화+한도,99.9,1121400000,99.9649,N
20200318616 - 00,20200311,대화천 자연재해위험개선지구 정비사업 건설사업관리용역 ,경상북도 포항시,PQ,1437000000,1448514000,100.8012526,대콘+삼보,99.7,1131555000,100.7024,N
20200318616 - 00,20200311,대화천 자연재해위험개선지구 정비사업 건설사업관리용역 ,경상북도 포항시,PQ,1437000000,1448514000,100.8012526,KG+보람,99.7,1117145000,99.42,N
20200318616 - 00,20200311,대화천 자연재해위험개선지구 정비사업 건설사업관리용역 ,경상북도 포항시,PQ,1437000000,1448514000,100.8012526,이산+다산,99.7,1115115000,99.2393,N
20200318616 - 00,20200311,대화천 자연재해위험개선지구 정비사업 건설사업관리용역 ,경상북도 포항시,PQ,1437000000,1448514000,100.8012526,경동+현대,99.64,1114630000,99.1455,N
20200318616 - 00,20200311,대화천 자연재해위험개선지구 정비사업 건설사업관리용역 ,경상북도 포항시,PQ,1437000000,1448514000,100.8012526,서영+상금+주화,99.62,1130570000,100.5505,N
20200318616 - 00,20200311,대화천 자연재해위험개선지구 정비사업 건설사업관리용역 ,경상북도 포항시,PQ,1437000000,1448514000,100.8012526,유신+해동,99.6,1119464000,99.55,N
20200318616 - 00,20200311,대화천 자연재해위험개선지구 정비사업 건설사업관리용역 ,경상북도 포항시,PQ,1437000000,1448514000,100.8012526,천일+강산,99.58,1134100000,100.8386,Y
20200318616 - 00,20200311,대화천 자연재해위험개선지구 정비사업 건설사업관리용역 ,경상북도 포항시,PQ,1437000000,1448514000,100.8012526,수성+한백,99.54,1111979000,98.8339,N
20200318616 - 00,20200311,대화천 자연재해위험개선지구 정비사업 건설사업관리용역 ,경상북도 포항시,PQ,1437000000,1448514000,100.8012526,동부+KCI,99.5,1136520000,100.9893,N
20200318616 - 00,20200311,대화천 자연재해위험개선지구 정비사업 건설사업관리용역 ,경상북도 포항시,PQ,1437000000,1448514000,100.8012526,동진+동명,99.5,1113727000,98.964,N
20200318616 - 00,20200311,대화천 자연재해위험개선지구 정비사업 건설사업관리용역 ,경상북도 포항시,PQ,1437000000,1448514000,100.8012526,삼안+청우E,99.5,1112870000,98.8878,N
20200318616 - 00,20200311,대화천 자연재해위험개선지구 정비사업 건설사업관리용역 ,경상북도 포항시,PQ,1437000000,1448514000,100.8012526,선진+청명,99.5,1114470000,99.03,N
20200318616 - 00,20200311,대화천 자연재해위험개선지구 정비사업 건설사업관리용역 ,경상북도 포항시,PQ,1437000000,1448514000,100.8012526,KCM+다음,99.49,1139600000,101.2501,N
20200318616 - 00,20200311,대화천 자연재해위험개선지구 정비사업 건설사업관리용역 ,경상북도 포항시,PQ,1437000000,1448514000,100.8012526,극동+보원,99.47,1143684000,101.5999,N
20200318616 - 00,20200311,대화천 자연재해위험개선지구 정비사업 건설사업관리용역 ,경상북도 포항시,PQ,1437000000,1448514000,100.8012526,경원+대성,99.12,1398000000,123.8287,N
20200318573 - 01,20200310,장흥 하수처리시설 증설 기본 및 실시설계용역,전라남도 장흥군,PQ,661277000,667337675,100.9165108,삼안+동아,98.3,566566000,99.7701,N
20200318573 - 01,20200310,장흥 하수처리시설 증설 기본 및 실시설계용역,전라남도 장흥군,PQ,661277000,667337675,100.9165108,건화+신오(중원),98.16,568360000,100.051,N
20200318573 - 01,20200310,장흥 하수처리시설 증설 기본 및 실시설계용역,전라남도 장흥군,PQ,661277000,667337675,100.9165108,이산+하이콘,97.88,568470000,100.0006,N
20200318573 - 01,20200310,장흥 하수처리시설 증설 기본 및 실시설계용역,전라남도 장흥군,PQ,661277000,667337675,100.9165108,유신+원우,97.82,565548000,99.475,N
20200318573 - 01,20200310,장흥 하수처리시설 증설 기본 및 실시설계용역,전라남도 장흥군,PQ,661277000,667337675,100.9165108,선진+건영,97.73,572240000,100.6286,N
20200318573 - 01,20200310,장흥 하수처리시설 증설 기본 및 실시설계용역,전라남도 장흥군,PQ,661277000,667337675,100.9165108,한종+우영,97.72,576800000,101.4187,N
20200318573 - 01,20200310,장흥 하수처리시설 증설 기본 및 실시설계용역,전라남도 장흥군,PQ,661277000,667337675,100.9165108,범한+신명,97.7,571910000,100.5589,N
20200318573 - 01,20200310,장흥 하수처리시설 증설 기본 및 실시설계용역,전라남도 장흥군,PQ,661277000,667337675,100.9165108,도화+우리,97.64,575500000,101.1784,Y
20200318573 - 01,20200310,장흥 하수처리시설 증설 기본 및 실시설계용역,전라남도 장흥군,PQ,661277000,667337675,100.9165108,정+경동+우빈,97.64,564294000,99.2083,N
20200318573 - 01,20200310,장흥 하수처리시설 증설 기본 및 실시설계용역,전라남도 장흥군,PQ,661277000,667337675,100.9165108,제일+평화,97.26,582500000,102.302,N
20200318154 - 00,20200310,담양군 수도정비 기본계획변경 및 농어촌생활용수(가사문학지구 등) 개발사업 기본 및 실시설계 용역,전라남도 담양군,PQ,1571300000,1563176425,99.48300293,동명+동아+원우+하이콘,100,1237260000,100.9567,Y
20200318154 - 00,20200310,담양군 수도정비 기본계획변경 및 농어촌생활용수(가사문학지구 등) 개발사업 기본 및 실시설계 용역,전라남도 담양군,PQ,1571300000,1563176425,99.48300293,범한+신명,97.43,1267800000,101.3055,N
20200318154 - 00,20200310,담양군 수도정비 기본계획변경 및 농어촌생활용수(가사문학지구 등) 개발사업 기본 및 실시설계 용역,전라남도 담양군,PQ,1571300000,1563176425,99.48300293,도화+우리,97.4,1269000000,101.376,N
20200318154 - 00,20200310,담양군 수도정비 기본계획변경 및 농어촌생활용수(가사문학지구 등) 개발사업 기본 및 실시설계 용역,전라남도 담양군,PQ,1571300000,1563176425,99.48300293,한종+신오,97.33,1237375000,98.7999,N
20200318154 - 00,20200310,담양군 수도정비 기본계획변경 및 농어촌생활용수(가사문학지구 등) 개발사업 기본 및 실시설계 용역,전라남도 담양군,PQ,1571300000,1563176425,99.48300293,HEC+우빈+삼안,97.16,1275800000,101.7276,N
20200318154 - 00,20200310,담양군 수도정비 기본계획변경 및 농어촌생활용수(가사문학지구 등) 개발사업 기본 및 실시설계 용역,전라남도 담양군,PQ,1571300000,1563176425,99.48300293,건화+한기(서진),97.85,1283900000,102.2966,N
20200318154 - 00,20200310,담양군 수도정비 기본계획변경 및 농어촌생활용수(가사문학지구 등) 개발사업 기본 및 실시설계 용역,전라남도 담양군,PQ,1571300000,1563176425,99.48300293,유신+우영+선진,96.55,1414600000,112.2466,N
20200318843 - 00,20200311,마거천 등 3개 하천기본계획(재수립) 및 하천시설관리대장작성용역 ,경기도청 북부청사,PQ,1166327000,1169691925,100.2885061,이산+도화,98.24,926900000,100.4382,Y
20200318843 - 00,20200311,마거천 등 3개 하천기본계획(재수립) 및 하천시설관리대장작성용역 ,경기도청 북부청사,PQ,1166327000,1169691925,100.2885061,동부+KG,97.88,923273000,99.7552,N
20200318843 - 00,20200311,마거천 등 3개 하천기본계획(재수립) 및 하천시설관리대장작성용역 ,경기도청 북부청사,PQ,1166327000,1169691925,100.2885061,한종+주하+서영+현진,97.69,937100000,101.0963,N
20200318843 - 00,20200311,마거천 등 3개 하천기본계획(재수립) 및 하천시설관리대장작성용역 ,경기도청 북부청사,PQ,1166327000,1169691925,100.2885061,삼안+KCI,97.63,939180000,101.2697,N
20200318843 - 00,20200311,마거천 등 3개 하천기본계획(재수립) 및 하천시설관리대장작성용역 ,경기도청 북부청사,PQ,1166327000,1169691925,100.2885061,유신+동명,97.6,920180000,99.196,N
20200318843 - 00,20200311,마거천 등 3개 하천기본계획(재수립) 및 하천시설관리대장작성용역 ,경기도청 북부청사,PQ,1166327000,1169691925,100.2885061,건화+평화+KSM(테크피아),97.41,947000000,101.9334,N
20200318843 - 00,20200311,마거천 등 3개 하천기본계획(재수립) 및 하천시설관리대장작성용역 ,경기도청 북부청사,PQ,1166327000,1169691925,100.2885061,화신+경호+한맥,97.32,919698000,98.9202,N
20200318843 - 00,20200311,마거천 등 3개 하천기본계획(재수립) 및 하천시설관리대장작성용역 ,경기도청 북부청사,PQ,1166327000,1169691925,100.2885061,다산+선진,96.62,944149000,100.98,N
E022000140-2,20200310,신재생에너지 신규사업개발 상시 기술지원용역 ,한국서부발전(주),PQ,1955508900,1949875879,99.71194092,한종,99.8,1562000000,99.8524,Y
E022000140-2,20200310,신재생에너지 신규사업개발 상시 기술지원용역 ,한국서부발전(주),PQ,1955508900,1949875879,99.71194092,도화,99.76,1579100000,100.9455,N
E022000140-2,20200310,신재생에너지 신규사업개발 상시 기술지원용역 ,한국서부발전(주),PQ,1955508900,1949875879,99.71194092,건화,98.36,1576400000,100.3339,N
E022000140-2,20200310,신재생에너지 신규사업개발 상시 기술지원용역 ,한국서부발전(주),PQ,1955508900,1949875879,99.71194092,유신,97.47,1564046000,99.0299,N
E022000140-2,20200310,신재생에너지 신규사업개발 상시 기술지원용역 ,한국서부발전(주),PQ,1955508900,1949875879,99.71194092,KOPEC,97.4,1564309000,98.741,N
20200318791 - 00,20200311,청지천 지방하천 정비사업 실시설계 용역,충청남도 종합건설사업소,PQ,941000000,944860500,100.410255,도화+기산,97.88,812100000,100.3918,N
20200318791 - 00,20200311,청지천 지방하천 정비사업 실시설계 용역,충청남도 종합건설사업소,PQ,941000000,944860500,100.410255,한종+장맥,97.83,807200000,99.7745,N
20200318791 - 00,20200311,청지천 지방하천 정비사업 실시설계 용역,충청남도 종합건설사업소,PQ,941000000,944860500,100.410255,동부+세일,97.68,809930000,100.0653,N
20200318791 - 00,20200311,청지천 지방하천 정비사업 실시설계 용역,충청남도 종합건설사업소,PQ,941000000,944860500,100.410255,화신+한맥,97.64,806819000,99.681,N
20200318791 - 00,20200311,청지천 지방하천 정비사업 실시설계 용역,충청남도 종합건설사업소,PQ,941000000,944860500,100.410255,동명+우빈,97.64,808100000,99.8392,N
20200318791 - 00,20200311,청지천 지방하천 정비사업 실시설계 용역,충청남도 종합건설사업소,PQ,941000000,944860500,100.410255,KG+삼육,97.63,816619000,100.88,N
20200318791 - 00,20200311,청지천 지방하천 정비사업 실시설계 용역,충청남도 종합건설사업소,PQ,941000000,944860500,100.410255,건화+드림+KCI,97.6,815900000,100.7912,N
20200318791 - 00,20200311,청지천 지방하천 정비사업 실시설계 용역,충청남도 종합건설사업소,PQ,941000000,944860500,100.410255,삼안+계림,97.6,804100000,99.3335,N
20200318791 - 00,20200311,청지천 지방하천 정비사업 실시설계 용역,충청남도 종합건설사업소,PQ,941000000,944860500,100.410255,평화+천마,97.58,806740000,99.6481,N
20200318791 - 00,20200311,청지천 지방하천 정비사업 실시설계 용역,충청남도 종합건설사업소,PQ,941000000,944860500,100.410255,유신+경동,97.54,811043000,100.1679,N
20200318791 - 00,20200311,청지천 지방하천 정비사업 실시설계 용역,충청남도 종합건설사업소,PQ,941000000,944860500,100.410255,경호+강호,97.45,815920000,100.7468,N
20200318791 - 00,20200311,청지천 지방하천 정비사업 실시설계 용역,충청남도 종합건설사업소,PQ,941000000,944860500,100.410255,이산+송현,97.4,815760000,100.7154,Y
20200318791 - 00,20200311,청지천 지방하천 정비사업 실시설계 용역,충청남도 종합건설사업소,PQ,941000000,944860500,100.410255,KSM+한광,97.31,817397000,100.894,N
20200318791 - 00,20200311,청지천 지방하천 정비사업 실시설계 용역,충청남도 종합건설사업소,PQ,941000000,944860500,100.410255,다산+명성,97.28,801100000,98.8824,N
20200318791 - 00,20200311,청지천 지방하천 정비사업 실시설계 용역,충청남도 종합건설사업소,PQ,941000000,944860500,100.410255,동성+우주,97.04,822717000,101.48,N
20200318791 - 00,20200311,청지천 지방하천 정비사업 실시설계 용역,충청남도 종합건설사업소,PQ,941000000,944860500,100.410255,서광+한빛,93.94,828802200,101.43,N
20200318791 - 00,20200311,청지천 지방하천 정비사업 실시설계 용역,충청남도 종합건설사업소,PQ,941000000,944860500,100.410255,극동+동양,93.38,832973000,101.7998,N
20200318786 - 00,20200311,왕암천 지방하천 정비사업 실시설계용역,충청남도 종합건설사업소,PQ,853000000,859280275,100.7362573,이산+송현,98.54,735000000,100.3979,N
20200318786 - 00,20200311,왕암천 지방하천 정비사업 실시설계용역,충청남도 종합건설사업소,PQ,853000000,859280275,100.7362573,유신+경동,97.94,731510000,99.77,N
20200318786 - 00,20200311,왕암천 지방하천 정비사업 실시설계용역,충청남도 종합건설사업소,PQ,853000000,859280275,100.7362573,건화+드림+KCI,97.78,738580000,100.6992,N
20200318786 - 00,20200311,왕암천 지방하천 정비사업 실시설계용역,충청남도 종합건설사업소,PQ,853000000,859280275,100.7362573,삼안+계림,97.77,737000000,100.472,N
20200318786 - 00,20200311,왕암천 지방하천 정비사업 실시설계용역,충청남도 종합건설사업소,PQ,853000000,859280275,100.7362573,도화+기산,97.65,730425000,99.5526,N
20200318786 - 00,20200311,왕암천 지방하천 정비사업 실시설계용역,충청남도 종합건설사업소,PQ,853000000,859280275,100.7362573,평화+예당,97.57,729820000,99.447,N
20200318786 - 00,20200311,왕암천 지방하천 정비사업 실시설계용역,충청남도 종합건설사업소,PQ,853000000,859280275,100.7362573,동명+우빈,97.54,740200000,100.8497,Y
20200318786 - 00,20200311,왕암천 지방하천 정비사업 실시설계용역,충청남도 종합건설사업소,PQ,853000000,859280275,100.7362573,동부+세일,97.5,725890000,98.9,N
20200318786 - 00,20200311,왕암천 지방하천 정비사업 실시설계용역,충청남도 종합건설사업소,PQ,853000000,859280275,100.7362573,한종+장맥,97.47,727440000,99.0996,N
20200318786 - 00,20200311,왕암천 지방하천 정비사업 실시설계용역,충청남도 종합건설사업소,PQ,853000000,859280275,100.7362573,다산+천마,97.43,727160000,99.05,N
20200318786 - 00,20200311,왕암천 지방하천 정비사업 실시설계용역,충청남도 종합건설사업소,PQ,853000000,859280275,100.7362573,KG+삼육,97.34,741501000,100.98,N
20200318786 - 00,20200311,왕암천 지방하천 정비사업 실시설계용역,충청남도 종합건설사업소,PQ,853000000,859280275,100.7362573,화신+한맥,97.32,743998000,101.32,N
20200318786 - 00,20200311,왕암천 지방하천 정비사업 실시설계용역,충청남도 종합건설사업소,PQ,853000000,859280275,100.7362573,KSM+한광,97.3,742468000,101.0999,N
20200318786 - 00,20200311,왕암천 지방하천 정비사업 실시설계용역,충청남도 종합건설사업소,PQ,853000000,859280275,100.7362573,경호+강호,97.24,743880000,101.2804,N
20200318786 - 00,20200311,왕암천 지방하천 정비사업 실시설계용역,충청남도 종합건설사업소,PQ,853000000,859280275,100.7362573,동성+우주,97.04,725349000,98.7001,N
20200318786 - 00,20200311,왕암천 지방하천 정비사업 실시설계용역,충청남도 종합건설사업소,PQ,853000000,859280275,100.7362573,극동+명성,96.27,749606000,101.7999,N
20200318786 - 00,20200311,왕암천 지방하천 정비사업 실시설계용역,충청남도 종합건설사업소,PQ,853000000,859280275,100.7362573,서광+한빛,93.65,751813715,102.0997,N
20200318942 - 00,20200311,안산 노후하수관로 정비사업(싱크홀 예방) 1단계 건설사업관리용역,경기도 안산시,PQ,2011790000,1999588575,99.39350404,도화+경호,100,1579700000,100.6758,N
20200318942 - 00,20200311,안산 노후하수관로 정비사업(싱크홀 예방) 1단계 건설사업관리용역,경기도 안산시,PQ,2011790000,1999588575,99.39350404,한종+용마,99.29,1572149000,99.6071,Y
20200318942 - 00,20200311,안산 노후하수관로 정비사업(싱크홀 예방) 1단계 건설사업관리용역,경기도 안산시,PQ,2011790000,1999588575,99.39350404,경동+KG,99.03,1571760000,99.3672,N
20200318942 - 00,20200311,안산 노후하수관로 정비사업(싱크홀 예방) 1단계 건설사업관리용역,경기도 안산시,PQ,2011790000,1999588575,99.39350404,건화+동일,99.01,1602000000,101.2661,N
20200318942 - 00,20200311,안산 노후하수관로 정비사업(싱크홀 예방) 1단계 건설사업관리용역,경기도 안산시,PQ,2011790000,1999588575,99.39350404,극동+삼안,98.92,1565763000,98.9,N
20200318942 - 00,20200311,안산 노후하수관로 정비사업(싱크홀 예방) 1단계 건설사업관리용역,경기도 안산시,PQ,2011790000,1999588575,99.39350404,동명+동성,98.9,1620000000,102.3128,N
20200318368 - 00,20200311,해창만2지구 재해위험지구 정비사업 기본 및 실시설계 용역 ,전라남도 고흥군,PQ,1801800000,1796939700,99.73025308,유신+신명+서영,99.18,1419957000,100.36,Y
20200318368 - 00,20200311,해창만2지구 재해위험지구 정비사업 기본 및 실시설계 용역 ,전라남도 고흥군,PQ,1801800000,1796939700,99.73025308,이산+한기+주하,98.42,1419000000,99.6704,N
20200318368 - 00,20200311,해창만2지구 재해위험지구 정비사업 기본 및 실시설계 용역 ,전라남도 고흥군,PQ,1801800000,1796939700,99.73025308,평화+건화+KCI(진),98.4,1431800000,100.5568,N
20200318368 - 00,20200311,해창만2지구 재해위험지구 정비사업 기본 및 실시설계 용역 ,전라남도 고흥군,PQ,1801800000,1796939700,99.73025308,도화+원우+극동,98.4,1432200000,100.5849,N
20200318368 - 00,20200311,해창만2지구 재해위험지구 정비사업 기본 및 실시설계 용역 ,전라남도 고흥군,PQ,1801800000,1796939700,99.73025308,KG+신오,98.4,1415044000,99.38,N
20200318368 - 00,20200311,해창만2지구 재해위험지구 정비사업 기본 및 실시설계 용역 ,전라남도 고흥군,PQ,1801800000,1796939700,99.73025308,한종+우빈,98.4,1434500000,100.7464,N
20200318368 - 00,20200311,해창만2지구 재해위험지구 정비사업 기본 및 실시설계 용역 ,전라남도 고흥군,PQ,1801800000,1796939700,99.73025308,다산+기림,98.38,1409590000,98.9844,N
20200318368 - 00,20200311,해창만2지구 재해위험지구 정비사업 기본 및 실시설계 용역 ,전라남도 고흥군,PQ,1801800000,1796939700,99.73025308,삼안+동아+수성,98.37,1433190000,100.6289,N
20200318368 - 00,20200311,해창만2지구 재해위험지구 정비사업 기본 및 실시설계 용역 ,전라남도 고흥군,PQ,1801800000,1796939700,99.73025308,동성+산하,98.29,1446350000,101.4887,N
20200318368 - 00,20200311,해창만2지구 재해위험지구 정비사업 기본 및 실시설계 용역 ,전라남도 고흥군,PQ,1801800000,1796939700,99.73025308,동명+유라,98.24,1408900000,98.8234,N
20200318368 - 00,20200311,해창만2지구 재해위험지구 정비사업 기본 및 실시설계 용역 ,전라남도 고흥군,PQ,1801800000,1796939700,99.73025308,동부+우영,97.86,1644500000,115.0001,N
20200318368 - 00,20200311,해창만2지구 재해위험지구 정비사업 기본 및 실시설계 용역 ,전라남도 고흥군,PQ,1801800000,1796939700,99.73025308,화신+산이+대현+하이콘,97.83,1411340000,98.6703,N
20200318983 - 00,20200311,동두천천 등 2개 지방하천 정비사업 실시설계용역,경기도청 북부청사,PQ,1992666000,1960977675,98.40975231,이산+도화+경호,98.82,1578360000,100.5758,N
20200318983 - 00,20200311,동두천천 등 2개 지방하천 정비사업 실시설계용역,경기도청 북부청사,PQ,1992666000,1960977675,98.40975231,한종+서영+주하,98.06,1573000000,99.6145,N
20200318983 - 00,20200311,동두천천 등 2개 지방하천 정비사업 실시설계용역,경기도청 북부청사,PQ,1992666000,1960977675,98.40975231,동부+KSM,97.9,1569997000,99.299,N
20200318983 - 00,20200311,동두천천 등 2개 지방하천 정비사업 실시설계용역,경기도청 북부청사,PQ,1992666000,1960977675,98.40975231,다산+선진,97.85,1593067000,100.72,N
20200318983 - 00,20200311,동두천천 등 2개 지방하천 정비사업 실시설계용역,경기도청 북부청사,PQ,1992666000,1960977675,98.40975231,유신+동명,97.75,1603435000,101.299,N
20200318983 - 00,20200311,동두천천 등 2개 지방하천 정비사업 실시설계용역,경기도청 북부청사,PQ,1992666000,1960977675,98.40975231,삼안+수성+KCI,97.65,1568380000,98.9971,N
20200318983 - 00,20200311,동두천천 등 2개 지방하천 정비사업 실시설계용역,경기도청 북부청사,PQ,1992666000,1960977675,98.40975231,건화+KG(테크피아),97.5,1612800000,101.6858,N
20200318983 - 00,20200311,동두천천 등 2개 지방하천 정비사업 실시설계용역,경기도청 북부청사,PQ,1992666000,1960977675,98.40975231,화신+용마,97.35,1567279000,98.6917,Y
20200318983 - 00,20200311,동두천천 등 2개 지방하천 정비사업 실시설계용역,경기도청 북부청사,PQ,1992666000,1960977675,98.40975231,평화+지유,97.13,1700000000,106.8615,N
20200318864 - 00,20200311,은행천 등 2개 지방하천 정비사업 실시설계용역,경기도청 북부청사,PQ,1903588000,1899585750,99.7897523,KG+건화(명작+쏘일테크),98.05,1516343000,100.52,N
20200318864 - 00,20200311,은행천 등 2개 지방하천 정비사업 실시설계용역,경기도청 북부청사,PQ,1903588000,1899585750,99.7897523,한종+서영+주하,97.93,1515000000,100.3297,Y
20200318864 - 00,20200311,은행천 등 2개 지방하천 정비사업 실시설계용역,경기도청 북부청사,PQ,1903588000,1899585750,99.7897523,동부+KSM,97.75,1508100000,99.7345,N
20200318864 - 00,20200311,은행천 등 2개 지방하천 정비사업 실시설계용역,경기도청 북부청사,PQ,1903588000,1899585750,99.7897523,도화+이산,97.65,1501400000,99.204,N
20200318864 - 00,20200311,은행천 등 2개 지방하천 정비사업 실시설계용역,경기도청 북부청사,PQ,1903588000,1899585750,99.7897523,다산+선진,97.6,1522649000,100.57,N
20200318864 - 00,20200311,은행천 등 2개 지방하천 정비사업 실시설계용역,경기도청 북부청사,PQ,1903588000,1899585750,99.7897523,삼안+수성+KCI,97.6,1535037000,101.3882,N
20200318864 - 00,20200311,은행천 등 2개 지방하천 정비사업 실시설계용역,경기도청 북부청사,PQ,1903588000,1899585750,99.7897523,유신+동명,97.55,1535037000,101.35,N
20200318864 - 00,20200311,은행천 등 2개 지방하천 정비사업 실시설계용역,경기도청 북부청사,PQ,1903588000,1899585750,99.7897523,평화+지유,97.48,0,0,N
20200318864 - 00,20200311,은행천 등 2개 지방하천 정비사업 실시설계용역,경기도청 북부청사,PQ,1903588000,1899585750,99.7897523,화신+용마+경호,97.4,1498599000,98.82,N
20200318782 - 00,20200311,오봉천 하천기본계획 검토 및 실시설계용역,충청남도 종합건설사업소,PQ,819000000,809997175,98.90075397,한종+장맥,98.28,703150000,99.9764,N
20200318782 - 00,20200311,오봉천 하천기본계획 검토 및 실시설계용역,충청남도 종합건설사업소,PQ,819000000,809997175,98.90075397,평화+예당,97.91,703250000,99.8975,N
20200318782 - 00,20200311,오봉천 하천기본계획 검토 및 실시설계용역,충청남도 종합건설사업소,PQ,819000000,809997175,98.90075397,동부+세일,97.81,707740000,100.5003,N
20200318782 - 00,20200311,오봉천 하천기본계획 검토 및 실시설계용역,충청남도 종합건설사업소,PQ,819000000,809997175,98.90075397,건화+드림+KCI,97.78,707700000,100.4946,N
20200318782 - 00,20200311,오봉천 하천기본계획 검토 및 실시설계용역,충청남도 종합건설사업소,PQ,819000000,809997175,98.90075397,KG+삼육,97.72,698676000,99.1901,Y
20200318782 - 00,20200311,오봉천 하천기본계획 검토 및 실시설계용역,충청남도 종합건설사업소,PQ,819000000,809997175,98.90075397,유신+경동,97.67,699673000,99.3201,N
20200318782 - 00,20200311,오봉천 하천기본계획 검토 및 실시설계용역,충청남도 종합건설사업소,PQ,819000000,809997175,98.90075397,삼안+계림,97.6,698720000,99.1733,N
20200318782 - 00,20200311,오봉천 하천기본계획 검토 및 실시설계용역,충청남도 종합건설사업소,PQ,819000000,809997175,98.90075397,도화+기산,97.56,710200000,100.791,N
20200318782 - 00,20200311,오봉천 하천기본계획 검토 및 실시설계용역,충청남도 종합건설사업소,PQ,819000000,809997175,98.90075397,화신+한맥,97.52,700628000,99.421,N
20200318782 - 00,20200311,오봉천 하천기본계획 검토 및 실시설계용역,충청남도 종합건설사업소,PQ,819000000,809997175,98.90075397,동명+우빈,97.41,699797000,99.28,N
20200318782 - 00,20200311,오봉천 하천기본계획 검토 및 실시설계용역,충청남도 종합건설사업소,PQ,819000000,809997175,98.90075397,KSM+한광,97.3,713329000,101.1645,N
20200318782 - 00,20200311,오봉천 하천기본계획 검토 및 실시설계용역,충청남도 종합건설사업소,PQ,819000000,809997175,98.90075397,다산+천마,97.3,710830000,100.8101,N
20200318782 - 00,20200311,오봉천 하천기본계획 검토 및 실시설계용역,충청남도 종합건설사업소,PQ,819000000,809997175,98.90075397,경호+강호,97.04,715070000,101.3408,N
20200318782 - 00,20200311,오봉천 하천기본계획 검토 및 실시설계용역,충청남도 종합건설사업소,PQ,819000000,809997175,98.90075397,동성+우주,97.04,713377000,101.1008,N
20200318782 - 00,20200311,오봉천 하천기본계획 검토 및 실시설계용역,충청남도 종합건설사업소,PQ,819000000,809997175,98.90075397,이산+송현,96.85,696600000,98.6774,N
20200318782 - 00,20200311,오봉천 하천기본계획 검토 및 실시설계용역,충청남도 종합건설사업소,PQ,819000000,809997175,98.90075397,극동+명성,96.27,719726000,101.7997,N
20200318782 - 00,20200311,오봉천 하천기본계획 검토 및 실시설계용역,충청남도 종합건설사업소,PQ,819000000,809997175,98.90075397,서광+한빛,93.65,721846900,101.43,N
전주국토관리사무소  공고 제2020 - 68호,20200310,전주국토 구조물분야 통합건설사업관리용역,익산지방국토관리청 전주국토관리사무소,PQ,2199980000,2196850575,99.85775212,동명+동해,100,1824960000,99.95,Y
전주국토관리사무소  공고 제2020 - 68호,20200310,전주국토 구조물분야 통합건설사업관리용역,익산지방국토관리청 전주국토관리사무소,PQ,2199980000,2196850575,99.85775212,동아+진화,100,1831400000,100.3027,N
전주국토관리사무소  공고 제2020 - 68호,20200310,전주국토 구조물분야 통합건설사업관리용역,익산지방국토관리청 전주국토관리사무소,PQ,2199980000,2196850575,99.85775212,수성+한종,100,1829069000,100.175,N
전주국토관리사무소  공고 제2020 - 68호,20200310,전주국토 구조물분야 통합건설사업관리용역,익산지방국토관리청 전주국토관리사무소,PQ,2199980000,2196850575,99.85775212,용마+이산,100,1834600000,100.4779,N
전주국토관리사무소  공고 제2020 - 68호,20200310,전주국토 구조물분야 통합건설사업관리용역,익산지방국토관리청 전주국토관리사무소,PQ,2199980000,2196850575,99.85775212,유신+일신,100,1833313000,100.4075,N
전주국토관리사무소  공고 제2020 - 68호,20200310,전주국토 구조물분야 통합건설사업관리용역,익산지방국토관리청 전주국토관리사무소,PQ,2199980000,2196850575,99.85775212,평화,100,1828950000,100.1685,N
전주국토관리사무소  공고 제2020 - 68호,20200310,전주국토 구조물분야 통합건설사업관리용역,익산지방국토관리청 전주국토관리사무소,PQ,2199980000,2196850575,99.85775212,KSM+신명,100,1831240000,100.2939,N
전주국토관리사무소  공고 제2020 - 68호,20200310,전주국토 구조물분야 통합건설사업관리용역,익산지방국토관리청 전주국토관리사무소,PQ,2199980000,2196850575,99.85775212,건화+경호,99.89,0,0,N
전주국토관리사무소  공고 제2020 - 68호,20200310,전주국토 구조물분야 통합건설사업관리용역,익산지방국토관리청 전주국토관리사무소,PQ,2199980000,2196850575,99.85775212,내경,99.85,1843364000,100.885,N
전주국토관리사무소  공고 제2020 - 68호,20200310,전주국토 구조물분야 통합건설사업관리용역,익산지방국토관리청 전주국토관리사무소,PQ,2199980000,2196850575,99.85775212,서영+화신,99.83,1843370000,100.8732,N
전주국토관리사무소  공고 제2020 - 68호,20200310,전주국토 구조물분야 통합건설사업관리용역,익산지방국토관리청 전주국토관리사무소,PQ,2199980000,2196850575,99.85775212,KG+보람,99.83,1823393000,99.78,N
전주국토관리사무소  공고 제2020 - 68호,20200310,전주국토 구조물분야 통합건설사업관리용역,익산지방국토관리청 전주국토관리사무소,PQ,2199980000,2196850575,99.85775212,한기+선진,99.75,1815400000,99.3067,N
전주국토관리사무소  공고 제2020 - 68호,20200310,전주국토 구조물분야 통합건설사업관리용역,익산지방국토관리청 전주국토관리사무소,PQ,2199980000,2196850575,99.85775212,드림,99.69,1838500000,100.5341,N
전주국토관리사무소  공고 제2020 - 68호,20200310,전주국토 구조물분야 통합건설사업관리용역,익산지방국토관리청 전주국토관리사무소,PQ,2199980000,2196850575,99.85775212,한맥,99.67,1847410000,101.0213,N
전주국토관리사무소  공고 제2020 - 68호,20200310,전주국토 구조물분야 통합건설사업관리용역,익산지방국토관리청 전주국토관리사무소,PQ,2199980000,2196850575,99.85775212,태조+삼안,99.51,1816140000,99.2278,N
전주국토관리사무소  공고 제2020 - 68호,20200310,전주국토 구조물분야 통합건설사업관리용역,익산지방국토관리청 전주국토관리사무소,PQ,2199980000,2196850575,99.85775212,동부,99.49,1870000000,102.1583,N
전주국토관리사무소  공고 제2020 - 68호,20200310,전주국토 구조물분야 통합건설사업관리용역,익산지방국토관리청 전주국토관리사무소,PQ,2199980000,2196850575,99.85775212,신성,99.39,1818000000,99.3175,N
전주국토관리사무소  공고 제2020 - 68호,20200310,전주국토 구조물분야 통합건설사업관리용역,익산지방국토관리청 전주국토관리사무소,PQ,2199980000,2196850575,99.85775212,진우,95.81,0,0,N
부산지방국토관리청공고 제2020-46호,20200311,황강 건태·죽고지구 하천환경정비사업 사후환경영향조사용역,부산지방국토관리청,PQ,1747000000,1740531775,99.62975243,이산+동아+한국환경,98.74,1464800000,100.4091,N
부산지방국토관리청공고 제2020-46호,20200311,황강 건태·죽고지구 하천환경정비사업 사후환경영향조사용역,부산지방국토관리청,PQ,1747000000,1740531775,99.62975243,도화+동부+중앙방재,98.19,1474100000,100.7811,N
부산지방국토관리청공고 제2020-46호,20200311,황강 건태·죽고지구 하천환경정비사업 사후환경영향조사용역,부산지방국토관리청,PQ,1747000000,1740531775,99.62975243,건화+경호+한종+퍼스트,98.14,1462700000,99.9778,Y
부산지방국토관리청공고 제2020-46호,20200311,황강 건태·죽고지구 하천환경정비사업 사후환경영향조사용역,부산지방국토관리청,PQ,1747000000,1740531775,99.62975243,수성+삼안+세광,97.75,1457889999,99.4708,N
부산지방국토관리청공고 제2020-46호,20200311,황강 건태·죽고지구 하천환경정비사업 사후환경영향조사용역,부산지방국토관리청,PQ,1747000000,1740531775,99.62975243,홍익+한기+우신,97.56,1489340000,101.5198,N
부산지방국토관리청공고 제2020-46호,20200311,황강 건태·죽고지구 하천환경정비사업 사후환경영향조사용역,부산지방국토관리청,PQ,1747000000,1740531775,99.62975243,동성+화신+디에스,95.88,1537000000,103.9393,N
20200319376 - 00,20200311,경안배수펌프장 유수지 공영주차장 조성공사 건설사업관리(감독권한대행) 용역,경기도 광주시,PQ,924147000,918616050,99.40150755,건화(건일),100,800000000,101.2531,N
20200319376 - 00,20200311,경안배수펌프장 유수지 공영주차장 조성공사 건설사업관리(감독권한대행) 용역,경기도 광주시,PQ,924147000,918616050,99.40150755,도화+목양,100,784400000,99.2786,N
20200319376 - 00,20200311,경안배수펌프장 유수지 공영주차장 조성공사 건설사업관리(감독권한대행) 용역,경기도 광주시,PQ,924147000,918616050,99.40150755,선진+서영TEC,100,790360000,100.033,N
20200319376 - 00,20200311,경안배수펌프장 유수지 공영주차장 조성공사 건설사업관리(감독권한대행) 용역,경기도 광주시,PQ,924147000,918616050,99.40150755,경호+경동,100,786987000,99.6061,N
20200319376 - 00,20200311,경안배수펌프장 유수지 공영주차장 조성공사 건설사업관리(감독권한대행) 용역,경기도 광주시,PQ,924147000,918616050,99.40150755,서영+천일,100,0,0,N
20200319376 - 00,20200311,경안배수펌프장 유수지 공영주차장 조성공사 건설사업관리(감독권한대행) 용역,경기도 광주시,PQ,924147000,918616050,99.40150755,동일+건영,100,789150000,99.8798,N
20200319376 - 00,20200311,경안배수펌프장 유수지 공영주차장 조성공사 건설사업관리(감독권한대행) 용역,경기도 광주시,PQ,924147000,918616050,99.40150755,홍익+케이아트,100,785990000,99.4799,Y
20200319376 - 00,20200311,경안배수펌프장 유수지 공영주차장 조성공사 건설사업관리(감독권한대행) 용역,경기도 광주시,PQ,924147000,918616050,99.40150755,동성+용마,100,783388000,99.1506,N
20200319376 - 00,20200311,경안배수펌프장 유수지 공영주차장 조성공사 건설사업관리(감독권한대행) 용역,경기도 광주시,PQ,924147000,918616050,99.40150755,이산+유신,100,789999000,99.9873,N
20200319376 - 00,20200311,경안배수펌프장 유수지 공영주차장 조성공사 건설사업관리(감독권한대행) 용역,경기도 광주시,PQ,924147000,918616050,99.40150755,KCM+지유,100,792774000,100.3385,N
20200319376 - 00,20200311,경안배수펌프장 유수지 공영주차장 조성공사 건설사업관리(감독권한대행) 용역,경기도 광주시,PQ,924147000,918616050,99.40150755,한종+도담,99.99,784500000,99.2797,N
2020-00166,20200311,고속국도 제100호 서울외곽선 영사정하이패스IC 설치공사 실시설계 용역,한국도로공사,PQ,1352043000,1356514883,100.3307501,동성,98.66,1003930000,100.4299,Y
2020-00166,20200311,고속국도 제100호 서울외곽선 영사정하이패스IC 설치공사 실시설계 용역,한국도로공사,PQ,1352043000,1356514883,100.3307501,KCI+이산,98.3,1001748000,99.8739,N
2020-00166,20200311,고속국도 제100호 서울외곽선 영사정하이패스IC 설치공사 실시설계 용역,한국도로공사,PQ,1352043000,1356514883,100.3307501,내경+다산,98.3,1011887000,100.8847,N
2020-00166,20200311,고속국도 제100호 서울외곽선 영사정하이패스IC 설치공사 실시설계 용역,한국도로공사,PQ,1352043000,1356514883,100.3307501,도화+한기,98,1015500000,100.9591,N
2020-00166,20200311,고속국도 제100호 서울외곽선 영사정하이패스IC 설치공사 실시설계 용역,한국도로공사,PQ,1352043000,1356514883,100.3307501,수성,98,1000889000,99.5065,N
2020-00166,20200311,고속국도 제100호 서울외곽선 영사정하이패스IC 설치공사 실시설계 용역,한국도로공사,PQ,1352043000,1356514883,100.3307501,경동+동해,98,1000898000,99.5074,N
2020-00166,20200311,고속국도 제100호 서울외곽선 영사정하이패스IC 설치공사 실시설계 용역,한국도로공사,PQ,1352043000,1356514883,100.3307501,한맥,98,1000003000,99.4185,N
2020-00166,20200311,고속국도 제100호 서울외곽선 영사정하이패스IC 설치공사 실시설계 용역,한국도로공사,PQ,1352043000,1356514883,100.3307501,태조+일신,97.87,995995000,98.9004,N
2020-00166,20200311,고속국도 제100호 서울외곽선 영사정하이패스IC 설치공사 실시설계 용역,한국도로공사,PQ,1352043000,1356514883,100.3307501,경호+건화,97.7,995840949,98.726,N
2020-00166,20200311,고속국도 제100호 서울외곽선 영사정하이패스IC 설치공사 실시설계 용역,한국도로공사,PQ,1352043000,1356514883,100.3307501,삼보+KG,97.7,1018370000,100.9595,N
2020-00166,20200311,고속국도 제100호 서울외곽선 영사정하이패스IC 설치공사 실시설계 용역,한국도로공사,PQ,1352043000,1356514883,100.3307501,극동+홍익,97.7,994770000,98.6198,N
2020-00166,20200311,고속국도 제100호 서울외곽선 영사정하이패스IC 설치공사 실시설계 용역,한국도로공사,PQ,1352043000,1356514883,100.3307501,바우+진우,97.7,1018173000,100.94,N
2020-00166,20200311,고속국도 제100호 서울외곽선 영사정하이패스IC 설치공사 실시설계 용역,한국도로공사,PQ,1352043000,1356514883,100.3307501,한종+하이콘,97.7,1020900000,101.2103,N
2020-00166,20200311,고속국도 제100호 서울외곽선 영사정하이패스IC 설치공사 실시설계 용역,한국도로공사,PQ,1352043000,1356514883,100.3307501,천일+화신,97.7,994450000,98.5881,N
2020-00166,20200311,고속국도 제100호 서울외곽선 영사정하이패스IC 설치공사 실시설계 용역,한국도로공사,PQ,1352043000,1356514883,100.3307501,제일,97.7,1020590000,101.1796,N
2020-00166,20200311,고속국도 제100호 서울외곽선 영사정하이패스IC 설치공사 실시설계 용역,한국도로공사,PQ,1352043000,1356514883,100.3307501,삼안+천마,97.6,1022230000,101.2472,N
2020-00166,20200311,고속국도 제100호 서울외곽선 영사정하이패스IC 설치공사 실시설계 용역,한국도로공사,PQ,1352043000,1356514883,100.3307501,동부+대건,97.55,993377000,98.3499,N
2020-00166,20200311,고속국도 제100호 서울외곽선 영사정하이패스IC 설치공사 실시설계 용역,한국도로공사,PQ,1352043000,1356514883,100.3307501,KSM+동일,97.4,1027784000,101.6068,N
2020-00166,20200311,고속국도 제100호 서울외곽선 영사정하이패스IC 설치공사 실시설계 용역,한국도로공사,PQ,1352043000,1356514883,100.3307501,신성+선진,97.4,993580000,98.2254,N
2020-00166,20200311,고속국도 제100호 서울외곽선 영사정하이패스IC 설치공사 실시설계 용역,한국도로공사,PQ,1352043000,1356514883,100.3307501,유신,97.4,997066000,98.57,N
2020-00166,20200311,고속국도 제100호 서울외곽선 영사정하이패스IC 설치공사 실시설계 용역,한국도로공사,PQ,1352043000,1356514883,100.3307501,대콘,97.4,996000000,98.4646,N
2020-00166,20200311,고속국도 제100호 서울외곽선 영사정하이패스IC 설치공사 실시설계 용역,한국도로공사,PQ,1352043000,1356514883,100.3307501,서영,97.1,1031600000,101.6986,N
2020-00166,20200311,고속국도 제100호 서울외곽선 영사정하이패스IC 설치공사 실시설계 용역,한국도로공사,PQ,1352043000,1356514883,100.3307501,드림+용마,96.88,1000890000,98.4742,N
2020-00166,20200311,고속국도 제100호 서울외곽선 영사정하이패스IC 설치공사 실시설계 용역,한국도로공사,PQ,1352043000,1356514883,100.3307501,평화,96.7,1038500000,101.9981,N
2000877 - 00,20200311,행정중심복합도시 사후환경영향조사용역,한국토지주택공사,PQ,2413070000,2417242000,100.1728918,건화,100,1943800000,100.6975,N
2000877 - 00,20200311,행정중심복합도시 사후환경영향조사용역,한국토지주택공사,PQ,2413070000,2417242000,100.1728918,도화,100,1923580000,99.65,N
2000877 - 00,20200311,행정중심복합도시 사후환경영향조사용역,한국토지주택공사,PQ,2413070000,2417242000,100.1728918,선진,100,1929370000,99.95,N
2000877 - 00,20200311,행정중심복합도시 사후환경영향조사용역,한국토지주택공사,PQ,2413070000,2417242000,100.1728918,동아,100,1935160000,100.2499,Y
2000877 - 00,20200311,행정중심복합도시 사후환경영향조사용역,한국토지주택공사,PQ,2413070000,2417242000,100.1728918,경동,99.9,1923680000,99.5681,N
2000877 - 00,20200311,행정중심복합도시 사후환경영향조사용역,한국토지주택공사,PQ,2413070000,2417242000,100.1728918,서영,99.89,1934900000,100.1363,N
2000877 - 00,20200311,행정중심복합도시 사후환경영향조사용역,한국토지주택공사,PQ,2413070000,2417242000,100.1728918,한종,99.7,1940240000,100.2499,N
2000877 - 00,20200311,행정중심복합도시 사후환경영향조사용역,한국토지주택공사,PQ,2413070000,2417242000,100.1728918,동성,99.6,1925100000,99.3809,N
2000877 - 00,20200311,행정중심복합도시 사후환경영향조사용역,한국토지주택공사,PQ,2413070000,2417242000,100.1728918,홍익,99.6,1955300000,100.94,N
2000877 - 00,20200311,행정중심복합도시 사후환경영향조사용역,한국토지주택공사,PQ,2413070000,2417242000,100.1728918,이산,99.44,1922470000,99.097,N
2000877 - 00,20200311,행정중심복합도시 사후환경영향조사용역,한국토지주택공사,PQ,2413070000,2417242000,100.1728918,동일,99.36,1964000000,101.1748,N
2000877 - 00,20200311,행정중심복합도시 사후환경영향조사용역,한국토지주택공사,PQ,2413070000,2417242000,100.1728918,삼안,99.3,1919940000,98.8559,N
2000877 - 00,20200311,행정중심복합도시 사후환경영향조사용역,한국토지주택공사,PQ,2413070000,2417242000,100.1728918,신성,99.03,1964980000,100.9367,N
20200320243 - 00,20200311,지평 등 3개소 공공하수처리시설 설치사업 기본 및 실시설계용역,경기도 양평군 환경사업소,PQ,1354133000,1356983500,100.2105037,이산+선진+KG,99.31,1068600000,100.5978,Y
20200320243 - 00,20200311,지평 등 3개소 공공하수처리시설 설치사업 기본 및 실시설계용역,경기도 양평군 환경사업소,PQ,1354133000,1356983500,100.2105037,동명+건화,97.8,1067500000,99.2793,N
20200320243 - 00,20200311,지평 등 3개소 공공하수처리시설 설치사업 기본 및 실시설계용역,경기도 양평군 환경사업소,PQ,1354133000,1356983500,100.2105037,삼안+도화,97.8,1068793000,99.3996,N
20200320243 - 00,20200311,지평 등 3개소 공공하수처리시설 설치사업 기본 및 실시설계용역,경기도 양평군 환경사업소,PQ,1354133000,1356983500,100.2105037,한종+HEC,97.78,1085400000,100.9186,N
20200320243 - 00,20200311,지평 등 3개소 공공하수처리시설 설치사업 기본 및 실시설계용역,경기도 양평군 환경사업소,PQ,1354133000,1356983500,100.2105037,제일+경호,97.73,1089900000,101.2988,N
20200320243 - 00,20200311,지평 등 3개소 공공하수처리시설 설치사업 기본 및 실시설계용역,경기도 양평군 환경사업소,PQ,1354133000,1356983500,100.2105037,건양+동부,97.67,1092184500,101.46,N
20200321063 - 00,20200311,광양 국가산업단지 완충저류시설 설치사업 기본 및 실시설계 용역,전라남도 광양시,PQ,1481000000,1487312825,100.4262542,도화+우리,99.71,1164825000,100.5963,Y
20200321063 - 00,20200311,광양 국가산업단지 완충저류시설 설치사업 기본 및 실시설계 용역,전라남도 광양시,PQ,1481000000,1487312825,100.4262542,건화+원우(서진),98,1190200000,101.3745,N
20200321063 - 00,20200311,광양 국가산업단지 완충저류시설 설치사업 기본 및 실시설계 용역,전라남도 광양시,PQ,1481000000,1487312825,100.4262542,한종+한기,97.64,1164750000,98.9074,N
20200321063 - 00,20200311,광양 국가산업단지 완충저류시설 설치사업 기본 및 실시설계 용역,전라남도 광양시,PQ,1481000000,1487312825,100.4262542,삼안+동아,97.58,1163800000,98.7894,N
20200321063 - 00,20200311,광양 국가산업단지 완충저류시설 설치사업 기본 및 실시설계 용역,전라남도 광양시,PQ,1481000000,1487312825,100.4262542,범한+하이콘,97.53,1169310000,99.2072,N
20200321063 - 00,20200311,광양 국가산업단지 완충저류시설 설치사업 기본 및 실시설계 용역,전라남도 광양시,PQ,1481000000,1487312825,100.4262542,동명+건영,97.52,1161000000,98.5022,N
20200321063 - 00,20200311,광양 국가산업단지 완충저류시설 설치사업 기본 및 실시설계 용역,전라남도 광양시,PQ,1481000000,1487312825,100.4262542,선진+신명,97.47,1196310000,101.4597,N
20200321063 - 00,20200311,광양 국가산업단지 완충저류시설 설치사업 기본 및 실시설계 용역,전라남도 광양시,PQ,1481000000,1487312825,100.4262542,정+경동+우빈,98.06,1203000000,101.8608,N
20200321063 - 00,20200311,광양 국가산업단지 완충저류시설 설치사업 기본 및 실시설계 용역,전라남도 광양시,PQ,1481000000,1487312825,100.4262542,이산+신오,97.22,1161200000,98.2845,N
20200321063 - 00,20200311,광양 국가산업단지 완충저류시설 설치사업 기본 및 실시설계 용역,전라남도 광양시,PQ,1481000000,1487312825,100.4262542,제일+평화,97.54,1213200000,102.3011,N
20200320782 - 00,20200311,마읍천 지방하천 정비사업 실시설계 용역 ,강원도,PQ,538517000,540273975,100.3262618,동명+삼경,98.3,467900000,99.9905,N
20200320782 - 00,20200311,마읍천 지방하천 정비사업 실시설계 용역 ,강원도,PQ,538517000,540273975,100.3262618,도화+서광,98.3,469100000,100.247,N
20200320782 - 00,20200311,마읍천 지방하천 정비사업 실시설계 용역 ,강원도,PQ,538517000,540273975,100.3262618,한종+동남,97.95,467350000,99.8385,N
20200320782 - 00,20200311,마읍천 지방하천 정비사업 실시설계 용역 ,강원도,PQ,538517000,540273975,100.3262618,KSM+삼주,97.7,470590000,100.5075,N
20200320782 - 00,20200311,마읍천 지방하천 정비사업 실시설계 용역 ,강원도,PQ,538517000,540273975,100.3262618,KG+정,97.6,466488000,99.62,N
20200320782 - 00,20200311,마읍천 지방하천 정비사업 실시설계 용역 ,강원도,PQ,538517000,540273975,100.3262618,삼안+진화,97.49,465740000,99.4488,N
20200320782 - 00,20200311,마읍천 지방하천 정비사업 실시설계 용역 ,강원도,PQ,538517000,540273975,100.3262618,다산+서윤,97.44,470148000,100.3901,Y
20200320782 - 00,20200311,마읍천 지방하천 정비사업 실시설계 용역 ,강원도,PQ,538517000,540273975,100.3262618,이산+고려,97.42,463640000,99.0004,N
20200320782 - 00,20200311,마읍천 지방하천 정비사업 실시설계 용역 ,강원도,PQ,538517000,540273975,100.3262618,동부+일신,97.4,471130000,100.5882,N
20200320782 - 00,20200311,마읍천 지방하천 정비사업 실시설계 용역 ,강원도,PQ,538517000,540273975,100.3262618,극동+경원,97.35,472215000,100.8198,N
20200320782 - 00,20200311,마읍천 지방하천 정비사업 실시설계 용역 ,강원도,PQ,538517000,540273975,100.3262618,건화+동서,97.32,466000000,99.4929,N
20200320782 - 00,20200311,마읍천 지방하천 정비사업 실시설계 용역 ,강원도,PQ,538517000,540273975,100.3262618,화신+KCI,97.1,474527000,101.2902,N
20200320782 - 00,20200311,마읍천 지방하천 정비사업 실시설계 용역 ,강원도,PQ,538517000,540273975,100.3262618,평화+대성,97.07,464728000,99.1985,N
20200320782 - 00,20200311,마읍천 지방하천 정비사업 실시설계 용역 ,강원도,PQ,538517000,540273975,100.3262618,경호+미래,97,464555000,99.1502,N
20200320782 - 00,20200311,마읍천 지방하천 정비사업 실시설계 용역 ,강원도,PQ,538517000,540273975,100.3262618,유신+현산,95.14,473952000,100.9701,N
20200320135 - 00,20200311,"농어촌생활용수 개발사업(도척,퇴촌,남종) 기본 및 실시설계용역",경기도 광주시 상하수도사업소,PQ,916435000,912455425,99.5657548,도화+이산,99.34,783900000,99.875,Y
20200320135 - 00,20200311,"농어촌생활용수 개발사업(도척,퇴촌,남종) 기본 및 실시설계용역",경기도 광주시 상하수도사업소,PQ,916435000,912455425,99.5657548,건화(한국공간정보+수성이앤씨),99.3,788800000,100.4876,N
20200320135 - 00,20200311,"농어촌생활용수 개발사업(도척,퇴촌,남종) 기본 및 실시설계용역",경기도 광주시 상하수도사업소,PQ,916435000,912455425,99.5657548,삼안+경수,99.3,781330000,99.536,N
20200320135 - 00,20200311,"농어촌생활용수 개발사업(도척,퇴촌,남종) 기본 및 실시설계용역",경기도 광주시 상하수도사업소,PQ,916435000,912455425,99.5657548,범한,99.28,761000000,96.9461,N
20200320135 - 00,20200311,"농어촌생활용수 개발사업(도척,퇴촌,남종) 기본 및 실시설계용역",경기도 광주시 상하수도사업소,PQ,916435000,912455425,99.5657548,HEC,99.28,786550000,100.201,N
20200320135 - 00,20200311,"농어촌생활용수 개발사업(도척,퇴촌,남종) 기본 및 실시설계용역",경기도 광주시 상하수도사업소,PQ,916435000,912455425,99.5657548,동명+경호,99.27,787030000,100.2504,N
20200320135 - 00,20200311,"농어촌생활용수 개발사업(도척,퇴촌,남종) 기본 및 실시설계용역",경기도 광주시 상하수도사업소,PQ,916435000,912455425,99.5657548,유신,99.24,790426000,100.683,N
20200320135 - 00,20200311,"농어촌생활용수 개발사업(도척,퇴촌,남종) 기본 및 실시설계용역",경기도 광주시 상하수도사업소,PQ,916435000,912455425,99.5657548,한종,99.2,784100000,99.8655,N
20200320135 - 00,20200311,"농어촌생활용수 개발사업(도척,퇴촌,남종) 기본 및 실시설계용역",경기도 광주시 상하수도사업소,PQ,916435000,912455425,99.5657548,KG+경동,98.9,776525000,98.82,N
20200320135 - 00,20200311,"농어촌생활용수 개발사업(도척,퇴촌,남종) 기본 및 실시설계용역",경기도 광주시 상하수도사업소,PQ,916435000,912455425,99.5657548,정,98.8,799994000,101.7829,N
20200320694 - 00,20200313,양평군 노후하수관로 정밀조사용역,경기도 양평군 환경사업소,PQ,1206326500,1212171200,100.484504,이산+선진+KG,99.18,954945000,100.8104,Y
20200320694 - 00,20200313,양평군 노후하수관로 정밀조사용역,경기도 양평군 환경사업소,PQ,1206326500,1212171200,100.484504,한종+범한,98.2,947300000,99.2075,N
20200320694 - 00,20200313,양평군 노후하수관로 정밀조사용역,경기도 양평군 환경사업소,PQ,1206326500,1212171200,100.484504,건화+동명,98,948480000,99.1807,N
20200320694 - 00,20200313,양평군 노후하수관로 정밀조사용역,경기도 양평군 환경사업소,PQ,1206326500,1212171200,100.484504,도화+삼안,97.6,1146000000,119.4432,N
20200320694 - 00,20200313,양평군 노후하수관로 정밀조사용역,경기도 양평군 환경사업소,PQ,1206326500,1212171200,100.484504,제일+경호,97.5,947699000,98.7006,N
20200322792 - 00,20200312,장흥~광적 국지도 건설공사 감독권한대행 등 건설사업관리용역,경기도 경기도건설본부,PQ,3260858000,3238439650,99.3125015,도화+서영,100,2537900000,99.7874,N
20200322792 - 00,20200312,장흥~광적 국지도 건설공사 감독권한대행 등 건설사업관리용역,경기도 경기도건설본부,PQ,3260858000,3238439650,99.3125015,이산+용마+경동,100,2531870000,99.5503,N
20200322792 - 00,20200312,장흥~광적 국지도 건설공사 감독권한대행 등 건설사업관리용역,경기도 경기도건설본부,PQ,3260858000,3238439650,99.3125015,수성+신성,100,2537699999,99.7796,N
20200322792 - 00,20200312,장흥~광적 국지도 건설공사 감독권한대행 등 건설사업관리용역,경기도 경기도건설본부,PQ,3260858000,3238439650,99.3125015,KG+한맥,100,2530081000,99.48,Y
20200322792 - 00,20200312,장흥~광적 국지도 건설공사 감독권한대행 등 건설사업관리용역,경기도 경기도건설본부,PQ,3260858000,3238439650,99.3125015,동명+다산,100,2557800000,100.5699,N
20200322792 - 00,20200312,장흥~광적 국지도 건설공사 감독권한대행 등 건설사업관리용역,경기도 경기도건설본부,PQ,3260858000,3238439650,99.3125015,건화+유신+태조(건일),99.95,2564000000,100.762,N
20200322792 - 00,20200312,장흥~광적 국지도 건설공사 감독권한대행 등 건설사업관리용역,경기도 경기도건설본부,PQ,3260858000,3238439650,99.3125015,내경+극동,99.6,2572200000,100.8001,N
20200322792 - 00,20200312,장흥~광적 국지도 건설공사 감독권한대행 등 건설사업관리용역,경기도 경기도건설본부,PQ,3260858000,3238439650,99.3125015,동성+경호,99.48,2579938000,101,N
20200322792 - 00,20200312,장흥~광적 국지도 건설공사 감독권한대행 등 건설사업관리용역,경기도 경기도건설본부,PQ,3260858000,3238439650,99.3125015,동일+KCI+목양,99.4,2527800000,98.8958,N
20200322792 - 00,20200312,장흥~광적 국지도 건설공사 감독권한대행 등 건설사업관리용역,경기도 경기도건설본부,PQ,3260858000,3238439650,99.3125015,삼안+천마,99.35,2525930000,98.7848,N
20200322792 - 00,20200312,장흥~광적 국지도 건설공사 감독권한대행 등 건설사업관리용역,경기도 경기도건설본부,PQ,3260858000,3238439650,99.3125015,삼보+벽산,99.29,2529780000,98.885,N
20200322792 - 00,20200312,장흥~광적 국지도 건설공사 감독권한대행 등 건설사업관리용역,경기도 경기도건설본부,PQ,3260858000,3238439650,99.3125015,대콘+선진,99.29,2583330000,100.9781,N
20200322792 - 00,20200312,장흥~광적 국지도 건설공사 감독권한대행 등 건설사업관리용역,경기도 경기도건설본부,PQ,3260858000,3238439650,99.3125015,천일+동부,99.24,2526000000,98.6995,N
20200322792 - 00,20200312,장흥~광적 국지도 건설공사 감독권한대행 등 건설사업관리용역,경기도 경기도건설본부,PQ,3260858000,3238439650,99.3125015,경원+건영,99.2,2528700000,98.7672,N
20200322792 - 00,20200312,장흥~광적 국지도 건설공사 감독권한대행 등 건설사업관리용역,경기도 경기도건설본부,PQ,3260858000,3238439650,99.3125015,한종+평화+KSM,99.1,2530500000,98.762,N
20200322792 - 00,20200312,장흥~광적 국지도 건설공사 감독권한대행 등 건설사업관리용역,경기도 경기도건설본부,PQ,3260858000,3238439650,99.3125015,신명+다음,99.09,2600999000,101.5006,N
20200322792 - 00,20200312,장흥~광적 국지도 건설공사 감독권한대행 등 건설사업관리용역,경기도 경기도건설본부,PQ,3260858000,3238439650,99.3125015,홍익+케이아트,99.03,2609999000,101.8,N
20200322792 - 00,20200312,장흥~광적 국지도 건설공사 감독권한대행 등 건설사업관리용역,경기도 경기도건설본부,PQ,3260858000,3238439650,99.3125015,하이콘+케이탑,98.88,2627100000,102.3499,N
20200322792 - 00,20200312,장흥~광적 국지도 건설공사 감독권한대행 등 건설사업관리용역,경기도 경기도건설본부,PQ,3260858000,3238439650,99.3125015,KCM+지유+오이디,98.62,3166000000,123.0792,N
20200322656 - 01,20200312,전라북도 지방하천 종합정비계획 수립용역,전라북도,PQ,1184700000,1187365625,100.2250042,동부+조화,97.98,939823000,100.0442,N
20200322656 - 01,20200312,전라북도 지방하천 종합정비계획 수립용역,전라북도,PQ,1184700000,1187365625,100.2250042,유신+국성,97.86,947477000,100.77,Y
20200322656 - 01,20200312,전라북도 지방하천 종합정비계획 수립용역,전라북도,PQ,1184700000,1187365625,100.2250042,이산+JCN,97.74,937770000,99.6372,N
20200322656 - 01,20200312,전라북도 지방하천 종합정비계획 수립용역,전라북도,PQ,1184700000,1187365625,100.2250042,KSM+대도,97.7,938670000,99.6951,N
20200322656 - 01,20200312,전라북도 지방하천 종합정비계획 수립용역,전라북도,PQ,1184700000,1187365625,100.2250042,평화+신한,97.7,937772000,99.5998,N
20200322656 - 01,20200312,전라북도 지방하천 종합정비계획 수립용역,전라북도,PQ,1184700000,1187365625,100.2250042,KG+대한,97.7,937020000,99.5199,N
20200322656 - 01,20200312,전라북도 지방하천 종합정비계획 수립용역,전라북도,PQ,1184700000,1187365625,100.2250042,도화+한가람,97.52,935630000,99.2349,N
20200322656 - 01,20200312,전라북도 지방하천 종합정비계획 수립용역,전라북도,PQ,1184700000,1187365625,100.2250042,다산+인우,97.41,951317000,100.81,N
20200322656 - 01,20200312,전라북도 지방하천 종합정비계획 수립용역,전라북도,PQ,1184700000,1187365625,100.2250042,화신+고산,97.3,932658000,98.746,N
20200322656 - 01,20200312,전라북도 지방하천 종합정비계획 수립용역,전라북도,PQ,1184700000,1187365625,100.2250042,동명+동운,97.18,934200000,98.8101,N
20200322656 - 01,20200312,전라북도 지방하천 종합정비계획 수립용역,전라북도,PQ,1184700000,1187365625,100.2250042,건화+세화+KCI,97.07,959400000,101.3866,N
20200322656 - 01,20200312,전라북도 지방하천 종합정비계획 수립용역,전라북도,PQ,1184700000,1187365625,100.2250042,삼안+유현+한맥,96.91,961400000,101.4709,N
20200322656 - 01,20200312,전라북도 지방하천 종합정비계획 수립용역,전라북도,PQ,1184700000,1187365625,100.2250042,한종+현성,96.74,933600000,98.4014,N
20200322656 - 01,20200312,전라북도 지방하천 종합정비계획 수립용역,전라북도,PQ,1184700000,1187365625,100.2250042,극동+건일,96.57,965935000,101.6699,N
20200322656 - 01,20200312,전라북도 지방하천 종합정비계획 수립용역,전라북도,PQ,1184700000,1187365625,100.2250042,동성+범한,96.28,966225000,101.46,N
20200322656 - 01,20200312,전라북도 지방하천 종합정비계획 수립용역,전라북도,PQ,1184700000,1187365625,100.2250042,수성+성원,95.93,1060200000,111.0241,N
20200322419 - 01,20200312,정선읍 신도로망 구축 기본 및 실시설계,강원도 정선군,PQ,1878240000,1889899225,100.6207527,수성+서광+화신+대성,98.98,1494999999,101.1961,Y
20200322419 - 01,20200312,정선읍 신도로망 구축 기본 및 실시설계,강원도 정선군,PQ,1878240000,1889899225,100.6207527,유신+일신+동남,97.75,1484669000,99.51,N
20200322419 - 01,20200312,정선읍 신도로망 구축 기본 및 실시설계,강원도 정선군,PQ,1878240000,1889899225,100.6207527,이산+진화+동해,97.67,1507000000,100.9305,N
20200322419 - 01,20200312,정선읍 신도로망 구축 기본 및 실시설계,강원도 정선군,PQ,1878240000,1889899225,100.6207527,경원+경동+동명+서경,97.61,1483700000,99.3325,N
20200322419 - 01,20200312,정선읍 신도로망 구축 기본 및 실시설계,강원도 정선군,PQ,1878240000,1889899225,100.6207527,제일+삼경+다산+강원길,97.39,1515900000,101.2972,N
20200322419 - 01,20200312,정선읍 신도로망 구축 기본 및 실시설계,강원도 정선군,PQ,1878240000,1889899225,100.6207527,극동+동성+국일+고려,97.39,1482420000,99.06,N
20200322419 - 01,20200312,정선읍 신도로망 구축 기본 및 실시설계,강원도 정선군,PQ,1878240000,1889899225,100.6207527,서영+정+정원,97.35,1479650000,98.85,N
20200322419 - 01,20200312,정선읍 신도로망 구축 기본 및 실시설계,강원도 정선군,PQ,1878240000,1889899225,100.6207527,도화+동서+미래,97.27,1517300000,101.3017,N
20200322419 - 01,20200312,정선읍 신도로망 구축 기본 및 실시설계,강원도 정선군,PQ,1878240000,1889899225,100.6207527,동부+경호+삼주+현산,97.14,1525590000,101.7404,N
20200322419 - 01,20200312,정선읍 신도로망 구축 기본 및 실시설계,강원도 정선군,PQ,1878240000,1889899225,100.6207527,동일+건화+한울+대상(알파+고려기초),96.94,1528000000,101.6973,N
20200322419 - 01,20200312,정선읍 신도로망 구축 기본 및 실시설계,강원도 정선군,PQ,1878240000,1889899225,100.6207527,홍익+성우+청솔,96.62,1727980000,114.7632,N
20200321491 - 00,20200304,광주송정~순천 단선전철 전략환경영향평가,국토교통부,PQ,372027000,369867450,99.41951794,수성+CNS,98.97,323455000,100.2294,N
20200321491 - 00,20200304,광주송정~순천 단선전철 전략환경영향평가,국토교통부,PQ,372027000,369867450,99.41951794,신성+효산,98.97,321720000,99.6917,Y
20200321491 - 00,20200304,광주송정~순천 단선전철 전략환경영향평가,국토교통부,PQ,372027000,369867450,99.41951794,선진+한국환경,98.96,323140000,100.1318,N
20200321491 - 00,20200304,광주송정~순천 단선전철 전략환경영향평가,국토교통부,PQ,372027000,369867450,99.41951794,도화+신일,98.96,321770000,99.7072,N
20200321491 - 00,20200304,광주송정~순천 단선전철 전략환경영향평가,국토교통부,PQ,372027000,369867450,99.41951794,동명+보드플랜,98.94,322618000,99.97,N
20200321491 - 00,20200304,광주송정~순천 단선전철 전략환경영향평가,국토교통부,PQ,372027000,369867450,99.41951794,한종+소운,98.94,323180000,100.1441,N
20200321491 - 00,20200304,광주송정~순천 단선전철 전략환경영향평가,국토교통부,PQ,372027000,369867450,99.41951794,동성+DS,98.94,322220000,99.8467,N
20200321491 - 00,20200304,광주송정~순천 단선전철 전략환경영향평가,국토교통부,PQ,372027000,369867450,99.41951794,삼안+마린,98.94,323180000,100.1441,N
20200321491 - 00,20200304,광주송정~순천 단선전철 전략환경영향평가,국토교통부,PQ,372027000,369867450,99.41951794,동아+휴먼,98.94,323780000,100.3301,N
20200321491 - 00,20200304,광주송정~순천 단선전철 전략환경영향평가,국토교통부,PQ,372027000,369867450,99.41951794,우신+홍익,98.82,322198000,99.8399,N
20200321491 - 00,20200304,광주송정~순천 단선전철 전략환경영향평가,국토교통부,PQ,372027000,369867450,99.41951794,다산+ES,98.77,324038000,100.41,N
20200321491 - 00,20200304,광주송정~순천 단선전철 전략환경영향평가,국토교통부,PQ,372027000,369867450,99.41951794,화신,98.7,322909000,100.0602,N
20200321491 - 00,20200304,광주송정~순천 단선전철 전략환경영향평가,국토교통부,PQ,372027000,369867450,99.41951794,건화,98.5,324600000,100.5842,N
20200321491 - 00,20200304,광주송정~순천 단선전철 전략환경영향평가,국토교통부,PQ,372027000,369867450,99.41951794,경동,98.5,324716000,100.6201,N
20200321491 - 00,20200304,광주송정~순천 단선전철 전략환경영향평가,국토교통부,PQ,372027000,369867450,99.41951794,이산,98.5,324500000,100.5532,N
20200321491 - 00,20200304,광주송정~순천 단선전철 전략환경영향평가,국토교통부,PQ,372027000,369867450,99.41951794,동부,98.5,324357000,100.5089,N
20200321491 - 00,20200304,광주송정~순천 단선전철 전략환경영향평가,국토교통부,PQ,372027000,369867450,99.41951794,세광,98.5,322229000,99.8495,N
20200321491 - 00,20200304,광주송정~순천 단선전철 전략환경영향평가,국토교통부,PQ,372027000,369867450,99.41951794,서영,98.5,324300000,100.4912,N
20200321491 - 00,20200304,광주송정~순천 단선전철 전략환경영향평가,국토교통부,PQ,372027000,369867450,99.41951794,천일,98.5,323140000,100.1318,N
20200321491 - 00,20200304,광주송정~순천 단선전철 전략환경영향평가,국토교통부,PQ,372027000,369867450,99.41951794,동일,98.46,320648000,99.3596,N
20200321491 - 00,20200304,광주송정~순천 단선전철 전략환경영향평가,국토교통부,PQ,372027000,369867450,99.41951794,KG+보람,98.41,325232000,100.78,N
20200321491 - 00,20200304,광주송정~순천 단선전철 전략환경영향평가,국토교통부,PQ,372027000,369867450,99.41951794,한맥+레오,98.4,322388000,99.8987,N
20200321491 - 00,20200304,광주송정~순천 단선전철 전략환경영향평가,국토교통부,PQ,372027000,369867450,99.41951794,경호+퍼스트,98.34,322000000,99.7785,N
20200321491 - 00,20200304,광주송정~순천 단선전철 전략환경영향평가,국토교통부,PQ,372027000,369867450,99.41951794,평화,98.2,322350000,99.887,N
20200321491 - 00,20200304,광주송정~순천 단선전철 전략환경영향평가,국토교통부,PQ,372027000,369867450,99.41951794,대콘+청운,98.93,325075800,100.6736,N
20200321491 - 00,20200304,광주송정~순천 단선전철 전략환경영향평가,국토교통부,PQ,372027000,369867450,99.41951794,유신+한항+대현,97.13,323625000,100.2243,N
20200321491 - 00,20200304,광주송정~순천 단선전철 전략환경영향평가,국토교통부,PQ,372027000,369867450,99.41951794,예평,96.5,321938000,99.7018,N
20200321491 - 00,20200304,광주송정~순천 단선전철 전략환경영향평가,국토교통부,PQ,372027000,369867450,99.41951794,KCI,96.8,327000000,101.2695,N
20200321491 - 00,20200304,광주송정~순천 단선전철 전략환경영향평가,국토교통부,PQ,372027000,369867450,99.41951794,드림,97.5,321430000,99.3842,N
20200320383 - 00,20200312,진죽천지방하천 정비사업 건설사업관리용역,충청남도 보령시,PQ,1512328000,1538045175,101.7005025,건화+장맥,100,1173500000,99.4879,N
20200320383 - 00,20200312,진죽천지방하천 정비사업 건설사업관리용역,충청남도 보령시,PQ,1512328000,1538045175,101.7005025,극동+기산,100,1187089000,100.64,N
20200320383 - 00,20200312,진죽천지방하천 정비사업 건설사업관리용역,충청남도 보령시,PQ,1512328000,1538045175,101.7005025,도화+송현,100,1184100000,100.3866,N
20200320383 - 00,20200312,진죽천지방하천 정비사업 건설사업관리용역,충청남도 보령시,PQ,1512328000,1538045175,101.7005025,동부+유원,100,1184700000,100.4374,N
20200320383 - 00,20200312,진죽천지방하천 정비사업 건설사업관리용역,충청남도 보령시,PQ,1512328000,1538045175,101.7005025,삼안+드림,100,1175240000,99.6354,N
20200320383 - 00,20200312,진죽천지방하천 정비사업 건설사업관리용역,충청남도 보령시,PQ,1512328000,1538045175,101.7005025,수성+계림,100,1179200000,99.9712,N
20200320383 - 00,20200312,진죽천지방하천 정비사업 건설사업관리용역,충청남도 보령시,PQ,1512328000,1538045175,101.7005025,이산+천마,100,1179480000,99.9949,N
20200320383 - 00,20200312,진죽천지방하천 정비사업 건설사업관리용역,충청남도 보령시,PQ,1512328000,1538045175,101.7005025,한종+세일,100,1185910000,100.54,N
20200320383 - 00,20200312,진죽천지방하천 정비사업 건설사업관리용역,충청남도 보령시,PQ,1512328000,1538045175,101.7005025,KCM+수성E,100,1191180000,100.9868,N
20200320383 - 00,20200312,진죽천지방하천 정비사업 건설사업관리용역,충청남도 보령시,PQ,1512328000,1538045175,101.7005025,평화+예당,99.94,1337490000,113.3327,Y
20200320383 - 00,20200312,진죽천지방하천 정비사업 건설사업관리용역,충청남도 보령시,PQ,1512328000,1538045175,101.7005025,천일+우주+한맥,99.78,1169800000,98.9839,N
20200322965 - 00,20200312,영천금호 일반산업단지계획 수립 용역,경상북도 영천시,PQ,1878700000,1879850750,100.0612525,도화+동성,98.52,1500800000,101.1907,Y
20200322965 - 00,20200312,영천금호 일반산업단지계획 수립 용역,경상북도 영천시,PQ,1878700000,1879850750,100.0612525,삼안+명성+세원,97.82,1485879000,99.6169,N
20200322965 - 00,20200312,영천금호 일반산업단지계획 수립 용역,경상북도 영천시,PQ,1878700000,1879850750,100.0612525,동명+한도,97.22,1485400000,99.1104,N
20200322965 - 00,20200312,영천금호 일반산업단지계획 수립 용역,경상북도 영천시,PQ,1878700000,1879850750,100.0612525,건화+대성(가람),89.52,1716000000,107.8328,N
20200323719 - 00,20200312,2030 순천시 공원녹지 기본계획 수립용역,전라남도 순천시,PQ,400000000,402722000,100.6805,삼안+신오,96.43,348700000,100.1378,N
20200323719 - 00,20200312,2030 순천시 공원녹지 기본계획 수립용역,전라남도 순천시,PQ,400000000,402722000,100.6805,동명+원우,95.76,350650000,100.6285,N
20200323719 - 00,20200312,2030 순천시 공원녹지 기본계획 수립용역,전라남도 순천시,PQ,400000000,402722000,100.6805,유신+우빈,95.69,351617000,100.906,Y
20200323719 - 00,20200312,2030 순천시 공원녹지 기본계획 수립용역,전라남도 순천시,PQ,400000000,402722000,100.6805,제일+우리종합,94.66,347290000,99.5614,N
20200323719 - 00,20200312,2030 순천시 공원녹지 기본계획 수립용역,전라남도 순천시,PQ,400000000,402722000,100.6805,화신+우영,93.37,346120000,99.101,N
20200323719 - 00,20200312,2030 순천시 공원녹지 기본계획 수립용역,전라남도 순천시,PQ,400000000,402722000,100.6805,건화+산하,92.24,355400000,101.6532,N
20200323604 - 01,20200312,정읍시 하수관로 개량 검토 및 공공하수도 관리대장 작성용역,전라북도 정읍시,PQ,1500000000,1496767500,99.7845,도화+국성,99.97,1184900000,101.254,Y
20200323604 - 01,20200312,정읍시 하수관로 개량 검토 및 공공하수도 관리대장 작성용역,전라북도 정읍시,PQ,1500000000,1496767500,99.7845,삼안+현성,97.55,1179970000,98.8684,N
20200323604 - 01,20200312,정읍시 하수관로 개량 검토 및 공공하수도 관리대장 작성용역,전라북도 정읍시,PQ,1500000000,1496767500,99.7845,유신+한가람,97.5,1210998000,101.43,N
20200323604 - 01,20200312,정읍시 하수관로 개량 검토 및 공공하수도 관리대장 작성용역,전라북도 정읍시,PQ,1500000000,1496767500,99.7845,건화+유현,97.32,1178800000,98.5845,N
20200323604 - 01,20200312,정읍시 하수관로 개량 검토 및 공공하수도 관리대장 작성용역,전라북도 정읍시,PQ,1500000000,1496767500,99.7845,화신+고산,97.41,1224090000,101.8102,N
20200323604 - 01,20200312,정읍시 하수관로 개량 검토 및 공공하수도 관리대장 작성용역,전라북도 정읍시,PQ,1500000000,1496767500,99.7845,이산+JCN,97.22,1178800000,97.8968,N
2000889 - 03,20200312,성남신촌 공공주택지구 조사설계용역,한국토지주택공사,PQ,1511383000,1505258000,99.59474203,수성+경동+장맥,98.3,1235608000,100.7002,N
2000889 - 03,20200312,성남신촌 공공주택지구 조사설계용역,한국토지주택공사,PQ,1511383000,1505258000,99.59474203,건화+경호+고려,98.08,1228255000,99.9041,Y
2000889 - 03,20200312,성남신촌 공공주택지구 조사설계용역,한국토지주택공사,PQ,1511383000,1505258000,99.59474203,서영+동일+지유,97.63,1227320000,99.449,N
2000889 - 03,20200312,성남신촌 공공주택지구 조사설계용역,한국토지주택공사,PQ,1511383000,1505258000,99.59474203,삼안+동해+대흥건축,97.5,1226500000,99.2732,N
2000889 - 03,20200312,성남신촌 공공주택지구 조사설계용역,한국토지주택공사,PQ,1511383000,1505258000,99.59474203,도화+선진+제일+고산,97.43,1250450000,101.1498,N
2000889 - 03,20200312,성남신촌 공공주택지구 조사설계용역,한국토지주택공사,PQ,1511383000,1505258000,99.59474203,일신+유신+대성,97.19,1249582000,100.8699,N
2000889 - 03,20200312,성남신촌 공공주택지구 조사설계용역,한국토지주택공사,PQ,1511383000,1505258000,99.59474203,한종+신성+원우기술,97.02,1240100000,99.9582,N
20200324184 - 00,20200312,간곡마을 외 1개소 공공하수처리시설 설치사업 기본 및 실시설계용역,경상남도 거제시,PQ,712574000,704853275,98.91650201,삼안+범한,99.1,610500000,99.977,N
20200324184 - 00,20200312,간곡마을 외 1개소 공공하수처리시설 설치사업 기본 및 실시설계용역,경상남도 거제시,PQ,712574000,704853275,98.91650201,건화+경화,98.1,610300000,99.6883,N
20200324184 - 00,20200312,간곡마을 외 1개소 공공하수처리시설 설치사업 기본 및 실시설계용역,경상남도 거제시,PQ,712574000,704853275,98.91650201,동명+한올,98.02,608370000,99.35,N
20200324184 - 00,20200312,간곡마을 외 1개소 공공하수처리시설 설치사업 기본 및 실시설계용역,경상남도 거제시,PQ,712574000,704853275,98.91650201,도화+수성,97.8,618200000,100.8966,N
20200324184 - 00,20200312,간곡마을 외 1개소 공공하수처리시설 설치사업 기본 및 실시설계용역,경상남도 거제시,PQ,712574000,704853275,98.91650201,제일+우진,97.8,609890000,99.5403,N
20200324184 - 00,20200312,간곡마을 외 1개소 공공하수처리시설 설치사업 기본 및 실시설계용역,경상남도 거제시,PQ,712574000,704853275,98.91650201,HEC+한종,97.8,612500000,99.9663,N
20200324184 - 00,20200312,간곡마을 외 1개소 공공하수처리시설 설치사업 기본 및 실시설계용역,경상남도 거제시,PQ,712574000,704853275,98.91650201,KG+한성,97.7,607824000,99.18,Y
20200324184 - 00,20200312,간곡마을 외 1개소 공공하수처리시설 설치사업 기본 및 실시설계용역,경상남도 거제시,PQ,712574000,704853275,98.91650201,선진+KSM,97.55,619680000,101.0793,N
20200324184 - 00,20200312,간곡마을 외 1개소 공공하수처리시설 설치사업 기본 및 실시설계용역,경상남도 거제시,PQ,712574000,704853275,98.91650201,유신+천진,97.52,605478000,98.7513,N
20200324184 - 00,20200312,간곡마을 외 1개소 공공하수처리시설 설치사업 기본 및 실시설계용역,경상남도 거제시,PQ,712574000,704853275,98.91650201,이산+신화,97.44,605605000,98.749,N
20200324184 - 00,20200312,간곡마을 외 1개소 공공하수처리시설 설치사업 기본 및 실시설계용역,경상남도 거제시,PQ,712574000,704853275,98.91650201,정+경동+하우,97.2,616000000,100.3857,N
20200324184 - 00,20200312,간곡마을 외 1개소 공공하수처리시설 설치사업 기본 및 실시설계용역,경상남도 거제시,PQ,712574000,704853275,98.91650201,화신+혜인+로텍,97.14,608120000,99.0901,N
20200324184 - 00,20200312,간곡마을 외 1개소 공공하수처리시설 설치사업 기본 및 실시설계용역,경상남도 거제시,PQ,712574000,704853275,98.91650201,건양+금성,97.02,606305600,98.76,N
20200323796 - 00,20200312,청주 옥산·내수 공공하수처리시설 개량사업 기본 및 실시설계용역,충청북도 청주시,PQ,855180000,855011150,99.98025562,삼안+건화+홍익,100,729850000,99.8241,N
20200323796 - 00,20200312,청주 옥산·내수 공공하수처리시설 개량사업 기본 및 실시설계용역,충청북도 청주시,PQ,855180000,855011150,99.98025562,이산+건양,99.9,730300000,99.8506,N
20200323796 - 00,20200312,청주 옥산·내수 공공하수처리시설 개량사업 기본 및 실시설계용역,충청북도 청주시,PQ,855180000,855011150,99.98025562,동명+청우+한종,99.9,733950000,100.3496,Y
20200323796 - 00,20200312,청주 옥산·내수 공공하수처리시설 개량사업 기본 및 실시설계용역,충청북도 청주시,PQ,855180000,855011150,99.98025562,도화+영진,99.8,737330000,100.7882,N
20200323796 - 00,20200312,청주 옥산·내수 공공하수처리시설 개량사업 기본 및 실시설계용역,충청북도 청주시,PQ,855180000,855011150,99.98025562,경동+대원,99.8,728890000,99.6345,N
20200323796 - 00,20200312,청주 옥산·내수 공공하수처리시설 개량사업 기본 및 실시설계용역,충청북도 청주시,PQ,855180000,855011150,99.98025562,범한+동림,99.42,729330000,99.6015,N
20200323796 - 00,20200312,청주 옥산·내수 공공하수처리시설 개량사업 기본 및 실시설계용역,충청북도 청주시,PQ,855180000,855011150,99.98025562,KG+지명,99.42,728440000,99.48,N
20200323796 - 00,20200312,청주 옥산·내수 공공하수처리시설 개량사업 기본 및 실시설계용역,충청북도 청주시,PQ,855180000,855011150,99.98025562,선진+선,99.14,739570000,100.9292,N
20200323796 - 00,20200312,청주 옥산·내수 공공하수처리시설 개량사업 기본 및 실시설계용역,충청북도 청주시,PQ,855180000,855011150,99.98025562,제일+창민,98.78,751800000,102.5026,N
20200323796 - 00,20200312,청주 옥산·내수 공공하수처리시설 개량사업 기본 및 실시설계용역,충청북도 청주시,PQ,855180000,855011150,99.98025562,화신+진우+한광,98.74,726420000,99.0306,N
20200322447 - 00,20200312,2019년 용인시 노후하수관로 정밀조사용역,경기도 용인시,PQ,1280718000,1276040225,99.63475371,건화+정,100,998800000,99.9904,N
20200322447 - 00,20200312,2019년 용인시 노후하수관로 정밀조사용역,경기도 용인시,PQ,1280718000,1276040225,99.63475371,KG+범한,100,1008485000,100.96,N
20200322447 - 00,20200312,2019년 용인시 노후하수관로 정밀조사용역,경기도 용인시,PQ,1280718000,1276040225,99.63475371,한종+HEC,100,1000900000,100.2006,N
20200322447 - 00,20200312,2019년 용인시 노후하수관로 정밀조사용역,경기도 용인시,PQ,1280718000,1276040225,99.63475371,삼안+수성,100,998360000,99.9463,Y
20200322447 - 00,20200312,2019년 용인시 노후하수관로 정밀조사용역,경기도 용인시,PQ,1280718000,1276040225,99.63475371,동명+도화,100,1002500000,100.3608,N
20200322447 - 00,20200312,2019년 용인시 노후하수관로 정밀조사용역,경기도 용인시,PQ,1280718000,1276040225,99.63475371,경호+제일,100,995240000,99.634,N
20200322447 - 00,20200312,2019년 용인시 노후하수관로 정밀조사용역,경기도 용인시,PQ,1280718000,1276040225,99.63475371,홍익+태일환경+단,99.97,1012500000,101.3359,N
20200322447 - 00,20200312,2019년 용인시 노후하수관로 정밀조사용역,경기도 용인시,PQ,1280718000,1276040225,99.63475371,선진+에코,99.76,991195000,99.0259,N
20200322447 - 00,20200312,2019년 용인시 노후하수관로 정밀조사용역,경기도 용인시,PQ,1280718000,1276040225,99.63475371,이산+경동+자연과환경,99.72,1020200000,101.8976,N
20200322447 - 00,20200312,2019년 용인시 노후하수관로 정밀조사용역,경기도 용인시,PQ,1280718000,1276040225,99.63475371,브니엘+솔루션,98.75,1024113140,100.2118,N
20200318196 - 00,20200310,2020년 논현초교 주변 외 1개소 하수암거 신설공사 건설사업관리 용역,서울특별시 강남구,PQ,1813200000,1808168425,99.72250303,도화+한맥,99.98,1412800000,99.875,Y
20200318196 - 00,20200310,2020년 논현초교 주변 외 1개소 하수암거 신설공사 건설사업관리 용역,서울특별시 강남구,PQ,1813200000,1808168425,99.72250303,대콘+수성+오이디,99.68,1432222000,101.002,N
20200318196 - 00,20200310,2020년 논현초교 주변 외 1개소 하수암거 신설공사 건설사업관리 용역,서울특별시 강남구,PQ,1813200000,1808168425,99.72250303,동일+동명+동성,99.53,1418300000,99.8925,N
20200318196 - 00,20200310,2020년 논현초교 주변 외 1개소 하수암거 신설공사 건설사업관리 용역,서울특별시 강남구,PQ,1813200000,1808168425,99.72250303,범한+동부+진우,99.13,1412700000,99.1814,N
20200318196 - 00,20200310,2020년 논현초교 주변 외 1개소 하수암거 신설공사 건설사업관리 용역,서울특별시 강남구,PQ,1813200000,1808168425,99.72250303,신명+동해,98.97,1409530000,98.8331,N
20200318196 - 00,20200310,2020년 논현초교 주변 외 1개소 하수암거 신설공사 건설사업관리 용역,서울특별시 강남구,PQ,1813200000,1808168425,99.72250303,삼보+한종+이준,98.93,1441980000,101.0698,N
20200318196 - 00,20200310,2020년 논현초교 주변 외 1개소 하수암거 신설공사 건설사업관리 용역,서울특별시 강남구,PQ,1813200000,1808168425,99.72250303,삼안+천일+이산,98.8,1447160000,101.3299,N
20200318196 - 00,20200310,2020년 논현초교 주변 외 1개소 하수암거 신설공사 건설사업관리 용역,서울특별시 강남구,PQ,1813200000,1808168425,99.72250303,경동+유신,98.7,1408570000,98.5402,N
20200318196 - 00,20200310,2020년 논현초교 주변 외 1개소 하수암거 신설공사 건설사업관리 용역,서울특별시 강남구,PQ,1813200000,1808168425,99.72250303,서영+KRTC,98.63,1451620000,101.5004,N
20200318196 - 00,20200310,2020년 논현초교 주변 외 1개소 하수암거 신설공사 건설사업관리 용역,서울특별시 강남구,PQ,1813200000,1808168425,99.72250303,극동+삼우CM,98.54,1450714000,101.36,N
20200318196 - 00,20200310,2020년 논현초교 주변 외 1개소 하수암거 신설공사 건설사업관리 용역,서울특별시 강남구,PQ,1813200000,1808168425,99.72250303,건화+태조+태성,98.53,1600000000,111.7763,N
20200318196 - 00,20200310,2020년 논현초교 주변 외 1개소 하수암거 신설공사 건설사업관리 용역,서울특별시 강남구,PQ,1813200000,1808168425,99.72250303,KCM+건양+다음,98.42,1407580000,98.2467,N
20200324406 - 00,20200312,신촌마을 외 3개소 공공하수처리시설 설치사업 기본 및 실시설계용역,경상남도 거제시,PQ,1138854000,1131198125,99.32775624,범한+삼안,99.25,898400000,100.5241,Y
20200324406 - 00,20200312,신촌마을 외 3개소 공공하수처리시설 설치사업 기본 및 실시설계용역,경상남도 거제시,PQ,1138854000,1131198125,99.32775624,동명+한올,97.72,895700000,98.9859,N
20200324406 - 00,20200312,신촌마을 외 3개소 공공하수처리시설 설치사업 기본 및 실시설계용역,경상남도 거제시,PQ,1138854000,1131198125,99.32775624,건화+경화,97.7,899898000,99.4248,N
20200324406 - 00,20200312,신촌마을 외 3개소 공공하수처리시설 설치사업 기본 및 실시설계용역,경상남도 거제시,PQ,1138854000,1131198125,99.32775624,도화+수성,97.7,913200000,100.8945,N
20200324406 - 00,20200312,신촌마을 외 3개소 공공하수처리시설 설치사업 기본 및 실시설계용역,경상남도 거제시,PQ,1138854000,1131198125,99.32775624,제일+우진,97.7,915700000,101.1707,N
20200324406 - 00,20200312,신촌마을 외 3개소 공공하수처리시설 설치사업 기본 및 실시설계용역,경상남도 거제시,PQ,1138854000,1131198125,99.32775624,한종+HEC,97.7,915100000,101.1044,N
20200324406 - 00,20200312,신촌마을 외 3개소 공공하수처리시설 설치사업 기본 및 실시설계용역,경상남도 거제시,PQ,1138854000,1131198125,99.32775624,KG+한성,97.7,899855000,99.42,N
20200324406 - 00,20200312,신촌마을 외 3개소 공공하수처리시설 설치사업 기본 및 실시설계용역,경상남도 거제시,PQ,1138854000,1131198125,99.32775624,이산+신화,97.64,894470000,98.7754,N
20200324406 - 00,20200312,신촌마을 외 3개소 공공하수처리시설 설치사업 기본 및 실시설계용역,경상남도 거제시,PQ,1138854000,1131198125,99.32775624,건양+금성,97.52,924484000,102,N
20200324406 - 00,20200312,신촌마을 외 3개소 공공하수처리시설 설치사업 기본 및 실시설계용역,경상남도 거제시,PQ,1138854000,1131198125,99.32775624,화신+혜인+로텍,97.44,919717000,101.4103,N
20200324406 - 00,20200312,신촌마을 외 3개소 공공하수처리시설 설치사업 기본 및 실시설계용역,경상남도 거제시,PQ,1138854000,1131198125,99.32775624,유신+천진,97.42,923030000,101.7501,N
20200324406 - 00,20200312,신촌마을 외 3개소 공공하수처리시설 설치사업 기본 및 실시설계용역,경상남도 거제시,PQ,1138854000,1131198125,99.32775624,선진+KSM,97.25,894487000,98.48,N
20200324406 - 00,20200312,신촌마을 외 3개소 공공하수처리시설 설치사업 기본 및 실시설계용역,경상남도 거제시,PQ,1138854000,1131198125,99.32775624,정+경동+하우,97.2,925000000,101.7883,N
20200324761 - 00,20200313,신북처리분구 외 1개소 하수관로정비사업 실시설계용역,강원도 춘천시 상하수도사업본부,PQ,368030000,369301625,100.3455221,건화+정(국일),100,318300000,99.7032,N
20200324761 - 00,20200313,신북처리분구 외 1개소 하수관로정비사업 실시설계용역,강원도 춘천시 상하수도사업본부,PQ,368030000,369301625,100.3455221,도화+일신,100,318513000,99.7699,N
20200324761 - 00,20200313,신북처리분구 외 1개소 하수관로정비사업 실시설계용역,강원도 춘천시 상하수도사업본부,PQ,368030000,369301625,100.3455221,삼안+대성,100,320628000,100.4324,Y
20200324761 - 00,20200313,신북처리분구 외 1개소 하수관로정비사업 실시설계용역,강원도 춘천시 상하수도사업본부,PQ,368030000,369301625,100.3455221,화신+이산+신화,100,319499000,100.0787,N
20200324761 - 00,20200313,신북처리분구 외 1개소 하수관로정비사업 실시설계용역,강원도 춘천시 상하수도사업본부,PQ,368030000,369301625,100.3455221,제일+삼경,100,318289000,99.6997,N
20200324761 - 00,20200313,신북처리분구 외 1개소 하수관로정비사업 실시설계용역,강원도 춘천시 상하수도사업본부,PQ,368030000,369301625,100.3455221,경동+경원,100,318997000,99.9215,N
20200324761 - 00,20200313,신북처리분구 외 1개소 하수관로정비사업 실시설계용역,강원도 춘천시 상하수도사업본부,PQ,368030000,369301625,100.3455221,홍익+서광,100,321131000,100.5899,N
20200324761 - 00,20200313,신북처리분구 외 1개소 하수관로정비사업 실시설계용역,강원도 춘천시 상하수도사업본부,PQ,368030000,369301625,100.3455221,동명+진화,99.97,319600000,100.0988,N
20200324761 - 00,20200313,신북처리분구 외 1개소 하수관로정비사업 실시설계용역,강원도 춘천시 상하수도사업본부,PQ,368030000,369301625,100.3455221,범한+정원,99.91,317180000,99.3409,N
20200324761 - 00,20200313,신북처리분구 외 1개소 하수관로정비사업 실시설계용역,강원도 춘천시 상하수도사업본부,PQ,368030000,369301625,100.3455221,삼주+HEC,99.63,317350000,99.3598,N
20200324761 - 00,20200313,신북처리분구 외 1개소 하수관로정비사업 실시설계용역,강원도 춘천시 상하수도사업본부,PQ,368030000,369301625,100.3455221,경호+동남,99.43,321910000,100.7759,N
20200324761 - 00,20200313,신북처리분구 외 1개소 하수관로정비사업 실시설계용역,강원도 춘천시 상하수도사업본부,PQ,368030000,369301625,100.3455221,고려+선진,99.02,322122000,100.7958,N
20200324761 - 00,20200313,신북처리분구 외 1개소 하수관로정비사업 실시설계용역,강원도 춘천시 상하수도사업본부,PQ,368030000,369301625,100.3455221,한종+동서,98.03,316990000,99.0986,N
20200325224 - 00,20200313,비슬산 휴양림도로 확포장공사 외 1개소 통합건설사업관리용역,대구광역시 달성군,PQ,1485000000,1481473150,99.76250168,건화+유성이앤씨(청이앤지),100,1151176000,99.3913,N
20200325224 - 00,20200313,비슬산 휴양림도로 확포장공사 외 1개소 통합건설사업관리용역,대구광역시 달성군,PQ,1485000000,1481473150,99.76250168,도화+대성+한백,100,1162759000,100.3914,N
20200325224 - 00,20200313,비슬산 휴양림도로 확포장공사 외 1개소 통합건설사업관리용역,대구광역시 달성군,PQ,1485000000,1481473150,99.76250168,이산+유한+상금,100,1156968000,99.8914,Y
20200325224 - 00,20200313,비슬산 휴양림도로 확포장공사 외 1개소 통합건설사업관리용역,대구광역시 달성군,PQ,1485000000,1481473150,99.76250168,다산+경림+한도,100,1169800000,100.9993,N
20200325224 - 00,20200313,비슬산 휴양림도로 확포장공사 외 1개소 통합건설사업관리용역,대구광역시 달성군,PQ,1485000000,1481473150,99.76250168,삼안+한백E+대성E,99.7,1152690000,99.2675,N
20200325224 - 00,20200313,비슬산 휴양림도로 확포장공사 외 1개소 통합건설사업관리용역,대구광역시 달성군,PQ,1485000000,1481473150,99.76250168,한종+유성E+동진,99.64,1176900000,101.3006,N
20200325224 - 00,20200313,비슬산 휴양림도로 확포장공사 외 1개소 통합건설사업관리용역,대구광역시 달성군,PQ,1485000000,1481473150,99.76250168,동성+유원+용마,99.35,1150490000,98.8001,N
20200325224 - 00,20200313,비슬산 휴양림도로 확포장공사 외 1개소 통합건설사업관리용역,대구광역시 달성군,PQ,1485000000,1481473150,99.76250168,수성+CEM,99.35,1157000000,99.3591,N
20200323094 - 00,20200313,군산시 노후하수관로 정비공사 건설사업관리용역,전라북도 군산시 수도사업소,PQ,1995298000,1979879400,99.22725327,건화+가온,100,1560890000,100.2993,N
20200323094 - 00,20200313,군산시 노후하수관로 정비공사 건설사업관리용역,전라북도 군산시 수도사업소,PQ,1995298000,1979879400,99.22725327,삼안+유일,100,1564530000,100.5332,N
20200323094 - 00,20200313,군산시 노후하수관로 정비공사 건설사업관리용역,전라북도 군산시 수도사업소,PQ,1995298000,1979879400,99.22725327,한종+현성,100,1550900000,99.6573,N
20200323094 - 00,20200313,군산시 노후하수관로 정비공사 건설사업관리용역,전라북도 군산시 수도사업소,PQ,1995298000,1979879400,99.22725327,이산+목양,100,1563500000,100.467,N
20200323094 - 00,20200313,군산시 노후하수관로 정비공사 건설사업관리용역,전라북도 군산시 수도사업소,PQ,1995298000,1979879400,99.22725327,동성+길건축,100,1568100000,100.7626,N
20200323094 - 00,20200313,군산시 노후하수관로 정비공사 건설사업관리용역,전라북도 군산시 수도사업소,PQ,1995298000,1979879400,99.22725327,도화+국성,100,1546300000,99.3617,N
20200323094 - 00,20200313,군산시 노후하수관로 정비공사 건설사업관리용역,전라북도 군산시 수도사업소,PQ,1995298000,1979879400,99.22725327,동명+JCN,100,1561900000,100.3642,N
20200323094 - 00,20200313,군산시 노후하수관로 정비공사 건설사업관리용역,전라북도 군산시 수도사업소,PQ,1995298000,1979879400,99.22725327,경동+대성,100,1545847000,99.3326,N
20200323094 - 00,20200313,군산시 노후하수관로 정비공사 건설사업관리용역,전라북도 군산시 수도사업소,PQ,1995298000,1979879400,99.22725327,동부+조화+유성,100,1562000000,100.3706,N
20200323094 - 00,20200313,군산시 노후하수관로 정비공사 건설사업관리용역,전라북도 군산시 수도사업소,PQ,1995298000,1979879400,99.22725327,KG+인우,100,1570550000,100.92,N
20200323094 - 00,20200313,군산시 노후하수관로 정비공사 건설사업관리용역,전라북도 군산시 수도사업소,PQ,1995298000,1979879400,99.22725327,경호+아라,100,1550147000,99.6089,N
20200323094 - 00,20200313,군산시 노후하수관로 정비공사 건설사업관리용역,전라북도 군산시 수도사업소,PQ,1995298000,1979879400,99.22725327,수성+더한건설,100,1544820000,99.2666,Y
20200323094 - 00,20200313,군산시 노후하수관로 정비공사 건설사업관리용역,전라북도 군산시 수도사업소,PQ,1995298000,1979879400,99.22725327,범한+대도,100,1553588000,99.8301,N
20200323094 - 00,20200313,군산시 노후하수관로 정비공사 건설사업관리용역,전라북도 군산시 수도사업소,PQ,1995298000,1979879400,99.22725327,건양+건일,100,1554365200,99.88,N
20200323094 - 00,20200313,군산시 노후하수관로 정비공사 건설사업관리용역,전라북도 군산시 수도사업소,PQ,1995298000,1979879400,99.22725327,선진+성원,99.99,1548330000,99.4794,N
20200323094 - 00,20200313,군산시 노후하수관로 정비공사 건설사업관리용역,전라북도 군산시 수도사업소,PQ,1995298000,1979879400,99.22725327,신명+한가람,99.91,1568333000,100.7001,N
20200323094 - 00,20200313,군산시 노후하수관로 정비공사 건설사업관리용역,전라북도 군산시 수도사업소,PQ,1995298000,1979879400,99.22725327,천일+서영,99.89,1585780000,101.7942,N
20200323094 - 00,20200313,군산시 노후하수관로 정비공사 건설사업관리용역,전라북도 군산시 수도사업소,PQ,1995298000,1979879400,99.22725327,KCM+천마,99.74,1539800000,98.7289,N
2020-02-000099-00,20200313,경부고속선 안전취약개소(대전북연결선) 건설공사 환경영향평가 용역 ,한국철도시설공단,PQ,510000000,516756862,101.3248749,신성+홍익,98.97,431350000,99.7799,N
2020-02-000099-00,20200313,경부고속선 안전취약개소(대전북연결선) 건설공사 환경영향평가 용역 ,한국철도시설공단,PQ,510000000,516756862,101.3248749,이산+한국환경,98.96,431859000,99.8976,N
2020-02-000099-00,20200313,경부고속선 안전취약개소(대전북연결선) 건설공사 환경영향평가 용역 ,한국철도시설공단,PQ,510000000,516756862,101.3248749,도화+신일,98.96,432640000,100.0783,N
2020-02-000099-00,20200313,경부고속선 안전취약개소(대전북연결선) 건설공사 환경영향평가 용역 ,한국철도시설공단,PQ,510000000,516756862,101.3248749,동명+드림,98.96,435460000,100.7306,N
2020-02-000099-00,20200313,경부고속선 안전취약개소(대전북연결선) 건설공사 환경영향평가 용역 ,한국철도시설공단,PQ,510000000,516756862,101.3248749,동성+디에스,98.96,430577000,99.6011,N
2020-02-000099-00,20200313,경부고속선 안전취약개소(대전북연결선) 건설공사 환경영향평가 용역 ,한국철도시설공단,PQ,510000000,516756862,101.3248749,한종+소운,98.96,433730000,100.3304,N
2020-02-000099-00,20200313,경부고속선 안전취약개소(대전북연결선) 건설공사 환경영향평가 용역 ,한국철도시설공단,PQ,510000000,516756862,101.3248749,선진+중천,98.96,432860000,100.1292,N
2020-02-000099-00,20200313,경부고속선 안전취약개소(대전북연결선) 건설공사 환경영향평가 용역 ,한국철도시설공단,PQ,510000000,516756862,101.3248749,삼안+경동,98.96,431145000,99.7325,N
2020-02-000099-00,20200313,경부고속선 안전취약개소(대전북연결선) 건설공사 환경영향평가 용역 ,한국철도시설공단,PQ,510000000,516756862,101.3248749,수성+한맥,98.92,434126000,100.4102,N
2020-02-000099-00,20200313,경부고속선 안전취약개소(대전북연결선) 건설공사 환경영향평가 용역 ,한국철도시설공단,PQ,510000000,516756862,101.3248749,서영+동일,98.92,434950000,100.6008,N
2020-02-000099-00,20200313,경부고속선 안전취약개소(대전북연결선) 건설공사 환경영향평가 용역 ,한국철도시설공단,PQ,510000000,516756862,101.3248749,동아+자연과사람,98.91,433660000,100.3024,N
2020-02-000099-00,20200313,경부고속선 안전취약개소(대전북연결선) 건설공사 환경영향평가 용역 ,한국철도시설공단,PQ,510000000,516756862,101.3248749,건화+우신,98.71,429200000,99.2474,N
2020-02-000099-00,20200313,경부고속선 안전취약개소(대전북연결선) 건설공사 환경영향평가 용역 ,한국철도시설공단,PQ,510000000,516756862,101.3248749,평화+세광,98.57,436600000,100.9467,N
2020-02-000099-00,20200313,경부고속선 안전취약개소(대전북연결선) 건설공사 환경영향평가 용역 ,한국철도시설공단,PQ,510000000,516756862,101.3248749,경호+KG,96.86,444000000,102.4523,Y
2020-02-000099-00,20200313,경부고속선 안전취약개소(대전북연결선) 건설공사 환경영향평가 용역 ,한국철도시설공단,PQ,510000000,516756862,101.3248749,유신+동해,95.97,429363000,98.97,N
20200324872 - 00,20200313,서대전IC~두계3가 도로확장공사 감독권한대행 건설사업관리용역,대전광역시 건설관리본부,PQ,2230760000,2253290725,101.0100022,동명+선구,100,1752000000,100.6965,N
20200324872 - 00,20200313,서대전IC~두계3가 도로확장공사 감독권한대행 건설사업관리용역,대전광역시 건설관리본부,PQ,2230760000,2253290725,101.0100022,건화+중부,99.98,1737000000,99.8088,N
20200324872 - 00,20200313,서대전IC~두계3가 도로확장공사 감독권한대행 건설사업관리용역,대전광역시 건설관리본부,PQ,2230760000,2253290725,101.0100022,유신+삼안+동양,99.56,1759256000,100.739,N
20200324872 - 00,20200313,서대전IC~두계3가 도로확장공사 감독권한대행 건설사업관리용역,대전광역시 건설관리본부,PQ,2230760000,2253290725,101.0100022,이산+경림,99.56,1737800000,99.5104,N
20200324872 - 00,20200313,서대전IC~두계3가 도로확장공사 감독권한대행 건설사업관리용역,대전광역시 건설관리본부,PQ,2230760000,2253290725,101.0100022,경동+아주,99.25,1736770000,99.2106,N
20200324872 - 00,20200313,서대전IC~두계3가 도로확장공사 감독권한대행 건설사업관리용역,대전광역시 건설관리본부,PQ,2230760000,2253290725,101.0100022,KG+포유,99.24,1707041000,97.5,N
20200324872 - 00,20200313,서대전IC~두계3가 도로확장공사 감독권한대행 건설사업관리용역,대전광역시 건설관리본부,PQ,2230760000,2253290725,101.0100022,도화+신화,99.2,1731900000,98.882,N
20200324872 - 00,20200313,서대전IC~두계3가 도로확장공사 감독권한대행 건설사업관리용역,대전광역시 건설관리본부,PQ,2230760000,2253290725,101.0100022,삼보+와텍,99.09,1771450000,101.05,Y
20200324872 - 00,20200313,서대전IC~두계3가 도로확장공사 감독권한대행 건설사업관리용역,대전광역시 건설관리본부,PQ,2230760000,2253290725,101.0100022,극동+아이팝,98.94,1776637000,101.23,N
20200324872 - 00,20200313,서대전IC~두계3가 도로확장공사 감독권한대행 건설사업관리용역,대전광역시 건설관리본부,PQ,2230760000,2253290725,101.0100022,홍익+상우,98.88,1789300000,101.8997,N
20200324872 - 00,20200313,서대전IC~두계3가 도로확장공사 감독권한대행 건설사업관리용역,대전광역시 건설관리본부,PQ,2230760000,2253290725,101.0100022,한종+도원,98.76,1732000000,98.5363,N
20200324726 - 02,20200313,삼척시 동지역 노후하수관로 정비사업 기본 및 실시설계용역,강원도 삼척시 하수도사업소,PQ,1355200000,1352225400,99.78050472,동명+서광+동남,98.71,1072900000,100.4366,Y
20200324726 - 02,20200313,삼척시 동지역 노후하수관로 정비사업 기본 및 실시설계용역,강원도 삼척시 하수도사업소,PQ,1355200000,1352225400,99.78050472,KG+미래+진화,97.88,1070900000,99.5798,N
20200324726 - 02,20200313,삼척시 동지역 노후하수관로 정비사업 기본 및 실시설계용역,강원도 삼척시 하수도사업소,PQ,1355200000,1352225400,99.78050472,건화+정+정원(국일),97.79,1074000000,99.7926,N
20200324726 - 02,20200313,삼척시 동지역 노후하수관로 정비사업 기본 및 실시설계용역,강원도 삼척시 하수도사업소,PQ,1355200000,1352225400,99.78050472,도화+삼주+일신,97.7,1087400000,100.9614,N
20200324726 - 02,20200313,삼척시 동지역 노후하수관로 정비사업 기본 및 실시설계용역,강원도 삼척시 하수도사업소,PQ,1355200000,1352225400,99.78050472,삼안+대성+이산,97.66,1086470000,100.8497,N
20200324726 - 02,20200313,삼척시 동지역 노후하수관로 정비사업 기본 및 실시설계용역,강원도 삼척시 하수도사업소,PQ,1355200000,1352225400,99.78050472,화신+경원+경동,97.6,1064980000,98.8052,N
20200324726 - 02,20200313,삼척시 동지역 노후하수관로 정비사업 기본 및 실시설계용역,강원도 삼척시 하수도사업소,PQ,1355200000,1352225400,99.78050472,한종+동서+제일+성우,97.43,1091700000,101.1443,N
20200326451 - 00,20200313,횡성군 폐기물 매립시설 2단계 조성사업 기본 및 실시설계,한국환경공단,PQ,621258000,618737325,99.59426277,한종+진화,98.25,538000000,100.8307,N
20200326451 - 00,20200313,횡성군 폐기물 매립시설 2단계 조성사업 기본 및 실시설계,한국환경공단,PQ,621258000,618737325,99.59426277,도화+일신,96.81,544500000,101.6701,N
20200326451 - 00,20200313,횡성군 폐기물 매립시설 2단계 조성사업 기본 및 실시설계,한국환경공단,PQ,621258000,618737325,99.59426277,선진+화신,96.78,534339000,99.7729,Y
20200326451 - 00,20200313,횡성군 폐기물 매립시설 2단계 조성사업 기본 및 실시설계,한국환경공단,PQ,621258000,618737325,99.59426277,건화+정,96.25,532980000,99.3808,N
20200326451 - 00,20200313,횡성군 폐기물 매립시설 2단계 조성사업 기본 및 실시설계,한국환경공단,PQ,621258000,618737325,99.59426277,동일+서광,91.71,555000000,102.3016,N
20200323374 - 00,20200313,세종특별자치시 수도정비기본계획(변경) 등 수립용역,세종특별자치시,PQ,2592692000,2586443650,99.75900145,HEC+장맥+이산,99.49,2037430000,100.3301,N
20200323374 - 00,20200313,세종특별자치시 수도정비기본계획(변경) 등 수립용역,세종특별자치시,PQ,2592692000,2586443650,99.75900145,도화+홍익,99.3,2046660000,100.6305,N
20200323374 - 00,20200313,세종특별자치시 수도정비기본계획(변경) 등 수립용역,세종특별자치시,PQ,2592692000,2586443650,99.75900145,동명+천마,99.28,2033300000,99.9481,Y
20200323374 - 00,20200313,세종특별자치시 수도정비기본계획(변경) 등 수립용역,세종특별자치시,PQ,2592692000,2586443650,99.75900145,삼안+한맥,99.27,2048200000,100.6805,N
20200323374 - 00,20200313,세종특별자치시 수도정비기본계획(변경) 등 수립용역,세종특별자치시,PQ,2592692000,2586443650,99.75900145,한종+경동,99.24,2060000000,101.2348,N
20200323374 - 00,20200313,세종특별자치시 수도정비기본계획(변경) 등 수립용역,세종특별자치시,PQ,2592692000,2586443650,99.75900145,건화+드림,99.21,2082000000,102.2898,N
20200320903 - 00,20200311,포천시 노후하수관로 정밀조사용역(제2차),경기도 포천시 안전도시국 상하수과,PQ,1225000000,1229327325,100.353251,선진+이산+KG,99.75,964860000,100.7793,Y
20200320903 - 00,20200311,포천시 노후하수관로 정밀조사용역(제2차),경기도 포천시 안전도시국 상하수과,PQ,1225000000,1229327325,100.353251,삼안+건화,97.85,965800000,99.327,N
20200320903 - 00,20200311,포천시 노후하수관로 정밀조사용역(제2차),경기도 포천시 안전도시국 상하수과,PQ,1225000000,1229327325,100.353251,제일+경호,97.85,990800000,101.8981,N
20200320903 - 00,20200311,포천시 노후하수관로 정밀조사용역(제2차),경기도 포천시 안전도시국 상하수과,PQ,1225000000,1229327325,100.353251,동명+경동,97.7,963775000,98.994,N
20200320903 - 00,20200311,포천시 노후하수관로 정밀조사용역(제2차),경기도 포천시 안전도시국 상하수과,PQ,1225000000,1229327325,100.353251,한종+도화,97.7,963200000,98.935,N
20200327487 - 00,20200313,서면 덕두원리 농어촌마을하수도 건설공사 실시설계용역,강원도 춘천시 상하수도사업본부,PQ,265543000,263716775,99.31226769,건화+정(국일),100,229655000,99.7003,N
20200327487 - 00,20200313,서면 덕두원리 농어촌마을하수도 건설공사 실시설계용역,강원도 춘천시 상하수도사업본부,PQ,265543000,263716775,99.31226769,KG+서광,100,237463000,103.09,N
20200327487 - 00,20200313,서면 덕두원리 농어촌마을하수도 건설공사 실시설계용역,강원도 춘천시 상하수도사업본부,PQ,265543000,263716775,99.31226769,도화+일신,100,229815000,99.7698,N
20200327487 - 00,20200313,서면 덕두원리 농어촌마을하수도 건설공사 실시설계용역,강원도 춘천시 상하수도사업본부,PQ,265543000,263716775,99.31226769,삼안+대성,100,231220000,100.3797,N
20200327487 - 00,20200313,서면 덕두원리 농어촌마을하수도 건설공사 실시설계용역,강원도 춘천시 상하수도사업본부,PQ,265543000,263716775,99.31226769,경동+경원,100,230900000,100.2408,N
20200327487 - 00,20200313,서면 덕두원리 농어촌마을하수도 건설공사 실시설계용역,강원도 춘천시 상하수도사업본부,PQ,265543000,263716775,99.31226769,동명+진화,99.97,230600000,100.099,N
20200327487 - 00,20200313,서면 덕두원리 농어촌마을하수도 건설공사 실시설계용역,강원도 춘천시 상하수도사업본부,PQ,265543000,263716775,99.31226769,범한+정원,99.91,228860000,99.3437,Y
20200327487 - 00,20200313,서면 덕두원리 농어촌마을하수도 건설공사 실시설계용역,강원도 춘천시 상하수도사업본부,PQ,265543000,263716775,99.31226769,이산+화신,99.77,229150000,99.4582,N
20200327487 - 00,20200313,서면 덕두원리 농어촌마을하수도 건설공사 실시설계용역,강원도 춘천시 상하수도사업본부,PQ,265543000,263716775,99.31226769,삼주+HEC,99.63,229091000,99.4096,N
20200327487 - 00,20200313,서면 덕두원리 농어촌마을하수도 건설공사 실시설계용역,강원도 춘천시 상하수도사업본부,PQ,265543000,263716775,99.31226769,경호+동남,99.43,232269000,100.7771,N
20200327487 - 00,20200313,서면 덕두원리 농어촌마을하수도 건설공사 실시설계용역,강원도 춘천시 상하수도사업본부,PQ,265543000,263716775,99.31226769,고려+선진,99.02,232300000,100.7441,N
20200327487 - 00,20200313,서면 덕두원리 농어촌마을하수도 건설공사 실시설계용역,강원도 춘천시 상하수도사업본부,PQ,265543000,263716775,99.31226769,한종+동서,98.03,228600000,99.0482,N
20200327660 - 00,20200316,용산·유곡·영산강천·포두천 하천재해예방사업 실시설계용역,전라남도,PQ,776787000,778222150,100.1847546,건화+원우,98.51,669503000,100.4238,Y
20200327660 - 00,20200316,용산·유곡·영산강천·포두천 하천재해예방사업 실시설계용역,전라남도,PQ,776787000,778222150,100.1847546,KSM+우영,94.43,694000000,103.018,N
20200327761 - 01,20200316,대마 전기자동차 산업단지 환경영향평가(재협의) 용역,전라남도 영광군,PQ,438020000,432447350,98.72776357,동아+이산+씨엔에스,99.63,379370000,99.7986,N
20200327761 - 01,20200316,대마 전기자동차 산업단지 환경영향평가(재협의) 용역,전라남도 영광군,PQ,438020000,432447350,98.72776357,선진+한기+신일환경,99.61,381200000,100.28,N
20200327761 - 01,20200316,대마 전기자동차 산업단지 환경영향평가(재협의) 용역,전라남도 영광군,PQ,438020000,432447350,98.72776357,동부+평화+레오,99.45,382140000,100.5157,N
20200327761 - 01,20200316,대마 전기자동차 산업단지 환경영향평가(재협의) 용역,전라남도 영광군,PQ,438020000,432447350,98.72776357,도화+대현기술,99.43,380425000,100.0646,N
20200327761 - 01,20200316,대마 전기자동차 산업단지 환경영향평가(재협의) 용역,전라남도 영광군,PQ,438020000,432447350,98.72776357,서영+신오+퍼스트,99.26,382170000,100.5004,N
20200327761 - 01,20200316,대마 전기자동차 산업단지 환경영향평가(재협의) 용역,전라남도 영광군,PQ,438020000,432447350,98.72776357,다산+이에스테크,99.11,378390000,99.4949,N
20200327761 - 01,20200316,대마 전기자동차 산업단지 환경영향평가(재협의) 용역,전라남도 영광군,PQ,438020000,432447350,98.72776357,KG+한맥+일월,99.06,378105000,99.42,N
20200327761 - 01,20200316,대마 전기자동차 산업단지 환경영향평가(재협의) 용역,전라남도 영광군,PQ,438020000,432447350,98.72776357,홍익+신성+한솔,98.97,378605000,99.54,N
20200327761 - 01,20200316,대마 전기자동차 산업단지 환경영향평가(재협의) 용역,전라남도 영광군,PQ,438020000,432447350,98.72776357,동일+하우원,98.71,378000000,99.358,N
20200327761 - 01,20200316,대마 전기자동차 산업단지 환경영향평가(재협의) 용역,전라남도 영광군,PQ,438020000,432447350,98.72776357,수성+신명+(유)세종,98.66,377520000,99.2205,N
20200327761 - 01,20200316,대마 전기자동차 산업단지 환경영향평가(재협의) 용역,전라남도 영광군,PQ,438020000,432447350,98.72776357,건화+상원+우신,98.64,386000000,101.4492,N
20200327761 - 01,20200316,대마 전기자동차 산업단지 환경영향평가(재협의) 용역,전라남도 영광군,PQ,438020000,432447350,98.72776357,동성+우리종합,98.25,377116000,99.0801,N
20200327761 - 01,20200316,대마 전기자동차 산업단지 환경영향평가(재협의) 용역,전라남도 영광군,PQ,438020000,432447350,98.72776357,삼안+화신+세원,98,376970000,99.0189,Y
20200327761 - 01,20200316,대마 전기자동차 산업단지 환경영향평가(재협의) 용역,전라남도 영광군,PQ,438020000,432447350,98.72776357,동명+우영,97.33,388580000,101.9981,N
20200327079 - 00,20200316,거창군 하수도정비기본계획(변경) 수립 용역,경상남도 거창군수도사업소,PQ,834000000,838372275,100.5242536,한종+우진+HEC,98.94,716200000,100.1636,N
20200327079 - 00,20200316,거창군 하수도정비기본계획(변경) 수립 용역,경상남도 거창군수도사업소,PQ,834000000,838372275,100.5242536,화신+혜인+로텍,97.88,716890000,99.9919,N
20200327079 - 00,20200316,거창군 하수도정비기본계획(변경) 수립 용역,경상남도 거창군수도사업소,PQ,834000000,838372275,100.5242536,동명+KSM,97.84,721120000,100.5702,Y
20200327079 - 00,20200316,거창군 하수도정비기본계획(변경) 수립 용역,경상남도 거창군수도사업소,PQ,834000000,838372275,100.5242536,유신+천진,97.83,713303000,99.48,N
20200327079 - 00,20200316,거창군 하수도정비기본계획(변경) 수립 용역,경상남도 거창군수도사업소,PQ,834000000,838372275,100.5242536,KG+한성,97.77,712034000,99.2799,N
20200327079 - 00,20200316,거창군 하수도정비기본계획(변경) 수립 용역,경상남도 거창군수도사업소,PQ,834000000,838372275,100.5242536,도화+경화,97.69,723330000,100.8432,N
20200327079 - 00,20200316,거창군 하수도정비기본계획(변경) 수립 용역,경상남도 거창군수도사업소,PQ,834000000,838372275,100.5242536,이산+수성,97.59,725700000,101.1384,N
20200327079 - 00,20200316,거창군 하수도정비기본계획(변경) 수립 용역,경상남도 거창군수도사업소,PQ,834000000,838372275,100.5242536,범한+건화,97.58,714200000,99.5356,N
20200327079 - 00,20200316,거창군 하수도정비기본계획(변경) 수립 용역,경상남도 거창군수도사업소,PQ,834000000,838372275,100.5242536,건양+금성,97.56,712652600,99.32,N
20200327079 - 00,20200316,거창군 하수도정비기본계획(변경) 수립 용역,경상남도 거창군수도사업소,PQ,834000000,838372275,100.5242536,정+경동+하우,97.51,712594000,99.3003,N
20200327079 - 00,20200316,거창군 하수도정비기본계획(변경) 수립 용역,경상남도 거창군수도사업소,PQ,834000000,838372275,100.5242536,제일+한올,97.51,734120000,102.2999,N
20200327079 - 00,20200316,거창군 하수도정비기본계획(변경) 수립 용역,경상남도 거창군수도사업소,PQ,834000000,838372275,100.5242536,삼안+신화,97.51,710820000,99.0531,N
20200327581 - 00,20200316,지도1 하수관로 정비사업 기본 및 실시설계용역,경기도 고양시,PQ,657690000,659794675,100.3200102,도화+삼안,98.24,563620000,99.781,N
20200327581 - 00,20200316,지도1 하수관로 정비사업 기본 및 실시설계용역,경기도 고양시,PQ,657690000,659794675,100.3200102,KG+유신,98.18,564310000,99.8799,N
20200327581 - 00,20200316,지도1 하수관로 정비사업 기본 및 실시설계용역,경기도 고양시,PQ,657690000,659794675,100.3200102,선진+제일,97.91,567765000,100.433,Y
20200327581 - 00,20200316,지도1 하수관로 정비사업 기본 및 실시설계용역,경기도 고양시,PQ,657690000,659794675,100.3200102,범한+동부,97.8,569030000,100.6216,N
20200327581 - 00,20200316,지도1 하수관로 정비사업 기본 및 실시설계용역,경기도 고양시,PQ,657690000,659794675,100.3200102,동명+경동,97.7,569760000,100.7273,N
20200327581 - 00,20200316,지도1 하수관로 정비사업 기본 및 실시설계용역,경기도 고양시,PQ,657690000,659794675,100.3200102,한종+서영,97.4,561500000,99.1863,N
20200327581 - 00,20200316,지도1 하수관로 정비사업 기본 및 실시설계용역,경기도 고양시,PQ,657690000,659794675,100.3200102,이산+수성,97.38,575000000,101.571,N
20200327581 - 00,20200316,지도1 하수관로 정비사업 기본 및 실시설계용역,경기도 고양시,PQ,657690000,659794675,100.3200102,건화+경화,97.32,569600000,100.6054,N
20200333529 - 00,20200313,지방도463호선 문혜~대곡 도로확포장공사 감독권한대행등 건설사업관리용역,강원도,PQ,2659400000,2658003875,99.94750226,건화+대상+하나(석우),100,2078300000,100.1977,Y
20200333529 - 00,20200313,지방도463호선 문혜~대곡 도로확포장공사 감독권한대행등 건설사업관리용역,강원도,PQ,2659400000,2658003875,99.94750226,동부+이레+JM+한종,99.89,2080320000,100.1923,N
20200333529 - 00,20200313,지방도463호선 문혜~대곡 도로확포장공사 감독권한대행등 건설사업관리용역,강원도,PQ,2659400000,2658003875,99.94750226,삼안+건일+청솔,99.6,2084280000,100.1522,N
20200333529 - 00,20200313,지방도463호선 문혜~대곡 도로확포장공사 감독권한대행등 건설사업관리용역,강원도,PQ,2659400000,2658003875,99.94750226,용마+형제+건우,99.28,2071000000,99.2477,N
20200333529 - 00,20200313,지방도463호선 문혜~대곡 도로확포장공사 감독권한대행등 건설사업관리용역,강원도,PQ,2659400000,2658003875,99.94750226,KCM+다음+JH+한바로,99.27,2088480000,100.0854,N
20200333529 - 00,20200313,지방도463호선 문혜~대곡 도로확포장공사 감독권한대행등 건설사업관리용역,강원도,PQ,2659400000,2658003875,99.94750226,신명+서윤+태백,99.24,2112300000,101.2011,N
20200327999 - 00,20200316,2025 사천 도시관리계획(재정비) 수립 용역,경상남도 사천시,PQ,880000000,888060800,100.916,건화+경화,97.97,758580000,100.2993,N
20200327999 - 00,20200316,2025 사천 도시관리계획(재정비) 수립 용역,경상남도 사천시,PQ,880000000,888060800,100.916,동명+이솔+범한,97.9,751950000,99.3996,N
20200327999 - 00,20200316,2025 사천 도시관리계획(재정비) 수립 용역,경상남도 사천시,PQ,880000000,888060800,100.916,경호+수성,97.76,763300000,100.8647,N
20200327999 - 00,20200316,2025 사천 도시관리계획(재정비) 수립 용역,경상남도 사천시,PQ,880000000,888060800,100.916,KG+유신+하우,97.02,751190000,99.0801,N
20200327999 - 00,20200316,2025 사천 도시관리계획(재정비) 수립 용역,경상남도 사천시,PQ,880000000,888060800,100.916,도화+한성,96.98,767200000,101.1801,Y
20200327999 - 00,20200316,2025 사천 도시관리계획(재정비) 수립 용역,경상남도 사천시,PQ,880000000,888060800,100.916,삼안+천진+한맥,95.87,771540000,101.4698,N
20200327999 - 00,20200316,2025 사천 도시관리계획(재정비) 수립 용역,경상남도 사천시,PQ,880000000,888060800,100.916,제일+우리,95.47,752555000,98.87,N
20200327999 - 00,20200316,2025 사천 도시관리계획(재정비) 수립 용역,경상남도 사천시,PQ,880000000,888060800,100.916,화신+신화,94.74,769189000,100.8688,N
20200329008 - 00,20200316,와부~화도 국지도 건설공사 감독권한대행 등 건설사업관리용역,경기도 경기도건설본부,PQ,1280972000,1291687375,100.8365035,건화+경동,100,1006980000,100.7893,N
20200329008 - 00,20200316,와부~화도 국지도 건설공사 감독권한대행 등 건설사업관리용역,경기도 경기도건설본부,PQ,1280972000,1291687375,100.8365035,한종+평화,100,1000000000,100.0907,N
20200329008 - 00,20200316,와부~화도 국지도 건설공사 감독권한대행 등 건설사업관리용역,경기도 경기도건설본부,PQ,1280972000,1291687375,100.8365035,동명+대원,100,992100000,99.3,N
20200329008 - 00,20200316,와부~화도 국지도 건설공사 감독권한대행 등 건설사업관리용역,경기도 경기도건설본부,PQ,1280972000,1291687375,100.8365035,이산+유신,100,999999000,100.0906,N
20200329008 - 00,20200316,와부~화도 국지도 건설공사 감독권한대행 등 건설사업관리용역,경기도 경기도건설본부,PQ,1280972000,1291687375,100.8365035,극동+선진,100,994797000,99.5699,N
20200329008 - 00,20200316,와부~화도 국지도 건설공사 감독권한대행 등 건설사업관리용역,경기도 경기도건설본부,PQ,1280972000,1291687375,100.8365035,대콘+동우,100,994370000,99.5272,N
20200329008 - 00,20200316,와부~화도 국지도 건설공사 감독권한대행 등 건설사업관리용역,경기도 경기도건설본부,PQ,1280972000,1291687375,100.8365035,신성+천마,99.85,995880000,99.5507,N
20200329008 - 00,20200316,와부~화도 국지도 건설공사 감독권한대행 등 건설사업관리용역,경기도 경기도건설본부,PQ,1280972000,1291687375,100.8365035,동해+삼안,99.83,992999000,99.25,N
20200329008 - 00,20200316,와부~화도 국지도 건설공사 감독권한대행 등 건설사업관리용역,경기도 경기도건설본부,PQ,1280972000,1291687375,100.8365035,경호+KSM,99.8,1008660000,100.7895,N
20200329008 - 00,20200316,와부~화도 국지도 건설공사 감독권한대행 등 건설사업관리용역,경기도 경기도건설본부,PQ,1280972000,1291687375,100.8365035,동부+장맥,99.8,1006610000,100.5846,N
20200329008 - 00,20200316,와부~화도 국지도 건설공사 감독권한대행 등 건설사업관리용역,경기도 경기도건설본부,PQ,1280972000,1291687375,100.8365035,다산+용마,99.8,994697000,99.3942,N
20200329008 - 00,20200316,와부~화도 국지도 건설공사 감독권한대행 등 건설사업관리용역,경기도 경기도건설본부,PQ,1280972000,1291687375,100.8365035,경원+벽산,99.8,992870000,99.2117,N
20200329008 - 00,20200316,와부~화도 국지도 건설공사 감독권한대행 등 건설사업관리용역,경기도 경기도건설본부,PQ,1280972000,1291687375,100.8365035,KCI+목양,99.7,1016700000,101.5019,N
20200329008 - 00,20200316,와부~화도 국지도 건설공사 감독권한대행 등 건설사업관리용역,경기도 경기도건설본부,PQ,1280972000,1291687375,100.8365035,신명+다음,99.63,1010777000,100.859,Y
20200329008 - 00,20200316,와부~화도 국지도 건설공사 감독권한대행 등 건설사업관리용역,경기도 경기도건설본부,PQ,1280972000,1291687375,100.8365035,한맥+오이디,99.6,1011311000,100.8865,N
20200329008 - 00,20200316,와부~화도 국지도 건설공사 감독권한대행 등 건설사업관리용역,경기도 경기도건설본부,PQ,1280972000,1291687375,100.8365035,천일+내경,99.53,995400000,99.2358,N
20200329008 - 00,20200316,와부~화도 국지도 건설공사 감독권한대행 등 건설사업관리용역,경기도 경기도건설본부,PQ,1280972000,1291687375,100.8365035,동성+효광,99.42,989880000,98.5974,N
20200329008 - 00,20200316,와부~화도 국지도 건설공사 감독권한대행 등 건설사업관리용역,경기도 경기도건설본부,PQ,1280972000,1291687375,100.8365035,삼보+건영,99.4,1014930000,101.0796,N
20200329008 - 00,20200316,와부~화도 국지도 건설공사 감독권한대행 등 건설사업관리용역,경기도 경기도건설본부,PQ,1280972000,1291687375,100.8365035,서영+조화,99.36,990300000,98.6015,N
20200329008 - 00,20200316,와부~화도 국지도 건설공사 감독권한대행 등 건설사업관리용역,경기도 경기도건설본부,PQ,1280972000,1291687375,100.8365035,태조+서현+하이콘,99.33,990991000,98.6451,N
20200329008 - 00,20200316,와부~화도 국지도 건설공사 감독권한대행 등 건설사업관리용역,경기도 경기도건설본부,PQ,1280972000,1291687375,100.8365035,KCM+지유,99.29,1019940000,101.4879,N
20200329008 - 00,20200316,와부~화도 국지도 건설공사 감독권한대행 등 건설사업관리용역,경기도 경기도건설본부,PQ,1280972000,1291687375,100.8365035,홍익+케이아트,99.11,976200000,96.9996,N
20200329008 - 00,20200316,와부~화도 국지도 건설공사 감독권한대행 등 건설사업관리용역,경기도 경기도건설본부,PQ,1280972000,1291687375,100.8365035,수성+토아,99.04,1222525000,121.3983,N
20200329658 - 00,20200316,노후 상수관로 정밀조사 용역,대전광역시 상수도사업본부,PQ,973496000,972325425,99.87975554,도화+그린환경,99,833100000,99.8404,N
20200329658 - 00,20200316,노후 상수관로 정밀조사 용역,대전광역시 상수도사업본부,PQ,973496000,972325425,99.87975554,서용+유솔,98.37,766997000,91.7686,N
20200329658 - 00,20200316,노후 상수관로 정밀조사 용역,대전광역시 상수도사업본부,PQ,973496000,972325425,99.87975554,한종+와텍,97.89,839400000,100.3028,Y
20200329658 - 00,20200316,노후 상수관로 정밀조사 용역,대전광역시 상수도사업본부,PQ,973496000,972325425,99.87975554,건화+선구,97.67,832300000,99.3966,N
20200329658 - 00,20200316,노후 상수관로 정밀조사 용역,대전광역시 상수도사업본부,PQ,973496000,972325425,99.87975554,삼안+동양,97.61,844800000,100.8777,N
20200329658 - 00,20200316,노후 상수관로 정밀조사 용역,대전광역시 상수도사업본부,PQ,973496000,972325425,99.87975554,동명+상우,97.15,830460000,99.0502,N
20200329658 - 00,20200316,노후 상수관로 정밀조사 용역,대전광역시 상수도사업본부,PQ,973496000,972325425,99.87975554,이산+중부,97.15,831380000,99.1599,N
20200329658 - 00,20200316,노후 상수관로 정밀조사 용역,대전광역시 상수도사업본부,PQ,973496000,972325425,99.87975554,한일+경호,97.02,832470000,99.2554,N
20200329449 - 00,20200316,새만금지구 국가산업단지 조성사업 사후환경영향조사 용역,한국농어촌공사,PQ,645600000,648747350,100.4875077,화신+신일환경+세일,98.22,554360000,100.4004,N
20200329449 - 00,20200316,새만금지구 국가산업단지 조성사업 사후환경영향조사 용역,한국농어촌공사,PQ,645600000,648747350,100.4875077,동명+동아+마린,98.36,552343000,100,N
20200329449 - 00,20200316,새만금지구 국가산업단지 조성사업 사후환경영향조사 용역,한국농어촌공사,PQ,645600000,648747350,100.4875077,동성+서영+퍼스트,98.14,555318000,100.4799,N
20200329449 - 00,20200316,새만금지구 국가산업단지 조성사업 사후환경영향조사 용역,한국농어촌공사,PQ,645600000,648747350,100.4875077,도화+국토환경,98.13,555340000,100.4369,N
20200329449 - 00,20200316,새만금지구 국가산업단지 조성사업 사후환경영향조사 용역,한국농어촌공사,PQ,645600000,648747350,100.4875077,선진+세광+한국환경,97.98,555990000,100.5545,Y
20200329449 - 00,20200316,새만금지구 국가산업단지 조성사업 사후환경영향조사 용역,한국농어촌공사,PQ,645600000,648747350,100.4875077,이산+엔탑+이엔씨,97.65,557770000,100.8176,N
20200329449 - 00,20200316,새만금지구 국가산업단지 조성사업 사후환경영향조사 용역,한국농어촌공사,PQ,645600000,648747350,100.4875077,신성+예평+디에스,97.68,549950000,99.3925,N
20200329449 - 00,20200316,새만금지구 국가산업단지 조성사업 사후환경영향조사 용역,한국농어촌공사,PQ,645600000,648747350,100.4875077,KG+대영+휴먼,97.56,552148000,99.7199,N
20200329449 - 00,20200316,새만금지구 국가산업단지 조성사업 사후환경영향조사 용역,한국농어촌공사,PQ,645600000,648747350,100.4875077,한맥+한종+홍익+한누리,97.55,559229000,100.9988,N
20200329449 - 00,20200316,새만금지구 국가산업단지 조성사업 사후환경영향조사 용역,한국농어촌공사,PQ,645600000,648747350,100.4875077,다산+경호+선일+자연과사람,97.61,549945000,99.2989,N
20200329449 - 00,20200316,새만금지구 국가산업단지 조성사업 사후환경영향조사 용역,한국농어촌공사,PQ,645600000,648747350,100.4875077,삼안+메이텍+대현,97.81,560450000,101.1603,N
20200329449 - 00,20200316,새만금지구 국가산업단지 조성사업 사후환경영향조사 용역,한국농어촌공사,PQ,645600000,648747350,100.4875077,건화+우신,97.06,563600000,101.5514,N
20200328484 - 00,20200316,5호선 까치산외 8역 승강편의시설 설치공사 감독권한대행 등 건설사업관리 용역,서울교통공사,PQ,1818168000,1820413475,100.1235021,동해+동일+팬코,100,1428630000,100.744,N
20200328484 - 00,20200316,5호선 까치산외 8역 승강편의시설 설치공사 감독권한대행 등 건설사업관리 용역,서울교통공사,PQ,1818168000,1820413475,100.1235021,신성+유신,99.65,1424980000,100.1911,Y
20200328484 - 00,20200316,5호선 까치산외 8역 승강편의시설 설치공사 감독권한대행 등 건설사업관리 용역,서울교통공사,PQ,1818168000,1820413475,100.1235021,동부+예성+이음,99.19,1463220000,102.4998,N
20200328484 - 00,20200316,5호선 까치산외 8역 승강편의시설 설치공사 감독권한대행 등 건설사업관리 용역,서울교통공사,PQ,1818168000,1820413475,100.1235021,건화+대콘+경호,95.83,1500000000,102.2756,N
20200329291 - 00,20200316,2020년 대아저수지 둑 높이기사업 등 4개지구 사후환경영향조사 용역,한국농어촌공사,PQ,526400000,527146225,100.1417601,서영+퍼스트,98.89,457800000,100.2572,Y
20200329291 - 00,20200316,2020년 대아저수지 둑 높이기사업 등 4개지구 사후환경영향조사 용역,한국농어촌공사,PQ,526400000,527146225,100.1417601,동아+동명+한솔,98.36,456180000,99.9024,N
20200329291 - 00,20200316,2020년 대아저수지 둑 높이기사업 등 4개지구 사후환경영향조사 용역,한국농어촌공사,PQ,526400000,527146225,100.1417601,홍익+한종+마린,98.19,456849000,100.0489,N
20200329291 - 00,20200316,2020년 대아저수지 둑 높이기사업 등 4개지구 사후환경영향조사 용역,한국농어촌공사,PQ,526400000,527146225,100.1417601,도화+신일환경,98.17,457860000,100.2703,N
20200329291 - 00,20200316,2020년 대아저수지 둑 높이기사업 등 4개지구 사후환경영향조사 용역,한국농어촌공사,PQ,526400000,527146225,100.1417601,이산+국토환경,98.16,456100000,99.8849,N
20200329291 - 00,20200316,2020년 대아저수지 둑 높이기사업 등 4개지구 사후환경영향조사 용역,한국농어촌공사,PQ,526400000,527146225,100.1417601,천일+KCI+소운,97.92,457200000,100.1258,N
20200329291 - 00,20200316,2020년 대아저수지 둑 높이기사업 등 4개지구 사후환경영향조사 용역,한국농어촌공사,PQ,526400000,527146225,100.1417601,동성+디에스,97.9,457950000,100.29,N
20200329291 - 00,20200316,2020년 대아저수지 둑 높이기사업 등 4개지구 사후환경영향조사 용역,한국농어촌공사,PQ,526400000,527146225,100.1417601,동부+태영,97.86,458920000,100.5025,N
20200329291 - 00,20200316,2020년 대아저수지 둑 높이기사업 등 4개지구 사후환경영향조사 용역,한국농어촌공사,PQ,526400000,527146225,100.1417601,경동+동해+선진환경,97.7,455689000,99.7949,N
20200329291 - 00,20200316,2020년 대아저수지 둑 높이기사업 등 4개지구 사후환경영향조사 용역,한국농어촌공사,PQ,526400000,527146225,100.1417601,화신+수성+CNS,97.48,457989000,100.2986,N
20200329291 - 00,20200316,2020년 대아저수지 둑 높이기사업 등 4개지구 사후환경영향조사 용역,한국농어촌공사,PQ,526400000,527146225,100.1417601,KG+보람,97.34,456717000,100.02,N
20200329291 - 00,20200316,2020년 대아저수지 둑 높이기사업 등 4개지구 사후환경영향조사 용역,한국농어촌공사,PQ,526400000,527146225,100.1417601,신성+효산,97.51,454430000,99.4962,N
20200329291 - 00,20200316,2020년 대아저수지 둑 높이기사업 등 4개지구 사후환경영향조사 용역,한국농어촌공사,PQ,526400000,527146225,100.1417601,삼안+양지,97.81,455180000,99.6489,N
20200329291 - 00,20200316,2020년 대아저수지 둑 높이기사업 등 4개지구 사후환경영향조사 용역,한국농어촌공사,PQ,526400000,527146225,100.1417601,평화+대현,97.19,460240000,100.7451,N
20200329291 - 00,20200316,2020년 대아저수지 둑 높이기사업 등 4개지구 사후환경영향조사 용역,한국농어촌공사,PQ,526400000,527146225,100.1417601,경호+다산+한맥,96.55,454433000,99.4739,N
20200329291 - 00,20200316,2020년 대아저수지 둑 높이기사업 등 4개지구 사후환경영향조사 용역,한국농어촌공사,PQ,526400000,527146225,100.1417601,동일+휴먼,97.44,460500000,100.7788,N
20200329291 - 00,20200316,2020년 대아저수지 둑 높이기사업 등 4개지구 사후환경영향조사 용역,한국농어촌공사,PQ,526400000,527146225,100.1417601,우신+건화,97.7,455803000,99.7508,N
20200329291 - 00,20200316,2020년 대아저수지 둑 높이기사업 등 4개지구 사후환경영향조사 용역,한국농어촌공사,PQ,526400000,527146225,100.1417601,유신+레오+한국항만,93.6,467315000,101.9999,N
20200329050 - 00,20200316,남동구 노후불량 하수관로 정밀조사용역(2차),인천광역시 남동구,PQ,674212000,668371700,99.13375911,건화+장원,97.82,579100000,99.9045,N
20200329050 - 00,20200316,남동구 노후불량 하수관로 정밀조사용역(2차),인천광역시 남동구,PQ,674212000,668371700,99.13375911,선진+도담,97.79,580190000,100.0809,N
20200329050 - 00,20200316,남동구 노후불량 하수관로 정밀조사용역(2차),인천광역시 남동구,PQ,674212000,668371700,99.13375911,이산+바우,97.76,578620000,99.7984,N
20200329050 - 00,20200316,남동구 노후불량 하수관로 정밀조사용역(2차),인천광역시 남동구,PQ,674212000,668371700,99.13375911,한종+일진,97.55,580100000,100.0072,N
20200329050 - 00,20200316,남동구 노후불량 하수관로 정밀조사용역(2차),인천광역시 남동구,PQ,674212000,668371700,99.13375911,KG+고산,97.28,580579000,100.02,N
20200329050 - 00,20200316,남동구 노후불량 하수관로 정밀조사용역(2차),인천광역시 남동구,PQ,674212000,668371700,99.13375911,삼안+극동,97.18,586960000,101.0841,N
20200329050 - 00,20200316,남동구 노후불량 하수관로 정밀조사용역(2차),인천광역시 남동구,PQ,674212000,668371700,99.13375911,제일+동남,97.09,576560000,99.27,Y
20200329050 - 00,20200316,남동구 노후불량 하수관로 정밀조사용역(2차),인천광역시 남동구,PQ,674212000,668371700,99.13375911,도화+경서,96.34,575800000,98.9553,N
20200329050 - 00,20200316,남동구 노후불량 하수관로 정밀조사용역(2차),인천광역시 남동구,PQ,674212000,668371700,99.13375911,범한+명인,96.32,589440000,101.2995,N
20200329050 - 00,20200316,남동구 노후불량 하수관로 정밀조사용역(2차),인천광역시 남동구,PQ,674212000,668371700,99.13375911,브니엘,96,577282180,99.1297,N
20200329050 - 00,20200316,남동구 노후불량 하수관로 정밀조사용역(2차),인천광역시 남동구,PQ,674212000,668371700,99.13375911,동명+청해,95.55,576200000,98.8294,N
20200329007 - 00,20200316,남동구 노후불량 하수관로 정밀조사용역(1차),인천광역시 남동구,PQ,1000703000,992925100,99.2227564,건화+장원,97.97,859190000,99.8995,N
20200329007 - 00,20200316,남동구 노후불량 하수관로 정밀조사용역(1차),인천광역시 남동구,PQ,1000703000,992925100,99.2227564,선진+도담,97.87,860950000,100.0809,N
20200329007 - 00,20200316,남동구 노후불량 하수관로 정밀조사용역(1차),인천광역시 남동구,PQ,1000703000,992925100,99.2227564,한종+이산+일진+바우,97.8,863300000,100.3307,N
20200329007 - 00,20200316,남동구 노후불량 하수관로 정밀조사용역(1차),인천광역시 남동구,PQ,1000703000,992925100,99.2227564,도화+브니엘,97.61,856100000,99.4477,Y
20200329007 - 00,20200316,남동구 노후불량 하수관로 정밀조사용역(1차),인천광역시 남동구,PQ,1000703000,992925100,99.2227564,KG+고산,97.3,866035000,100.52,N
20200329007 - 00,20200316,남동구 노후불량 하수관로 정밀조사용역(1차),인천광역시 남동구,PQ,1000703000,992925100,99.2227564,삼안+극동,97,855140000,99.1863,N
20200329007 - 00,20200316,남동구 노후불량 하수관로 정밀조사용역(1차),인천광역시 남동구,PQ,1000703000,992925100,99.2227564,범한+명인,96.32,872300000,101.0008,N
20200329007 - 00,20200316,남동구 노후불량 하수관로 정밀조사용역(1차),인천광역시 남동구,PQ,1000703000,992925100,99.2227564,제일+동남+정방,96.19,877800000,101.6023,N
20200329007 - 00,20200316,남동구 노후불량 하수관로 정밀조사용역(1차),인천광역시 남동구,PQ,1000703000,992925100,99.2227564,동명+청해,95.61,853700000,98.6642,N
20200327653 - 02,20200317,수도정비기본계획 수립 및 정수장 기술진단 용역,부산광역시 상수도사업본부,PQ,2495990000,2526303850,101.2145021,도화+거원+삼영+한진,99.52,1979880000,101.2993,Y
20200327653 - 02,20200317,수도정비기본계획 수립 및 정수장 기술진단 용역,부산광역시 상수도사업본부,PQ,2495990000,2526303850,101.2145021,범한+한창+우성+HEC,97.04,1972360000,98.9063,N
20200327653 - 02,20200317,수도정비기본계획 수립 및 정수장 기술진단 용역,부산광역시 상수도사업본부,PQ,2495990000,2526303850,101.2145021,건화+한가람+선진,96.96,2030400000,101.7531,N
20200327653 - 02,20200317,수도정비기본계획 수립 및 정수장 기술진단 용역,부산광역시 상수도사업본부,PQ,2495990000,2526303850,101.2145021,삼안+하나+수성+제일,96.03,1971970000,98.0887,N
20200328961 - 00,20200317,"계화증설, 봉은 및 묵정 농어촌마을하수도 정비사업 통합건설사업관리용역",전라북도 부안군,PQ,1825800000,1809486525,99.10650263,도화+한가람,100,1428500000,100.3137,N
20200328961 - 00,20200317,"계화증설, 봉은 및 묵정 농어촌마을하수도 정비사업 통합건설사업관리용역",전라북도 부안군,PQ,1825800000,1809486525,99.10650263,동부+세화,100,1430000000,100.419,N
20200328961 - 00,20200317,"계화증설, 봉은 및 묵정 농어촌마을하수도 정비사업 통합건설사업관리용역",전라북도 부안군,PQ,1825800000,1809486525,99.10650263,천일+유일,100,1426168000,100.1499,N
20200328961 - 00,20200317,"계화증설, 봉은 및 묵정 농어촌마을하수도 정비사업 통합건설사업관리용역",전라북도 부안군,PQ,1825800000,1809486525,99.10650263,KG+인우,100,1430014000,100.42,N
20200328961 - 00,20200317,"계화증설, 봉은 및 묵정 농어촌마을하수도 정비사업 통합건설사업관리용역",전라북도 부안군,PQ,1825800000,1809486525,99.10650263,선진+천마,99.94,1433160000,100.5894,N
20200328961 - 00,20200317,"계화증설, 봉은 및 묵정 농어촌마을하수도 정비사업 통합건설사업관리용역",전라북도 부안군,PQ,1825800000,1809486525,99.10650263,수성+더한,99.9,1438099999,100.8973,N
20200328961 - 00,20200317,"계화증설, 봉은 및 묵정 농어촌마을하수도 정비사업 통합건설사업관리용역",전라북도 부안군,PQ,1825800000,1809486525,99.10650263,한종+JCN,99.9,1422900000,99.8309,N
20200328961 - 00,20200317,"계화증설, 봉은 및 묵정 농어촌마을하수도 정비사업 통합건설사업관리용역",전라북도 부안군,PQ,1825800000,1809486525,99.10650263,건화+국성,99.88,1414700000,99.2428,Y
20200328961 - 00,20200317,"계화증설, 봉은 및 묵정 농어촌마을하수도 정비사업 통합건설사업관리용역",전라북도 부안군,PQ,1825800000,1809486525,99.10650263,유신+태평,99.81,1442239000,101.11,N
20200328961 - 00,20200317,"계화증설, 봉은 및 묵정 농어촌마을하수도 정비사업 통합건설사업관리용역",전라북도 부안군,PQ,1825800000,1809486525,99.10650263,경원+고산,99.75,1416300000,99.2534,N
20200328961 - 00,20200317,"계화증설, 봉은 및 묵정 농어촌마을하수도 정비사업 통합건설사업관리용역",전라북도 부안군,PQ,1825800000,1809486525,99.10650263,동명+성광,99.73,1438700000,100.7974,N
20200328961 - 00,20200317,"계화증설, 봉은 및 묵정 농어촌마을하수도 정비사업 통합건설사업관리용역",전라북도 부안군,PQ,1825800000,1809486525,99.10650263,삼안+건일,99.73,1436600000,100.6502,N
20200328961 - 00,20200317,"계화증설, 봉은 및 묵정 농어촌마을하수도 정비사업 통합건설사업관리용역",전라북도 부안군,PQ,1825800000,1809486525,99.10650263,이산+길건축,99.7,1415880000,99.1732,N
20200328961 - 00,20200317,"계화증설, 봉은 및 묵정 농어촌마을하수도 정비사업 통합건설사업관리용역",전라북도 부안군,PQ,1825800000,1809486525,99.10650263,동성+온길,99.65,1415090000,99.0798,N
20200328961 - 00,20200317,"계화증설, 봉은 및 묵정 농어촌마을하수도 정비사업 통합건설사업관리용역",전라북도 부안군,PQ,1825800000,1809486525,99.10650263,극동+조화,99.64,1414558000,99.0299,N
20200328961 - 00,20200317,"계화증설, 봉은 및 묵정 농어촌마을하수도 정비사업 통합건설사업관리용역",전라북도 부안군,PQ,1825800000,1809486525,99.10650263,홍익+유현,99.64,1446270000,101.25,N
20200328961 - 00,20200317,"계화증설, 봉은 및 묵정 농어촌마을하수도 정비사업 통합건설사업관리용역",전라북도 부안군,PQ,1825800000,1809486525,99.10650263,범한+대도,99.62,1440000000,100.7982,N
20200328961 - 00,20200317,"계화증설, 봉은 및 묵정 농어촌마을하수도 정비사업 통합건설사업관리용역",전라북도 부안군,PQ,1825800000,1809486525,99.10650263,신명+성원,99.62,1444553100,101.1169,N
20200328961 - 00,20200317,"계화증설, 봉은 및 묵정 농어촌마을하수도 정비사업 통합건설사업관리용역",전라북도 부안군,PQ,1825800000,1809486525,99.10650263,용마+아라,99.61,1410750000,98.7507,N
20200328961 - 00,20200317,"계화증설, 봉은 및 묵정 농어촌마을하수도 정비사업 통합건설사업관리용역",전라북도 부안군,PQ,1825800000,1809486525,99.10650263,서영+목양,99.52,1451140000,101.5001,N
20200328961 - 00,20200317,"계화증설, 봉은 및 묵정 농어촌마을하수도 정비사업 통합건설사업관리용역",전라북도 부안군,PQ,1825800000,1809486525,99.10650263,대콘+신한+필,99.38,1450000000,101.304,N
20200328961 - 00,20200317,"계화증설, 봉은 및 묵정 농어촌마을하수도 정비사업 통합건설사업관리용역",전라북도 부안군,PQ,1825800000,1809486525,99.10650263,경호+가온,99.37,1413550000,98.7448,N
20200328961 - 00,20200317,"계화증설, 봉은 및 묵정 농어촌마을하수도 정비사업 통합건설사업관리용역",전라북도 부안군,PQ,1825800000,1809486525,99.10650263,동일+주영,99.34,1416000000,98.8907,N
20200328961 - 00,20200317,"계화증설, 봉은 및 묵정 농어촌마을하수도 정비사업 통합건설사업관리용역",전라북도 부안군,PQ,1825800000,1809486525,99.10650263,KCM+태영,99.34,1454000000,101.5446,N
20200328961 - 00,20200317,"계화증설, 봉은 및 묵정 농어촌마을하수도 정비사업 통합건설사업관리용역",전라북도 부안군,PQ,1825800000,1809486525,99.10650263,경동+동운+대성,99.26,1455434000,101.5799,N
20200328961 - 00,20200317,"계화증설, 봉은 및 묵정 농어촌마을하수도 정비사업 통합건설사업관리용역",전라북도 부안군,PQ,1825800000,1809486525,99.10650263,다산+새움+정,99.23,1465970000,102.2892,N
2020UMM02212020-03453-01,20200317,20-국-00부대 설계용역(B085),국군재정관리단,PQ,740184000,729413572,98.54489857,동부,99.77,625482000,98.8404,N
2020UMM02212020-03453-01,20200317,20-국-00부대 설계용역(B085),국군재정관리단,PQ,740184000,729413572,98.54489857,건화(중앙포럼+경보기술단),99.55,630000000,99.5543,N
2020UMM02212020-03453-01,20200317,20-국-00부대 설계용역(B085),국군재정관리단,PQ,740184000,729413572,98.54489857,건일,99.2,625140000,98.7863,Y
2020UMM02212020-03453-01,20200317,20-국-00부대 설계용역(B085),국군재정관리단,PQ,740184000,729413572,98.54489857,선진,98.63,626200000,98.9538,N
2020UMM02212020-03453-01,20200317,20-국-00부대 설계용역(B085),국군재정관리단,PQ,740184000,729413572,98.54489857,천일,98.6,626350000,98.9775,N
2000997 - 00,20200317,성남낙생 공공주택지구 환경영향평가용역,한국토지주택공사,PQ,1012440000,1005973000,99.3612461,선진+도화+신일,99.07,870010000,100.2298,N
2000997 - 00,20200317,성남낙생 공공주택지구 환경영향평가용역,한국토지주택공사,PQ,1012440000,1005973000,99.3612461,동성+동일+예평,98.7,869622000,100.08,N
2000997 - 00,20200317,성남낙생 공공주택지구 환경영향평가용역,한국토지주택공사,PQ,1012440000,1005973000,99.3612461,평화+세광+한국환경,98.7,876300000,100.8486,N
2000997 - 00,20200317,성남낙생 공공주택지구 환경영향평가용역,한국토지주택공사,PQ,1012440000,1005973000,99.3612461,신성+홍익+우신,98.61,865580000,99.5916,Y
2000997 - 00,20200317,성남낙생 공공주택지구 환경영향평가용역,한국토지주택공사,PQ,1012440000,1005973000,99.3612461,한종+휴먼,98.55,872150000,100.3242,N
2000997 - 00,20200317,성남낙생 공공주택지구 환경영향평가용역,한국토지주택공사,PQ,1012440000,1005973000,99.3612461,수성+이산+보드,98.55,867075000,99.7404,N
2000997 - 00,20200317,성남낙생 공공주택지구 환경영향평가용역,한국토지주택공사,PQ,1012440000,1005973000,99.3612461,삼안+경동+건화,97.78,883960000,101.4582,N
2000997 - 00,20200317,성남낙생 공공주택지구 환경영향평가용역,한국토지주택공사,PQ,1012440000,1005973000,99.3612461,유신+동해,95.06,901120000,102.6169,N
20200332514 - 00,20200317,용당(항공MRO) 일반산업단지계획(변경) 용역,경상남도 사천시,PQ,1180640000,1178007225,99.77700442,동명+이솔,100,918080000,99.7003,N
20200332514 - 00,20200317,용당(항공MRO) 일반산업단지계획(변경) 용역,경상남도 사천시,PQ,1180640000,1178007225,99.77700442,수성+한종+KG,99.79,917799999,99.4913,N
20200332514 - 00,20200317,용당(항공MRO) 일반산업단지계획(변경) 용역,경상남도 사천시,PQ,1180640000,1178007225,99.77700442,경동+한올+신화,99.53,920155000,99.53,N
20200332514 - 00,20200317,용당(항공MRO) 일반산업단지계획(변경) 용역,경상남도 사천시,PQ,1180640000,1178007225,99.77700442,삼안+천진+유신+한맥,99.12,917730000,98.9392,N
20200332514 - 00,20200317,용당(항공MRO) 일반산업단지계획(변경) 용역,경상남도 사천시,PQ,1180640000,1178007225,99.77700442,도화+한성+범한,99,941100000,101.3684,Y
20200332514 - 00,20200317,용당(항공MRO) 일반산업단지계획(변경) 용역,경상남도 사천시,PQ,1180640000,1178007225,99.77700442,건화+하우+경화,98.6,948000000,101.7751,N
20200332514 - 00,20200317,용당(항공MRO) 일반산업단지계획(변경) 용역,경상남도 사천시,PQ,1180640000,1178007225,99.77700442,동일+혜인,98.49,950900000,101.9959,N
20200332514 - 00,20200317,용당(항공MRO) 일반산업단지계획(변경) 용역,경상남도 사천시,PQ,1180640000,1178007225,99.77700442,서영+경호+정림+우리,97.06,1000000000,106.0272,N
20200332267 - 00,20200317,광주광역시 노후하수관로 정밀조사용역(2차 1단계),광주광역시,PQ,1472720000,1466203250,99.55750244,동명+도화,99.52,1168700000,101.317,Y
20200332267 - 00,20200317,광주광역시 노후하수관로 정밀조사용역(2차 1단계),광주광역시,PQ,1472720000,1466203250,99.55750244,삼안+이산,98,1158850000,99.1841,N
20200332267 - 00,20200317,광주광역시 노후하수관로 정밀조사용역(2차 1단계),광주광역시,PQ,1472720000,1466203250,99.55750244,한종+건화,97.85,1368400000,116.957,N
20200332068 - 00,20200317,봉화군 소하천정비종합계획(변경) 전략환경영향평가 용역,경상북도 봉화군,PQ,1122500000,1128665375,100.5492539,이산+해동+현대E,97.96,894894000,100.5275,N
20200332068 - 00,20200317,봉화군 소하천정비종합계획(변경) 전략환경영향평가 용역,경상북도 봉화군,PQ,1122500000,1128665375,100.5492539,도화+청명+덕영,96.82,893900000,99.4999,N
20200332068 - 00,20200317,봉화군 소하천정비종합계획(변경) 전략환경영향평가 용역,경상북도 봉화군,PQ,1122500000,1128665375,100.5492539,동성+동부+퍼스트,96.8,894000000,99.4986,N
20200332068 - 00,20200317,봉화군 소하천정비종합계획(변경) 전략환경영향평가 용역,경상북도 봉화군,PQ,1122500000,1128665375,100.5492539,삼안+다산+중앙,96.8,907390000,100.9889,N
20200332068 - 00,20200317,봉화군 소하천정비종합계획(변경) 전략환경영향평가 용역,경상북도 봉화군,PQ,1122500000,1128665375,100.5492539,동명+건일+한기,96.6,906300000,100.704,Y
20200332068 - 00,20200317,봉화군 소하천정비종합계획(변경) 전략환경영향평가 용역,경상북도 봉화군,PQ,1122500000,1128665375,100.5492539,홍익+KCI+화신,96.48,916630000,101.7503,N
20200332068 - 00,20200317,봉화군 소하천정비종합계획(변경) 전략환경영향평가 용역,경상북도 봉화군,PQ,1122500000,1128665375,100.5492539,건화+동아+디에스+태성,96.36,888800000,98.575,N
20200332068 - 00,20200317,봉화군 소하천정비종합계획(변경) 전략환경영향평가 용역,경상북도 봉화군,PQ,1122500000,1128665375,100.5492539,평화+새길,96.12,914900000,101.268,N
20200332068 - 00,20200317,봉화군 소하천정비종합계획(변경) 전략환경영향평가 용역,경상북도 봉화군,PQ,1122500000,1128665375,100.5492539,수성+한맥+보람,95.71,992849000,109.5421,N
20200332801 - 00,20200318,조안면 공공하수처리시설 개선 및 연계처리 관로사업 외 1건 통합건설사업관리용역,경기도 남양주시 상하수도관리센터,PQ,1044807000,1039272200,99.47025623,동명+삼안,100,894600000,100.1503,N
20200332801 - 00,20200318,조안면 공공하수처리시설 개선 및 연계처리 관로사업 외 1건 통합건설사업관리용역,경기도 남양주시 상하수도관리센터,PQ,1044807000,1039272200,99.47025623,도화+KG,99.6,893300000,99.8996,Y
20200332801 - 00,20200318,조안면 공공하수처리시설 개선 및 연계처리 관로사업 외 1건 통합건설사업관리용역,경기도 남양주시 상하수도관리센터,PQ,1044807000,1039272200,99.47025623,선진+동일,99.6,893750000,99.9499,N
20200332801 - 00,20200318,조안면 공공하수처리시설 개선 및 연계처리 관로사업 외 1건 통합건설사업관리용역,경기도 남양주시 상하수도관리센터,PQ,1044807000,1039272200,99.47025623,한종+수성,99.48,895930000,100.1586,N
20200332801 - 00,20200318,조안면 공공하수처리시설 개선 및 연계처리 관로사업 외 1건 통합건설사업관리용역,경기도 남양주시 상하수도관리센터,PQ,1044807000,1039272200,99.47025623,건화+경동,99.45,895060000,100.0496,N
20200332801 - 00,20200318,조안면 공공하수처리시설 개선 및 연계처리 관로사업 외 1건 통합건설사업관리용역,경기도 남양주시 상하수도관리센터,PQ,1044807000,1039272200,99.47025623,경호+동해,99.3,888200000,99.248,N
20200332801 - 00,20200318,조안면 공공하수처리시설 개선 및 연계처리 관로사업 외 1건 통합건설사업관리용역,경기도 남양주시 상하수도관리센터,PQ,1044807000,1039272200,99.47025623,천일+서영,99.2,887690000,99.1679,N
20200332801 - 00,20200318,조안면 공공하수처리시설 개선 및 연계처리 관로사업 외 1건 통합건설사업관리용역,경기도 남양주시 상하수도관리센터,PQ,1044807000,1039272200,99.47025623,이산+대콘,99,930000000,103.8461,N
20200333580 - 01,20200318,삼포리천(모서지구) 하천재해예방사업 실시설계용역 (1번),경상북도,PQ,1651000000,1621207725,98.19550121,도화+KCI+한도,98.3,1308044000,100.18,N
20200333580 - 01,20200318,삼포리천(모서지구) 하천재해예방사업 실시설계용역 (1번),경상북도,PQ,1651000000,1621207725,98.19550121,한종+청명,98,1317200000,100.6395,N
20200333580 - 01,20200318,삼포리천(모서지구) 하천재해예방사업 실시설계용역 (1번),경상북도,PQ,1651000000,1621207725,98.19550121,동부+동진+보원,97.98,1304186000,99.62,N
20200333580 - 01,20200318,삼포리천(모서지구) 하천재해예방사업 실시설계용역 (1번),경상북도,PQ,1651000000,1621207725,98.19550121,삼안+삼보+동성,97.7,1305260000,99.4763,N
20200333580 - 01,20200318,삼포리천(모서지구) 하천재해예방사업 실시설계용역 (1번),경상북도,PQ,1651000000,1621207725,98.19550121,유신+다산+보람,97.7,1326277000,101.078,N
20200333580 - 01,20200318,삼포리천(모서지구) 하천재해예방사업 실시설계용역 (1번),경상북도,PQ,1651000000,1621207725,98.19550121,이산+건일+금일,97.62,1301880000,99.1563,Y
20200333580 - 01,20200318,삼포리천(모서지구) 하천재해예방사업 실시설계용역 (1번),경상북도,PQ,1651000000,1621207725,98.19550121,건화+주하+강산(정도+석우),97.56,1330000000,101.2471,N
20200333580 - 01,20200318,삼포리천(모서지구) 하천재해예방사업 실시설계용역 (1번),경상북도,PQ,1651000000,1621207725,98.19550121,평화+한백+동명,96.54,1364000000,102.9939,N
20200333580 - 01,20200318,삼포리천(모서지구) 하천재해예방사업 실시설계용역 (1번),경상북도,PQ,1651000000,1621207725,98.19550121,화신+현대기술,96.54,1303480000,98.4242,N
20200333580 - 01,20200318,삼포리천(모서지구) 하천재해예방사업 실시설계용역 (1번),경상북도,PQ,1651000000,1621207725,98.19550121,KSM+반석,95.24,1372000000,102.537,N
20200333787 - 01,20200318,구미천(구미지구) 외 1개지구 하천재해예방사업 실시설계 용역(3번),경상북도,PQ,1321000000,1344378425,101.7697521,이산+금일+건일,98.26,1015900000,97.2052,N
20200333787 - 01,20200318,구미천(구미지구) 외 1개지구 하천재해예방사업 실시설계 용역(3번),경상북도,PQ,1321000000,1344378425,101.7697521,삼안+삼보+동성,98,1051820000,100.439,N
20200333787 - 01,20200318,구미천(구미지구) 외 1개지구 하천재해예방사업 실시설계 용역(3번),경상북도,PQ,1321000000,1344378425,101.7697521,유신+다산+보람,97.89,1018900000,97.1974,N
20200333787 - 01,20200318,구미천(구미지구) 외 1개지구 하천재해예방사업 실시설계 용역(3번),경상북도,PQ,1321000000,1344378425,101.7697521,한종+청명,97.77,1047165000,99.8056,N
20200333787 - 01,20200318,구미천(구미지구) 외 1개지구 하천재해예방사업 실시설계 용역(3번),경상북도,PQ,1321000000,1344378425,101.7697521,도화+KCI+한도,97.74,1051600000,100.2031,N
20200333787 - 01,20200318,구미천(구미지구) 외 1개지구 하천재해예방사업 실시설계 용역(3번),경상북도,PQ,1321000000,1344378425,101.7697521,동부+동진+보원,97.72,1044890000,99.5512,N
20200333787 - 01,20200318,구미천(구미지구) 외 1개지구 하천재해예방사업 실시설계 용역(3번),경상북도,PQ,1321000000,1344378425,101.7697521,건화+주하+강산(정도+석우),97.52,1066000000,101.3965,N
20200333787 - 01,20200318,구미천(구미지구) 외 1개지구 하천재해예방사업 실시설계 용역(3번),경상북도,PQ,1321000000,1344378425,101.7697521,화신+현대기술,96.68,1044330000,98.6659,N
20200333787 - 01,20200318,구미천(구미지구) 외 1개지구 하천재해예방사업 실시설계 용역(3번),경상북도,PQ,1321000000,1344378425,101.7697521,평화+한백+동명,96.64,1081800000,102.1677,Y
20200333787 - 01,20200318,구미천(구미지구) 외 1개지구 하천재해예방사업 실시설계 용역(3번),경상북도,PQ,1321000000,1344378425,101.7697521,KSM+반석,95.04,1100000000,102.5812,N
20200333754 - 01,20200318,문상천(문상지구) 외 2개지구 하천재해예방사업 실시설계 용역(6번),경상북도,PQ,1140000000,1129440750,99.07375,도화+KCI+한도,98.21,903679000,100.158,N
20200333754 - 01,20200318,문상천(문상지구) 외 2개지구 하천재해예방사업 실시설계 용역(6번),경상북도,PQ,1140000000,1129440750,99.07375,동부+동진+보원,98.15,916883000,101.5702,N
20200333754 - 01,20200318,문상천(문상지구) 외 2개지구 하천재해예방사업 실시설계 용역(6번),경상북도,PQ,1140000000,1129440750,99.07375,한종+청명,98,877526000,97.0999,N
20200333754 - 01,20200318,문상천(문상지구) 외 2개지구 하천재해예방사업 실시설계 용역(6번),경상북도,PQ,1140000000,1129440750,99.07375,삼안+동성+삼보,97.7,899918000,99.3271,Y
20200333754 - 01,20200318,문상천(문상지구) 외 2개지구 하천재해예방사업 실시설계 용역(6번),경상북도,PQ,1140000000,1129440750,99.07375,유신+다산+보람,97.66,880860000,97.1991,N
20200333754 - 01,20200318,문상천(문상지구) 외 2개지구 하천재해예방사업 실시설계 용역(6번),경상북도,PQ,1140000000,1129440750,99.07375,이산+건일+금일,97.62,880300000,97.1007,N
20200333754 - 01,20200318,문상천(문상지구) 외 2개지구 하천재해예방사업 실시설계 용역(6번),경상북도,PQ,1140000000,1129440750,99.07375,건화+주하+강산(정도+석우),97.56,880000000,97.0188,N
20200333754 - 01,20200318,문상천(문상지구) 외 2개지구 하천재해예방사업 실시설계 용역(6번),경상북도,PQ,1140000000,1129440750,99.07375,화신+현대기술,96.66,899480000,98.461,N
20200333754 - 01,20200318,문상천(문상지구) 외 2개지구 하천재해예방사업 실시설계 용역(6번),경상북도,PQ,1140000000,1129440750,99.07375,평화+한백+동명,96.55,886910000,97.0003,N
20200333754 - 01,20200318,문상천(문상지구) 외 2개지구 하천재해예방사업 실시설계 용역(6번),경상북도,PQ,1140000000,1129440750,99.07375,KSM+반석,95.15,947700000,102.4987,N
20200334060 - 00,20200318,덕례 자연재해위험개선지구 정비사업 외1건 통합건설사업관리용역,전라남도 나주시,PQ,1200000000,1205181000,100.43175,서영+진성,100,935940000,100,N
20200334060 - 00,20200318,덕례 자연재해위험개선지구 정비사업 외1건 통합건설사업관리용역,전라남도 나주시,PQ,1200000000,1205181000,100.43175,동성+신명,100,933132000,99.7,N
20200334060 - 00,20200318,덕례 자연재해위험개선지구 정비사업 외1건 통합건설사업관리용역,전라남도 나주시,PQ,1200000000,1205181000,100.43175,수성+우빈,100,932195000,99.5999,N
20200334060 - 00,20200318,덕례 자연재해위험개선지구 정비사업 외1건 통합건설사업관리용역,전라남도 나주시,PQ,1200000000,1205181000,100.43175,건화+우리종합,99.9,933600000,99.6605,N
20200334060 - 00,20200318,덕례 자연재해위험개선지구 정비사업 외1건 통합건설사업관리용역,전라남도 나주시,PQ,1200000000,1205181000,100.43175,극동+원우,99.8,943780000,100.6699,Y
20200334060 - 00,20200318,덕례 자연재해위험개선지구 정비사업 외1건 통합건설사업관리용역,전라남도 나주시,PQ,1200000000,1205181000,100.43175,경동+영진,99.8,928695000,99.0608,N
20200334060 - 00,20200318,덕례 자연재해위험개선지구 정비사업 외1건 통합건설사업관리용역,전라남도 나주시,PQ,1200000000,1205181000,100.43175,동아+삼안,99.8,931800000,99.392,N
20200334060 - 00,20200318,덕례 자연재해위험개선지구 정비사업 외1건 통합건설사업관리용역,전라남도 나주시,PQ,1200000000,1205181000,100.43175,도화+기찬,99.74,947700000,101.0363,N
20200334060 - 00,20200318,덕례 자연재해위험개선지구 정비사업 외1건 통합건설사업관리용역,전라남도 나주시,PQ,1200000000,1205181000,100.43175,한종+평화,99.56,930100000,99.0079,N
20200334060 - 00,20200318,덕례 자연재해위험개선지구 정비사업 외1건 통합건설사업관리용역,전라남도 나주시,PQ,1200000000,1205181000,100.43175,천일+산이,99.46,1056000000,112.3237,N
20200334082 - 01,20200318,진천 공공하수도 사업(광혜원신설외 3건) 건설사업관리 용역,충청북도 진천군 상하수도사업소,SOQ,3800000000,3788533500,99.69825,동명+영진,95.2,2895172000,100.1495,Y
20200334082 - 01,20200318,진천 공공하수도 사업(광혜원신설외 3건) 건설사업관리 용역,충청북도 진천군 상하수도사업소,SOQ,3800000000,3788533500,99.69825,KG+청우,94.6,2949450000,101.52,N
20200334082 - 01,20200318,진천 공공하수도 사업(광혜원신설외 3건) 건설사업관리 용역,충청북도 진천군 상하수도사업소,SOQ,3800000000,3788533500,99.69825,도화+홍익+삼안+건양,93.05,3010000000,102.2797,N
20200334082 - 01,20200318,진천 공공하수도 사업(광혜원신설외 3건) 건설사업관리 용역,충청북도 진천군 상하수도사업소,SOQ,3800000000,3788533500,99.69825,건화+창민(태일전력기술단),90.84,3070000000,102.4402,N
20200334082 - 01,20200318,진천 공공하수도 사업(광혜원신설외 3건) 건설사업관리 용역,충청북도 진천군 상하수도사업소,SOQ,3800000000,3788533500,99.69825,한종+지명+송현,89.5,3057000000,100.9187,N
20200334082 - 01,20200318,진천 공공하수도 사업(광혜원신설외 3건) 건설사업관리 용역,충청북도 진천군 상하수도사업소,SOQ,3800000000,3788533500,99.69825,KCM+세광,87.78,3600000000,117.2123,N
20200333683 - 01,20200318,구천(봉화지구) 외 1개지구 하천재해예방사업 실시설계 용역(5번),경상북도,PQ,1257000000,1248647275,99.33550318,도화+KCI+한도,98.2,999245000,100.4288,N
20200333683 - 01,20200318,구천(봉화지구) 외 1개지구 하천재해예방사업 실시설계 용역(5번),경상북도,PQ,1257000000,1248647275,99.33550318,한종+청명,98.05,993200000,99.7079,Y
20200333683 - 01,20200318,구천(봉화지구) 외 1개지구 하천재해예방사업 실시설계 용역(5번),경상북도,PQ,1257000000,1248647275,99.33550318,동부+동진+보원,98.03,1010130000,101.3819,N
20200333683 - 01,20200318,구천(봉화지구) 외 1개지구 하천재해예방사업 실시설계 용역(5번),경상북도,PQ,1257000000,1248647275,99.33550318,삼안+동성+삼보,97.7,991980000,99.2972,N
20200333683 - 01,20200318,구천(봉화지구) 외 1개지구 하천재해예방사업 실시설계 용역(5번),경상북도,PQ,1257000000,1248647275,99.33550318,유신+다산+보람,97.7,971020000,97.1991,N
20200333683 - 01,20200318,구천(봉화지구) 외 1개지구 하천재해예방사업 실시설계 용역(5번),경상북도,PQ,1257000000,1248647275,99.33550318,이산+건일+금일,97.66,970280000,97.1006,N
20200333683 - 01,20200318,구천(봉화지구) 외 1개지구 하천재해예방사업 실시설계 용역(5번),경상북도,PQ,1257000000,1248647275,99.33550318,건화+주하+강산(정도+석우),97.59,970000000,97.0116,N
20200333683 - 01,20200318,구천(봉화지구) 외 1개지구 하천재해예방사업 실시설계 용역(5번),경상북도,PQ,1257000000,1248647275,99.33550318,평화+한백+동명,96.57,977900000,97.009,N
20200333683 - 01,20200318,구천(봉화지구) 외 1개지구 하천재해예방사업 실시설계 용역(5번),경상북도,PQ,1257000000,1248647275,99.33550318,화신+현대기술,96.57,1028800000,102.0583,N
20200333683 - 01,20200318,구천(봉화지구) 외 1개지구 하천재해예방사업 실시설계 용역(5번),경상북도,PQ,1257000000,1248647275,99.33550318,KSM+반석,95.11,1026990000,100.7108,N
20200333643 - 01,20200318,노림천(노림지구) 하천재해예방사업 실시설계 용역(4번),경상북도,PQ,1266000000,1252688050,98.94850316,이산+건일+금일,98.26,973560000,97.2009,N
20200333643 - 01,20200318,노림천(노림지구) 하천재해예방사업 실시설계 용역(4번),경상북도,PQ,1266000000,1252688050,98.94850316,삼안+동성+삼보,97.96,1003970000,99.9969,N
20200333643 - 01,20200318,노림천(노림지구) 하천재해예방사업 실시설계 용역(4번),경상북도,PQ,1266000000,1252688050,98.94850316,유신+다산+보람,97.91,976300000,97.2041,N
20200333643 - 01,20200318,노림천(노림지구) 하천재해예방사업 실시설계 용역(4번),경상북도,PQ,1266000000,1252688050,98.94850316,한종+청명,97.71,1005000000,99.8979,N
20200333643 - 01,20200318,노림천(노림지구) 하천재해예방사업 실시설계 용역(4번),경상북도,PQ,1266000000,1252688050,98.94850316,도화+KCI+한도,97.7,1014100000,100.7898,N
20200333643 - 01,20200318,노림천(노림지구) 하천재해예방사업 실시설계 용역(4번),경상북도,PQ,1266000000,1252688050,98.94850316,동부+동진+보원,97.69,1001990000,99.5862,N
20200333643 - 01,20200318,노림천(노림지구) 하천재해예방사업 실시설계 용역(4번),경상북도,PQ,1266000000,1252688050,98.94850316,건화+주하+강산(정도+석우),97.6,999780000,99.2916,Y
20200333643 - 01,20200318,노림천(노림지구) 하천재해예방사업 실시설계 용역(4번),경상북도,PQ,1266000000,1252688050,98.94850316,화신+현대기술,96.64,1036770000,102.1688,N
20200333643 - 01,20200318,노림천(노림지구) 하천재해예방사업 실시설계 용역(4번),경상북도,PQ,1266000000,1252688050,98.94850316,평화+한백+동명,96.61,984450000,97.0008,N
20200333643 - 01,20200318,노림천(노림지구) 하천재해예방사업 실시설계 용역(4번),경상북도,PQ,1266000000,1252688050,98.94850316,KSM+반석,95.1,1053000000,102.5148,N
20200333611 - 01,20200318,길안천(길안지구) 하천재해예방사업 실시설계 용역(2번),경상북도,PQ,1561000000,1554307250,99.5712524,이산+건일+금일,98.21,1200000000,97.1303,N
20200333611 - 01,20200318,길안천(길안지구) 하천재해예방사업 실시설계 용역(2번),경상북도,PQ,1561000000,1554307250,99.5712524,삼안+삼보+동성,97.97,1243880000,100.4916,N
20200333611 - 01,20200318,길안천(길안지구) 하천재해예방사업 실시설계 용역(2번),경상북도,PQ,1561000000,1554307250,99.5712524,유신+다산+보람,97.95,1236113000,99.8389,Y
20200333611 - 01,20200318,길안천(길안지구) 하천재해예방사업 실시설계 용역(2번),경상북도,PQ,1561000000,1554307250,99.5712524,한종+청명,97.71,1248000000,100.6088,N
20200333611 - 01,20200318,길안천(길안지구) 하천재해예방사업 실시설계 용역(2번),경상북도,PQ,1561000000,1554307250,99.5712524,도화+KCI+한도,97.7,1234300000,99.4918,N
20200333611 - 01,20200318,길안천(길안지구) 하천재해예방사업 실시설계 용역(2번),경상북도,PQ,1561000000,1554307250,99.5712524,동부+동진+보원,97.69,1231890000,99.2975,N
20200333611 - 01,20200318,길안천(길안지구) 하천재해예방사업 실시설계 용역(2번),경상북도,PQ,1561000000,1554307250,99.5712524,건화+주하+강산(정도+석우),97.6,1252400000,100.8746,N
20200333611 - 01,20200318,길안천(길안지구) 하천재해예방사업 실시설계 용역(2번),경상북도,PQ,1561000000,1554307250,99.5712524,화신+현대기술,96.64,1277400000,102.0924,N
20200333611 - 01,20200318,길안천(길안지구) 하천재해예방사업 실시설계 용역(2번),경상북도,PQ,1561000000,1554307250,99.5712524,평화+한백+동명,96.56,1231800000,98.3866,N
20200333611 - 01,20200318,길안천(길안지구) 하천재해예방사업 실시설계 용역(2번),경상북도,PQ,1561000000,1554307250,99.5712524,KSM+반석,95.15,1283700000,101.3942,N
20200334242 - 00,20200318,서해남부 단위유역 유역하수도정비계획(변경) 수립 용역,환경부 영산강유역환경청,PQ,700000000,700073500,100.0105,동명+한종,99.46,586200000,100.6706,Y
20200334242 - 00,20200318,서해남부 단위유역 유역하수도정비계획(변경) 수립 용역,환경부 영산강유역환경청,PQ,700000000,700073500,100.0105,이산+유신,98.08,584100000,99.7345,N
20200334242 - 00,20200318,서해남부 단위유역 유역하수도정비계획(변경) 수립 용역,환경부 영산강유역환경청,PQ,700000000,700073500,100.0105,삼안,97.94,585420000,99.9002,N
20200334242 - 00,20200318,서해남부 단위유역 유역하수도정비계획(변경) 수립 용역,환경부 영산강유역환경청,PQ,700000000,700073500,100.0105,선진+범한,97.78,582780000,99.3784,N
20200334242 - 00,20200318,서해남부 단위유역 유역하수도정비계획(변경) 수립 용역,환경부 영산강유역환경청,PQ,700000000,700073500,100.0105,제일+경동,97.78,583850000,99.5609,N
20200334242 - 00,20200318,서해남부 단위유역 유역하수도정비계획(변경) 수립 용역,환경부 영산강유역환경청,PQ,700000000,700073500,100.0105,도화+건화,97.66,582600000,99.3003,N
20200335318 - 00,20200318,강릉 도시관리계획(방재시설:유수지) 결정(변경) 용역,강원도 강릉시,PQ,680361000,672242625,98.8067548,KG+경원,98.08,584191000,99.93,N
20200335318 - 00,20200318,강릉 도시관리계획(방재시설:유수지) 결정(변경) 용역,강원도 강릉시,PQ,680361000,672242625,98.8067548,도화+삼경,97.48,588100000,100.4467,N
20200335318 - 00,20200318,강릉 도시관리계획(방재시설:유수지) 결정(변경) 용역,강원도 강릉시,PQ,680361000,672242625,98.8067548,건화+진화,97.41,583400000,99.6324,N
20200335318 - 00,20200318,강릉 도시관리계획(방재시설:유수지) 결정(변경) 용역,강원도 강릉시,PQ,680361000,672242625,98.8067548,동명+정,97.4,582100000,99.3988,N
20200335318 - 00,20200318,강릉 도시관리계획(방재시설:유수지) 결정(변경) 용역,강원도 강릉시,PQ,680361000,672242625,98.8067548,서영+삼주,97.4,589427000,100.65,N
20200335318 - 00,20200318,강릉 도시관리계획(방재시설:유수지) 결정(변경) 용역,강원도 강릉시,PQ,680361000,672242625,98.8067548,화신+삼안,97.05,581298000,99.1812,N
20200335318 - 00,20200318,강릉 도시관리계획(방재시설:유수지) 결정(변경) 용역,강원도 강릉시,PQ,680361000,672242625,98.8067548,수성+미래,96.8,580756000,99.0198,N
20200335318 - 00,20200318,강릉 도시관리계획(방재시설:유수지) 결정(변경) 용역,강원도 강릉시,PQ,680361000,672242625,98.8067548,경호+서광,96.45,580190000,98.8315,Y
20200335318 - 00,20200318,강릉 도시관리계획(방재시설:유수지) 결정(변경) 용역,강원도 강릉시,PQ,680361000,672242625,98.8067548,동일+국일,96.11,593800000,101.0679,N
20200335318 - 00,20200318,강릉 도시관리계획(방재시설:유수지) 결정(변경) 용역,강원도 강릉시,PQ,680361000,672242625,98.8067548,선진+고려,95.95,594730000,101.1793,N
20200335318 - 00,20200318,강릉 도시관리계획(방재시설:유수지) 결정(변경) 용역,강원도 강릉시,PQ,680361000,672242625,98.8067548,제일+일신,95.89,595500000,101.2986,N
20200335318 - 00,20200318,강릉 도시관리계획(방재시설:유수지) 결정(변경) 용역,강원도 강릉시,PQ,680361000,672242625,98.8067548,유신+동서,95.87,598242000,101.765,N
20200335318 - 00,20200318,강릉 도시관리계획(방재시설:유수지) 결정(변경) 용역,강원도 강릉시,PQ,680361000,672242625,98.8067548,한종+강원길,95.64,581500000,98.8599,N
20200334210 - 00,20200318,2040년 광주도시기본계획 수립용역,광주광역시,PQ,1400000000,1395040500,99.64575,동명+동아+원우,98.85,1110600000,100.7539,Y
20200334210 - 00,20200318,2040년 광주도시기본계획 수립용역,광주광역시,PQ,1400000000,1395040500,99.64575,도화+한기,96.75,1114750000,99.438,N
20200334210 - 00,20200318,2040년 광주도시기본계획 수립용역,광주광역시,PQ,1400000000,1395040500,99.64575,KG+삼안+신명,96.73,1108435000,98.85,N
20200334210 - 00,20200318,2040년 광주도시기본계획 수립용역,광주광역시,PQ,1400000000,1395040500,99.64575,경호+우영,95.86,1157000000,102.4773,N
20200334210 - 00,20200318,2040년 광주도시기본계획 수립용역,광주광역시,PQ,1400000000,1395040500,99.64575,건화+우빈기술공사,93.8,1174000000,102.3085,N
20200334210 - 00,20200318,2040년 광주도시기본계획 수립용역,광주광역시,PQ,1400000000,1395040500,99.64575,화신+신오,91.82,1193260000,102.4003,N
20200334575 - 01,20200319,하수관로 신설(확충)사업[강변처리구역(사상구 제척지 일원)] 건설사업관리용역,부산광역시 건설본부,PQ,3370000000,3360319675,99.71275,KG+한진+한림,99.98,2456915000,99.85,Y
20200334575 - 01,20200319,하수관로 신설(확충)사업[강변처리구역(사상구 제척지 일원)] 건설사업관리용역,부산광역시 건설본부,PQ,3370000000,3360319675,99.71275,한종+삼영+동진,99.86,2457400000,99.7741,N
20200334575 - 01,20200319,하수관로 신설(확충)사업[강변처리구역(사상구 제척지 일원)] 건설사업관리용역,부산광역시 건설본부,PQ,3370000000,3360319675,99.71275,건화+거원,99.85,2464000000,100.0284,N
20200334575 - 01,20200319,하수관로 신설(확충)사업[강변처리구역(사상구 제척지 일원)] 건설사업관리용역,부산광역시 건설본부,PQ,3370000000,3360319675,99.71275,동부+하나,99.78,2453880000,99.5494,N
20200334575 - 01,20200319,하수관로 신설(확충)사업[강변처리구역(사상구 제척지 일원)] 건설사업관리용역,부산광역시 건설본부,PQ,3370000000,3360319675,99.71275,동명+선일+대원,99.77,2487000000,100.893,N
20200334575 - 01,20200319,하수관로 신설(확충)사업[강변처리구역(사상구 제척지 일원)] 건설사업관리용역,부산광역시 건설본부,PQ,3370000000,3360319675,99.71275,유신+경성,99.7,2492325000,101.04,N
20200334575 - 01,20200319,하수관로 신설(확충)사업[강변처리구역(사상구 제척지 일원)] 건설사업관리용역,부산광역시 건설본부,PQ,3370000000,3360319675,99.71275,다산+HM+HEC,99.48,2452380000,99.2308,N
20200334575 - 01,20200319,하수관로 신설(확충)사업[강변처리구역(사상구 제척지 일원)] 건설사업관리용역,부산광역시 건설본부,PQ,3370000000,3360319675,99.71275,삼안+조은,99.34,2446950000,98.8897,N
20200334575 - 01,20200319,하수관로 신설(확충)사업[강변처리구역(사상구 제척지 일원)] 건설사업관리용역,부산광역시 건설본부,PQ,3370000000,3360319675,99.71275,경동+화인+DH,99.28,2447389000,98.8536,N
20200334575 - 01,20200319,하수관로 신설(확충)사업[강변처리구역(사상구 제척지 일원)] 건설사업관리용역,부산광역시 건설본부,PQ,3370000000,3360319675,99.71275,천일+선진+우성,99.25,2505790000,101.1988,N
20200334575 - 01,20200319,하수관로 신설(확충)사업[강변처리구역(사상구 제척지 일원)] 건설사업관리용역,부산광역시 건설본부,PQ,3370000000,3360319675,99.71275,범한+한창+대진,99.15,2510700000,101.3005,N
20200334575 - 01,20200319,하수관로 신설(확충)사업[강변처리구역(사상구 제척지 일원)] 건설사업관리용역,부산광역시 건설본부,PQ,3370000000,3360319675,99.71275,신명+한국코아+GS,99.13,2443443000,98.5735,N
20200334575 - 01,20200319,하수관로 신설(확충)사업[강변처리구역(사상구 제척지 일원)] 건설사업관리용역,부산광역시 건설본부,PQ,3370000000,3360319675,99.71275,도화+한가람,99.11,2445300000,98.635,N
20200334575 - 01,20200319,하수관로 신설(확충)사업[강변처리구역(사상구 제척지 일원)] 건설사업관리용역,부산광역시 건설본부,PQ,3370000000,3360319675,99.71275,동성+나우+광명,99.1,2515430000,101.45,N
20200334575 - 01,20200319,하수관로 신설(확충)사업[강변처리구역(사상구 제척지 일원)] 건설사업관리용역,부산광역시 건설본부,PQ,3370000000,3360319675,99.71275,이산+이화,99.08,2447470000,98.6957,N
20200334575 - 01,20200319,하수관로 신설(확충)사업[강변처리구역(사상구 제척지 일원)] 건설사업관리용역,부산광역시 건설본부,PQ,3370000000,3360319675,99.71275,수성+세일+CM,99.06,2517700000,101.5002,N
20200334575 - 01,20200319,하수관로 신설(확충)사업[강변처리구역(사상구 제척지 일원)] 건설사업관리용역,부산광역시 건설본부,PQ,3370000000,3360319675,99.71275,동일+원일,98.95,2519700000,101.4843,N
20200334575 - 01,20200319,하수관로 신설(확충)사업[강변처리구역(사상구 제척지 일원)] 건설사업관리용역,부산광역시 건설본부,PQ,3370000000,3360319675,99.71275,삼보+문창,98.93,2509850000,101.0876,N
20200334575 - 01,20200319,하수관로 신설(확충)사업[강변처리구역(사상구 제척지 일원)] 건설사업관리용역,부산광역시 건설본부,PQ,3370000000,3360319675,99.71275,건양+상지,98.69,2523572500,101.42,N
20200334575 - 01,20200319,하수관로 신설(확충)사업[강변처리구역(사상구 제척지 일원)] 건설사업관리용역,부산광역시 건설본부,PQ,3370000000,3360319675,99.71275,서영+정인+진일,98.55,2532400000,101.6509,N
20200334575 - 01,20200319,하수관로 신설(확충)사업[강변처리구역(사상구 제척지 일원)] 건설사업관리용역,부산광역시 건설본부,PQ,3370000000,3360319675,99.71275,홍익+원공,98.48,2540330000,101.9692,N
20200334575 - 01,20200319,하수관로 신설(확충)사업[강변처리구역(사상구 제척지 일원)] 건설사업관리용역,부산광역시 건설본부,PQ,3370000000,3360319675,99.71275,극동+길평,98.35,2540574000,101.979,N
20200334575 - 01,20200319,하수관로 신설(확충)사업[강변처리구역(사상구 제척지 일원)] 건설사업관리용역,부산광역시 건설본부,PQ,3370000000,3360319675,99.71275,KCM+미래,98.2,2555000000,102.558,N
20200334575 - 01,20200319,하수관로 신설(확충)사업[강변처리구역(사상구 제척지 일원)] 건설사업관리용역,부산광역시 건설본부,PQ,3370000000,3360319675,99.71275,대콘+지인,97.97,2456700000,98.6123,N
20200334575 - 01,20200319,하수관로 신설(확충)사업[강변처리구역(사상구 제척지 일원)] 건설사업관리용역,부산광역시 건설본부,PQ,3370000000,3360319675,99.71275,용마+청남,97.85,2800000000,112.3924,N
20200334854 - 00,20200318,"수원시 하수관로정비(고색, 곡반정, 권선, 공단)공사 기본 및 실시설계 용역",경기도 수원시,PQ,1724349000,1709446375,99.13575355,선진+건화,99.8,1361060000,101.0327,N
20200334854 - 00,20200318,"수원시 하수관로정비(고색, 곡반정, 권선, 공단)공사 기본 및 실시설계 용역",경기도 수원시,PQ,1724349000,1709446375,99.13575355,이산+삼안+도화,98.08,1355275000,99.2065,Y
20200334854 - 00,20200318,"수원시 하수관로정비(고색, 곡반정, 권선, 공단)공사 기본 및 실시설계 용역",경기도 수원시,PQ,1724349000,1709446375,99.13575355,범한+지유,97.82,1364500000,99.6679,N
20200334854 - 00,20200318,"수원시 하수관로정비(고색, 곡반정, 권선, 공단)공사 기본 및 실시설계 용역",경기도 수원시,PQ,1724349000,1709446375,99.13575355,KG+경동+수성,97.8,1351146000,98.68,N
20200334854 - 00,20200318,"수원시 하수관로정비(고색, 곡반정, 권선, 공단)공사 기본 및 실시설계 용역",경기도 수원시,PQ,1724349000,1709446375,99.13575355,동명+한종,97.5,1352300000,98.5286,N
20200334854 - 00,20200318,"수원시 하수관로정비(고색, 곡반정, 권선, 공단)공사 기본 및 실시설계 용역",경기도 수원시,PQ,1724349000,1709446375,99.13575355,제일+경호,97.4,1552000000,112.9793,N
20200334808 - 00,20200318,"인천도시철도1호선 검단연장선 2,3,4공구 건설공사 건설사업관리용역",인천광역시 도시철도건설본부,SOQ,9795610000,9808858600,100.1352504,도화+유신+도담+정방+극동,97.86,7298700000,100.1949,Y
20200334808 - 00,20200318,"인천도시철도1호선 검단연장선 2,3,4공구 건설공사 건설사업관리용역",인천광역시 도시철도건설본부,SOQ,9795610000,9808858600,100.1352504,동명+동부+한종+장원+대한+일진,96.96,7303900000,99.4903,N
20200334808 - 00,20200318,"인천도시철도1호선 검단연장선 2,3,4공구 건설공사 건설사업관리용역",인천광역시 도시철도건설본부,SOQ,9795610000,9808858600,100.1352504,건화+수성+삼안+한서+청해(백림+KIC),96.12,7434800000,100.5489,N
20200334808 - 00,20200318,"인천도시철도1호선 검단연장선 2,3,4공구 건설공사 건설사업관리용역",인천광역시 도시철도건설본부,SOQ,9795610000,9808858600,100.1352504,천일+태조+서현+바우+고산,95.5,8620000000,115.9784,N
20200334718 - 01,20200318,인천도시철도1호선 검단연장선 건설공사 사후환경영향조사용역(공사시),인천광역시 도시철도건설본부 관리부,PQ,715880000,719518475,100.5082521,KG+세광+중천,98.91,618547000,100.78,N
20200334718 - 01,20200318,인천도시철도1호선 검단연장선 건설공사 사후환경영향조사용역(공사시),인천광역시 도시철도건설본부 관리부,PQ,715880000,719518475,100.5082521,건화+우신,98.54,616000000,100.2598,N
20200334718 - 01,20200318,인천도시철도1호선 검단연장선 건설공사 사후환경영향조사용역(공사시),인천광역시 도시철도건설본부 관리부,PQ,715880000,719518475,100.5082521,도화+신일,98.37,614000000,99.8993,N
20200334718 - 01,20200318,인천도시철도1호선 검단연장선 건설공사 사후환경영향조사용역(공사시),인천광역시 도시철도건설본부 관리부,PQ,715880000,719518475,100.5082521,동일+다원,98.36,612900000,99.7087,N
20200334718 - 01,20200318,인천도시철도1호선 검단연장선 건설공사 사후환경영향조사용역(공사시),인천광역시 도시철도건설본부 관리부,PQ,715880000,719518475,100.5082521,선진+평화+디에스,98.35,617940000,100.5287,Y
20200334718 - 01,20200318,인천도시철도1호선 검단연장선 건설공사 사후환경영향조사용역(공사시),인천광역시 도시철도건설본부 관리부,PQ,715880000,719518475,100.5082521,경호+동아+자연,98.26,610340000,99.2691,N
20200334718 - 01,20200318,인천도시철도1호선 검단연장선 건설공사 사후환경영향조사용역(공사시),인천광역시 도시철도건설본부 관리부,PQ,715880000,719518475,100.5082521,홍익+신성,98.24,620981000,100.9999,N
20200334718 - 01,20200318,인천도시철도1호선 검단연장선 건설공사 사후환경영향조사용역(공사시),인천광역시 도시철도건설본부 관리부,PQ,715880000,719518475,100.5082521,동성+퍼스트+장원,98.05,618749000,100.59,N
20200334718 - 01,20200318,인천도시철도1호선 검단연장선 건설공사 사후환경영향조사용역(공사시),인천광역시 도시철도건설본부 관리부,PQ,715880000,719518475,100.5082521,한맥+레오,98.02,616418000,100.1994,N
20200334718 - 01,20200318,인천도시철도1호선 검단연장선 건설공사 사후환경영향조사용역(공사시),인천광역시 도시철도건설본부 관리부,PQ,715880000,719518475,100.5082521,천일+다산+휴먼,97.83,609890000,99.0921,N
20200334718 - 01,20200318,인천도시철도1호선 검단연장선 건설공사 사후환경영향조사용역(공사시),인천광역시 도시철도건설본부 관리부,PQ,715880000,719518475,100.5082521,동명+동해+대현,97.78,617270000,100.2795,N
20200334718 - 01,20200318,인천도시철도1호선 검단연장선 건설공사 사후환경영향조사용역(공사시),인천광역시 도시철도건설본부 관리부,PQ,715880000,719518475,100.5082521,이산+양지+한국환경,97.63,608400000,98.7926,N
20200334718 - 01,20200318,인천도시철도1호선 검단연장선 건설공사 사후환경영향조사용역(공사시),인천광역시 도시철도건설본부 관리부,PQ,715880000,719518475,100.5082521,서영+라임,97.59,622990000,101.15,N
20200334718 - 01,20200318,인천도시철도1호선 검단연장선 건설공사 사후환경영향조사용역(공사시),인천광역시 도시철도건설본부 관리부,PQ,715880000,719518475,100.5082521,삼안+보람+한솔,97.51,624250000,101.3427,N
20200334718 - 01,20200318,인천도시철도1호선 검단연장선 건설공사 사후환경영향조사용역(공사시),인천광역시 도시철도건설본부 관리부,PQ,715880000,719518475,100.5082521,수성+보드플랜+CNS+동진,97.42,609158000,98.8697,N
20200334718 - 01,20200318,인천도시철도1호선 검단연장선 건설공사 사후환경영향조사용역(공사시),인천광역시 도시철도건설본부 관리부,PQ,715880000,719518475,100.5082521,대콘+드림+청운,96.13,642000000,103.8502,N
20200334615 - 00,20200318,천안 동부바이오 일반산업단지 용수공급시설공사 건설사업관리용역,충청남도 천안시,PQ,1350100000,1338171900,99.11650248,한종+세일,100,1056300000,100.3124,N
20200334615 - 00,20200318,천안 동부바이오 일반산업단지 용수공급시설공사 건설사업관리용역,충청남도 천안시,PQ,1350100000,1338171900,99.11650248,삼안+송현,99.77,1052969000,99.8041,N
20200334615 - 00,20200318,천안 동부바이오 일반산업단지 용수공급시설공사 건설사업관리용역,충청남도 천안시,PQ,1350100000,1338171900,99.11650248,경동+범한,99.67,1064960000,100.8503,N
20200334615 - 00,20200318,천안 동부바이오 일반산업단지 용수공급시설공사 건설사업관리용역,충청남도 천안시,PQ,1350100000,1338171900,99.11650248,건화+장맥,99.6,1050970000,99.4746,Y
20200334615 - 00,20200318,천안 동부바이오 일반산업단지 용수공급시설공사 건설사업관리용역,충청남도 천안시,PQ,1350100000,1338171900,99.11650248,도화+드림,99.6,1066500000,100.9445,N
20200334615 - 00,20200318,천안 동부바이오 일반산업단지 용수공급시설공사 건설사업관리용역,충청남도 천안시,PQ,1350100000,1338171900,99.11650248,KCM+수성E,99.3,1065700000,100.6245,N
20200334615 - 00,20200318,천안 동부바이오 일반산업단지 용수공급시설공사 건설사업관리용역,충청남도 천안시,PQ,1350100000,1338171900,99.11650248,경호+강호,99.24,1048980000,98.9953,N
20200334615 - 00,20200318,천안 동부바이오 일반산업단지 용수공급시설공사 건설사업관리용역,충청남도 천안시,PQ,1350100000,1338171900,99.11650248,홍익+계림,98.97,1083150000,101.9991,N
20200334615 - 00,20200318,천안 동부바이오 일반산업단지 용수공급시설공사 건설사업관리용역,충청남도 천안시,PQ,1350100000,1338171900,99.11650248,선진+유원,98.01,1273600000,118.9956,N
20200335368 - 00,20200319,율촌 하수관로 정비사업 외 1개 사업 기본 및 실시설계 용역,전라북도 고창군,PQ,968484000,977437675,100.9245042,도화+국성,98.87,836200000,100.6952,N
20200335368 - 00,20200319,율촌 하수관로 정비사업 외 1개 사업 기본 및 실시설계 용역,전라북도 고창군,PQ,968484000,977437675,100.9245042,이산+JCN,98,828930000,99.5991,N
20200335368 - 00,20200319,율촌 하수관로 정비사업 외 1개 사업 기본 및 실시설계 용역,전라북도 고창군,PQ,968484000,977437675,100.9245042,삼안+현성,97.86,836550000,100.4679,N
20200335368 - 00,20200319,율촌 하수관로 정비사업 외 1개 사업 기본 및 실시설계 용역,전라북도 고창군,PQ,968484000,977437675,100.9245042,한종+더한,97.7,833500000,100.0667,N
20200335368 - 00,20200319,율촌 하수관로 정비사업 외 1개 사업 기본 및 실시설계 용역,전라북도 고창군,PQ,968484000,977437675,100.9245042,건화+유현,97.63,828000000,99.3833,N
20200335368 - 00,20200319,율촌 하수관로 정비사업 외 1개 사업 기본 및 실시설계 용역,전라북도 고창군,PQ,968484000,977437675,100.9245042,제일+건일,97.57,839900000,100.7999,N
20200335368 - 00,20200319,율촌 하수관로 정비사업 외 1개 사업 기본 및 실시설계 용역,전라북도 고창군,PQ,968484000,977437675,100.9245042,선진+대성,97.49,841160000,100.9276,Y
20200335368 - 00,20200319,율촌 하수관로 정비사업 외 1개 사업 기본 및 실시설계 용역,전라북도 고창군,PQ,968484000,977437675,100.9245042,KG+인우+수성,97.37,825120000,98.98,N
20200335368 - 00,20200319,율촌 하수관로 정비사업 외 1개 사업 기본 및 실시설계 용역,전라북도 고창군,PQ,968484000,977437675,100.9245042,경동+세화,97.15,842227000,100.9735,N
20200335368 - 00,20200319,율촌 하수관로 정비사업 외 1개 사업 기본 및 실시설계 용역,전라북도 고창군,PQ,968484000,977437675,100.9245042,범한+대도,97.1,837540000,100.3999,N
20200335368 - 00,20200319,율촌 하수관로 정비사업 외 1개 사업 기본 및 실시설계 용역,전라북도 고창군,PQ,968484000,977437675,100.9245042,유신+한가람,97.03,824135000,98.7701,N
20200335368 - 00,20200319,율촌 하수관로 정비사업 외 1개 사업 기본 및 실시설계 용역,전라북도 고창군,PQ,968484000,977437675,100.9245042,HEC+신한+건양,96.92,842180000,100.9093,N
20200335368 - 00,20200319,율촌 하수관로 정비사업 외 1개 사업 기본 및 실시설계 용역,전라북도 고창군,PQ,968484000,977437675,100.9245042,동명+조화,96.76,824540000,98.7499,N
20200335368 - 00,20200319,율촌 하수관로 정비사업 외 1개 사업 기본 및 실시설계 용역,전라북도 고창군,PQ,968484000,977437675,100.9245042,화신+고산,96.53,871871000,104.3579,N
20200333310 - 04,20200319,미이관 노후 오수관로 정비사업(4단계) 실시설계용역,부산광역시,PQ,671800000,672691875,100.132759,한종+삼영,100,574900000,100.0948,N
20200333310 - 04,20200319,미이관 노후 오수관로 정비사업(4단계) 실시설계용역,부산광역시,PQ,671800000,672691875,100.132759,이산+거원,100,573700000,99.8859,N
20200333310 - 04,20200319,미이관 노후 오수관로 정비사업(4단계) 실시설계용역,부산광역시,PQ,671800000,672691875,100.132759,건화+한가람(청우),99.92,578000000,100.611,Y
20200333310 - 04,20200319,미이관 노후 오수관로 정비사업(4단계) 실시설계용역,부산광역시,PQ,671800000,672691875,100.132759,범한+우경,99.9,573062000,99.7398,N
20200333310 - 04,20200319,미이관 노후 오수관로 정비사업(4단계) 실시설계용역,부산광역시,PQ,671800000,672691875,100.132759,동명+선일+대원기술,99.39,580500000,100.9046,N
20200333310 - 04,20200319,미이관 노후 오수관로 정비사업(4단계) 실시설계용역,부산광역시,PQ,671800000,672691875,100.132759,삼안+하나+수성,99.12,579370000,100.6377,N
20200333310 - 04,20200319,미이관 노후 오수관로 정비사업(4단계) 실시설계용역,부산광역시,PQ,671800000,672691875,100.132759,제일+세일+한림,98.94,581330000,100.931,N
20200333310 - 04,20200319,미이관 노후 오수관로 정비사업(4단계) 실시설계용역,부산광역시,PQ,671800000,672691875,100.132759,유신+경성,98.81,569140000,98.78,N
20200333310 - 04,20200319,미이관 노후 오수관로 정비사업(4단계) 실시설계용역,부산광역시,PQ,671800000,672691875,100.132759,선진+이화,98.39,582420000,100.9789,N
20200333310 - 04,20200319,미이관 노후 오수관로 정비사업(4단계) 실시설계용역,부산광역시,PQ,671800000,672691875,100.132759,경화+문창,98.11,584595000,101.2852,N
20200333310 - 04,20200319,미이관 노후 오수관로 정비사업(4단계) 실시설계용역,부산광역시,PQ,671800000,672691875,100.132759,건양+미래,98.03,573154000,99.2799,N
20200333310 - 04,20200319,미이관 노후 오수관로 정비사업(4단계) 실시설계용역,부산광역시,PQ,671800000,672691875,100.132759,정+조은,97.77,571440000,98.9139,N
20200333310 - 04,20200319,미이관 노후 오수관로 정비사업(4단계) 실시설계용역,부산광역시,PQ,671800000,672691875,100.132759,화신+대진,97.69,585469000,101.3305,N
20200333310 - 04,20200319,미이관 노후 오수관로 정비사업(4단계) 실시설계용역,부산광역시,PQ,671800000,672691875,100.132759,HEC+HM,97.58,570980000,98.7884,N
20200333310 - 04,20200319,미이관 노후 오수관로 정비사업(4단계) 실시설계용역,부산광역시,PQ,671800000,672691875,100.132759,서영+HK,96.98,586400000,101.3032,N
20200335447 - 00,20200319,평림천 생태하천 복원사업 건설사업관리용역,전라남도 장성군,PQ,1407000000,1420278600,100.9437527,동부+우영,99.96,1104950000,100.6502,N
20200335447 - 00,20200319,평림천 생태하천 복원사업 건설사업관리용역,전라남도 장성군,PQ,1407000000,1420278600,100.9437527,수성+신오,99.64,1106820000,100.5499,N
20200335447 - 00,20200319,평림천 생태하천 복원사업 건설사업관리용역,전라남도 장성군,PQ,1407000000,1420278600,100.9437527,극동+우빈,99.6,1092459000,99.2199,N
20200335447 - 00,20200319,평림천 생태하천 복원사업 건설사업관리용역,전라남도 장성군,PQ,1407000000,1420278600,100.9437527,삼안+동아,99.6,1107150000,100.5542,N
20200335447 - 00,20200319,평림천 생태하천 복원사업 건설사업관리용역,전라남도 장성군,PQ,1407000000,1420278600,100.9437527,천일+영진,99.6,1100495000,99.9498,N
20200335447 - 00,20200319,평림천 생태하천 복원사업 건설사업관리용역,전라남도 장성군,PQ,1407000000,1420278600,100.9437527,한종+우리종합,99.6,1093900000,99.3508,N
20200335447 - 00,20200319,평림천 생태하천 복원사업 건설사업관리용역,전라남도 장성군,PQ,1407000000,1420278600,100.9437527,신명+유신,99.6,1096096000,99.5503,N
20200335447 - 00,20200319,평림천 생태하천 복원사업 건설사업관리용역,전라남도 장성군,PQ,1407000000,1420278600,100.9437527,이산+하이콘,99.6,1097970000,99.7205,N
20200335447 - 00,20200319,평림천 생태하천 복원사업 건설사업관리용역,전라남도 장성군,PQ,1407000000,1420278600,100.9437527,한기+동성,99.58,1116600000,101.3995,Y
20200335447 - 00,20200319,평림천 생태하천 복원사업 건설사업관리용역,전라남도 장성군,PQ,1407000000,1420278600,100.9437527,건화+진성+원진,99.57,1124000000,102.0585,N
20200335424 - 00,20200319,황룡강 지방하천 정비사업 건설사업관리용역,전라남도 장성군,PQ,1778000000,1757157400,98.82775028,동아+삼안,100,1386473000,99.9799,N
20200335424 - 00,20200319,황룡강 지방하천 정비사업 건설사업관리용역,전라남도 장성군,PQ,1778000000,1757157400,98.82775028,동성+한기,100,1395000000,100.5948,N
20200335424 - 00,20200319,황룡강 지방하천 정비사업 건설사업관리용역,전라남도 장성군,PQ,1778000000,1757157400,98.82775028,도화+원우,99.73,1381780000,99.4121,N
20200335424 - 00,20200319,황룡강 지방하천 정비사업 건설사업관리용역,전라남도 장성군,PQ,1778000000,1757157400,98.82775028,건화+기찬,99.7,1394760000,100.3203,N
20200335424 - 00,20200319,황룡강 지방하천 정비사업 건설사업관리용역,전라남도 장성군,PQ,1778000000,1757157400,98.82775028,극동+우빈,99.7,1379462000,99.2199,N
20200335424 - 00,20200319,황룡강 지방하천 정비사업 건설사업관리용역,전라남도 장성군,PQ,1778000000,1757157400,98.82775028,한종+우리종합,99.7,1377800000,99.1004,N
20200335424 - 00,20200319,황룡강 지방하천 정비사업 건설사업관리용역,전라남도 장성군,PQ,1778000000,1757157400,98.82775028,이산+하이콘,99.7,1376540000,99.0098,Y
20200335424 - 00,20200319,황룡강 지방하천 정비사업 건설사업관리용역,전라남도 장성군,PQ,1778000000,1757157400,98.82775028,동부+우영,99.7,1384350000,99.5715,N
20200335424 - 00,20200319,황룡강 지방하천 정비사업 건설사업관리용역,전라남도 장성군,PQ,1778000000,1757157400,98.82775028,수성+신오,99.7,1397957000,100.5502,N
20200335424 - 00,20200319,황룡강 지방하천 정비사업 건설사업관리용역,전라남도 장성군,PQ,1778000000,1757157400,98.82775028,평화+경호,99.64,1379800000,99.1935,N
20200335424 - 00,20200319,황룡강 지방하천 정비사업 건설사업관리용역,전라남도 장성군,PQ,1778000000,1757157400,98.82775028,신명+삼보,99.64,1404996000,101.0049,N
20200336147 - 00,20200319,"비산,포일 통합정수장 현대화사업 기본 및 실시설계 용역",경기도 안양시,TP,9081391000,9109339025,100.3077505,건화+한종+HEC+도화(테크피아),96.64,6857200000,100.47,Y
20200336147 - 00,20200319,"비산,포일 통합정수장 현대화사업 기본 및 실시설계 용역",경기도 안양시,TP,9081391000,9109339025,100.3077505,동명+삼안+이산,96.19,6876200000,100.3745,N
20200336671 - 00,20200319,강산1 자연재해위험개선지구 실시설계 용역,전라남도 보성군,PQ,532450000,535815150,100.6320124,삼안+동아,98.7,463980000,100.3172,N
20200336671 - 00,20200319,강산1 자연재해위험개선지구 실시설계 용역,전라남도 보성군,PQ,532450000,535815150,100.6320124,경호+극동+우영,98.49,459190000,99.2702,N
20200336671 - 00,20200319,강산1 자연재해위험개선지구 실시설계 용역,전라남도 보성군,PQ,532450000,535815150,100.6320124,한종+우리,98.48,461880000,99.8517,N
20200336671 - 00,20200319,강산1 자연재해위험개선지구 실시설계 용역,전라남도 보성군,PQ,532450000,535815150,100.6320124,동부+우빈,98.47,460790000,99.6046,N
20200336671 - 00,20200319,강산1 자연재해위험개선지구 실시설계 용역,전라남도 보성군,PQ,532450000,535815150,100.6320124,평화+조화,98.39,463451000,100.1798,N
20200336671 - 00,20200319,강산1 자연재해위험개선지구 실시설계 용역,전라남도 보성군,PQ,532450000,535815150,100.6320124,동명+세원,98.33,468230000,101.2012,Y
20200336671 - 00,20200319,강산1 자연재해위험개선지구 실시설계 용역,전라남도 보성군,PQ,532450000,535815150,100.6320124,KG+중원,98.32,460775000,99.5899,N
20200336671 - 00,20200319,강산1 자연재해위험개선지구 실시설계 용역,전라남도 보성군,PQ,532450000,535815150,100.6320124,도화+산이,98.28,460700000,99.5737,N
20200336671 - 00,20200319,강산1 자연재해위험개선지구 실시설계 용역,전라남도 보성군,PQ,532450000,535815150,100.6320124,유신+원우,98.12,457173000,98.8,N
20200336671 - 00,20200319,강산1 자연재해위험개선지구 실시설계 용역,전라남도 보성군,PQ,532450000,535815150,100.6320124,건화+하이콘(서영정보),97.62,468400000,101.1681,N
20200336671 - 00,20200319,강산1 자연재해위험개선지구 실시설계 용역,전라남도 보성군,PQ,532450000,535815150,100.6320124,KSM,97.03,460465000,99.3971,N
20200336671 - 00,20200319,강산1 자연재해위험개선지구 실시설계 용역,전라남도 보성군,PQ,532450000,535815150,100.6320124,화신+현대,96.71,474400000,102.3816,N
20200336389 - 01,20200319,김포시 자연재해저감 종합계획 재수립 용역,경기도 김포시,PQ,827640000,825277150,99.71450752,도화+경호,99.21,711550000,100.3483,N
20200336389 - 01,20200319,김포시 자연재해저감 종합계획 재수립 용역,경기도 김포시,PQ,827640000,825277150,99.71450752,동부+보원,99.04,713603000,100.5908,N
20200336389 - 01,20200319,김포시 자연재해저감 종합계획 재수립 용역,경기도 김포시,PQ,827640000,825277150,99.71450752,이산+KSM+동성,98.7,707800000,99.6914,N
20200336389 - 01,20200319,김포시 자연재해저감 종합계획 재수립 용역,경기도 김포시,PQ,827640000,825277150,99.71450752,건화+유현,98.66,716300000,100.8768,N
20200336389 - 01,20200319,김포시 자연재해저감 종합계획 재수립 용역,경기도 김포시,PQ,827640000,825277150,99.71450752,KG+강동,98.46,714525000,100.58,N
20200336389 - 01,20200319,김포시 자연재해저감 종합계획 재수립 용역,경기도 김포시,PQ,827640000,825277150,99.71450752,삼안+KCI,98.37,710930000,100.0506,Y
20200336389 - 01,20200319,김포시 자연재해저감 종합계획 재수립 용역,경기도 김포시,PQ,827640000,825277150,99.71450752,한종+주하,97.8,718800000,101.0052,N
20200336389 - 01,20200319,김포시 자연재해저감 종합계획 재수립 용역,경기도 김포시,PQ,827640000,825277150,99.71450752,유신+동명+동서,97.75,704875000,99.037,N
20200336389 - 01,20200319,김포시 자연재해저감 종합계획 재수립 용역,경기도 김포시,PQ,827640000,825277150,99.71450752,화신+서영,97.04,743600000,104.2839,N
20200336421 - 02,20200319,가곡지구 우수저류시설 설치사업 기본 및 실시설계 용역,전라남도 순천시,PQ,912390000,911322550,99.88300507,도화+신명+삼경,98.95,784420000,100.279,Y
20200336421 - 02,20200319,가곡지구 우수저류시설 설치사업 기본 및 실시설계 용역,전라남도 순천시,PQ,912390000,911322550,99.88300507,동부+한기,98.61,781774000,99.8592,N
20200336421 - 02,20200319,가곡지구 우수저류시설 설치사업 기본 및 실시설계 용역,전라남도 순천시,PQ,912390000,911322550,99.88300507,평화+한올+보원,98.41,784700000,100.1863,N
20200336421 - 02,20200319,가곡지구 우수저류시설 설치사업 기본 및 실시설계 용역,전라남도 순천시,PQ,912390000,911322550,99.88300507,건화+하이콘+KCI,98.39,790200000,100.8767,N
20200336421 - 02,20200319,가곡지구 우수저류시설 설치사업 기본 및 실시설계 용역,전라남도 순천시,PQ,912390000,911322550,99.88300507,유신+원우,98.29,790625000,100.9075,N
20200336421 - 02,20200319,가곡지구 우수저류시설 설치사업 기본 및 실시설계 용역,전라남도 순천시,PQ,912390000,911322550,99.88300507,이산+동아,98.22,779779000,99.5,N
20200336421 - 02,20200319,가곡지구 우수저류시설 설치사업 기본 및 실시설계 용역,전라남도 순천시,PQ,912390000,911322550,99.88300507,동명+기림,98.02,793500000,101.2508,N
20200336421 - 02,20200319,가곡지구 우수저류시설 설치사업 기본 및 실시설계 용역,전라남도 순천시,PQ,912390000,911322550,99.88300507,경호+우리+극동,97.95,776950000,99.0698,N
20200336421 - 02,20200319,가곡지구 우수저류시설 설치사업 기본 및 실시설계 용역,전라남도 순천시,PQ,912390000,911322550,99.88300507,KG+대현,97.91,793499000,101.18,N
20200336421 - 02,20200319,가곡지구 우수저류시설 설치사업 기본 및 실시설계 용역,전라남도 순천시,PQ,912390000,911322550,99.88300507,삼안+신오+유현,96.91,776215000,98.7234,N
20200335099 - 00,20200319,종달지구 풍수해위험생활권 종합정비사업 기본 및 실시설계 용역,제주특별자치도 제주시,PQ,1155110000,1152415775,99.76675598,삼안+JPM+KCI,98.49,917950000,100.6378,N
20200335099 - 00,20200319,종달지구 풍수해위험생활권 종합정비사업 기본 및 실시설계 용역,제주특별자치도 제주시,PQ,1155110000,1152415775,99.76675598,한종+한라,98.36,911680000,99.8492,Y
20200335099 - 00,20200319,종달지구 풍수해위험생활권 종합정비사업 기본 및 실시설계 용역,제주특별자치도 제주시,PQ,1155110000,1152415775,99.76675598,동부+태신+한맥,97.72,911460000,99.31,N
20200335099 - 00,20200319,종달지구 풍수해위험생활권 종합정비사업 기본 및 실시설계 용역,제주특별자치도 제주시,PQ,1155110000,1152415775,99.76675598,도화+성광,97.41,931300000,101.2169,N
20200335099 - 00,20200319,종달지구 풍수해위험생활권 종합정비사업 기본 및 실시설계 용역,제주특별자치도 제주시,PQ,1155110000,1152415775,99.76675598,유신+연웅+건화(가온+케이지오),97.26,911493000,98.94,N
20200335099 - 00,20200319,종달지구 풍수해위험생활권 종합정비사업 기본 및 실시설계 용역,제주특별자치도 제주시,PQ,1155110000,1152415775,99.76675598,KG+DKL+동서,97.04,1107450000,120,N
20200337928 - 00,20200320,구성지구 농어촌생활용수개발사업 기본 및 실시설계용역,경상북도 김천시,PQ,1454800000,1434607425,98.61200337,건화+도화+명성(진성+동진),99.87,1146000000,100.882,N
20200337928 - 00,20200320,구성지구 농어촌생활용수개발사업 기본 및 실시설계용역,경상북도 김천시,PQ,1454800000,1434607425,98.61200337,이산+세연+주하,97.84,1144990000,99.1425,N
20200337928 - 00,20200320,구성지구 농어촌생활용수개발사업 기본 및 실시설계용역,경상북도 김천시,PQ,1454800000,1434607425,98.61200337,KG+한백,97.84,1144268000,99.08,N
20200337928 - 00,20200320,구성지구 농어촌생활용수개발사업 기본 및 실시설계용역,경상북도 김천시,PQ,1454800000,1434607425,98.61200337,HEC+태성,97.7,1144200000,98.9619,Y
20200337928 - 00,20200320,구성지구 농어촌생활용수개발사업 기본 및 실시설계용역,경상북도 김천시,PQ,1454800000,1434607425,98.61200337,동명+청우,97.63,1156800000,100.0014,N
20200337928 - 00,20200320,구성지구 농어촌생활용수개발사업 기본 및 실시설계용역,경상북도 김천시,PQ,1454800000,1434607425,98.61200337,한종+삼보,97.6,1140800000,98.5934,N
20200337928 - 00,20200320,구성지구 농어촌생활용수개발사업 기본 및 실시설계용역,경상북도 김천시,PQ,1454800000,1434607425,98.61200337,화신+다산,97.51,1138498000,98.3203,N
20200337928 - 00,20200320,구성지구 농어촌생활용수개발사업 기본 및 실시설계용역,경상북도 김천시,PQ,1454800000,1434607425,98.61200337,제일+동성,97.49,1177800000,101.7016,N
20200337928 - 00,20200320,구성지구 농어촌생활용수개발사업 기본 및 실시설계용역,경상북도 김천시,PQ,1454800000,1434607425,98.61200337,유신+한도,97.37,1183254000,102.07,N
20200337928 - 00,20200320,구성지구 농어촌생활용수개발사업 기본 및 실시설계용역,경상북도 김천시,PQ,1454800000,1434607425,98.61200337,삼안+보람,97.3,1186350000,102.2857,N
20200337928 - 00,20200320,구성지구 농어촌생활용수개발사업 기본 및 실시설계용역,경상북도 김천시,PQ,1454800000,1434607425,98.61200337,선진+세원,96.7,1394930000,119.6838,N
20200325187 - 00,20200319,모래내 풍수해생활권 종합정비사업 기본 및 실시설계용역,충청북도 음성군,PQ,1150347000,1155641500,100.4602524,도화+건양,98.8,902420000,99.5971,N
20200325187 - 00,20200319,모래내 풍수해생활권 종합정비사업 기본 및 실시설계용역,충청북도 음성군,PQ,1150347000,1155641500,100.4602524,한종+홍익+보람,98.52,913500000,100.5901,Y
20200325187 - 00,20200319,모래내 풍수해생활권 종합정비사업 기본 및 실시설계용역,충청북도 음성군,PQ,1150347000,1155641500,100.4602524,이산+동림,98.44,907700000,99.8881,N
20200325187 - 00,20200319,모래내 풍수해생활권 종합정비사업 기본 및 실시설계용역,충청북도 음성군,PQ,1150347000,1155641500,100.4602524,건화+영진+KCI+동서,98.4,912000000,100.3232,N
20200325187 - 00,20200319,모래내 풍수해생활권 종합정비사업 기본 및 실시설계용역,충청북도 음성군,PQ,1150347000,1155641500,100.4602524,KG+대원+한맥,98.37,901836000,99.18,N
20200325187 - 00,20200319,모래내 풍수해생활권 종합정비사업 기본 및 실시설계용역,충청북도 음성군,PQ,1150347000,1155641500,100.4602524,유신+도우+서영,98.28,922012000,101.322,N
20200325187 - 00,20200319,모래내 풍수해생활권 종합정비사업 기본 및 실시설계용역,충청북도 음성군,PQ,1150347000,1155641500,100.4602524,동부+지명,98.17,926970000,101.7768,N
20200325187 - 00,20200319,모래내 풍수해생활권 종합정비사업 기본 및 실시설계용역,충청북도 음성군,PQ,1150347000,1155641500,100.4602524,삼안+청우+KSM,97.92,901230000,98.7511,N
20200325187 - 00,20200319,모래내 풍수해생활권 종합정비사업 기본 및 실시설계용역,충청북도 음성군,PQ,1150347000,1155641500,100.4602524,경호+극동+동국+해린,96.88,936490000,101.768,N
20200325187 - 00,20200319,모래내 풍수해생활권 종합정비사업 기본 및 실시설계용역,충청북도 음성군,PQ,1150347000,1155641500,100.4602524,화신+선+현대기술+조은,96.69,937176000,101.69,N
20200334818 - 00,20200319,한천 자연재해위험개선지구 정비사업 기본 및 실시설계용역,제주특별자치도 제주시,PQ,1209109000,1221049025,100.9875061,한종+한라+삼경,98.31,962000000,100.6041,N
20200334818 - 00,20200319,한천 자연재해위험개선지구 정비사업 기본 및 실시설계용역,제주특별자치도 제주시,PQ,1209109000,1221049025,100.9875061,삼안+JPM+동서,97.86,956670000,99.6937,N
20200334818 - 00,20200319,한천 자연재해위험개선지구 정비사업 기본 및 실시설계용역,제주특별자치도 제주시,PQ,1209109000,1221049025,100.9875061,동부+태신+경동,97.79,970750000,101.0973,Y
20200334818 - 00,20200319,한천 자연재해위험개선지구 정비사업 기본 및 실시설계용역,제주특별자치도 제주시,PQ,1209109000,1221049025,100.9875061,도화+성광,97.24,977500000,101.3535,N
20200334818 - 00,20200319,한천 자연재해위험개선지구 정비사업 기본 및 실시설계용역,제주특별자치도 제주시,PQ,1209109000,1221049025,100.9875061,KG+DKL,97.04,979349000,101.38,N
20200334818 - 00,20200319,한천 자연재해위험개선지구 정비사업 기본 및 실시설계용역,제주특별자치도 제주시,PQ,1209109000,1221049025,100.9875061,유신+연웅+건화(가온+케이지오),96.79,1064800000,110.0054,N
20200338437 - 00,20200320,오천항 건설공사 실시설계용역,해양수산부 여수지방해양수산청,SOQ,1800000000,1796377500,99.79875,아라+대양+항도,99,1471800000,101.328,Y
20200338437 - 00,20200320,오천항 건설공사 실시설계용역,해양수산부 여수지방해양수산청,SOQ,1800000000,1796377500,99.79875,세일+혜인+건일,96.16,1512887000,101.65,N
20200338437 - 00,20200320,오천항 건설공사 실시설계용역,해양수산부 여수지방해양수산청,SOQ,1800000000,1796377500,99.79875,한항+건화+재화+평화(도촌이엔지+미래해양),95.6,1584000000,105.9284,N
20200339019 - 00,20200320,금강하류 단위유역 유역하수도정비계획 변경수립,환경부 금강유역환경청,PQ,800000000,802372000,100.2965,이산+삼안,99.24,673000000,101.0328,Y
20200339019 - 00,20200320,금강하류 단위유역 유역하수도정비계획 변경수립,환경부 금강유역환경청,PQ,800000000,802372000,100.2965,동명+한종,98,679600000,101.4995,N
20200339019 - 00,20200320,금강하류 단위유역 유역하수도정비계획 변경수립,환경부 금강유역환경청,PQ,800000000,802372000,100.2965,도화+건화+경동,97.93,667330000,99.6312,N
20200339019 - 00,20200320,금강하류 단위유역 유역하수도정비계획 변경수립,환경부 금강유역환경청,PQ,800000000,802372000,100.2965,제일+선진,97.51,667970000,99.5603,N
20200337935 - 00,20200320,춘천시 수도정비 기본계획(변경) 수립 및 상수도관망 기술진단 용역,강원도 춘천시 상하수도사업본부,PQ,1985000000,1994126075,100.4597519,건화+삼경+정,99.61,1567700000,100.9359,Y
20200337935 - 00,20200320,춘천시 수도정비 기본계획(변경) 수립 및 상수도관망 기술진단 용역,강원도 춘천시 상하수도사업본부,PQ,1985000000,1994126075,100.4597519,한종+서광+고려,97.97,1593500000,101.2385,N
20200337935 - 00,20200320,춘천시 수도정비 기본계획(변경) 수립 및 상수도관망 기술진단 용역,강원도 춘천시 상하수도사업본부,PQ,1985000000,1994126075,100.4597519,이산+KG+정원+동서,97.93,1567900000,99.5744,N
20200337935 - 00,20200320,춘천시 수도정비 기본계획(변경) 수립 및 상수도관망 기술진단 용역,강원도 춘천시 상하수도사업본부,PQ,1985000000,1994126075,100.4597519,삼안+도화+미래,97.67,1559800000,98.8482,N
20200337935 - 00,20200320,춘천시 수도정비 기본계획(변경) 수립 및 상수도관망 기술진단 용역,강원도 춘천시 상하수도사업본부,PQ,1985000000,1994126075,100.4597519,화신+건양+진화,97.57,1599549000,101.2907,N
20200337935 - 00,20200320,춘천시 수도정비 기본계획(변경) 수립 및 상수도관망 기술진단 용역,강원도 춘천시 상하수도사업본부,PQ,1985000000,1994126075,100.4597519,경동+삼주+성우,97.39,1558595000,98.5487,N
20200337935 - 00,20200320,춘천시 수도정비 기본계획(변경) 수립 및 상수도관망 기술진단 용역,강원도 춘천시 상하수도사업본부,PQ,1985000000,1994126075,100.4597519,동명+일신,97.28,1611600000,101.8107,N
20200337935 - 00,20200320,춘천시 수도정비 기본계획(변경) 수립 및 상수도관망 기술진단 용역,강원도 춘천시 상하수도사업본부,PQ,1985000000,1994126075,100.4597519,범한+유신+대성+경원,97.06,1800000000,113.5133,N
20200339134 - 01,20200320,"청주 미원종암, 성내 소규모하수처리시설 설치사업 통합건설사업관리용역",충청북도 청주시,PQ,1054680000,1043429250,98.93325464,건화+홍익,100,903200000,100.1665,N
20200339134 - 01,20200320,"청주 미원종암, 성내 소규모하수처리시설 설치사업 통합건설사업관리용역",충청북도 청주시,PQ,1054680000,1043429250,98.93325464,동명+영진,100,903870000,100.2408,N
20200339134 - 01,20200320,"청주 미원종암, 성내 소규모하수처리시설 설치사업 통합건설사업관리용역",충청북도 청주시,PQ,1054680000,1043429250,98.93325464,동해+건양,100,898460000,99.6408,N
20200339134 - 01,20200320,"청주 미원종암, 성내 소규모하수처리시설 설치사업 통합건설사업관리용역",충청북도 청주시,PQ,1054680000,1043429250,98.93325464,경원+대원,100,899700000,99.7783,N
20200339134 - 01,20200320,"청주 미원종암, 성내 소규모하수처리시설 설치사업 통합건설사업관리용역",충청북도 청주시,PQ,1054680000,1043429250,98.93325464,천일+한맥E,99.83,896249000,99.3491,N
20200339134 - 01,20200320,"청주 미원종암, 성내 소규모하수처리시설 설치사업 통합건설사업관리용역",충청북도 청주시,PQ,1054680000,1043429250,98.93325464,도화+청우,99.8,909700000,100.8284,N
20200339134 - 01,20200320,"청주 미원종암, 성내 소규모하수처리시설 설치사업 통합건설사업관리용역",충청북도 청주시,PQ,1054680000,1043429250,98.93325464,동성+창민,99.71,906044000,100.3997,N
20200339134 - 01,20200320,"청주 미원종암, 성내 소규모하수처리시설 설치사업 통합건설사업관리용역",충청북도 청주시,PQ,1054680000,1043429250,98.93325464,극동+건일,99.55,909162000,100.7099,N
20200339134 - 01,20200320,"청주 미원종암, 성내 소규모하수처리시설 설치사업 통합건설사업관리용역",충청북도 청주시,PQ,1054680000,1043429250,98.93325464,신명+태광,99.43,909212000,100.6802,N
20200339134 - 01,20200320,"청주 미원종암, 성내 소규모하수처리시설 설치사업 통합건설사업관리용역",충청북도 청주시,PQ,1054680000,1043429250,98.93325464,이산+동림,99.4,897564000,99.3787,N
20200339134 - 01,20200320,"청주 미원종암, 성내 소규모하수처리시설 설치사업 통합건설사업관리용역",충청북도 청주시,PQ,1054680000,1043429250,98.93325464,범한+도우,99.24,912500000,100.9971,N
20200339134 - 01,20200320,"청주 미원종암, 성내 소규모하수처리시설 설치사업 통합건설사업관리용역",충청북도 청주시,PQ,1054680000,1043429250,98.93325464,한종+지명,99.2,892800000,98.8051,N
20200339134 - 01,20200320,"청주 미원종암, 성내 소규모하수처리시설 설치사업 통합건설사업관리용역",충청북도 청주시,PQ,1054680000,1043429250,98.93325464,용마+해린,99.04,913100000,101.0045,N
20200339134 - 01,20200320,"청주 미원종암, 성내 소규모하수처리시설 설치사업 통합건설사업관리용역",충청북도 청주시,PQ,1054680000,1043429250,98.93325464,경호+해림,98.93,893000000,98.7581,N
20200339134 - 01,20200320,"청주 미원종암, 성내 소규모하수처리시설 설치사업 통합건설사업관리용역",충청북도 청주시,PQ,1054680000,1043429250,98.93325464,화신+가원,98.88,893490000,98.8007,N
20200339134 - 01,20200320,"청주 미원종암, 성내 소규모하수처리시설 설치사업 통합건설사업관리용역",충청북도 청주시,PQ,1054680000,1043429250,98.93325464,KCM+세광,98.84,894850000,98.9396,Y
20200338641 - 00,20200320,영천금호일반산업단지 개발사업 환경영향평가 용역,경상북도 영천시,PQ,924147000,928351925,100.4550061,동성+동부+퍼스트,98.96,789688000,99.6798,N
20200338641 - 00,20200320,영천금호일반산업단지 개발사업 환경영향평가 용역,경상북도 영천시,PQ,924147000,928351925,100.4550061,도화+청명+세진,98.96,790220000,99.7469,N
20200338641 - 00,20200320,영천금호일반산업단지 개발사업 환경영향평가 용역,경상북도 영천시,PQ,924147000,928351925,100.4550061,동명+건일+다원,98.96,790240000,99.7494,N
20200338641 - 00,20200320,영천금호일반산업단지 개발사업 환경영향평가 용역,경상북도 영천시,PQ,924147000,928351925,100.4550061,건화+한도+우신,98.94,788750000,99.5497,N
20200338641 - 00,20200320,영천금호일반산업단지 개발사업 환경영향평가 용역,경상북도 영천시,PQ,924147000,928351925,100.4550061,선진+DS,98.91,790810000,99.8097,N
20200338641 - 00,20200320,영천금호일반산업단지 개발사업 환경영향평가 용역,경상북도 영천시,PQ,924147000,928351925,100.4550061,동아+한종+한울,98.91,795470000,100.3979,N
20200338641 - 00,20200320,영천금호일반산업단지 개발사업 환경영향평가 용역,경상북도 영천시,PQ,924147000,928351925,100.4550061,경호+현대,98.91,791249000,99.8652,N
20200338641 - 00,20200320,영천금호일반산업단지 개발사업 환경영향평가 용역,경상북도 영천시,PQ,924147000,928351925,100.4550061,수성+보드플랜,98.88,789877000,99.6804,N
20200338641 - 00,20200320,영천금호일반산업단지 개발사업 환경영향평가 용역,경상북도 영천시,PQ,924147000,928351925,100.4550061,삼안+다올+휴먼,98.88,787490000,99.3791,N
20200338641 - 00,20200320,영천금호일반산업단지 개발사업 환경영향평가 용역,경상북도 영천시,PQ,924147000,928351925,100.4550061,다산+화신+엔탑,98.88,788590000,99.5179,N
20200338641 - 00,20200320,영천금호일반산업단지 개발사업 환경영향평가 용역,경상북도 영천시,PQ,924147000,928351925,100.4550061,이산+해동+대현,98.87,783783000,98.9113,N
20200338641 - 00,20200320,영천금호일반산업단지 개발사업 환경영향평가 용역,경상북도 영천시,PQ,924147000,928351925,100.4550061,평화+한백종합+정솔,98.87,790700000,99.7842,N
20200338641 - 00,20200320,영천금호일반산업단지 개발사업 환경영향평가 용역,경상북도 영천시,PQ,924147000,928351925,100.4550061,서영+KCI+신일환경,98.87,796770000,100.5502,Y
20200338641 - 00,20200320,영천금호일반산업단지 개발사업 환경영향평가 용역,경상북도 영천시,PQ,924147000,928351925,100.4550061,한맥+장원,98.86,798049700,100.7,N
20200338641 - 00,20200320,영천금호일반산업단지 개발사업 환경영향평가 용역,경상북도 영천시,PQ,924147000,928351925,100.4550061,홍익+중앙방재,98.85,785131000,99.0699,N
20200338641 - 00,20200320,영천금호일반산업단지 개발사업 환경영향평가 용역,경상북도 영천시,PQ,924147000,928351925,100.4550061,신성+새길+레오,98.58,799580000,100.8225,N
20200338641 - 00,20200320,영천금호일반산업단지 개발사업 환경영향평가 용역,경상북도 영천시,PQ,924147000,928351925,100.4550061,동일+동진,98.34,788280000,99.3398,N
20200338641 - 00,20200320,영천금호일반산업단지 개발사업 환경영향평가 용역,경상북도 영천시,PQ,924147000,928351925,100.4550061,KG+유신+세원,97.01,835053000,104.88,N
20200339073 - 00,20200320,의정부시 도로건설관리계획(변경)수립 용역,경기도 의정부시,PQ,600000000,597166500,99.52775,KG+수성,95.98,523078000,100.9199,Y
20200339073 - 00,20200320,의정부시 도로건설관리계획(변경)수립 용역,경기도 의정부시,PQ,600000000,597166500,99.52775,서영+동일,94.74,523830000,100.7501,N
20200339073 - 00,20200320,의정부시 도로건설관리계획(변경)수립 용역,경기도 의정부시,PQ,600000000,597166500,99.52775,건화+보람+선진,90.71,526800000,100.2913,N
20200330909 - 01,20200322,농다리 관광명소화 조성사업 군관리계획 및 실시설계용역,충청북도 진천군,PQ,502073000,506549025,100.8915088,KG+동림,98.56,434431000,99.6,N
20200330909 - 01,20200322,농다리 관광명소화 조성사업 군관리계획 및 실시설계용역,충청북도 진천군,PQ,502073000,506549025,100.8915088,도화+홍익,98.32,434440000,99.5791,N
20200330909 - 01,20200322,농다리 관광명소화 조성사업 군관리계획 및 실시설계용역,충청북도 진천군,PQ,502073000,506549025,100.8915088,한종+청우종합,98.14,439200000,100.6586,N
20200330909 - 01,20200322,농다리 관광명소화 조성사업 군관리계획 및 실시설계용역,충청북도 진천군,PQ,502073000,506549025,100.8915088,유신+영진,98.02,434545000,99.5802,N
20200330909 - 01,20200322,농다리 관광명소화 조성사업 군관리계획 및 실시설계용역,충청북도 진천군,PQ,502073000,506549025,100.8915088,건화+대원,97.38,432000000,98.9287,N
20200330909 - 01,20200322,농다리 관광명소화 조성사업 군관리계획 및 실시설계용역,충청북도 진천군,PQ,502073000,506549025,100.8915088,선진+해린,96.94,434120000,99.3685,N
20200330909 - 01,20200322,농다리 관광명소화 조성사업 군관리계획 및 실시설계용역,충청북도 진천군,PQ,502073000,506549025,100.8915088,경호+건양,95.92,446900000,102.1999,Y
20200340000 - 02,20200320,경기도 지방도 관리계획(2021～2025) 수립용역 ,경기도청 북부청사,PQ,499950000,495959225,99.20176518,서영+평화,95.45,436290000,100.1512,N
20200340000 - 02,20200320,경기도 지방도 관리계획(2021～2025) 수립용역 ,경기도청 북부청사,PQ,499950000,495959225,99.20176518,KG+수성+이산,95.33,434723000,99.78,N
20200340000 - 02,20200320,경기도 지방도 관리계획(2021～2025) 수립용역 ,경기도청 북부청사,PQ,499950000,495959225,99.20176518,동일+한종,91.1,434190000,99.2477,Y
20200340000 - 02,20200320,경기도 지방도 관리계획(2021～2025) 수립용역 ,경기도청 북부청사,PQ,499950000,495959225,99.20176518,건화+보람+선진,88.41,438580000,99.9883,N
20200341055 - 00,20200323,낙동강중류 단위유역 유역하수도정비계획 변경수립,환경부 대구지방환경청,PQ,700000000,704007500,100.5725,한종+태성,99.67,585500000,100.6351,Y
20200341055 - 00,20200323,낙동강중류 단위유역 유역하수도정비계획 변경수립,환경부 대구지방환경청,PQ,700000000,704007500,100.5725,이산+삼안,97.9,583764000,99.5938,N
20200341055 - 00,20200323,낙동강중류 단위유역 유역하수도정비계획 변경수립,환경부 대구지방환경청,PQ,700000000,704007500,100.5725,선진+범한,97.58,583860000,99.4795,N
20200341055 - 00,20200323,낙동강중류 단위유역 유역하수도정비계획 변경수립,환경부 대구지방환경청,PQ,700000000,704007500,100.5725,경동+제일,97.54,583290000,99.3705,N
20200341055 - 00,20200323,낙동강중류 단위유역 유역하수도정비계획 변경수립,환경부 대구지방환경청,PQ,700000000,704007500,100.5725,KG,97.44,594782000,101.28,N
20200341055 - 00,20200323,낙동강중류 단위유역 유역하수도정비계획 변경수립,환경부 대구지방환경청,PQ,700000000,704007500,100.5725,건화+도화,96.66,642600000,109.0715,N
20200340331 - 00,20200323,평택시 노후 하수관로 정밀조사(2차) 용역,경기도 평택시 상하수도사업소,PQ,2252808000,2240034600,99.43300095,이산+동명,97.97,1792198000,100.3266,N
20200340331 - 00,20200323,평택시 노후 하수관로 정밀조사(2차) 용역,경기도 평택시 상하수도사업소,PQ,2252808000,2240034600,99.43300095,범한+KG,97.91,1785027000,99.8748,N
20200340331 - 00,20200323,평택시 노후 하수관로 정밀조사(2차) 용역,경기도 평택시 상하수도사업소,PQ,2252808000,2240034600,99.43300095,삼안+건화+경화,97.69,1803230000,100.7155,N
20200340331 - 00,20200323,평택시 노후 하수관로 정밀조사(2차) 용역,경기도 평택시 상하수도사업소,PQ,2252808000,2240034600,99.43300095,제일+경호,97.68,1781700000,99.5005,Y
20200340331 - 00,20200323,평택시 노후 하수관로 정밀조사(2차) 용역,경기도 평택시 상하수도사업소,PQ,2252808000,2240034600,99.43300095,도화+한종,97.66,1812450000,101.205,N
20200340331 - 00,20200323,평택시 노후 하수관로 정밀조사(2차) 용역,경기도 평택시 상하수도사업소,PQ,2252808000,2240034600,99.43300095,에코베이스+화신,97.52,1781117912,99.343,N
20200340331 - 00,20200323,평택시 노후 하수관로 정밀조사(2차) 용역,경기도 평택시 상하수도사업소,PQ,2252808000,2240034600,99.43300095,선진+브니엘,97.24,2167980000,120.6476,N
20200342030 - 00,20200323,하남산단 재생사업 감독권한대행 등 건설사업관리용역,광주광역시,PQ,1591878000,1576536300,99.03625152,수성+우빈,100,1240399999,99.9045,N
20200342030 - 00,20200323,하남산단 재생사업 감독권한대행 등 건설사업관리용역,광주광역시,PQ,1591878000,1576536300,99.03625152,삼안+원우,99.9,1248170000,100.4402,N
20200342030 - 00,20200323,하남산단 재생사업 감독권한대행 등 건설사업관리용역,광주광역시,PQ,1591878000,1576536300,99.03625152,유신+동아,99.83,1237567000,99.536,N
20200342030 - 00,20200323,하남산단 재생사업 감독권한대행 등 건설사업관리용역,광주광역시,PQ,1591878000,1576536300,99.03625152,동명+마인,99.78,1240620000,99.7305,N
20200342030 - 00,20200323,하남산단 재생사업 감독권한대행 등 건설사업관리용역,광주광역시,PQ,1591878000,1576536300,99.03625152,서영+유탑,99.7,1255400000,100.8541,N
20200342030 - 00,20200323,하남산단 재생사업 감독권한대행 등 건설사업관리용역,광주광역시,PQ,1591878000,1576536300,99.03625152,신명+범한,99.63,1235553100,99.2089,Y
20200342030 - 00,20200323,하남산단 재생사업 감독권한대행 등 건설사업관리용역,광주광역시,PQ,1591878000,1576536300,99.03625152,한종+신오,99.53,1245100000,99.8861,N
20200342030 - 00,20200323,하남산단 재생사업 감독권한대행 등 건설사업관리용역,광주광역시,PQ,1591878000,1576536300,99.03625152,건화+산이,99.52,1234000000,98.9956,N
20200342030 - 00,20200323,하남산단 재생사업 감독권한대행 등 건설사업관리용역,광주광역시,PQ,1591878000,1576536300,99.03625152,도화+한기,99.5,1262730000,101.2875,N
20200342030 - 00,20200323,하남산단 재생사업 감독권한대행 등 건설사업관리용역,광주광역시,PQ,1591878000,1576536300,99.03625152,경동+에스이,99.15,1273000000,101.8123,N
20200342030 - 00,20200323,하남산단 재생사업 감독권한대행 등 건설사업관리용역,광주광역시,PQ,1591878000,1576536300,99.03625152,KCM+산하,98.26,1540000000,122.2791,N
20200341725 - 00,20200323,수하3 급경사지 붕괴위험지역 정비사업 기본 및 실시설계용역,강원도 평창군,PQ,1276000000,1282172675,100.483752,건화+대성+정(정원),99.77,996400000,99.9268,N
20200341725 - 00,20200323,수하3 급경사지 붕괴위험지역 정비사업 기본 및 실시설계용역,강원도 평창군,PQ,1276000000,1282172675,100.483752,도화+유신+서광+진화,99.7,1002100000,100.4341,N
20200341725 - 00,20200323,수하3 급경사지 붕괴위험지역 정비사업 기본 및 실시설계용역,강원도 평창군,PQ,1276000000,1282172675,100.483752,수성+미래+동서,99.59,999999999,100.134,N
20200341725 - 00,20200323,수하3 급경사지 붕괴위험지역 정비사업 기본 및 실시설계용역,강원도 평창군,PQ,1276000000,1282172675,100.483752,이산+삼경+국일,99.58,991880000,99.321,N
20200341725 - 00,20200323,수하3 급경사지 붕괴위험지역 정비사업 기본 및 실시설계용역,강원도 평창군,PQ,1276000000,1282172675,100.483752,삼안+고려+극동+강원길,99.55,1011890000,101.2987,Y
20200341725 - 00,20200323,수하3 급경사지 붕괴위험지역 정비사업 기본 및 실시설계용역,강원도 평창군,PQ,1276000000,1282172675,100.483752,경동+화신+일신,99.04,993490000,99.0393,N
20200341725 - 00,20200323,수하3 급경사지 붕괴위험지역 정비사업 기본 및 실시설계용역,강원도 평창군,PQ,1276000000,1282172675,100.483752,경원+한종+동남,98.98,1240000000,123.5505,N
20200340992 - 00,20200323,"공공하수도(줄포3단계, 동진2단계, 줄포증설) 기본 및 실시설계용역",전라북도 부안군,PQ,2215494000,2232497950,100.7675015,건화+국성(새움+영화),99.43,1744800000,100.497,N
20200340992 - 00,20200323,"공공하수도(줄포3단계, 동진2단계, 줄포증설) 기본 및 실시설계용역",전라북도 부안군,PQ,2215494000,2232497950,100.7675015,유신+한가람,97.92,1778578000,101.19,N
20200340992 - 00,20200323,"공공하수도(줄포3단계, 동진2단계, 줄포증설) 기본 및 실시설계용역",전라북도 부안군,PQ,2215494000,2232497950,100.7675015,한종+더한+수성,97.8,1745200000,99.2035,N
20200340992 - 00,20200323,"공공하수도(줄포3단계, 동진2단계, 줄포증설) 기본 및 실시설계용역",전라북도 부안군,PQ,2215494000,2232497950,100.7675015,경동+성원+경원,97.71,1742760000,98.99,N
20200340992 - 00,20200323,"공공하수도(줄포3단계, 동진2단계, 줄포증설) 기본 및 실시설계용역",전라북도 부안군,PQ,2215494000,2232497950,100.7675015,삼안+현성,97.7,1741300000,98.8946,N
20200340992 - 00,20200323,"공공하수도(줄포3단계, 동진2단계, 줄포증설) 기본 및 실시설계용역",전라북도 부안군,PQ,2215494000,2232497950,100.7675015,동명+세화,97.62,1739937000,98.755,N
20200340992 - 00,20200323,"공공하수도(줄포3단계, 동진2단계, 줄포증설) 기본 및 실시설계용역",전라북도 부안군,PQ,2215494000,2232497950,100.7675015,도화+동운+JCN,97.6,1777830000,100.8931,Y
20200340992 - 00,20200323,"공공하수도(줄포3단계, 동진2단계, 줄포증설) 기본 및 실시설계용역",전라북도 부안군,PQ,2215494000,2232497950,100.7675015,KG+인우+한맥,97.57,1788622000,101.48,N
20200340992 - 00,20200323,"공공하수도(줄포3단계, 동진2단계, 줄포증설) 기본 및 실시설계용역",전라북도 부안군,PQ,2215494000,2232497950,100.7675015,이산+건일,97.47,1792000000,101.595,N
20200340992 - 00,20200323,"공공하수도(줄포3단계, 동진2단계, 줄포증설) 기본 및 실시설계용역",전라북도 부안군,PQ,2215494000,2232497950,100.7675015,범한+대도,97.21,1780300000,100.7167,N
20200340992 - 00,20200323,"공공하수도(줄포3단계, 동진2단계, 줄포증설) 기본 및 실시설계용역",전라북도 부안군,PQ,2215494000,2232497950,100.7675015,제일+조화+대성,97.15,1801800000,101.8819,N
20200340992 - 00,20200323,"공공하수도(줄포3단계, 동진2단계, 줄포증설) 기본 및 실시설계용역",전라북도 부안군,PQ,2215494000,2232497950,100.7675015,선진+유현,96.92,1798950000,101.53,N
20200340992 - 00,20200323,"공공하수도(줄포3단계, 동진2단계, 줄포증설) 기본 및 실시설계용역",전라북도 부안군,PQ,2215494000,2232497950,100.7675015,화신+고산,96.51,1808690000,101.7489,N
20200340992 - 00,20200323,"공공하수도(줄포3단계, 동진2단계, 줄포증설) 기본 및 실시설계용역",전라북도 부안군,PQ,2215494000,2232497950,100.7675015,HEC+건양+신한,96.49,1832000000,103.0474,N
20200341861 - 00,20200323,대미지구 자연재해위험개선지구 정비사업 기본 및 실시설계용역,강원도 평창군,PQ,1663000000,1665548600,100.1532532,이산+삼경+국일,99.26,1314400000,100.7173,Y
20200341861 - 00,20200323,대미지구 자연재해위험개선지구 정비사업 기본 및 실시설계용역,강원도 평창군,PQ,1663000000,1665548600,100.1532532,도화+서광+고려,98.97,1305229000,99.7857,N
20200341861 - 00,20200323,대미지구 자연재해위험개선지구 정비사업 기본 및 실시설계용역,강원도 평창군,PQ,1663000000,1665548600,100.1532532,삼안+정+동남,98.82,1303830000,99.5521,N
20200341861 - 00,20200323,대미지구 자연재해위험개선지구 정비사업 기본 및 실시설계용역,강원도 평창군,PQ,1663000000,1665548600,100.1532532,한종+동서+진화,98.66,1328500000,101.3071,N
20200341861 - 00,20200323,대미지구 자연재해위험개선지구 정비사업 기본 및 실시설계용역,강원도 평창군,PQ,1663000000,1665548600,100.1532532,화신+평화+극동,98.36,1299180000,98.8332,N
20200341861 - 00,20200323,대미지구 자연재해위험개선지구 정비사업 기본 및 실시설계용역,강원도 평창군,PQ,1663000000,1665548600,100.1532532,유신+건화+강원길+미래(신일),98.25,1336470000,101.58,N
20200341861 - 00,20200323,대미지구 자연재해위험개선지구 정비사업 기본 및 실시설계용역,강원도 평창군,PQ,1663000000,1665548600,100.1532532,동부+일신+경원,98.1,1299870000,98.6734,N
20200341021 - 00,20200323,"공공하수도(지서2단계, 지서증설, 모항면단위) 기본 및 실시설계용역",전라북도 부안군,PQ,1476993000,1486131925,100.6187521,건화+국성(새움+영화),99.43,1163300000,100.5058,N
20200341021 - 00,20200323,"공공하수도(지서2단계, 지서증설, 모항면단위) 기본 및 실시설계용역",전라북도 부안군,PQ,1476993000,1486131925,100.6187521,유신+한가람,97.92,1162398000,99.2,N
20200341021 - 00,20200323,"공공하수도(지서2단계, 지서증설, 모항면단위) 기본 및 실시설계용역",전라북도 부안군,PQ,1476993000,1486131925,100.6187521,한종+더한+동부,97.8,1185300000,101.0653,Y
20200341021 - 00,20200323,"공공하수도(지서2단계, 지서증설, 모항면단위) 기본 및 실시설계용역",전라북도 부안군,PQ,1476993000,1486131925,100.6187521,경동+성원+경원,97.71,1165489000,99.3011,N
20200341021 - 00,20200323,"공공하수도(지서2단계, 지서증설, 모항면단위) 기본 및 실시설계용역",전라북도 부안군,PQ,1476993000,1486131925,100.6187521,삼안+현성,97.7,1157970000,98.648,N
20200341021 - 00,20200323,"공공하수도(지서2단계, 지서증설, 모항면단위) 기본 및 실시설계용역",전라북도 부안군,PQ,1476993000,1486131925,100.6187521,동명+세화,97.62,1159951000,98.7546,N
20200341021 - 00,20200323,"공공하수도(지서2단계, 지서증설, 모항면단위) 기본 및 실시설계용역",전라북도 부안군,PQ,1476993000,1486131925,100.6187521,도화+동운+JCN,97.6,1185500000,100.9171,N
20200341021 - 00,20200323,"공공하수도(지서2단계, 지서증설, 모항면단위) 기본 및 실시설계용역",전라북도 부안군,PQ,1476993000,1486131925,100.6187521,KG+인우+한맥,97.57,1192412000,101.48,N
20200341021 - 00,20200323,"공공하수도(지서2단계, 지서증설, 모항면단위) 기본 및 실시설계용역",전라북도 부안군,PQ,1476993000,1486131925,100.6187521,이산+건일,97.47,1157100000,98.4006,N
20200341021 - 00,20200323,"공공하수도(지서2단계, 지서증설, 모항면단위) 기본 및 실시설계용역",전라북도 부안군,PQ,1476993000,1486131925,100.6187521,범한+대도,97.21,1186700000,100.7027,N
20200341021 - 00,20200323,"공공하수도(지서2단계, 지서증설, 모항면단위) 기본 및 실시설계용역",전라북도 부안군,PQ,1476993000,1486131925,100.6187521,제일+대성+조화,97.15,1202600000,102.0009,N
20200341021 - 00,20200323,"공공하수도(지서2단계, 지서증설, 모항면단위) 기본 및 실시설계용역",전라북도 부안군,PQ,1476993000,1486131925,100.6187521,선진+유현,96.92,1199290000,101.5293,N
20200341021 - 00,20200323,"공공하수도(지서2단계, 지서증설, 모항면단위) 기본 및 실시설계용역",전라북도 부안군,PQ,1476993000,1486131925,100.6187521,화신+고산,96.52,1205680000,101.7522,N
20200341021 - 00,20200323,"공공하수도(지서2단계, 지서증설, 모항면단위) 기본 및 실시설계용역",전라북도 부안군,PQ,1476993000,1486131925,100.6187521,HEC+건양+신한,96.49,1220800000,103.0026,N
20200341072 - 00,20200323,울산역 역세권개발사업(2단계) 조성공사 감독권한 대행 등 건설사업관리용역,울산광역시도시공사,PQ,1260000000,1257782400,99.824,도화+한신,99.75,988500000,100.3805,N
20200341072 - 00,20200323,울산역 역세권개발사업(2단계) 조성공사 감독권한 대행 등 건설사업관리용역,울산광역시도시공사,PQ,1260000000,1257782400,99.824,대흥+경동,99.68,979470000,99.3999,N
20200341072 - 00,20200323,울산역 역세권개발사업(2단계) 조성공사 감독권한 대행 등 건설사업관리용역,울산광역시도시공사,PQ,1260000000,1257782400,99.824,수성+CM,99.67,988075000,100.2604,Y
20200341072 - 00,20200323,울산역 역세권개발사업(2단계) 조성공사 감독권한 대행 등 건설사업관리용역,울산광역시도시공사,PQ,1260000000,1257782400,99.824,선진+한림,99.62,988100000,100.2245,N
20200341072 - 00,20200323,울산역 역세권개발사업(2단계) 조성공사 감독권한 대행 등 건설사업관리용역,울산광역시도시공사,PQ,1260000000,1257782400,99.824,동명+성지,99.58,994520000,100.8499,N
20200341072 - 00,20200323,울산역 역세권개발사업(2단계) 조성공사 감독권한 대행 등 건설사업관리용역,울산광역시도시공사,PQ,1260000000,1257782400,99.824,한종+신흥+동성,99.58,979100000,99.2862,N
20200341072 - 00,20200323,울산역 역세권개발사업(2단계) 조성공사 감독권한 대행 등 건설사업관리용역,울산광역시도시공사,PQ,1260000000,1257782400,99.824,극동+대건,99.52,979636000,99.2898,N
20200341072 - 00,20200323,울산역 역세권개발사업(2단계) 조성공사 감독권한 대행 등 건설사업관리용역,울산광역시도시공사,PQ,1260000000,1257782400,99.824,신명+청목,99.48,993773000,100.6841,N
20200341072 - 00,20200323,울산역 역세권개발사업(2단계) 조성공사 감독권한 대행 등 건설사업관리용역,울산광역시도시공사,PQ,1260000000,1257782400,99.824,용마+유앤씨+경호,99.46,1000000000,101.302,N
20200341072 - 00,20200323,울산역 역세권개발사업(2단계) 조성공사 감독권한 대행 등 건설사업관리용역,울산광역시도시공사,PQ,1260000000,1257782400,99.824,건화+부광,99.41,1200000000,121.5159,N
20200341072 - 00,20200323,울산역 역세권개발사업(2단계) 조성공사 감독권한 대행 등 건설사업관리용역,울산광역시도시공사,PQ,1260000000,1257782400,99.824,홍익+삼두,99.29,1210000000,122.4036,N
20200340510 - 00,20200323,금산군 수도정비기본계획(변경) 및 상수관망 기술진단 수립용역,충청남도 금산군,PQ,1452529000,1455648375,100.2147547,건화+세일,99.33,1141786000,100.2318,Y
20200340510 - 00,20200323,금산군 수도정비기본계획(변경) 및 상수관망 기술진단 수립용역,충청남도 금산군,PQ,1452529000,1455648375,100.2147547,도화+경동,99.3,1349700000,118.4533,N
20200340510 - 00,20200323,금산군 수도정비기본계획(변경) 및 상수관망 기술진단 수립용역,충청남도 금산군,PQ,1452529000,1455648375,100.2147547,한종+천마+삼안,99.16,1134846000,99.483,N
20200342696 - 01,20200323,울주군 자연재해저감종합계획 재수립 용역,울산광역시 울주군,PQ,1556000000,1554638525,99.91250161,도화+KSM+경호,99.3,1227100000,100.5322,Y
20200342696 - 01,20200323,울주군 자연재해저감종합계획 재수립 용역,울산광역시 울주군,PQ,1556000000,1554638525,99.91250161,이산+경화,98.63,1222726000,99.6277,N
20200342696 - 01,20200323,울주군 자연재해저감종합계획 재수립 용역,울산광역시 울주군,PQ,1556000000,1554638525,99.91250161,화신+극동+신화+한신,98.61,1237780000,100.8415,N
20200342696 - 01,20200323,울주군 자연재해저감종합계획 재수립 용역,울산광역시 울주군,PQ,1556000000,1554638525,99.91250161,동부+한성+보원,98.57,1216820000,99.0962,N
20200342696 - 01,20200323,울주군 자연재해저감종합계획 재수립 용역,울산광역시 울주군,PQ,1556000000,1554638525,99.91250161,동명+동성+한가람,98.56,1222100000,99.5136,N
20200342696 - 01,20200323,울주군 자연재해저감종합계획 재수립 용역,울산광역시 울주군,PQ,1556000000,1554638525,99.91250161,한종+하존+삼경,98.43,1217400000,99.0305,N
20200342696 - 01,20200323,울주군 자연재해저감종합계획 재수립 용역,울산광역시 울주군,PQ,1556000000,1554638525,99.91250161,KG+천진,98.37,1246913000,101.38,N
20200342696 - 01,20200323,울주군 자연재해저감종합계획 재수립 용역,울산광역시 울주군,PQ,1556000000,1554638525,99.91250161,삼안+수성+KCI,98.29,1247400000,101.3555,N
20200342696 - 01,20200323,울주군 자연재해저감종합계획 재수립 용역,울산광역시 울주군,PQ,1556000000,1554638525,99.91250161,다산+HEC,98.28,1215600000,98.7591,N
20200342696 - 01,20200323,울주군 자연재해저감종합계획 재수립 용역,울산광역시 울주군,PQ,1556000000,1554638525,99.91250161,건화+하우,98.08,1260300000,102.2356,N
20200342696 - 01,20200323,울주군 자연재해저감종합계획 재수립 용역,울산광역시 울주군,PQ,1556000000,1554638525,99.91250161,유신+화성+원우,97.24,1369280000,110.3241,N
20200342658 - 00,20200323,대복지구 지방하천 정비사업 실시설계 용역,울산광역시 울주군,PQ,330099000,326394500,98.87776091,이산+성지,99.29,287140000,100.197,N
20200342658 - 00,20200323,대복지구 지방하천 정비사업 실시설계 용역,울산광역시 울주군,PQ,330099000,326394500,98.87776091,도화+한신,98.64,286454000,99.9001,N
20200342658 - 00,20200323,대복지구 지방하천 정비사업 실시설계 용역,울산광역시 울주군,PQ,330099000,326394500,98.87776091,한종+부광,98.64,288200000,100.509,N
20200342658 - 00,20200323,대복지구 지방하천 정비사업 실시설계 용역,울산광역시 울주군,PQ,330099000,326394500,98.87776091,삼안+삼두,98.15,285670000,99.5808,N
20200342658 - 00,20200323,대복지구 지방하천 정비사업 실시설계 용역,울산광역시 울주군,PQ,330099000,326394500,98.87776091,화신+동남,98.04,288598000,100.5899,N
20200342658 - 00,20200323,대복지구 지방하천 정비사업 실시설계 용역,울산광역시 울주군,PQ,330099000,326394500,98.87776091,동부+씨엠,97.94,288926000,100.6926,N
20200342658 - 00,20200323,대복지구 지방하천 정비사업 실시설계 용역,울산광역시 울주군,PQ,330099000,326394500,98.87776091,극동+청목,96.67,289800000,100.8696,N
20200342658 - 00,20200323,대복지구 지방하천 정비사업 실시설계 용역,울산광역시 울주군,PQ,330099000,326394500,98.87776091,유신+선진,96.21,283988000,98.8012,N
20200342658 - 00,20200323,대복지구 지방하천 정비사업 실시설계 용역,울산광역시 울주군,PQ,330099000,326394500,98.87776091,건화+대흥,96,292800000,101.8553,N
20200342658 - 00,20200323,대복지구 지방하천 정비사업 실시설계 용역,울산광역시 울주군,PQ,330099000,326394500,98.87776091,평화+신흥,94.77,284620000,98.8848,Y
20200342684 - 00,20200323,중리지구 지방하천 정비사업 실시설계 용역,울산광역시 울주군,PQ,416867000,418321950,100.3490202,이산+성지,99.29,362580000,100.187,N
20200342684 - 00,20200323,중리지구 지방하천 정비사업 실시설계 용역,울산광역시 울주군,PQ,416867000,418321950,100.3490202,도화+한신,98.64,361749000,99.8999,N
20200342684 - 00,20200323,중리지구 지방하천 정비사업 실시설계 용역,울산광역시 울주군,PQ,416867000,418321950,100.3490202,한종+부광,98.64,363200000,100.3006,N
20200342684 - 00,20200323,중리지구 지방하천 정비사업 실시설계 용역,울산광역시 울주군,PQ,416867000,418321950,100.3490202,삼안+삼두,98.15,360910000,99.6223,N
20200342684 - 00,20200323,중리지구 지방하천 정비사업 실시설계 용역,울산광역시 울주군,PQ,416867000,418321950,100.3490202,화신+동남,98.04,365619000,100.9105,N
20200342684 - 00,20200323,중리지구 지방하천 정비사업 실시설계 용역,울산광역시 울주군,PQ,416867000,418321950,100.3490202,동부+씨엠,97.94,364870000,100.6922,Y
20200342684 - 00,20200323,중리지구 지방하천 정비사업 실시설계 용역,울산광역시 울주군,PQ,416867000,418321950,100.3490202,극동+청목,96.67,365976000,100.8698,N
20200342684 - 00,20200323,중리지구 지방하천 정비사업 실시설계 용역,울산광역시 울주군,PQ,416867000,418321950,100.3490202,유신+선진,96.21,358777000,98.8402,N
20200342684 - 00,20200323,중리지구 지방하천 정비사업 실시설계 용역,울산광역시 울주군,PQ,416867000,418321950,100.3490202,건화+대흥,96,369800000,101.8652,N
20200342684 - 00,20200323,중리지구 지방하천 정비사업 실시설계 용역,울산광역시 울주군,PQ,416867000,418321950,100.3490202,평화+신흥,94.77,359600000,98.9306,N
20200342640 - 00,20200323,2035 성남시 공원녹지기본계획 수립 용역,경기도 성남시,PQ,796906000,798525750,100.2032548,KG+보람,98.01,683315000,99.7801,N
20200342640 - 00,20200323,2035 성남시 공원녹지기본계획 수립 용역,경기도 성남시,PQ,796906000,798525750,100.2032548,경호+강호,96.58,687369000,99.9997,N
20200342640 - 00,20200323,2035 성남시 공원녹지기본계획 수립 용역,경기도 성남시,PQ,796906000,798525750,100.2032548,유신+건화,96.05,698916000,101.55,Y
20200342640 - 00,20200323,2035 성남시 공원녹지기본계획 수립 용역,경기도 성남시,PQ,796906000,798525750,100.2032548,한종+도화,95.61,689000000,99.9935,N
20200342349 - 01,20200323,미추홀구 노후 하수관로 정밀조사 용역,인천광역시 미추홀구,PQ,1320220000,1343749675,101.7822541,삼안+극동,98.3,1049840000,100.5501,N
20200342349 - 01,20200323,미추홀구 노후 하수관로 정밀조사 용역,인천광역시 미추홀구,PQ,1320220000,1343749675,101.7822541,선진+도담,97.83,1045230000,99.7303,N
20200342349 - 01,20200323,미추홀구 노후 하수관로 정밀조사 용역,인천광역시 미추홀구,PQ,1320220000,1343749675,101.7822541,도화+브니엘,97.7,1061880000,101.2042,N
20200342349 - 01,20200323,미추홀구 노후 하수관로 정밀조사 용역,인천광역시 미추홀구,PQ,1320220000,1343749675,101.7822541,이산+한종+바우+일진,97.65,1044500000,99.5102,N
20200342349 - 01,20200323,미추홀구 노후 하수관로 정밀조사 용역,인천광역시 미추홀구,PQ,1320220000,1343749675,101.7822541,KG+고산,97.6,1041427000,99.18,N
20200342349 - 01,20200323,미추홀구 노후 하수관로 정밀조사 용역,인천광역시 미추홀구,PQ,1320220000,1343749675,101.7822541,건화+장원,97.1,1071300000,101.6161,N
20200342349 - 01,20200323,미추홀구 노후 하수관로 정밀조사 용역,인천광역시 미추홀구,PQ,1320220000,1343749675,101.7822541,제일+동남+정방,96.55,1079000000,101.8999,Y
20200342349 - 01,20200323,미추홀구 노후 하수관로 정밀조사 용역,인천광역시 미추홀구,PQ,1320220000,1343749675,101.7822541,범한+정인,96.26,1082000000,101.9417,N
20200342349 - 01,20200323,미추홀구 노후 하수관로 정밀조사 용역,인천광역시 미추홀구,PQ,1320220000,1343749675,101.7822541,동명+한서,96.04,1070150000,100.65,N
20200342095 - 00,20200323,중앙 6분구 하수관로 정비사업 기본 및 실시설계용역 ,광주광역시,PQ,1595000000,1579883400,99.05225078,동명+도화+하이콘,99.75,1262700000,101.2938,N
20200342095 - 00,20200323,중앙 6분구 하수관로 정비사업 기본 및 실시설계용역 ,광주광역시,PQ,1595000000,1579883400,99.05225078,삼안+동아,97.78,1255320000,99.0915,Y
20200342095 - 00,20200323,중앙 6분구 하수관로 정비사업 기본 및 실시설계용역 ,광주광역시,PQ,1595000000,1579883400,99.05225078,한종+우빈+한기,97.66,1283200000,101.2031,N
20200342095 - 00,20200323,중앙 6분구 하수관로 정비사업 기본 및 실시설계용역 ,광주광역시,PQ,1595000000,1579883400,99.05225078,범한+신명,97.51,1254300000,98.7995,N
20200342095 - 00,20200323,중앙 6분구 하수관로 정비사업 기본 및 실시설계용역 ,광주광역시,PQ,1595000000,1579883400,99.05225078,KG+우영+평화,97.46,1285005000,101.18,N
20200342095 - 00,20200323,중앙 6분구 하수관로 정비사업 기본 및 실시설계용역 ,광주광역시,PQ,1595000000,1579883400,99.05225078,제일+우리종합,97.31,1253800000,98.5991,N
20200342095 - 00,20200323,중앙 6분구 하수관로 정비사업 기본 및 실시설계용역 ,광주광역시,PQ,1595000000,1579883400,99.05225078,건화+원우(서진),97.06,1298000000,101.8706,N
20200342095 - 00,20200323,중앙 6분구 하수관로 정비사업 기본 및 실시설계용역 ,광주광역시,PQ,1595000000,1579883400,99.05225078,선진+이산+건영,96.88,1281000000,100.3981,N
20200343031 - 00,20200323,선샤인 해변공원 조성사업(달빛해변) 외 1건 통합 건설사업관리용역 ,전라남도 광양시,PQ,1624424000,1624484950,100.0037521,건화+우영,99.84,1267700000,99.9167,N
20200343031 - 00,20200323,선샤인 해변공원 조성사업(달빛해변) 외 1건 통합 건설사업관리용역 ,전라남도 광양시,PQ,1624424000,1624484950,100.0037521,도화+원우,99.77,1266300000,99.7553,N
20200343031 - 00,20200323,선샤인 해변공원 조성사업(달빛해변) 외 1건 통합 건설사업관리용역 ,전라남도 광양시,PQ,1624424000,1624484950,100.0037521,혜인+동성+한기,99.76,1277820000,100.6499,Y
20200343031 - 00,20200323,선샤인 해변공원 조성사업(달빛해변) 외 1건 통합 건설사업관리용역 ,전라남도 광양시,PQ,1624424000,1624484950,100.0037521,서영+에스이,99.7,1279800000,100.7543,N
20200343031 - 00,20200323,선샤인 해변공원 조성사업(달빛해변) 외 1건 통합 건설사업관리용역 ,전라남도 광양시,PQ,1624424000,1624484950,100.0037521,세광+유신+동아,99.6,1265470000,99.5498,N
20200343031 - 00,20200323,선샤인 해변공원 조성사업(달빛해변) 외 1건 통합 건설사업관리용역 ,전라남도 광양시,PQ,1624424000,1624484950,100.0037521,천일+우빈,99.6,1262260000,99.2973,N
20200343031 - 00,20200323,선샤인 해변공원 조성사업(달빛해변) 외 1건 통합 건설사업관리용역 ,전라남도 광양시,PQ,1624424000,1624484950,100.0037521,한종+신오,99.4,1272100000,99.9054,N
20200343031 - 00,20200323,선샤인 해변공원 조성사업(달빛해변) 외 1건 통합 건설사업관리용역 ,전라남도 광양시,PQ,1624424000,1624484950,100.0037521,건일+신명,99.37,1283940000,100.8095,N
20200343031 - 00,20200323,선샤인 해변공원 조성사업(달빛해변) 외 1건 통합 건설사업관리용역 ,전라남도 광양시,PQ,1624424000,1624484950,100.0037521,수성+산이,99.27,1288243000,101.07,N
20200343031 - 00,20200323,선샤인 해변공원 조성사업(달빛해변) 외 1건 통합 건설사업관리용역 ,전라남도 광양시,PQ,1624424000,1624484950,100.0037521,한항+평화+우리,99.24,1293424000,101.4507,N
20200343031 - 00,20200323,선샤인 해변공원 조성사업(달빛해변) 외 1건 통합 건설사업관리용역 ,전라남도 광양시,PQ,1624424000,1624484950,100.0037521,세일+하이콘,98.9,1263544000,98.83,N
20200343708 - 00,20200324,청계면하수처리장증설및 농어촌마을하수도정비 기본및 실시설계 용역,전라남도 무안군 상하수도사업소,PQ,1644699000,1655726750,100.6705026,이산+삼안+한기+유성,100,1296480000,101.0678,Y
20200343708 - 00,20200324,청계면하수처리장증설및 농어촌마을하수도정비 기본및 실시설계 용역,전라남도 무안군 상하수도사업소,PQ,1644699000,1655726750,100.6705026,범한+신명,98,1293000000,99.169,N
20200343708 - 00,20200324,청계면하수처리장증설및 농어촌마을하수도정비 기본및 실시설계 용역,전라남도 무안군 상하수도사업소,PQ,1644699000,1655726750,100.6705026,한종+우영,97.96,1321300000,101.3012,N
20200343708 - 00,20200324,청계면하수처리장증설및 농어촌마을하수도정비 기본및 실시설계 용역,전라남도 무안군 상하수도사업소,PQ,1644699000,1655726750,100.6705026,건화+하이콘(서진),97.7,1290000000,98.6899,N
20200343708 - 00,20200324,청계면하수처리장증설및 농어촌마을하수도정비 기본및 실시설계 용역,전라남도 무안군 상하수도사업소,PQ,1644699000,1655726750,100.6705026,동명+원우,97.7,1480300000,113.2486,N
20200343708 - 00,20200324,청계면하수처리장증설및 농어촌마을하수도정비 기본및 실시설계 용역,전라남도 무안군 상하수도사업소,PQ,1644699000,1655726750,100.6705026,제일+우리,97.7,1325300000,101.3905,N
20200343708 - 00,20200324,청계면하수처리장증설및 농어촌마을하수도정비 기본및 실시설계 용역,전라남도 무안군 상하수도사업소,PQ,1644699000,1655726750,100.6705026,KG+우빈,97.4,1290858000,98.52,N
20200343708 - 00,20200324,청계면하수처리장증설및 농어촌마을하수도정비 기본및 실시설계 용역,전라남도 무안군 상하수도사업소,PQ,1644699000,1655726750,100.6705026,도화+동아,97.4,1336325000,101.9901,N
20200343708 - 00,20200324,청계면하수처리장증설및 농어촌마을하수도정비 기본및 실시설계 용역,전라남도 무안군 상하수도사업소,PQ,1644699000,1655726750,100.6705026,유신+신오,97.4,1336848000,102.03,N
20200343708 - 00,20200324,청계면하수처리장증설및 농어촌마을하수도정비 기본및 실시설계 용역,전라남도 무안군 상하수도사업소,PQ,1644699000,1655726750,100.6705026,선진+건영,97,1580300000,120.2333,N
20200343327 - 00,20200324,광주시 송배수시설 확충사업 기본 및 실시설계용역,경기도 광주시 상하수도사업소,PQ,1805337000,1831938675,101.4735019,도화+한종,99.56,1411000000,99.8367,N
20200343327 - 00,20200324,광주시 송배수시설 확충사업 기본 및 실시설계용역,경기도 광주시 상하수도사업소,PQ,1805337000,1831938675,101.4735019,동명+경호,99.37,1422900000,100.5246,N
20200343327 - 00,20200324,광주시 송배수시설 확충사업 기본 및 실시설계용역,경기도 광주시 상하수도사업소,PQ,1805337000,1831938675,101.4735019,건화+HEC+이산(서윤이엔씨),99.35,1412000000,99.7418,N
20200343327 - 00,20200324,광주시 송배수시설 확충사업 기본 및 실시설계용역,경기도 광주시 상하수도사업소,PQ,1805337000,1831938675,101.4735019,삼안,99.3,1435830000,101.3863,N
20200343327 - 00,20200324,광주시 송배수시설 확충사업 기본 및 실시설계용역,경기도 광주시 상하수도사업소,PQ,1805337000,1831938675,101.4735019,유신+선진,98.81,1406190000,98.89,N
20200343327 - 00,20200324,광주시 송배수시설 확충사업 기본 및 실시설계용역,경기도 광주시 상하수도사업소,PQ,1805337000,1831938675,101.4735019,범한,99.4,1600000000,108.8974,Y
20200343292 - 00,20200324,제3정수장 고도정수처리시설 설치사업 기본 및 실시설계용역,경기도 광주시 상하수도사업소,PQ,1413535000,1416895725,100.2377532,도화+한종,99.56,1108500000,100.173,N
20200343292 - 00,20200324,제3정수장 고도정수처리시설 설치사업 기본 및 실시설계용역,경기도 광주시 상하수도사업소,PQ,1413535000,1416895725,100.2377532,동명+경호,99.37,1118300000,100.9039,N
20200343292 - 00,20200324,제3정수장 고도정수처리시설 설치사업 기본 및 실시설계용역,경기도 광주시 상하수도사업소,PQ,1413535000,1416895725,100.2377532,범한+KG,99.37,1109700000,100.1279,N
20200343292 - 00,20200324,제3정수장 고도정수처리시설 설치사업 기본 및 실시설계용역,경기도 광주시 상하수도사업소,PQ,1413535000,1416895725,100.2377532,건화+HEC,99.34,1116800000,100.7429,Y
20200343292 - 00,20200324,제3정수장 고도정수처리시설 설치사업 기본 및 실시설계용역,경기도 광주시 상하수도사업소,PQ,1413535000,1416895725,100.2377532,삼안,99.3,1102860000,99.46,N
20200343292 - 00,20200324,제3정수장 고도정수처리시설 설치사업 기본 및 실시설계용역,경기도 광주시 상하수도사업소,PQ,1413535000,1416895725,100.2377532,유신+선진+제일,99.24,1122793000,101.206,N
20200343292 - 00,20200324,제3정수장 고도정수처리시설 설치사업 기본 및 실시설계용역,경기도 광주시 상하수도사업소,PQ,1413535000,1416895725,100.2377532,이산+경동,97.56,1200000000,106.6971,N
20200343359 - 01,20200324,"지방도 확포장공사(초정-증평, 진천 합목) 통합 건설사업관리 용역",충청북도,PQ,1500000000,1498083750,99.87225,동명+대원,100,1168755000,99.9,Y
20200343359 - 01,20200324,"지방도 확포장공사(초정-증평, 진천 합목) 통합 건설사업관리 용역",충청북도,PQ,1500000000,1498083750,99.87225,이산+도우,100,1174950000,100.4295,N
20200343359 - 01,20200324,"지방도 확포장공사(초정-증평, 진천 합목) 통합 건설사업관리 용역",충청북도,PQ,1500000000,1498083750,99.87225,홍익+태일,100,1170850000,100.0791,N
20200343359 - 01,20200324,"지방도 확포장공사(초정-증평, 진천 합목) 통합 건설사업관리 용역",충청북도,PQ,1500000000,1498083750,99.87225,KG+청우,100,1163841000,99.48,N
20200343359 - 01,20200324,"지방도 확포장공사(초정-증평, 진천 합목) 통합 건설사업관리 용역",충청북도,PQ,1500000000,1498083750,99.87225,신명+태광,99.92,1163888000,99.4075,N
20200343359 - 01,20200324,"지방도 확포장공사(초정-증평, 진천 합목) 통합 건설사업관리 용역",충청북도,PQ,1500000000,1498083750,99.87225,동부+오성,99.78,1162799000,99.2001,N
20200343359 - 01,20200324,"지방도 확포장공사(초정-증평, 진천 합목) 통합 건설사업관리 용역",충청북도,PQ,1500000000,1498083750,99.87225,도화+지명,99.77,1182750000,100.9022,N
20200343359 - 01,20200324,"지방도 확포장공사(초정-증평, 진천 합목) 통합 건설사업관리 용역",충청북도,PQ,1500000000,1498083750,99.87225,용마+해린,99.74,1182900000,100.8891,N
20200343359 - 01,20200324,"지방도 확포장공사(초정-증평, 진천 합목) 통합 건설사업관리 용역",충청북도,PQ,1500000000,1498083750,99.87225,삼보+건양,99.7,1167290000,99.5196,N
20200343359 - 01,20200324,"지방도 확포장공사(초정-증평, 진천 합목) 통합 건설사업관리 용역",충청북도,PQ,1500000000,1498083750,99.87225,건화+수일,99.67,1160280000,98.8966,N
20200343359 - 01,20200324,"지방도 확포장공사(초정-증평, 진천 합목) 통합 건설사업관리 용역",충청북도,PQ,1500000000,1498083750,99.87225,한종+영진,99.67,1176000000,100.2365,N
20200343359 - 01,20200324,"지방도 확포장공사(초정-증평, 진천 합목) 통합 건설사업관리 용역",충청북도,PQ,1500000000,1498083750,99.87225,서영+해림,99.62,1188350000,101.2503,N
20200343359 - 01,20200324,"지방도 확포장공사(초정-증평, 진천 합목) 통합 건설사업관리 용역",충청북도,PQ,1500000000,1498083750,99.87225,동일+동림,99.6,1163841000,99.1494,N
20200343359 - 01,20200324,"지방도 확포장공사(초정-증평, 진천 합목) 통합 건설사업관리 용역",충청북도,PQ,1500000000,1498083750,99.87225,천일+한맥,99.58,1186700000,101.0839,N
20200343359 - 01,20200324,"지방도 확포장공사(초정-증평, 진천 합목) 통합 건설사업관리 용역",충청북도,PQ,1500000000,1498083750,99.87225,경동+한광,99.55,1158659000,98.6702,N
20200343359 - 01,20200324,"지방도 확포장공사(초정-증평, 진천 합목) 통합 건설사업관리 용역",충청북도,PQ,1500000000,1498083750,99.87225,대콘+호영,99.55,1183722000,100.8045,N
20200343359 - 01,20200324,"지방도 확포장공사(초정-증평, 진천 합목) 통합 건설사업관리 용역",충청북도,PQ,1500000000,1498083750,99.87225,경원+옥토,99.44,1191800000,101.4017,N
20200343359 - 01,20200324,"지방도 확포장공사(초정-증평, 진천 합목) 통합 건설사업관리 용역",충청북도,PQ,1500000000,1498083750,99.87225,수성+도명,99.42,1189969000,101.2201,N
20200343359 - 01,20200324,"지방도 확포장공사(초정-증평, 진천 합목) 통합 건설사업관리 용역",충청북도,PQ,1500000000,1498083750,99.87225,동성+가원,99.28,1193455000,101.4002,N
20200343359 - 01,20200324,"지방도 확포장공사(초정-증평, 진천 합목) 통합 건설사업관리 용역",충청북도,PQ,1500000000,1498083750,99.87225,KSM+유일,99.06,1200241000,101.7951,N
20200343359 - 01,20200324,"지방도 확포장공사(초정-증평, 진천 합목) 통합 건설사업관리 용역",충청북도,PQ,1500000000,1498083750,99.87225,KCM+세광,98.93,1460000000,123.8259,N
20200345051 - 00,20200324,제주환경자원순환센터 조성사업 사후환경 영향조사 용역(운영시),제주특별자치도,PQ,2019600000,2026613125,100.3472532,도화+산들엔+퍼스트,99.12,1606500000,101.2351,Y
20200345051 - 00,20200324,제주환경자원순환센터 조성사업 사후환경 영향조사 용역(운영시),제주특별자치도,PQ,2019600000,2026613125,100.3472532,동부+한맥+이앤이,97.92,1593182000,99.409,N
20200345051 - 00,20200324,제주환경자원순환센터 조성사업 사후환경 영향조사 용역(운영시),제주특별자치도,PQ,2019600000,2026613125,100.3472532,선진+한라+서영+한국환경,96.88,1572800000,97.3144,N
20200345051 - 00,20200324,제주환경자원순환센터 조성사업 사후환경 영향조사 용역(운영시),제주특별자치도,PQ,2019600000,2026613125,100.3472532,동아+건화+제주환경,96.63,1611680000,99.5099,N
20200345051 - 00,20200324,제주환경자원순환센터 조성사업 사후환경 영향조사 용역(운영시),제주특별자치도,PQ,2019600000,2026613125,100.3472532,한종+태신,96.43,1646000000,101.4644,N
20200345051 - 00,20200324,제주환경자원순환센터 조성사업 사후환경 영향조사 용역(운영시),제주특별자치도,PQ,2019600000,2026613125,100.3472532,이산+이루다인+수성,96.17,1592000000,97.9406,N
20200345530 - 00,20200324,고도천 등 3개소 소하천정비사업 실시설계 용역,경상북도 영천시,PQ,669460000,676583100,101.0640068,한종+청명,98.84,576400000,100.4014,N
20200345530 - 00,20200324,고도천 등 3개소 소하천정비사업 실시설계 용역,경상북도 영천시,PQ,669460000,676583100,101.0640068,도화+보원+예담,97.67,574100000,99.6985,N
20200345530 - 00,20200324,고도천 등 3개소 소하천정비사업 실시설계 용역,경상북도 영천시,PQ,669460000,676583100,101.0640068,동부+세원,97.31,579898000,100.6118,N
20200345530 - 00,20200324,고도천 등 3개소 소하천정비사업 실시설계 용역,경상북도 영천시,PQ,669460000,676583100,101.0640068,화신+현대,97.29,571249000,99.1112,N
20200345530 - 00,20200324,고도천 등 3개소 소하천정비사업 실시설계 용역,경상북도 영천시,PQ,669460000,676583100,101.0640068,삼안+KCI,97.21,579700000,100.5541,N
20200345530 - 00,20200324,고도천 등 3개소 소하천정비사업 실시설계 용역,경상북도 영천시,PQ,669460000,676583100,101.0640068,유신+건일,97.19,572182000,99.2501,N
20200345530 - 00,20200324,고도천 등 3개소 소하천정비사업 실시설계 용역,경상북도 영천시,PQ,669460000,676583100,101.0640068,건화(석우+강산),97.16,584000000,101.2882,Y
20200345530 - 00,20200324,고도천 등 3개소 소하천정비사업 실시설계 용역,경상북도 영천시,PQ,669460000,676583100,101.0640068,이산+주하,97.13,571000000,99.022,N
20200345530 - 00,20200324,고도천 등 3개소 소하천정비사업 실시설계 용역,경상북도 영천시,PQ,669460000,676583100,101.0640068,KG+동진,95.51,603400000,104.2173,N
20200345530 - 00,20200324,고도천 등 3개소 소하천정비사업 실시설계 용역,경상북도 영천시,PQ,669460000,676583100,101.0640068,평화+한백,94.98,572190000,98.6899,N
20200345513 - 00,20200324,삼부 자연재해위험개선지구 정비사업 실시설계 용역 ,경상북도 영천시,PQ,1187460000,1183778950,99.6900064,도화+청명+세원,99.51,934550000,100.4936,Y
20200345513 - 00,20200324,삼부 자연재해위험개선지구 정비사업 실시설계 용역 ,경상북도 영천시,PQ,1187460000,1183778950,99.6900064,평화+한도,98.61,933180000,99.6213,N
20200345513 - 00,20200324,삼부 자연재해위험개선지구 정비사업 실시설계 용역 ,경상북도 영천시,PQ,1187460000,1183778950,99.6900064,한종+건일,98.55,929700000,99.1994,N
20200345513 - 00,20200324,삼부 자연재해위험개선지구 정비사업 실시설계 용역 ,경상북도 영천시,PQ,1187460000,1183778950,99.6900064,다산+보원,98.53,946910000,101.0102,N
20200345513 - 00,20200324,삼부 자연재해위험개선지구 정비사업 실시설계 용역 ,경상북도 영천시,PQ,1187460000,1183778950,99.6900064,삼안+KCI+삼보,98.53,929830000,99.1882,N
20200345513 - 00,20200324,삼부 자연재해위험개선지구 정비사업 실시설계 용역 ,경상북도 영천시,PQ,1187460000,1183778950,99.6900064,건화+강산+해동+경동(석우),98.48,944780000,100.7447,N
20200345513 - 00,20200324,삼부 자연재해위험개선지구 정비사업 실시설계 용역 ,경상북도 영천시,PQ,1187460000,1183778950,99.6900064,이산+주하,98.47,928300000,98.9874,N
20200345513 - 00,20200324,삼부 자연재해위험개선지구 정비사업 실시설계 용역 ,경상북도 영천시,PQ,1187460000,1183778950,99.6900064,유신+보람+화성,98.46,932380000,99.4098,N
20200345513 - 00,20200324,삼부 자연재해위험개선지구 정비사업 실시설계 용역 ,경상북도 영천시,PQ,1187460000,1183778950,99.6900064,KG+동진,98.43,936089000,99.78,N
20200345513 - 00,20200324,삼부 자연재해위험개선지구 정비사업 실시설계 용역 ,경상북도 영천시,PQ,1187460000,1183778950,99.6900064,동부+동성,98.4,948618000,101.0899,N
20200345513 - 00,20200324,삼부 자연재해위험개선지구 정비사업 실시설계 용역 ,경상북도 영천시,PQ,1187460000,1183778950,99.6900064,동명+해인,98.23,927480000,98.7,N
20200345513 - 00,20200324,삼부 자연재해위험개선지구 정비사업 실시설계 용역 ,경상북도 영천시,PQ,1187460000,1183778950,99.6900064,화신+현대,98.14,954720000,101.5218,N
20200345513 - 00,20200324,삼부 자연재해위험개선지구 정비사업 실시설계 용역 ,경상북도 영천시,PQ,1187460000,1183778950,99.6900064,KSM+한백,97.94,962600000,102.2049,N
20200345513 - 00,20200324,삼부 자연재해위험개선지구 정비사업 실시설계 용역 ,경상북도 영천시,PQ,1187460000,1183778950,99.6900064,경호+극동+명성,97.15,1100000000,116.0472,N
20200345358 - 00,20200324,울산광역시 도시교통정비계획 수립 용역 ,울산광역시,PQ,350000000,350160125,100.04575,도화+한신,96.42,306730000,100.6687,Y
20200345358 - 00,20200324,울산광역시 도시교통정비계획 수립 용역 ,울산광역시,PQ,350000000,350160125,100.04575,동명+신흥,93.97,303600000,99.4017,N
20200345358 - 00,20200324,울산광역시 도시교통정비계획 수립 용역 ,울산광역시,PQ,350000000,350160125,100.04575,서영+대흥,93.35,308500000,100.9481,N
20200345358 - 00,20200324,울산광역시 도시교통정비계획 수립 용역 ,울산광역시,PQ,350000000,350160125,100.04575,동일+성지,92.89,303300000,99.2011,N
20200345358 - 00,20200324,울산광역시 도시교통정비계획 수립 용역 ,울산광역시,PQ,350000000,350160125,100.04575,한종+평화+CM,92.31,309400000,101.1384,N
20200345358 - 00,20200324,울산광역시 도시교통정비계획 수립 용역 ,울산광역시,PQ,350000000,350160125,100.04575,선진+KG+부광,91.58,310400000,101.3957,N
20200345358 - 00,20200324,울산광역시 도시교통정비계획 수립 용역 ,울산광역시,PQ,350000000,350160125,100.04575,건화+청목,91.06,303180000,98.9919,N
20200345315 - 00,20200324,호원천 생태하천 복원사업 기본 및 실시설계 용역,경기도 의정부시,PQ,568193000,568175975,99.99700366,KG+동진,99.42,486613000,100.0201,Y
20200345315 - 00,20200324,호원천 생태하천 복원사업 기본 및 실시설계 용역,경기도 의정부시,PQ,568193000,568175975,99.99700366,이산+수성,98.1,492280000,100.8434,N
20200345315 - 00,20200324,호원천 생태하천 복원사업 기본 및 실시설계 용역,경기도 의정부시,PQ,568193000,568175975,99.99700366,건화+KSM(테크피아),97.5,486000000,99.4065,N
20200345315 - 00,20200324,호원천 생태하천 복원사업 기본 및 실시설계 용역,경기도 의정부시,PQ,568193000,568175975,99.99700366,도화+지유,97.5,490440000,100.3147,N
20200345315 - 00,20200324,호원천 생태하천 복원사업 기본 및 실시설계 용역,경기도 의정부시,PQ,568193000,568175975,99.99700366,다산+서영,97.4,484769000,99.1201,N
20200345315 - 00,20200324,호원천 생태하천 복원사업 기본 및 실시설계 용역,경기도 의정부시,PQ,568193000,568175975,99.99700366,평화+선진,97.33,488598000,99.8915,N
20200345315 - 00,20200324,호원천 생태하천 복원사업 기본 및 실시설계 용역,경기도 의정부시,PQ,568193000,568175975,99.99700366,유신+동명,97.3,485713000,99.2901,N
20200345315 - 00,20200324,호원천 생태하천 복원사업 기본 및 실시설계 용역,경기도 의정부시,PQ,568193000,568175975,99.99700366,동부+주하,97.28,492272000,100.6309,N
20200345315 - 00,20200324,호원천 생태하천 복원사업 기본 및 실시설계 용역,경기도 의정부시,PQ,568193000,568175975,99.99700366,한종+청명,97.08,490200000,100.1492,N
20200345315 - 00,20200324,호원천 생태하천 복원사업 기본 및 실시설계 용역,경기도 의정부시,PQ,568193000,568175975,99.99700366,극동+경호,96.9,483281000,98.6898,N
20200345315 - 00,20200324,호원천 생태하천 복원사업 기본 및 실시설계 용역,경기도 의정부시,PQ,568193000,568175975,99.99700366,화신+용마,96.62,484340000,98.8372,N
20200345195 - 01,20200324,보은군 수도정비 기본계획 부분변경 용역,충청북도 보은군,PQ,599500000,597427275,99.65425771,도화+건양,99.62,513700000,100.1204,Y
20200345195 - 01,20200324,보은군 수도정비 기본계획 부분변경 용역,충청북도 보은군,PQ,599500000,597427275,99.65425771,건화+영진,97.9,517600000,100.4346,N
20200345195 - 01,20200324,보은군 수도정비 기본계획 부분변경 용역,충청북도 보은군,PQ,599500000,597427275,99.65425771,한종+청우,97.7,517600000,100.3879,N
20200345195 - 01,20200324,보은군 수도정비 기본계획 부분변경 용역,충청북도 보은군,PQ,599500000,597427275,99.65425771,삼안+홍익,97.7,511390000,99.1835,N
20200345195 - 01,20200324,보은군 수도정비 기본계획 부분변경 용역,충청북도 보은군,PQ,599500000,597427275,99.65425771,유신+지명,97.7,512903000,99.4769,N
20200345195 - 01,20200324,보은군 수도정비 기본계획 부분변경 용역,충청북도 보은군,PQ,599500000,597427275,99.65425771,HEC+동림,97.6,512400000,99.3563,N
20200345195 - 01,20200324,보은군 수도정비 기본계획 부분변경 용역,충청북도 보은군,PQ,599500000,597427275,99.65425771,이산+진우,97.19,510000000,98.7875,N
20200345195 - 01,20200324,보은군 수도정비 기본계획 부분변경 용역,충청북도 보은군,PQ,599500000,597427275,99.65425771,동명+대원,97.16,511200000,99.0085,N
20200345195 - 01,20200324,보은군 수도정비 기본계획 부분변경 용역,충청북도 보은군,PQ,599500000,597427275,99.65425771,범한+창민,96.72,511000000,98.855,N
20200345195 - 01,20200324,보은군 수도정비 기본계획 부분변경 용역,충청북도 보은군,PQ,599500000,597427275,99.65425771,화신+선+선진,96.58,537480000,103.9415,N
서울지방국토관리청 공고 제2020 - 45호,20200324,한강권역(섬강합류~팔당댐 직하류) 하천기본계획 전략환경영향평가용역 ,서울지방국토관리청,PQ,818300000,815337800,99.63800562,이산+한국환경,98.34,687687000,100.5546,N
서울지방국토관리청 공고 제2020 - 45호,20200324,한강권역(섬강합류~팔당댐 직하류) 하천기본계획 전략환경영향평가용역 ,서울지방국토관리청,PQ,818300000,815337800,99.63800562,도화+퍼스트,98.01,682780000,99.6939,Y
서울지방국토관리청 공고 제2020 - 45호,20200324,한강권역(섬강합류~팔당댐 직하류) 하천기본계획 전략환경영향평가용역 ,서울지방국토관리청,PQ,818300000,815337800,99.63800562,홍익+KCI+중앙방재,97.63,692800000,101.0001,N
서울지방국토관리청 공고 제2020 - 45호,20200324,한강권역(섬강합류~팔당댐 직하류) 하천기본계획 전략환경영향평가용역 ,서울지방국토관리청,PQ,818300000,815337800,99.63800562,수성+삼안+세광,97.43,680405000,99.1103,N
서울지방국토관리청 공고 제2020 - 45호,20200324,한강권역(섬강합류~팔당댐 직하류) 하천기본계획 전략환경영향평가용역 ,서울지방국토관리청,PQ,818300000,815337800,99.63800562,건화+한기+우신,97.4,686938000,100.05,N
서울지방국토관리청 공고 제2020 - 45호,20200324,한강권역(섬강합류~팔당댐 직하류) 하천기본계획 전략환경영향평가용역 ,서울지방국토관리청,PQ,818300000,815337800,99.63800562,경호+동아+한종,97.25,730000000,106.2585,N
20200340271 - 00,20200325,송강문화창조마을 조성사업 군관리계획 결정 및 실시설계용역,충청북도 진천군,PQ,462000000,459759325,99.51500541,KG+동림,98.56,399757000,99.6,N
20200340271 - 00,20200325,송강문화창조마을 조성사업 군관리계획 결정 및 실시설계용역,충청북도 진천군,PQ,462000000,459759325,99.51500541,도화+홍익,98.32,399720000,99.5678,Y
20200340271 - 00,20200325,송강문화창조마을 조성사업 군관리계획 결정 및 실시설계용역,충청북도 진천군,PQ,462000000,459759325,99.51500541,한종+청우,98.14,403700000,100.5477,N
20200340271 - 00,20200325,송강문화창조마을 조성사업 군관리계획 결정 및 실시설계용역,충청북도 진천군,PQ,462000000,459759325,99.51500541,선진+대원,98.04,403870000,100.5784,N
20200340271 - 00,20200325,송강문화창조마을 조성사업 군관리계획 결정 및 실시설계용역,충청북도 진천군,PQ,462000000,459759325,99.51500541,유신+영진,98.02,399062000,99.3811,N
20200340271 - 00,20200325,송강문화창조마을 조성사업 군관리계획 결정 및 실시설계용역,충청북도 진천군,PQ,462000000,459759325,99.51500541,건화+선,96.67,398870000,99.1963,N
20200340271 - 00,20200325,송강문화창조마을 조성사업 군관리계획 결정 및 실시설계용역,충청북도 진천군,PQ,462000000,459759325,99.51500541,경호+건양,95.92,411000000,102.1425,N
20200345774 - 00,20200325,"학현, 내기처리분구 하수관로 정비사업 기본 및 실시설계 용역",경기도 평택시 상하수도사업소,PQ,996800000,995970225,99.91675612,삼안+건화,98.54,853600000,99.7775,N
20200345774 - 00,20200325,"학현, 내기처리분구 하수관로 정비사업 기본 및 실시설계 용역",경기도 평택시 상하수도사업소,PQ,996800000,995970225,99.91675612,범한+KG,97.78,855350000,99.796,N
20200345774 - 00,20200325,"학현, 내기처리분구 하수관로 정비사업 기본 및 실시설계 용역",경기도 평택시 상하수도사업소,PQ,996800000,995970225,99.91675612,동명+이산+하이콘,97.76,861500000,100.5018,Y
20200345774 - 00,20200325,"학현, 내기처리분구 하수관로 정비사업 기본 및 실시설계 용역",경기도 평택시 상하수도사업소,PQ,996800000,995970225,99.91675612,선진+경동+국성,97.6,863150000,100.6592,N
20200345774 - 00,20200325,"학현, 내기처리분구 하수관로 정비사업 기본 및 실시설계 용역",경기도 평택시 상하수도사업소,PQ,996800000,995970225,99.91675612,도화+한종,97.59,851100000,99.2424,N
20200345774 - 00,20200325,"학현, 내기처리분구 하수관로 정비사업 기본 및 실시설계 용역",경기도 평택시 상하수도사업소,PQ,996800000,995970225,99.91675612,제일+경호,97.01,880000000,102.4694,N
20200345941 - 00,20200325,무심천처리구역 분류식화 하수관로 정비사업 기본 및 실시설계용역,충청북도 청주시,PQ,1432932000,1433537475,100.0422543,동명+영진+한종,98.86,1141700000,101.2077,Y
20200345941 - 00,20200325,무심천처리구역 분류식화 하수관로 정비사업 기본 및 실시설계용역,충청북도 청주시,PQ,1432932000,1433537475,100.0422543,홍익+건화,97.9,1130990000,99.4749,N
20200345941 - 00,20200325,무심천처리구역 분류식화 하수관로 정비사업 기본 및 실시설계용역,충청북도 청주시,PQ,1432932000,1433537475,100.0422543,이산+건양,97.84,1147210000,100.8507,N
20200345941 - 00,20200325,무심천처리구역 분류식화 하수관로 정비사업 기본 및 실시설계용역,충청북도 청주시,PQ,1432932000,1433537475,100.0422543,삼안+청우건축,97.7,1129150000,99.1506,N
20200345941 - 00,20200325,무심천처리구역 분류식화 하수관로 정비사업 기본 및 실시설계용역,충청북도 청주시,PQ,1432932000,1433537475,100.0422543,제일+경동+대원,97.6,1158000000,101.6072,N
20200345941 - 00,20200325,무심천처리구역 분류식화 하수관로 정비사업 기본 및 실시설계용역,충청북도 청주시,PQ,1432932000,1433537475,100.0422543,선진+선,96.82,1165190000,101.5994,N
20200345941 - 00,20200325,무심천처리구역 분류식화 하수관로 정비사업 기본 및 실시설계용역,충청북도 청주시,PQ,1432932000,1433537475,100.0422543,도화+창민,96.61,1174800000,102.2712,N
20200345941 - 00,20200325,무심천처리구역 분류식화 하수관로 정비사업 기본 및 실시설계용역,충청북도 청주시,PQ,1432932000,1433537475,100.0422543,화신+좋은+진우+세원,94.05,1199400000,102.3195,N
20200345941 - 00,20200325,무심천처리구역 분류식화 하수관로 정비사업 기본 및 실시설계용역,충청북도 청주시,PQ,1432932000,1433537475,100.0422543,KG+지명KG+지명,95.5,1215000000,102.3121,N
20200345928 - 00,20200325,청주 중점관리지역(우암분구) 침수예방사업 기본 및 실시설계용역,충청북도 청주시,PQ,1545000000,1554555875,100.6185032,건화+홍익+동명,99.08,1223200000,100.7464,Y
20200345928 - 00,20200325,청주 중점관리지역(우암분구) 침수예방사업 기본 및 실시설계용역,충청북도 청주시,PQ,1545000000,1554555875,100.6185032,이산+건양,97.92,1218710000,99.4276,N
20200345928 - 00,20200325,청주 중점관리지역(우암분구) 침수예방사업 기본 및 실시설계용역,충청북도 청주시,PQ,1545000000,1554555875,100.6185032,도화+영진,97.7,1242430000,101.1842,N
20200345928 - 00,20200325,청주 중점관리지역(우암분구) 침수예방사업 기본 및 실시설계용역,충청북도 청주시,PQ,1545000000,1554555875,100.6185032,범한+동림+삼안,97.66,1223300000,99.6012,N
20200345928 - 00,20200325,청주 중점관리지역(우암분구) 침수예방사업 기본 및 실시설계용역,충청북도 청주시,PQ,1545000000,1554555875,100.6185032,경동+제일+대원,97.6,1216770000,99.0197,N
20200345928 - 00,20200325,청주 중점관리지역(우암분구) 침수예방사업 기본 및 실시설계용역,충청북도 청주시,PQ,1545000000,1554555875,100.6185032,한종+청우,97.4,1246600000,101.2817,N
20200345928 - 00,20200325,청주 중점관리지역(우암분구) 침수예방사업 기본 및 실시설계용역,충청북도 청주시,PQ,1545000000,1554555875,100.6185032,선진+선,96.92,1255380000,101.5997,N
20200345928 - 00,20200325,청주 중점관리지역(우암분구) 침수예방사업 기본 및 실시설계용역,충청북도 청주시,PQ,1545000000,1554555875,100.6185032,화신+좋은+진우+세원,94.25,1291940000,102.3823,N
20200345928 - 00,20200325,청주 중점관리지역(우암분구) 침수예방사업 기본 및 실시설계용역,충청북도 청주시,PQ,1545000000,1554555875,100.6185032,KG+지명,95.5,1310000000,102.3103,N
20200346361 - 00,20200325,화목하수처리구역(회현처리분구) 차집관로 정비사업 기본 및 실시설계용역,경상남도 김해시,PQ,778700000,780395675,100.2177572,도화+한성,99.88,668350000,100.3554,Y
20200346361 - 00,20200325,화목하수처리구역(회현처리분구) 차집관로 정비사업 기본 및 실시설계용역,경상남도 김해시,PQ,778700000,780395675,100.2177572,한종+수성,98.18,672800000,100.5767,N
20200346361 - 00,20200325,화목하수처리구역(회현처리분구) 차집관로 정비사업 기본 및 실시설계용역,경상남도 김해시,PQ,778700000,780395675,100.2177572,유신+천진,97.69,664430000,99.21,N
20200346361 - 00,20200325,화목하수처리구역(회현처리분구) 차집관로 정비사업 기본 및 실시설계용역,경상남도 김해시,PQ,778700000,780395675,100.2177572,건화+경화(예당),97.65,665900000,99.4179,N
20200346361 - 00,20200325,화목하수처리구역(회현처리분구) 차집관로 정비사업 기본 및 실시설계용역,경상남도 김해시,PQ,778700000,780395675,100.2177572,동명+한올,97.63,669220000,99.902,N
20200346361 - 00,20200325,화목하수처리구역(회현처리분구) 차집관로 정비사업 기본 및 실시설계용역,경상남도 김해시,PQ,778700000,780395675,100.2177572,선진+로텍,97.55,664460000,99.1799,N
20200346361 - 00,20200325,화목하수처리구역(회현처리분구) 차집관로 정비사업 기본 및 실시설계용역,경상남도 김해시,PQ,778700000,780395675,100.2177572,KG+우진,97.53,665677000,99.35,N
20200346361 - 00,20200325,화목하수처리구역(회현처리분구) 차집관로 정비사업 기본 및 실시설계용역,경상남도 김해시,PQ,778700000,780395675,100.2177572,범한+삼안,97.52,666000000,99.3982,N
20200346361 - 00,20200325,화목하수처리구역(회현처리분구) 차집관로 정비사업 기본 및 실시설계용역,경상남도 김해시,PQ,778700000,780395675,100.2177572,제일+HEC,97.46,677500000,101.1028,N
20200346361 - 00,20200325,화목하수처리구역(회현처리분구) 차집관로 정비사업 기본 및 실시설계용역,경상남도 김해시,PQ,778700000,780395675,100.2177572,이산+신화,97.41,675840000,100.8433,N
20200346361 - 00,20200325,화목하수처리구역(회현처리분구) 차집관로 정비사업 기본 및 실시설계용역,경상남도 김해시,PQ,778700000,780395675,100.2177572,건양+금성,97.3,678869000,101.26,N
20200346361 - 00,20200325,화목하수처리구역(회현처리분구) 차집관로 정비사업 기본 및 실시설계용역,경상남도 김해시,PQ,778700000,780395675,100.2177572,화신+혜인,96.31,684300000,101.8099,N
20200346361 - 00,20200325,화목하수처리구역(회현처리분구) 차집관로 정비사업 기본 및 실시설계용역,경상남도 김해시,PQ,778700000,780395675,100.2177572,정,96,683044000,101.2594,N
20200347292 - 00,20200325,서울도시철도7호선 청라국제도시 연장선 1공구 기본 및 실시설계용역,인천광역시 도시철도건설본부 관리부,PQ,12782000000,12876586850,100.7400004,동명+동부+대콘+일진+고산+대한,97.9,9513643000,100.1143,N
20200347292 - 00,20200325,서울도시철도7호선 청라국제도시 연장선 1공구 기본 및 실시설계용역,인천광역시 도시철도건설본부 관리부,PQ,12782000000,12876586850,100.7400004,유신+신성+경동+극동+한서,97.64,9594398000,100.7338,N
20200347292 - 00,20200325,서울도시철도7호선 청라국제도시 연장선 1공구 기본 및 실시설계용역,인천광역시 도시철도건설본부 관리부,PQ,12782000000,12876586850,100.7400004,건화+도화+KRTC+도담+청해,97.35,9486000000,99.3557,N
20200347292 - 00,20200325,서울도시철도7호선 청라국제도시 연장선 1공구 기본 및 실시설계용역,인천광역시 도시철도건설본부 관리부,PQ,12782000000,12876586850,100.7400004,태조+삼안+천일+바우+장원,97.21,9689000000,101.3598,Y
20200347292 - 00,20200325,서울도시철도7호선 청라국제도시 연장선 1공구 기본 및 실시설계용역,인천광역시 도시철도건설본부 관리부,PQ,12782000000,12876586850,100.7400004,삼보+서현+수성+명인,95.94,9745600000,100.8595,N
20200347292 - 00,20200325,서울도시철도7호선 청라국제도시 연장선 2공구 기본 및 실시설계용역,인천광역시 도시철도건설본부 관리부,PQ,12661000000,12557179825,99.1800002,도화+건화+도담+청해,98.45,9468800000,101.0705,N
20200347292 - 00,20200325,서울도시철도7호선 청라국제도시 연장선 2공구 기본 및 실시설계용역,인천광역시 도시철도건설본부 관리부,PQ,12661000000,12557179825,99.1800002,신성+유신+한서+극동,97.63,9404880000,99.6877,Y
20200347292 - 00,20200325,서울도시철도7호선 청라국제도시 연장선 2공구 기본 및 실시설계용역,인천광역시 도시철도건설본부 관리부,PQ,12661000000,12557179825,99.1800002,동부+동명+대콘+고산+일진,96.87,9385200000,98.8292,N
20200347292 - 00,20200325,서울도시철도7호선 청라국제도시 연장선 2공구 기본 및 실시설계용역,인천광역시 도시철도건설본부 관리부,PQ,12661000000,12557179825,99.1800002,삼안+태조+천일+바우+장원,96.79,12100000000,127.3321,N
20200346813 - 00,20200325,단밀용곡지구 자연재해위험개선지구 정비사업 실시설계용역,경상북도 의성군,PQ,804151000,798005325,99.2357561,다산+삼안,99.37,690149000,100.2199,N
20200346813 - 00,20200325,단밀용곡지구 자연재해위험개선지구 정비사업 실시설계용역,경상북도 의성군,PQ,804151000,798005325,99.2357561,유신+제일+해동,99.35,685037000,99.4659,Y
20200346813 - 00,20200325,단밀용곡지구 자연재해위험개선지구 정비사업 실시설계용역,경상북도 의성군,PQ,804151000,798005325,99.2357561,동성+이산,99.34,691330000,100.3797,N
20200346813 - 00,20200325,단밀용곡지구 자연재해위험개선지구 정비사업 실시설계용역,경상북도 의성군,PQ,804151000,798005325,99.2357561,한맥+동진,99.28,687761800,99.8499,N
20200346813 - 00,20200325,단밀용곡지구 자연재해위험개선지구 정비사업 실시설계용역,경상북도 의성군,PQ,804151000,798005325,99.2357561,한종+한도,99.23,686660000,99.6783,N
20200346813 - 00,20200325,단밀용곡지구 자연재해위험개선지구 정비사업 실시설계용역,경상북도 의성군,PQ,804151000,798005325,99.2357561,홍익+강동,99.18,685936000,99.55,N
20200346813 - 00,20200325,단밀용곡지구 자연재해위험개선지구 정비사업 실시설계용역,경상북도 의성군,PQ,804151000,798005325,99.2357561,건화+건일(세원),99.17,688880000,99.9772,N
20200346813 - 00,20200325,단밀용곡지구 자연재해위험개선지구 정비사업 실시설계용역,경상북도 의성군,PQ,804151000,798005325,99.2357561,극동+상금,99.15,693652000,100.6698,N
20200346813 - 00,20200325,단밀용곡지구 자연재해위험개선지구 정비사업 실시설계용역,경상북도 의성군,PQ,804151000,798005325,99.2357561,도화+정도,99.13,686820000,99.6666,N
20200346813 - 00,20200325,단밀용곡지구 자연재해위험개선지구 정비사업 실시설계용역,경상북도 의성군,PQ,804151000,798005325,99.2357561,동명+세원,99.11,687360000,99.745,N
20200346813 - 00,20200325,단밀용곡지구 자연재해위험개선지구 정비사업 실시설계용역,경상북도 의성군,PQ,804151000,798005325,99.2357561,KG+보람,99.05,685889000,99.5199,N
20200346813 - 00,20200325,단밀용곡지구 자연재해위험개선지구 정비사업 실시설계용역,경상북도 의성군,PQ,804151000,798005325,99.2357561,수성+보원,99,685278000,99.4197,N
20200346813 - 00,20200325,단밀용곡지구 자연재해위험개선지구 정비사업 실시설계용역,경상북도 의성군,PQ,804151000,798005325,99.2357561,삼보+청우,98.71,685890000,99.4273,N
20200346813 - 00,20200325,단밀용곡지구 자연재해위험개선지구 정비사업 실시설계용역,경상북도 의성군,PQ,804151000,798005325,99.2357561,동부+바우+주하,98.58,681747000,98.7921,N
20200346813 - 00,20200325,단밀용곡지구 자연재해위험개선지구 정비사업 실시설계용역,경상북도 의성군,PQ,804151000,798005325,99.2357561,경동+해인,98.46,684375000,99.1499,N
20200346813 - 00,20200325,단밀용곡지구 자연재해위험개선지구 정비사업 실시설계용역,경상북도 의성군,PQ,804151000,798005325,99.2357561,화신+현대+용마,98.43,699717000,101.3607,N
20200346813 - 00,20200325,단밀용곡지구 자연재해위험개선지구 정비사업 실시설계용역,경상북도 의성군,PQ,804151000,798005325,99.2357561,KCI+동일,98.16,703000000,101.7652,N
20200346813 - 00,20200325,단밀용곡지구 자연재해위험개선지구 정비사업 실시설계용역,경상북도 의성군,PQ,804151000,798005325,99.2357561,경호+명성,97.94,682790000,98.7821,N
20200346813 - 00,20200325,단밀용곡지구 자연재해위험개선지구 정비사업 실시설계용역,경상북도 의성군,PQ,804151000,798005325,99.2357561,서영+강산,97.84,712000000,102.9841,N
20200347001 - 00,20200325,웅곡천 생태하천 복원사업 실시설계용역,경상남도 거창군,PQ,1173065000,1193130350,101.7105062,동부+한성+동해,99.48,924990000,100.6605,N
20200347001 - 00,20200325,웅곡천 생태하천 복원사업 실시설계용역,경상남도 거창군,PQ,1173065000,1193130350,101.7105062,KSM+동명,97.82,924184000,99.2301,N
20200347001 - 00,20200325,웅곡천 생태하천 복원사업 실시설계용역,경상남도 거창군,PQ,1173065000,1193130350,101.7105062,건화+하우+KCI(성진),97.76,926480000,99.4265,N
20200347001 - 00,20200325,웅곡천 생태하천 복원사업 실시설계용역,경상남도 거창군,PQ,1173065000,1193130350,101.7105062,삼안+수성+한맥,97.71,921580000,98.8633,N
20200347001 - 00,20200325,웅곡천 생태하천 복원사업 실시설계용역,경상남도 거창군,PQ,1173065000,1193130350,101.7105062,도화+경화,97.7,943220000,101.172,N
20200347001 - 00,20200325,웅곡천 생태하천 복원사업 실시설계용역,경상남도 거창군,PQ,1173065000,1193130350,101.7105062,KG+천진,97.6,942514000,101.02,N
20200347001 - 00,20200325,웅곡천 생태하천 복원사업 실시설계용역,경상남도 거창군,PQ,1173065000,1193130350,101.7105062,한종+우진,97.58,920700000,98.6696,N
20200347001 - 00,20200325,웅곡천 생태하천 복원사업 실시설계용역,경상남도 거창군,PQ,1173065000,1193130350,101.7105062,유신+화성,97.51,950181000,101.765,Y
20200347001 - 00,20200325,웅곡천 생태하천 복원사업 실시설계용역,경상남도 거창군,PQ,1173065000,1193130350,101.7105062,이산+신화,97.5,920720000,98.6097,N
20200347001 - 00,20200325,웅곡천 생태하천 복원사업 실시설계용역,경상남도 거창군,PQ,1173065000,1193130350,101.7105062,평화+한올,97.5,949574000,101.7,N
20200347001 - 00,20200325,웅곡천 생태하천 복원사업 실시설계용역,경상남도 거창군,PQ,1173065000,1193130350,101.7105062,동성+금성,97.18,951890000,101.6798,N
20200347001 - 00,20200325,웅곡천 생태하천 복원사업 실시설계용역,경상남도 거창군,PQ,1173065000,1193130350,101.7105062,다산+HEC,97.12,954380000,101.8947,N
20200347001 - 00,20200325,웅곡천 생태하천 복원사업 실시설계용역,경상남도 거창군,PQ,1173065000,1193130350,101.7105062,화신+로텍,96.97,952499000,101.5794,N
20200347668 - 00,20200325,거제시 소하천정비종합계획 (변경) 및 지형도면고시 용역 ,경상남도 거제시,PQ,2050000000,2059834875,100.47975,건화+범한+하우+KCI(탄탄),100,1606400000,100.4692,N
20200347668 - 00,20200325,거제시 소하천정비종합계획 (변경) 및 지형도면고시 용역 ,경상남도 거제시,PQ,2050000000,2059834875,100.47975,KG+천진,99.86,1590818000,99.38,N
20200347668 - 00,20200325,거제시 소하천정비종합계획 (변경) 및 지형도면고시 용역 ,경상남도 거제시,PQ,2050000000,2059834875,100.47975,동성+동명+하존,99.84,1601150000,99.9998,N
20200347668 - 00,20200325,거제시 소하천정비종합계획 (변경) 및 지형도면고시 용역 ,경상남도 거제시,PQ,2050000000,2059834875,100.47975,한종+KSM,99.8,1603300000,100.1085,N
20200347668 - 00,20200325,거제시 소하천정비종합계획 (변경) 및 지형도면고시 용역 ,경상남도 거제시,PQ,2050000000,2059834875,100.47975,이산+수성,99.8,1589300000,99.2343,N
20200347668 - 00,20200325,거제시 소하천정비종합계획 (변경) 및 지형도면고시 용역 ,경상남도 거제시,PQ,2050000000,2059834875,100.47975,동부+한성,99.8,1610180000,100.5381,Y
20200347668 - 00,20200325,거제시 소하천정비종합계획 (변경) 및 지형도면고시 용역 ,경상남도 거제시,PQ,2050000000,2059834875,100.47975,도화+경화,99.8,1591350000,99.3623,N
20200347668 - 00,20200325,거제시 소하천정비종합계획 (변경) 및 지형도면고시 용역 ,경상남도 거제시,PQ,2050000000,2059834875,100.47975,유신+화성,99.72,1610600000,100.5,N
20200347668 - 00,20200325,거제시 소하천정비종합계획 (변경) 및 지형도면고시 용역 ,경상남도 거제시,PQ,2050000000,2059834875,100.47975,삼안+한가람+한맥,99.41,1588950000,98.896,N
20200347668 - 00,20200325,거제시 소하천정비종합계획 (변경) 및 지형도면고시 용역 ,경상남도 거제시,PQ,2050000000,2059834875,100.47975,평화+한올,99.36,1637800000,101.8974,N
20200347668 - 00,20200325,거제시 소하천정비종합계획 (변경) 및 지형도면고시 용역 ,경상남도 거제시,PQ,2050000000,2059834875,100.47975,화신+신화,99.22,1588080000,98.6908,N
20200347668 - 00,20200325,거제시 소하천정비종합계획 (변경) 및 지형도면고시 용역 ,경상남도 거제시,PQ,2050000000,2059834875,100.47975,다산+HEC,99,1793000000,111.2271,N
20200348229 - 00,20200325,창동 농어촌마을 하수도 정비사업 외 4건 기본 및 실시설계용역,경상남도 합천군,PQ,1016631000,1015103550,99.84975375,범한+도화+경화,99.63,871200000,100.1283,Y
20200348229 - 00,20200325,창동 농어촌마을 하수도 정비사업 외 4건 기본 및 실시설계용역,경상남도 합천군,PQ,1016631000,1015103550,99.84975375,이산+우진,97.93,869869000,99.545,N
20200348229 - 00,20200325,창동 농어촌마을 하수도 정비사업 외 4건 기본 및 실시설계용역,경상남도 합천군,PQ,1016631000,1015103550,99.84975375,건화+HEC,97.88,878980000,100.5759,N
20200348229 - 00,20200325,창동 농어촌마을 하수도 정비사업 외 4건 기본 및 실시설계용역,경상남도 합천군,PQ,1016631000,1015103550,99.84975375,선진+KSM,97.79,879480000,100.6097,N
20200348229 - 00,20200325,창동 농어촌마을 하수도 정비사업 외 4건 기본 및 실시설계용역,경상남도 합천군,PQ,1016631000,1015103550,99.84975375,동명+로텍,97.71,871078000,99.6254,N
20200348229 - 00,20200325,창동 농어촌마을 하수도 정비사업 외 4건 기본 및 실시설계용역,경상남도 합천군,PQ,1016631000,1015103550,99.84975375,한종+수성,97.7,871650000,99.6908,N
20200348229 - 00,20200325,창동 농어촌마을 하수도 정비사업 외 4건 기본 및 실시설계용역,경상남도 합천군,PQ,1016631000,1015103550,99.84975375,유신+천진,97.69,879085000,100.5411,N
20200348229 - 00,20200325,창동 농어촌마을 하수도 정비사업 외 4건 기본 및 실시설계용역,경상남도 합천군,PQ,1016631000,1015103550,99.84975375,정+경동+하우,97.63,869649000,99.4388,N
20200348229 - 00,20200325,창동 농어촌마을 하수도 정비사업 외 4건 기본 및 실시설계용역,경상남도 합천군,PQ,1016631000,1015103550,99.84975375,제일+한올,97.55,885200000,101.2052,N
20200348229 - 00,20200325,창동 농어촌마을 하수도 정비사업 외 4건 기본 및 실시설계용역,경상남도 합천군,PQ,1016631000,1015103550,99.84975375,KG+한성,97.48,867688000,99.18,N
20200348229 - 00,20200325,창동 농어촌마을 하수도 정비사업 외 4건 기본 및 실시설계용역,경상남도 합천군,PQ,1016631000,1015103550,99.84975375,삼안+신화,97.09,888800000,101.487,N
20200348229 - 00,20200325,창동 농어촌마을 하수도 정비사업 외 4건 기본 및 실시설계용역,경상남도 합천군,PQ,1016631000,1015103550,99.84975375,건양+금성,96.99,887017400,101.26,N
20200348229 - 00,20200325,창동 농어촌마을 하수도 정비사업 외 4건 기본 및 실시설계용역,경상남도 합천군,PQ,1016631000,1015103550,99.84975375,화신+혜인,96.13,866330000,98.6808,N
20200348169 - 01,20200325,덕천처리분구 하수관로 설치사업 기본 및 실시설계용역,전라북도 정읍시,PQ,745980000,736554575,98.73650433,도화+국성,99.8,640250000,100.3293,N
20200348169 - 01,20200325,덕천처리분구 하수관로 설치사업 기본 및 실시설계용역,전라북도 정읍시,PQ,745980000,736554575,98.73650433,유신+한가람,98.07,637778000,99.4999,N
20200348169 - 01,20200325,덕천처리분구 하수관로 설치사업 기본 및 실시설계용역,전라북도 정읍시,PQ,745980000,736554575,98.73650433,범한+대도,98.05,638000000,99.5346,N
20200348169 - 01,20200325,덕천처리분구 하수관로 설치사업 기본 및 실시설계용역,전라북도 정읍시,PQ,745980000,736554575,98.73650433,KG+인우+수성,97.75,635219000,99.02,N
20200348169 - 01,20200325,덕천처리분구 하수관로 설치사업 기본 및 실시설계용역,전라북도 정읍시,PQ,745980000,736554575,98.73650433,한종+더한건설,97.7,635300000,99.0212,N
20200348169 - 01,20200325,덕천처리분구 하수관로 설치사업 기본 및 실시설계용역,전라북도 정읍시,PQ,745980000,736554575,98.73650433,건화+유현(아라),97.62,645380000,100.5689,N
20200348169 - 01,20200325,덕천처리분구 하수관로 설치사업 기본 및 실시설계용역,전라북도 정읍시,PQ,745980000,736554575,98.73650433,이산+JCN,97.6,634200000,98.8267,Y
20200348169 - 01,20200325,덕천처리분구 하수관로 설치사업 기본 및 실시설계용역,전라북도 정읍시,PQ,745980000,736554575,98.73650433,삼안+현성,97.55,634590000,98.876,N
20200348169 - 01,20200325,덕천처리분구 하수관로 설치사업 기본 및 실시설계용역,전라북도 정읍시,PQ,745980000,736554575,98.73650433,제일+건일,97.39,648450000,100.9886,N
20200348169 - 01,20200325,덕천처리분구 하수관로 설치사업 기본 및 실시설계용역,전라북도 정읍시,PQ,745980000,736554575,98.73650433,선진+대성,97.34,649800000,101.1871,N
20200348169 - 01,20200325,덕천처리분구 하수관로 설치사업 기본 및 실시설계용역,전라북도 정읍시,PQ,745980000,736554575,98.73650433,정+경동,97.02,649649000,101.0814,N
20200348169 - 01,20200325,덕천처리분구 하수관로 설치사업 기본 및 실시설계용역,전라북도 정읍시,PQ,745980000,736554575,98.73650433,HEC+신한,96.85,636700000,99.0206,N
20200348169 - 01,20200325,덕천처리분구 하수관로 설치사업 기본 및 실시설계용역,전라북도 정읍시,PQ,745980000,736554575,98.73650433,화신+고산,96.44,655520000,101.8412,N
20200348169 - 01,20200325,덕천처리분구 하수관로 설치사업 기본 및 실시설계용역,전라북도 정읍시,PQ,745980000,736554575,98.73650433,경호+태영,94.81,661000000,102.2659,N
20200348169 - 01,20200325,덕천처리분구 하수관로 설치사업 기본 및 실시설계용역,전라북도 정읍시,PQ,745980000,736554575,98.73650433,동명+조화,89.98,664700000,101.5954,N
20200347950 - 00,20200325,효목동 일원 오수관로 사업 실시설계용역,대구광역시 동구,PQ,857200000,862463250,100.6140049,삼안+한주,99.83,735240000,100.2774,N
20200347950 - 00,20200325,효목동 일원 오수관로 사업 실시설계용역,대구광역시 동구,PQ,857200000,862463250,100.6140049,한종+동성,99.76,734200000,100.1122,N
20200347950 - 00,20200325,효목동 일원 오수관로 사업 실시설계용역,대구광역시 동구,PQ,857200000,862463250,100.6140049,동명+주하,99.76,736440000,100.4176,N
20200347950 - 00,20200325,효목동 일원 오수관로 사업 실시설계용역,대구광역시 동구,PQ,857200000,862463250,100.6140049,도화+한도,99.6,736200000,100.3497,N
20200347950 - 00,20200325,효목동 일원 오수관로 사업 실시설계용역,대구광역시 동구,PQ,857200000,862463250,100.6140049,선진+보람,99.51,735120000,100.1791,N
20200347950 - 00,20200325,효목동 일원 오수관로 사업 실시설계용역,대구광역시 동구,PQ,857200000,862463250,100.6140049,건화+명성(아람),99.45,740400000,100.875,Y
20200347950 - 00,20200325,효목동 일원 오수관로 사업 실시설계용역,대구광역시 동구,PQ,857200000,862463250,100.6140049,KG+한백,99.37,729440000,99.3818,N
20200347950 - 00,20200325,효목동 일원 오수관로 사업 실시설계용역,대구광역시 동구,PQ,857200000,862463250,100.6140049,이산+세연+KCI,99.25,727900000,99.1257,N
20200347950 - 00,20200325,효목동 일원 오수관로 사업 실시설계용역,대구광역시 동구,PQ,857200000,862463250,100.6140049,제일+다산,99.03,745770000,101.5,N
20200347950 - 00,20200325,효목동 일원 오수관로 사업 실시설계용역,대구광역시 동구,PQ,857200000,862463250,100.6140049,건양+대성,98.17,727246600,98.76,N
20200347950 - 00,20200325,효목동 일원 오수관로 사업 실시설계용역,대구광역시 동구,PQ,857200000,862463250,100.6140049,화신+동진,95.24,765735000,103.2177,N
20200347872 - 00,20200325,송죽천 등 13개소 소하천정비 종합계획 재수립 용역,경기도 수원시,PQ,1020930000,1033648300,101.2457563,유신+동명,97.93,878400000,100.098,N
20200347872 - 00,20200325,송죽천 등 13개소 소하천정비 종합계획 재수립 용역,경기도 수원시,PQ,1020930000,1033648300,101.2457563,도화+경호+고려,97.83,876280000,99.8331,N
20200347872 - 00,20200325,송죽천 등 13개소 소하천정비 종합계획 재수립 용역,경기도 수원시,PQ,1020930000,1033648300,101.2457563,동부+주하+한맥,97.81,881320000,100.3957,N
20200347872 - 00,20200325,송죽천 등 13개소 소하천정비 종합계획 재수립 용역,경기도 수원시,PQ,1020930000,1033648300,101.2457563,이산+강동,97.72,875460000,99.7049,N
20200347872 - 00,20200325,송죽천 등 13개소 소하천정비 종합계획 재수립 용역,경기도 수원시,PQ,1020930000,1033648300,101.2457563,삼안+KCI,97.7,873180000,99.4453,N
20200347872 - 00,20200325,송죽천 등 13개소 소하천정비 종합계획 재수립 용역,경기도 수원시,PQ,1020930000,1033648300,101.2457563,한종+청명,97.7,881600000,100.4042,N
20200347872 - 00,20200325,송죽천 등 13개소 소하천정비 종합계획 재수립 용역,경기도 수원시,PQ,1020930000,1033648300,101.2457563,KG+보람,97.63,872371000,99.33,N
20200347872 - 00,20200325,송죽천 등 13개소 소하천정비 종합계획 재수립 용역,경기도 수원시,PQ,1020930000,1033648300,101.2457563,건화+KSM,97.58,883400000,100.5741,N
20200347872 - 00,20200325,송죽천 등 13개소 소하천정비 종합계획 재수립 용역,경기도 수원시,PQ,1020930000,1033648300,101.2457563,다산+서영,97.58,869569000,98.9995,N
20200347872 - 00,20200325,송죽천 등 13개소 소하천정비 종합계획 재수립 용역,경기도 수원시,PQ,1020930000,1033648300,101.2457563,동성,97.3,869300000,98.8999,N
20200347872 - 00,20200325,송죽천 등 13개소 소하천정비 종합계획 재수립 용역,경기도 수원시,PQ,1020930000,1033648300,101.2457563,극동,97.2,917000000,104.3025,Y
20200347872 - 00,20200325,송죽천 등 13개소 소하천정비 종합계획 재수립 용역,경기도 수원시,PQ,1020930000,1033648300,101.2457563,화신+용마,97.13,869797000,98.9105,N
20200347800 - 00,20200325,천안 북부BIT 일반산업단지 진입도로 실시설계용역,충청남도 천안시,PQ,898700000,915087875,101.823509,유신+기산,100,767798000,99.929,N
20200347800 - 00,20200325,천안 북부BIT 일반산업단지 진입도로 실시설계용역,충청남도 천안시,PQ,898700000,915087875,101.823509,장맥+제일,99.8,768275000,99.9326,N
20200347800 - 00,20200325,천안 북부BIT 일반산업단지 진입도로 실시설계용역,충청남도 천안시,PQ,898700000,915087875,101.823509,KG+천마,99.7,769126000,100.0199,N
20200347800 - 00,20200325,천안 북부BIT 일반산업단지 진입도로 실시설계용역,충청남도 천안시,PQ,898700000,915087875,101.823509,동일+세일,99.61,773700000,100.5912,N
20200347800 - 00,20200325,천안 북부BIT 일반산업단지 진입도로 실시설계용역,충청남도 천안시,PQ,898700000,915087875,101.823509,한맥+이산+삼안,99.61,768009000,99.8513,N
20200347800 - 00,20200325,천안 북부BIT 일반산업단지 진입도로 실시설계용역,충청남도 천안시,PQ,898700000,915087875,101.823509,경동+일신,99.6,774147000,100.6494,N
20200347800 - 00,20200325,천안 북부BIT 일반산업단지 진입도로 실시설계용역,충청남도 천안시,PQ,898700000,915087875,101.823509,서영+우빈,99.6,765310000,99.5004,N
20200347800 - 00,20200325,천안 북부BIT 일반산업단지 진입도로 실시설계용역,충청남도 천안시,PQ,898700000,915087875,101.823509,극동+예당,99.54,775409000,100.7899,N
20200347800 - 00,20200325,천안 북부BIT 일반산업단지 진입도로 실시설계용역,충청남도 천안시,PQ,898700000,915087875,101.823509,동부+우주,99.54,773564000,100.5501,N
20200347800 - 00,20200325,천안 북부BIT 일반산업단지 진입도로 실시설계용역,충청남도 천안시,PQ,898700000,915087875,101.823509,드림+화신,99.5,773740000,100.5729,N
20200347800 - 00,20200325,천안 북부BIT 일반산업단지 진입도로 실시설계용역,충청남도 천안시,PQ,898700000,915087875,101.823509,도화+양지+바우,99.45,763830000,99.2616,N
20200347800 - 00,20200325,천안 북부BIT 일반산업단지 진입도로 실시설계용역,충청남도 천안시,PQ,898700000,915087875,101.823509,홍익+계림,99.4,763290000,99.1799,N
20200347800 - 00,20200325,천안 북부BIT 일반산업단지 진입도로 실시설계용역,충청남도 천안시,PQ,898700000,915087875,101.823509,수성+삼육+더원,99.32,763070000,99.1397,N
20200347800 - 00,20200325,천안 북부BIT 일반산업단지 진입도로 실시설계용역,충청남도 천안시,PQ,898700000,915087875,101.823509,한종+수성E,99.32,762000000,99.0007,N
20200347800 - 00,20200325,천안 북부BIT 일반산업단지 진입도로 실시설계용역,충청남도 천안시,PQ,898700000,915087875,101.823509,용마+명성,99.09,761590000,98.8782,N
20200347800 - 00,20200325,천안 북부BIT 일반산업단지 진입도로 실시설계용역,충청남도 천안시,PQ,898700000,915087875,101.823509,건화+더그린+에스알(테크피아+자연환경),98.86,783800000,101.7024,N
20200347800 - 00,20200325,천안 북부BIT 일반산업단지 진입도로 실시설계용역,충청남도 천안시,PQ,898700000,915087875,101.823509,대콘+유원,98.18,782000000,101.2916,N
20200347800 - 00,20200325,천안 북부BIT 일반산업단지 진입도로 실시설계용역,충청남도 천안시,PQ,898700000,915087875,101.823509,경호+강호,97.65,786786000,101.7812,N
20200347800 - 00,20200325,천안 북부BIT 일반산업단지 진입도로 실시설계용역,충청남도 천안시,PQ,898700000,915087875,101.823509,삼보+송현,97.3,784900000,101.4429,N
20200347800 - 00,20200325,천안 북부BIT 일반산업단지 진입도로 실시설계용역,충청남도 천안시,PQ,898700000,915087875,101.823509,다산+세종,97.28,791499000,102.2958,Y
20200345764 - 00,20200325,고암천 노후차집관로 정비사업 건설사업관리용역,충청북도 제천시 환경사업소,PQ,1202173000,1214032500,100.9865053,건화+홍익,100,932000000,99.399,N
20200345764 - 00,20200325,고암천 노후차집관로 정비사업 건설사업관리용역,충청북도 제천시 환경사업소,PQ,1202173000,1214032500,100.9865053,도화+지명,100,936100000,99.8363,N
20200345764 - 00,20200325,고암천 노후차집관로 정비사업 건설사업관리용역,충청북도 제천시 환경사업소,PQ,1202173000,1214032500,100.9865053,한종+영진+동진,100,942110000,100.4773,N
20200345764 - 00,20200325,고암천 노후차집관로 정비사업 건설사업관리용역,충청북도 제천시 환경사업소,PQ,1202173000,1214032500,100.9865053,동명+청우,100,934800000,99.6977,N
20200345764 - 00,20200325,고암천 노후차집관로 정비사업 건설사업관리용역,충청북도 제천시 환경사업소,PQ,1202173000,1214032500,100.9865053,범한+동림,100,933322000,99.54,N
20200345764 - 00,20200325,고암천 노후차집관로 정비사업 건설사업관리용역,충청북도 제천시 환경사업소,PQ,1202173000,1214032500,100.9865053,선진+수일건설,100,935647000,99.788,N
20200345764 - 00,20200325,고암천 노후차집관로 정비사업 건설사업관리용역,충청북도 제천시 환경사업소,PQ,1202173000,1214032500,100.9865053,경호+해린,100,932470000,99.4492,N
20200345764 - 00,20200325,고암천 노후차집관로 정비사업 건설사업관리용역,충청북도 제천시 환경사업소,PQ,1202173000,1214032500,100.9865053,동성+가원,100,934822000,99.7,N
20200345764 - 00,20200325,고암천 노후차집관로 정비사업 건설사업관리용역,충청북도 제천시 환경사업소,PQ,1202173000,1214032500,100.9865053,신명+단,100,931530000,99.3489,N
20200345764 - 00,20200325,고암천 노후차집관로 정비사업 건설사업관리용역,충청북도 제천시 환경사업소,PQ,1202173000,1214032500,100.9865053,건양+수성,99.98,933748600,99.56,N
20200345764 - 00,20200325,고암천 노후차집관로 정비사업 건설사업관리용역,충청북도 제천시 환경사업소,PQ,1202173000,1214032500,100.9865053,경동+대원+용마,99.96,946531000,100.91,N
20200345764 - 00,20200325,고암천 노후차집관로 정비사업 건설사업관리용역,충청북도 제천시 환경사업소,PQ,1202173000,1214032500,100.9865053,천일+한맥E+서윤,99.91,930840000,99.199,N
20200345764 - 00,20200325,고암천 노후차집관로 정비사업 건설사업관리용역,충청북도 제천시 환경사업소,PQ,1202173000,1214032500,100.9865053,이산+도명,99.87,928198000,98.8795,N
20200345764 - 00,20200325,고암천 노후차집관로 정비사업 건설사업관리용역,충청북도 제천시 환경사업소,PQ,1202173000,1214032500,100.9865053,KCM+세광,99.83,955000000,101.7086,Y
20200345764 - 00,20200325,고암천 노후차집관로 정비사업 건설사업관리용역,충청북도 제천시 환경사업소,PQ,1202173000,1214032500,100.9865053,서영+해림+조화,99.82,931000000,99.1399,N
20200347093 - 00,20200325,광주광역시 불명수 유입조사 및 분석 용역,광주광역시,PQ,1154230000,1162422200,100.7097546,동명+도화+한기,99.97,912620000,101.349,Y
20200347093 - 00,20200325,광주광역시 불명수 유입조사 및 분석 용역,광주광역시,PQ,1154230000,1162422200,100.7097546,범한+신명,98.08,903600000,98.8147,N
20200347093 - 00,20200325,광주광역시 불명수 유입조사 및 분석 용역,광주광역시,PQ,1154230000,1162422200,100.7097546,제일+우리,97.85,903350000,98.6007,N
20200347093 - 00,20200325,광주광역시 불명수 유입조사 및 분석 용역,광주광역시,PQ,1154230000,1162422200,100.7097546,한종+우빈,97.63,930500000,101.3853,N
20200347093 - 00,20200325,광주광역시 불명수 유입조사 및 분석 용역,광주광역시,PQ,1154230000,1162422200,100.7097546,KG+우영+평화,97.46,926224000,100.78,N
20200347093 - 00,20200325,광주광역시 불명수 유입조사 및 분석 용역,광주광역시,PQ,1154230000,1162422200,100.7097546,삼안+하이콘,97.33,933680000,101.4893,N
20200347093 - 00,20200325,광주광역시 불명수 유입조사 및 분석 용역,광주광역시,PQ,1154230000,1162422200,100.7097546,건화+원우,97.07,1000000000,108.4668,N
20200344974 - 00,20200325,양산 다방동 화물자동차 공영차고지 조성사업 감독권한대행 등 건설사업관리 용역,경상남도 양산시,PQ,844000000,847025800,100.3585071,유신+하우,100,724890000,100.459,Y
20200344974 - 00,20200325,양산 다방동 화물자동차 공영차고지 조성사업 감독권한대행 등 건설사업관리 용역,경상남도 양산시,PQ,844000000,847025800,100.3585071,범한+목양,99.45,719560000,99.569,N
20200344974 - 00,20200325,양산 다방동 화물자동차 공영차고지 조성사업 감독권한대행 등 건설사업관리 용역,경상남도 양산시,PQ,844000000,847025800,100.3585071,한종+KSM,99.43,723400000,100.1003,N
20200344974 - 00,20200325,양산 다방동 화물자동차 공영차고지 조성사업 감독권한대행 등 건설사업관리 용역,경상남도 양산시,PQ,844000000,847025800,100.3585071,동성+HEC+상지,99.42,726722000,100.56,N
20200344974 - 00,20200325,양산 다방동 화물자동차 공영차고지 조성사업 감독권한대행 등 건설사업관리 용역,경상남도 양산시,PQ,844000000,847025800,100.3585071,KCM+현진,99.18,717480000,99.2116,N
20200344974 - 00,20200325,양산 다방동 화물자동차 공영차고지 조성사업 감독권한대행 등 건설사업관리 용역,경상남도 양산시,PQ,844000000,847025800,100.3585071,대콘+화성,99.12,716800000,99.106,N
20200344974 - 00,20200325,양산 다방동 화물자동차 공영차고지 조성사업 감독권한대행 등 건설사업관리 용역,경상남도 양산시,PQ,844000000,847025800,100.3585071,건화+경화(한국방재리더스),99,759600000,104.9991,N
20200344974 - 00,20200325,양산 다방동 화물자동차 공영차고지 조성사업 감독권한대행 등 건설사업관리 용역,경상남도 양산시,PQ,844000000,847025800,100.3585071,경호+한올,98.61,716590000,98.95,N
20200346702 - 00,20200325,괴산첨단산업단지 공공폐수처리시설설치사업(1단계) 건설사업관리용역 ,충청북도 괴산군,PQ,678000000,679756075,100.2590081,도화+건양,100,578300000,99.7661,N
20200346702 - 00,20200325,괴산첨단산업단지 공공폐수처리시설설치사업(1단계) 건설사업관리용역 ,충청북도 괴산군,PQ,678000000,679756075,100.2590081,지명+한종,99.5,583713000,100.5705,Y
20200346702 - 00,20200325,괴산첨단산업단지 공공폐수처리시설설치사업(1단계) 건설사업관리용역 ,충청북도 괴산군,PQ,678000000,679756075,100.2590081,건화+홍익,98.8,579400000,99.6411,N
20200346702 - 00,20200325,괴산첨단산업단지 공공폐수처리시설설치사업(1단계) 건설사업관리용역 ,충청북도 괴산군,PQ,678000000,679756075,100.2590081,동성+창민,98.21,583550000,100.2029,N
20200348755 - 01,20200326,돌머리지구 어촌뉴딜 300사업 기본계획 및 실시설계용역,전라남도 함평군,PQ,1268084000,1278884950,100.8517535,건화+한기+대양(분담),98.17,1011200000,100.7166,N
20200348755 - 01,20200326,돌머리지구 어촌뉴딜 300사업 기본계획 및 실시설계용역,전라남도 함평군,PQ,1268084000,1278884950,100.8517535,세일,96.14,1007122000,98.69,N
20200348755 - 01,20200326,돌머리지구 어촌뉴딜 300사업 기본계획 및 실시설계용역,전라남도 함평군,PQ,1268084000,1278884950,100.8517535,도화,96.03,1010000000,98.886,N
20200348755 - 01,20200326,돌머리지구 어촌뉴딜 300사업 기본계획 및 실시설계용역,전라남도 함평군,PQ,1268084000,1278884950,100.8517535,건일,96,1034370000,101.2594,Y
20200348755 - 01,20200326,돌머리지구 어촌뉴딜 300사업 기본계획 및 실시설계용역,전라남도 함평군,PQ,1268084000,1278884950,100.8517535,유신,95.68,1046945000,102.2239,N
20200348755 - 01,20200326,돌머리지구 어촌뉴딜 300사업 기본계획 및 실시설계용역,전라남도 함평군,PQ,1268084000,1278884950,100.8517535,수성,95.65,1044910000,102,N
20200348755 - 01,20200326,돌머리지구 어촌뉴딜 300사업 기본계획 및 실시설계용역,전라남도 함평군,PQ,1268084000,1278884950,100.8517535,서영,94.89,1046610000,101.55,N
20200348755 - 01,20200326,돌머리지구 어촌뉴딜 300사업 기본계획 및 실시설계용역,전라남도 함평군,PQ,1268084000,1278884950,100.8517535,한종,94.57,1051000000,101.7256,N
20200348953 - 00,20200326,양산일반산업단지 재생사업 기반시설공사 건설사업관리(감독권한대행)용역,경상남도 양산시,PQ,2270148000,2251163925,99.16375166,신명+우정,100,1777000000,100.3613,N
20200348953 - 00,20200326,양산일반산업단지 재생사업 기반시설공사 건설사업관리(감독권한대행)용역,경상남도 양산시,PQ,2270148000,2251163925,99.16375166,동명+우리,99.83,1771230000,99.8946,N
20200348953 - 00,20200326,양산일반산업단지 재생사업 기반시설공사 건설사업관리(감독권한대행)용역,경상남도 양산시,PQ,2270148000,2251163925,99.16375166,도화+한성,99.75,1787900000,100.7702,N
20200348953 - 00,20200326,양산일반산업단지 재생사업 기반시설공사 건설사업관리(감독권한대행)용역,경상남도 양산시,PQ,2270148000,2251163925,99.16375166,한종+KSM+부림,99.62,1785300000,100.508,N
20200348953 - 00,20200326,양산일반산업단지 재생사업 기반시설공사 건설사업관리(감독권한대행)용역,경상남도 양산시,PQ,2270148000,2251163925,99.16375166,삼안+천진+하우,99.58,1764950000,99.3369,Y
20200348953 - 00,20200326,양산일반산업단지 재생사업 기반시설공사 건설사업관리(감독권한대행)용역,경상남도 양산시,PQ,2270148000,2251163925,99.16375166,이산+신화,99.57,1791370000,100.811,N
20200348953 - 00,20200326,양산일반산업단지 재생사업 기반시설공사 건설사업관리(감독권한대행)용역,경상남도 양산시,PQ,2270148000,2251163925,99.16375166,천일+한올,99.44,1760095000,98.9499,N
20200348953 - 00,20200326,양산일반산업단지 재생사업 기반시설공사 건설사업관리(감독권한대행)용역,경상남도 양산시,PQ,2270148000,2251163925,99.16375166,동부+범한,99.43,1792890000,100.7807,N
20200348953 - 00,20200326,양산일반산업단지 재생사업 기반시설공사 건설사업관리(감독권한대행)용역,경상남도 양산시,PQ,2270148000,2251163925,99.16375166,건화+경화,99.4,1808800000,101.6491,N
20200348953 - 00,20200326,양산일반산업단지 재생사업 기반시설공사 건설사업관리(감독권한대행)용역,경상남도 양산시,PQ,2270148000,2251163925,99.16375166,수성+토아,99.38,1799974000,101.1402,N
20200348953 - 00,20200326,양산일반산업단지 재생사업 기반시설공사 건설사업관리(감독권한대행)용역,경상남도 양산시,PQ,2270148000,2251163925,99.16375166,경원+동영,99.37,1759770000,98.8685,N
20200348953 - 00,20200326,양산일반산업단지 재생사업 기반시설공사 건설사업관리(감독권한대행)용역,경상남도 양산시,PQ,2270148000,2251163925,99.16375166,KG+로텍,99.37,1797353000,100.9285,N
20200348953 - 00,20200326,양산일반산업단지 재생사업 기반시설공사 건설사업관리(감독권한대행)용역,경상남도 양산시,PQ,2270148000,2251163925,99.16375166,하이콘+현진,99.31,1760000000,98.7806,N
20200348953 - 00,20200326,양산일반산업단지 재생사업 기반시설공사 건설사업관리(감독권한대행)용역,경상남도 양산시,PQ,2270148000,2251163925,99.16375166,유신+한가람,99.24,1755712000,98.4772,N
20200348953 - 00,20200326,양산일반산업단지 재생사업 기반시설공사 건설사업관리(감독권한대행)용역,경상남도 양산시,PQ,2270148000,2251163925,99.16375166,극동+서화,99.17,1758078000,98.5472,N
20200348953 - 00,20200326,양산일반산업단지 재생사업 기반시설공사 건설사업관리(감독권한대행)용역,경상남도 양산시,PQ,2270148000,2251163925,99.16375166,서영+HEC,99.08,1811650000,101.4985,N
20200348953 - 00,20200326,양산일반산업단지 재생사업 기반시설공사 건설사업관리(감독권한대행)용역,경상남도 양산시,PQ,2270148000,2251163925,99.16375166,홍익+태일,99.02,1809892000,101.4,N
20200348953 - 00,20200326,양산일반산업단지 재생사업 기반시설공사 건설사업관리(감독권한대행)용역,경상남도 양산시,PQ,2270148000,2251163925,99.16375166,경동+우진,99.01,1810790000,101.4503,N
20200348953 - 00,20200326,양산일반산업단지 재생사업 기반시설공사 건설사업관리(감독권한대행)용역,경상남도 양산시,PQ,2270148000,2251163925,99.16375166,동일+유진,98.93,1816000000,101.6646,N
20200348953 - 00,20200326,양산일반산업단지 재생사업 기반시설공사 건설사업관리(감독권한대행)용역,경상남도 양산시,PQ,2270148000,2251163925,99.16375166,동성+금성,98.92,1817933000,101.7728,N
20200348953 - 00,20200326,양산일반산업단지 재생사업 기반시설공사 건설사업관리(감독권한대행)용역,경상남도 양산시,PQ,2270148000,2251163925,99.16375166,용마+혜인+선진,98.75,1760330000,98.4105,N
20200348953 - 00,20200326,양산일반산업단지 재생사업 기반시설공사 건설사업관리(감독권한대행)용역,경상남도 양산시,PQ,2270148000,2251163925,99.16375166,다산+재화,98.53,1826990000,101.943,N
20200348953 - 00,20200326,양산일반산업단지 재생사업 기반시설공사 건설사업관리(감독권한대행)용역,경상남도 양산시,PQ,2270148000,2251163925,99.16375166,대콘+화성,98.37,1830000000,101.9818,N
20200348953 - 00,20200326,양산일반산업단지 재생사업 기반시설공사 건설사업관리(감독권한대행)용역,경상남도 양산시,PQ,2270148000,2251163925,99.16375166,화신+주원,98.34,1823590000,101.5988,N
20200348802 - 00,20200326,충북혁신도시 공공하수처리시설 개량사업 기본 및 실시설계 용역,충청북도 진천군 상하수도사업소,PQ,599000000,593959450,99.15850584,건화+홍익,100,510000000,99.587,N
20200348802 - 00,20200326,충북혁신도시 공공하수처리시설 개량사업 기본 및 실시설계 용역,충청북도 진천군 상하수도사업소,PQ,599000000,593959450,99.15850584,선진+지명,100,513290000,100.2294,N
20200348802 - 00,20200326,충북혁신도시 공공하수처리시설 개량사업 기본 및 실시설계 용역,충청북도 진천군 상하수도사업소,PQ,599000000,593959450,99.15850584,동명+건양,100,511900000,99.958,N
20200348802 - 00,20200326,충북혁신도시 공공하수처리시설 개량사업 기본 및 실시설계 용역,충청북도 진천군 상하수도사업소,PQ,599000000,593959450,99.15850584,KG+청우,99.7,510074000,99.52,N
20200348802 - 00,20200326,충북혁신도시 공공하수처리시설 개량사업 기본 및 실시설계 용역,충청북도 진천군 상하수도사업소,PQ,599000000,593959450,99.15850584,이산+동림,99.5,516600000,100.7461,N
20200348802 - 00,20200326,충북혁신도시 공공하수처리시설 개량사업 기본 및 실시설계 용역,충청북도 진천군 상하수도사업소,PQ,599000000,593959450,99.15850584,도화+영진,99.4,508745000,99.1795,Y
20200348802 - 00,20200326,충북혁신도시 공공하수처리시설 개량사업 기본 및 실시설계 용역,충청북도 진천군 상하수도사업소,PQ,599000000,593959450,99.15850584,제일+대원,99.4,510180000,99.4593,N
20200348802 - 00,20200326,충북혁신도시 공공하수처리시설 개량사업 기본 및 실시설계 용역,충청북도 진천군 상하수도사업소,PQ,599000000,593959450,99.15850584,삼안+진우,99.28,519970000,101.3442,N
20200348802 - 00,20200326,충북혁신도시 공공하수처리시설 개량사업 기본 및 실시설계 용역,충청북도 진천군 상하수도사업소,PQ,599000000,593959450,99.15850584,범한+창민,99.26,508520000,99.1009,N
20200348802 - 00,20200326,충북혁신도시 공공하수처리시설 개량사업 기본 및 실시설계 용역,충청북도 진천군 상하수도사업소,PQ,599000000,593959450,99.15850584,화신+선,99.05,540870000,105.3562,N
20200348703 - 01,20200326,친환경 생태테마랜드 조성사업 기본 및 실시설계용역,경상북도 포항시,PQ,398920000,396118625,99.2977602,한종,96.99,345700000,99.6023,Y
20200348703 - 01,20200326,친환경 생태테마랜드 조성사업 기본 및 실시설계용역,경상북도 포항시,PQ,398920000,396118625,99.2977602,KG+대성+한도,96.2,346040000,99.6201,N
20200348703 - 01,20200326,친환경 생태테마랜드 조성사업 기본 및 실시설계용역,경상북도 포항시,PQ,398920000,396118625,99.2977602,건화(동아건축),94.4,352800000,101.3916,N
20200349196 - 00,20200326,"목포 도시관리계획[근린공원(삼학도), 유원지] 결정(변경) 용역",전라남도 목포시,PQ,520000000,521530100,100.29425,KG+한기,99.6,452049000,100.17,N
20200349196 - 00,20200326,"목포 도시관리계획[근린공원(삼학도), 유원지] 결정(변경) 용역",전라남도 목포시,PQ,520000000,521530100,100.29425,도화+동아,96.63,452000000,99.8714,N
20200349196 - 00,20200326,"목포 도시관리계획[근린공원(삼학도), 유원지] 결정(변경) 용역",전라남도 목포시,PQ,520000000,521530100,100.29425,한종+신오,96.5,453100000,100.103,N
20200349196 - 00,20200326,"목포 도시관리계획[근린공원(삼학도), 유원지] 결정(변경) 용역",전라남도 목포시,PQ,520000000,521530100,100.29425,유신+우빈,95.35,451147000,99.5571,N
20200349196 - 00,20200326,"목포 도시관리계획[근린공원(삼학도), 유원지] 결정(변경) 용역",전라남도 목포시,PQ,520000000,521530100,100.29425,선진+건영,94.98,457070000,100.8295,Y
20200349196 - 00,20200326,"목포 도시관리계획[근린공원(삼학도), 유원지] 결정(변경) 용역",전라남도 목포시,PQ,520000000,521530100,100.29425,경호+우영,94.13,450777000,99.3614,N
20200349196 - 00,20200326,"목포 도시관리계획[근린공원(삼학도), 유원지] 결정(변경) 용역",전라남도 목포시,PQ,520000000,521530100,100.29425,건화+산하,93.85,462300000,101.8663,N
20200349196 - 00,20200326,"목포 도시관리계획[근린공원(삼학도), 유원지] 결정(변경) 용역",전라남도 목포시,PQ,520000000,521530100,100.29425,삼안+신명,93.74,448800000,98.8803,N
2020-02-000144-00,20200326,태백선 입석리~백산 등 52개소 재해예방시설 실시설계용역,한국철도시설공단,PQ,775768000,768777243,99.09885984,천일+태조,99.95,647460000,100.5488,N
2020-02-000144-00,20200326,태백선 입석리~백산 등 52개소 재해예방시설 실시설계용역,한국철도시설공단,PQ,775768000,768777243,99.09885984,유신+도화+KRTC,99.94,643746000,99.96,N
2020-02-000144-00,20200326,태백선 입석리~백산 등 52개소 재해예방시설 실시설계용역,한국철도시설공단,PQ,775768000,768777243,99.09885984,삼안+동명+동해종합,99.73,648780000,100.681,N
2020-02-000144-00,20200326,태백선 입석리~백산 등 52개소 재해예방시설 실시설계용역,한국철도시설공단,PQ,775768000,768777243,99.09885984,수성+동부+대콘,99.39,641200000,99.409,Y
2020-02-000144-00,20200326,태백선 입석리~백산 등 52개소 재해예방시설 실시설계용역,한국철도시설공단,PQ,775768000,768777243,99.09885984,건화+평화(테크피아+진성건설),99.3,648000000,100.427,N
2020-02-000144-00,20200326,태백선 입석리~백산 등 52개소 재해예방시설 실시설계용역,한국철도시설공단,PQ,775768000,768777243,99.09885984,선구+한종+신성,98.87,657700000,101.8079,N
B5202000879,20200326,시화MTV 중1-117호선(서해안 우회도로) 및 시화나래IC 입구교차로 입체화 건설사업관리용역,한국수자원공사,종심제,7128630523,7083799247,99.37110956,동일+도화+동부+홍익+KCM,91.899,5790000000,81.2218,Y
B5202000879,20200326,시화MTV 중1-117호선(서해안 우회도로) 및 시화나래IC 입구교차로 입체화 건설사업관리용역,한국수자원공사,종심제,7128630523,7083799247,99.37110956,KSM+이산+천일+KCI+건화,90.356,5870000000,82.344,N
20200350203 - 00,20200326,중앙공공하수처리장 증설사업 외 2건 기본 및 실시설계용역,전라남도 광양시,PQ,2735256000,2737430575,100.0795017,신명+삼안+수성,99.01,2157300000,100.299,Y
20200350203 - 00,20200326,중앙공공하수처리장 증설사업 외 2건 기본 및 실시설계용역,전라남도 광양시,PQ,2735256000,2737430575,100.0795017,선진+우빈,98.06,2160680000,99.6829,N
20200350203 - 00,20200326,중앙공공하수처리장 증설사업 외 2건 기본 및 실시설계용역,전라남도 광양시,PQ,2735256000,2737430575,100.0795017,도화+우리,97.82,2160450000,99.484,N
20200350203 - 00,20200326,중앙공공하수처리장 증설사업 외 2건 기본 및 실시설계용역,전라남도 광양시,PQ,2735256000,2737430575,100.0795017,경동+원우,97.82,2167780000,99.8215,N
20200350203 - 00,20200326,중앙공공하수처리장 증설사업 외 2건 기본 및 실시설계용역,전라남도 광양시,PQ,2735256000,2737430575,100.0795017,KG+범한+하이콘,97.76,2159497000,99.39,N
20200350203 - 00,20200326,중앙공공하수처리장 증설사업 외 2건 기본 및 실시설계용역,전라남도 광양시,PQ,2735256000,2737430575,100.0795017,동명+건영,97.76,2149500000,98.9299,N
20200350203 - 00,20200326,중앙공공하수처리장 증설사업 외 2건 기본 및 실시설계용역,전라남도 광양시,PQ,2735256000,2737430575,100.0795017,유신+우영,97.66,2191788000,100.8001,N
20200350203 - 00,20200326,중앙공공하수처리장 증설사업 외 2건 기본 및 실시설계용역,전라남도 광양시,PQ,2735256000,2737430575,100.0795017,건화+동아(서진),97.52,2214800000,101.7432,N
20200350203 - 00,20200326,중앙공공하수처리장 증설사업 외 2건 기본 및 실시설계용역,전라남도 광양시,PQ,2735256000,2737430575,100.0795017,이산+신오+건양,97.4,2148470000,98.597,N
20200350203 - 00,20200326,중앙공공하수처리장 증설사업 외 2건 기본 및 실시설계용역,전라남도 광양시,PQ,2735256000,2737430575,100.0795017,한종+한기,97.36,2210100000,101.3999,N
20200349887 - 04,20200326,구룡포 하수관로 정비사업(3단계) 기본 및 실시설계 용역,경상북도 포항시 맑은물사업본부,PQ,775830000,771931500,99.4975059,한종+태성+세원,98.77,665500000,100.0048,Y
20200349887 - 04,20200326,구룡포 하수관로 정비사업(3단계) 기본 및 실시설계 용역,경상북도 포항시 맑은물사업본부,PQ,775830000,771931500,99.4975059,이산+동진,97.94,669980000,100.4672,N
20200349887 - 04,20200326,구룡포 하수관로 정비사업(3단계) 기본 및 실시설계 용역,경상북도 포항시 맑은물사업본부,PQ,775830000,771931500,99.4975059,동명+청우,97.82,670822000,100.57,N
20200349887 - 04,20200326,구룡포 하수관로 정비사업(3단계) 기본 및 실시설계 용역,경상북도 포항시 맑은물사업본부,PQ,775830000,771931500,99.4975059,도화+한주+청명,97.76,663230000,99.4087,N
20200349887 - 04,20200326,구룡포 하수관로 정비사업(3단계) 기본 및 실시설계 용역,경상북도 포항시 맑은물사업본부,PQ,775830000,771931500,99.4975059,삼안+한도,97.6,662530000,99.2691,N
20200349887 - 04,20200326,구룡포 하수관로 정비사업(3단계) 기본 및 실시설계 용역,경상북도 포항시 맑은물사업본부,PQ,775830000,771931500,99.4975059,경동+보원,97.59,672491000,100.7499,N
20200349887 - 04,20200326,구룡포 하수관로 정비사업(3단계) 기본 및 실시설계 용역,경상북도 포항시 맑은물사업본부,PQ,775830000,771931500,99.4975059,제일+다산,97.53,672900000,100.7995,N
20200349887 - 04,20200326,구룡포 하수관로 정비사업(3단계) 기본 및 실시설계 용역,경상북도 포항시 맑은물사업본부,PQ,775830000,771931500,99.4975059,선진+보람+청우,97.52,674440000,101.0302,N
20200349887 - 04,20200326,구룡포 하수관로 정비사업(3단계) 기본 및 실시설계 용역,경상북도 포항시 맑은물사업본부,PQ,775830000,771931500,99.4975059,범한+KCI,97.47,666972000,99.8999,N
20200349887 - 04,20200326,구룡포 하수관로 정비사업(3단계) 기본 및 실시설계 용역,경상북도 포항시 맑은물사업본부,PQ,775830000,771931500,99.4975059,건화+삼보(명성),97.45,673700000,100.8959,N
20200349887 - 04,20200326,구룡포 하수관로 정비사업(3단계) 기본 및 실시설계 용역,경상북도 포항시 맑은물사업본부,PQ,775830000,771931500,99.4975059,KG+한백,97.34,661729000,99.08,N
20200349887 - 04,20200326,구룡포 하수관로 정비사업(3단계) 기본 및 실시설계 용역,경상북도 포항시 맑은물사업본부,PQ,775830000,771931500,99.4975059,HEC+동성,97.05,675830000,101.1209,N
20200349887 - 04,20200326,구룡포 하수관로 정비사업(3단계) 기본 및 실시설계 용역,경상북도 포항시 맑은물사업본부,PQ,775830000,771931500,99.4975059,화신+주하,96.61,698798000,104.4362,N
20200349887 - 04,20200326,구룡포 하수관로 정비사업(3단계) 기본 및 실시설계 용역,경상북도 포항시 맑은물사업본부,PQ,775830000,771931500,99.4975059,유신+세연,96.47,660445000,98.67,N
20200349579 - 00,20200326,자양면 지방상수도 공급사업 외 2개소 통합건설사업관리(감독권한대행)용역,경상북도 영천시 수도사업소,PQ,3497302000,3504060575,100.1932511,건화+동성,100,2546900000,99.7667,N
20200349579 - 00,20200326,자양면 지방상수도 공급사업 외 2개소 통합건설사업관리(감독권한대행)용역,경상북도 영천시 수도사업소,PQ,3497302000,3504060575,100.1932511,한종+한백+태성+동진,100,2566000000,100.5149,N
20200349579 - 00,20200326,자양면 지방상수도 공급사업 외 2개소 통합건설사업관리(감독권한대행)용역,경상북도 영천시 수도사업소,PQ,3497302000,3504060575,100.1932511,도화+보원+한주,100,2564725000,100.4649,Y
20200349579 - 00,20200326,자양면 지방상수도 공급사업 외 2개소 통합건설사업관리(감독권한대행)용역,경상북도 영천시 수도사업소,PQ,3497302000,3504060575,100.1932511,범한+KCM,100,2552900000,100.0017,N
20200349579 - 00,20200326,자양면 지방상수도 공급사업 외 2개소 통합건설사업관리(감독권한대행)용역,경상북도 영천시 수도사업소,PQ,3497302000,3504060575,100.1932511,삼안+한도+명성,99.89,3322000000,129.9863,N
20200349995 - 02,20200326,노후하수관로 정비사업 건설사업관리용역,경상북도 포항시 맑은물사업본부,PQ,1580000000,1578131650,99.88175,건화+세원,100,1242000000,100.7854,Y
20200349995 - 02,20200326,노후하수관로 정비사업 건설사업관리용역,경상북도 포항시 맑은물사업본부,PQ,1580000000,1578131650,99.88175,도화+청우,99.98,1229400000,99.7374,N
20200349995 - 02,20200326,노후하수관로 정비사업 건설사업관리용역,경상북도 포항시 맑은물사업본부,PQ,1580000000,1578131650,99.88175,동명+동진,99.77,1227230000,99.3957,N
20200349995 - 02,20200326,노후하수관로 정비사업 건설사업관리용역,경상북도 포항시 맑은물사업본부,PQ,1580000000,1578131650,99.88175,천일+경원+건일,99.77,1243900000,100.7459,N
20200349995 - 02,20200326,노후하수관로 정비사업 건설사업관리용역,경상북도 포항시 맑은물사업본부,PQ,1580000000,1578131650,99.88175,경동+동아,99.59,1226670000,99.198,N
20200349995 - 02,20200326,노후하수관로 정비사업 건설사업관리용역,경상북도 포항시 맑은물사업본부,PQ,1580000000,1578131650,99.88175,이산+KCM,99.58,1227990000,99.3048,N
20200349995 - 02,20200326,노후하수관로 정비사업 건설사업관리용역,경상북도 포항시 맑은물사업본부,PQ,1580000000,1578131650,99.88175,경호+대성,99.57,1225350000,99.0786,N
20200349995 - 02,20200326,노후하수관로 정비사업 건설사업관리용역,경상북도 포항시 맑은물사업본부,PQ,1580000000,1578131650,99.88175,동성+태성,99.57,1246400000,100.7807,N
20200349995 - 02,20200326,노후하수관로 정비사업 건설사업관리용역,경상북도 포항시 맑은물사업본부,PQ,1580000000,1578131650,99.88175,선진+보원+HD,99.56,1248990000,100.9772,N
20200349995 - 02,20200326,노후하수관로 정비사업 건설사업관리용역,경상북도 포항시 맑은물사업본부,PQ,1580000000,1578131650,99.88175,삼안+한도,99.55,1225290000,99.0611,N
20200349995 - 02,20200326,노후하수관로 정비사업 건설사업관리용역,경상북도 포항시 맑은물사업본부,PQ,1580000000,1578131650,99.88175,한종+해동,99.53,1235100000,99.8287,N
20200349995 - 02,20200326,노후하수관로 정비사업 건설사업관리용역,경상북도 포항시 맑은물사업본부,PQ,1580000000,1578131650,99.88175,동일+한주,99.5,1223700000,98.8947,N
20200349995 - 02,20200326,노후하수관로 정비사업 건설사업관리용역,경상북도 포항시 맑은물사업본부,PQ,1580000000,1578131650,99.88175,수성+청명,99.48,1250931000,101.0696,N
20200349995 - 02,20200326,노후하수관로 정비사업 건설사업관리용역,경상북도 포항시 맑은물사업본부,PQ,1580000000,1578131650,99.88175,건양+KCI,99.27,1255863700,101.3,N
20200349995 - 02,20200326,노후하수관로 정비사업 건설사업관리용역,경상북도 포항시 맑은물사업본부,PQ,1580000000,1578131650,99.88175,대콘+한백,98.34,1500000000,120.0743,N
20200349829 - 00,20200326,곡성군 하수도정비 기본계획(변경) 수립 용역,전라남도 곡성군,PQ,1066100000,1052760475,98.74875481,건화+원우,98.3,913000000,99.7255,N
20200349829 - 00,20200326,곡성군 하수도정비 기본계획(변경) 수립 용역,전라남도 곡성군,PQ,1066100000,1052760475,98.74875481,한종+신오,97.8,914400000,99.7506,N
20200349829 - 00,20200326,곡성군 하수도정비 기본계획(변경) 수립 용역,전라남도 곡성군,PQ,1066100000,1052760475,98.74875481,동명+한기,97.78,913300000,99.6306,N
20200349829 - 00,20200326,곡성군 하수도정비 기본계획(변경) 수립 용역,전라남도 곡성군,PQ,1066100000,1052760475,98.74875481,도화+우리,97.78,912820000,99.5783,N
20200349829 - 00,20200326,곡성군 하수도정비 기본계획(변경) 수립 용역,전라남도 곡성군,PQ,1066100000,1052760475,98.74875481,삼안+동아,97.78,917950000,100.1379,N
20200349829 - 00,20200326,곡성군 하수도정비 기본계획(변경) 수립 용역,전라남도 곡성군,PQ,1066100000,1052760475,98.74875481,선진+건영+평화,97.62,913030000,99.5549,N
20200349829 - 00,20200326,곡성군 하수도정비 기본계획(변경) 수립 용역,전라남도 곡성군,PQ,1066100000,1052760475,98.74875481,제일+우빈,97.55,911990000,99.4299,N
20200349829 - 00,20200326,곡성군 하수도정비 기본계획(변경) 수립 용역,전라남도 곡성군,PQ,1066100000,1052760475,98.74875481,이산+하이콘,97.4,906900000,98.829,Y
20200349829 - 00,20200326,곡성군 하수도정비 기본계획(변경) 수립 용역,전라남도 곡성군,PQ,1066100000,1052760475,98.74875481,KG+우영,97.38,907276000,98.87,N
20200349829 - 00,20200326,곡성군 하수도정비 기본계획(변경) 수립 용역,전라남도 곡성군,PQ,1066100000,1052760475,98.74875481,범한+신명,97.1,945000000,102.9092,N
20200349774 - 01,20200326,2030 원주시 도시·주거환경정비기본계획 수립용역,강원도 원주시,PQ,596517000,589664550,98.85125654,KG+경원+서광,100,508054000,99.62,N
20200349774 - 01,20200326,2030 원주시 도시·주거환경정비기본계획 수립용역,강원도 원주시,PQ,596517000,589664550,98.85125654,건화+진화,99.84,512200000,100.3859,N
20200349774 - 01,20200326,2030 원주시 도시·주거환경정비기본계획 수립용역,강원도 원주시,PQ,596517000,589664550,98.85125654,도화+삼경,99.7,507450000,99.4201,N
20200349774 - 01,20200326,2030 원주시 도시·주거환경정비기본계획 수립용역,강원도 원주시,PQ,596517000,589664550,98.85125654,정+경동,99.7,509894000,99.8989,N
20200349774 - 01,20200326,2030 원주시 도시·주거환경정비기본계획 수립용역,강원도 원주시,PQ,596517000,589664550,98.85125654,경호+동서,99.42,508650000,99.5854,N
20200349774 - 01,20200326,2030 원주시 도시·주거환경정비기본계획 수립용역,강원도 원주시,PQ,596517000,589664550,98.85125654,수성+미래,99.38,514800000,100.7777,N
20200349774 - 01,20200326,2030 원주시 도시·주거환경정비기본계획 수립용역,강원도 원주시,PQ,596517000,589664550,98.85125654,서영+삼주,99.36,511398000,100.1,N
20200349774 - 01,20200326,2030 원주시 도시·주거환경정비기본계획 수립용역,강원도 원주시,PQ,596517000,589664550,98.85125654,동명+일신,99.08,517715000,101.2656,N
20200349774 - 01,20200326,2030 원주시 도시·주거환경정비기본계획 수립용역,강원도 원주시,PQ,596517000,589664550,98.85125654,화신+삼안,98.94,506270000,98.9923,Y
20200349774 - 01,20200326,2030 원주시 도시·주거환경정비기본계획 수립용역,강원도 원주시,PQ,596517000,589664550,98.85125654,선진+고려+국일,98.5,506480000,98.9295,N
20200349774 - 01,20200326,2030 원주시 도시·주거환경정비기본계획 수립용역,강원도 원주시,PQ,596517000,589664550,98.85125654,유신+대성,98.06,517893000,101.041,N
20200349774 - 01,20200326,2030 원주시 도시·주거환경정비기본계획 수립용역,강원도 원주시,PQ,596517000,589664550,98.85125654,동일+강원길,97.51,521800000,101.6613,N
20200349774 - 01,20200326,2030 원주시 도시·주거환경정비기본계획 수립용역,강원도 원주시,PQ,596517000,589664550,98.85125654,대콘+동남,97.2,536000000,104.343,N
20200351013 - 00,20200327,은척 및 이안면  지방상수도 확장사업 기본 및 실시설계용역,경상북도 상주시,PQ,1900000000,1915323500,100.8065,도화+청우+건화(청우종합),99.71,1507300000,101.4665,Y
20200351013 - 00,20200327,은척 및 이안면  지방상수도 확장사업 기본 및 실시설계용역,경상북도 상주시,PQ,1900000000,1915323500,100.8065,화신+주하,97.72,1497580000,99.2008,N
20200351013 - 00,20200327,은척 및 이안면  지방상수도 확장사업 기본 및 실시설계용역,경상북도 상주시,PQ,1900000000,1915323500,100.8065,이산+KCI,97.48,1497600000,99.0028,N
20200351013 - 00,20200327,은척 및 이안면  지방상수도 확장사업 기본 및 실시설계용역,경상북도 상주시,PQ,1900000000,1915323500,100.8065,삼안+태성,97.2,1496990000,98.7392,N
20200351013 - 00,20200327,은척 및 이안면  지방상수도 확장사업 기본 및 실시설계용역,경상북도 상주시,PQ,1900000000,1915323500,100.8065,유신+세연,95.87,1748000000,114.0802,N
20200349923 - 04,20200326,흥해읍 하수관로 정비사업(2단계) 기본 및 실시설계 용역,경상북도 포항시 맑은물사업본부,PQ,777150000,774428075,99.64975552,삼안+한도,98.08,669350000,100.2372,N
20200349923 - 04,20200326,흥해읍 하수관로 정비사업(2단계) 기본 및 실시설계 용역,경상북도 포항시 맑은물사업본부,PQ,777150000,774428075,99.64975552,한종+태성+동성,98.06,667000000,99.8853,Y
20200349923 - 04,20200326,흥해읍 하수관로 정비사업(2단계) 기본 및 실시설계 용역,경상북도 포항시 맑은물사업본부,PQ,777150000,774428075,99.64975552,이산+동진,97.82,664670000,99.4785,N
20200349923 - 04,20200326,흥해읍 하수관로 정비사업(2단계) 기본 및 실시설계 용역,경상북도 포항시 맑은물사업본부,PQ,777150000,774428075,99.64975552,건화+청우E(명성),97.81,673400000,100.7733,N
20200349923 - 04,20200326,흥해읍 하수관로 정비사업(2단계) 기본 및 실시설계 용역,경상북도 포항시 맑은물사업본부,PQ,777150000,774428075,99.64975552,동명+세원,97.71,674070000,100.8501,N
20200349923 - 04,20200326,흥해읍 하수관로 정비사업(2단계) 기본 및 실시설계 용역,경상북도 포항시 맑은물사업본부,PQ,777150000,774428075,99.64975552,도화+한주+청명,97.68,665000000,99.4816,N
20200349923 - 04,20200326,흥해읍 하수관로 정비사업(2단계) 기본 및 실시설계 용역,경상북도 포항시 맑은물사업본부,PQ,777150000,774428075,99.64975552,제일+다산,97.67,672400000,100.5886,N
20200349923 - 04,20200326,흥해읍 하수관로 정비사업(2단계) 기본 및 실시설계 용역,경상북도 포항시 맑은물사업본부,PQ,777150000,774428075,99.64975552,유신+세연,97.64,667062000,99.79,N
20200349923 - 04,20200326,흥해읍 하수관로 정비사업(2단계) 기본 및 실시설계 용역,경상북도 포항시 맑은물사업본부,PQ,777150000,774428075,99.64975552,범한+KCI,97.58,664342000,99.36,N
20200349923 - 04,20200326,흥해읍 하수관로 정비사업(2단계) 기본 및 실시설계 용역,경상북도 포항시 맑은물사업본부,PQ,777150000,774428075,99.64975552,선진+보람+청우,97.55,676180000,101.1305,N
20200349923 - 04,20200326,흥해읍 하수관로 정비사업(2단계) 기본 및 실시설계 용역,경상북도 포항시 맑은물사업본부,PQ,777150000,774428075,99.64975552,경동+보원,97.49,661150000,98.8596,N
20200349923 - 04,20200326,흥해읍 하수관로 정비사업(2단계) 기본 및 실시설계 용역,경상북도 포항시 맑은물사업본부,PQ,777150000,774428075,99.64975552,KG+한백,97.36,665798000,99.52,N
20200349923 - 04,20200326,흥해읍 하수관로 정비사업(2단계) 기본 및 실시설계 용역,경상북도 포항시 맑은물사업본부,PQ,777150000,774428075,99.64975552,화신+주하,96.52,661569000,98.6815,N
2020-0119-00,20200327,제1여객터미널 예비주차장 조성공사 실시설계용역,인천국제공항공사,PQ,1068833700,1068398150,99.95924997,도화,100,927611500,101.5115,N
2020-0119-00,20200327,제1여객터미널 예비주차장 조성공사 실시설계용역,인천국제공항공사,PQ,1068833700,1068398150,99.95924997,건화(청우+지앤비),99.9,910580000,99.6477,N
2020-0119-00,20200327,제1여객터미널 예비주차장 조성공사 실시설계용역,인천국제공항공사,PQ,1068833700,1068398150,99.95924997,동부+이산,99.88,909700000,99.5514,N
2020-0119-00,20200327,제1여객터미널 예비주차장 조성공사 실시설계용역,인천국제공항공사,PQ,1068833700,1068398150,99.95924997,동일+화신,99.5,923800000,101.0944,N
2020-0119-00,20200327,제1여객터미널 예비주차장 조성공사 실시설계용역,인천국제공항공사,PQ,1068833700,1068398150,99.95924997,제일,99.36,918270000,100.4892,N
2020-0119-00,20200327,제1여객터미널 예비주차장 조성공사 실시설계용역,인천국제공항공사,PQ,1068833700,1068398150,99.95924997,한종,98.82,914650000,100.0931,Y
2020-0119-00,20200327,제1여객터미널 예비주차장 조성공사 실시설계용역,인천국제공항공사,PQ,1068833700,1068398150,99.95924997,경호,98.72,909000000,99.4748,N
20200351093 - 00,20200327,군산시 어촌정주어항(신시도항) 개발사업 기본 및 실시설계용역,전라북도 군산시,PQ,712238000,714978375,100.3847555,세일,99.4,614499000,100.7499,Y
20200351093 - 00,20200327,군산시 어촌정주어항(신시도항) 개발사업 기본 및 실시설계용역,전라북도 군산시,PQ,712238000,714978375,100.3847555,한항,99.4,610654000,100.1195,N
20200351093 - 00,20200327,군산시 어촌정주어항(신시도항) 개발사업 기본 및 실시설계용역,전라북도 군산시,PQ,712238000,714978375,100.3847555,건화(금산),99.3,610070000,100.0004,N
20200351093 - 00,20200327,군산시 어촌정주어항(신시도항) 개발사업 기본 및 실시설계용역,전라북도 군산시,PQ,712238000,714978375,100.3847555,삼안,99.3,607860000,99.6382,N
20200351093 - 00,20200327,군산시 어촌정주어항(신시도항) 개발사업 기본 및 실시설계용역,전라북도 군산시,PQ,712238000,714978375,100.3847555,유신+한가람,99.2,608257000,99.68,N
20200351093 - 00,20200327,군산시 어촌정주어항(신시도항) 개발사업 기본 및 실시설계용역,전라북도 군산시,PQ,712238000,714978375,100.3847555,한종,99.14,609550000,99.8802,N
20200351093 - 00,20200327,군산시 어촌정주어항(신시도항) 개발사업 기본 및 실시설계용역,전라북도 군산시,PQ,712238000,714978375,100.3847555,건일,99,608230000,99.629,N
20200351093 - 00,20200327,군산시 어촌정주어항(신시도항) 개발사업 기본 및 실시설계용역,전라북도 군산시,PQ,712238000,714978375,100.3847555,대영,99,614950000,100.7298,N
20200351093 - 00,20200327,군산시 어촌정주어항(신시도항) 개발사업 기본 및 실시설계용역,전라북도 군산시,PQ,712238000,714978375,100.3847555,혜인,99,618000000,101.2294,N
20200351093 - 00,20200327,군산시 어촌정주어항(신시도항) 개발사업 기본 및 실시설계용역,전라북도 군산시,PQ,712238000,714978375,100.3847555,도화,98.5,604600000,98.9075,N
20200351093 - 00,20200327,군산시 어촌정주어항(신시도항) 개발사업 기본 및 실시설계용역,전라북도 군산시,PQ,712238000,714978375,100.3847555,항도+세광,98.21,618480000,101.0957,N
20200351093 - 00,20200327,군산시 어촌정주어항(신시도항) 개발사업 기본 및 실시설계용역,전라북도 군산시,PQ,712238000,714978375,100.3847555,서영+삼화,97.8,628600000,102.6423,N
20200350457 - 00,20200327,섬진강상류 단위유역 유역하수도정비계획 변경 수립,환경부 전북지방환경청,PQ,800000000,796350000,99.54375,이산+삼안,98.8,673300000,100.8961,N
20200350457 - 00,20200327,섬진강상류 단위유역 유역하수도정비계획 변경 수립,환경부 전북지방환경청,PQ,800000000,796350000,99.54375,도화+건화,97.72,669800000,99.9165,Y
20200350457 - 00,20200327,섬진강상류 단위유역 유역하수도정비계획 변경 수립,환경부 전북지방환경청,PQ,800000000,796350000,99.54375,동명+한종,97.63,677300000,100.9991,N
20200350457 - 00,20200327,섬진강상류 단위유역 유역하수도정비계획 변경 수립,환경부 전북지방환경청,PQ,800000000,796350000,99.54375,선진+범한,97.39,666950000,99.349,N
20200350457 - 00,20200327,섬진강상류 단위유역 유역하수도정비계획 변경 수립,환경부 전북지방환경청,PQ,800000000,796350000,99.54375,제일+경동,97.22,704000000,104.7931,N
20200350431 - 00,20200327,용담댐 단위유역 유역하수도정비계획 변경 수립,환경부 전북지방환경청,PQ,800000000,805134000,100.64175,건화+도화+경동,98.38,668000000,99.9222,N
20200350431 - 00,20200327,용담댐 단위유역 유역하수도정비계획 변경 수립,환경부 전북지방환경청,PQ,800000000,805134000,100.64175,삼안+이산,97.82,669460000,99.9015,N
20200350431 - 00,20200327,용담댐 단위유역 유역하수도정비계획 변경 수립,환경부 전북지방환경청,PQ,800000000,805134000,100.64175,한종+동명,97.76,671700000,100.2119,N
20200350431 - 00,20200327,용담댐 단위유역 유역하수도정비계획 변경 수립,환경부 전북지방환경청,PQ,800000000,805134000,100.64175,제일+선진,97.3,675900000,100.6463,Y
20200350375 - 00,20200327,광주송정~순천 단선전철 타당성조사 및 기본계획,국토교통부,종심제,6369742000,6304659200,98.97825061,동명+서현+삼보,93.54,5056300000,79.38,Y
20200350375 - 00,20200327,광주송정~순천 단선전철 타당성조사 및 기본계획,국토교통부,종심제,6369742000,6304659200,98.97825061,유신+도화+KRTC+동부,92.6046,5082000000,79.7835,N
20200350375 - 00,20200327,광주송정~순천 단선전철 타당성조사 및 기본계획,국토교통부,종심제,6369742000,6304659200,98.97825061,삼안+태조+건화+동해(셀파),91.6693,5079800000,79.7489,N
20200352037 - 00,20200327,과천정수장 고도정수처리시설 설치공사 기본 및 실시설계용역,경기도 과천시,PQ,887194000,888697825,100.1695035,한종+범한,98.2,760790000,99.834,N
20200352037 - 00,20200327,과천정수장 고도정수처리시설 설치공사 기본 및 실시설계용역,경기도 과천시,PQ,887194000,888697825,100.1695035,HEC+건화(케이아트),98.06,760500000,99.7611,N
20200352037 - 00,20200327,과천정수장 고도정수처리시설 설치공사 기본 및 실시설계용역,경기도 과천시,PQ,887194000,888697825,100.1695035,도화+KG,98.02,794200000,104.1697,Y
20200351924 - 00,20200327,성본산업단지외 2개산단 통합용수 공급시설 설치사업 건설사업관리용역,충청북도 음성군,PQ,1372544000,1383507250,100.798754,건화+영진+경원,100,1074000000,100.3255,N
20200351924 - 00,20200327,성본산업단지외 2개산단 통합용수 공급시설 설치사업 건설사업관리용역,충청북도 음성군,PQ,1372544000,1383507250,100.798754,한종+진우+지명,100,1073500000,100.2788,N
20200351924 - 00,20200327,성본산업단지외 2개산단 통합용수 공급시설 설치사업 건설사업관리용역,충청북도 음성군,PQ,1372544000,1383507250,100.798754,도화+홍익,100,1069200000,99.8771,N
20200351924 - 00,20200327,성본산업단지외 2개산단 통합용수 공급시설 설치사업 건설사업관리용역,충청북도 음성군,PQ,1372544000,1383507250,100.798754,범한+건양,100,1066880000,99.6604,N
20200351924 - 00,20200327,성본산업단지외 2개산단 통합용수 공급시설 설치사업 건설사업관리용역,충청북도 음성군,PQ,1372544000,1383507250,100.798754,삼안+창민+청우,99.97,1303940000,121.7736,Y
20200351924 - 00,20200327,성본산업단지외 2개산단 통합용수 공급시설 설치사업 건설사업관리용역,충청북도 음성군,PQ,1372544000,1383507250,100.798754,KCM+동림,99.92,1062350000,99.1609,N
20200351984 - 00,20200327,영천하이테크파크지구 오폐수처리시설 건설공사 기본 및 실시설계 용역,경상북도 영천시,PQ,711700000,713543325,100.2590031,한종+태성,98.35,612100000,100.1634,N
20200351984 - 00,20200327,영천하이테크파크지구 오폐수처리시설 건설공사 기본 및 실시설계 용역,경상북도 영천시,PQ,711700000,713543325,100.2590031,도화+세원,98.28,613000000,100.299,Y
20200351984 - 00,20200327,영천하이테크파크지구 오폐수처리시설 건설공사 기본 및 실시설계 용역,경상북도 영천시,PQ,711700000,713543325,100.2590031,이산+세연,98.22,610000000,99.7849,N
20200351984 - 00,20200327,영천하이테크파크지구 오폐수처리시설 건설공사 기본 및 실시설계 용역,경상북도 영천시,PQ,711700000,713543325,100.2590031,삼안+다산,97.9,614130000,100.3787,N
20200351984 - 00,20200327,영천하이테크파크지구 오폐수처리시설 건설공사 기본 및 실시설계 용역,경상북도 영천시,PQ,711700000,713543325,100.2590031,선진+보람,97.76,609450000,99.579,N
20200351984 - 00,20200327,영천하이테크파크지구 오폐수처리시설 건설공사 기본 및 실시설계 용역,경상북도 영천시,PQ,711700000,713543325,100.2590031,HEC+한주,97.75,609200000,99.5382,N
20200351984 - 00,20200327,영천하이테크파크지구 오폐수처리시설 건설공사 기본 및 실시설계 용역,경상북도 영천시,PQ,711700000,713543325,100.2590031,범한+KCI,97.74,612640000,100.1003,N
20200351984 - 00,20200327,영천하이테크파크지구 오폐수처리시설 건설공사 기본 및 실시설계 용역,경상북도 영천시,PQ,711700000,713543325,100.2590031,유신+동성,97.73,617748000,100.9349,N
20200351984 - 00,20200327,영천하이테크파크지구 오폐수처리시설 건설공사 기본 및 실시설계 용역,경상북도 영천시,PQ,711700000,713543325,100.2590031,건화+청우(명성),97.63,616980000,100.7742,N
20200351984 - 00,20200327,영천하이테크파크지구 오폐수처리시설 건설공사 기본 및 실시설계 용역,경상북도 영천시,PQ,711700000,713543325,100.2590031,제일+주하,97.57,608270000,99.34,N
20200351984 - 00,20200327,영천하이테크파크지구 오폐수처리시설 건설공사 기본 및 실시설계 용역,경상북도 영천시,PQ,711700000,713543325,100.2590031,KG+한백,97.33,606418000,98.98,N
20200351984 - 00,20200327,영천하이테크파크지구 오폐수처리시설 건설공사 기본 및 실시설계 용역,경상북도 영천시,PQ,711700000,713543325,100.2590031,화신+강동,96.63,639000000,104.1046,N
20200351963 - 00,20200327,영평지구 외 1개소 자연재해위험개선지구 정비사업 기본 및 실시설계 용역,경기도 포천시,PQ,1392534000,1388039625,99.67725205,KG+동진,99.06,1102045000,100.68,N
20200351963 - 00,20200327,영평지구 외 1개소 자연재해위험개선지구 정비사업 기본 및 실시설계 용역,경기도 포천시,PQ,1392534000,1388039625,99.67725205,건화+경동+수성(테크피아),98.85,1102000000,100.5097,Y
20200351963 - 00,20200327,영평지구 외 1개소 자연재해위험개선지구 정비사업 기본 및 실시설계 용역,경기도 포천시,PQ,1392534000,1388039625,99.67725205,한종+다산+JCN+정,98.74,1091900000,99.5,N
20200351963 - 00,20200327,영평지구 외 1개소 자연재해위험개선지구 정비사업 기본 및 실시설계 용역,경기도 포천시,PQ,1392534000,1388039625,99.67725205,도화+서영+삼경,98.46,1111370000,101.0435,N
20200351963 - 00,20200327,영평지구 외 1개소 자연재해위험개선지구 정비사업 기본 및 실시설계 용역,경기도 포천시,PQ,1392534000,1388039625,99.67725205,삼안+KCI+동서,98.46,1092740000,99.3497,N
20200351963 - 00,20200327,영평지구 외 1개소 자연재해위험개선지구 정비사업 기본 및 실시설계 용역,경기도 포천시,PQ,1392534000,1388039625,99.67725205,유신+동명,98.35,1092061000,99.2,N
20200351963 - 00,20200327,영평지구 외 1개소 자연재해위험개선지구 정비사업 기본 및 실시설계 용역,경기도 포천시,PQ,1392534000,1388039625,99.67725205,이산+KSM+제일,98.25,1089600000,98.9014,N
20200351963 - 00,20200327,영평지구 외 1개소 자연재해위험개선지구 정비사업 기본 및 실시설계 용역,경기도 포천시,PQ,1392534000,1388039625,99.67725205,동부+일신+한백,98.22,1121780000,101.7966,N
20200351963 - 00,20200327,영평지구 외 1개소 자연재해위험개선지구 정비사업 기본 및 실시설계 용역,경기도 포천시,PQ,1392534000,1388039625,99.67725205,경호+극동+화신,97.24,1300000000,117.0375,N
영광군 재무관 공고 제2020-59호-0,20200327,대마 전기자동차산업단지 지구·지정 및 개발실시계획용역,전라남도 영광군,PQ,1510500000,1524963075,100.9575025,삼안+우빈,98.5,1200958000,100.6995,N
영광군 재무관 공고 제2020-59호-0,20200327,대마 전기자동차산업단지 지구·지정 및 개발실시계획용역,전라남도 영광군,PQ,1510500000,1524963075,100.9575025,한종+원우+하이콘,98.04,1190000000,99.4407,N
영광군 재무관 공고 제2020-59호-0,20200327,대마 전기자동차산업단지 지구·지정 및 개발실시계획용역,전라남도 영광군,PQ,1510500000,1524963075,100.9575025,건화+한기+유신(한림+서진),97.8,1191700000,99.357,N
영광군 재무관 공고 제2020-59호-0,20200327,대마 전기자동차산업단지 지구·지정 및 개발실시계획용역,전라남도 영광군,PQ,1510500000,1524963075,100.9575025,도화+동아+우리,97.8,1214500000,101.2579,Y
영광군 재무관 공고 제2020-59호-0,20200327,대마 전기자동차산업단지 지구·지정 및 개발실시계획용역,전라남도 영광군,PQ,1510500000,1524963075,100.9575025,동명+평화,97.47,1226700000,102.0053,N
영광군 재무관 공고 제2020-59호-0,20200327,대마 전기자동차산업단지 지구·지정 및 개발실시계획용역,전라남도 영광군,PQ,1510500000,1524963075,100.9575025,수성+신명,96.28,1429824000,117.757,N
2020UMM02612020-03005-01,20200327,20-국-00부대 설계용역(B094),국군재정관리단,PQ,1612626000,1596301259,98.98769206,동부,100,1242670000,98.7996,N
2020UMM02612020-03005-01,20200327,20-국-00부대 설계용역(B094),국군재정관리단,PQ,1612626000,1596301259,98.98769206,선진,100,1246150000,99.0763,N
2020UMM02612020-03005-01,20200327,20-국-00부대 설계용역(B094),국군재정관리단,PQ,1612626000,1596301259,98.98769206,경동,99.7,1243760000,98.8863,N
2020UMM02612020-03005-01,20200327,20-국-00부대 설계용역(B094),국군재정관리단,PQ,1612626000,1596301259,98.98769206,건화(영화키스톤+영설계+한국석면+경보기술단),99.35,1245800000,99.0485,Y
2020UMM02612020-03005-01,20200327,20-국-00부대 설계용역(B094),국군재정관리단,PQ,1612626000,1596301259,98.98769206,천일,99.2,1248200000,99.2393,N
2020-02-000132-00,20200330,경부선 황간~추풍령간 황간지하차도 신설공사 감독 권한대행 등 건설사업관리용역 ,한국철도시설공단,PQ,1526069000,1510252095,98.96355243,동명+서현,100,1195700000,100.4573,N
2020-02-000132-00,20200330,경부선 황간~추풍령간 황간지하차도 신설공사 감독 권한대행 등 건설사업관리용역 ,한국철도시설공단,PQ,1526069000,1510252095,98.96355243,유신+신성,100,1188472000,99.85,N
2020-02-000132-00,20200330,경부선 황간~추풍령간 황간지하차도 신설공사 감독 권한대행 등 건설사업관리용역 ,한국철도시설공단,PQ,1526069000,1510252095,98.96355243,KRTC,100,1189060000,99.8994,N
2020-02-000132-00,20200330,경부선 황간~추풍령간 황간지하차도 신설공사 감독 권한대행 등 건설사업관리용역 ,한국철도시설공단,PQ,1526069000,1510252095,98.96355243,태조+동일,99.92,1199000000,100.6571,N
2020-02-000132-00,20200330,경부선 황간~추풍령간 황간지하차도 신설공사 감독 권한대행 등 건설사업관리용역 ,한국철도시설공단,PQ,1526069000,1510252095,98.96355243,다산+삼보,99.88,1187250000,99.6451,N
2020-02-000132-00,20200330,경부선 황간~추풍령간 황간지하차도 신설공사 감독 권한대행 등 건설사업관리용역 ,한국철도시설공단,PQ,1526069000,1510252095,98.96355243,대콘+수성,99.83,1185000000,99.4053,N
2020-02-000132-00,20200330,경부선 황간~추풍령간 황간지하차도 신설공사 감독 권한대행 등 건설사업관리용역 ,한국철도시설공단,PQ,1526069000,1510252095,98.96355243,동부+선진,99.82,1201640000,100.7883,N
2020-02-000132-00,20200330,경부선 황간~추풍령간 황간지하차도 신설공사 감독 권한대행 등 건설사업관리용역 ,한국철도시설공단,PQ,1526069000,1510252095,98.96355243,경동,99.7,1183590000,99.1728,Y
2020-02-000132-00,20200330,경부선 황간~추풍령간 황간지하차도 신설공사 감독 권한대행 등 건설사업관리용역 ,한국철도시설공단,PQ,1526069000,1510252095,98.96355243,건화+서영,99.54,1210480000,101.2835,N
2020-02-000132-00,20200330,경부선 황간~추풍령간 황간지하차도 신설공사 감독 권한대행 등 건설사업관리용역 ,한국철도시설공단,PQ,1526069000,1510252095,98.96355243,이산+천일+일신,99.5,1207600000,101.0038,N
2020-02-000132-00,20200330,경부선 황간~추풍령간 황간지하차도 신설공사 감독 권한대행 등 건설사업관리용역 ,한국철도시설공단,PQ,1526069000,1510252095,98.96355243,선구+도화,99.48,1217000000,101.777,N
2020-02-000132-00,20200330,경부선 황간~추풍령간 황간지하차도 신설공사 감독 권한대행 등 건설사업관리용역 ,한국철도시설공단,PQ,1526069000,1510252095,98.96355243,대건+삼안,98.93,1484000000,123.4914,N
20200353216 - 00,20200330,용두산 훼손지 도시생태복원사업 기본 및 실시설계용역,경상남도 밀양시,PQ,862575000,859122600,99.59975654,한종+하우,98.85,743600000,100.5271,N
20200353216 - 00,20200330,용두산 훼손지 도시생태복원사업 기본 및 실시설계용역,경상남도 밀양시,PQ,862575000,859122600,99.59975654,건화+신화,98.84,734000000,99.2293,N
20200353216 - 00,20200330,용두산 훼손지 도시생태복원사업 기본 및 실시설계용역,경상남도 밀양시,PQ,862575000,859122600,99.59975654,유신+수성,98.8,738678000,99.85,Y
20200353216 - 00,20200330,용두산 훼손지 도시생태복원사업 기본 및 실시설계용역,경상남도 밀양시,PQ,862575000,859122600,99.59975654,KG+경화,98.71,743215000,100.4399,N
20200353216 - 00,20200330,용두산 훼손지 도시생태복원사업 기본 및 실시설계용역,경상남도 밀양시,PQ,862575000,859122600,99.59975654,도화+한성,98.68,739560000,99.9343,N
20200353216 - 00,20200330,용두산 훼손지 도시생태복원사업 기본 및 실시설계용역,경상남도 밀양시,PQ,862575000,859122600,99.59975654,선진+천진,97.9,750320000,101.1878,N
20200353216 - 00,20200330,용두산 훼손지 도시생태복원사업 기본 및 실시설계용역,경상남도 밀양시,PQ,862575000,859122600,99.59975654,경호+KSM,96.45,754700000,101.401,N
20200353216 - 00,20200330,용두산 훼손지 도시생태복원사업 기본 및 실시설계용역,경상남도 밀양시,PQ,862575000,859122600,99.59975654,삼안+로텍,96.01,773300000,103.7918,N
20200353715 - 00,20200330,평지천 하천기본계획 재수립 및 자연재해위험개선지구 정비사업 실시설계용역,전라북도 고창군,PQ,1916122000,1902134350,99.27000212,동명+KSM+동성,99.35,1509300000,100.4508,N
20200353715 - 00,20200330,평지천 하천기본계획 재수립 및 자연재해위험개선지구 정비사업 실시설계용역,전라북도 고창군,PQ,1916122000,1902134350,99.27000212,삼안+KCI+삼경,99.29,1501280000,99.8661,N
20200353715 - 00,20200330,평지천 하천기본계획 재수립 및 자연재해위험개선지구 정비사업 실시설계용역,전라북도 고창군,PQ,1916122000,1902134350,99.27000212,도화+한가람,99.24,1513330000,100.6292,N
20200353715 - 00,20200330,평지천 하천기본계획 재수립 및 자연재해위험개선지구 정비사업 실시설계용역,전라북도 고창군,PQ,1916122000,1902134350,99.27000212,다산,99.2,1501180000,99.7831,Y
20200353715 - 00,20200330,평지천 하천기본계획 재수립 및 자연재해위험개선지구 정비사업 실시설계용역,전라북도 고창군,PQ,1916122000,1902134350,99.27000212,유신+보람,99.18,1517665000,100.866,N
20200353715 - 00,20200330,평지천 하천기본계획 재수립 및 자연재해위험개선지구 정비사업 실시설계용역,전라북도 고창군,PQ,1916122000,1902134350,99.27000212,건화+유현(서금+하늘),99.12,1488800000,98.8972,N
20200353715 - 00,20200330,평지천 하천기본계획 재수립 및 자연재해위험개선지구 정비사업 실시설계용역,전라북도 고창군,PQ,1916122000,1902134350,99.27000212,동부+동진+인우,99.08,1491490000,99.0507,N
20200353715 - 00,20200330,평지천 하천기본계획 재수립 및 자연재해위험개선지구 정비사업 실시설계용역,전라북도 고창군,PQ,1916122000,1902134350,99.27000212,화신+계림+현대기술,99.05,1494879000,99.2505,N
20200353715 - 00,20200330,평지천 하천기본계획 재수립 및 자연재해위험개선지구 정비사업 실시설계용역,전라북도 고창군,PQ,1916122000,1902134350,99.27000212,평화+경호+장맥,99.05,1520220000,100.933,N
20200353715 - 00,20200330,평지천 하천기본계획 재수립 및 자연재해위험개선지구 정비사업 실시설계용역,전라북도 고창군,PQ,1916122000,1902134350,99.27000212,이산+천마,99,1491000000,98.9552,N
20200353715 - 00,20200330,평지천 하천기본계획 재수립 및 자연재해위험개선지구 정비사업 실시설계용역,전라북도 고창군,PQ,1916122000,1902134350,99.27000212,한종,98.92,1527700000,101.3136,N
20200354921 - 00,20200330,국도3호선(평화로)~서부로 연결 나들목 개설사업 실시설계용역,경기도 의정부시,PQ,1480000000,1462069800,98.7885,KG+보람,99.8,1162378000,100.53,N
20200354921 - 00,20200330,국도3호선(평화로)~서부로 연결 나들목 개설사업 실시설계용역,경기도 의정부시,PQ,1480000000,1462069800,98.7885,건화+천일(건영),98,1161500000,98.9968,Y
20200354921 - 00,20200330,국도3호선(평화로)~서부로 연결 나들목 개설사업 실시설계용역,경기도 의정부시,PQ,1480000000,1462069800,98.7885,한종+동명,98,1163000000,99.1247,N
20200354921 - 00,20200330,국도3호선(평화로)~서부로 연결 나들목 개설사업 실시설계용역,경기도 의정부시,PQ,1480000000,1462069800,98.7885,동부+경동,98,1186757000,101.1495,N
20200354921 - 00,20200330,국도3호선(평화로)~서부로 연결 나들목 개설사업 실시설계용역,경기도 의정부시,PQ,1480000000,1462069800,98.7885,다산+벽산,97.7,1159950000,98.6159,N
20200354921 - 00,20200330,국도3호선(평화로)~서부로 연결 나들목 개설사업 실시설계용역,경기도 의정부시,PQ,1480000000,1462069800,98.7885,경호+홍익,97.65,1160150000,98.5957,N
20200354921 - 00,20200330,국도3호선(평화로)~서부로 연결 나들목 개설사업 실시설계용역,경기도 의정부시,PQ,1480000000,1462069800,98.7885,제일+서영+삼보,97.55,1192870000,101.3,N
20200354921 - 00,20200330,국도3호선(평화로)~서부로 연결 나들목 개설사업 실시설계용역,경기도 의정부시,PQ,1480000000,1462069800,98.7885,극동+내경,97.4,1198259000,101.6299,N
20200354921 - 00,20200330,국도3호선(평화로)~서부로 연결 나들목 개설사업 실시설계용역,경기도 의정부시,PQ,1480000000,1462069800,98.7885,이산+유신,97.4,1161200000,98.4867,N
20200354921 - 00,20200330,국도3호선(평화로)~서부로 연결 나들목 개설사업 실시설계용역,경기도 의정부시,PQ,1480000000,1462069800,98.7885,선진+대콘,97.39,1198410000,101.6299,N
20200354921 - 00,20200330,국도3호선(평화로)~서부로 연결 나들목 개설사업 실시설계용역,경기도 의정부시,PQ,1480000000,1462069800,98.7885,수성+신성+서광,97.3,1200000000,101.7009,N
20200354921 - 00,20200330,국도3호선(평화로)~서부로 연결 나들목 개설사업 실시설계용역,경기도 의정부시,PQ,1480000000,1462069800,98.7885,삼안+천마+한맥,97.25,1199880000,101.6525,N
20200354921 - 00,20200330,국도3호선(평화로)~서부로 연결 나들목 개설사업 실시설계용역,경기도 의정부시,PQ,1480000000,1462069800,98.7885,용마+도화+진우,97.1,1159900000,98.1424,N
2020-00294,20200330,(2단계)다차로 하이패스 기반시설 개량공사 기본 및 실시설계(1권역) ,한국도로공사,PQ,495282000,490059252,98.94550014,건화(테크피아),100,409400000,99.5963,N
2020-00294,20200330,(2단계)다차로 하이패스 기반시설 개량공사 기본 및 실시설계(1권역) ,한국도로공사,PQ,495282000,490059252,98.94550014,제일+바우,100,411880000,100.1997,N
2020-00294,20200330,(2단계)다차로 하이패스 기반시설 개량공사 기본 및 실시설계(1권역) ,한국도로공사,PQ,495282000,490059252,98.94550014,도화,100,415580000,101.0998,N
2020-00294,20200330,(2단계)다차로 하이패스 기반시설 개량공사 기본 및 실시설계(1권역) ,한국도로공사,PQ,495282000,490059252,98.94550014,동부,99.8,408980000,99.4702,Y
2020-00294,20200330,(2단계)다차로 하이패스 기반시설 개량공사 기본 및 실시설계(1권역) ,한국도로공사,PQ,495282000,490059252,98.94550014,용마+드림,99.04,423500000,102.9025,N
20200354586 - 00,20200330,청양군 수도정비 기본계획(변경) 수립용역,충청남도 청양군,PQ,1445000000,1434382900,99.2652526,선진+드림+청우+건양,99.97,1139330000,101.0656,Y
20200354586 - 00,20200330,청양군 수도정비 기본계획(변경) 수립용역,충청남도 청양군,PQ,1445000000,1434382900,99.2652526,건화+수성E,97.86,1137300000,99.1695,N
20200354586 - 00,20200330,청양군 수도정비 기본계획(변경) 수립용역,충청남도 청양군,PQ,1445000000,1434382900,99.2652526,동명+천마,97.8,1160700000,101.1589,N
20200354586 - 00,20200330,청양군 수도정비 기본계획(변경) 수립용역,충청남도 청양군,PQ,1445000000,1434382900,99.2652526,이산+장맥,97.7,1133390000,98.6918,N
20200354586 - 00,20200330,청양군 수도정비 기본계획(변경) 수립용역,충청남도 청양군,PQ,1445000000,1434382900,99.2652526,한종+세일,97.7,1138300000,99.1193,N
20200354586 - 00,20200330,청양군 수도정비 기본계획(변경) 수립용역,충청남도 청양군,PQ,1445000000,1434382900,99.2652526,화신+우빈,97.68,1131680000,98.5305,N
20200354586 - 00,20200330,청양군 수도정비 기본계획(변경) 수립용역,충청남도 청양군,PQ,1445000000,1434382900,99.2652526,도화+기산+계림,97.66,1165450000,101.4579,N
20200354586 - 00,20200330,청양군 수도정비 기본계획(변경) 수립용역,충청남도 청양군,PQ,1445000000,1434382900,99.2652526,삼안+한맥,97.6,1165670000,101.426,N
20200354586 - 00,20200330,청양군 수도정비 기본계획(변경) 수립용역,충청남도 청양군,PQ,1445000000,1434382900,99.2652526,KG+유신+우리,97.54,1134681000,98.68,N
20200354586 - 00,20200330,청양군 수도정비 기본계획(변경) 수립용역,충청남도 청양군,PQ,1445000000,1434382900,99.2652526,수성+경동,97.5,1169700000,101.7,N
20200354586 - 00,20200330,청양군 수도정비 기본계획(변경) 수립용역,충청남도 청양군,PQ,1445000000,1434382900,99.2652526,제일+바셈,97.42,1177500000,102.3267,N
2001141 - 00,20200330,광주00지구 도시개발사업 조사설계용역,한국토지주택공사,PQ,1311387000,1294019000,98.67560072,경동+수성+장맥,98.32,1070890000,100.5985,N
2001141 - 00,20200330,광주00지구 도시개발사업 조사설계용역,한국토지주택공사,PQ,1311387000,1294019000,98.67560072,동일+서영+(주)한종,97.56,1068800000,99.7509,N
2001141 - 00,20200330,광주00지구 도시개발사업 조사설계용역,한국토지주택공사,PQ,1311387000,1294019000,98.67560072,삼안+동해+대흥,97.45,1082169000,100.8999,N
2001141 - 00,20200330,광주00지구 도시개발사업 조사설계용역,한국토지주택공사,PQ,1311387000,1294019000,98.67560072,건화+경호+대성,97.36,1086000000,101.1828,N
2001141 - 00,20200330,광주00지구 도시개발사업 조사설계용역,한국토지주택공사,PQ,1311387000,1294019000,98.67560072,일신+유신+고려,97.27,1065628000,99.1999,Y
2001141 - 00,20200330,광주00지구 도시개발사업 조사설계용역,한국토지주택공사,PQ,1311387000,1294019000,98.67560072,도화+선진+고산,96.68,1219600000,112.9678,N
20200355466 - 00,20200331,괴산군 하수도정비 기본계획 변경용역,충청북도 괴산군,PQ,1351780000,1368302175,101.2222533,도화+건양,99.8,1068600000,101.1857,N
20200355466 - 00,20200331,괴산군 하수도정비 기본계획 변경용역,충청북도 괴산군,PQ,1351780000,1368302175,101.2222533,한종+영진,97.7,1065000000,99.1318,N
20200355466 - 00,20200331,괴산군 하수도정비 기본계획 변경용역,충청북도 괴산군,PQ,1351780000,1368302175,101.2222533,건화+청우종합,97.6,1063000000,98.871,N
20200355466 - 00,20200331,괴산군 하수도정비 기본계획 변경용역,충청북도 괴산군,PQ,1351780000,1368302175,101.2222533,삼안+홍익,97.6,1061830000,98.7622,N
20200355466 - 00,20200331,괴산군 하수도정비 기본계획 변경용역,충청북도 괴산군,PQ,1351780000,1368302175,101.2222533,동명+대원,97.5,1065728000,99.05,N
20200355466 - 00,20200331,괴산군 하수도정비 기본계획 변경용역,충청북도 괴산군,PQ,1351780000,1368302175,101.2222533,이산+동림+하이콘,97.5,1060600000,98.5734,N
20200355466 - 00,20200331,괴산군 하수도정비 기본계획 변경용역,충청북도 괴산군,PQ,1351780000,1368302175,101.2222533,화신+도우+좋은,96.78,1249900000,115.4853,Y
20200355466 - 00,20200331,괴산군 하수도정비 기본계획 변경용역,충청북도 괴산군,PQ,1351780000,1368302175,101.2222533,선진+선,97.4,1095530000,101.0959,N
20200355444 - 00,20200331,관촌지구 농어촌생활용수 개발사업 감독권한 대행 등 건설사업관리용역,전라북도 임실군,PQ,2549000000,2506992525,98.35200177,도화+한가람,100,1987250000,99.9576,N
20200355444 - 00,20200331,관촌지구 농어촌생활용수 개발사업 감독권한 대행 등 건설사업관리용역,전라북도 임실군,PQ,2549000000,2506992525,98.35200177,선진+온길+경화,99.98,1996160000,100.38,N
20200355444 - 00,20200331,관촌지구 농어촌생활용수 개발사업 감독권한 대행 등 건설사업관리용역,전라북도 임실군,PQ,2549000000,2506992525,98.35200177,경동+동운,99.95,1993687000,100.23,N
20200355444 - 00,20200331,관촌지구 농어촌생활용수 개발사업 감독권한 대행 등 건설사업관리용역,전라북도 임실군,PQ,2549000000,2506992525,98.35200177,삼안+건일,99.9,2002550000,100.6369,N
20200355444 - 00,20200331,관촌지구 농어촌생활용수 개발사업 감독권한 대행 등 건설사업관리용역,전라북도 임실군,PQ,2549000000,2506992525,98.35200177,신명+성광,99.88,2000000000,100.4959,N
20200355444 - 00,20200331,관촌지구 농어촌생활용수 개발사업 감독권한 대행 등 건설사업관리용역,전라북도 임실군,PQ,2549000000,2506992525,98.35200177,동명+더한,99.75,2019722000,101.383,N
20200355444 - 00,20200331,관촌지구 농어촌생활용수 개발사업 감독권한 대행 등 건설사업관리용역,전라북도 임실군,PQ,2549000000,2506992525,98.35200177,건양+천마,99.63,1980649500,99.32,N
20200355444 - 00,20200331,관촌지구 농어촌생활용수 개발사업 감독권한 대행 등 건설사업관리용역,전라북도 임실군,PQ,2549000000,2506992525,98.35200177,한종+세화,99.63,1976180000,99.0959,N
20200355444 - 00,20200331,관촌지구 농어촌생활용수 개발사업 감독권한 대행 등 건설사업관리용역,전라북도 임실군,PQ,2549000000,2506992525,98.35200177,경호+신한,99.61,1978350000,99.192,N
20200355444 - 00,20200331,관촌지구 농어촌생활용수 개발사업 감독권한 대행 등 건설사업관리용역,전라북도 임실군,PQ,2549000000,2506992525,98.35200177,천일+대성,99.49,1973544000,98.85,N
20200355444 - 00,20200331,관촌지구 농어촌생활용수 개발사업 감독권한 대행 등 건설사업관리용역,전라북도 임실군,PQ,2549000000,2506992525,98.35200177,동성+성원,99.47,2019722000,101.15,N
20200355444 - 00,20200331,관촌지구 농어촌생활용수 개발사업 감독권한 대행 등 건설사업관리용역,전라북도 임실군,PQ,2549000000,2506992525,98.35200177,경원+고산,99.43,1981170000,99.1813,N
20200355444 - 00,20200331,관촌지구 농어촌생활용수 개발사업 감독권한 대행 등 건설사업관리용역,전라북도 임실군,PQ,2549000000,2506992525,98.35200177,수성+국성,99.35,1978410000,98.98,N
20200355444 - 00,20200331,관촌지구 농어촌생활용수 개발사업 감독권한 대행 등 건설사업관리용역,전라북도 임실군,PQ,2549000000,2506992525,98.35200177,건화+태평(세웅),99.34,2027800000,101.438,N
20200355444 - 00,20200331,관촌지구 농어촌생활용수 개발사업 감독권한 대행 등 건설사업관리용역,전라북도 임실군,PQ,2549000000,2506992525,98.35200177,KCI+길,99.3,2033350000,101.6897,N
20200355444 - 00,20200331,관촌지구 농어촌생활용수 개발사업 감독권한 대행 등 건설사업관리용역,전라북도 임실군,PQ,2549000000,2506992525,98.35200177,홍익+유현,99.28,1971670000,98.5799,Y
20200355444 - 00,20200331,관촌지구 농어촌생활용수 개발사업 감독권한 대행 등 건설사업관리용역,전라북도 임실군,PQ,2549000000,2506992525,98.35200177,용마+아라,99.24,1972740000,98.6083,N
20200355444 - 00,20200331,관촌지구 농어촌생활용수 개발사업 감독권한 대행 등 건설사업관리용역,전라북도 임실군,PQ,2549000000,2506992525,98.35200177,이산+현성,99.2,1973800000,98.6236,N
20200355444 - 00,20200331,관촌지구 농어촌생활용수 개발사업 감독권한 대행 등 건설사업관리용역,전라북도 임실군,PQ,2549000000,2506992525,98.35200177,극동+유일,99.17,2028481000,101.33,N
20200355444 - 00,20200331,관촌지구 농어촌생활용수 개발사업 감독권한 대행 등 건설사업관리용역,전라북도 임실군,PQ,2549000000,2506992525,98.35200177,대콘+주영,99.13,2030924000,101.4262,N
20200355444 - 00,20200331,관촌지구 농어촌생활용수 개발사업 감독권한 대행 등 건설사업관리용역,전라북도 임실군,PQ,2549000000,2506992525,98.35200177,유신+가온,99.03,2039355000,101.7565,N
20200355444 - 00,20200331,관촌지구 농어촌생활용수 개발사업 감독권한 대행 등 건설사업관리용역,전라북도 임실군,PQ,2549000000,2506992525,98.35200177,동일+인우,99,2038000000,101.676,N
20200355444 - 00,20200331,관촌지구 농어촌생활용수 개발사업 감독권한 대행 등 건설사업관리용역,전라북도 임실군,PQ,2549000000,2506992525,98.35200177,범한+대도,98.98,2033000000,101.4008,N
20200355444 - 00,20200331,관촌지구 농어촌생활용수 개발사업 감독권한 대행 등 건설사업관리용역,전라북도 임실군,PQ,2549000000,2506992525,98.35200177,다산+조화+벽산,98.97,2042800000,101.8896,N
20200355444 - 00,20200331,관촌지구 농어촌생활용수 개발사업 감독권한 대행 등 건설사업관리용역,전라북도 임실군,PQ,2549000000,2506992525,98.35200177,서영+세움,98.92,2037100000,101.5536,N
20200355444 - 00,20200331,관촌지구 농어촌생활용수 개발사업 감독권한 대행 등 건설사업관리용역,전라북도 임실군,PQ,2549000000,2506992525,98.35200177,KCM+JCN,98.79,2053000000,102.2423,N
20200355444 - 00,20200331,관촌지구 농어촌생활용수 개발사업 감독권한 대행 등 건설사업관리용역,전라북도 임실군,PQ,2549000000,2506992525,98.35200177,화신+목양,98.29,2396000000,118.8415,N
20200351288 - 01,20200330,오산시 상수도관망 유지관리 용역,경기도 오산시 환경사업소,PQ,1297300000,1291248175,99.53350613,한일+도화+건화,96.04,1061530000,101.6032,Y
20200351288 - 01,20200330,오산시 상수도관망 유지관리 용역,경기도 오산시 환경사업소,PQ,1297300000,1291248175,99.53350613,한국빅텍,93,1067950000,99.0447,N
20200356886 - 00,20200331,서시천 하천재해예방사업(3단계) 실시설계 용역 ,전라남도 구례군,PQ,923620000,925003175,100.1497559,도화+하이콘,98.3,792420000,99.9069,N
20200356886 - 00,20200331,서시천 하천재해예방사업(3단계) 실시설계 용역 ,전라남도 구례군,PQ,923620000,925003175,100.1497559,평화+보원,97.51,795200000,100.0593,N
20200356886 - 00,20200331,서시천 하천재해예방사업(3단계) 실시설계 용역 ,전라남도 구례군,PQ,923620000,925003175,100.1497559,유신+동신,97.39,791071000,99.505,N
20200356886 - 00,20200331,서시천 하천재해예방사업(3단계) 실시설계 용역 ,전라남도 구례군,PQ,923620000,925003175,100.1497559,한종+현진,97.27,796200000,100.1153,N
20200356886 - 00,20200331,서시천 하천재해예방사업(3단계) 실시설계 용역 ,전라남도 구례군,PQ,923620000,925003175,100.1497559,동부+신오+우빈,97.2,790570000,99.3958,N
20200356886 - 00,20200331,서시천 하천재해예방사업(3단계) 실시설계 용역 ,전라남도 구례군,PQ,923620000,925003175,100.1497559,삼안+동아,97.18,790130000,99.329,N
20200356886 - 00,20200331,서시천 하천재해예방사업(3단계) 실시설계 용역 ,전라남도 구례군,PQ,923620000,925003175,100.1497559,건화+KCI(서영정보+원우),97.05,806500000,101.3634,Y
20200356886 - 00,20200331,서시천 하천재해예방사업(3단계) 실시설계 용역 ,전라남도 구례군,PQ,923620000,925003175,100.1497559,이산+한기,96.8,789280000,99.13,N
20200356886 - 00,20200331,서시천 하천재해예방사업(3단계) 실시설계 용역 ,전라남도 구례군,PQ,923620000,925003175,100.1497559,화신+산이,96.23,828280000,103.8837,N
20200356886 - 00,20200331,서시천 하천재해예방사업(3단계) 실시설계 용역 ,전라남도 구례군,PQ,923620000,925003175,100.1497559,KG,96.2,788000000,98.8203,N
20200356746 - 01,20200331,정선군 소규모 공공시설 안전점검 및 종합정비계획 수립 용역,강원도 정선군,PQ,1700000000,1703459500,100.2035,한종+서광+청솔,97.98,1350710000,100.1999,N
20200356746 - 01,20200331,정선군 소규모 공공시설 안전점검 및 종합정비계획 수립 용역,강원도 정선군,PQ,1700000000,1703459500,100.2035,이산+삼경+고려,97.94,1359400000,100.8191,Y
20200356746 - 01,20200331,정선군 소규모 공공시설 안전점검 및 종합정비계획 수립 용역,강원도 정선군,PQ,1700000000,1703459500,100.2035,삼안+정+동남,97.93,1344479000,99.7,N
20200356746 - 01,20200331,정선군 소규모 공공시설 안전점검 및 종합정비계획 수립 용역,강원도 정선군,PQ,1700000000,1703459500,100.2035,도화+진화+정원,97.66,1341670000,99.2789,N
20200356746 - 01,20200331,정선군 소규모 공공시설 안전점검 및 종합정비계획 수립 용역,강원도 정선군,PQ,1700000000,1703459500,100.2035,KG+일신+강원E,97.61,1341650000,99.24,N
20200356746 - 01,20200331,정선군 소규모 공공시설 안전점검 및 종합정비계획 수립 용역,강원도 정선군,PQ,1700000000,1703459500,100.2035,KSM+삼주+서경+동명,97.55,1363477000,100.8038,N
20200356746 - 01,20200331,정선군 소규모 공공시설 안전점검 및 종합정비계획 수립 용역,강원도 정선군,PQ,1700000000,1703459500,100.2035,건화+미래+동서+KCI,97.51,1339800000,99.016,N
20200356746 - 01,20200331,정선군 소규모 공공시설 안전점검 및 종합정비계획 수립 용역,강원도 정선군,PQ,1700000000,1703459500,100.2035,동부+경원+한울,97.35,1373515000,101.3803,N
20200356746 - 01,20200331,정선군 소규모 공공시설 안전점검 및 종합정비계획 수립 용역,강원도 정선군,PQ,1700000000,1703459500,100.2035,화신+경동+태성+서윤,97.05,1379480000,101.5784,N
20200356746 - 01,20200331,정선군 소규모 공공시설 안전점검 및 종합정비계획 수립 용역,강원도 정선군,PQ,1700000000,1703459500,100.2035,극동+국일+강원길,96.82,1387806000,101.9999,N
20200356746 - 01,20200331,정선군 소규모 공공시설 안전점검 및 종합정비계획 수립 용역,강원도 정선군,PQ,1700000000,1703459500,100.2035,유신+현산+승이엔지,94.16,1527900000,109.9608,N
20200356687 - 00,20200331,안성소하천 외 1개천 정비사업 통합건설사업관리용역,전라남도 나주시,PQ,1621000000,1596231175,98.47200339,이산+영진,100,1268800000,100.356,N
20200356687 - 00,20200331,안성소하천 외 1개천 정비사업 통합건설사업관리용역,전라남도 나주시,PQ,1621000000,1596231175,98.47200339,건화+진성,99.87,1267000000,100.0981,N
20200356687 - 00,20200331,안성소하천 외 1개천 정비사업 통합건설사업관리용역,전라남도 나주시,PQ,1621000000,1596231175,98.47200339,도화+우리,99.7,1262250000,99.5826,N
20200356687 - 00,20200331,안성소하천 외 1개천 정비사업 통합건설사업관리용역,전라남도 나주시,PQ,1621000000,1596231175,98.47200339,극동+원우,99.67,1275852000,100.6299,N
20200356687 - 00,20200331,안성소하천 외 1개천 정비사업 통합건설사업관리용역,전라남도 나주시,PQ,1621000000,1596231175,98.47200339,동성+평화,99.67,1257722000,99.2,N
20200356687 - 00,20200331,안성소하천 외 1개천 정비사업 통합건설사업관리용역,전라남도 나주시,PQ,1621000000,1596231175,98.47200339,동아+삼안,99.67,1261500000,99.498,N
20200356687 - 00,20200331,안성소하천 외 1개천 정비사업 통합건설사업관리용역,전라남도 나주시,PQ,1621000000,1596231175,98.47200339,천일+하이콘+우빈,99.67,1270350000,100.196,N
20200356687 - 00,20200331,안성소하천 외 1개천 정비사업 통합건설사업관리용역,전라남도 나주시,PQ,1621000000,1596231175,98.47200339,한종+신오,99.67,1266600000,99.9002,N
20200356687 - 00,20200331,안성소하천 외 1개천 정비사업 통합건설사업관리용역,전라남도 나주시,PQ,1621000000,1596231175,98.47200339,서영+신촌+서진,99.66,1281820000,101.1007,N
20200356687 - 00,20200331,안성소하천 외 1개천 정비사업 통합건설사업관리용역,전라남도 나주시,PQ,1621000000,1596231175,98.47200339,수성+원진,99.64,1253999999,98.8811,Y
20200356574 - 00,20200331,서귀포시 노후하수관로 정밀조사 용역,제주특별자치도 상하수도본부,PQ,588180000,587024300,99.80351253,이산,100,504890000,100.4028,N
20200356574 - 00,20200331,서귀포시 노후하수관로 정밀조사 용역,제주특별자치도 상하수도본부,PQ,588180000,587024300,99.80351253,범한,99.8,505680000,100.5011,N
20200356574 - 00,20200331,서귀포시 노후하수관로 정밀조사 용역,제주특별자치도 상하수도본부,PQ,588180000,587024300,99.80351253,한종,99.8,502660000,99.9009,Y
20200356574 - 00,20200331,서귀포시 노후하수관로 정밀조사 용역,제주특별자치도 상하수도본부,PQ,588180000,587024300,99.80351253,삼안,99.68,501270000,99.5897,N
20200356574 - 00,20200331,서귀포시 노후하수관로 정밀조사 용역,제주특별자치도 상하수도본부,PQ,588180000,587024300,99.80351253,건화,99.38,507400000,100.737,N
20200356574 - 00,20200331,서귀포시 노후하수관로 정밀조사 용역,제주특별자치도 상하수도본부,PQ,588180000,587024300,99.80351253,제일,99.22,510980000,101.4004,N
20200356574 - 00,20200331,서귀포시 노후하수관로 정밀조사 용역,제주특별자치도 상하수도본부,PQ,588180000,587024300,99.80351253,동명,99.14,499950000,99.2,N
20200356574 - 00,20200331,서귀포시 노후하수관로 정밀조사 용역,제주특별자치도 상하수도본부,PQ,588180000,587024300,99.80351253,선진+에코,98.25,530037000,104.9249,N
2001208 - 00,20200331,고양향동 공공주택지구 사후환경영향조사(운영시) 용역,한국토지주택공사,PQ,731830000,732823000,100.1356872,동아+서영+퍼스트,99.49,628500000,100.2985,Y
2001208 - 00,20200331,고양향동 공공주택지구 사후환경영향조사(운영시) 용역,한국토지주택공사,PQ,731830000,732823000,100.1356872,도화+신일,99.38,626850000,100.0002,N
2001208 - 00,20200331,고양향동 공공주택지구 사후환경영향조사(운영시) 용역,한국토지주택공사,PQ,731830000,732823000,100.1356872,동부+세광+CNS,99.24,630300000,100.5153,N
2001208 - 00,20200331,고양향동 공공주택지구 사후환경영향조사(운영시) 용역,한국토지주택공사,PQ,731830000,732823000,100.1356872,경동+삼안+중앙방재,99.18,629990000,100.4424,N
2001208 - 00,20200331,고양향동 공공주택지구 사후환경영향조사(운영시) 용역,한국토지주택공사,PQ,731830000,732823000,100.1356872,건화+우신,99.14,624600000,99.5715,N
2001208 - 00,20200331,고양향동 공공주택지구 사후환경영향조사(운영시) 용역,한국토지주택공사,PQ,731830000,732823000,100.1356872,동일+다원,99.07,631800000,100.6958,N
2001208 - 00,20200331,고양향동 공공주택지구 사후환경영향조사(운영시) 용역,한국토지주택공사,PQ,731830000,732823000,100.1356872,KG+한맥+천일+레오,98.97,631472000,100.62,N
2001208 - 00,20200331,고양향동 공공주택지구 사후환경영향조사(운영시) 용역,한국토지주택공사,PQ,731830000,732823000,100.1356872,동성+DS+덕영,98.95,627266000,99.9382,N
2001208 - 00,20200331,고양향동 공공주택지구 사후환경영향조사(운영시) 용역,한국토지주택공사,PQ,731830000,732823000,100.1356872,신성+홍익+중천,98.72,624480000,99.4363,N
2001208 - 00,20200331,고양향동 공공주택지구 사후환경영향조사(운영시) 용역,한국토지주택공사,PQ,731830000,732823000,100.1356872,이산+휴먼+태영,98.7,623688000,99.2987,N
2001208 - 00,20200331,고양향동 공공주택지구 사후환경영향조사(운영시) 용역,한국토지주택공사,PQ,731830000,732823000,100.1356872,선진+한국환경,98.66,633757000,100.89,N
2001208 - 00,20200331,고양향동 공공주택지구 사후환경영향조사(운영시) 용역,한국토지주택공사,PQ,731830000,732823000,100.1356872,대콘+수성+보드+국토,98.58,633700000,100.8574,N
2001208 - 00,20200331,고양향동 공공주택지구 사후환경영향조사(운영시) 용역,한국토지주택공사,PQ,731830000,732823000,100.1356872,동명+대현+동진,98.51,636500000,101.2795,N
2001208 - 00,20200331,고양향동 공공주택지구 사후환경영향조사(운영시) 용역,한국토지주택공사,PQ,731830000,732823000,100.1356872,평화+엔탑,97.29,638830000,101.2964,N
2001208 - 00,20200331,고양향동 공공주택지구 사후환경영향조사(운영시) 용역,한국토지주택공사,PQ,731830000,732823000,100.1356872,유신+예평+동해,96.89,656610000,103.995,N
20200356459 - 00,20200331,제주시 노후하수관로 정밀조사 용역,제주특별자치도 상하수도본부,PQ,644830000,646638775,100.2805042,이산,100,553720000,100.4394,Y
20200356459 - 00,20200331,제주시 노후하수관로 정밀조사 용역,제주특별자치도 상하수도본부,PQ,644830000,646638775,100.2805042,범한,99.8,554380000,100.5004,N
20200356459 - 00,20200331,제주시 노후하수관로 정밀조사 용역,제주특별자치도 상하수도본부,PQ,644830000,646638775,100.2805042,한종,99.77,551150000,99.9032,N
20200356459 - 00,20200331,제주시 노후하수관로 정밀조사 용역,제주특별자치도 상하수도본부,PQ,644830000,646638775,100.2805042,삼안,99.68,549780000,99.6315,N
20200356459 - 00,20200331,제주시 노후하수관로 정밀조사 용역,제주특별자치도 상하수도본부,PQ,644830000,646638775,100.2805042,건화,99.38,556300000,100.7425,N
20200356459 - 00,20200331,제주시 노후하수관로 정밀조사 용역,제주특별자치도 상하수도본부,PQ,644830000,646638775,100.2805042,제일,99.16,561370000,101.72,N
20200356459 - 00,20200331,제주시 노후하수관로 정밀조사 용역,제주특별자치도 상하수도본부,PQ,644830000,646638775,100.2805042,동명,99.14,548100000,99.1996,N
20200356459 - 00,20200331,제주시 노후하수관로 정밀조사 용역,제주특별자치도 상하수도본부,PQ,644830000,646638775,100.2805042,선진+에코,98.25,581088000,104.9251,N
20200356253 - 00,20200331,대덕특구 동측진입로 개설 기본설계용역,대전광역시 건설관리본부,PQ,1277100000,1287562700,100.8192546,동명+천일+선구,98.31,1011005000,100.1,N
20200356253 - 00,20200331,대덕특구 동측진입로 개설 기본설계용역,대전광역시 건설관리본부,PQ,1277100000,1287562700,100.8192546,도화+건화+극동+신화+드림,98.23,1021200000,101.0456,Y
20200356253 - 00,20200331,대덕특구 동측진입로 개설 기본설계용역,대전광역시 건설관리본부,PQ,1277100000,1287562700,100.8192546,유신,98,1007359000,99.5,N
20200356253 - 00,20200331,대덕특구 동측진입로 개설 기본설계용역,대전광역시 건설관리본부,PQ,1277100000,1287562700,100.8192546,홍익,97.63,1028610000,101.2924,N
20200356253 - 00,20200331,대덕특구 동측진입로 개설 기본설계용역,대전광역시 건설관리본부,PQ,1277100000,1287562700,100.8192546,이산,97.51,1008000000,99.163,N
20200356253 - 00,20200331,대덕특구 동측진입로 개설 기본설계용역,대전광역시 건설관리본부,PQ,1277100000,1287562700,100.8192546,한종,97.38,1031000000,101.3239,N
20200356253 - 00,20200331,대덕특구 동측진입로 개설 기본설계용역,대전광역시 건설관리본부,PQ,1277100000,1287562700,100.8192546,경동+윤성,97.23,1004746000,98.6199,N
20200356253 - 00,20200331,대덕특구 동측진입로 개설 기본설계용역,대전광역시 건설관리본부,PQ,1277100000,1287562700,100.8192546,KG+동양,96.29,1041661000,101.48,N
20200356253 - 00,20200331,대덕특구 동측진입로 개설 기본설계용역,대전광역시 건설관리본부,PQ,1277100000,1287562700,100.8192546,용마+한맥,95.99,1008790000,98.0459,N
20200356153 - 00,20200331,광양항 묘도 항만재개발 오폐수종말처리시설 설치공사 기본 및 실시설계용역,해양수산부 여수지방해양수산청,PQ,570000000,567406500,99.545,건화(아라),100,485300000,99.5852,Y
20200356153 - 00,20200331,광양항 묘도 항만재개발 오폐수종말처리시설 설치공사 기본 및 실시설계용역,해양수산부 여수지방해양수산청,PQ,570000000,567406500,99.545,한종,99.8,486100000,99.7493,N
20200356153 - 00,20200331,광양항 묘도 항만재개발 오폐수종말처리시설 설치공사 기본 및 실시설계용역,해양수산부 여수지방해양수산청,PQ,570000000,567406500,99.545,도화+산하,99.79,485100000,99.5441,N
20200356153 - 00,20200331,광양항 묘도 항만재개발 오폐수종말처리시설 설치공사 기본 및 실시설계용역,해양수산부 여수지방해양수산청,PQ,570000000,567406500,99.545,삼안,99.71,486640000,99.8602,N
20200356153 - 00,20200331,광양항 묘도 항만재개발 오폐수종말처리시설 설치공사 기본 및 실시설계용역,해양수산부 여수지방해양수산청,PQ,570000000,567406500,99.545,유신,99.3,490339000,100.6192,N
20200356153 - 00,20200331,광양항 묘도 항만재개발 오폐수종말처리시설 설치공사 기본 및 실시설계용역,해양수산부 여수지방해양수산청,PQ,570000000,567406500,99.545,동명+한기,99.16,487078000,99.95,N
20200356153 - 00,20200331,광양항 묘도 항만재개발 오폐수종말처리시설 설치공사 기본 및 실시설계용역,해양수산부 여수지방해양수산청,PQ,570000000,567406500,99.545,이산,99.07,489770000,100.5024,N
20200356153 - 00,20200331,광양항 묘도 항만재개발 오폐수종말처리시설 설치공사 기본 및 실시설계용역,해양수산부 여수지방해양수산청,PQ,570000000,567406500,99.545,제일+평화,98.48,488250000,100.1905,N
20200356153 - 00,20200331,광양항 묘도 항만재개발 오폐수종말처리시설 설치공사 기본 및 실시설계용역,해양수산부 여수지방해양수산청,PQ,570000000,567406500,99.545,범한,99.35,498000000,102.1196,N
2001205 - 00,20200331,고양창릉 공공주택지구 조성사업 환경영향평가용역,한국토지주택공사,PQ,2409440000,2408746000,99.97119663,선진+한종+우신,99.71,1951430000,100.98,Y
2001205 - 00,20200331,고양창릉 공공주택지구 조성사업 환경영향평가용역,한국토지주택공사,PQ,2409440000,2408746000,99.97119663,신성+도화+엔탑,99.07,1936000000,99.6226,N
2001205 - 00,20200331,고양창릉 공공주택지구 조성사업 환경영향평가용역,한국토지주택공사,PQ,2409440000,2408746000,99.97119663,동아+서영+건일+퍼스트,98.77,1937400000,99.4358,N
2001205 - 00,20200331,고양창릉 공공주택지구 조성사업 환경영향평가용역,한국토지주택공사,PQ,2409440000,2408746000,99.97119663,동일+한맥+동성+다원,97.94,1988000000,101.3062,N
2001205 - 00,20200331,고양창릉 공공주택지구 조성사업 환경영향평가용역,한국토지주택공사,PQ,2409440000,2408746000,99.97119663,삼안+건화+경동+레오,97.37,1993420000,101.0859,N
2001205 - 00,20200331,고양창릉 공공주택지구 조성사업 환경영향평가용역,한국토지주택공사,PQ,2409440000,2408746000,99.97119663,유신+예평+동해,95.7,2168100000,108.4074,N
2001205 - 00,20200331,고양창릉 공공주택지구 조성사업 환경영향평가용역,한국토지주택공사,PQ,2409440000,2408746000,99.97119663,이산+수성+보드플랜,92.92,2050000000,100.1495,N
20200356062 - 00,20200331,광양항 묘도 송배수시설 기본 및 실시설계용역,해양수산부 여수지방해양수산청,PQ,1200000000,1193823000,99.48525,도화+산하,100,961800000,100.1938,Y
20200356062 - 00,20200331,광양항 묘도 송배수시설 기본 및 실시설계용역,해양수산부 여수지방해양수산청,PQ,1200000000,1193823000,99.48525,건화(예당),99.15,972980000,101.3584,N
20200356062 - 00,20200331,광양항 묘도 송배수시설 기본 및 실시설계용역,해양수산부 여수지방해양수산청,PQ,1200000000,1193823000,99.48525,범한,99.24,958600000,99.4502,N
20200356062 - 00,20200331,광양항 묘도 송배수시설 기본 및 실시설계용역,해양수산부 여수지방해양수산청,PQ,1200000000,1193823000,99.48525,삼안+수성,98.15,967560000,100.1802,N
20200356062 - 00,20200331,광양항 묘도 송배수시설 기본 및 실시설계용역,해양수산부 여수지방해양수산청,PQ,1200000000,1193823000,99.48525,동명+원우,96.25,995270000,101.2503,N
20200356062 - 00,20200331,광양항 묘도 송배수시설 기본 및 실시설계용역,해양수산부 여수지방해양수산청,PQ,1200000000,1193823000,99.48525,유신+하이콘+KG,94.22,1104000000,110.4906,N
2020-02-000161-00,20200331,인덕원~동탄 복선전철 제11공구 노반 실시설계용역 (입찰순번 6번),한국철도시설공단,PQ,1694000000,1705526187,100.6804125,서현+삼보+동명,99.38,1334630000,100.4599,N
2020-02-000161-00,20200331,인덕원~동탄 복선전철 제11공구 노반 실시설계용역 (입찰순번 6번),한국철도시설공단,PQ,1694000000,1705526187,100.6804125,도화+유신+KRTC+동해,98.15,1359100000,101.1922,N
2020-02-000161-00,20200331,인덕원~동탄 복선전철 제11공구 노반 실시설계용역 (입찰순번 6번),한국철도시설공단,PQ,1694000000,1705526187,100.6804125,동일+태조+이산+천일,97.83,1340000000,99.4815,N
2020-02-000161-00,20200331,인덕원~동탄 복선전철 제11공구 노반 실시설계용역 (입찰순번 6번),한국철도시설공단,PQ,1694000000,1705526187,100.6804125,삼안_수성+대콘+동부,97.38,1369720000,101.293,Y
2020-02-000161-00,20200331,인덕원~동탄 복선전철 제11공구 노반 실시설계용역 (입찰순번 6번),한국철도시설공단,PQ,1694000000,1705526187,100.6804125,한종+서영+KG,97.13,1377000000,101.6023,N
2020-02-000160-00,20200331,인덕원~동탄 복선전철 제10공구 노반 실시설계용역 (입찰순번 2번) ,한국철도시설공단,PQ,2383000000,2367397307,99.34524998,건화+신성+제일+평화(테크피아),98.78,1893900000,100.7996,N
2020-02-000160-00,20200331,인덕원~동탄 복선전철 제10공구 노반 실시설계용역 (입찰순번 2번) ,한국철도시설공단,PQ,2383000000,2367397307,99.34524998,태조+동일+천일+이산,98.38,1882212000,99.823,N
2020-02-000160-00,20200331,인덕원~동탄 복선전철 제10공구 노반 실시설계용역 (입찰순번 2번) ,한국철도시설공단,PQ,2383000000,2367397307,99.34524998,동해+유신+도화+KRTC,98.09,1881000000,99.4947,Y
2020-02-000160-00,20200331,인덕원~동탄 복선전철 제10공구 노반 실시설계용역 (입찰순번 2번) ,한국철도시설공단,PQ,2383000000,2367397307,99.34524998,서현+삼보+동명,97.54,1915500000,100.8366,N
20200357089 - 00,20200331,원주시 하수도정비 기본계획(변경) 수립용역,강원도 원주시 상하수도사업소,PQ,2125000000,2096344400,98.65150118,삼안+미래+일신+수성,98.69,1683990000,100.5221,N
20200357089 - 00,20200331,원주시 하수도정비 기본계획(변경) 수립용역,강원도 원주시 상하수도사업소,PQ,2125000000,2096344400,98.65150118,동명+화신+고려,97.97,1677776000,99.5702,Y
20200357089 - 00,20200331,원주시 하수도정비 기본계획(변경) 수립용역,강원도 원주시 상하수도사업소,PQ,2125000000,2096344400,98.65150118,한종+서광+동서,97.82,1702400000,100.9043,N
20200357089 - 00,20200331,원주시 하수도정비 기본계획(변경) 수립용역,강원도 원주시 상하수도사업소,PQ,2125000000,2096344400,98.65150118,건화+정+정원,97.79,1678400000,99.4567,N
20200357089 - 00,20200331,원주시 하수도정비 기본계획(변경) 수립용역,강원도 원주시 상하수도사업소,PQ,2125000000,2096344400,98.65150118,이산+제일+진화+성우,97.5,0,0,N
20200357089 - 00,20200331,원주시 하수도정비 기본계획(변경) 수립용역,강원도 원주시 상하수도사업소,PQ,2125000000,2096344400,98.65150118,도화+삼주+삼경,97.5,1705300000,100.8222,N
20200357089 - 00,20200331,원주시 하수도정비 기본계획(변경) 수립용역,강원도 원주시 상하수도사업소,PQ,2125000000,2096344400,98.65150118,범한+대성+경원,97.25,1800000000,106.2076,N
20200357058 - 00,20200331,서산시 수도정비기본계획(변경) 및 물수요관리 시행계획 수립용역,충청남도 서산시,PQ,1591000000,1593112100,100.132753,도화+경동+이산+장맥+천마,99.62,1254300000,100.7569,Y
20200357058 - 00,20200331,서산시 수도정비기본계획(변경) 및 물수요관리 시행계획 수립용역,충청남도 서산시,PQ,1591000000,1593112100,100.132753,동명+드림,97.7,1255600000,99.3003,N
20200357058 - 00,20200331,서산시 수도정비기본계획(변경) 및 물수요관리 시행계획 수립용역,충청남도 서산시,PQ,1591000000,1593112100,100.132753,KG+우리,97.56,1248410000,98.62,N
20200357058 - 00,20200331,서산시 수도정비기본계획(변경) 및 물수요관리 시행계획 수립용역,충청남도 서산시,PQ,1591000000,1593112100,100.132753,한종+수성E,97.56,1280600000,101.1629,N
20200357058 - 00,20200331,서산시 수도정비기본계획(변경) 및 물수요관리 시행계획 수립용역,충청남도 서산시,PQ,1591000000,1593112100,100.132753,경호+계림+KCI,97.46,1250650000,98.7225,N
20200357058 - 00,20200331,서산시 수도정비기본계획(변경) 및 물수요관리 시행계획 수립용역,충청남도 서산시,PQ,1591000000,1593112100,100.132753,건화+세일,97.4,1250000000,98.6217,N
20200357058 - 00,20200331,서산시 수도정비기본계획(변경) 및 물수요관리 시행계획 수립용역,충청남도 서산시,PQ,1591000000,1593112100,100.132753,건양+우빈+화신,97.4,1253781000,98.92,N
20200357058 - 00,20200331,서산시 수도정비기본계획(변경) 및 물수요관리 시행계획 수립용역,충청남도 서산시,PQ,1591000000,1593112100,100.132753,삼안+한맥,97.4,1285680000,101.4367,N
20200357058 - 00,20200331,서산시 수도정비기본계획(변경) 및 물수요관리 시행계획 수립용역,충청남도 서산시,PQ,1591000000,1593112100,100.132753,선진+바셈+유신,97.34,1288900000,101.6397,N
20200357058 - 00,20200331,서산시 수도정비기본계획(변경) 및 물수요관리 시행계획 수립용역,충청남도 서산시,PQ,1591000000,1593112100,100.132753,제일+기산+HEC,97.03,1300500000,102.2978,N
2020-02-000166-00,20200331,춘천~속초 단선전철 제8공구 노반 기본설계용역 ,한국철도시설공단,종심제,2793000000,2791560068,99.94844497,삼보+서현+동명,93.12,2205500000,78.9653,N
2020-02-000166-00,20200331,춘천~속초 단선전철 제8공구 노반 기본설계용역 ,한국철도시설공단,종심제,2793000000,2791560068,99.94844497,동일+천일+태조+이산,92.19,2189000000,78.3745,N
2020-02-000166-00,20200331,춘천~속초 단선전철 제8공구 노반 기본설계용역 ,한국철도시설공단,종심제,2793000000,2791560068,99.94844497,삼안+대콘+수성+동부,91.26,2189000000,78.3745,Y
2020-02-000166-00,20200331,춘천~속초 단선전철 제8공구 노반 기본설계용역 ,한국철도시설공단,종심제,2793000000,2791560068,99.94844497,선구+제일+신성+건화+평화,90.33,2189000000,78.3745,N
2020-02-000166-00,20200331,춘천~속초 단선전철 제8공구 노반 기본설계용역 ,한국철도시설공단,종심제,2793000000,2791560068,99.94844497,한종+서영+KG+동해,89.4,2185000000,78.2313,N
2020-02-000159-00 ,20200331,인덕원~동탄 복선전철 제8공구 노반 실시설계용역 (입찰순번 7번),한국철도시설공단,PQ,1579000000,1581866989,100.1815699,KRTC+도화+유신,98.38,1253100000,100.2974,N
2020-02-000159-00 ,20200331,인덕원~동탄 복선전철 제8공구 노반 실시설계용역 (입찰순번 7번),한국철도시설공단,PQ,1579000000,1581866989,100.1815699,신성+서영+선구+건화+제일,98.33,1257580000,100.6052,N
2020-02-000159-00 ,20200331,인덕원~동탄 복선전철 제8공구 노반 실시설계용역 (입찰순번 7번),한국철도시설공단,PQ,1579000000,1581866989,100.1815699,천일+이산+동일+태조,98.31,1253600000,100.2741,Y
2020-02-000159-00 ,20200331,인덕원~동탄 복선전철 제8공구 노반 실시설계용역 (입찰순번 7번),한국철도시설공단,PQ,1579000000,1581866989,100.1815699,동명+삼보+서현,98.23,1257400000,100.5019,N
2020-02-000155-00,20200331,인덕원~동탄 복선전철 제2공구 노반 실시설계용역,한국철도시설공단,종심제,3225000000,3198961510,99.19260496,도화+KRTC+유신,94.12,2525760000,78.3181,N
2020-02-000155-00,20200331,인덕원~동탄 복선전철 제2공구 노반 실시설계용역,한국철도시설공단,종심제,3225000000,3198961510,99.19260496,대콘+삼안+수성+동부,93.18,2530000000,78.4496,Y
2020-02-000155-00,20200331,인덕원~동탄 복선전철 제2공구 노반 실시설계용역,한국철도시설공단,종심제,3225000000,3198961510,99.19260496,신성+건화+제일+선구+평화,92.24,2528400000,78.4,N
2020-02-000162-00,20200331,춘천~속초 단선전철 제2공구 노반 기본설계용역 ,한국철도시설공단,종심제,4139000000,4147274998,100.1999275,KRTC+도화+유신,97.8,3245000000,78.4006,Y
2020-02-000162-00,20200331,춘천~속초 단선전철 제2공구 노반 기본설계용역 ,한국철도시설공단,종심제,4139000000,4147274998,100.1999275,동부+대콘+삼안+수성,90.88,3245000000,78.4006,N
2020-02-000162-00,20200331,춘천~속초 단선전철 제2공구 노반 기본설계용역 ,한국철도시설공단,종심제,4139000000,4147274998,100.1999275,천일+태조+이산+동일,89.96,3245000000,78.4006,N
2020-02-000162-00,20200331,춘천~속초 단선전철 제2공구 노반 기본설계용역 ,한국철도시설공단,종심제,4139000000,4147274998,100.1999275,제일+건화+신성+평화,89.04,3245000000,78.4006,N
2020-02-000158-00,20200331,인덕원~동탄 복선전철 제5공구 노반 실시설계용역 (입찰순번 4번) ,한국철도시설공단,PQ,2233000000,2237501336,100.2015824,이산+태조+동일+천일,98.58,1768700000,100.2815,Y
2020-02-000158-00,20200331,인덕원~동탄 복선전철 제5공구 노반 실시설계용역 (입찰순번 4번) ,한국철도시설공단,PQ,2233000000,2237501336,100.2015824,동명+서현+삼보,98.5,1760240000,99.7261,N
2020-02-000158-00,20200331,인덕원~동탄 복선전철 제5공구 노반 실시설계용역 (입찰순번 4번) ,한국철도시설공단,PQ,2233000000,2237501336,100.2015824,도화+KRTC+유신+동해,98.41,1787500000,101.1937,N
2020-02-000158-00,20200331,인덕원~동탄 복선전철 제5공구 노반 실시설계용역 (입찰순번 4번) ,한국철도시설공단,PQ,2233000000,2237501336,100.2015824,선구+제일+건화+신성,98.04,1760000000,99.3104,N
2020-02-000163-00,20200331,춘천~속초 단선전철 제4공구 노반 기본설계용역 ,한국철도시설공단,종심제,4429000000,4406456278,99.49099747,도화+KRTC+유신,95.03,3468700000,78.3179,Y
2020-02-000163-00,20200331,춘천~속초 단선전철 제4공구 노반 기본설계용역 ,한국철도시설공단,종심제,4429000000,4406456278,99.49099747,이산+천일+태조+동일,94.08,3500000000,79.0246,N
2020-02-000163-00,20200331,춘천~속초 단선전철 제4공구 노반 기본설계용역 ,한국철도시설공단,종심제,4429000000,4406456278,99.49099747,건화+제일+신성+선구+평화,93.13,3476000000,78.4827,N
2020-02-000157-00 ,20200331,인덕원~동탄 복선전철 제4공구 노반 실시설계용역 (입찰순번 3번),한국철도시설공단,PQ,2324000000,2311615113,99.46708748,동부+수성+대콘+삼안,99.03,1833636000,100.286,Y
2020-02-000157-00 ,20200331,인덕원~동탄 복선전철 제4공구 노반 실시설계용역 (입찰순번 3번),한국철도시설공단,PQ,2324000000,2311615113,99.46708748,KRTC+유신+도화+동해,98.38,1852180000,100.7241,N
2020-02-000157-00 ,20200331,인덕원~동탄 복선전철 제4공구 노반 실시설계용역 (입찰순번 3번),한국철도시설공단,PQ,2324000000,2311615113,99.46708748,삼보+동명+서현+KCI+KG,97.31,2100000000,113.1286,N
2020-02-000154-00,20200331,인덕원~동탄 복선전철 제3공구 노반 실시설계용역 (입찰순번 8번),한국철도시설공단,PQ,1453000000,1444748667,99.43211748,제일+건화+신성+선구,99.38,1366000000,119.8755,Y
2020-02-000154-00,20200331,인덕원~동탄 복선전철 제3공구 노반 실시설계용역 (입찰순번 8번),한국철도시설공단,PQ,1453000000,1444748667,99.43211748,유신+도화+KRTC,98.4,1144528000,99.5639,N
2020-02-000153-00 ,20200331,인덕원~동탄 복선전철 제6공구 노반 실시설계용역 (입찰순번 5번),한국철도시설공단,PQ,1832000000,1832132728,100.007245,동일+이산+태조+천일,98.46,1462300000,100.942,Y
2020-02-000153-00 ,20200331,인덕원~동탄 복선전철 제6공구 노반 실시설계용역 (입찰순번 5번),한국철도시설공단,PQ,1832000000,1832132728,100.007245,대콘+수성+동부+삼안,98.44,1471500000,101.5642,N
2020-02-000153-00 ,20200331,인덕원~동탄 복선전철 제6공구 노반 실시설계용역 (입찰순번 5번),한국철도시설공단,PQ,1832000000,1832132728,100.007245,삼보+동명+서현,98.38,1447250000,99.84,N
2020-02-000153-00 ,20200331,인덕원~동탄 복선전철 제6공구 노반 실시설계용역 (입찰순번 5번),한국철도시설공단,PQ,1832000000,1832132728,100.007245,유신+도화+KRTC+동해,98.23,1612160000,111.062,N
2020-02-000152-00,20200331,인덕원~동탄 복선전철 제7공구 노반 실시설계용역 (입찰순번 1번),한국철도시설공단,PQ,2421000000,2405056988,99.34146997,수성+대콘+동부+삼안,98.8,1937224280,101.5,N
2020-02-000152-00,20200331,인덕원~동탄 복선전철 제7공구 노반 실시설계용역 (입찰순번 1번),한국철도시설공단,PQ,2421000000,2405056988,99.34146997,유신+도화+KRTC+동해,98.45,1909811000,99.76,Y
2020-02-000152-00,20200331,인덕원~동탄 복선전철 제7공구 노반 실시설계용역 (입찰순번 1번),한국철도시설공단,PQ,2421000000,2405056988,99.34146997,신성+건화+제일+선구+평화(효산),98.18,1911350000,99.6011,N
영광군 공고 제2020-261호-00,20200331,영광 공설추모공원 조성사업 기본 및 실시설계용역,전라남도 영광군,PQ,1168156000,1166859400,99.88900455,KG+한기+보람,99.55,924367000,101.08,Y
영광군 공고 제2020-261호-00,20200331,영광 공설추모공원 조성사업 기본 및 실시설계용역,전라남도 영광군,PQ,1168156000,1166859400,99.88900455,도화+동아+경호,96.9,953000000,101.9961,N
영광군 공고 제2020-261호-00,20200331,영광 공설추모공원 조성사업 기본 및 실시설계용역,전라남도 영광군,PQ,1168156000,1166859400,99.88900455,한종+신오,95.98,952600000,101.2067,N
영광군 공고 제2020-261호-00,20200331,영광 공설추모공원 조성사업 기본 및 실시설계용역,전라남도 영광군,PQ,1168156000,1166859400,99.88900455,유신+우빈,95.81,961283000,101.99,N
영광군 공고 제2020-261호-00,20200331,영광 공설추모공원 조성사업 기본 및 실시설계용역,전라남도 영광군,PQ,1168156000,1166859400,99.88900455,건화+산하(엔에이치),95.28,968300000,102.3034,N
20200354208 - 00,20200330,화성시 노후하수관로 정비사업 감독 권한대행 건설사업관리용역,경기도 화성시 맑은물사업소,PQ,1159580000,1151584750,99.31050467,건화+우빈,100,904400000,99.9984,N
20200354208 - 00,20200330,화성시 노후하수관로 정비사업 감독 권한대행 건설사업관리용역,경기도 화성시 맑은물사업소,PQ,1159580000,1151584750,99.31050467,도화+경호,100,902250000,99.7607,N
20200354208 - 00,20200330,화성시 노후하수관로 정비사업 감독 권한대행 건설사업관리용역,경기도 화성시 맑은물사업소,PQ,1159580000,1151584750,99.31050467,동명+천마,100,910750000,100.7005,N
20200354208 - 00,20200330,화성시 노후하수관로 정비사업 감독 권한대행 건설사업관리용역,경기도 화성시 맑은물사업소,PQ,1159580000,1151584750,99.31050467,선진+유원,100,905210000,100.088,N
20200354208 - 00,20200330,화성시 노후하수관로 정비사업 감독 권한대행 건설사업관리용역,경기도 화성시 맑은물사업소,PQ,1159580000,1151584750,99.31050467,동성+케이탑,100,899169000,99.42,Y
20200354208 - 00,20200330,화성시 노후하수관로 정비사업 감독 권한대행 건설사업관리용역,경기도 화성시 맑은물사업소,PQ,1159580000,1151584750,99.31050467,경원+한종,100,905870000,100.1609,N
20200354208 - 00,20200330,화성시 노후하수관로 정비사업 감독 권한대행 건설사업관리용역,경기도 화성시 맑은물사업소,PQ,1159580000,1151584750,99.31050467,건양+오이디,100,907670300,100.36,N
20200354208 - 00,20200330,화성시 노후하수관로 정비사업 감독 권한대행 건설사업관리용역,경기도 화성시 맑은물사업소,PQ,1159580000,1151584750,99.31050467,범한+목양,100,908700000,100.4739,N
20200354208 - 00,20200330,화성시 노후하수관로 정비사업 감독 권한대행 건설사업관리용역,경기도 화성시 맑은물사업소,PQ,1159580000,1151584750,99.31050467,경동+용마,100,901570000,99.6855,N
20200354208 - 00,20200330,화성시 노후하수관로 정비사업 감독 권한대행 건설사업관리용역,경기도 화성시 맑은물사업소,PQ,1159580000,1151584750,99.31050467,이산+동우,100,907700000,100.3633,N
20200354208 - 00,20200330,화성시 노후하수관로 정비사업 감독 권한대행 건설사업관리용역,경기도 화성시 맑은물사업소,PQ,1159580000,1151584750,99.31050467,동해+KCM+지유,100,901157000,99.6398,N
20200354208 - 00,20200330,화성시 노후하수관로 정비사업 감독 권한대행 건설사업관리용역,경기도 화성시 맑은물사업소,PQ,1159580000,1151584750,99.31050467,신명+다음,100,893510000,98.7943,N
20200354208 - 00,20200330,화성시 노후하수관로 정비사업 감독 권한대행 건설사업관리용역,경기도 화성시 맑은물사업소,PQ,1159580000,1151584750,99.31050467,KG+보람,100,907399000,100.33,N
20200354208 - 00,20200330,화성시 노후하수관로 정비사업 감독 권한대행 건설사업관리용역,경기도 화성시 맑은물사업소,PQ,1159580000,1151584750,99.31050467,천일+서영,99.9,895240000,98.8968,N
20200354208 - 00,20200330,화성시 노후하수관로 정비사업 감독 권한대행 건설사업관리용역,경기도 화성시 맑은물사업소,PQ,1159580000,1151584750,99.31050467,동부+한백,99.45,928620000,102.2046,N
20200357228 - 00,20200331,구로2동 주택가 공동주차장 건설사업관리용역(감독권한대행),서울특별시 구로구,PQ,1450580000,1466547325,101.1007545,건화+천일(석우),99.86,1144000000,100.9989,N
20200357228 - 00,20200331,구로2동 주택가 공동주차장 건설사업관리용역(감독권한대행),서울특별시 구로구,PQ,1450580000,1466547325,101.1007545,도화+이산,99.34,1129800000,99.3128,N
20200357228 - 00,20200331,구로2동 주택가 공동주차장 건설사업관리용역(감독권한대행),서울특별시 구로구,PQ,1450580000,1466547325,101.1007545,경동+태조,99.28,1138290000,100.0081,N
20200357228 - 00,20200331,구로2동 주택가 공동주차장 건설사업관리용역(감독권한대행),서울특별시 구로구,PQ,1450580000,1466547325,101.1007545,KCM+동해+수성,99.18,1136840000,99.8044,N
20200357228 - 00,20200331,구로2동 주택가 공동주차장 건설사업관리용역(감독권한대행),서울특별시 구로구,PQ,1450580000,1466547325,101.1007545,동일+동명,99.07,1129800000,99.098,N
20200357228 - 00,20200331,구로2동 주택가 공동주차장 건설사업관리용역(감독권한대행),서울특별시 구로구,PQ,1450580000,1466547325,101.1007545,경호+대콘,98.47,1162436000,101.47,Y
20200357228 - 00,20200331,구로2동 주택가 공동주차장 건설사업관리용역(감독권한대행),서울특별시 구로구,PQ,1450580000,1466547325,101.1007545,한종+희림,98.24,1130500000,98.4952,N
20200357228 - 00,20200331,구로2동 주택가 공동주차장 건설사업관리용역(감독권한대행),서울특별시 구로구,PQ,1450580000,1466547325,101.1007545,동일건축+서영,97.9,1168710000,101.542,N
20200400557 - 00,20200401,청주공공하수처리시설 차집관로 개량사업 건설사업관리용역,충청북도 청주시,PQ,1757100000,1747989500,99.48150361,동명+영진,100,1371820000,100.1,N
20200400557 - 00,20200401,청주공공하수처리시설 차집관로 개량사업 건설사업관리용역,충청북도 청주시,PQ,1757100000,1747989500,99.48150361,도화+홍익,100,1375400000,100.3612,N
20200400557 - 00,20200401,청주공공하수처리시설 차집관로 개량사업 건설사업관리용역,충청북도 청주시,PQ,1757100000,1747989500,99.48150361,삼안+청우,100,1367740000,99.8022,Y
20200400557 - 00,20200401,청주공공하수처리시설 차집관로 개량사업 건설사업관리용역,충청북도 청주시,PQ,1757100000,1747989500,99.48150361,건화+건양,99.98,1368700000,99.8467,N
20200400557 - 00,20200401,청주공공하수처리시설 차집관로 개량사업 건설사업관리용역,충청북도 청주시,PQ,1757100000,1747989500,99.48150361,천일+한맥,99.74,1386484000,100.9499,N
20200400557 - 00,20200401,청주공공하수처리시설 차집관로 개량사업 건설사업관리용역,충청북도 청주시,PQ,1757100000,1747989500,99.48150361,한종+지명,99.7,1361000000,99.0564,N
20200400557 - 00,20200401,청주공공하수처리시설 차집관로 개량사업 건설사업관리용역,충청북도 청주시,PQ,1757100000,1747989500,99.48150361,이산+창민,99.7,1365240000,99.365,N
20200400557 - 00,20200401,청주공공하수처리시설 차집관로 개량사업 건설사업관리용역,충청북도 청주시,PQ,1757100000,1747989500,99.48150361,선진+동림,99.64,1386900000,100.8899,N
20200400557 - 00,20200401,청주공공하수처리시설 차집관로 개량사업 건설사업관리용역,충청북도 청주시,PQ,1757100000,1747989500,99.48150361,신명+태광,99.55,1363553100,99.1282,N
20200400557 - 00,20200401,청주공공하수처리시설 차집관로 개량사업 건설사업관리용역,충청북도 청주시,PQ,1757100000,1747989500,99.48150361,동일+유일,99.54,1361800000,98.9881,N
20200400557 - 00,20200401,청주공공하수처리시설 차집관로 개량사업 건설사업관리용역,충청북도 청주시,PQ,1757100000,1747989500,99.48150361,경동+수일,99.54,1387159000,100.8314,N
20200400557 - 00,20200401,청주공공하수처리시설 차집관로 개량사업 건설사업관리용역,충청북도 청주시,PQ,1757100000,1747989500,99.48150361,KG+대원,99.5,1396990000,101.5201,N
20200400557 - 00,20200401,청주공공하수처리시설 차집관로 개량사업 건설사업관리용역,충청북도 청주시,PQ,1757100000,1747989500,99.48150361,수성+도명,99.49,1390972000,101.0698,N
20200400557 - 00,20200401,청주공공하수처리시설 차집관로 개량사업 건설사업관리용역,충청북도 청주시,PQ,1757100000,1747989500,99.48150361,서영+해림,99.45,1393300000,101.2002,N
20200400557 - 00,20200401,청주공공하수처리시설 차집관로 개량사업 건설사업관리용역,충청북도 청주시,PQ,1757100000,1747989500,99.48150361,동성+가원,99.45,1356950000,98.56,N
20200400557 - 00,20200401,청주공공하수처리시설 차집관로 개량사업 건설사업관리용역,충청북도 청주시,PQ,1757100000,1747989500,99.48150361,대콘+인우,99.44,1393600000,101.222,N
20200400557 - 00,20200401,청주공공하수처리시설 차집관로 개량사업 건설사업관리용역,충청북도 청주시,PQ,1757100000,1747989500,99.48150361,경호+해린,99.44,1374000000,99.7984,N
20200400557 - 00,20200401,청주공공하수처리시설 차집관로 개량사업 건설사업관리용역,충청북도 청주시,PQ,1757100000,1747989500,99.48150361,범한+도우,99.24,1406000000,101.9535,N
20200400557 - 00,20200401,청주공공하수처리시설 차집관로 개량사업 건설사업관리용역,충청북도 청주시,PQ,1757100000,1747989500,99.48150361,KCM+세광,99.13,1710000000,123.887,N
20200357080 - 01,20200331,염산옥실 농어촌 마을하수도 정비사업 기본 및 실시설계용역,전라남도 영광군 상하수도사업소,PQ,348015000,347733150,99.91901211,삼안+동아,98.9,303270000,100.3429,Y
20200357080 - 01,20200331,염산옥실 농어촌 마을하수도 정비사업 기본 및 실시설계용역,전라남도 영광군 상하수도사업소,PQ,348015000,347733150,99.91901211,범한+신명,98.3,304100000,100.5596,N
20200357080 - 01,20200331,염산옥실 농어촌 마을하수도 정비사업 기본 및 실시설계용역,전라남도 영광군 상하수도사업소,PQ,348015000,347733150,99.91901211,제일+우빈기술,98.3,301198000,99.6,N
20200357080 - 01,20200331,염산옥실 농어촌 마을하수도 정비사업 기본 및 실시설계용역,전라남도 영광군 상하수도사업소,PQ,348015000,347733150,99.91901211,도화+우리,98.25,300750000,99.4519,N
20200357080 - 01,20200331,염산옥실 농어촌 마을하수도 정비사업 기본 및 실시설계용역,전라남도 영광군 상하수도사업소,PQ,348015000,347733150,99.91901211,선진+건영,98.17,303800000,100.4489,N
20200357080 - 01,20200331,염산옥실 농어촌 마을하수도 정비사업 기본 및 실시설계용역,전라남도 영광군 상하수도사업소,PQ,348015000,347733150,99.91901211,건화+원우(서진),98.04,308000000,101.8258,N
20200357080 - 01,20200331,염산옥실 농어촌 마을하수도 정비사업 기본 및 실시설계용역,전라남도 영광군 상하수도사업소,PQ,348015000,347733150,99.91901211,한종+우영,98,306300000,101.2638,N
20200357080 - 01,20200331,염산옥실 농어촌 마을하수도 정비사업 기본 및 실시설계용역,전라남도 영광군 상하수도사업소,PQ,348015000,347733150,99.91901211,KG+한기,97.85,301579000,99.6801,N
20200355452 - 03,20200331,인천시 상수관로 정밀조사 및 정비 기본계획수립 용역,인천광역시 상수도사업본부,PQ,1136669000,1127092625,99.1575054,도화+장원+건화+브니엘,96.74,933900000,102.5924,Y
20200355452 - 03,20200331,인천시 상수관로 정밀조사 및 정비 기본계획수립 용역,인천광역시 상수도사업본부,PQ,1136669000,1127092625,99.1575054,유신+도담,90.74,943450000,98.8994,N
