PQ공고 NO.,공고일자,사업명,발주처,입찰구분,기초금액,예정금액,예가,업체명,PQ점수,투찰금액,추정예가,낙찰여부
20210101694 - 00,20210105,농소~강동간 도로개설 전략 및 환경영향평가용역,울산광역시,PQ,1273800000,1279274200,100.4297535,도화+아라+신일,99.94,995500000,100.1499,N
20210101694 - 00,20210105,농소~강동간 도로개설 전략 및 환경영향평가용역,울산광역시,PQ,1273800000,1279274200,100.4297535,다산+세광+레오,99.9,995685000,100.13,N
20210101694 - 00,20210105,농소~강동간 도로개설 전략 및 환경영향평가용역,울산광역시,PQ,1273800000,1279274200,100.4297535,동명+건일+강호,99.69,1002650000,100.6628,Y
20210101694 - 00,20210105,농소~강동간 도로개설 전략 및 환경영향평가용역,울산광역시,PQ,1273800000,1279274200,100.4297535,유신+KCI+자연과사람,99.64,992422000,99.585,N
20210101694 - 00,20210105,농소~강동간 도로개설 전략 및 환경영향평가용역,울산광역시,PQ,1273800000,1279274200,100.4297535,동아+한맥+경화+DS,99.62,991700000,99.4999,N
20210101694 - 00,20210105,농소~강동간 도로개설 전략 및 환경영향평가용역,울산광역시,PQ,1273800000,1279274200,100.4297535,서영+대영+부경,99.49,1007700000,101.0019,N
20210101694 - 00,20210105,농소~강동간 도로개설 전략 및 환경영향평가용역,울산광역시,PQ,1273800000,1279274200,100.4297535,동성+퍼스트,99.46,1007440000,100.9501,N
20210101694 - 00,20210105,농소~강동간 도로개설 전략 및 환경영향평가용역,울산광역시,PQ,1273800000,1279274200,100.4297535,천일+수성+선진+대현,99.46,1008437000,101.05,N
20210101694 - 00,20210105,농소~강동간 도로개설 전략 및 환경영향평가용역,울산광역시,PQ,1273800000,1279274200,100.4297535,홍익+엔탑,99.44,986907000,98.88,N
20210101694 - 00,20210105,농소~강동간 도로개설 전략 및 환경영향평가용역,울산광역시,PQ,1273800000,1279274200,100.4297535,평화+한백+이에프,99.43,1010100000,101.1908,N
20210101694 - 00,20210105,농소~강동간 도로개설 전략 및 환경영향평가용역,울산광역시,PQ,1273800000,1279274200,100.4297535,건화+한도+푸른이엔텍,99.4,1011000000,101.2551,N
20210101694 - 00,20210105,농소~강동간 도로개설 전략 및 환경영향평가용역,울산광역시,PQ,1273800000,1279274200,100.4297535,동일+동진+다원,99.37,1011700000,101.2994,N
20210101694 - 00,20210105,농소~강동간 도로개설 전략 및 환경영향평가용역,울산광역시,PQ,1273800000,1279274200,100.4297535,신성+보람+우신,99.3,1012000000,101.2777,N
20210101694 - 00,20210105,농소~강동간 도로개설 전략 및 환경영향평가용역,울산광역시,PQ,1273800000,1279274200,100.4297535,삼안+한성+경동,99.16,1210000000,120.9542,N
20210101694 - 00,20210105,농소~강동간 도로개설 전략 및 환경영향평가용역,울산광역시,PQ,1273800000,1279274200,100.4297535,이산+혜인+동진,99.08,987800000,98.6798,N
20210101466 - 01,20210105,횡성 이모빌리티 복합단지 지구단위계획 수립 용역,강원도 횡성군,PQ,684140000,684264900,100.0182565,화신+동일,100,585380000,100.0811,Y
20210101466 - 01,20210105,횡성 이모빌리티 복합단지 지구단위계획 수립 용역,강원도 횡성군,PQ,684140000,684264900,100.0182565,KG+경원,99.64,585394000,99.99,N
20210101466 - 01,20210105,횡성 이모빌리티 복합단지 지구단위계획 수립 용역,강원도 횡성군,PQ,684140000,684264900,100.0182565,수성+대성+진화,99.56,589809000,100.7205,N
20210101466 - 01,20210105,횡성 이모빌리티 복합단지 지구단위계획 수립 용역,강원도 횡성군,PQ,684140000,684264900,100.0182565,경호+일신,99.54,588980000,100.5672,N
20210101466 - 01,20210105,횡성 이모빌리티 복합단지 지구단위계획 수립 용역,강원도 횡성군,PQ,684140000,684264900,100.0182565,서영+삼주,99.46,590200000,100.7638,N
20210101466 - 01,20210105,횡성 이모빌리티 복합단지 지구단위계획 수립 용역,강원도 횡성군,PQ,684140000,684264900,100.0182565,건화+정,99.4,588600000,100.4671,N
20210101466 - 01,20210105,횡성 이모빌리티 복합단지 지구단위계획 수립 용역,강원도 횡성군,PQ,684140000,684264900,100.0182565,도화+삼경,99.22,582650000,99.4051,N
20210101466 - 01,20210105,횡성 이모빌리티 복합단지 지구단위계획 수립 용역,강원도 횡성군,PQ,684140000,684264900,100.0182565,동명+서광,98.91,581300000,99.1054,N
20210101466 - 01,20210105,횡성 이모빌리티 복합단지 지구단위계획 수립 용역,강원도 횡성군,PQ,684140000,684264900,100.0182565,삼안+미래,98.82,593890000,101.2282,N
20210101466 - 01,20210105,횡성 이모빌리티 복합단지 지구단위계획 수립 용역,강원도 횡성군,PQ,684140000,684264900,100.0182565,유신+동서,98.7,583662000,99.4501,N
20210101466 - 01,20210105,횡성 이모빌리티 복합단지 지구단위계획 수립 용역,강원도 횡성군,PQ,684140000,684264900,100.0182565,경동+동남,98.67,579778000,98.7768,N
20210101466 - 01,20210105,횡성 이모빌리티 복합단지 지구단위계획 수립 용역,강원도 횡성군,PQ,684140000,684264900,100.0182565,제일+국일,98.36,597700000,101.7471,N
20210101466 - 01,20210105,횡성 이모빌리티 복합단지 지구단위계획 수립 용역,강원도 횡성군,PQ,684140000,684264900,100.0182565,선진+고려+성우,97.84,594400000,101.0559,N
2100014 - 00,20210105,아산탕정2 도시개발사업 연계교통체계구축대책 수립 및 교통영향평가 용역,한국토지주택공사,PQ,928994000,920167000,99.0498324,한종,99.18,802600000,100.8045,N
2100014 - 00,20210105,아산탕정2 도시개발사업 연계교통체계구축대책 수립 및 교통영향평가 용역,한국토지주택공사,PQ,928994000,920167000,99.0498324,평화,97.56,798300000,99.7987,N
2100014 - 00,20210105,아산탕정2 도시개발사업 연계교통체계구축대책 수립 및 교통영향평가 용역,한국토지주택공사,PQ,928994000,920167000,99.0498324,도화,97.38,797450000,99.6346,N
2100014 - 00,20210105,아산탕정2 도시개발사업 연계교통체계구축대책 수립 및 교통영향평가 용역,한국토지주택공사,PQ,928994000,920167000,99.0498324,건화,97.3,796400000,99.4803,N
2100014 - 00,20210105,아산탕정2 도시개발사업 연계교통체계구축대책 수립 및 교통영향평가 용역,한국토지주택공사,PQ,928994000,920167000,99.0498324,수성,96.85,807510000,100.7395,N
2100014 - 00,20210105,아산탕정2 도시개발사업 연계교통체계구축대책 수립 및 교통영향평가 용역,한국토지주택공사,PQ,928994000,920167000,99.0498324,유신,96.6,794736000,99.077,Y
2100014 - 00,20210105,아산탕정2 도시개발사업 연계교통체계구축대책 수립 및 교통영향평가 용역,한국토지주택공사,PQ,928994000,920167000,99.0498324,동명,96.28,812520000,101.2003,N
2100014 - 00,20210105,아산탕정2 도시개발사업 연계교통체계구축대책 수립 및 교통영향평가 용역,한국토지주택공사,PQ,928994000,920167000,99.0498324,KG,96.02,812210000,101.0798,N
2100014 - 00,20210105,아산탕정2 도시개발사업 연계교통체계구축대책 수립 및 교통영향평가 용역,한국토지주택공사,PQ,928994000,920167000,99.0498324,삼안,95.9,813450000,101.199,N
2100014 - 00,20210105,아산탕정2 도시개발사업 연계교통체계구축대책 수립 및 교통영향평가 용역,한국토지주택공사,PQ,928994000,920167000,99.0498324,서영,95.35,821000000,101.9733,N
20210103102 - 00,20210107,감포항 태풍피해 및 호안보강공사 건설사업관리용역,해양수산부 포항지방해양수산청,PQ,1522000000,1532958450,100.7200033,혜인,99.73,1224690000,100.5886,N
20210103102 - 00,20210107,감포항 태풍피해 및 호안보강공사 건설사업관리용역,해양수산부 포항지방해양수산청,PQ,1522000000,1532958450,100.7200033,서영,99.58,1213900000,99.7024,N
20210103102 - 00,20210107,감포항 태풍피해 및 호안보강공사 건설사업관리용역,해양수산부 포항지방해양수산청,PQ,1522000000,1532958450,100.7200033,세광,99.3,1217410000,99.9906,N
20210103102 - 00,20210107,감포항 태풍피해 및 호안보강공사 건설사업관리용역,해양수산부 포항지방해양수산청,PQ,1522000000,1532958450,100.7200033,건화+일진,99.21,1223600000,100.4991,N
20210103102 - 00,20210107,감포항 태풍피해 및 호안보강공사 건설사업관리용역,해양수산부 포항지방해양수산청,PQ,1522000000,1532958450,100.7200033,수성+한항,99.18,1212860000,99.6169,N
20210103102 - 00,20210107,감포항 태풍피해 및 호안보강공사 건설사업관리용역,해양수산부 포항지방해양수산청,PQ,1522000000,1532958450,100.7200033,천일,99.15,1211900000,99.5381,N
20210103102 - 00,20210107,감포항 태풍피해 및 호안보강공사 건설사업관리용역,해양수산부 포항지방해양수산청,PQ,1522000000,1532958450,100.7200033,아라+도화,99.08,1223244000,100.4698,N
20210103102 - 00,20210107,감포항 태풍피해 및 호안보강공사 건설사업관리용역,해양수산부 포항지방해양수산청,PQ,1522000000,1532958450,100.7200033,삼안,98.95,1220450000,100.2403,N
20210103102 - 00,20210107,감포항 태풍피해 및 호안보강공사 건설사업관리용역,해양수산부 포항지방해양수산청,PQ,1522000000,1532958450,100.7200033,세일,98.91,1223368000,100.48,N
20210103102 - 00,20210107,감포항 태풍피해 및 호안보강공사 건설사업관리용역,해양수산부 포항지방해양수산청,PQ,1522000000,1532958450,100.7200033,유신+대양,98.85,1218023000,100.041,N
20210103102 - 00,20210107,감포항 태풍피해 및 호안보강공사 건설사업관리용역,해양수산부 포항지방해양수산청,PQ,1522000000,1532958450,100.7200033,한종,98.8,1213800000,99.6443,N
20210103102 - 00,20210107,감포항 태풍피해 및 호안보강공사 건설사업관리용역,해양수산부 포항지방해양수산청,PQ,1522000000,1532958450,100.7200033,건일+이산,98.63,1233130000,101.0796,Y
20210103102 - 00,20210107,감포항 태풍피해 및 호안보강공사 건설사업관리용역,해양수산부 포항지방해양수산청,PQ,1522000000,1532958450,100.7200033,항도+한맥,98.59,1300000000,106.5211,N
20210103932 - 01,20210107,아산 공공하수처리 증설(3단계)사업 등 통합 건설사업관리용역,충청남도 아산시,PQ,3468300000,3422674575,98.68450177,도화+천마,100,2766143000,99.7,N
20210103932 - 01,20210107,아산 공공하수처리 증설(3단계)사업 등 통합 건설사업관리용역,충청남도 아산시,PQ,3468300000,3422674575,98.68450177,삼안+장맥,100,2777241000,100.1,N
20210103932 - 01,20210107,아산 공공하수처리 증설(3단계)사업 등 통합 건설사업관리용역,충청남도 아산시,PQ,3468300000,3422674575,98.68450177,건화+세일,99.85,2796800000,100.6791,N
20210103932 - 01,20210107,아산 공공하수처리 증설(3단계)사업 등 통합 건설사업관리용역,충청남도 아산시,PQ,3468300000,3422674575,98.68450177,동명+드림,99.65,2794970000,100.4502,N
20210103932 - 01,20210107,아산 공공하수처리 증설(3단계)사업 등 통합 건설사업관리용역,충청남도 아산시,PQ,3468300000,3422674575,98.68450177,유신+한맥+평화,99.65,2757263000,99.095,N
20210103932 - 01,20210107,아산 공공하수처리 증설(3단계)사업 등 통합 건설사업관리용역,충청남도 아산시,PQ,3468300000,3422674575,98.68450177,동성+기산,99.58,2520220000,90.5306,N
20210103932 - 01,20210107,아산 공공하수처리 증설(3단계)사업 등 통합 건설사업관리용역,충청남도 아산시,PQ,3468300000,3422674575,98.68450177,한종+우주,99.48,2758400000,99.0001,N
20210103932 - 01,20210107,아산 공공하수처리 증설(3단계)사업 등 통합 건설사업관리용역,충청남도 아산시,PQ,3468300000,3422674575,98.68450177,수성+송현,99.45,2813151000,100.94,N
20210103932 - 01,20210107,아산 공공하수처리 증설(3단계)사업 등 통합 건설사업관리용역,충청남도 아산시,PQ,3468300000,3422674575,98.68450177,경동+다음,99.4,2754890000,98.8127,Y
20210103932 - 01,20210107,아산 공공하수처리 증설(3단계)사업 등 통합 건설사업관리용역,충청남도 아산시,PQ,3468300000,3422674575,98.68450177,KG+송현E,99.4,2815310000,100.9798,N
20210103932 - 01,20210107,아산 공공하수처리 증설(3단계)사업 등 통합 건설사업관리용역,충청남도 아산시,PQ,3468300000,3422674575,98.68450177,건양+양지,99.3,2748222000,98.5,N
20210103932 - 01,20210107,아산 공공하수처리 증설(3단계)사업 등 통합 건설사업관리용역,충청남도 아산시,PQ,3468300000,3422674575,98.68450177,신명+재성,99.24,2588388000,92.7252,N
20210103932 - 01,20210107,아산 공공하수처리 증설(3단계)사업 등 통합 건설사업관리용역,충청남도 아산시,PQ,3468300000,3422674575,98.68450177,선진+유원,99.18,2833270000,101.4473,N
20210103932 - 01,20210107,아산 공공하수처리 증설(3단계)사업 등 통합 건설사업관리용역,충청남도 아산시,PQ,3468300000,3422674575,98.68450177,홍익+계림,99.1,2836500000,101.4999,N
20210103932 - 01,20210107,아산 공공하수처리 증설(3단계)사업 등 통합 건설사업관리용역,충청남도 아산시,PQ,3468300000,3422674575,98.68450177,이산+동양,99.01,2753300000,98.4494,N
20210103932 - 01,20210107,아산 공공하수처리 증설(3단계)사업 등 통합 건설사업관리용역,충청남도 아산시,PQ,3468300000,3422674575,98.68450177,경원+더원,98.99,2843200000,101.6514,N
20210103932 - 01,20210107,아산 공공하수처리 증설(3단계)사업 등 통합 건설사업관리용역,충청남도 아산시,PQ,3468300000,3422674575,98.68450177,서영+신성E,98.95,2830300000,101.1526,N
20210103932 - 01,20210107,아산 공공하수처리 증설(3단계)사업 등 통합 건설사업관리용역,충청남도 아산시,PQ,3468300000,3422674575,98.68450177,대콘+정안,98.86,2750770000,98.2493,N
20210103932 - 01,20210107,아산 공공하수처리 증설(3단계)사업 등 통합 건설사업관리용역,충청남도 아산시,PQ,3468300000,3422674575,98.68450177,동일+세종,98.74,2598000000,92.701,N
20210103932 - 01,20210107,아산 공공하수처리 증설(3단계)사업 등 통합 건설사업관리용역,충청남도 아산시,PQ,3468300000,3422674575,98.68450177,범한+수성,98.52,2613200000,93.0821,N
20210103932 - 01,20210107,아산 공공하수처리 증설(3단계)사업 등 통합 건설사업관리용역,충청남도 아산시,PQ,3468300000,3422674575,98.68450177,용마+예당,98.46,2757920000,98.1885,N
20210103932 - 01,20210107,아산 공공하수처리 증설(3단계)사업 등 통합 건설사업관리용역,충청남도 아산시,PQ,3468300000,3422674575,98.68450177,제일+우리+HEC,98.34,2858000000,101.6511,N
20210103932 - 01,20210107,아산 공공하수처리 증설(3단계)사업 등 통합 건설사업관리용역,충청남도 아산시,PQ,3468300000,3422674575,98.68450177,하이콘+대웅+에이스,98.31,2862300000,101.779,N
20210103932 - 01,20210107,아산 공공하수처리 증설(3단계)사업 등 통합 건설사업관리용역,충청남도 아산시,PQ,3468300000,3422674575,98.68450177,다산+씨에이,98.11,2873000000,102.0085,N
20210103932 - 01,20210107,아산 공공하수처리 증설(3단계)사업 등 통합 건설사업관리용역,충청남도 아산시,PQ,3468300000,3422674575,98.68450177,천일+상연,98.07,2610000000,92.6362,N
20210103932 - 01,20210107,아산 공공하수처리 증설(3단계)사업 등 통합 건설사업관리용역,충청남도 아산시,PQ,3468300000,3422674575,98.68450177,KSM+한빛,97.85,2881000000,102.0788,N
20210103932 - 01,20210107,아산 공공하수처리 증설(3단계)사업 등 통합 건설사업관리용역,충청남도 아산시,PQ,3468300000,3422674575,98.68450177,극동+명성,97.75,3300000000,116.8386,N
20210104863 - 00,20210108,효정 자연재해위험개선지구 정비사업 실시설계 용역,경상북도 영천시,PQ,1141000000,1147706275,100.5877542,도화+세원+한도,98.21,903735000,100.0765,N
20210104863 - 00,20210108,효정 자연재해위험개선지구 정비사업 실시설계 용역,경상북도 영천시,PQ,1141000000,1147706275,100.5877542,평화+한백종합,97.58,904570000,99.6652,N
20210104863 - 00,20210108,효정 자연재해위험개선지구 정비사업 실시설계 용역,경상북도 영천시,PQ,1141000000,1147706275,100.5877542,KG+동진,97.56,906660000,99.8704,N
20210104863 - 00,20210108,효정 자연재해위험개선지구 정비사업 실시설계 용역,경상북도 영천시,PQ,1141000000,1147706275,100.5877542,이산+주하,97.55,904000000,99.5774,N
20210104863 - 00,20210108,효정 자연재해위험개선지구 정비사업 실시설계 용역,경상북도 영천시,PQ,1141000000,1147706275,100.5877542,한종+청명,97.55,900900000,99.2359,N
20210104863 - 00,20210108,효정 자연재해위험개선지구 정비사업 실시설계 용역,경상북도 영천시,PQ,1141000000,1147706275,100.5877542,건화+건일(석우),97.51,898200000,98.9012,N
20210104863 - 00,20210108,효정 자연재해위험개선지구 정비사업 실시설계 용역,경상북도 영천시,PQ,1141000000,1147706275,100.5877542,동부+다산,97.51,899107000,99.0011,N
20210104863 - 00,20210108,효정 자연재해위험개선지구 정비사업 실시설계 용역,경상북도 영천시,PQ,1141000000,1147706275,100.5877542,경호+해동,97.49,920740000,101.3704,N
20210104863 - 00,20210108,효정 자연재해위험개선지구 정비사업 실시설계 용역,경상북도 영천시,PQ,1141000000,1147706275,100.5877542,삼안+KCI+삼보,97.48,898370000,98.8951,N
20210104863 - 00,20210108,효정 자연재해위험개선지구 정비사업 실시설계 용역,경상북도 영천시,PQ,1141000000,1147706275,100.5877542,동성+동명,97.48,915130000,100.7401,Y
20210104863 - 00,20210108,효정 자연재해위험개선지구 정비사업 실시설계 용역,경상북도 영천시,PQ,1141000000,1147706275,100.5877542,화신+현대기술,97.47,926180000,101.9565,N
20210104863 - 00,20210108,효정 자연재해위험개선지구 정비사업 실시설계 용역,경상북도 영천시,PQ,1141000000,1147706275,100.5877542,유신+강동,97.4,896797000,98.66,N
20210104863 - 00,20210108,효정 자연재해위험개선지구 정비사업 실시설계 용역,경상북도 영천시,PQ,1141000000,1147706275,100.5877542,KSM+중앙방재,96.47,938650000,102.5052,N
20210104810 - 01,20210108,보령신항 관리부두 및 준설토투기장(항만부지) 축조공사 통합건설사업관리용역,충청남도,SOQ,4561000000,4546302250,99.67775159,한종+건화+장맥,97.1,3478000000,101.8706,Y
20210104810 - 01,20210108,보령신항 관리부두 및 준설토투기장(항만부지) 축조공사 통합건설사업관리용역,충청남도,SOQ,4561000000,4546302250,99.67775159,삼안+송현+한맥,96.3,3422341000,99.562,N
20210104810 - 01,20210108,보령신항 관리부두 및 준설토투기장(항만부지) 축조공사 통합건설사업관리용역,충청남도,SOQ,4561000000,4546302250,99.67775159,천일+KG+건일+상연+드림,94.39,3589000000,102.7337,N
20210104810 - 01,20210108,보령신항 관리부두 및 준설토투기장(항만부지) 축조공사 통합건설사업관리용역,충청남도,SOQ,4561000000,4546302250,99.67775159,서영+경동+유신+대영,92.8,3620000000,102.2725,N
20210104810 - 01,20210108,보령신항 관리부두 및 준설토투기장(항만부지) 축조공사 통합건설사업관리용역,충청남도,SOQ,4561000000,4546302250,99.67775159,혜인+용마+천마,92.2,3635600000,102.1996,N
20210104810 - 01,20210108,보령신항 관리부두 및 준설토투기장(항만부지) 축조공사 통합건설사업관리용역,충청남도,SOQ,4561000000,4546302250,99.67775159,세일+한항+동명+세광,91.8,3657973000,102.5,N
20210104502 - 00,20210108,덕포지구 도시개발사업 구역지정 및 개발계획 수립용역,강원도 영월군,PQ,1455000000,1460056150,100.3475017,유신+일신+삼경,99.6,1147583000,100.788,Y
20210104502 - 00,20210108,덕포지구 도시개발사업 구역지정 및 개발계획 수립용역,강원도 영월군,PQ,1455000000,1460056150,100.3475017,경동+고려+대성,97.67,1149547000,99.3857,N
20210104502 - 00,20210108,덕포지구 도시개발사업 구역지정 및 개발계획 수립용역,강원도 영월군,PQ,1455000000,1460056150,100.3475017,정+수성+정원,97.59,1177094000,101.7034,N
20210104502 - 00,20210108,덕포지구 도시개발사업 구역지정 및 개발계획 수립용역,강원도 영월군,PQ,1455000000,1460056150,100.3475017,서영+경원+한종+국일,97.58,1145800000,98.9995,N
20210104502 - 00,20210108,덕포지구 도시개발사업 구역지정 및 개발계획 수립용역,강원도 영월군,PQ,1455000000,1460056150,100.3475017,건화+삼주+진화,97.55,1151800000,99.4929,N
20210104502 - 00,20210108,덕포지구 도시개발사업 구역지정 및 개발계획 수립용역,강원도 영월군,PQ,1455000000,1460056150,100.3475017,도화+서광+동서+동아,97.53,1175880000,101.5474,N
20210104502 - 00,20210108,덕포지구 도시개발사업 구역지정 및 개발계획 수립용역,강원도 영월군,PQ,1455000000,1460056150,100.3475017,동일+화신+한울,97.53,1145000000,98.8806,N
20210104502 - 00,20210108,덕포지구 도시개발사업 구역지정 및 개발계획 수립용역,강원도 영월군,PQ,1455000000,1460056150,100.3475017,삼안+미래+KG+현산,97.36,1382260000,119.2203,N
수원국토관리사무소 공고 제2021 - 1호,20210111,수원국토 병목지점개선(‘21~‘24) 통합건설사업관리용역 ,서울지방국토관리청 수원국토관리사무소,PQ,2149000000,2151412300,100.1122522,건화,100,1781600000,99.89,N
수원국토관리사무소 공고 제2021 - 1호,20210111,수원국토 병목지점개선(‘21~‘24) 통합건설사업관리용역 ,서울지방국토관리청 수원국토관리사무소,PQ,2149000000,2151412300,100.1122522,경원+동남,100,1776250000,99.59,N
수원국토관리사무소 공고 제2021 - 1호,20210111,수원국토 병목지점개선(‘21~‘24) 통합건설사업관리용역 ,서울지방국토관리청 수원국토관리사무소,PQ,2149000000,2151412300,100.1122522,동해+천마,100,1781400000,99.8788,N
수원국토관리사무소 공고 제2021 - 1호,20210111,수원국토 병목지점개선(‘21~‘24) 통합건설사업관리용역 ,서울지방국토관리청 수원국토관리사무소,PQ,2149000000,2151412300,100.1122522,삼보,100,1789400000,100.3273,N
수원국토관리사무소 공고 제2021 - 1호,20210111,수원국토 병목지점개선(‘21~‘24) 통합건설사업관리용역 ,서울지방국토관리청 수원국토관리사무소,PQ,2149000000,2151412300,100.1122522,신명,100,1787530000,100.2224,Y
수원국토관리사무소 공고 제2021 - 1호,20210111,수원국토 병목지점개선(‘21~‘24) 통합건설사업관리용역 ,서울지방국토관리청 수원국토관리사무소,PQ,2149000000,2151412300,100.1122522,제일+한도,100,1779692000,99.783,N
수원국토관리사무소 공고 제2021 - 1호,20210111,수원국토 병목지점개선(‘21~‘24) 통합건설사업관리용역 ,서울지방국토관리청 수원국토관리사무소,PQ,2149000000,2151412300,100.1122522,삼안,100,1779690000,99.7829,N
수원국토관리사무소 공고 제2021 - 1호,20210111,수원국토 병목지점개선(‘21~‘24) 통합건설사업관리용역 ,서울지방국토관리청 수원국토관리사무소,PQ,2149000000,2151412300,100.1122522,극동,100,1783740000,100.0099,N
수원국토관리사무소 공고 제2021 - 1호,20210111,수원국토 병목지점개선(‘21~‘24) 통합건설사업관리용역 ,서울지방국토관리청 수원국토관리사무소,PQ,2149000000,2151412300,100.1122522,다산+우빈,100,1780174000,99.81,N
수원국토관리사무소 공고 제2021 - 1호,20210111,수원국토 병목지점개선(‘21~‘24) 통합건설사업관리용역 ,서울지방국토관리청 수원국토관리사무소,PQ,2149000000,2151412300,100.1122522,동명+용마,100,1785300000,100.0974,N
수원국토관리사무소 공고 제2021 - 1호,20210111,수원국토 병목지점개선(‘21~‘24) 통합건설사업관리용역 ,서울지방국토관리청 수원국토관리사무소,PQ,2149000000,2151412300,100.1122522,평화,99.9,1795600000,100.6264,N
수원국토관리사무소 공고 제2021 - 1호,20210111,수원국토 병목지점개선(‘21~‘24) 통합건설사업관리용역 ,서울지방국토관리청 수원국토관리사무소,PQ,2149000000,2151412300,100.1122522,신성+건일,99.84,1801280000,100.9083,N
수원국토관리사무소 공고 제2021 - 1호,20210111,수원국토 병목지점개선(‘21~‘24) 통합건설사업관리용역 ,서울지방국토관리청 수원국토관리사무소,PQ,2149000000,2151412300,100.1122522,대콘,99.8,1801234500,100.8936,N
수원국토관리사무소 공고 제2021 - 1호,20210111,수원국토 병목지점개선(‘21~‘24) 통합건설사업관리용역 ,서울지방국토관리청 수원국토관리사무소,PQ,2149000000,2151412300,100.1122522,천일+동남,99.8,1770790000,99.1883,N
수원국토관리사무소 공고 제2021 - 1호,20210111,수원국토 병목지점개선(‘21~‘24) 통합건설사업관리용역 ,서울지방국토관리청 수원국토관리사무소,PQ,2149000000,2151412300,100.1122522,한맥,99.8,1795000000,100.5444,N
수원국토관리사무소 공고 제2021 - 1호,20210111,수원국토 병목지점개선(‘21~‘24) 통합건설사업관리용역 ,서울지방국토관리청 수원국토관리사무소,PQ,2149000000,2151412300,100.1122522,내경,99.78,1789980000,100.2511,N
수원국토관리사무소 공고 제2021 - 1호,20210111,수원국토 병목지점개선(‘21~‘24) 통합건설사업관리용역 ,서울지방국토관리청 수원국토관리사무소,PQ,2149000000,2151412300,100.1122522,홍익+경호,99.7,1772750000,99.2503,N
수원국토관리사무소 공고 제2021 - 1호,20210111,수원국토 병목지점개선(‘21~‘24) 통합건설사업관리용역 ,서울지방국토관리청 수원국토관리사무소,PQ,2149000000,2151412300,100.1122522,동성,99.7,1776330000,99.4507,N
수원국토관리사무소 공고 제2021 - 1호,20210111,수원국토 병목지점개선(‘21~‘24) 통합건설사업관리용역 ,서울지방국토관리청 수원국토관리사무소,PQ,2149000000,2151412300,100.1122522,경동,99.7,1800770000,100.819,N
수원국토관리사무소 공고 제2021 - 1호,20210111,수원국토 병목지점개선(‘21~‘24) 통합건설사업관리용역 ,서울지방국토관리청 수원국토관리사무소,PQ,2149000000,2151412300,100.1122522,이산,99.6,1770920000,99.1001,N
수원국토관리사무소 공고 제2021 - 1호,20210111,수원국토 병목지점개선(‘21~‘24) 통합건설사업관리용역 ,서울지방국토관리청 수원국토관리사무소,PQ,2149000000,2151412300,100.1122522,드림,99.6,0,0,N
수원국토관리사무소 공고 제2021 - 1호,20210111,수원국토 병목지점개선(‘21~‘24) 통합건설사업관리용역 ,서울지방국토관리청 수원국토관리사무소,PQ,2149000000,2151412300,100.1122522,도화+장맥,99.6,1773200000,99.2277,N
수원국토관리사무소 공고 제2021 - 1호,20210111,수원국토 병목지점개선(‘21~‘24) 통합건설사업관리용역 ,서울지방국토관리청 수원국토관리사무소,PQ,2149000000,2151412300,100.1122522,일신+유신,99.5,1772484000,99.1399,N
수원국토관리사무소 공고 제2021 - 1호,20210111,수원국토 병목지점개선(‘21~‘24) 통합건설사업관리용역 ,서울지방국토관리청 수원국토관리사무소,PQ,2149000000,2151412300,100.1122522,KG+보람,99.5,1804300000,100.871,N
수원국토관리사무소 공고 제2021 - 1호,20210111,수원국토 병목지점개선(‘21~‘24) 통합건설사업관리용역 ,서울지방국토관리청 수원국토관리사무소,PQ,2149000000,2151412300,100.1122522,동부,99.5,1805749000,100.952,N
수원국토관리사무소 공고 제2021 - 1호,20210111,수원국토 병목지점개선(‘21~‘24) 통합건설사업관리용역 ,서울지방국토관리청 수원국토관리사무소,PQ,2149000000,2151412300,100.1122522,동아+진화,99.4,1808200000,101.0405,N
수원국토관리사무소 공고 제2021 - 1호,20210111,수원국토 병목지점개선(‘21~‘24) 통합건설사업관리용역 ,서울지방국토관리청 수원국토관리사무소,PQ,2149000000,2151412300,100.1122522,선진,99.4,1805749000,100.9035,N
수원국토관리사무소 공고 제2021 - 1호,20210111,수원국토 병목지점개선(‘21~‘24) 통합건설사업관리용역 ,서울지방국토관리청 수원국토관리사무소,PQ,2149000000,2151412300,100.1122522,KSM+KCI,99.3,1809820000,101.131,N
수원국토관리사무소 공고 제2021 - 1호,20210111,수원국토 병목지점개선(‘21~‘24) 통합건설사업관리용역 ,서울지방국토관리청 수원국토관리사무소,PQ,2149000000,2151412300,100.1122522,수성+화신,99.18,1811169000,101.1457,N
수원국토관리사무소 공고 제2021 - 1호,20210111,수원국토 병목지점개선(‘21~‘24) 통합건설사업관리용역 ,서울지방국토관리청 수원국토관리사무소,PQ,2149000000,2151412300,100.1122522,우주+KRTC,98.71,1987000000,110.7126,N
B5202100034,20210108,한강유역 입상활성탄 재생시설 도입사업 기본 및 실시설계용역,한국수자원공사,SOQ,1895300000,1893135006,99.88577038,도화+HEC+선진,94.26,1484890000,101.7281,Y
B5202100034,20210108,한강유역 입상활성탄 재생시설 도입사업 기본 및 실시설계용역,한국수자원공사,SOQ,1895300000,1893135006,99.88577038,건화+동해+정,93.94,1461845000,99.8511,N
B5202100034,20210108,한강유역 입상활성탄 재생시설 도입사업 기본 및 실시설계용역,한국수자원공사,SOQ,1895300000,1893135006,99.88577038,한종+유신+KG,92.24,1461500000,98.313,N
B5202100034,20210108,한강유역 입상활성탄 재생시설 도입사업 기본 및 실시설계용역,한국수자원공사,SOQ,1895300000,1893135006,99.88577038,삼안+범한+대성,89.06,1800000000,117.7506,N
20210104331 - 02,20210108,오창테크노폴리스 용수공급시설 설치사업 건설사업관리용역,충청북도 청주시,PQ,1273954000,1260755900,98.96400498,동명+건양,100,996900000,100.3301,N
20210104331 - 02,20210108,오창테크노폴리스 용수공급시설 설치사업 건설사업관리용역,충청북도 청주시,PQ,1273954000,1260755900,98.96400498,도화+홍익,100,991300000,99.7665,N
20210104331 - 02,20210108,오창테크노폴리스 용수공급시설 설치사업 건설사업관리용역,충청북도 청주시,PQ,1273954000,1260755900,98.96400498,한종+청우,99.97,990400000,99.6503,N
20210104331 - 02,20210108,오창테크노폴리스 용수공급시설 설치사업 건설사업관리용역,충청북도 청주시,PQ,1273954000,1260755900,98.96400498,극동+대원,99.83,1002284000,100.7299,N
20210104331 - 02,20210108,오창테크노폴리스 용수공급시설 설치사업 건설사업관리용역,충청북도 청주시,PQ,1273954000,1260755900,98.96400498,신명+태광,99.78,1002250000,100.6749,N
20210104331 - 02,20210108,오창테크노폴리스 용수공급시설 설치사업 건설사업관리용역,충청북도 청주시,PQ,1273954000,1260755900,98.96400498,유신+영진,99.77,988015000,99.245,Y
20210104331 - 02,20210108,오창테크노폴리스 용수공급시설 설치사업 건설사업관리용역,충청북도 청주시,PQ,1273954000,1260755900,98.96400498,선진+세광+이연,99.71,989377000,99.331,N
20210104331 - 02,20210108,오창테크노폴리스 용수공급시설 설치사업 건설사업관리용역,충청북도 청주시,PQ,1273954000,1260755900,98.96400498,건화+창민,99.67,1006500000,101.0113,N
20210104331 - 02,20210108,오창테크노폴리스 용수공급시설 설치사업 건설사업관리용역,충청북도 청주시,PQ,1273954000,1260755900,98.96400498,동성+가원,99.67,988850000,99.24,N
20210104331 - 02,20210108,오창테크노폴리스 용수공급시설 설치사업 건설사업관리용역,충청북도 청주시,PQ,1273954000,1260755900,98.96400498,수성+신성건축,99.67,989120000,99.2671,N
20210104331 - 02,20210108,오창테크노폴리스 용수공급시설 설치사업 건설사업관리용역,충청북도 청주시,PQ,1273954000,1260755900,98.96400498,삼보+옥토,99.61,1005450000,100.8672,N
20210104331 - 02,20210108,오창테크노폴리스 용수공급시설 설치사업 건설사업관리용역,충청북도 청주시,PQ,1273954000,1260755900,98.96400498,천일+한맥,99.6,1007600000,101.0829,N
20210104331 - 02,20210108,오창테크노폴리스 용수공급시설 설치사업 건설사업관리용역,충청북도 청주시,PQ,1273954000,1260755900,98.96400498,경호+조은+바우,99.58,1008819000,101.1923,N
20210104331 - 02,20210108,오창테크노폴리스 용수공급시설 설치사업 건설사업관리용역,충청북도 청주시,PQ,1273954000,1260755900,98.96400498,이산+도우,99.54,1006600000,100.9568,N
20210104331 - 02,20210108,오창테크노폴리스 용수공급시설 설치사업 건설사업관리용역,충청북도 청주시,PQ,1273954000,1260755900,98.96400498,대콘+유일,99.51,985760000,98.8288,N
20210104331 - 02,20210108,오창테크노폴리스 용수공급시설 설치사업 건설사업관리용역,충청북도 청주시,PQ,1273954000,1260755900,98.96400498,화신+한광,99.51,985127000,98.7401,N
20210104331 - 02,20210108,오창테크노폴리스 용수공급시설 설치사업 건설사업관리용역,충청북도 청주시,PQ,1273954000,1260755900,98.96400498,범한+동림,99.48,984730000,98.7003,N
20210104331 - 02,20210108,오창테크노폴리스 용수공급시설 설치사업 건설사업관리용역,충청북도 청주시,PQ,1273954000,1260755900,98.96400498,경동+지명,99.47,984798000,98.6819,N
20210104331 - 02,20210108,오창테크노폴리스 용수공급시설 설치사업 건설사업관리용역,충청북도 청주시,PQ,1273954000,1260755900,98.96400498,서영+해림,99.44,1009680000,101.1494,N
20210104331 - 02,20210108,오창테크노폴리스 용수공급시설 설치사업 건설사업관리용역,충청북도 청주시,PQ,1273954000,1260755900,98.96400498,용마+해린,99.29,986491000,98.7004,N
20210104331 - 02,20210108,오창테크노폴리스 용수공급시설 설치사업 건설사업관리용역,충청북도 청주시,PQ,1273954000,1260755900,98.96400498,다산+단,99.37,984790000,98.593,N
20210104331 - 02,20210108,오창테크노폴리스 용수공급시설 설치사업 건설사업관리용역,충청북도 청주시,PQ,1273954000,1260755900,98.96400498,경원+오성,99.35,1014444000,101.5489,N
20210104331 - 02,20210108,오창테크노폴리스 용수공급시설 설치사업 건설사업관리용역,충청북도 청주시,PQ,1273954000,1260755900,98.96400498,동해+수일,99.02,1016170000,101.45,N
20210104331 - 02,20210108,오창테크노폴리스 용수공급시설 설치사업 건설사업관리용역,충청북도 청주시,PQ,1273954000,1260755900,98.96400498,제일+도명+HEC,98.74,1027000000,102.297,N
20210104399 - 01,20210108,청주오창테크노폴리스 진입도로 개설사업 건설사업관리용역 ,충청북도 청주시,PQ,1503600000,1482613550,98.60425313,건화+영진,100,1166800000,99.4941,N
20210104399 - 01,20210108,청주오창테크노폴리스 진입도로 개설사업 건설사업관리용역 ,충청북도 청주시,PQ,1503600000,1482613550,98.60425313,도화+건양,100,1169700000,99.7414,N
20210104399 - 01,20210108,청주오창테크노폴리스 진입도로 개설사업 건설사업관리용역 ,충청북도 청주시,PQ,1503600000,1482613550,98.60425313,동명+대원,100,1174200000,100.1251,N
20210104399 - 01,20210108,청주오창테크노폴리스 진입도로 개설사업 건설사업관리용역 ,충청북도 청주시,PQ,1503600000,1482613550,98.60425313,천일+한맥+서윤,100,1175800000,100.2615,N
20210104399 - 01,20210108,청주오창테크노폴리스 진입도로 개설사업 건설사업관리용역 ,충청북도 청주시,PQ,1503600000,1482613550,98.60425313,홍익+한기,100,1178598000,100.5001,N
20210104399 - 01,20210108,청주오창테크노폴리스 진입도로 개설사업 건설사업관리용역 ,충청북도 청주시,PQ,1503600000,1482613550,98.60425313,삼안+청우건축,99.9,1167210000,99.4398,N
20210104399 - 01,20210108,청주오창테크노폴리스 진입도로 개설사업 건설사업관리용역 ,충청북도 청주시,PQ,1503600000,1482613550,98.60425313,한종+창민,99.85,1186000000,101.0018,N
20210104399 - 01,20210108,청주오창테크노폴리스 진입도로 개설사업 건설사업관리용역 ,충청북도 청주시,PQ,1503600000,1482613550,98.60425313,경동+지명,99.7,1163644000,98.9712,N
20210104399 - 01,20210108,청주오창테크노폴리스 진입도로 개설사업 건설사업관리용역 ,충청북도 청주시,PQ,1503600000,1482613550,98.60425313,수성+신성건축,99.7,1165999999,99.1716,N
20210104399 - 01,20210108,청주오창테크노폴리스 진입도로 개설사업 건설사업관리용역 ,충청북도 청주시,PQ,1503600000,1482613550,98.60425313,이산+도우,99.67,1186600000,100.8979,N
20210104399 - 01,20210108,청주오창테크노폴리스 진입도로 개설사업 건설사업관리용역 ,충청북도 청주시,PQ,1503600000,1482613550,98.60425313,경원+진우,99.64,1166660000,99.177,N
20210104399 - 01,20210108,청주오창테크노폴리스 진입도로 개설사업 건설사업관리용역 ,충청북도 청주시,PQ,1503600000,1482613550,98.60425313,다산+세광,99.61,1183680000,100.611,N
20210104399 - 01,20210108,청주오창테크노폴리스 진입도로 개설사업 건설사업관리용역 ,충청북도 청주시,PQ,1503600000,1482613550,98.60425313,서영+한광,99.61,1166700000,99.1677,N
20210104399 - 01,20210108,청주오창테크노폴리스 진입도로 개설사업 건설사업관리용역 ,충청북도 청주시,PQ,1503600000,1482613550,98.60425313,선진+수일,99.58,1162980000,98.8263,N
20210104399 - 01,20210108,청주오창테크노폴리스 진입도로 개설사업 건설사업관리용역 ,충청북도 청주시,PQ,1503600000,1482613550,98.60425313,동일+동림,99.57,1163800000,98.8833,N
20210104399 - 01,20210108,청주오창테크노폴리스 진입도로 개설사업 건설사업관리용역 ,충청북도 청주시,PQ,1503600000,1482613550,98.60425313,대콘+토영,99.55,1163425000,98.8388,N
20210104399 - 01,20210108,청주오창테크노폴리스 진입도로 개설사업 건설사업관리용역 ,충청북도 청주시,PQ,1503600000,1482613550,98.60425313,신명+태광,99.55,1163163000,98.8166,N
20210104399 - 01,20210108,청주오창테크노폴리스 진입도로 개설사업 건설사업관리용역 ,충청북도 청주시,PQ,1503600000,1482613550,98.60425313,평화+건일,99.55,1192070000,101.2723,N
20210104399 - 01,20210108,청주오창테크노폴리스 진입도로 개설사업 건설사업관리용역 ,충청북도 청주시,PQ,1503600000,1482613550,98.60425313,KSM+서광,99.54,1187829000,100.8992,N
20210104399 - 01,20210108,청주오창테크노폴리스 진입도로 개설사업 건설사업관리용역 ,충청북도 청주시,PQ,1503600000,1482613550,98.60425313,내경+오성,99.53,1162087000,98.7125,N
20210104399 - 01,20210108,청주오창테크노폴리스 진입도로 개설사업 건설사업관리용역 ,충청북도 청주시,PQ,1503600000,1482613550,98.60425313,극동+해림,99.52,1191639000,101.2099,N
20210104399 - 01,20210108,청주오창테크노폴리스 진입도로 개설사업 건설사업관리용역 ,충청북도 청주시,PQ,1503600000,1482613550,98.60425313,동성+가원,99.47,1193157000,101.3,N
20210104399 - 01,20210108,청주오창테크노폴리스 진입도로 개설사업 건설사업관리용역 ,충청북도 청주시,PQ,1503600000,1482613550,98.60425313,KG+유일,99.47,1163950000,98.8203,N
20210104399 - 01,20210108,청주오창테크노폴리스 진입도로 개설사업 건설사업관리용역 ,충청북도 청주시,PQ,1503600000,1482613550,98.60425313,경호+조은+바우,99.42,1195760000,101.4692,N
20210104399 - 01,20210108,청주오창테크노폴리스 진입도로 개설사업 건설사업관리용역 ,충청북도 청주시,PQ,1503600000,1482613550,98.60425313,용마+해린,99.43,1161990000,98.6161,Y
20210104399 - 01,20210108,청주오창테크노폴리스 진입도로 개설사업 건설사업관리용역 ,충청북도 청주시,PQ,1503600000,1482613550,98.60425313,제일+도명+HEC,99.29,1200900000,101.8014,N
20210104399 - 01,20210108,청주오창테크노폴리스 진입도로 개설사업 건설사업관리용역 ,충청북도 청주시,PQ,1503600000,1482613550,98.60425313,한맥기술+명지,99.25,1300000000,110.1742,N
20210104399 - 01,20210108,청주오창테크노폴리스 진입도로 개설사업 건설사업관리용역 ,충청북도 청주시,PQ,1503600000,1482613550,98.60425313,삼보+옥토,99.24,1164400000,98.6696,N
20210105546 - 00,20210111,사천지구 마을하수도 설치사업 기본 및 실시설계 용역,경상남도 사천시,PQ,847000000,838737575,99.02450708,범한+경화,99.75,726924000,100.3137,N
20210105546 - 00,20210111,사천지구 마을하수도 설치사업 기본 및 실시설계 용역,경상남도 사천시,PQ,847000000,838737575,99.02450708,동명+한올,98.85,725400000,99.8699,N
20210105546 - 00,20210111,사천지구 마을하수도 설치사업 기본 및 실시설계 용역,경상남도 사천시,PQ,847000000,838737575,99.02450708,삼안+수성,98.42,731280000,100.5739,N
20210105546 - 00,20210111,사천지구 마을하수도 설치사업 기본 및 실시설계 용역,경상남도 사천시,PQ,847000000,838737575,99.02450708,화신+신화,98,722556000,99.27,Y
20210105546 - 00,20210111,사천지구 마을하수도 설치사업 기본 및 실시설계 용역,경상남도 사천시,PQ,847000000,838737575,99.02450708,KG+한성,97.96,722710000,99.2796,N
20210105546 - 00,20210111,사천지구 마을하수도 설치사업 기본 및 실시설계 용역,경상남도 사천시,PQ,847000000,838737575,99.02450708,경동+하우,97.87,730338000,100.3041,N
20210105546 - 00,20210111,사천지구 마을하수도 설치사업 기본 및 실시설계 용역,경상남도 사천시,PQ,847000000,838737575,99.02450708,건화+우진,97.86,720200000,98.9003,N
20210105546 - 00,20210111,사천지구 마을하수도 설치사업 기본 및 실시설계 용역,경상남도 사천시,PQ,847000000,838737575,99.02450708,선진+KSM,97.84,723860000,99.4029,N
20210105546 - 00,20210111,사천지구 마을하수도 설치사업 기본 및 실시설계 용역,경상남도 사천시,PQ,847000000,838737575,99.02450708,도화+금성기술,97.81,734930000,100.9113,N
20210105546 - 00,20210111,사천지구 마을하수도 설치사업 기본 및 실시설계 용역,경상남도 사천시,PQ,847000000,838737575,99.02450708,한종+HEC,97.78,723700000,99.3694,N
20210105546 - 00,20210111,사천지구 마을하수도 설치사업 기본 및 실시설계 용역,경상남도 사천시,PQ,847000000,838737575,99.02450708,이산+로텍,97.75,719620000,98.7976,N
20210105546 - 00,20210111,사천지구 마을하수도 설치사업 기본 및 실시설계 용역,경상남도 사천시,PQ,847000000,838737575,99.02450708,제일+하나,97.72,718718000,98.6623,N
20210105546 - 00,20210111,사천지구 마을하수도 설치사업 기본 및 실시설계 용역,경상남도 사천시,PQ,847000000,838737575,99.02450708,경호+서화,97.26,740400000,101.5207,N
20210105546 - 00,20210111,사천지구 마을하수도 설치사업 기본 및 실시설계 용역,경상남도 사천시,PQ,847000000,838737575,99.02450708,정+주원,96.05,742494000,101.5013,N
20210105546 - 00,20210111,사천지구 마을하수도 설치사업 기본 및 실시설계 용역,경상남도 사천시,PQ,847000000,838737575,99.02450708,삼주+화성,94.12,757208000,103,N
20210102108 - 02,20210111,목포 대반동지구 연안정비사업 기본 및 실시설계용역,해양수산부 목포지방해양수산청,PQ,708000000,703543200,99.37050847,세광,99.79,604950000,99.9414,N
20210102108 - 02,20210111,목포 대반동지구 연안정비사업 기본 및 실시설계용역,해양수산부 목포지방해양수산청,PQ,708000000,703543200,99.37050847,한항,99.19,609785000,100.7402,N
20210102108 - 02,20210111,목포 대반동지구 연안정비사업 기본 및 실시설계용역,해양수산부 목포지방해양수산청,PQ,708000000,703543200,99.37050847,세일,99.12,604457000,99.86,N
20210102108 - 02,20210111,목포 대반동지구 연안정비사업 기본 및 실시설계용역,해양수산부 목포지방해양수산청,PQ,708000000,703543200,99.37050847,유신+대양,99.12,604881000,99.93,N
20210102108 - 02,20210111,목포 대반동지구 연안정비사업 기본 및 실시설계용역,해양수산부 목포지방해양수산청,PQ,708000000,703543200,99.37050847,건일+동명,98.84,604490000,99.8654,N
20210102108 - 02,20210111,목포 대반동지구 연안정비사업 기본 및 실시설계용역,해양수산부 목포지방해양수산청,PQ,708000000,703543200,99.37050847,대영,98.84,608320000,100.4982,N
20210102108 - 02,20210111,목포 대반동지구 연안정비사업 기본 및 실시설계용역,해양수산부 목포지방해양수산청,PQ,708000000,703543200,99.37050847,아라,98.8,608212000,100.4803,N
20210102108 - 02,20210111,목포 대반동지구 연안정비사업 기본 및 실시설계용역,해양수산부 목포지방해양수산청,PQ,708000000,703543200,99.37050847,혜인,98.78,606910000,100.2652,N
20210102108 - 02,20210111,목포 대반동지구 연안정비사업 기본 및 실시설계용역,해양수산부 목포지방해양수산청,PQ,708000000,703543200,99.37050847,도화,98.57,610000000,100.7757,N
20210102108 - 02,20210111,목포 대반동지구 연안정비사업 기본 및 실시설계용역,해양수산부 목포지방해양수산청,PQ,708000000,703543200,99.37050847,한종,98.31,604300000,99.8107,N
20210102108 - 02,20210111,목포 대반동지구 연안정비사업 기본 및 실시설계용역,해양수산부 목포지방해양수산청,PQ,708000000,703543200,99.37050847,삼안,98.3,612150000,101.0954,N
20210102108 - 02,20210111,목포 대반동지구 연안정비사업 기본 및 실시설계용역,해양수산부 목포지방해양수산청,PQ,708000000,703543200,99.37050847,건화(한국공간정보+포스이엔지),98.25,603400000,99.6387,Y
20210102108 - 02,20210111,목포 대반동지구 연안정비사업 기본 및 실시설계용역,해양수산부 목포지방해양수산청,PQ,708000000,703543200,99.37050847,항도,97.94,601870000,99.2932,N
20210102108 - 02,20210111,목포 대반동지구 연안정비사업 기본 및 실시설계용역,해양수산부 목포지방해양수산청,PQ,708000000,703543200,99.37050847,서영+삼영,97.45,613895000,101.0999,N
20210101114 - 00,20210108,새만금 스마트 수변도시 매립공사 감독권한대행 등 건설사업관리용역,새만금개발공사,종심제,4192987000,4190963925,99.95175098,한항+한종+삼안,98.1,3468300000,82.7167,Y
20210101114 - 00,20210108,새만금 스마트 수변도시 매립공사 감독권한대행 등 건설사업관리용역,새만금개발공사,종심제,4192987000,4190963925,99.95175098,건화+도화+국성,97.119,3420000000,81.5648,N
20210101114 - 00,20210108,새만금 스마트 수변도시 매립공사 감독권한대행 등 건설사업관리용역,새만금개발공사,종심제,4192987000,4190963925,99.95175098,혜인,96.138,3450000000,82.2802,N
20210105660 - 00,20210111,밀양시 소하천정비 종합계획 수립용역,경상남도 밀양시,PQ,2208000000,2231658750,101.0715014,삼안+수성,100,1723700000,100.0912,N
20210105660 - 00,20210111,밀양시 소하천정비 종합계획 수립용역,경상남도 밀양시,PQ,2208000000,2231658750,101.0715014,다산+HEC,99.73,1736289000,100.5901,N
20210105660 - 00,20210111,밀양시 소하천정비 종합계획 수립용역,경상남도 밀양시,PQ,2208000000,2231658750,101.0715014,도화+경화,99.7,1735100000,100.4955,N
20210105660 - 00,20210111,밀양시 소하천정비 종합계획 수립용역,경상남도 밀양시,PQ,2208000000,2231658750,101.0715014,동부+한성,99.7,1720510000,99.6504,N
20210105660 - 00,20210111,밀양시 소하천정비 종합계획 수립용역,경상남도 밀양시,PQ,2208000000,2231658750,101.0715014,한종+현진,99.64,1737700000,100.5946,N
20210105660 - 00,20210111,밀양시 소하천정비 종합계획 수립용역,경상남도 밀양시,PQ,2208000000,2231658750,101.0715014,평화+한올+경동,99.64,1739600000,100.7046,N
20210105660 - 00,20210111,밀양시 소하천정비 종합계획 수립용역,경상남도 밀양시,PQ,2208000000,2231658750,101.0715014,KSM+중앙방재,99.64,1723872000,99.7941,N
20210105660 - 00,20210111,밀양시 소하천정비 종합계획 수립용역,경상남도 밀양시,PQ,2208000000,2231658750,101.0715014,이산+하존,99.62,1734488000,100.3958,N
20210105660 - 00,20210111,밀양시 소하천정비 종합계획 수립용역,경상남도 밀양시,PQ,2208000000,2231658750,101.0715014,동명+우진,99.55,1736900000,100.4841,N
20210105660 - 00,20210111,밀양시 소하천정비 종합계획 수립용역,경상남도 밀양시,PQ,2208000000,2231658750,101.0715014,건화+하우+KCI,99.52,1746200000,100.9963,N
20210105660 - 00,20210111,밀양시 소하천정비 종합계획 수립용역,경상남도 밀양시,PQ,2208000000,2231658750,101.0715014,유신+화성,99.5,1716036000,99.239,N
20210105660 - 00,20210111,밀양시 소하천정비 종합계획 수립용역,경상남도 밀양시,PQ,2208000000,2231658750,101.0715014,KG+천진+서영,99.4,1757560000,101.5496,Y
20210105660 - 00,20210111,밀양시 소하천정비 종합계획 수립용역,경상남도 밀양시,PQ,2208000000,2231658750,101.0715014,동성+우리,99.15,1708260000,98.5,N
20210105660 - 00,20210111,밀양시 소하천정비 종합계획 수립용역,경상남도 밀양시,PQ,2208000000,2231658750,101.0715014,경호+극동+미래,99.1,2100000000,121.0419,N
진영국토관리사무소 공고 제2021 - 4 호,20210112,국도20호선 창녕 성산 방리 단구간 확장사업 외 2개소 실시설계용역 ,부산지방국토관리청 진영국토관리사무소,PQ,399000000,397849950,99.71176692,건화(청우기술+지앤비),98.3,333000000,99.8369,N
진영국토관리사무소 공고 제2021 - 4 호,20210112,국도20호선 창녕 성산 방리 단구간 확장사업 외 2개소 실시설계용역 ,부산지방국토관리청 진영국토관리사무소,PQ,399000000,397849950,99.71176692,한종,98.3,332660000,99.735,Y
진영국토관리사무소 공고 제2021 - 4 호,20210112,국도20호선 창녕 성산 방리 단구간 확장사업 외 2개소 실시설계용역 ,부산지방국토관리청 진영국토관리사무소,PQ,399000000,397849950,99.71176692,일신,98.3,334378000,100.25,N
진영국토관리사무소 공고 제2021 - 4 호,20210112,국도20호선 창녕 성산 방리 단구간 확장사업 외 2개소 실시설계용역 ,부산지방국토관리청 진영국토관리사무소,PQ,399000000,397849950,99.71176692,바우,98.3,333670000,100.0378,N
진영국토관리사무소 공고 제2021 - 4 호,20210112,국도20호선 창녕 성산 방리 단구간 확장사업 외 2개소 실시설계용역 ,부산지방국토관리청 진영국토관리사무소,PQ,399000000,397849950,99.71176692,홍익,98.3,332777000,99.77,N
진영국토관리사무소 공고 제2021 - 4 호,20210112,국도20호선 창녕 성산 방리 단구간 확장사업 외 2개소 실시설계용역 ,부산지방국토관리청 진영국토관리사무소,PQ,399000000,397849950,99.71176692,드림+용마,98.3,335720000,100.6524,N
진영국토관리사무소 공고 제2021 - 4 호,20210112,국도20호선 창녕 성산 방리 단구간 확장사업 외 2개소 실시설계용역 ,부산지방국토관리청 진영국토관리사무소,PQ,399000000,397849950,99.71176692,동성,98.3,335778000,100.6698,N
진영국토관리사무소 공고 제2021 - 4 호,20210112,국도20호선 창녕 성산 방리 단구간 확장사업 외 2개소 실시설계용역 ,부산지방국토관리청 진영국토관리사무소,PQ,399000000,397849950,99.71176692,한맥,98.3,333390000,99.9538,N
진영국토관리사무소 공고 제2021 - 4 호,20210112,국도20호선 창녕 성산 방리 단구간 확장사업 외 2개소 실시설계용역 ,부산지방국토관리청 진영국토관리사무소,PQ,399000000,397849950,99.71176692,경동,98.3,331748000,99.4615,N
진영국토관리사무소 공고 제2021 - 4 호,20210112,국도20호선 창녕 성산 방리 단구간 확장사업 외 2개소 실시설계용역 ,부산지방국토관리청 진영국토관리사무소,PQ,399000000,397849950,99.71176692,천일+건일,98.3,334630000,100.3256,N
진영국토관리사무소 공고 제2021 - 4 호,20210112,국도20호선 창녕 성산 방리 단구간 확장사업 외 2개소 실시설계용역 ,부산지방국토관리청 진영국토관리사무소,PQ,399000000,397849950,99.71176692,KG,98.3,334610000,100.3196,N
진영국토관리사무소 공고 제2021 - 4 호,20210112,국도20호선 창녕 성산 방리 단구간 확장사업 외 2개소 실시설계용역 ,부산지방국토관리청 진영국토관리사무소,PQ,399000000,397849950,99.71176692,경호,98.3,335110000,100.4695,N
진영국토관리사무소 공고 제2021 - 4 호,20210112,국도20호선 창녕 성산 방리 단구간 확장사업 외 2개소 실시설계용역 ,부산지방국토관리청 진영국토관리사무소,PQ,399000000,397849950,99.71176692,경원,98.3,334280000,100.2206,N
진영국토관리사무소 공고 제2021 - 4 호,20210112,국도20호선 창녕 성산 방리 단구간 확장사업 외 2개소 실시설계용역 ,부산지방국토관리청 진영국토관리사무소,PQ,399000000,397849950,99.71176692,다산,98.3,332377000,99.6501,N
진영국토관리사무소 공고 제2021 - 4 호,20210112,국도20호선 창녕 성산 방리 단구간 확장사업 외 2개소 실시설계용역 ,부산지방국토관리청 진영국토관리사무소,PQ,399000000,397849950,99.71176692,유신,98.3,333191000,99.8942,N
진영국토관리사무소 공고 제2021 - 4 호,20210112,국도20호선 창녕 성산 방리 단구간 확장사업 외 2개소 실시설계용역 ,부산지방국토관리청 진영국토관리사무소,PQ,399000000,397849950,99.71176692,제일,98.3,333677000,100.0399,N
진영국토관리사무소 공고 제2021 - 4 호,20210112,국도20호선 창녕 성산 방리 단구간 확장사업 외 2개소 실시설계용역 ,부산지방국토관리청 진영국토관리사무소,PQ,399000000,397849950,99.71176692,수성,98.3,333949000,100.1214,N
진영국토관리사무소 공고 제2021 - 4 호,20210112,국도20호선 창녕 성산 방리 단구간 확장사업 외 2개소 실시설계용역 ,부산지방국토관리청 진영국토관리사무소,PQ,399000000,397849950,99.71176692,KCI,98.3,333510000,99.9898,N
진영국토관리사무소 공고 제2021 - 4 호,20210112,국도20호선 창녕 성산 방리 단구간 확장사업 외 2개소 실시설계용역 ,부산지방국토관리청 진영국토관리사무소,PQ,399000000,397849950,99.71176692,한기,98.3,0,0,N
진영국토관리사무소 공고 제2021 - 4 호,20210112,국도20호선 창녕 성산 방리 단구간 확장사업 외 2개소 실시설계용역 ,부산지방국토관리청 진영국토관리사무소,PQ,399000000,397849950,99.71176692,대콘,98.3,331809900,99.4801,N
진영국토관리사무소 공고 제2021 - 4 호,20210112,국도20호선 창녕 성산 방리 단구간 확장사업 외 2개소 실시설계용역 ,부산지방국토관리청 진영국토관리사무소,PQ,399000000,397849950,99.71176692,극동,98.3,334977000,100.4296,N
진영국토관리사무소 공고 제2021 - 4 호,20210112,국도20호선 창녕 성산 방리 단구간 확장사업 외 2개소 실시설계용역 ,부산지방국토관리청 진영국토관리사무소,PQ,399000000,397849950,99.71176692,하이콘,98.3,332800000,99.7769,N
진영국토관리사무소 공고 제2021 - 4 호,20210112,국도20호선 창녕 성산 방리 단구간 확장사업 외 2개소 실시설계용역 ,부산지방국토관리청 진영국토관리사무소,PQ,399000000,397849950,99.71176692,삼안,98.16,337370000,101.0866,N
진영국토관리사무소 공고 제2021 - 4 호,20210112,국도20호선 창녕 성산 방리 단구간 확장사업 외 2개소 실시설계용역 ,부산지방국토관리청 진영국토관리사무소,PQ,399000000,397849950,99.71176692,이산,98.15,331540000,99.3397,N
진영국토관리사무소 공고 제2021 - 4 호,20210112,국도20호선 창녕 성산 방리 단구간 확장사업 외 2개소 실시설계용역 ,부산지방국토관리청 진영국토관리사무소,PQ,399000000,397849950,99.71176692,서영,98.03,336250000,100.7029,N
진영국토관리사무소 공고 제2021 - 4 호,20210112,국도20호선 창녕 성산 방리 단구간 확장사업 외 2개소 실시설계용역 ,부산지방국토관리청 진영국토관리사무소,PQ,399000000,397849950,99.71176692,평화,98.03,336470000,100.7687,N
진영국토관리사무소 공고 제2021 - 4 호,20210112,국도20호선 창녕 성산 방리 단구간 확장사업 외 2개소 실시설계용역 ,부산지방국토관리청 진영국토관리사무소,PQ,399000000,397849950,99.71176692,신성,98,336880000,100.8795,N
진영국토관리사무소 공고 제2021 - 4 호,20210112,국도20호선 창녕 성산 방리 단구간 확장사업 외 2개소 실시설계용역 ,부산지방국토관리청 진영국토관리사무소,PQ,399000000,397849950,99.71176692,동부,98,336589000,100.7923,N
진영국토관리사무소 공고 제2021 - 4 호,20210112,국도20호선 창녕 성산 방리 단구간 확장사업 외 2개소 실시설계용역 ,부산지방국토관리청 진영국토관리사무소,PQ,399000000,397849950,99.71176692,도화+동서,97.87,339100000,101.4836,N
진영국토관리사무소 공고 제2021 - 4 호,20210112,국도20호선 창녕 성산 방리 단구간 확장사업 외 2개소 실시설계용역 ,부산지방국토관리청 진영국토관리사무소,PQ,399000000,397849950,99.71176692,동명,97.5,338000000,100.9977,N
진영국토관리사무소 공고 제2021 - 4 호,20210112,국도20호선 창녕 성산 방리 단구간 확장사업 외 2개소 실시설계용역 ,부산지방국토관리청 진영국토관리사무소,PQ,399000000,397849950,99.71176692,동일+도건,97.06,339700000,101.3124,N
진영국토관리사무소 공고 제2021 - 4 호,20210112,국도20호선 창녕 성산 방리 단구간 확장사업 외 2개소 실시설계용역 ,부산지방국토관리청 진영국토관리사무소,PQ,399000000,397849950,99.71176692,천마,96.9,331480000,98.802,N
진영국토관리사무소 공고 제2021 - 4 호,20210112,국도20호선 창녕 성산 방리 단구간 확장사업 외 2개소 실시설계용역 ,부산지방국토관리청 진영국토관리사무소,PQ,399000000,397849950,99.71176692,장맥,96.83,367000000,109.3632,N
,20210113,아산탕정2 신도시 입체적 마스터플랜 설계공모,한국토지주택공사,현상공모,6955399000,6955399000,100,동명+건화+대콘+동부+제일(정림),100,6538000000,93.9989,Y
20210109232 - 01,20210113,포항시 수도정비 기본계획(변경)수립용역,경상북도 포항시 맑은물사업본부,PQ,2021000000,1985415300,98.23925285,도화+세원+동성+태성+한주,100,1595450000,101.2162,N
20210109232 - 01,20210113,포항시 수도정비 기본계획(변경)수립용역,경상북도 포항시 맑은물사업본부,PQ,2021000000,1985415300,98.23925285,정+제일+다산,97.38,1591662000,98.8468,N
20210109232 - 01,20210113,포항시 수도정비 기본계획(변경)수립용역,경상북도 포항시 맑은물사업본부,PQ,2021000000,1985415300,98.23925285,한종+KCI,97.23,1633500000,101.3179,N
20210109232 - 01,20210113,포항시 수도정비 기본계획(변경)수립용역,경상북도 포항시 맑은물사업본부,PQ,2021000000,1985415300,98.23925285,삼안+한도+청우E,97.2,1589720000,98.5777,N
20210109232 - 01,20210113,포항시 수도정비 기본계획(변경)수립용역,경상북도 포항시 맑은물사업본부,PQ,2021000000,1985415300,98.23925285,선진+보람+반석,97.19,1592170000,98.7296,N
20210109232 - 01,20210113,포항시 수도정비 기본계획(변경)수립용역,경상북도 포항시 맑은물사업본부,PQ,2021000000,1985415300,98.23925285,건화+명성,97.16,0,0,N
20210109232 - 01,20210113,포항시 수도정비 기본계획(변경)수립용역,경상북도 포항시 맑은물사업본부,PQ,2021000000,1985415300,98.23925285,화신+주하+서광,97.14,1588180000,98.4329,Y
20210109232 - 01,20210113,포항시 수도정비 기본계획(변경)수립용역,경상북도 포항시 맑은물사업본부,PQ,2021000000,1985415300,98.23925285,이산+청명+한맥,97,1589880000,98.4396,N
20210109232 - 01,20210113,포항시 수도정비 기본계획(변경)수립용역,경상북도 포항시 맑은물사업본부,PQ,2021000000,1985415300,98.23925285,유신+건일+경동,96.5,1656575000,102.16,N
20210109232 - 01,20210113,포항시 수도정비 기본계획(변경)수립용역,경상북도 포항시 맑은물사업본부,PQ,2021000000,1985415300,98.23925285,동명+범한+동진,95.69,1919900000,117.6367,N
20210108726 - 00,20210113,문산~내포(2) 도로확포장공사 건설사업관리용역,경기도 경기도건설본부,PQ,928385000,922292525,99.34375555,용마+평화,100,793320000,99.9493,N
20210108726 - 00,20210113,문산~내포(2) 도로확포장공사 건설사업관리용역,경기도 경기도건설본부,PQ,928385000,922292525,99.34375555,신성+태조,100,793321000,99.9494,N
20210108726 - 00,20210113,문산~내포(2) 도로확포장공사 건설사업관리용역,경기도 경기도건설본부,PQ,928385000,922292525,99.34375555,이산+천마,100,794888000,100.1468,N
20210108726 - 00,20210113,문산~내포(2) 도로확포장공사 건설사업관리용역,경기도 경기도건설본부,PQ,928385000,922292525,99.34375555,수성+토아,100,797610000,100.4897,N
20210108726 - 00,20210113,문산~내포(2) 도로확포장공사 건설사업관리용역,경기도 경기도건설본부,PQ,928385000,922292525,99.34375555,도화+경호,99.98,796300000,100.313,N
20210108726 - 00,20210113,문산~내포(2) 도로확포장공사 건설사업관리용역,경기도 경기도건설본부,PQ,928385000,922292525,99.34375555,건화+한맥,99.85,792500000,99.7993,N
20210108726 - 00,20210113,문산~내포(2) 도로확포장공사 건설사업관리용역,경기도 경기도건설본부,PQ,928385000,922292525,99.34375555,내경+바우+한국검정,99.83,799890000,100.7299,N
20210108726 - 00,20210113,문산~내포(2) 도로확포장공사 건설사업관리용역,경기도 경기도건설본부,PQ,928385000,922292525,99.34375555,선진+천일,99.75,790940000,99.5795,Y
20210108726 - 00,20210113,문산~내포(2) 도로확포장공사 건설사업관리용역,경기도 경기도건설본부,PQ,928385000,922292525,99.34375555,동일+목양,99.63,788200000,99.1998,N
20210108726 - 00,20210113,문산~내포(2) 도로확포장공사 건설사업관리용역,경기도 경기도건설본부,PQ,928385000,922292525,99.34375555,경원+건영,99.63,794070000,99.9385,N
20210108726 - 00,20210113,문산~내포(2) 도로확포장공사 건설사업관리용역,경기도 경기도건설본부,PQ,928385000,922292525,99.34375555,한종+KSM,99.6,786750000,99.0173,N
20210108726 - 00,20210113,문산~내포(2) 도로확포장공사 건설사업관리용역,경기도 경기도건설본부,PQ,928385000,922292525,99.34375555,극동+TSK,99.59,801802000,100.8999,N
20210108726 - 00,20210113,문산~내포(2) 도로확포장공사 건설사업관리용역,경기도 경기도건설본부,PQ,928385000,922292525,99.34375555,KG+보람,99.58,789000000,99.2889,N
20210108726 - 00,20210113,문산~내포(2) 도로확포장공사 건설사업관리용역,경기도 경기도건설본부,PQ,928385000,922292525,99.34375555,다산+벽산,99.55,788533000,99.2301,N
20210108726 - 00,20210113,문산~내포(2) 도로확포장공사 건설사업관리용역,경기도 경기도건설본부,PQ,928385000,922292525,99.34375555,신명+다음,99.55,800055000,100.68,N
20210108726 - 00,20210113,문산~내포(2) 도로확포장공사 건설사업관리용역,경기도 경기도건설본부,PQ,928385000,922292525,99.34375555,경동+(주)한종,99.5,784770000,98.745,N
20210108726 - 00,20210113,문산~내포(2) 도로확포장공사 건설사업관리용역,경기도 경기도건설본부,PQ,928385000,922292525,99.34375555,화신+동명,99.45,801929000,100.8805,N
20210108726 - 00,20210113,문산~내포(2) 도로확포장공사 건설사업관리용역,경기도 경기도건설본부,PQ,928385000,922292525,99.34375555,우빈+대건,99.28,787971000,99.0899,N
20210108726 - 00,20210113,문산~내포(2) 도로확포장공사 건설사업관리용역,경기도 경기도건설본부,PQ,928385000,922292525,99.34375555,하이콘+케이탑,99.28,0,0,N
20210108726 - 00,20210113,문산~내포(2) 도로확포장공사 건설사업관리용역,경기도 경기도건설본부,PQ,928385000,922292525,99.34375555,홍익+케이아트,99.19,808120000,101.6,N
20210108726 - 00,20210113,문산~내포(2) 도로확포장공사 건설사업관리용역,경기도 경기도건설본부,PQ,928385000,922292525,99.34375555,대콘+일도,99.16,805467000,101.2546,N
20210108726 - 00,20210113,문산~내포(2) 도로확포장공사 건설사업관리용역,경기도 경기도건설본부,PQ,928385000,922292525,99.34375555,동성+오이디,99.14,786736000,98.9,N
20210108726 - 00,20210113,문산~내포(2) 도로확포장공사 건설사업관리용역,경기도 경기도건설본부,PQ,928385000,922292525,99.34375555,제일+효광,99.09,814000000,102.3034,N
20210108783 - 00,20210113,운정호수공원 수질개선사업 실시설계용역,경기도 파주시,PQ,460000000,458763750,99.73125,범한+서영,97.7,398747000,99.7,N
20210108783 - 00,20210113,운정호수공원 수질개선사업 실시설계용역,경기도 파주시,PQ,460000000,458763750,99.73125,건화+우진(삼기지질),97.18,410000000,102.4664,N
20210108783 - 00,20210113,운정호수공원 수질개선사업 실시설계용역,경기도 파주시,PQ,460000000,458763750,99.73125,한종+KCI,97.13,401378000,100.3001,Y
2100089 - 00,20210113,서울영등포 공공주택지구 조사설계용역,한국토지주택공사,PQ,679426000,677484000,99.71417049,동일+서영+고산,97.83,588000000,100.5795,N
2100089 - 00,20210113,서울영등포 공공주택지구 조사설계용역,한국토지주택공사,PQ,679426000,677484000,99.71417049,수성+도화+성우,97.19,586344000,100.1101,Y
2100089 - 00,20210113,서울영등포 공공주택지구 조사설계용역,한국토지주택공사,PQ,679426000,677484000,99.71417049,건화+명성,96.78,592800000,101.0951,N
2100089 - 00,20210113,서울영등포 공공주택지구 조사설계용역,한국토지주택공사,PQ,679426000,677484000,99.71417049,일신+유신+천마,96.02,605000000,102.949,N
2100089 - 00,20210113,서울영등포 공공주택지구 조사설계용역,한국토지주택공사,PQ,679426000,677484000,99.71417049,동해,89.5,598000000,99.8757,N
20210108352 - 02,20210113,제2의왕테크노파크 개발제한구역 해제 및 조사 설계 용역,경기도 의왕시,PQ,1451688000,1477096225,101.7502538,경동+삼안+도화,98.5,1154547000,100.73,N
20210108352 - 02,20210113,제2의왕테크노파크 개발제한구역 해제 및 조사 설계 용역,경기도 의왕시,PQ,1451688000,1477096225,101.7502538,동명+한종+명성,97.61,1149167000,99.542,N
20210108352 - 02,20210113,제2의왕테크노파크 개발제한구역 해제 및 조사 설계 용역,경기도 의왕시,PQ,1451688000,1477096225,101.7502538,건화(예당),97.6,1153000000,99.8614,N
20210108352 - 02,20210113,제2의왕테크노파크 개발제한구역 해제 및 조사 설계 용역,경기도 의왕시,PQ,1451688000,1477096225,101.7502538,KG+유신,97.27,1389000000,119.9846,N
20210108352 - 02,20210113,제2의왕테크노파크 개발제한구역 해제 및 조사 설계 용역,경기도 의왕시,PQ,1451688000,1477096225,101.7502538,동일+서영,97.1,1300000000,112.1419,Y
광주국토관리사무소 ,20210112,광주국토 위험도로 개선사업 등 통합건설사업관리용역 ,익산지방국토관리청 광주국토관리사무소,PQ,2060000000,2044817800,99.263,경동,100,1712789000,100.1809,N
광주국토관리사무소 ,20210112,광주국토 위험도로 개선사업 등 통합건설사업관리용역 ,익산지방국토관리청 광주국토관리사무소,PQ,2060000000,2044817800,99.263,다산,100,1715339000,100.33,N
광주국토관리사무소 ,20210112,광주국토 위험도로 개선사업 등 통합건설사업관리용역 ,익산지방국토관리청 광주국토관리사무소,PQ,2060000000,2044817800,99.263,삼보+도화,100,1708670000,99.9399,N
광주국토관리사무소 ,20210112,광주국토 위험도로 개선사업 등 통합건설사업관리용역 ,익산지방국토관리청 광주국토관리사무소,PQ,2060000000,2044817800,99.263,KCI+하이콘,100,1719000000,100.5441,N
광주국토관리사무소 ,20210112,광주국토 위험도로 개선사업 등 통합건설사업관리용역 ,익산지방국토관리청 광주국토관리사무소,PQ,2060000000,2044817800,99.263,건화,99.97,0,0,N
광주국토관리사무소 ,20210112,광주국토 위험도로 개선사업 등 통합건설사업관리용역 ,익산지방국토관리청 광주국토관리사무소,PQ,2060000000,2044817800,99.263,경원,99.97,1705770000,99.7463,N
광주국토관리사무소 ,20210112,광주국토 위험도로 개선사업 등 통합건설사업관리용역 ,익산지방국토관리청 광주국토관리사무소,PQ,2060000000,2044817800,99.263,동일+천마,99.8,1705000000,99.6292,N
광주국토관리사무소 ,20210112,광주국토 위험도로 개선사업 등 통합건설사업관리용역 ,익산지방국토관리청 광주국토관리사무소,PQ,2060000000,2044817800,99.263,용마+장맥,99.71,1725000000,100.7494,N
광주국토관리사무소 ,20210112,광주국토 위험도로 개선사업 등 통합건설사업관리용역 ,익산지방국토관리청 광주국토관리사무소,PQ,2060000000,2044817800,99.263,일신,99.56,1700992000,99.2755,Y
광주국토관리사무소 ,20210112,광주국토 위험도로 개선사업 등 통합건설사업관리용역 ,익산지방국토관리청 광주국토관리사무소,PQ,2060000000,2044817800,99.263,극동+화신,99.4,1728872000,100.83,N
광주국토관리사무소 ,20210112,광주국토 위험도로 개선사업 등 통합건설사업관리용역 ,익산지방국토관리청 광주국토관리사무소,PQ,2060000000,2044817800,99.263,평화+동명,99.34,1730670000,100.8985,N
광주국토관리사무소 ,20210112,광주국토 위험도로 개선사업 등 통합건설사업관리용역 ,익산지방국토관리청 광주국토관리사무소,PQ,2060000000,2044817800,99.263,동부,99.33,1733270000,101.05,N
광주국토관리사무소 ,20210112,광주국토 위험도로 개선사업 등 통합건설사업관리용역 ,익산지방국토관리청 광주국토관리사무소,PQ,2060000000,2044817800,99.263,한맥,99.3,1698330000,99.0011,N
광주국토관리사무소 ,20210112,광주국토 위험도로 개선사업 등 통합건설사업관리용역 ,익산지방국토관리청 광주국토관리사무소,PQ,2060000000,2044817800,99.263,대콘+동남,99.26,1703254000,99.2643,N
광주국토관리사무소 ,20210112,광주국토 위험도로 개선사업 등 통합건설사업관리용역 ,익산지방국토관리청 광주국토관리사무소,PQ,2060000000,2044817800,99.263,KG+보람,99.17,1738460000,101.2675,N
광주국토관리사무소 ,20210112,광주국토 위험도로 개선사업 등 통합건설사업관리용역 ,익산지방국토관리청 광주국토관리사무소,PQ,2060000000,2044817800,99.263,우주+KRTC,98.57,1702730000,98.9013,N
광주국토관리사무소 ,20210112,광주국토 위험도로 개선사업 등 통합건설사업관리용역 ,익산지방국토관리청 광주국토관리사무소,PQ,2060000000,2044817800,99.263,동아,98.55,1743800000,101.2869,N
2021-02-000005-00,20210112,충북선 소이~주덕 등 31개소 재해예방시설개량공사 감독 권한대행 등 건설사업관리용역(개찰4순위),국가철도공단,PQ,1867455700,1860905972,99.64926997,동명,100,1460900000,100.3006,Y
2021-02-000005-00,20210112,충북선 소이~주덕 등 31개소 재해예방시설개량공사 감독 권한대행 등 건설사업관리용역(개찰4순위),국가철도공단,PQ,1867455700,1860905972,99.64926997,유신,99.77,1460940000,100.098,N
2021-02-000005-00,20210112,충북선 소이~주덕 등 31개소 재해예방시설개량공사 감독 권한대행 등 건설사업관리용역(개찰4순위),국가철도공단,PQ,1867455700,1860905972,99.64926997,대콘,99.63,1462530000,100.0789,N
2021-02-000005-00,20210112,충북선 소이~주덕 등 31개소 재해예방시설개량공사 감독 권한대행 등 건설사업관리용역(개찰4순위),국가철도공단,PQ,1867455700,1860905972,99.64926997,KRTC+도화,99.63,1465750000,100.2992,N
2021-02-000005-00,20210112,충북선 소이~주덕 등 31개소 재해예방시설개량공사 감독 권한대행 등 건설사업관리용역(개찰4순위),국가철도공단,PQ,1867455700,1860905972,99.64926997,대건+한종+선진+신승,99.5,1468880000,100.3979,N
2021-02-000005-00,20210112,충북선 소이~주덕 등 31개소 재해예방시설개량공사 감독 권한대행 등 건설사업관리용역(개찰4순위),국가철도공단,PQ,1867455700,1860905972,99.64926997,태조+신성,99.46,1466666000,100.2082,N
2021-02-000005-00,20210112,충북선 소이~주덕 등 31개소 재해예방시설개량공사 감독 권한대행 등 건설사업관리용역(개찰4순위),국가철도공단,PQ,1867455700,1860905972,99.64926997,경동+삼안+대산+이산,99.3,1457890000,99.469,N
2021-02-000005-00,20210112,충북선 소이~주덕 등 31개소 재해예방시설개량공사 감독 권한대행 등 건설사업관리용역(개찰4순위),국가철도공단,PQ,1867455700,1860905972,99.64926997,삼보+동양,99.28,1455900000,99.3206,N
2021-02-000005-00,20210112,충북선 소이~주덕 등 31개소 재해예방시설개량공사 감독 권한대행 등 건설사업관리용역(개찰4순위),국가철도공단,PQ,1867455700,1860905972,99.64926997,서영+제일+동해,99,1493000000,101.5927,N
2021-02-000005-00,20210112,충북선 소이~주덕 등 31개소 재해예방시설개량공사 감독 권한대행 등 건설사업관리용역(개찰4순위),국가철도공단,PQ,1867455700,1860905972,99.64926997,용마+동부,98.5,1520200000,102.9855,N
2021-02-000005-00,20210112,충북선 소이~주덕 등 31개소 재해예방시설개량공사 감독 권한대행 등 건설사업관리용역(개찰4순위),국가철도공단,PQ,1867455700,1860905972,99.64926997,화정+선구+건일+글로벌,96.06,1607000000,106.5605,N
2021-02-000004-00,20210112,경부선 조치원~내판 등 34개소 재해예방시설개량공사 감독 권한대행 등 건설사업관리용역(개찰3순위),국가철도공단,PQ,1988156500,1974725359,99.32444247,서현+동명+유신,99.74,1556500000,100.1453,N
2021-02-000004-00,20210112,경부선 조치원~내판 등 34개소 재해예방시설개량공사 감독 권한대행 등 건설사업관리용역(개찰3순위),국가철도공단,PQ,1988156500,1974725359,99.32444247,도화+KRTC,99.72,1562630000,100.514,N
2021-02-000004-00,20210112,경부선 조치원~내판 등 34개소 재해예방시설개량공사 감독 권한대행 등 건설사업관리용역(개찰3순위),국가철도공단,PQ,1988156500,1974725359,99.32444247,건화+천일+동일,99.71,1555335000,100.0448,N
2021-02-000004-00,20210112,경부선 조치원~내판 등 34개소 재해예방시설개량공사 감독 권한대행 등 건설사업관리용역(개찰3순위),국가철도공단,PQ,1988156500,1974725359,99.32444247,이산+경동+다산+삼안,99.62,1568380000,100.7936,N
2021-02-000004-00,20210112,경부선 조치원~내판 등 34개소 재해예방시설개량공사 감독 권한대행 등 건설사업관리용역(개찰3순위),국가철도공단,PQ,1988156500,1974725359,99.32444247,대콘+동부,99.39,1571234000,100.771,N
2021-02-000004-00,20210112,경부선 조치원~내판 등 34개소 재해예방시설개량공사 감독 권한대행 등 건설사업관리용역(개찰3순위),국가철도공단,PQ,1988156500,1974725359,99.32444247,한종+선진+대건,99.34,1547400000,99.2045,N
2021-02-000004-00,20210112,경부선 조치원~내판 등 34개소 재해예방시설개량공사 감독 권한대행 등 건설사업관리용역(개찰3순위),국가철도공단,PQ,1988156500,1974725359,99.32444247,진우+경원+삼경,99.21,1553633000,99.49,Y
2021-02-000004-00,20210112,경부선 조치원~내판 등 34개소 재해예방시설개량공사 감독 권한대행 등 건설사업관리용역(개찰3순위),국가철도공단,PQ,1988156500,1974725359,99.32444247,제일+서영+동해,98.95,1586300000,101.3496,N
2021-02-000004-00,20210112,경부선 조치원~내판 등 34개소 재해예방시설개량공사 감독 권한대행 등 건설사업관리용역(개찰3순위),국가철도공단,PQ,1988156500,1974725359,99.32444247,신성+태조+삼보,98.89,1548180000,98.8513,N
2021-02-000004-00,20210112,경부선 조치원~내판 등 34개소 재해예방시설개량공사 감독 권한대행 등 건설사업관리용역(개찰3순위),국가철도공단,PQ,1988156500,1974725359,99.32444247,글로벌+선구+건일+화정,97.96,1679302500,106.346,N
2021-02-000003-00,20210112,장항선 쌍용~아산 등 12개소 재해예방시설개량공사 감독 권한대행 등 건설사업관리용역(개찰2순위),국가철도공단,PQ,2013867900,2018174858,100.213865,유신+동명+서현,100,1569931000,99.95,N
2021-02-000003-00,20210112,장항선 쌍용~아산 등 12개소 재해예방시설개량공사 감독 권한대행 등 건설사업관리용역(개찰2순위),국가철도공단,PQ,2013867900,2018174858,100.213865,도화+KRTC,100,1584330000,100.8667,Y
2021-02-000003-00,20210112,장항선 쌍용~아산 등 12개소 재해예방시설개량공사 감독 권한대행 등 건설사업관리용역(개찰2순위),국가철도공단,PQ,2013867900,2018174858,100.213865,삼안+이산+다산+경동,99.52,1570250000,99.5364,N
2021-02-000003-00,20210112,장항선 쌍용~아산 등 12개소 재해예방시설개량공사 감독 권한대행 등 건설사업관리용역(개찰2순위),국가철도공단,PQ,2013867900,2018174858,100.213865,동일+건화+천일,99.5,1595000000,101.0924,N
2021-02-000003-00,20210112,장항선 쌍용~아산 등 12개소 재해예방시설개량공사 감독 권한대행 등 건설사업관리용역(개찰2순위),국가철도공단,PQ,2013867900,2018174858,100.213865,선진+한종+대건,99.4,1567890000,99.2854,N
2021-02-000003-00,20210112,장항선 쌍용~아산 등 12개소 재해예방시설개량공사 감독 권한대행 등 건설사업관리용역(개찰2순위),국가철도공단,PQ,2013867900,2018174858,100.213865,삼보+태조+신성,99.26,1567750000,99.1501,N
2021-02-000003-00,20210112,장항선 쌍용~아산 등 12개소 재해예방시설개량공사 감독 권한대행 등 건설사업관리용역(개찰2순위),국가철도공단,PQ,2013867900,2018174858,100.213865,선구,99.08,1607000000,101.4773,N
2021-02-000003-00,20210112,장항선 쌍용~아산 등 12개소 재해예방시설개량공사 감독 권한대행 등 건설사업관리용역(개찰2순위),국가철도공단,PQ,2013867900,2018174858,100.213865,진우+다음+경원+삼경,99.04,1603220000,101.2,N
2021-02-000003-00,20210112,장항선 쌍용~아산 등 12개소 재해예방시설개량공사 감독 권한대행 등 건설사업관리용역(개찰2순위),국가철도공단,PQ,2013867900,2018174858,100.213865,동해+서영+제일,99.01,1563400000,98.6614,N
2021-02-000003-00,20210112,장항선 쌍용~아산 등 12개소 재해예방시설개량공사 감독 권한대행 등 건설사업관리용역(개찰2순위),국가철도공단,PQ,2013867900,2018174858,100.213865,수성+대콘,98.91,1938706000,122.237,N
2021-02-000002-00,20210112,경북선 상주~백원 등 37개소 재해예방시설개량공사 감독 권한대행 등 건설사업관리용역(개찰1순위),국가철도공단,PQ,2184134700,2178554726,99.74452244,동명+서현+유신,100,1718900000,100.9031,N
2021-02-000002-00,20210112,경북선 상주~백원 등 37개소 재해예방시설개량공사 감독 권한대행 등 건설사업관리용역(개찰1순위),국가철도공단,PQ,2184134700,2178554726,99.74452244,천일+건화+동일,99.97,1703730000,99.9869,Y
2021-02-000002-00,20210112,경북선 상주~백원 등 37개소 재해예방시설개량공사 감독 권한대행 등 건설사업관리용역(개찰1순위),국가철도공단,PQ,2184134700,2178554726,99.74452244,KRTC+도화,99.69,1701500000,99.6007,N
2021-02-000002-00,20210112,경북선 상주~백원 등 37개소 재해예방시설개량공사 감독 권한대행 등 건설사업관리용역(개찰1순위),국가철도공단,PQ,2184134700,2178554726,99.74452244,다산+경동+이산+삼안,99.62,1701720000,99.55,N
2021-02-000002-00,20210112,경북선 상주~백원 등 37개소 재해예방시설개량공사 감독 권한대행 등 건설사업관리용역(개찰1순위),국가철도공단,PQ,2184134700,2178554726,99.74452244,동부+수성,99.45,1698983000,99.2504,N
2021-02-000002-00,20210112,경북선 상주~백원 등 37개소 재해예방시설개량공사 감독 권한대행 등 건설사업관리용역(개찰1순위),국가철도공단,PQ,2184134700,2178554726,99.74452244,태조+신성+삼보,99.41,1736000000,101.374,N
2021-02-000002-00,20210112,경북선 상주~백원 등 37개소 재해예방시설개량공사 감독 권한대행 등 건설사업관리용역(개찰1순위),국가철도공단,PQ,2184134700,2178554726,99.74452244,서영+동해+제일,98.85,1749000000,101.6276,N
2021-02-000002-00,20210112,경북선 상주~백원 등 37개소 재해예방시설개량공사 감독 권한대행 등 건설사업관리용역(개찰1순위),국가철도공단,PQ,2184134700,2178554726,99.74452244,한종+대건+선진+신승,98.62,1753900000,101.6929,N
20210109453 - 00,20210114,고읍·선인 자연재해위험개선지구 정비사업 기본 및 실시설계 용역,경상남도 사천시,PQ,1560460000,1574863100,100.9230035,도화+KSM+경화,99,1238580000,100.9382,Y
20210109453 - 00,20210114,고읍·선인 자연재해위험개선지구 정비사업 기본 및 실시설계 용역,경상남도 사천시,PQ,1560460000,1574863100,100.9230035,삼안+수성,98.03,1230751000,99.503,N
20210109453 - 00,20210114,고읍·선인 자연재해위험개선지구 정비사업 기본 및 실시설계 용역,경상남도 사천시,PQ,1560460000,1574863100,100.9230035,KG+천진+서영,97.85,1227600000,99.1107,N
20210109453 - 00,20210114,고읍·선인 자연재해위험개선지구 정비사업 기본 및 실시설계 용역,경상남도 사천시,PQ,1560460000,1574863100,100.9230035,동부+한성,97.8,1228799000,99.17,N
20210109453 - 00,20210114,고읍·선인 자연재해위험개선지구 정비사업 기본 및 실시설계 용역,경상남도 사천시,PQ,1560460000,1574863100,100.9230035,건화+하우+KCI,97.7,1252400000,100.9857,N
20210109453 - 00,20210114,고읍·선인 자연재해위험개선지구 정비사업 기본 및 실시설계 용역,경상남도 사천시,PQ,1560460000,1574863100,100.9230035,한종+우진+하존,97.62,1226400000,98.827,N
20210109453 - 00,20210114,고읍·선인 자연재해위험개선지구 정비사업 기본 및 실시설계 용역,경상남도 사천시,PQ,1560460000,1574863100,100.9230035,경호+창미+극동,97.57,1225850000,98.7455,N
20210109453 - 00,20210114,고읍·선인 자연재해위험개선지구 정비사업 기본 및 실시설계 용역,경상남도 사천시,PQ,1560460000,1574863100,100.9230035,이산+서화,97.54,1224700000,98.628,N
20210109453 - 00,20210114,고읍·선인 자연재해위험개선지구 정비사업 기본 및 실시설계 용역,경상남도 사천시,PQ,1560460000,1574863100,100.9230035,동명+현진,97.54,1227800000,98.8777,N
20210109453 - 00,20210114,고읍·선인 자연재해위험개선지구 정비사업 기본 및 실시설계 용역,경상남도 사천시,PQ,1560460000,1574863100,100.9230035,평화+한올+제일,97.44,1225400000,98.6101,N
20210109453 - 00,20210114,고읍·선인 자연재해위험개선지구 정비사업 기본 및 실시설계 용역,경상남도 사천시,PQ,1560460000,1574863100,100.9230035,다산+신화+HEC,97.42,1226770000,98.6955,N
20210109453 - 00,20210114,고읍·선인 자연재해위험개선지구 정비사업 기본 및 실시설계 용역,경상남도 사천시,PQ,1560460000,1574863100,100.9230035,유신+화성,97.37,1223595000,98.403,N
20210109453 - 00,20210114,고읍·선인 자연재해위험개선지구 정비사업 기본 및 실시설계 용역,경상남도 사천시,PQ,1560460000,1574863100,100.9230035,화신+두레+강동,97.28,1269800000,102.0421,N
20210109453 - 00,20210114,고읍·선인 자연재해위험개선지구 정비사업 기본 및 실시설계 용역,경상남도 사천시,PQ,1560460000,1574863100,100.9230035,동성+금성,96.48,1283655000,102.4999,N
B5202100069,20210114,강원도 수열에너지 융복합 클러스터 기본 및 실시설계 용역,한국수자원공사,종심제,4710000000,4720178692,100.2161081,경동+삼안+동일+한맥+일신,97.26,3749000000,79.5966,Y
B5202100069,20210114,강원도 수열에너지 융복합 클러스터 기본 및 실시설계 용역,한국수자원공사,종심제,4710000000,4720178692,100.2161081,도화+수성+경호+삼경,95.61,3742000000,79.448,N
B5202100069,20210114,강원도 수열에너지 융복합 클러스터 기본 및 실시설계 용역,한국수자원공사,종심제,4710000000,4720178692,100.2161081,건화+동명+드림+화신+하우,93.92,3800000000,80.6794,N
20210110600 - 00,20210114,감포항 외곽시설 설치공사 실시설계용역,해양수산부 포항지방해양수산청,PQ,1100000000,1100583000,100.053,아라+혜인,99.64,883399000,100.3925,Y
20210110600 - 00,20210114,감포항 외곽시설 설치공사 실시설계용역,해양수산부 포항지방해양수산청,PQ,1100000000,1100583000,100.053,세일+삼안,97.72,895012000,100.88,N
20210110600 - 00,20210114,감포항 외곽시설 설치공사 실시설계용역,해양수산부 포항지방해양수산청,PQ,1100000000,1100583000,100.053,세광,97.59,884420000,99.649,N
20210110600 - 00,20210114,감포항 외곽시설 설치공사 실시설계용역,해양수산부 포항지방해양수산청,PQ,1100000000,1100583000,100.053,한항,97.78,886974000,99.8625,N
20210110600 - 00,20210114,감포항 외곽시설 설치공사 실시설계용역,해양수산부 포항지방해양수산청,PQ,1100000000,1100583000,100.053,대영,97.72,883250000,99.3817,N
20210110600 - 00,20210114,감포항 외곽시설 설치공사 실시설계용역,해양수산부 포항지방해양수산청,PQ,1100000000,1100583000,100.053,건화+일진(포스이엔지),97.4,0,0,N
20210110600 - 00,20210114,감포항 외곽시설 설치공사 실시설계용역,해양수산부 포항지방해양수산청,PQ,1100000000,1100583000,100.053,항도,97.32,882420000,98.9454,N
20210110600 - 00,20210114,감포항 외곽시설 설치공사 실시설계용역,해양수산부 포항지방해양수산청,PQ,1100000000,1100583000,100.053,수성,97.27,901076000,100.9999,N
20210110600 - 00,20210114,감포항 외곽시설 설치공사 실시설계용역,해양수산부 포항지방해양수산청,PQ,1100000000,1100583000,100.053,건일,97.18,903570000,101.2046,N
20210110600 - 00,20210114,감포항 외곽시설 설치공사 실시설계용역,해양수산부 포항지방해양수산청,PQ,1100000000,1100583000,100.053,도화,97.17,901600000,100.9715,N
20210110600 - 00,20210114,감포항 외곽시설 설치공사 실시설계용역,해양수산부 포항지방해양수산청,PQ,1100000000,1100583000,100.053,한종,97.14,904600000,101.2825,N
20210110600 - 00,20210114,감포항 외곽시설 설치공사 실시설계용역,해양수산부 포항지방해양수산청,PQ,1100000000,1100583000,100.053,유신+대양+재화,96.6,1023000000,114.1454,N
20210110600 - 00,20210114,감포항 외곽시설 설치공사 실시설계용역,해양수산부 포항지방해양수산청,PQ,1100000000,1100583000,100.053,서영+동명,96.56,914950000,102.0017,N
20210111127 - 00,20210115,광양항 3단계 투기장(1구역) 항만재개발사업 폐수종말처리시설 기본 및 실시설계용역,해양수산부 여수지방해양수산청,종심제,2660000000,2655072350,99.81475,"건화+천일(동신,지원)",99.94,2148000000,80.7519,Y
20210111127 - 00,20210115,광양항 3단계 투기장(1구역) 항만재개발사업 폐수종말처리시설 기본 및 실시설계용역,해양수산부 여수지방해양수산청,종심제,2660000000,2655072350,99.81475,도화(원우),96.47,2168000000,81.5038,N
20210110948 - 00,20210115,화천군 자연재해저감 종합계획 재수립 용역,강원도 화천군,PQ,1224300000,1233678175,100.766003,화신+건화+일신+한올,99.27,971694000,101.15,Y
20210110948 - 00,20210115,화천군 자연재해저감 종합계획 재수립 용역,강원도 화천군,PQ,1224300000,1233678175,100.766003,동부+정+진화,99,961389000,99.8609,N
20210110948 - 00,20210115,화천군 자연재해저감 종합계획 재수립 용역,강원도 화천군,PQ,1224300000,1233678175,100.766003,한종+이산+고려+삼경,98.9,976000000,101.2884,N
20210110948 - 00,20210115,화천군 자연재해저감 종합계획 재수립 용역,강원도 화천군,PQ,1224300000,1233678175,100.766003,삼안+경호+동서+미래,98.62,958650000,99.2608,N
20210110948 - 00,20210115,화천군 자연재해저감 종합계획 재수립 용역,강원도 화천군,PQ,1224300000,1233678175,100.766003,도화+서광+동남,98.34,973050000,100.5224,N
20210112197 - 00,20210118,두룡 자연재해위험개선지구 정비사업 기본 및 실시설계용역,충청남도 보령시,PQ,1581950000,1567348675,99.07700465,한종+윤창,97.89,1257900000,100.2026,N
20210112197 - 00,20210118,두룡 자연재해위험개선지구 정비사업 기본 및 실시설계용역,충청남도 보령시,PQ,1581950000,1567348675,99.07700465,평화+장맥,97.79,1254575000,99.8622,N
20210112197 - 00,20210118,두룡 자연재해위험개선지구 정비사업 기본 및 실시설계용역,충청남도 보령시,PQ,1581950000,1567348675,99.07700465,이산+천마,97.76,1253880000,99.7818,Y
20210112197 - 00,20210118,두룡 자연재해위험개선지구 정비사업 기본 및 실시설계용역,충청남도 보령시,PQ,1581950000,1567348675,99.07700465,건화+경동+KCI(더원이엔지+제온기술),97.73,1266600000,100.7687,N
20210112197 - 00,20210118,두룡 자연재해위험개선지구 정비사업 기본 및 실시설계용역,충청남도 보령시,PQ,1581950000,1567348675,99.07700465,동명+세일,97.7,1266100000,100.7035,N
20210112197 - 00,20210118,두룡 자연재해위험개선지구 정비사업 기본 및 실시설계용역,충청남도 보령시,PQ,1581950000,1567348675,99.07700465,동부+한맥,97.67,1267640000,100.8007,N
20210112197 - 00,20210118,두룡 자연재해위험개선지구 정비사업 기본 및 실시설계용역,충청남도 보령시,PQ,1581950000,1567348675,99.07700465,KSM+동국,97.64,1321690000,105.0722,N
20210112197 - 00,20210118,두룡 자연재해위험개선지구 정비사업 기본 및 실시설계용역,충청남도 보령시,PQ,1581950000,1567348675,99.07700465,도화+드림,97.64,1268100000,100.8119,N
20210112197 - 00,20210118,두룡 자연재해위험개선지구 정비사업 기본 및 실시설계용역,충청남도 보령시,PQ,1581950000,1567348675,99.07700465,유신+송현+서영,97.58,1273462000,101.2,N
20210112197 - 00,20210118,두룡 자연재해위험개선지구 정비사업 기본 및 실시설계용역,충청남도 보령시,PQ,1581950000,1567348675,99.07700465,KG+삼육,97.55,1278180000,101.5494,N
20210112197 - 00,20210118,두룡 자연재해위험개선지구 정비사업 기본 및 실시설계용역,충청남도 보령시,PQ,1581950000,1567348675,99.07700465,삼안+한경,97.51,1244100000,98.8045,N
20210112197 - 00,20210118,두룡 자연재해위험개선지구 정비사업 기본 및 실시설계용역,충청남도 보령시,PQ,1581950000,1567348675,99.07700465,경호+수성+기산,97.49,1500000000,119.1127,N
20210112197 - 00,20210118,두룡 자연재해위험개선지구 정비사업 기본 및 실시설계용역,충청남도 보령시,PQ,1581950000,1567348675,99.07700465,화신+계림+강동,97.47,1245868000,98.9201,N
20210112204 - 00,20210118,소성 자연재해위험개선지구 정비사업 기본 및 실시설계용역,충청남도 보령시,PQ,1369600000,1365142000,99.6745035,동명+세일,97.7,1093700000,100.4787,N
20210112204 - 00,20210118,소성 자연재해위험개선지구 정비사업 기본 및 실시설계용역,충청남도 보령시,PQ,1369600000,1365142000,99.6745035,KG+동서+수성E,97.55,0,0,N
20210112204 - 00,20210118,소성 자연재해위험개선지구 정비사업 기본 및 실시설계용역,충청남도 보령시,PQ,1369600000,1365142000,99.6745035,이산+천마,97.52,1087880000,99.8059,Y
20210112204 - 00,20210118,소성 자연재해위험개선지구 정비사업 기본 및 실시설계용역,충청남도 보령시,PQ,1369600000,1365142000,99.6745035,평화+장맥+진화,97.51,1098600000,100.7767,N
20210112204 - 00,20210118,소성 자연재해위험개선지구 정비사업 기본 및 실시설계용역,충청남도 보령시,PQ,1369600000,1365142000,99.6745035,건화+경동+KCI+원우(더원이엔지+제온기술),97.43,1099200000,100.7684,N
20210112204 - 00,20210118,소성 자연재해위험개선지구 정비사업 기본 및 실시설계용역,충청남도 보령시,PQ,1369600000,1365142000,99.6745035,도화+드림+건일,97.43,1099800000,100.8234,N
20210112204 - 00,20210118,소성 자연재해위험개선지구 정비사업 기본 및 실시설계용역,충청남도 보령시,PQ,1369600000,1365142000,99.6745035,한종+계림,97.3,1083600000,99.2386,N
20210112204 - 00,20210118,소성 자연재해위험개선지구 정비사업 기본 및 실시설계용역,충청남도 보령시,PQ,1369600000,1365142000,99.6745035,유신+송현+서영,97.28,1102199000,100.9166,N
20210112204 - 00,20210118,소성 자연재해위험개선지구 정비사업 기본 및 실시설계용역,충청남도 보령시,PQ,1369600000,1365142000,99.6745035,경호+수성+기산,97.1,1082590000,98.9847,N
20210112204 - 00,20210118,소성 자연재해위험개선지구 정비사업 기본 및 실시설계용역,충청남도 보령시,PQ,1369600000,1365142000,99.6745035,동부+한맥,95.71,1216479000,110.0006,N
20210112801 - 01,20210118,홍농법성 및 법성덕흥 하수도사업 기본 및 실시설계용역,전라남도 영광군,PQ,1611741000,1612917625,100.0730034,삼안+원우+동아,100,1264918000,100.6237,Y
20210112801 - 01,20210118,홍농법성 및 법성덕흥 하수도사업 기본 및 실시설계용역,전라남도 영광군,PQ,1611741000,1612917625,100.0730034,경동+우영,98.24,1290338000,101.18,N
20210112801 - 01,20210118,홍농법성 및 법성덕흥 하수도사업 기본 및 실시설계용역,전라남도 영광군,PQ,1611741000,1612917625,100.0730034,한종+신오,97.87,1264700000,98.8697,N
20210112801 - 01,20210118,홍농법성 및 법성덕흥 하수도사업 기본 및 실시설계용역,전라남도 영광군,PQ,1611741000,1612917625,100.0730034,KG+한기,97.79,1291740000,100.92,N
20210112801 - 01,20210118,홍농법성 및 법성덕흥 하수도사업 기본 및 실시설계용역,전라남도 영광군,PQ,1611741000,1612917625,100.0730034,이산+우리+화신,97.75,1262300000,98.5951,N
20210112801 - 01,20210118,홍농법성 및 법성덕흥 하수도사업 기본 및 실시설계용역,전라남도 영광군,PQ,1611741000,1612917625,100.0730034,동명+하이콘,97.61,1300700000,101.4795,N
20210112801 - 01,20210118,홍농법성 및 법성덕흥 하수도사업 기본 및 실시설계용역,전라남도 영광군,PQ,1611741000,1612917625,100.0730034,건화+평화(서진),97.6,1304770000,101.7842,N
20210112801 - 01,20210118,홍농법성 및 법성덕흥 하수도사업 기본 및 실시설계용역,전라남도 영광군,PQ,1611741000,1612917625,100.0730034,범한+신명,97.6,1261000000,98.3697,N
20210112801 - 01,20210118,홍농법성 및 법성덕흥 하수도사업 기본 및 실시설계용역,전라남도 영광군,PQ,1611741000,1612917625,100.0730034,유신+에스이,97.44,1263744000,98.46,N
20210112801 - 01,20210118,홍농법성 및 법성덕흥 하수도사업 기본 및 실시설계용역,전라남도 영광군,PQ,1611741000,1612917625,100.0730034,제일+우빈,97.4,1305800000,101.6983,N
20210112801 - 01,20210118,홍농법성 및 법성덕흥 하수도사업 기본 및 실시설계용역,전라남도 영광군,PQ,1611741000,1612917625,100.0730034,도화+영진,97.39,1313000000,102.2463,N
20210112801 - 01,20210118,홍농법성 및 법성덕흥 하수도사업 기본 및 실시설계용역,전라남도 영광군,PQ,1611741000,1612917625,100.0730034,선진+건영+서영,97.1,1312640000,101.9878,N
20210112785 - 01,20210118,영광읍 하수도정비 중점관리지역 정비사업 기본 및 실시설계용역,전라남도 영광군,PQ,2606139000,2587446525,99.28275219,삼안+원우+동아,100,2048860000,100.7971,Y
20210112785 - 01,20210118,영광읍 하수도정비 중점관리지역 정비사업 기본 및 실시설계용역,전라남도 영광군,PQ,2606139000,2587446525,99.28275219,KG+한기,97.99,2046030000,99.0201,N
20210112785 - 01,20210118,영광읍 하수도정비 중점관리지역 정비사업 기본 및 실시설계용역,전라남도 영광군,PQ,2606139000,2587446525,99.28275219,경동+우영,97.84,2091778000,101.1066,N
20210112785 - 01,20210118,영광읍 하수도정비 중점관리지역 정비사업 기본 및 실시설계용역,전라남도 영광군,PQ,2606139000,2587446525,99.28275219,동명+하이콘,97.81,2091140000,101.0503,N
20210112785 - 01,20210118,영광읍 하수도정비 중점관리지역 정비사업 기본 및 실시설계용역,전라남도 영광군,PQ,2606139000,2587446525,99.28275219,한종+신오,97.77,2090700000,101.0036,N
20210112785 - 01,20210118,영광읍 하수도정비 중점관리지역 정비사업 기본 및 실시설계용역,전라남도 영광군,PQ,2606139000,2587446525,99.28275219,유신+에스이,97.74,2047051000,98.87,N
20210112785 - 01,20210118,영광읍 하수도정비 중점관리지역 정비사업 기본 및 실시설계용역,전라남도 영광군,PQ,2606139000,2587446525,99.28275219,범한+신명,97.5,2041000000,98.392,N
20210112785 - 01,20210118,영광읍 하수도정비 중점관리지역 정비사업 기본 및 실시설계용역,전라남도 영광군,PQ,2606139000,2587446525,99.28275219,선진+건영+서영,97.5,2094680000,100.9798,N
20210112785 - 01,20210118,영광읍 하수도정비 중점관리지역 정비사업 기본 및 실시설계용역,전라남도 영광군,PQ,2606139000,2587446525,99.28275219,이산+우리+화신,97.45,2041750000,98.3787,N
20210112785 - 01,20210118,영광읍 하수도정비 중점관리지역 정비사업 기본 및 실시설계용역,전라남도 영광군,PQ,2606139000,2587446525,99.28275219,제일+우빈,97.4,2111500000,101.7012,N
20210112785 - 01,20210118,영광읍 하수도정비 중점관리지역 정비사업 기본 및 실시설계용역,전라남도 영광군,PQ,2606139000,2587446525,99.28275219,도화+영진,97.39,2500000000,120.3983,N
20210112785 - 01,20210118,영광읍 하수도정비 중점관리지역 정비사업 기본 및 실시설계용역,전라남도 영광군,PQ,2606139000,2587446525,99.28275219,건화+평화(서진),97.3,2041000000,98.2315,N
20210113597 - 00,20210118,미세먼지 차단숲 조성사업 실시설계용역,경기도 양평군,PQ,576059000,576044675,99.99751328,도화+선진,97.47,496880000,100.2325,Y
20210113597 - 00,20210118,미세먼지 차단숲 조성사업 실시설계용역,경기도 양평군,PQ,576059000,576044675,99.99751328,건화(명성),96.99,493400000,99.4034,N
20210113597 - 00,20210118,미세먼지 차단숲 조성사업 실시설계용역,경기도 양평군,PQ,576059000,576044675,99.99751328,유신+동부,96.87,498596000,100.4269,N
20210113597 - 00,20210118,미세먼지 차단숲 조성사업 실시설계용역,경기도 양평군,PQ,576059000,576044675,99.99751328,한종+서영,96.78,494500000,99.5788,N
20210113597 - 00,20210118,미세먼지 차단숲 조성사업 실시설계용역,경기도 양평군,PQ,576059000,576044675,99.99751328,경호+JK,91.74,511750000,101.7424,N
20210113597 - 00,20210118,미세먼지 차단숲 조성사업 실시설계용역,경기도 양평군,PQ,576059000,576044675,99.99751328,KG,90.55,510000000,101.0935,N
20210113597 - 00,20210118,미세먼지 차단숲 조성사업 실시설계용역,경기도 양평군,PQ,576059000,576044675,99.99751328,동일,89.09,515500000,101.8001,N
20210113333 - 00,20210118,목포남항 투기장 환경개선사업 실시설계용역,해양수산부 목포지방해양수산청,PQ,400000000,400895000,100.22375,세일,100,347986000,100.2899,N
20210113333 - 00,20210118,목포남항 투기장 환경개선사업 실시설계용역,해양수산부 목포지방해양수산청,PQ,400000000,400895000,100.22375,세광,100,347850000,100.2507,Y
20210113333 - 00,20210118,목포남항 투기장 환경개선사업 실시설계용역,해양수산부 목포지방해양수산청,PQ,400000000,400895000,100.22375,수성,100,347567000,100.1692,N
20210113333 - 00,20210118,목포남항 투기장 환경개선사업 실시설계용역,해양수산부 목포지방해양수산청,PQ,400000000,400895000,100.22375,도화,100,347000000,100.0058,N
20210113333 - 00,20210118,목포남항 투기장 환경개선사업 실시설계용역,해양수산부 목포지방해양수산청,PQ,400000000,400895000,100.22375,한종,100,347850000,100.2507,N
20210113333 - 00,20210118,목포남항 투기장 환경개선사업 실시설계용역,해양수산부 목포지방해양수산청,PQ,400000000,400895000,100.22375,한항,100,346940000,99.9885,N
20210113333 - 00,20210118,목포남항 투기장 환경개선사업 실시설계용역,해양수산부 목포지방해양수산청,PQ,400000000,400895000,100.22375,항도,99.92,349180000,100.634,N
20210113333 - 00,20210118,목포남항 투기장 환경개선사업 실시설계용역,해양수산부 목포지방해양수산청,PQ,400000000,400895000,100.22375,건일,99.9,346370000,99.8242,N
20210113333 - 00,20210118,목포남항 투기장 환경개선사업 실시설계용역,해양수산부 목포지방해양수산청,PQ,400000000,400895000,100.22375,삼안,99.82,347160000,100.0519,N
20210113333 - 00,20210118,목포남항 투기장 환경개선사업 실시설계용역,해양수산부 목포지방해양수산청,PQ,400000000,400895000,100.22375,유신+일진,99.55,346702000,99.9199,N
20210113333 - 00,20210118,목포남항 투기장 환경개선사업 실시설계용역,해양수산부 목포지방해양수산청,PQ,400000000,400895000,100.22375,대영,99.5,349250000,100.6542,N
20210113333 - 00,20210118,목포남항 투기장 환경개선사업 실시설계용역,해양수산부 목포지방해양수산청,PQ,400000000,400895000,100.22375,건화(포스이엔지+한국공간정보),99,348600000,100.4669,N
20210113333 - 00,20210118,목포남항 투기장 환경개선사업 실시설계용역,해양수산부 목포지방해양수산청,PQ,400000000,400895000,100.22375,아라,98.96,345939000,99.7,N
20210113333 - 00,20210118,목포남항 투기장 환경개선사업 실시설계용역,해양수산부 목포지방해양수산청,PQ,400000000,400895000,100.22375,서영,98.68,346500000,99.8617,N
20210113333 - 00,20210118,목포남항 투기장 환경개선사업 실시설계용역,해양수산부 목포지방해양수산청,PQ,400000000,400895000,100.22375,대양,95.17,347904000,100.0702,N
2100145 - 00,20210118,수원당수2 공공주택지구 환경영향평가용역,한국토지주택공사,PQ,1112100000,1111507000,99.94667746,동일+다원,99.18,901400000,100.5943,N
2100145 - 00,20210118,수원당수2 공공주택지구 환경영향평가용역,한국토지주택공사,PQ,1112100000,1111507000,99.94667746,선진+도화+대현,99.04,896182000,99.888,N
2100145 - 00,20210118,수원당수2 공공주택지구 환경영향평가용역,한국토지주택공사,PQ,1112100000,1111507000,99.94667746,신성+홍익+효산,98.87,894880000,99.5948,N
2100145 - 00,20210118,수원당수2 공공주택지구 환경영향평가용역,한국토지주택공사,PQ,1112100000,1111507000,99.94667746,KG+한맥+제일+CNS,98.87,894277000,99.5276,N
2100145 - 00,20210118,수원당수2 공공주택지구 환경영향평가용역,한국토지주택공사,PQ,1112100000,1111507000,99.94667746,유신+신일,98.85,899333000,100.078,Y
2100145 - 00,20210118,수원당수2 공공주택지구 환경영향평가용역,한국토지주택공사,PQ,1112100000,1111507000,99.94667746,수성+세광+보드플랜,98.77,894788000,99.4983,N
2100145 - 00,20210118,수원당수2 공공주택지구 환경영향평가용역,한국토지주택공사,PQ,1112100000,1111507000,99.94667746,동아+경동+강호,98.69,893500000,99.2937,N
2100145 - 00,20210118,수원당수2 공공주택지구 환경영향평가용역,한국토지주택공사,PQ,1112100000,1111507000,99.94667746,다산+삼안+예평+DS,98.68,891858000,99.099,N
2100145 - 00,20210118,수원당수2 공공주택지구 환경영향평가용역,한국토지주택공사,PQ,1112100000,1111507000,99.94667746,건화+우신,98.59,908800000,100.9067,N
2100145 - 00,20210118,수원당수2 공공주택지구 환경영향평가용역,한국토지주택공사,PQ,1112100000,1111507000,99.94667746,동성+덕영,98.54,893220000,99.1278,N
2100145 - 00,20210118,수원당수2 공공주택지구 환경영향평가용역,한국토지주택공사,PQ,1112100000,1111507000,99.94667746,서영+퍼스트,98.47,910200000,100.9499,N
2100145 - 00,20210118,수원당수2 공공주택지구 환경영향평가용역,한국토지주택공사,PQ,1112100000,1111507000,99.94667746,이산+평화+엔탑+동진,97.55,926930000,102.0003,N
20210115282 - 00,20210119,상왕등도항 남방파제 및 선착장 축조공사 기본 및 실시설계용역,해양수산부 군산지방해양수산청,SOQ,1726000000,1724006525,99.88450319,혜인+한항+수성,97.1,1427786000,100.85,N
20210115282 - 00,20210119,상왕등도항 남방파제 및 선착장 축조공사 기본 및 실시설계용역,해양수산부 군산지방해양수산청,SOQ,1726000000,1724006525,99.88450319,아라+건화+동명(지오뱅크+미래해양),97.06,1416010000,99.9817,Y
20210115282 - 00,20210119,상왕등도항 남방파제 및 선착장 축조공사 기본 및 실시설계용역,해양수산부 군산지방해양수산청,SOQ,1726000000,1724006525,99.88450319,항도+대영+세광,96.32,1415860000,99.3416,N
20210115282 - 00,20210119,상왕등도항 남방파제 및 선착장 축조공사 기본 및 실시설계용역,해양수산부 군산지방해양수산청,SOQ,1726000000,1724006525,99.88450319,서영+건일,91.37,1520000000,102.3594,N
20210115243 - 00,20210119,군산항 7부두 야적장 조성 기본 및 실시설계용역,해양수산부 군산지방해양수산청,SOQ,1700000000,1689914750,99.40675,동명+건화+건일(지오메카+선영),98.62,1412000000,102.5861,Y
20210115243 - 00,20210119,군산항 7부두 야적장 조성 기본 및 실시설계용역,해양수산부 군산지방해양수산청,SOQ,1700000000,1689914750,99.40675,유신+한항,95,1440706000,101.5,N
20210115243 - 00,20210119,군산항 7부두 야적장 조성 기본 및 실시설계용역,해양수산부 군산지방해양수산청,SOQ,1700000000,1689914750,99.40675,항도+혜인,94.81,1460000000,102.6994,N
20210115243 - 00,20210119,군산항 7부두 야적장 조성 기본 및 실시설계용역,해양수산부 군산지방해양수산청,SOQ,1700000000,1689914750,99.40675,아라+세일,93.7,1413357000,98.4997,N
20210115243 - 00,20210119,군산항 7부두 야적장 조성 기본 및 실시설계용역,해양수산부 군산지방해양수산청,SOQ,1700000000,1689914750,99.40675,도화+세광,93.32,1530000000,106.2888,N
E012100399-2,20210118,경남 진주지역 전기공급시설 전력구공사(이현-진주) 설계용역 ,한국전력공사 남부건설본부,PQ,1287876700,1287684414,99.98506953,태조,99.67,1026126000,99.601,N
E012100399-2,20210118,경남 진주지역 전기공급시설 전력구공사(이현-진주) 설계용역 ,한국전력공사 남부건설본부,PQ,1287876700,1287684414,99.98506953,KG,99.24,1035900000,100.5497,Y
E012100399-2,20210118,경남 진주지역 전기공급시설 전력구공사(이현-진주) 설계용역 ,한국전력공사 남부건설본부,PQ,1287876700,1287684414,99.98506953,건화+다산(지오로직스),99.14,1026330000,99.6208,N
E012100399-2,20210118,경남 진주지역 전기공급시설 전력구공사(이현-진주) 설계용역 ,한국전력공사 남부건설본부,PQ,1287876700,1287684414,99.98506953,신성,99.13,1028800000,99.8605,N
E012100399-2,20210118,경남 진주지역 전기공급시설 전력구공사(이현-진주) 설계용역 ,한국전력공사 남부건설본부,PQ,1287876700,1287684414,99.98506953,대콘,99.07,1029444000,99.923,N
E012100399-2,20210118,경남 진주지역 전기공급시설 전력구공사(이현-진주) 설계용역 ,한국전력공사 남부건설본부,PQ,1287876700,1287684414,99.98506953,도화,98.71,1222100000,118.4751,N
20210115455 - 00,20210119,항만시설 내진성능평가 및 내진성능확보 실시설계,해양수산부,PQ,750000000,745756875,99.43425,세일,99.98,629670000,98.1999,N
20210115455 - 00,20210119,항만시설 내진성능평가 및 내진성능확보 실시설계,해양수산부,PQ,750000000,745756875,99.43425,한항,99.69,640057000,99.8198,N
20210115455 - 00,20210119,항만시설 내진성능평가 및 내진성능확보 실시설계,해양수산부,PQ,750000000,745756875,99.43425,아라,99.58,640255000,99.8507,N
20210115455 - 00,20210119,항만시설 내진성능평가 및 내진성능확보 실시설계,해양수산부,PQ,750000000,745756875,99.43425,건화+대양(포스이엔지+국토해양기술),99.52,638480000,99.5739,N
20210115455 - 00,20210119,항만시설 내진성능평가 및 내진성능확보 실시설계,해양수산부,PQ,750000000,745756875,99.43425,건일,99.36,636658000,99.2897,N
20210115455 - 00,20210119,항만시설 내진성능평가 및 내진성능확보 실시설계,해양수산부,PQ,750000000,745756875,99.43425,한종,99.31,639100000,99.6705,N
20210115455 - 00,20210119,항만시설 내진성능평가 및 내진성능확보 실시설계,해양수산부,PQ,750000000,745756875,99.43425,세광,99.22,641148000,99.9899,N
20210115455 - 00,20210119,항만시설 내진성능평가 및 내진성능확보 실시설계,해양수산부,PQ,750000000,745756875,99.43425,항도,99.22,641140000,99.9887,N
20210115455 - 00,20210119,항만시설 내진성능평가 및 내진성능확보 실시설계,해양수산부,PQ,750000000,745756875,99.43425,도화,99.13,637630000,99.4413,Y
20210115455 - 00,20210119,항만시설 내진성능평가 및 내진성능확보 실시설계,해양수산부,PQ,750000000,745756875,99.43425,서영+재화+삼영,99.1,641854000,100.1,N
20210115455 - 00,20210119,항만시설 내진성능평가 및 내진성능확보 실시설계,해양수산부,PQ,750000000,745756875,99.43425,유신,98.75,643149000,100.302,N
20210115455 - 00,20210119,항만시설 내진성능평가 및 내진성능확보 실시설계,해양수산부,PQ,750000000,745756875,99.43425,삼안,98.65,675400000,105.3317,N
20210115793 - 00,20210120,"당진 도시관리계획(지구단위계획, 도시계획시설 등) 결정변경",충청남도 당진시,PQ,575400000,574434800,99.83225582,KG+세일,99.3,494040000,100.2396,Y
20210115793 - 00,20210120,"당진 도시관리계획(지구단위계획, 도시계획시설 등) 결정변경",충청남도 당진시,PQ,575400000,574434800,99.83225582,동명+경동,97.85,493200000,99.6968,N
20210115793 - 00,20210120,"당진 도시관리계획(지구단위계획, 도시계획시설 등) 결정변경",충청남도 당진시,PQ,575400000,574434800,99.83225582,한종+천마,97.7,495700000,100.1672,N
20210115793 - 00,20210120,"당진 도시관리계획(지구단위계획, 도시계획시설 등) 결정변경",충청남도 당진시,PQ,575400000,574434800,99.83225582,도화+드림,97.61,499700000,100.952,N
20210115793 - 00,20210120,"당진 도시관리계획(지구단위계획, 도시계획시설 등) 결정변경",충청남도 당진시,PQ,575400000,574434800,99.83225582,삼안+한맥,97.12,495550000,99.9857,N
20210115793 - 00,20210120,"당진 도시관리계획(지구단위계획, 도시계획시설 등) 결정변경",충청남도 당진시,PQ,575400000,574434800,99.83225582,경호+강호,96.9,490890000,98.988,N
20210115793 - 00,20210120,"당진 도시관리계획(지구단위계획, 도시계획시설 등) 결정변경",충청남도 당진시,PQ,575400000,574434800,99.83225582,건화+장맥,96.29,504000000,101.4786,N
20210115793 - 00,20210120,"당진 도시관리계획(지구단위계획, 도시계획시설 등) 결정변경",충청남도 당진시,PQ,575400000,574434800,99.83225582,화신+송현,96.05,489838000,98.57,N
20210115793 - 00,20210120,"당진 도시관리계획(지구단위계획, 도시계획시설 등) 결정변경",충청남도 당진시,PQ,575400000,574434800,99.83225582,제일+우주,95.86,503950000,101.3511,N
20210116643 - 00,20210120,파주시 금촌 공공하수처리시설 증설사업 기본 및 실시설계,한국환경공단,PQ,1522033000,1527596075,100.3655029,이산+도화,99.53,1203800000,101.0045,Y
20210116643 - 00,20210120,파주시 금촌 공공하수처리시설 증설사업 기본 및 실시설계,한국환경공단,PQ,1522033000,1527596075,100.3655029,한종+정+범한,98.95,1193000000,99.6276,N
20210116643 - 00,20210120,파주시 금촌 공공하수처리시설 증설사업 기본 및 실시설계,한국환경공단,PQ,1522033000,1527596075,100.3655029,삼안+동명,98.81,1212970000,101.1795,N
20210116643 - 00,20210120,파주시 금촌 공공하수처리시설 증설사업 기본 및 실시설계,한국환경공단,PQ,1522033000,1527596075,100.3655029,건화+수성이앤씨,98.27,1192000000,99.003,N
20210116643 - 00,20210120,파주시 금촌 공공하수처리시설 증설사업 기본 및 실시설계,한국환경공단,PQ,1522033000,1527596075,100.3655029,제일+서영+동성,98.15,1234000000,102.3878,N
20210116643 - 00,20210120,파주시 금촌 공공하수처리시설 증설사업 기본 및 실시설계,한국환경공단,PQ,1522033000,1527596075,100.3655029,KG+수성+신명,95.5,1448000000,117.6333,N
20210116994 - 00,20210120,안의면 공공하수처리시설 확충(증설)사업 외 1건 기본 및 실시설계용역,경상남도 함양군,PQ,1171225000,1163670625,99.35500224,건화+우진+경화,98.12,935770000,100.8733,Y
20210116994 - 00,20210120,안의면 공공하수처리시설 확충(증설)사업 외 1건 기본 및 실시설계용역,경상남도 함양군,PQ,1171225000,1163670625,99.35500224,선진+로텍,96.05,934900000,99.1275,N
20210116994 - 00,20210120,안의면 공공하수처리시설 확충(증설)사업 외 1건 기본 및 실시설계용역,경상남도 함양군,PQ,1171225000,1163670625,99.35500224,화신+신화+고려,96.04,932898000,98.9029,N
20210116994 - 00,20210120,안의면 공공하수처리시설 확충(증설)사업 외 1건 기본 및 실시설계용역,경상남도 함양군,PQ,1171225000,1163670625,99.35500224,삼안+천진+유신,95.95,931590000,98.6907,N
20210116994 - 00,20210120,안의면 공공하수처리시설 확충(증설)사업 외 1건 기본 및 실시설계용역,경상남도 함양군,PQ,1171225000,1163670625,99.35500224,범한+정,95.9,953550000,100.9795,N
20210116994 - 00,20210120,안의면 공공하수처리시설 확충(증설)사업 외 1건 기본 및 실시설계용역,경상남도 함양군,PQ,1171225000,1163670625,99.35500224,한종+HEC,95.9,931100000,98.6021,N
20210116994 - 00,20210120,안의면 공공하수처리시설 확충(증설)사업 외 1건 기본 및 실시설계용역,경상남도 함양군,PQ,1171225000,1163670625,99.35500224,동명+한성,95.9,955900000,101.2284,N
20210116994 - 00,20210120,안의면 공공하수처리시설 확충(증설)사업 외 1건 기본 및 실시설계용역,경상남도 함양군,PQ,1171225000,1163670625,99.35500224,경동+하우,95.87,954780000,101.0847,N
20210116994 - 00,20210120,안의면 공공하수처리시설 확충(증설)사업 외 1건 기본 및 실시설계용역,경상남도 함양군,PQ,1171225000,1163670625,99.35500224,건양+금성+도우,95.73,957124000,101.2199,N
20210116994 - 00,20210120,안의면 공공하수처리시설 확충(증설)사업 외 1건 기본 및 실시설계용역,경상남도 함양군,PQ,1171225000,1163670625,99.35500224,KG+수성,95.6,933084000,98.5799,N
20210116994 - 00,20210120,안의면 공공하수처리시설 확충(증설)사업 외 1건 기본 및 실시설계용역,경상남도 함양군,PQ,1171225000,1163670625,99.35500224,이산+KSM+하이콘,95.6,931380000,98.3999,N
20210116994 - 00,20210120,안의면 공공하수처리시설 확충(증설)사업 외 1건 기본 및 실시설계용역,경상남도 함양군,PQ,1171225000,1163670625,99.35500224,도화+한올,95.53,962000000,101.572,N
20210116994 - 00,20210120,안의면 공공하수처리시설 확충(증설)사업 외 1건 기본 및 실시설계용역,경상남도 함양군,PQ,1171225000,1163670625,99.35500224,제일+하나,95.24,971000000,102.2946,N
20210116994 - 00,20210120,안의면 공공하수처리시설 확충(증설)사업 외 1건 기본 및 실시설계용역,경상남도 함양군,PQ,1171225000,1163670625,99.35500224,삼주+화성,94.82,1194649000,125.4381,N
20210117529 - 00,20210121,인천항 연안부두 수제선정비 기본 및 실시설계용역,해양수산부 인천지방해양수산청,PQ,916000000,919015975,100.3292549,세광,100,783050000,99.9892,N
20210117529 - 00,20210121,인천항 연안부두 수제선정비 기본 및 실시설계용역,해양수산부 인천지방해양수산청,PQ,916000000,919015975,100.3292549,한항,99.87,787369000,100.5408,Y
20210117529 - 00,20210121,인천항 연안부두 수제선정비 기본 및 실시설계용역,해양수산부 인천지방해양수산청,PQ,916000000,919015975,100.3292549,혜인,99.63,780970000,99.7236,N
20210117529 - 00,20210121,인천항 연안부두 수제선정비 기본 및 실시설계용역,해양수산부 인천지방해양수산청,PQ,916000000,919015975,100.3292549,아라+동명,99.56,788370000,100.6686,N
20210117529 - 00,20210121,인천항 연안부두 수제선정비 기본 및 실시설계용역,해양수산부 인천지방해양수산청,PQ,916000000,919015975,100.3292549,항도,99.56,782968000,99.9788,N
20210117529 - 00,20210121,인천항 연안부두 수제선정비 기본 및 실시설계용역,해양수산부 인천지방해양수산청,PQ,916000000,919015975,100.3292549,유신+대양+일진,99.34,780237000,99.6301,N
20210117529 - 00,20210121,인천항 연안부두 수제선정비 기본 및 실시설계용역,해양수산부 인천지방해양수산청,PQ,916000000,919015975,100.3292549,수성,99.34,784938000,100.2303,N
20210117529 - 00,20210121,인천항 연안부두 수제선정비 기본 및 실시설계용역,해양수산부 인천지방해양수산청,PQ,916000000,919015975,100.3292549,세일,99.3,783862000,100.0929,N
20210117529 - 00,20210121,인천항 연안부두 수제선정비 기본 및 실시설계용역,해양수산부 인천지방해양수산청,PQ,916000000,919015975,100.3292549,건화(포스이엔지+한국공간정보),99.27,788000000,100.6213,N
20210117529 - 00,20210121,인천항 연안부두 수제선정비 기본 및 실시설계용역,해양수산부 인천지방해양수산청,PQ,916000000,919015975,100.3292549,건일,99.1,789620000,100.8282,N
20210117529 - 00,20210121,인천항 연안부두 수제선정비 기본 및 실시설계용역,해양수산부 인천지방해양수산청,PQ,916000000,919015975,100.3292549,도화,99.04,781000000,99.7275,N
20210117529 - 00,20210121,인천항 연안부두 수제선정비 기본 및 실시설계용역,해양수산부 인천지방해양수산청,PQ,916000000,919015975,100.3292549,삼안,98.99,784300000,100.1489,N
20210117529 - 00,20210121,인천항 연안부두 수제선정비 기본 및 실시설계용역,해양수산부 인천지방해양수산청,PQ,916000000,919015975,100.3292549,한종,98.93,782220000,99.8833,N
20210117529 - 00,20210121,인천항 연안부두 수제선정비 기본 및 실시설계용역,해양수산부 인천지방해양수산청,PQ,916000000,919015975,100.3292549,대영,98.9,778435000,99.3999,N
20210117529 - 00,20210121,인천항 연안부두 수제선정비 기본 및 실시설계용역,해양수산부 인천지방해양수산청,PQ,916000000,919015975,100.3292549,서영+재화+삼영,96.94,810000000,102.9849,N
E012100401-1,20210121,안동지역 전기공급시설 전력구공사(풍천-안동복합) 설계용역 ,한국전력공사 남부건설본부,PQ,1304029100,1300127083,99.70077225,태조,99.73,1046600000,100.33,N
E012100401-1,20210121,안동지역 전기공급시설 전력구공사(풍천-안동복합) 설계용역 ,한국전력공사 남부건설본부,PQ,1304029100,1300127083,99.70077225,신성,99.45,1043000000,99.9848,N
E012100401-1,20210121,안동지역 전기공급시설 전력구공사(풍천-안동복합) 설계용역 ,한국전력공사 남부건설본부,PQ,1304029100,1300127083,99.70077225,대콘,99.17,1049835000,100.6401,N
E012100401-1,20210121,안동지역 전기공급시설 전력구공사(풍천-안동복합) 설계용역 ,한국전력공사 남부건설본부,PQ,1304029100,1300127083,99.70077225,KG,99.1,1047225000,100.3899,N
E012100401-1,20210121,안동지역 전기공급시설 전력구공사(풍천-안동복합) 설계용역 ,한국전력공사 남부건설본부,PQ,1304029100,1300127083,99.70077225,건화+다산(지오로직스),98.97,1046800000,100.3491,N
E012100401-1,20210121,안동지역 전기공급시설 전력구공사(풍천-안동복합) 설계용역 ,한국전력공사 남부건설본부,PQ,1304029100,1300127083,99.70077225,도화,98.88,1041370000,99.8286,Y
E012100401-1,20210121,안동지역 전기공급시설 전력구공사(풍천-안동복합) 설계용역 ,한국전력공사 남부건설본부,PQ,1304029100,1300127083,99.70077225,선진,96.92,1234000000,116.3171,N
20210116452 - 02,20210120,화성시 장기미집행 도시계획시설 재정비 용역,경기도 화성시,PQ,810000000,814120875,100.50875,동명+경호,99.65,703800000,101.5354,Y
20210116452 - 02,20210120,화성시 장기미집행 도시계획시설 재정비 용역,경기도 화성시,PQ,810000000,814120875,100.50875,삼안+한맥,97.13,692450000,99.2485,N
20210116452 - 02,20210120,화성시 장기미집행 도시계획시설 재정비 용역,경기도 화성시,PQ,810000000,814120875,100.50875,KG+건화,96.8,692815000,99.2201,N
20210116452 - 02,20210120,화성시 장기미집행 도시계획시설 재정비 용역,경기도 화성시,PQ,810000000,814120875,100.50875,도화+선진,95.66,720500000,102.8866,N
20210120469 - 00,20210125,경상대~내동 도로 확ㆍ포장공사 외 5건 통합 건설사업관리용역,경상남도 진주시,PQ,1795700000,1780396200,99.14775297,도화+수성,100,1395300000,99.6247,N
20210120469 - 00,20210125,경상대~내동 도로 확ㆍ포장공사 외 5건 통합 건설사업관리용역,경상남도 진주시,PQ,1795700000,1780396200,99.14775297,천일+신화,100,1407370000,100.4865,N
20210120469 - 00,20210125,경상대~내동 도로 확ㆍ포장공사 외 5건 통합 건설사업관리용역,경상남도 진주시,PQ,1795700000,1780396200,99.14775297,한종+우진+다음,100,1393400000,99.489,N
20210120469 - 00,20210125,경상대~내동 도로 확ㆍ포장공사 외 5건 통합 건설사업관리용역,경상남도 진주시,PQ,1795700000,1780396200,99.14775297,유신+현진,99.96,1399133000,99.86,N
20210120469 - 00,20210125,경상대~내동 도로 확ㆍ포장공사 외 5건 통합 건설사업관리용역,경상남도 진주시,PQ,1795700000,1780396200,99.14775297,내경+용두+바우,99.91,1405137000,100.2499,N
20210120469 - 00,20210125,경상대~내동 도로 확ㆍ포장공사 외 5건 통합 건설사업관리용역,경상남도 진주시,PQ,1795700000,1780396200,99.14775297,삼안+천진,99.9,1392930000,99.3663,Y
20210120469 - 00,20210125,경상대~내동 도로 확ㆍ포장공사 외 5건 통합 건설사업관리용역,경상남도 진주시,PQ,1795700000,1780396200,99.14775297,신명+우정,99.86,1411411000,100.6589,N
20210120469 - 00,20210125,경상대~내동 도로 확ㆍ포장공사 외 5건 통합 건설사업관리용역,경상남도 진주시,PQ,1795700000,1780396200,99.14775297,삼보+우리,99.84,1411650000,100.6501,N
20210120469 - 00,20210125,경상대~내동 도로 확ㆍ포장공사 외 5건 통합 건설사업관리용역,경상남도 진주시,PQ,1795700000,1780396200,99.14775297,평화+한올,99.83,1413200000,100.7607,N
20210120469 - 00,20210125,경상대~내동 도로 확ㆍ포장공사 외 5건 통합 건설사업관리용역,경상남도 진주시,PQ,1795700000,1780396200,99.14775297,건화+경화,99.8,1418000000,101.077,N
20210120469 - 00,20210125,경상대~내동 도로 확ㆍ포장공사 외 5건 통합 건설사업관리용역,경상남도 진주시,PQ,1795700000,1780396200,99.14775297,KSM+송현+태조,99.8,1395929000,99.5038,N
20210120469 - 00,20210125,경상대~내동 도로 확ㆍ포장공사 외 5건 통합 건설사업관리용역,경상남도 진주시,PQ,1795700000,1780396200,99.14775297,경동+하우,99.74,1390230000,99.0468,N
20210120469 - 00,20210125,경상대~내동 도로 확ㆍ포장공사 외 5건 통합 건설사업관리용역,경상남도 진주시,PQ,1795700000,1780396200,99.14775297,다산+한가람,99.73,1391155000,99.1,N
20210120469 - 00,20210125,경상대~내동 도로 확ㆍ포장공사 외 5건 통합 건설사업관리용역,경상남도 진주시,PQ,1795700000,1780396200,99.14775297,극동+서화,99.71,1416181000,100.8699,N
20210120469 - 00,20210125,경상대~내동 도로 확ㆍ포장공사 외 5건 통합 건설사업관리용역,경상남도 진주시,PQ,1795700000,1780396200,99.14775297,이산+동부+동영,99.68,1387700000,98.816,N
20210120469 - 00,20210125,경상대~내동 도로 확ㆍ포장공사 외 5건 통합 건설사업관리용역,경상남도 진주시,PQ,1795700000,1780396200,99.14775297,동명+로텍,99.67,1389700000,98.9458,N
20210120469 - 00,20210125,경상대~내동 도로 확ㆍ포장공사 외 5건 통합 건설사업관리용역,경상남도 진주시,PQ,1795700000,1780396200,99.14775297,용마+백산,99.64,1389267000,98.8897,N
20210120469 - 00,20210125,경상대~내동 도로 확ㆍ포장공사 외 5건 통합 건설사업관리용역,경상남도 진주시,PQ,1795700000,1780396200,99.14775297,선진+범한,99.63,1389600000,98.9134,N
20210120469 - 00,20210125,경상대~내동 도로 확ㆍ포장공사 외 5건 통합 건설사업관리용역,경상남도 진주시,PQ,1795700000,1780396200,99.14775297,경원+덕신,99.57,1386700000,98.6565,N
20210120469 - 00,20210125,경상대~내동 도로 확ㆍ포장공사 외 5건 통합 건설사업관리용역,경상남도 진주시,PQ,1795700000,1780396200,99.14775297,KG+화성,99.54,1421550000,101.1101,N
20210120469 - 00,20210125,경상대~내동 도로 확ㆍ포장공사 외 5건 통합 건설사업관리용역,경상남도 진주시,PQ,1795700000,1780396200,99.14775297,대콘+이솔,99.53,1385467000,98.531,N
20210120469 - 00,20210125,경상대~내동 도로 확ㆍ포장공사 외 5건 통합 건설사업관리용역,경상남도 진주시,PQ,1795700000,1780396200,99.14775297,한맥+주원,99.53,1392770000,99.0504,N
20210120469 - 00,20210125,경상대~내동 도로 확ㆍ포장공사 외 5건 통합 건설사업관리용역,경상남도 진주시,PQ,1795700000,1780396200,99.14775297,제일+하나,99.51,1425290000,101.3502,N
20210120469 - 00,20210125,경상대~내동 도로 확ㆍ포장공사 외 5건 통합 건설사업관리용역,경상남도 진주시,PQ,1795700000,1780396200,99.14775297,경호+화신+한성,99.5,1427110000,101.4796,N
20210120469 - 00,20210125,경상대~내동 도로 확ㆍ포장공사 외 5건 통합 건설사업관리용역,경상남도 진주시,PQ,1795700000,1780396200,99.14775297,서영+유진,99.48,1422200000,101.1046,N
20210120469 - 00,20210125,경상대~내동 도로 확ㆍ포장공사 외 5건 통합 건설사업관리용역,경상남도 진주시,PQ,1795700000,1780396200,99.14775297,하이콘+우일+청명,99.48,1387100000,98.6094,N
20210120469 - 00,20210125,경상대~내동 도로 확ㆍ포장공사 외 5건 통합 건설사업관리용역,경상남도 진주시,PQ,1795700000,1780396200,99.14775297,동해+조은,99.44,1417570000,100.7498,N
20210120469 - 00,20210125,경상대~내동 도로 확ㆍ포장공사 외 5건 통합 건설사업관리용역,경상남도 진주시,PQ,1795700000,1780396200,99.14775297,동일+HEC,99.4,1431000000,101.6653,N
20210120469 - 00,20210125,경상대~내동 도로 확ㆍ포장공사 외 5건 통합 건설사업관리용역,경상남도 진주시,PQ,1795700000,1780396200,99.14775297,동성+금성+혜인,99.25,1432427000,101.65,N
20210120469 - 00,20210125,경상대~내동 도로 확ㆍ포장공사 외 5건 통합 건설사업관리용역,경상남도 진주시,PQ,1795700000,1780396200,99.14775297,홍익+태일,99.11,1440420000,102.1001,N
20210120469 - 00,20210125,경상대~내동 도로 확ㆍ포장공사 외 5건 통합 건설사업관리용역,경상남도 진주시,PQ,1795700000,1780396200,99.14775297,우빈+경상,98.99,1443297000,102.2,N
20210120984 - 00,20210125,계양-강화 고속국도 타당성 조사(평가) 용역,국토교통부,PQ,2651434000,2649949225,99.94400106,삼안+한맥+하이콘,99.36,2120800000,99.9899,Y
20210120984 - 00,20210125,계양-강화 고속국도 타당성 조사(평가) 용역,국토교통부,PQ,2651434000,2649949225,99.94400106,한종+도화,99.3,2111600000,99.5561,N
20210120984 - 00,20210125,계양-강화 고속국도 타당성 조사(평가) 용역,국토교통부,PQ,2651434000,2649949225,99.94400106,동성,99.3,2126318000,100.25,N
20210120984 - 00,20210125,계양-강화 고속국도 타당성 조사(평가) 용역,국토교통부,PQ,2651434000,2649949225,99.94400106,KG+내경,99.23,2112950000,99.6198,N
20210120984 - 00,20210125,계양-강화 고속국도 타당성 조사(평가) 용역,국토교통부,PQ,2651434000,2649949225,99.94400106,유신+동명+KCI,99.19,2108259000,99.3986,N
20210120984 - 00,20210125,계양-강화 고속국도 타당성 조사(평가) 용역,국토교통부,PQ,2651434000,2649949225,99.94400106,홍익,99.1,2122923000,100.09,N
20210120984 - 00,20210125,계양-강화 고속국도 타당성 조사(평가) 용역,국토교통부,PQ,2651434000,2649949225,99.94400106,건화,99,2129499000,100.4,N
20210120984 - 00,20210125,계양-강화 고속국도 타당성 조사(평가) 용역,국토교통부,PQ,2651434000,2649949225,99.94400106,다산,99,2118469500,99.88,N
20210120984 - 00,20210125,계양-강화 고속국도 타당성 조사(평가) 용역,국토교통부,PQ,2651434000,2649949225,99.94400106,수성,99,2127279999,100.2954,N
20210120984 - 00,20210125,계양-강화 고속국도 타당성 조사(평가) 용역,국토교통부,PQ,2651434000,2649949225,99.94400106,제일+동일+보람,98.91,2131195000,100.48,N
20210120984 - 00,20210125,계양-강화 고속국도 타당성 조사(평가) 용역,국토교통부,PQ,2651434000,2649949225,99.94400106,평화+천일,98.8,2123300000,100.0577,N
20210120984 - 00,20210125,계양-강화 고속국도 타당성 조사(평가) 용역,국토교통부,PQ,2651434000,2649949225,99.94400106,대콘+KSM+진우,98.88,2107986000,99.3237,N
20210120984 - 00,20210125,계양-강화 고속국도 타당성 조사(평가) 용역,국토교통부,PQ,2651434000,2649949225,99.94400106,이산+화신,98.7,2109580000,99.3988,N
20210120984 - 00,20210125,계양-강화 고속국도 타당성 조사(평가) 용역,국토교통부,PQ,2651434000,2649949225,99.94400106,경호+서영,98.62,2136880000,100.6725,N
20210120984 - 00,20210125,계양-강화 고속국도 타당성 조사(평가) 용역,국토교통부,PQ,2651434000,2649949225,99.94400106,삼보+경원,98.94,2140740000,100.7788,N
20210120984 - 00,20210125,계양-강화 고속국도 타당성 조사(평가) 용역,국토교통부,PQ,2651434000,2649949225,99.94400106,용마+바우+드림,99.12,2150973000,101.1848,N
20210120984 - 00,20210125,계양-강화 고속국도 타당성 조사(평가) 용역,국토교통부,PQ,2651434000,2649949225,99.94400106,극동+신성+선진,98.62,2106579000,99.01,N
20210120984 - 00,20210125,계양-강화 고속국도 타당성 조사(평가) 용역,국토교통부,PQ,2651434000,2649949225,99.94400106,동부+대건,98.73,2163843000,101.6001,N
20210120984 - 00,20210125,계양-강화 고속국도 타당성 조사(평가) 용역,국토교통부,PQ,2651434000,2649949225,99.94400106,동해+경동,98.42,2172600000,101.28,N
20210120984 - 00,20210125,계양-강화 고속국도 타당성 조사(평가) 용역,국토교통부,PQ,2651434000,2649949225,99.94400106,일신,95.25,2441450000,111.5923,N
20210120984 - 00,20210125,계양-강화 고속국도 타당성 조사(평가) 용역,국토교통부,PQ,2651434000,2649949225,99.94400106,한기,95.58,2247790000,102.0357,N
20210120984 - 00,20210125,계양-강화 고속국도 타당성 조사(평가) 용역,국토교통부,PQ,2651434000,2649949225,99.94400106,장맥,92.65,2294700000,101.8843,N
20210122040 - 00,20210125,삼랑진 자연재해위험개선지구 정비사업 기본 및 실시설계용역,경상남도 밀양시,PQ,1420000000,1418853350,99.91925,KSM+도화+신화,98.96,1123749000,100.6003,Y
20210122040 - 00,20210125,삼랑진 자연재해위험개선지구 정비사업 기본 및 실시설계용역,경상남도 밀양시,PQ,1420000000,1418853350,99.91925,삼안+수성+한맥,97.69,1122440000,99.459,N
20210122040 - 00,20210125,삼랑진 자연재해위험개선지구 정비사업 기본 및 실시설계용역,경상남도 밀양시,PQ,1420000000,1418853350,99.91925,동부+한성,97.68,1138621000,100.8801,N
20210122040 - 00,20210125,삼랑진 자연재해위험개선지구 정비사업 기본 및 실시설계용역,경상남도 밀양시,PQ,1420000000,1418853350,99.91925,한종+경화,97.6,1122700000,99.407,N
20210122040 - 00,20210125,삼랑진 자연재해위험개선지구 정비사업 기본 및 실시설계용역,경상남도 밀양시,PQ,1420000000,1418853350,99.91925,경호+우진+동성,97.57,1142490000,101.1339,N
20210122040 - 00,20210125,삼랑진 자연재해위험개선지구 정비사업 기본 및 실시설계용역,경상남도 밀양시,PQ,1420000000,1418853350,99.91925,동명+현진+HEC,97.53,1120900000,99.1853,N
20210122040 - 00,20210125,삼랑진 자연재해위험개선지구 정비사업 기본 및 실시설계용역,경상남도 밀양시,PQ,1420000000,1418853350,99.91925,유신+화성+하이콘,97.51,1140647000,100.92,N
20210122040 - 00,20210125,삼랑진 자연재해위험개선지구 정비사업 기본 및 실시설계용역,경상남도 밀양시,PQ,1420000000,1418853350,99.91925,이산+서화+제일,97.44,1136300000,100.4849,N
20210122040 - 00,20210125,삼랑진 자연재해위험개선지구 정비사업 기본 및 실시설계용역,경상남도 밀양시,PQ,1420000000,1418853350,99.91925,평화+한올+금성+장맥,97.44,1148800000,101.5903,N
20210122040 - 00,20210125,삼랑진 자연재해위험개선지구 정비사업 기본 및 실시설계용역,경상남도 밀양시,PQ,1420000000,1418853350,99.91925,건화+하우+KCI,97.42,1144000000,101.1404,N
20210122040 - 00,20210125,삼랑진 자연재해위험개선지구 정비사업 기본 및 실시설계용역,경상남도 밀양시,PQ,1420000000,1418853350,99.91925,KG+천진+서영,97.42,1129740000,99.8797,N
20210122040 - 00,20210125,삼랑진 자연재해위험개선지구 정비사업 기본 및 실시설계용역,경상남도 밀양시,PQ,1420000000,1418853350,99.91925,다산+재화+일신,97.08,1160170000,102.3003,N
20210122040 - 00,20210125,삼랑진 자연재해위험개선지구 정비사업 기본 및 실시설계용역,경상남도 밀양시,PQ,1420000000,1418853350,99.91925,화신+우리+정,94.67,1345800000,116.4093,N
20210121590 - 00,20210125,목포내항 여객부두 건설공사 기본 및 실시설계용역,해양수산부 목포지방해양수산청,PQ,1942600000,1925888825,99.13975214,세일,99.43,1548233000,99.63,N
20210121590 - 00,20210125,목포내항 여객부두 건설공사 기본 및 실시설계용역,해양수산부 목포지방해양수산청,PQ,1942600000,1925888825,99.13975214,건일,99.1,1546830000,99.5397,N
20210121590 - 00,20210125,목포내항 여객부두 건설공사 기본 및 실시설계용역,해양수산부 목포지방해양수산청,PQ,1942600000,1925888825,99.13975214,항도,98.98,1559110000,100.3299,N
20210121590 - 00,20210125,목포내항 여객부두 건설공사 기본 및 실시설계용역,해양수산부 목포지방해양수산청,PQ,1942600000,1925888825,99.13975214,아라,98.97,1558183000,100.2703,N
20210121590 - 00,20210125,목포내항 여객부두 건설공사 기본 및 실시설계용역,해양수산부 목포지방해양수산청,PQ,1942600000,1925888825,99.13975214,한항,98.97,1545445000,99.4506,Y
20210121590 - 00,20210125,목포내항 여객부두 건설공사 기본 및 실시설계용역,해양수산부 목포지방해양수산청,PQ,1942600000,1925888825,99.13975214,혜인+유신,98.77,1547300000,99.57,N
20210121590 - 00,20210125,목포내항 여객부두 건설공사 기본 및 실시설계용역,해양수산부 목포지방해양수산청,PQ,1942600000,1925888825,99.13975214,대영,98.83,1547500000,99.5579,N
20210121590 - 00,20210125,목포내항 여객부두 건설공사 기본 및 실시설계용역,해양수산부 목포지방해양수산청,PQ,1942600000,1925888825,99.13975214,세광+동명,98.5,1559620000,100.3001,N
20210121590 - 00,20210125,목포내항 여객부두 건설공사 기본 및 실시설계용역,해양수산부 목포지방해양수산청,PQ,1942600000,1925888825,99.13975214,도화,98.17,1579000000,101.0038,N
20210121590 - 00,20210125,목포내항 여객부두 건설공사 기본 및 실시설계용역,해양수산부 목포지방해양수산청,PQ,1942600000,1925888825,99.13975214,건화+대양(포스이엔지+아세아항측),97.91,1578800000,100.7656,N
20210121590 - 00,20210125,목포내항 여객부두 건설공사 기본 및 실시설계용역,해양수산부 목포지방해양수산청,PQ,1942600000,1925888825,99.13975214,삼안,97.75,1584000000,100.9598,N
20210121590 - 00,20210125,목포내항 여객부두 건설공사 기본 및 실시설계용역,해양수산부 목포지방해양수산청,PQ,1942600000,1925888825,99.13975214,수성,97.58,1588752000,101.1125,N
20210121590 - 00,20210125,목포내항 여객부두 건설공사 기본 및 실시설계용역,해양수산부 목포지방해양수산청,PQ,1942600000,1925888825,99.13975214,한종,97.57,1591900000,101.3003,N
20210121590 - 00,20210125,목포내항 여객부두 건설공사 기본 및 실시설계용역,해양수산부 목포지방해양수산청,PQ,1942600000,1925888825,99.13975214,서영+재화+삼영,97.65,1589800000,101.1542,N
20210123789 - 00,20210126,행정타운(동부소방서 등) 부지조성 실시설계 용역,경상남도 양산시,PQ,455680000,458816275,100.6882626,경동+하우,99.3,397253000,100.4298,N
20210123789 - 00,20210126,행정타운(동부소방서 등) 부지조성 실시설계 용역,경상남도 양산시,PQ,455680000,458816275,100.6882626,수성+건화,97.57,395499000,99.8139,N
20210123789 - 00,20210126,행정타운(동부소방서 등) 부지조성 실시설계 용역,경상남도 양산시,PQ,455680000,458816275,100.6882626,도화+한성,97.36,393860000,99.3774,N
20210123789 - 00,20210126,행정타운(동부소방서 등) 부지조성 실시설계 용역,경상남도 양산시,PQ,455680000,458816275,100.6882626,동명+이솔,97.09,396000000,99.8944,N
20210123789 - 00,20210126,행정타운(동부소방서 등) 부지조성 실시설계 용역,경상남도 양산시,PQ,455680000,458816275,100.6882626,유신+로텍,96.6,395134000,99.6301,N
20210123789 - 00,20210126,행정타운(동부소방서 등) 부지조성 실시설계 용역,경상남도 양산시,PQ,455680000,458816275,100.6882626,동일+한올,96.44,393800000,99.2709,N
20210123789 - 00,20210126,행정타운(동부소방서 등) 부지조성 실시설계 용역,경상남도 양산시,PQ,455680000,458816275,100.6882626,한종+경화,96.36,393550000,99.2079,N
20210123789 - 00,20210126,행정타운(동부소방서 등) 부지조성 실시설계 용역,경상남도 양산시,PQ,455680000,458816275,100.6882626,화신+HEC,96.18,393333000,99.1304,N
20210123789 - 00,20210126,행정타운(동부소방서 등) 부지조성 실시설계 용역,경상남도 양산시,PQ,455680000,458816275,100.6882626,서영+정림,95.95,393390000,99.122,N
20210123789 - 00,20210126,행정타운(동부소방서 등) 부지조성 실시설계 용역,경상남도 양산시,PQ,455680000,458816275,100.6882626,경호+우리,95.89,405000000,102.0474,Y
20210123789 - 00,20210126,행정타운(동부소방서 등) 부지조성 실시설계 용역,경상남도 양산시,PQ,455680000,458816275,100.6882626,KG+KSM,95.29,394290000,99.2804,N
20210122957 - 01,20210126,강화군 신설급수 및 급배수관 부설공사 건설사업관리용역,인천광역시 상수도사업본부 강화수도사업소,PQ,591650000,596418775,100.8060128,극동+장원,99.88,508031000,100.3997,N
20210122957 - 01,20210126,강화군 신설급수 및 급배수관 부설공사 건설사업관리용역,인천광역시 상수도사업본부 강화수도사업소,PQ,591650000,596418775,100.8060128,서영+청해,99.52,505739000,99.8533,N
20210122957 - 01,20210126,강화군 신설급수 및 급배수관 부설공사 건설사업관리용역,인천광역시 상수도사업본부 강화수도사업소,PQ,591650000,596418775,100.8060128,범한+바우,99.36,505199000,99.7001,N
20210122957 - 01,20210126,강화군 신설급수 및 급배수관 부설공사 건설사업관리용역,인천광역시 상수도사업본부 강화수도사업소,PQ,591650000,596418775,100.8060128,도화+대한,99,504600000,99.5006,N
20210122957 - 01,20210126,강화군 신설급수 및 급배수관 부설공사 건설사업관리용역,인천광역시 상수도사업본부 강화수도사업소,PQ,591650000,596418775,100.8060128,다산+INC,98.9,506854000,99.9101,N
20210122957 - 01,20210126,강화군 신설급수 및 급배수관 부설공사 건설사업관리용역,인천광역시 상수도사업본부 강화수도사업소,PQ,591650000,596418775,100.8060128,동성+명인,98.82,503310000,99.1999,N
20210122957 - 01,20210126,강화군 신설급수 및 급배수관 부설공사 건설사업관리용역,인천광역시 상수도사업본부 강화수도사업소,PQ,591650000,596418775,100.8060128,건화+한서,98.8,512900000,101.0783,Y
20210122957 - 01,20210126,강화군 신설급수 및 급배수관 부설공사 건설사업관리용역,인천광역시 상수도사업본부 강화수도사업소,PQ,591650000,596418775,100.8060128,신명+브니엘,98.67,0,0,N
20210122957 - 01,20210126,강화군 신설급수 및 급배수관 부설공사 건설사업관리용역,인천광역시 상수도사업본부 강화수도사업소,PQ,591650000,596418775,100.8060128,유신+한승,96.45,526900000,103.2115,N
20210123875 - 00,20210126,제천-영월 고속국도 타당성 조사(평가),국토교통부,PQ,2429989000,2418173225,99.51375191,삼안+한맥+하이콘,99.36,1943700000,99.9913,N
20210123875 - 00,20210126,제천-영월 고속국도 타당성 조사(평가),국토교통부,PQ,2429989000,2418173225,99.51375191,도화+한종,99.3,1938400000,99.7186,N
20210123875 - 00,20210126,제천-영월 고속국도 타당성 조사(평가),국토교통부,PQ,2429989000,2418173225,99.51375191,동성,99.3,1937066000,99.65,N
20210123875 - 00,20210126,제천-영월 고속국도 타당성 조사(평가),국토교통부,PQ,2429989000,2418173225,99.51375191,KG+내경,99.23,1936480000,99.6198,N
20210123875 - 00,20210126,제천-영월 고속국도 타당성 조사(평가),국토교통부,PQ,2429989000,2418173225,99.51375191,동명+유신+KCI,99.2,1953600000,100.5006,N
20210123875 - 00,20210126,제천-영월 고속국도 타당성 조사(평가),국토교통부,PQ,2429989000,2418173225,99.51375191,홍익,99.1,1945619000,100.09,N
20210123875 - 00,20210126,제천-영월 고속국도 타당성 조사(평가),국토교통부,PQ,2429989000,2418173225,99.51375191,건화,99,1951600000,100.3977,N
20210123875 - 00,20210126,제천-영월 고속국도 타당성 조사(평가),국토교통부,PQ,2429989000,2418173225,99.51375191,다산,99,1936872000,99.64,N
20210123875 - 00,20210126,제천-영월 고속국도 타당성 조사(평가),국토교통부,PQ,2429989000,2418173225,99.51375191,수성,99,1937848000,99.6902,N
20210123875 - 00,20210126,제천-영월 고속국도 타당성 조사(평가),국토교통부,PQ,2429989000,2418173225,99.51375191,제일+동일+보람,98.91,1953200000,100.48,N
20210123875 - 00,20210126,제천-영월 고속국도 타당성 조사(평가),국토교통부,PQ,2429989000,2418173225,99.51375191,천일+평화,98.8,1962230000,100.8941,N
20210123875 - 00,20210126,제천-영월 고속국도 타당성 조사(평가),국토교통부,PQ,2429989000,2418173225,99.51375191,이산+화신,98.7,1935980000,99.5319,Y
20210123875 - 00,20210126,제천-영월 고속국도 타당성 조사(평가),국토교통부,PQ,2429989000,2418173225,99.51375191,서영+경호,98.58,1959900000,100.6988,N
20210123875 - 00,20210126,제천-영월 고속국도 타당성 조사(평가),국토교통부,PQ,2429989000,2418173225,99.51375191,삼보+경원,98.94,1961970000,100.78,N
20210123875 - 00,20210126,제천-영월 고속국도 타당성 조사(평가),국토교통부,PQ,2429989000,2418173225,99.51375191,대콘+KSM+진우,98.78,1965342000,100.9532,N
20210123875 - 00,20210126,제천-영월 고속국도 타당성 조사(평가),국토교통부,PQ,2429989000,2418173225,99.51375191,용마+바우+드림,99.12,1933200000,99.2278,N
20210123875 - 00,20210126,제천-영월 고속국도 타당성 조사(평가),국토교통부,PQ,2429989000,2418173225,99.51375191,극동+신성+선진,98.62,1971978000,101.1173,N
20210123875 - 00,20210126,제천-영월 고속국도 타당성 조사(평가),국토교통부,PQ,2429989000,2418173225,99.51375191,동부+대건,98.73,1983124000,101.6003,N
20210123875 - 00,20210126,제천-영월 고속국도 타당성 조사(평가),국토교통부,PQ,2429989000,2418173225,99.51375191,동해+경동,98.42,1991200000,101.2827,N
20210123875 - 00,20210126,제천-영월 고속국도 타당성 조사(평가),국토교통부,PQ,2429989000,2418173225,99.51375191,한기,97.08,2031564000,101.9124,N
20210123875 - 00,20210126,제천-영월 고속국도 타당성 조사(평가),국토교통부,PQ,2429989000,2418173225,99.51375191,일신,95.25,2237400000,111.5852,N
20210123875 - 00,20210126,제천-영월 고속국도 타당성 조사(평가),국토교통부,PQ,2429989000,2418173225,99.51375191,장맥,92.65,2103000000,101.8819,N
A20-S113-000,20210112,고리ㆍ새울 원자력발전소 주변 일반환경조사 및 평가 용역,한국수력원자력(주) 새울원자력본부,PQ,3161276742,3136384060,99.21257504,유신+메이텍,97.8,2813800000,109.1658,N
A20-S113-000,20210112,고리ㆍ새울 원자력발전소 주변 일반환경조사 및 평가 용역,한국수력원자력(주) 새울원자력본부,PQ,3161276742,3136384060,99.21257504,동일+건화+마린+이앤씨,96.76,2590380000,99.6061,Y
E012100750-1,20210128,"양주지역 전기공급시설 전력구공사(회천분기, 회천S/S배전인출) 설계용역",한국전력공사 경인건설본부,PQ,708004000,711750873,100.5292164,태조,100,608577000,100.5401,Y
E012100750-1,20210128,"양주지역 전기공급시설 전력구공사(회천분기, 회천S/S배전인출) 설계용역",한국전력공사 경인건설본부,PQ,708004000,711750873,100.5292164,대콘,99.97,608697900,100.56,N
E012100750-1,20210128,"양주지역 전기공급시설 전력구공사(회천분기, 회천S/S배전인출) 설계용역",한국전력공사 경인건설본부,PQ,708004000,711750873,100.5292164,신성,99.86,604580000,99.8797,N
E012100750-1,20210128,"양주지역 전기공급시설 전력구공사(회천분기, 회천S/S배전인출) 설계용역",한국전력공사 경인건설본부,PQ,708004000,711750873,100.5292164,도화,98.76,603170000,99.6468,N
E012100750-1,20210128,"양주지역 전기공급시설 전력구공사(회천분기, 회천S/S배전인출) 설계용역",한국전력공사 경인건설본부,PQ,708004000,711750873,100.5292164,KG,98.74,603975000,99.7798,N
E012100750-1,20210128,"양주지역 전기공급시설 전력구공사(회천분기, 회천S/S배전인출) 설계용역",한국전력공사 경인건설본부,PQ,708004000,711750873,100.5292164,다산,97.12,603017000,99.25,N
E012100750-1,20210128,"양주지역 전기공급시설 전력구공사(회천분기, 회천S/S배전인출) 설계용역",한국전력공사 경인건설본부,PQ,708004000,711750873,100.5292164,선진,96.76,612985000,100.785,N
E012100750-1,20210128,"양주지역 전기공급시설 전력구공사(회천분기, 회천S/S배전인출) 설계용역",한국전력공사 경인건설본부,PQ,708004000,711750873,100.5292164,건화(지오로직스),95.71,619800000,101.598,N
20210126375 - 00,20210128,무안 항공국가산업단지조성 타당성조사 용역,전라남도 무안군,PQ,243133000,239599125,98.54652598,경동+하이콘,98.5,212215000,100.4702,N
20210126375 - 00,20210128,무안 항공국가산업단지조성 타당성조사 용역,전라남도 무안군,PQ,243133000,239599125,98.54652598,삼안+한기,98.3,212190000,100.4353,N
20210126375 - 00,20210128,무안 항공국가산업단지조성 타당성조사 용역,전라남도 무안군,PQ,243133000,239599125,98.54652598,수성+신명,98.06,211805000,100.23,N
20210126375 - 00,20210128,무안 항공국가산업단지조성 타당성조사 용역,전라남도 무안군,PQ,243133000,239599125,98.54652598,도화+동아,98.05,210550000,99.6361,N
20210126375 - 00,20210128,무안 항공국가산업단지조성 타당성조사 용역,전라남도 무안군,PQ,243133000,239599125,98.54652598,동명+원우,97.42,212500000,100.501,N
20210126375 - 00,20210128,무안 항공국가산업단지조성 타당성조사 용역,전라남도 무안군,PQ,243133000,239599125,98.54652598,유신+에스이,97.32,213791000,101.1,N
20210126375 - 00,20210128,무안 항공국가산업단지조성 타당성조사 용역,전라남도 무안군,PQ,243133000,239599125,98.54652598,건화+우빈,97.12,209780000,99.1804,N
20210126375 - 00,20210128,무안 항공국가산업단지조성 타당성조사 용역,전라남도 무안군,PQ,243133000,239599125,98.54652598,한종+평화,96.58,213450000,100.8576,N
20210126375 - 00,20210128,무안 항공국가산업단지조성 타당성조사 용역,전라남도 무안군,PQ,243133000,239599125,98.54652598,KG+우영,95.97,213620000,100.8799,N
20210126375 - 00,20210128,무안 항공국가산업단지조성 타당성조사 용역,전라남도 무안군,PQ,243133000,239599125,98.54652598,동일+산이,95.39,209900000,99.0663,N
20210126375 - 00,20210128,무안 항공국가산업단지조성 타당성조사 용역,전라남도 무안군,PQ,243133000,239599125,98.54652598,서영+우리종합,95.21,216230000,102.0422,N
20210126375 - 00,20210128,무안 항공국가산업단지조성 타당성조사 용역,전라남도 무안군,PQ,243133000,239599125,98.54652598,경호+신오,95.06,209480000,98.8454,Y
20210127903 - 01,20210129,송악 고대 하수관로 정비공사 기본 및 실시설계용역,충청남도 당진시,PQ,356600000,357352450,100.2110067,도화+드림,98.49,309860000,100.0206,N
20210127903 - 01,20210129,송악 고대 하수관로 정비공사 기본 및 실시설계용역,충청남도 당진시,PQ,356600000,357352450,100.2110067,KG+우리,97.72,308867000,99.6198,N
20210127903 - 01,20210129,송악 고대 하수관로 정비공사 기본 및 실시설계용역,충청남도 당진시,PQ,356600000,357352450,100.2110067,건양+송현,97.68,311782000,100.56,N
20210127903 - 01,20210129,송악 고대 하수관로 정비공사 기본 및 실시설계용역,충청남도 당진시,PQ,356600000,357352450,100.2110067,이산+장맥,97.65,309180000,99.7207,N
20210127903 - 01,20210129,송악 고대 하수관로 정비공사 기본 및 실시설계용역,충청남도 당진시,PQ,356600000,357352450,100.2110067,삼안+한맥,97.65,308330000,99.4466,N
20210127903 - 01,20210129,송악 고대 하수관로 정비공사 기본 및 실시설계용역,충청남도 당진시,PQ,356600000,357352450,100.2110067,동명+천마,97.65,310130000,100.0271,N
20210127903 - 01,20210129,송악 고대 하수관로 정비공사 기본 및 실시설계용역,충청남도 당진시,PQ,356600000,357352450,100.2110067,경동+유신,97.5,312878000,100.8902,N
20210127903 - 01,20210129,송악 고대 하수관로 정비공사 기본 및 실시설계용역,충청남도 당진시,PQ,356600000,357352450,100.2110067,선진+정안,97.44,312580000,100.7942,N
20210127903 - 01,20210129,송악 고대 하수관로 정비공사 기본 및 실시설계용역,충청남도 당진시,PQ,356600000,357352450,100.2110067,건화+수성E,97.42,308000000,99.3173,N
20210127903 - 01,20210129,송악 고대 하수관로 정비공사 기본 및 실시설계용역,충청남도 당진시,PQ,356600000,357352450,100.2110067,한종+세일,97.3,310330000,100.0571,N
20210127903 - 01,20210129,송악 고대 하수관로 정비공사 기본 및 실시설계용역,충청남도 당진시,PQ,356600000,357352450,100.2110067,삼주+바셈,97.07,311092000,100.2797,Y
20210127903 - 01,20210129,송악 고대 하수관로 정비공사 기본 및 실시설계용역,충청남도 당진시,PQ,356600000,357352450,100.2110067,홍익+계림,97.05,308025000,99.2797,N
20210127903 - 01,20210129,송악 고대 하수관로 정비공사 기본 및 실시설계용역,충청남도 당진시,PQ,356600000,357352450,100.2110067,제일+기산,96.8,308380000,99.3713,N
20210127903 - 01,20210129,송악 고대 하수관로 정비공사 기본 및 실시설계용역,충청남도 당진시,PQ,356600000,357352450,100.2110067,화신+동양,96.77,317480000,102.3036,N
20210127903 - 01,20210129,송악 고대 하수관로 정비공사 기본 및 실시설계용역,충청남도 당진시,PQ,356600000,357352450,100.2110067,경호+세종,96.52,306590000,98.7718,N
20210128934 - 00,20210129,장산지구 개선복구사업 기본 및 실시설계용역,충청남도 천안시,PQ,1012154000,1018232050,100.6005064,평화+장맥+경호,100,868970000,100.4194,N
20210128934 - 00,20210129,장산지구 개선복구사업 기본 및 실시설계용역,충청남도 천안시,PQ,1012154000,1018232050,100.6005064,한종+천마,100,863600000,99.7988,N
20210128934 - 00,20210129,장산지구 개선복구사업 기본 및 실시설계용역,충청남도 천안시,PQ,1012154000,1018232050,100.6005064,유신+드림,99.91,871775000,100.72,Y
20210128934 - 00,20210129,장산지구 개선복구사업 기본 및 실시설계용역,충청남도 천안시,PQ,1012154000,1018232050,100.6005064,KSM+동국,99.83,869209000,100.4,N
20210128934 - 00,20210129,장산지구 개선복구사업 기본 및 실시설계용역,충청남도 천안시,PQ,1012154000,1018232050,100.6005064,도화+계림+기산,99.59,858680000,99.1143,N
20210128934 - 00,20210129,장산지구 개선복구사업 기본 및 실시설계용역,충청남도 천안시,PQ,1012154000,1018232050,100.6005064,KG+삼육+주하,99.5,872260000,100.67,N
20210128934 - 00,20210129,장산지구 개선복구사업 기본 및 실시설계용역,충청남도 천안시,PQ,1012154000,1018232050,100.6005064,극동+명성,99.38,873778000,100.8099,N
20210128934 - 00,20210129,장산지구 개선복구사업 기본 및 실시설계용역,충청남도 천안시,PQ,1012154000,1018232050,100.6005064,이산+우경,99.37,860688000,99.2997,N
20210128934 - 00,20210129,장산지구 개선복구사업 기본 및 실시설계용역,충청남도 천안시,PQ,1012154000,1018232050,100.6005064,서광+예당,99.22,877483000,101.1901,N
20210128934 - 00,20210129,장산지구 개선복구사업 기본 및 실시설계용역,충청남도 천안시,PQ,1012154000,1018232050,100.6005064,건화+경동+건일(제온기술),99.2,862000000,99.4046,N
20210128934 - 00,20210129,장산지구 개선복구사업 기본 및 실시설계용역,충청남도 천안시,PQ,1012154000,1018232050,100.6005064,동부+세일,99.11,876909000,101.1003,N
20210128934 - 00,20210129,장산지구 개선복구사업 기본 및 실시설계용역,충청남도 천안시,PQ,1012154000,1018232050,100.6005064,다산+세종,99.06,860526000,99.1999,N
20210128934 - 00,20210129,장산지구 개선복구사업 기본 및 실시설계용역,충청남도 천안시,PQ,1012154000,1018232050,100.6005064,동성+우주,99.05,877876000,101.2,N
20210128934 - 00,20210129,장산지구 개선복구사업 기본 및 실시설계용역,충청남도 천안시,PQ,1012154000,1018232050,100.6005064,삼안+한경,99,876920000,101.078,N
20210128934 - 00,20210129,장산지구 개선복구사업 기본 및 실시설계용역,충청남도 천안시,PQ,1012154000,1018232050,100.6005064,동명+송현,98.94,858857000,98.9729,N
20210128934 - 00,20210129,장산지구 개선복구사업 기본 및 실시설계용역,충청남도 천안시,PQ,1012154000,1018232050,100.6005064,화신+수성E+강동,98.86,914000000,105.3029,N
20210128673 - 00,20210129,천성항 남방파제 건설공사 기본 및 실시설계용역,해양수산부 부산지방해양수산청 부산항건설사무소,PQ,645000000,645783700,100.1215039,한항+동명,98.05,553707000,100.3402,Y
20210128673 - 00,20210129,천성항 남방파제 건설공사 기본 및 실시설계용역,해양수산부 부산지방해양수산청 부산항건설사무소,PQ,645000000,645783700,100.1215039,세일,97.76,551829000,99.9999,N
20210128673 - 00,20210129,천성항 남방파제 건설공사 기본 및 실시설계용역,해양수산부 부산지방해양수산청 부산항건설사무소,PQ,645000000,645783700,100.1215039,세광,97.75,552110000,100.0508,N
20210128673 - 00,20210129,천성항 남방파제 건설공사 기본 및 실시설계용역,해양수산부 부산지방해양수산청 부산항건설사무소,PQ,645000000,645783700,100.1215039,항도,97.96,550830000,99.7605,N
20210128673 - 00,20210129,천성항 남방파제 건설공사 기본 및 실시설계용역,해양수산부 부산지방해양수산청 부산항건설사무소,PQ,645000000,645783700,100.1215039,혜인,97.9,551160000,99.797,N
20210128673 - 00,20210129,천성항 남방파제 건설공사 기본 및 실시설계용역,해양수산부 부산지방해양수산청 부산항건설사무소,PQ,645000000,645783700,100.1215039,수성,97.78,555456000,100.5396,N
20210128673 - 00,20210129,천성항 남방파제 건설공사 기본 및 실시설계용역,해양수산부 부산지방해양수산청 부산항건설사무소,PQ,645000000,645783700,100.1215039,도화,97.6,550000000,99.5056,N
20210128673 - 00,20210129,천성항 남방파제 건설공사 기본 및 실시설계용역,해양수산부 부산지방해양수산청 부산항건설사무소,PQ,645000000,645783700,100.1215039,한종,97.5,551820000,99.7999,N
20210128673 - 00,20210129,천성항 남방파제 건설공사 기본 및 실시설계용역,해양수산부 부산지방해양수산청 부산항건설사무소,PQ,645000000,645783700,100.1215039,유신,97.08,558681000,101.0408,N
20210128673 - 00,20210129,천성항 남방파제 건설공사 기본 및 실시설계용역,해양수산부 부산지방해양수산청 부산항건설사무소,PQ,645000000,645783700,100.1215039,건일,97.36,559090000,101.0794,N
20210128673 - 00,20210129,천성항 남방파제 건설공사 기본 및 실시설계용역,해양수산부 부산지방해양수산청 부산항건설사무소,PQ,645000000,645783700,100.1215039,대영,97.2,558630000,100.9491,N
20210128673 - 00,20210129,천성항 남방파제 건설공사 기본 및 실시설계용역,해양수산부 부산지방해양수산청 부산항건설사무소,PQ,645000000,645783700,100.1215039,건화+대양(포스이엔지+지아이에스21),97.12,560400000,101.2454,N
20210128673 - 00,20210129,천성항 남방파제 건설공사 기본 및 실시설계용역,해양수산부 부산지방해양수산청 부산항건설사무소,PQ,645000000,645783700,100.1215039,서영+재화+삼영,96.54,565700000,101.989,N
20210128673 - 00,20210129,천성항 남방파제 건설공사 기본 및 실시설계용역,해양수산부 부산지방해양수산청 부산항건설사무소,PQ,645000000,645783700,100.1215039,삼안+평화,96.07,548790000,98.8484,N
B5202100199,20210129,K-water 광역정수장 탄소 중립 사업 육상태양광 추진 용역,한국수자원공사,PQ,1058200000,1057979336,99.97914723,도화,98.32,869700000,101.5717,Y
B5202100199,20210129,K-water 광역정수장 탄소 중립 사업 육상태양광 추진 용역,한국수자원공사,PQ,1058200000,1057979336,99.97914723,건화,97.42,857459000,99.8582,N
B5202100199,20210129,K-water 광역정수장 탄소 중립 사업 육상태양광 추진 용역,한국수자원공사,PQ,1058200000,1057979336,99.97914723,에디슨+삼안,92.91,973500000,111.8151,N
B5202100199,20210129,K-water 광역정수장 탄소 중립 사업 육상태양광 추진 용역,한국수자원공사,PQ,1058200000,1057979336,99.97914723,유신,78.62,0,0,N
20210128254 - 00,20210129,"공촌~부평, 남동~수산 간 비상연계 관로공사 기본 및 실시설계 용역",인천광역시 상수도사업본부,PQ,1575574000,1586299775,100.6807535,도화+장원+건화(아이엔씨+극동),99.88,1244750000,101.1885,Y
20210128254 - 00,20210129,"공촌~부평, 남동~수산 간 비상연계 관로공사 기본 및 실시설계 용역",인천광역시 상수도사업본부,PQ,1575574000,1586299775,100.6807535,한종+일진,97.92,1238815000,99.1067,N
20210128254 - 00,20210129,"공촌~부평, 남동~수산 간 비상연계 관로공사 기본 및 실시설계 용역",인천광역시 상수도사업본부,PQ,1575574000,1586299775,100.6807535,삼안+바우,97.89,1236400000,98.8885,N
20210128254 - 00,20210129,"공촌~부평, 남동~수산 간 비상연계 관로공사 기본 및 실시설계 용역",인천광역시 상수도사업본부,PQ,1575574000,1586299775,100.6807535,동명+한서+선진,97.85,1235500000,98.7916,N
20210128254 - 00,20210129,"공촌~부평, 남동~수산 간 비상연계 관로공사 기본 및 실시설계 용역",인천광역시 상수도사업본부,PQ,1575574000,1586299775,100.6807535,경동+KG+고산,97.68,1235313000,98.64,N
20210128254 - 00,20210129,"공촌~부평, 남동~수산 간 비상연계 관로공사 기본 및 실시설계 용역",인천광역시 상수도사업본부,PQ,1575574000,1586299775,100.6807535,제일+HEC+도담,97.43,1277450000,101.7997,N
20210128254 - 00,20210129,"공촌~부평, 남동~수산 간 비상연계 관로공사 기본 및 실시설계 용역",인천광역시 상수도사업본부,PQ,1575574000,1586299775,100.6807535,유신+청해+동성,97.32,1417900000,112.8929,N
