PQ공고 NO.,공고일자,사업명,발주처,입찰구분,기초금액,예정금액,예가,업체명,PQ점수,투찰금액,추정예가,낙찰여부
R25BK01128915-000,20251103,"오동, 위잉낭소하천 정비사업 통합건설사업관리용역(감독권한대행)",충청남도 보령시,PQ,1846298000,1849999900,100.2005039,건화+경인,100,1470900000,99.5906,N
R25BK01128915-000,20251103,"오동, 위잉낭소하천 정비사업 통합건설사업관리용역(감독권한대행)",충청남도 보령시,PQ,1846298000,1849999900,100.2005039,건일+세종,100,1474000000,99.8005,N
R25BK01128915-000,20251103,"오동, 위잉낭소하천 정비사업 통합건설사업관리용역(감독권한대행)",충청남도 보령시,PQ,1846298000,1849999900,100.2005039,경동+대성,100,1468669000,99.4396,N
R25BK01128915-000,20251103,"오동, 위잉낭소하천 정비사업 통합건설사업관리용역(감독권한대행)",충청남도 보령시,PQ,1846298000,1849999900,100.2005039,극동+기산,100,1471481000,99.63,N
R25BK01128915-000,20251103,"오동, 위잉낭소하천 정비사업 통합건설사업관리용역(감독권한대행)",충청남도 보령시,PQ,1846298000,1849999900,100.2005039,다산+수성E+정민,100,1488024000,100.7501,N
R25BK01128915-000,20251103,"오동, 위잉낭소하천 정비사업 통합건설사업관리용역(감독권한대행)",충청남도 보령시,PQ,1846298000,1849999900,100.2005039,도화+송현R+천마,100,1486500000,100.6469,Y
R25BK01128915-000,20251103,"오동, 위잉낭소하천 정비사업 통합건설사업관리용역(감독권한대행)",충청남도 보령시,PQ,1846298000,1849999900,100.2005039,동명+더원,100,1492450000,101.0497,N
R25BK01128915-000,20251103,"오동, 위잉낭소하천 정비사업 통합건설사업관리용역(감독권한대행)",충청남도 보령시,PQ,1846298000,1849999900,100.2005039,동부+드림,100,1478279000,100.0902,N
R25BK01128915-000,20251103,"오동, 위잉낭소하천 정비사업 통합건설사업관리용역(감독권한대행)",충청남도 보령시,PQ,1846298000,1849999900,100.2005039,동성+동국,100,1465574000,99.23,N
R25BK01128915-000,20251103,"오동, 위잉낭소하천 정비사업 통합건설사업관리용역(감독권한대행)",충청남도 보령시,PQ,1846298000,1849999900,100.2005039,서영+정안,100,1459800000,98.8391,N
R25BK01128915-000,20251103,"오동, 위잉낭소하천 정비사업 통합건설사업관리용역(감독권한대행)",충청남도 보령시,PQ,1846298000,1849999900,100.2005039,수성+윤창,100,1478507999,100.1058,N
R25BK01128915-000,20251103,"오동, 위잉낭소하천 정비사업 통합건설사업관리용역(감독권한대행)",충청남도 보령시,PQ,1846298000,1849999900,100.2005039,신명+유원,100,1471000000,99.5974,N
R25BK01128915-000,20251103,"오동, 위잉낭소하천 정비사업 통합건설사업관리용역(감독권한대행)",충청남도 보령시,PQ,1846298000,1849999900,100.2005039,유신+태일,100,1465597000,99.2316,N
R25BK01128915-000,20251103,"오동, 위잉낭소하천 정비사업 통합건설사업관리용역(감독권한대행)",충청남도 보령시,PQ,1846298000,1849999900,100.2005039,장맥+이산,100,1459964000,98.8502,N
R25BK01128915-000,20251103,"오동, 위잉낭소하천 정비사업 통합건설사업관리용역(감독권한대행)",충청남도 보령시,PQ,1846298000,1849999900,100.2005039,한종+SH,100,1471100000,99.6042,N
R25BK01128915-000,20251103,"오동, 위잉낭소하천 정비사업 통합건설사업관리용역(감독권한대행)",충청남도 보령시,PQ,1846298000,1849999900,100.2005039,홍익+계림,100,1459990000,98.8519,N
R25BK01129286-000,20251103,목현천 생태하천복원사업 기본 및 실시설계용역,경기도 광주시,PQ,2195094000,2213768800,100.8507517,도화+화정,99.75,1757600000,99.8933,N
R25BK01129286-000,20251103,목현천 생태하천복원사업 기본 및 실시설계용역,경기도 광주시,PQ,2195094000,2213768800,100.8507517,화신+선진+건일,99.4,1761174000,99.81,N
R25BK01129286-000,20251103,목현천 생태하천복원사업 기본 및 실시설계용역,경기도 광주시,PQ,2195094000,2213768800,100.8507517,KG+극동,99.33,1757980000,99.5795,N
R25BK01129286-000,20251103,목현천 생태하천복원사업 기본 및 실시설계용역,경기도 광주시,PQ,2195094000,2213768800,100.8507517,다산+신화+현산,99.32,1775865000,100.58,N
R25BK01129286-000,20251103,목현천 생태하천복원사업 기본 및 실시설계용역,경기도 광주시,PQ,2195094000,2213768800,100.8507517,동명+DM,99.32,1771800000,100.3498,N
R25BK01129286-000,20251103,목현천 생태하천복원사업 기본 및 실시설계용역,경기도 광주시,PQ,2195094000,2213768800,100.8507517,삼안+한맥,99.3,1751750000,99.2019,N
R25BK01129286-000,20251103,목현천 생태하천복원사업 기본 및 실시설계용역,경기도 광주시,PQ,2195094000,2213768800,100.8507517,유신+서영,99.3,1752965000,99.2707,N
R25BK01129286-000,20251103,목현천 생태하천복원사업 기본 및 실시설계용역,경기도 광주시,PQ,2195094000,2213768800,100.8507517,이산+동성,99.3,0,0,N
R25BK01129286-000,20251103,목현천 생태하천복원사업 기본 및 실시설계용역,경기도 광주시,PQ,2195094000,2213768800,100.8507517,KSM+TSK,99.3,1762200000,99.7937,N
R25BK01129286-000,20251103,목현천 생태하천복원사업 기본 및 실시설계용역,경기도 광주시,PQ,2195094000,2213768800,100.8507517,한종+SD,99.24,1772200000,100.3101,N
R25BK01129286-000,20251103,목현천 생태하천복원사업 기본 및 실시설계용역,경기도 광주시,PQ,2195094000,2213768800,100.8507517,경호+강호,99.2,1798600000,101.7665,Y
R25BK01129286-000,20251103,목현천 생태하천복원사업 기본 및 실시설계용역,경기도 광주시,PQ,2195094000,2213768800,100.8507517,건화+KCI(테크피아),99.17,2096000000,118.5642,N
R25BK01129286-000,20251103,목현천 생태하천복원사업 기본 및 실시설계용역,경기도 광주시,PQ,2195094000,2213768800,100.8507517,수성+동부+신성,99.1,1746070000,98.7207,N
B5202507675,20251103,안동댐 안전성강화사업 건설공사 건설사업관리용역,한국수자원공사,종심제,12056200000,12004547403,99.57156818,건화+KSM+태조+제일+다산,98.692,9705000000,80.498,Y
B5202507675,20251103,안동댐 안전성강화사업 건설공사 건설사업관리용역,한국수자원공사,종심제,12056200000,12004547403,99.57156818,도화+한맥+국성+동명+동해,97.692,9765000000,80.9957,N
B5202507675,20251103,안동댐 안전성강화사업 건설공사 건설사업관리용역,한국수자원공사,종심제,12056200000,12004547403,99.57156818,한종+KG+드림+용마+대콘,95.477,9571000000,79.3865,N
R25BK01130146 - 000,20251103,오동지구 일반산업단지 조성공사 조사설계용역,대전도시공사,PQ,4716800000,4723144125,100.1345006,건화+중부(국성),98.31,3876800000,101.3644,N
R25BK01130146 - 000,20251103,오동지구 일반산업단지 조성공사 조사설계용역,대전도시공사,PQ,4716800000,4723144125,100.1345006,한종+동명+선구,98.02,3838282000,100.135,Y
R25BK01130146 - 000,20251103,오동지구 일반산업단지 조성공사 조사설계용역,대전도시공사,PQ,4716800000,4723144125,100.1345006,유신+경림,97.97,3824583000,99.7408,N
R25BK01130146 - 000,20251103,오동지구 일반산업단지 조성공사 조사설계용역,대전도시공사,PQ,4716800000,4723144125,100.1345006,도화+동양E+신화건축,97.83,3812868000,99.3253,N
R25BK01130146 - 000,20251103,오동지구 일반산업단지 조성공사 조사설계용역,대전도시공사,PQ,4716800000,4723144125,100.1345006,KG+태근+홍익,97.49,3919200000,101.82,N
R25BK01130146 - 000,20251103,오동지구 일반산업단지 조성공사 조사설계용역,대전도시공사,PQ,4716800000,4723144125,100.1345006,동일,95.9,3951800000,101.3995,N
R25BK01130146 - 000,20251103,오동지구 일반산업단지 조성공사 조사설계용역,대전도시공사,PQ,4716800000,4723144125,100.1345006,경동+JH+장맥,95.63,3969319000,101.6399,N
R25BK01130146 - 000,20251103,오동지구 일반산업단지 조성공사 조사설계용역,대전도시공사,PQ,4716800000,4723144125,100.1345006,선진,95.58,3998538000,102.3511,N
R25BK01130146 - 000,20251103,오동지구 일반산업단지 조성공사 조사설계용역,대전도시공사,PQ,4716800000,4723144125,100.1345006,삼안+서윤,95.07,3970780000,101.2372,N
R25BK01130146 - 000,20251103,오동지구 일반산업단지 조성공사 조사설계용역,대전도시공사,PQ,4716800000,4723144125,100.1345006,서영+화영+경호,94.79,4048660000,102.9998,N
R25BK01130715-000,20251103,석산~대포간 도로개량공사 외2개소 감독권한대행 통합건설사업관리용역,경상북도,PQ,1806100000,1825881375,101.0952536,건화+해인,99.8,1448583000,100.0999,N
R25BK01130715-000,20251103,석산~대포간 도로개량공사 외2개소 감독권한대행 통합건설사업관리용역,경상북도,PQ,1806100000,1825881375,101.0952536,유신+해동,99.56,1458985000,100.6178,N
R25BK01130715-000,20251103,석산~대포간 도로개량공사 외2개소 감독권한대행 통합건설사업관리용역,경상북도,PQ,1806100000,1825881375,101.0952536,다산+서영+디엠,99.4,1448640000,99.78,N
R25BK01130715-000,20251103,석산~대포간 도로개량공사 외2개소 감독권한대행 통합건설사업관리용역,경상북도,PQ,1806100000,1825881375,101.0952536,동부+한주,99.37,1436226000,98.9004,N
R25BK01130715-000,20251103,석산~대포간 도로개량공사 외2개소 감독권한대행 통합건설사업관리용역,경상북도,PQ,1806100000,1825881375,101.0952536,다음+대성,99.35,1446392000,99.588,N
R25BK01130715-000,20251103,석산~대포간 도로개량공사 외2개소 감독권한대행 통합건설사업관리용역,경상북도,PQ,1806100000,1825881375,101.0952536,대콘+라움,99.34,1444111000,99.4186,N
R25BK01130715-000,20251103,석산~대포간 도로개량공사 외2개소 감독권한대행 통합건설사업관리용역,경상북도,PQ,1806100000,1825881375,101.0952536,동성+DS,99.34,1463014000,100.72,N
R25BK01130715-000,20251103,석산~대포간 도로개량공사 외2개소 감독권한대행 통합건설사업관리용역,경상북도,PQ,1806100000,1825881375,101.0952536,이산+주하,99.34,1462630000,100.6935,N
R25BK01130715-000,20251103,석산~대포간 도로개량공사 외2개소 감독권한대행 통합건설사업관리용역,경상북도,PQ,1806100000,1825881375,101.0952536,바우+상금,99.32,1441800000,99.2472,N
R25BK01130715-000,20251103,석산~대포간 도로개량공사 외2개소 감독권한대행 통합건설사업관리용역,경상북도,PQ,1806100000,1825881375,101.0952536,홍익+강산,99.32,1439660000,99.0999,N
R25BK01130715-000,20251103,석산~대포간 도로개량공사 외2개소 감독권한대행 통합건설사업관리용역,경상북도,PQ,1806100000,1825881375,101.0952536,도화+한도,99.3,1454000000,100.0745,N
R25BK01130715-000,20251103,석산~대포간 도로개량공사 외2개소 감독권한대행 통합건설사업관리용역,경상북도,PQ,1806100000,1825881375,101.0952536,동해+극동,99.3,1460022000,100.489,N
R25BK01130715-000,20251103,석산~대포간 도로개량공사 외2개소 감독권한대행 통합건설사업관리용역,경상북도,PQ,1806100000,1825881375,101.0952536,제일+KCI,99.3,1439790000,99.0965,N
R25BK01130715-000,20251103,석산~대포간 도로개량공사 외2개소 감독권한대행 통합건설사업관리용역,경상북도,PQ,1806100000,1825881375,101.0952536,화신+세원,99.3,1470934000,101.24,Y
R25BK01130715-000,20251103,석산~대포간 도로개량공사 외2개소 감독권한대행 통합건설사업관리용역,경상북도,PQ,1806100000,1825881375,101.0952536,신명+승보,99.25,1452000000,99.8996,N
R25BK01130715-000,20251103,석산~대포간 도로개량공사 외2개소 감독권한대행 통합건설사업관리용역,경상북도,PQ,1806100000,1825881375,101.0952536,동일+동아,99.22,1439000000,98.9806,N
R25BK01130715-000,20251103,석산~대포간 도로개량공사 외2개소 감독권한대행 통합건설사업관리용역,경상북도,PQ,1806100000,1825881375,101.0952536,경원+청우,99.2,1475278900,101.4508,N
R25BK01130715-000,20251103,석산~대포간 도로개량공사 외2개소 감독권한대행 통합건설사업관리용역,경상북도,PQ,1806100000,1825881375,101.0952536,수성+우수,99.16,1475300000,101.4271,N
R25BK01130677-000,20251103,광양국가산단 노후폐수관로 정비사업 건설사업관리 용역,전라남도 광양시,PQ,1979840000,2005721525,101.3072534,동성,99.9,1593718000,100.54,N
R25BK01130677-000,20251103,광양국가산단 노후폐수관로 정비사업 건설사업관리 용역,전라남도 광양시,PQ,1979840000,2005721525,101.3072534,KG+산하,99.69,1587730000,99.9998,N
R25BK01130677-000,20251103,광양국가산단 노후폐수관로 정비사업 건설사업관리 용역,전라남도 광양시,PQ,1979840000,2005721525,101.3072534,한종+우리종합,99.5,1593300000,100.2007,N
R25BK01130677-000,20251103,광양국가산단 노후폐수관로 정비사업 건설사업관리 용역,전라남도 광양시,PQ,1979840000,2005721525,101.3072534,대콘+한기,99.41,1605299900,100.88,N
R25BK01130677-000,20251103,광양국가산단 노후폐수관로 정비사업 건설사업관리 용역,전라남도 광양시,PQ,1979840000,2005721525,101.3072534,서영+건영,99.4,1606620000,100.9504,N
R25BK01130677-000,20251103,광양국가산단 노후폐수관로 정비사업 건설사업관리 용역,전라남도 광양시,PQ,1979840000,2005721525,101.3072534,동일+율산,99.37,1580700000,99.297,N
R25BK01130677-000,20251103,광양국가산단 노후폐수관로 정비사업 건설사업관리 용역,전라남도 광양시,PQ,1979840000,2005721525,101.3072534,도화+해림,99.34,1579670000,99.2077,N
R25BK01130677-000,20251103,광양국가산단 노후폐수관로 정비사업 건설사업관리 용역,전라남도 광양시,PQ,1979840000,2005721525,101.3072534,수성+원우,99.34,1604785999,100.785,N
R25BK01130677-000,20251103,광양국가산단 노후폐수관로 정비사업 건설사업관리 용역,전라남도 광양시,PQ,1979840000,2005721525,101.3072534,제일+우영,99.33,1577900000,99.0965,N
R25BK01130677-000,20251103,광양국가산단 노후폐수관로 정비사업 건설사업관리 용역,전라남도 광양시,PQ,1979840000,2005721525,101.3072534,유신+혜성,99.31,1574566000,98.8625,N
R25BK01130677-000,20251103,광양국가산단 노후폐수관로 정비사업 건설사업관리 용역,전라남도 광양시,PQ,1979840000,2005721525,101.3072534,경원+서진,99.3,1576600000,98.9902,N
R25BK01130677-000,20251103,광양국가산단 노후폐수관로 정비사업 건설사업관리 용역,전라남도 광양시,PQ,1979840000,2005721525,101.3072534,동해+지아이,99.27,1575538000,98.899,N
R25BK01130677-000,20251103,광양국가산단 노후폐수관로 정비사업 건설사업관리 용역,전라남도 광양시,PQ,1979840000,2005721525,101.3072534,신명+광장,99.25,1575750000,98.9,N
R25BK01130677-000,20251103,광양국가산단 노후폐수관로 정비사업 건설사업관리 용역,전라남도 광양시,PQ,1979840000,2005721525,101.3072534,삼안+동아,99.24,1614800000,101.3383,Y
R25BK01130677-000,20251103,광양국가산단 노후폐수관로 정비사업 건설사업관리 용역,전라남도 광양시,PQ,1979840000,2005721525,101.3072534,홍익+하나,99.24,1614030000,101.29,N
R25BK01130677-000,20251103,광양국가산단 노후폐수관로 정비사업 건설사업관리 용역,전라남도 광양시,PQ,1979840000,2005721525,101.3072534,장강+이산,99.23,1575982000,98.89,N
R25BK01130677-000,20251103,광양국가산단 노후폐수관로 정비사업 건설사업관리 용역,전라남도 광양시,PQ,1979840000,2005721525,101.3072534,다음+금아,99.2,1607139000,100.82,N
R25BK01130677-000,20251103,광양국가산단 노후폐수관로 정비사업 건설사업관리 용역,전라남도 광양시,PQ,1979840000,2005721525,101.3072534,동부+영진,99.2,1575739000,98.8502,N
R25BK01130677-000,20251103,광양국가산단 노후폐수관로 정비사업 건설사업관리 용역,전라남도 광양시,PQ,1979840000,2005721525,101.3072534,경동+진성,99.17,1570890000,98.5215,N
R25BK01130677-000,20251103,광양국가산단 노후폐수관로 정비사업 건설사업관리 용역,전라남도 광양시,PQ,1979840000,2005721525,101.3072534,KSM+신화,99.12,1574200000,98.6923,N
R25BK01130677-000,20251103,광양국가산단 노후폐수관로 정비사업 건설사업관리 용역,전라남도 광양시,PQ,1979840000,2005721525,101.3072534,건일+강남,99.11,1604600000,100.5982,N
R25BK01130677-000,20251103,광양국가산단 노후폐수관로 정비사업 건설사업관리 용역,전라남도 광양시,PQ,1979840000,2005721525,101.3072534,KCI+강부,99.11,1626000000,101.9399,N
R25BK01130677-000,20251103,광양국가산단 노후폐수관로 정비사업 건설사업관리 용역,전라남도 광양시,PQ,1979840000,2005721525,101.3072534,동명+만승,99,1636400000,102.5028,N
R25BK01130677-000,20251103,광양국가산단 노후폐수관로 정비사업 건설사업관리 용역,전라남도 광양시,PQ,1979840000,2005721525,101.3072534,범한+하이콘,96.9,1661000000,102.3305,N
R25BK01130677-000,20251103,광양국가산단 노후폐수관로 정비사업 건설사업관리 용역,전라남도 광양시,PQ,1979840000,2005721525,101.3072534,건화+SJ+새론,96.61,1660000000,102.0449,N
R25BK01131120-000,20251104,"25년도 제주권역(구엄항, 토산항) 어촌신활력증진사업 기본계획 및 실시설계용역",한국어촌어항공단,SOQ,1136900000,1140614875,100.3267548,아라+해동,97.56,937512000,101.0999,Y
R25BK01131120-000,20251104,"25년도 제주권역(구엄항, 토산항) 어촌신활력증진사업 기본계획 및 실시설계용역",한국어촌어항공단,SOQ,1136900000,1140614875,100.3267548,"건화+청풍(엘케이,지산)",96.18,930980000,99.3239,N
R25BK01131120-000,20251104,"25년도 제주권역(구엄항, 토산항) 어촌신활력증진사업 기본계획 및 실시설계용역",한국어촌어항공단,SOQ,1136900000,1140614875,100.3267548,한항+해진+혜인,95.88,954305000,101.5783,N
R25BK01131120-000,20251104,"25년도 제주권역(구엄항, 토산항) 어촌신활력증진사업 기본계획 및 실시설계용역",한국어촌어항공단,SOQ,1136900000,1140614875,100.3267548,서영+한라,95.46,952000000,101.0029,N
R25BK01131120-000,20251104,"25년도 제주권역(구엄항, 토산항) 어촌신활력증진사업 기본계획 및 실시설계용역",한국어촌어항공단,SOQ,1136900000,1140614875,100.3267548,도화+제원,95.34,965000000,102.2835,N
R25BK01131120-000,20251104,"25년도 제주권역(구엄항, 토산항) 어촌신활력증진사업 기본계획 및 실시설계용역",한국어촌어항공단,SOQ,1136900000,1140614875,100.3267548,대양+성광,94.05,963258000,101.0998,N
R25BK01127381 - 000,20251031,제2대티터널 도로개설 기본 및 실시설계용역 ,부산광역시,TP,4673000000,4636083375,99.2100016,유신+거원+삼안+HK+동명,95.29,3983650000,102.6902,Y
R25BK01127381 - 000,20251031,제2대티터널 도로개설 기본 및 실시설계용역 ,부산광역시,TP,4673000000,4636083375,99.2100016,"삼보+건화+대원+선일+삼영(한진,광림)",93.2,3906689000,99.1065,N
R25BK01127381 - 000,20251031,제2대티터널 도로개설 기본 및 실시설계용역 ,부산광역시,TP,4673000000,4636083375,99.2100016,도화+태조+한가람,90.49,4113300000,102.2509,N
R25BK01131156-000,20251104,오동지구 일반산업단지 개발사업 환경영향평가 및 기후변화영향평가용역,대전도시공사,PQ,848500000,840797800,99.09225692,도화+홍익+대한환경,100,725670000,100.0338,N
R25BK01131156-000,20251104,오동지구 일반산업단지 개발사업 환경영향평가 및 기후변화영향평가용역,대전도시공사,PQ,848500000,840797800,99.09225692,동명+경동+마린,100,726150000,100.0999,N
R25BK01131156-000,20251104,오동지구 일반산업단지 개발사업 환경영향평가 및 기후변화영향평가용역,대전도시공사,PQ,848500000,840797800,99.09225692,유신+레오+기산,100,723249000,99.7,N
R25BK01131156-000,20251104,오동지구 일반산업단지 개발사업 환경영향평가 및 기후변화영향평가용역,대전도시공사,PQ,848500000,840797800,99.09225692,장맥+동아+PG,100,729345000,100.5404,N
R25BK01131156-000,20251104,오동지구 일반산업단지 개발사업 환경영향평가 및 기후변화영향평가용역,대전도시공사,PQ,848500000,840797800,99.09225692,한종+유일,100,729000000,100.4928,N
R25BK01131156-000,20251104,오동지구 일반산업단지 개발사업 환경영향평가 및 기후변화영향평가용역,대전도시공사,PQ,848500000,840797800,99.09225692,건화+송현R+우신,99.82,726000000,100.0325,N
R25BK01131156-000,20251104,오동지구 일반산업단지 개발사업 환경영향평가 및 기후변화영향평가용역,대전도시공사,PQ,848500000,840797800,99.09225692,동성+전진,99.82,723515000,99.6901,N
R25BK01131156-000,20251104,오동지구 일반산업단지 개발사업 환경영향평가 및 기후변화영향평가용역,대전도시공사,PQ,848500000,840797800,99.09225692,선진+CNS,99.81,726428000,100.0797,N
R25BK01131156-000,20251104,오동지구 일반산업단지 개발사업 환경영향평가 및 기후변화영향평가용역,대전도시공사,PQ,848500000,840797800,99.09225692,한맥+경화+대종,99.78,730270000,100.609,N
R25BK01131156-000,20251104,오동지구 일반산업단지 개발사업 환경영향평가 및 기후변화영향평가용역,대전도시공사,PQ,848500000,840797800,99.09225692,다산+빈텍+효산,99.77,730581000,100.6401,N
R25BK01131156-000,20251104,오동지구 일반산업단지 개발사업 환경영향평가 및 기후변화영향평가용역,대전도시공사,PQ,848500000,840797800,99.09225692,이산+상연+상평+KEE,99.7,721387000,99.362,Y
R25BK01131156-000,20251104,오동지구 일반산업단지 개발사업 환경영향평가 및 기후변화영향평가용역,대전도시공사,PQ,848500000,840797800,99.09225692,동일+다원,99.65,718300000,98.9252,N
R25BK01131156-000,20251104,오동지구 일반산업단지 개발사업 환경영향평가 및 기후변화영향평가용역,대전도시공사,PQ,848500000,840797800,99.09225692,세광+제일+SD,99.65,730097000,100.5499,N
R25BK01131156-000,20251104,오동지구 일반산업단지 개발사업 환경영향평가 및 기후변화영향평가용역,대전도시공사,PQ,848500000,840797800,99.09225692,동해+드림+토우,99.63,723531000,99.634,N
R25BK01131156-000,20251104,오동지구 일반산업단지 개발사업 환경영향평가 및 기후변화영향평가용역,대전도시공사,PQ,848500000,840797800,99.09225692,세일+신일+엔탑,99.62,732724000,100.8999,N
R25BK01131156-000,20251104,오동지구 일반산업단지 개발사업 환경영향평가 및 기후변화영향평가용역,대전도시공사,PQ,848500000,840797800,99.09225692,삼안+DS+휴엔트+이음,99.57,733150000,100.9468,N
R25BK01131156-000,20251104,오동지구 일반산업단지 개발사업 환경영향평가 및 기후변화영향평가용역,대전도시공사,PQ,848500000,840797800,99.09225692,경호+강호+신일E,99.55,717100000,98.7369,N
R25BK01131156-000,20251104,오동지구 일반산업단지 개발사업 환경영향평가 및 기후변화영향평가용역,대전도시공사,PQ,848500000,840797800,99.09225692,KG+대영+가림,99.53,718000000,98.8493,N
R25BK01131156-000,20251104,오동지구 일반산업단지 개발사업 환경영향평가 및 기후변화영향평가용역,대전도시공사,PQ,848500000,840797800,99.09225692,서영+하눌+경일,99.53,731080000,100.65,N
R25BK01131156-000,20251104,오동지구 일반산업단지 개발사업 환경영향평가 및 기후변화영향평가용역,대전도시공사,PQ,848500000,840797800,99.09225692,수성+삼육,99.48,734848000,101.157,N
R25BK01131156-000,20251104,오동지구 일반산업단지 개발사업 환경영향평가 및 기후변화영향평가용역,대전도시공사,PQ,848500000,840797800,99.09225692,신성+어스+KCI,99.41,732280000,100.7917,N
R25BK01131156-000,20251104,오동지구 일반산업단지 개발사업 환경영향평가 및 기후변화영향평가용역,대전도시공사,PQ,848500000,840797800,99.09225692,동부+양지+건일+청담,99.12,735713000,101.1815,N
R25BK01131156-000,20251104,오동지구 일반산업단지 개발사업 환경영향평가 및 기후변화영향평가용역,대전도시공사,PQ,848500000,840797800,99.09225692,삼영+이엔씨+자연환경,97.43,744100000,101.895,N
R25BK01130240 - 000,20251103,고성 평화경제특구 지정전략 수립용역,강원특별자치도 고성군,협상,100000000,100000000,100,건화,76.1111,97900000,97.9,Y
R25BK01131355-000,20251104,대전조차장 철도지하화사업 타당성평가 및 기본계획 수립,국토교통부,PQ,2878785000,2898231200,100.6755003,도화+삼보+삼안,100,2302884000,100,N
R25BK01131355-000,20251104,대전조차장 철도지하화사업 타당성평가 및 기본계획 수립,국토교통부,PQ,2878785000,2898231200,100.6755003,유신+서현+동명,100,2361700000,102.554,Y
R25BK01131355-000,20251104,대전조차장 철도지하화사업 타당성평가 및 기본계획 수립,국토교통부,PQ,2878785000,2898231200,100.6755003,"수성+건화+이산+대콘(토아,신우)",95.4,2648482000,110.557,N
R25BK01131783-000,20251104,안산선(초지역∼중앙역) 철도지하화사업 타당성평가 및 기본계획 수립,국토교통부,PQ,1145608000,1140676225,99.56950589,삼안+도화+삼보,100,927300000,101.1862,N
R25BK01131783-000,20251104,안산선(초지역∼중앙역) 철도지하화사업 타당성평가 및 기본계획 수립,국토교통부,PQ,1145608000,1140676225,99.56950589,서현+동명+유신,100,916380000,99.9946,Y
R25BK01131783-000,20251104,안산선(초지역∼중앙역) 철도지하화사업 타당성평가 및 기본계획 수립,국토교통부,PQ,1145608000,1140676225,99.56950589,동일+KG,99.33,943000000,102.2984,N
R25BK01131783-000,20251104,안산선(초지역∼중앙역) 철도지하화사업 타당성평가 및 기본계획 수립,국토교통부,PQ,1145608000,1140676225,99.56950589,신성,96.56,958000000,101.4789,N
R25BK01131783-000,20251104,안산선(초지역∼중앙역) 철도지하화사업 타당성평가 및 기본계획 수립,국토교통부,PQ,1145608000,1140676225,99.56950589,건화+수성+이산+대콘(테크피아),95.4,962000000,100.9107,N
R25BK01132254-000,20251104,새만금 제2산업단지 조성사업 환경영향평가 및 기후변화영향평가 용역,새만금개발공사,PQ,3600300000,3607851675,100.2097513,건화+이씨드+세광+동아,100,2876599000,99.8798,N
R25BK01132254-000,20251104,새만금 제2산업단지 조성사업 환경영향평가 및 기후변화영향평가 용역,새만금개발공사,PQ,3600300000,3607851675,100.2097513,도화+한누리+경화+빈텍,100,2889880000,100.341,Y
R25BK01132254-000,20251104,새만금 제2산업단지 조성사업 환경영향평가 및 기후변화영향평가 용역,새만금개발공사,PQ,3600300000,3607851675,100.2097513,동명+한종+더한+금산,100,2893900000,100.4805,N
R25BK01132254-000,20251104,새만금 제2산업단지 조성사업 환경영향평가 및 기후변화영향평가 용역,새만금개발공사,PQ,3600300000,3607851675,100.2097513,유신+이산+인우+화양,99.81,2868250000,99.4284,N
R25BK01132254-000,20251104,새만금 제2산업단지 조성사업 환경영향평가 및 기후변화영향평가 용역,새만금개발공사,PQ,3600300000,3607851675,100.2097513,수성+바른+건일+신성+홍익,99.7,2910699800,100.7992,N
R25BK01132254-000,20251104,새만금 제2산업단지 조성사업 환경영향평가 및 기후변화영향평가 용역,새만금개발공사,PQ,3600300000,3607851675,100.2097513,서영+동성+제이엘+한기,99.43,2869510000,99.1503,N
R25BK01133110-000,20251104,연일 하수도정비 중점관리지역 정비사업 건설사업관리용역,경상북도 포항시 맑은물사업본부,PQ,4990000000,4987866775,99.95725,KG+세원+KSM,100,4010910000,100.48,Y
R25BK01133110-000,20251104,연일 하수도정비 중점관리지역 정비사업 건설사업관리용역,경상북도 포항시 맑은물사업본부,PQ,4990000000,4987866775,99.95725,동일+한주+태양+동강,99.32,4007400000,99.8429,N
R25BK01133110-000,20251104,연일 하수도정비 중점관리지역 정비사업 건설사업관리용역,경상북도 포항시 맑은물사업본부,PQ,4990000000,4987866775,99.95725,한종+청우E,99.29,4042800000,100.6998,N
R25BK01133110-000,20251104,연일 하수도정비 중점관리지역 정비사업 건설사업관리용역,경상북도 포항시 맑은물사업본부,PQ,4990000000,4987866775,99.95725,동부+보원+반석,99.27,3989106000,99.35,N
R25BK01133110-000,20251104,연일 하수도정비 중점관리지역 정비사업 건설사업관리용역,경상북도 포항시 맑은물사업본부,PQ,4990000000,4987866775,99.95725,동명+해동,99.26,4064240000,101.2087,N
R25BK01133110-000,20251104,연일 하수도정비 중점관리지역 정비사업 건설사업관리용역,경상북도 포항시 맑은물사업본부,PQ,4990000000,4987866775,99.95725,동성+태성+극동,98.84,3980020000,98.78,N
R25BK01133110-000,20251104,연일 하수도정비 중점관리지역 정비사업 건설사업관리용역,경상북도 포항시 맑은물사업본부,PQ,4990000000,4987866775,99.95725,제일+동진+KCI,98.84,3977000000,98.7051,N
R25BK01133110-000,20251104,연일 하수도정비 중점관리지역 정비사업 건설사업관리용역,경상북도 포항시 맑은물사업본부,PQ,4990000000,4987866775,99.95725,도화+주하+대흥토목,98.81,3981000000,98.7799,N
R25BK01133110-000,20251104,연일 하수도정비 중점관리지역 정비사업 건설사업관리용역,경상북도 포항시 맑은물사업본부,PQ,4990000000,4987866775,99.95725,건화+청명+새론,98.78,4077300000,101.1443,N
R25BK01133110-000,20251104,연일 하수도정비 중점관리지역 정비사업 건설사업관리용역,경상북도 포항시 맑은물사업본부,PQ,4990000000,4987866775,99.95725,경동+강산,98.56,3973990000,98.411,N
R25BK01133110-000,20251104,연일 하수도정비 중점관리지역 정비사업 건설사업관리용역,경상북도 포항시 맑은물사업본부,PQ,4990000000,4987866775,99.95725,대콘+동아,98.54,4105723000,101.6606,N
R25BK01133110-000,20251104,연일 하수도정비 중점관리지역 정비사업 건설사업관리용역,경상북도 포항시 맑은물사업본부,PQ,4990000000,4987866775,99.95725,삼안+한도,98.53,4107400000,101.6896,N
R25BK01133110-000,20251104,연일 하수도정비 중점관리지역 정비사업 건설사업관리용역,경상북도 포항시 맑은물사업본부,PQ,4990000000,4987866775,99.95725,다산+유신+경호,98.5,3997239000,98.95,N
R25BK01133110-000,20251104,연일 하수도정비 중점관리지역 정비사업 건설사업관리용역,경상북도 포항시 맑은물사업본부,PQ,4990000000,4987866775,99.95725,선진+HD+동서,98.11,4128987000,101.8967,N
R25BK01133110-000,20251104,연일 하수도정비 중점관리지역 정비사업 건설사업관리용역,경상북도 포항시 맑은물사업본부,PQ,4990000000,4987866775,99.95725,건일+우수,97.9,4124000000,101.5985,N
R25BK01133110-000,20251104,연일 하수도정비 중점관리지역 정비사업 건설사업관리용역,경상북도 포항시 맑은물사업본부,PQ,4990000000,4987866775,99.95725,수성+보람,97.87,4129200000,101.7016,N
R25BK01133110-000,20251104,연일 하수도정비 중점관리지역 정비사업 건설사업관리용역,경상북도 포항시 맑은물사업본부,PQ,4990000000,4987866775,99.95725,동해+중앙방재,97.63,4677700000,114.9991,N
R25BK01132994-000,20251104,평창군 노후상수관망 정비사업 기본 및 실시설계용역,강원특별자치도 평창군,PQ,1588700000,1598506300,100.6172531,건화+정+새론,100,1268339000,99.8,N
R25BK01132994-000,20251104,평창군 노후상수관망 정비사업 기본 및 실시설계용역,강원특별자치도 평창군,PQ,1588700000,1598506300,100.6172531,도화+삼주,100,1278240000,100.5791,N
R25BK01132994-000,20251104,평창군 노후상수관망 정비사업 기본 및 실시설계용역,강원특별자치도 평창군,PQ,1588700000,1598506300,100.6172531,서광+홍익,100,1269900000,99.9228,N
R25BK01132994-000,20251104,평창군 노후상수관망 정비사업 기본 및 실시설계용역,강원특별자치도 평창군,PQ,1588700000,1598506300,100.6172531,한종+삼경+청솔,100,1272151000,100.1,N
R25BK01132994-000,20251104,평창군 노후상수관망 정비사업 기본 및 실시설계용역,강원특별자치도 평창군,PQ,1588700000,1598506300,100.6172531,범한+동서,99.9,1278607000,100.52,N
R25BK01132994-000,20251104,평창군 노후상수관망 정비사업 기본 및 실시설계용역,강원특별자치도 평창군,PQ,1588700000,1598506300,100.6172531,KG+진화,99.9,1264360000,99.3999,N
R25BK01132994-000,20251104,평창군 노후상수관망 정비사업 기본 및 실시설계용역,강원특별자치도 평창군,PQ,1588700000,1598506300,100.6172531,삼안+일신,99.84,1283590000,100.8614,Y
R25BK01132994-000,20251104,평창군 노후상수관망 정비사업 기본 및 실시설계용역,강원특별자치도 평창군,PQ,1588700000,1598506300,100.6172531,동성+정원,99.64,1264241000,99.18,N
R25BK01132994-000,20251104,평창군 노후상수관망 정비사업 기본 및 실시설계용역,강원특별자치도 평창군,PQ,1588700000,1598506300,100.6172531,동명+DM,99.6,1262200000,98.9952,N
R25BK01132994-000,20251104,평창군 노후상수관망 정비사업 기본 및 실시설계용역,강원특별자치도 평창군,PQ,1588700000,1598506300,100.6172531,경화+고려,99.56,1287988000,100.98,N
R25BK01132994-000,20251104,평창군 노후상수관망 정비사업 기본 및 실시설계용역,강원특별자치도 평창군,PQ,1588700000,1598506300,100.6172531,동해+경원,99.56,1260040000,98.7889,N
R25BK01132994-000,20251104,평창군 노후상수관망 정비사업 기본 및 실시설계용역,강원특별자치도 평창군,PQ,1588700000,1598506300,100.6172531,태조+한주+정민,99.51,1263200000,98.9996,N
R25BK01132994-000,20251104,평창군 노후상수관망 정비사업 기본 및 실시설계용역,강원특별자치도 평창군,PQ,1588700000,1598506300,100.6172531,경호+바셈,99.5,1261590000,98.8734,N
R25BK01132994-000,20251104,평창군 노후상수관망 정비사업 기본 및 실시설계용역,강원특별자치도 평창군,PQ,1588700000,1598506300,100.6172531,화신+장맥,99.5,1295104000,101.5,N
R25BK01132994-000,20251104,평창군 노후상수관망 정비사업 기본 및 실시설계용역,강원특별자치도 평창군,PQ,1588700000,1598506300,100.6172531,이산+한국+강일,99.42,1259260000,98.6172,N
R25BK01132994-000,20251104,평창군 노후상수관망 정비사업 기본 및 실시설계용역,강원특별자치도 평창군,PQ,1588700000,1598506300,100.6172531,선진+대성,99.4,1293677000,101.2999,N
R25BK01132994-000,20251104,평창군 노후상수관망 정비사업 기본 및 실시설계용역,강원특별자치도 평창군,PQ,1588700000,1598506300,100.6172531,수성+(주)동해+반석,99.38,1288230000,100.8608,N
R25BK01132994-000,20251104,평창군 노후상수관망 정비사업 기본 및 실시설계용역,강원특별자치도 평창군,PQ,1588700000,1598506300,100.6172531,국성+경진+영화,99.36,1255400000,98.2782,N
R25BK01132994-000,20251104,평창군 노후상수관망 정비사업 기본 및 실시설계용역,강원특별자치도 평창군,PQ,1588700000,1598506300,100.6172531,유신+한울,99.3,1255941000,98.2717,N
R25BK01132994-000,20251104,평창군 노후상수관망 정비사업 기본 및 실시설계용역,강원특별자치도 평창군,PQ,1588700000,1598506300,100.6172531,드림+GK,99.26,1269045000,99.26,N
R25BK01132994-000,20251104,평창군 노후상수관망 정비사업 기본 및 실시설계용역,강원특별자치도 평창군,PQ,1588700000,1598506300,100.6172531,제일+현산+다산,99.24,1302400000,101.8562,N
R25BK01132994-000,20251104,평창군 노후상수관망 정비사업 기본 및 실시설계용역,강원특별자치도 평창군,PQ,1588700000,1598506300,100.6172531,경동+미래,99,1514000000,118.1845,N
R25BK01133298-000,20251104,하궁지구 풍수해생활권 종합정비사업 기본 및 실시설계용역,강원특별자치도 횡성군,PQ,3670810000,3622676550,98.68875126,한종+일신,100,2964100000,100.9411,N
R25BK01133298-000,20251104,하궁지구 풍수해생활권 종합정비사업 기본 및 실시설계용역,강원특별자치도 횡성군,PQ,3670810000,3622676550,98.68875126,도화+서광,99.3,2941779000,99.6206,N
R25BK01133298-000,20251104,하궁지구 풍수해생활권 종합정비사업 기본 및 실시설계용역,강원특별자치도 횡성군,PQ,3670810000,3622676550,98.68875126,경원+청명,99,2981890000,100.741,N
R25BK01133298-000,20251104,하궁지구 풍수해생활권 종합정비사업 기본 및 실시설계용역,강원특별자치도 횡성군,PQ,3670810000,3622676550,98.68875126,동명+미래,99,2933300000,99.0994,N
R25BK01133298-000,20251104,하궁지구 풍수해생활권 종합정비사업 기본 및 실시설계용역,강원특별자치도 횡성군,PQ,3670810000,3622676550,98.68875126,동성+진화+DS,99,2936277000,99.2,N
R25BK01133298-000,20251104,하궁지구 풍수해생활권 종합정비사업 기본 및 실시설계용역,강원특별자치도 횡성군,PQ,3670810000,3622676550,98.68875126,유신+동서,99,2938378000,99.2709,N
R25BK01133298-000,20251104,하궁지구 풍수해생활권 종합정비사업 기본 및 실시설계용역,강원특별자치도 횡성군,PQ,3670810000,3622676550,98.68875126,정+주하+홍익,99,2943000000,99.4271,N
R25BK01133298-000,20251104,하궁지구 풍수해생활권 종합정비사업 기본 및 실시설계용역,강원특별자치도 횡성군,PQ,3670810000,3622676550,98.68875126,건화+청솔(온탑),98.7,2924380000,98.5536,N
R25BK01133298-000,20251104,하궁지구 풍수해생활권 종합정비사업 기본 및 실시설계용역,강원특별자치도 횡성군,PQ,3670810000,3622676550,98.68875126,경동+바셈,98.7,2920670000,98.4286,N
R25BK01133298-000,20251104,하궁지구 풍수해생활권 종합정비사업 기본 및 실시설계용역,강원특별자치도 횡성군,PQ,3670810000,3622676550,98.68875126,경호+고려,98.7,2930800000,98.77,Y
R25BK01133298-000,20251104,하궁지구 풍수해생활권 종합정비사업 기본 및 실시설계용역,강원특별자치도 횡성군,PQ,3670810000,3622676550,98.68875126,동부+동해,98.7,2933183000,98.8503,N
R25BK01133298-000,20251104,하궁지구 풍수해생활권 종합정비사업 기본 및 실시설계용역,강원특별자치도 횡성군,PQ,3670810000,3622676550,98.68875126,삼안+대성,98.7,3001350000,101.1475,N
R25BK01133298-000,20251104,하궁지구 풍수해생활권 종합정비사업 기본 및 실시설계용역,강원특별자치도 횡성군,PQ,3670810000,3622676550,98.68875126,이산+삼경,98.7,2927270000,98.651,N
R25BK01133298-000,20251104,하궁지구 풍수해생활권 종합정비사업 기본 및 실시설계용역,강원특별자치도 횡성군,PQ,3670810000,3622676550,98.68875126,KCI+삼주,98.7,2926990000,98.6416,N
R25BK01133298-000,20251104,하궁지구 풍수해생활권 종합정비사업 기본 및 실시설계용역,강원특별자치도 횡성군,PQ,3670810000,3622676550,98.68875126,KG+한울,98.7,3011510000,101.4899,N
R25BK01133298-000,20251104,하궁지구 풍수해생활권 종합정비사업 기본 및 실시설계용역,강원특별자치도 횡성군,PQ,3670810000,3622676550,98.68875126,동진+GK,98.63,2942999000,99.132,N
R25BK01133298-000,20251104,하궁지구 풍수해생활권 종합정비사업 기본 및 실시설계용역,강원특별자치도 횡성군,PQ,3670810000,3622676550,98.68875126,한맥+강원길,98.55,3018010000,101.5959,N
R25BK01133298-000,20251104,하궁지구 풍수해생활권 종합정비사업 기본 및 실시설계용역,강원특별자치도 횡성군,PQ,3670810000,3622676550,98.68875126,건일+디엠,98.4,3023940000,101.6699,N
R25BK01133298-000,20251104,하궁지구 풍수해생활권 종합정비사업 기본 및 실시설계용역,강원특별자치도 횡성군,PQ,3670810000,3622676550,98.68875126,수성+정원,98.4,3008180000,101.14,N
R25BK01133298-000,20251104,하궁지구 풍수해생활권 종합정비사업 기본 및 실시설계용역,강원특별자치도 횡성군,PQ,3670810000,3622676550,98.68875126,극동+국일,98.37,3024094000,101.6499,N
R25BK01133298-000,20251104,하궁지구 풍수해생활권 종합정비사업 기본 및 실시설계용역,강원특별자치도 횡성군,PQ,3670810000,3622676550,98.68875126,다산+현산,98.34,2931106000,98.5,N
R25BK01133298-000,20251104,하궁지구 풍수해생활권 종합정비사업 기본 및 실시설계용역,강원특별자치도 횡성군,PQ,3670810000,3622676550,98.68875126,서영+씨앤씨+아라,98.32,3022240000,101.55,N
R25BK01133298-000,20251104,하궁지구 풍수해생활권 종합정비사업 기본 및 실시설계용역,강원특별자치도 횡성군,PQ,3670810000,3622676550,98.68875126,화신+조화+TSK,98.1,3028950000,101.6001,N
R25BK01133298-000,20251104,하궁지구 풍수해생활권 종합정비사업 기본 및 실시설계용역,강원특별자치도 횡성군,PQ,3670810000,3622676550,98.68875126,KSM+청호,98.03,3450000000,115.6521,N
R25BK01131108-000,20251105,경서3구역 지구 외 도로개설사업 감독 권한 대행 등 건설사업관리(시공단계) 용역,인천광역시 서구,PQ,2524500000,2501293600,99.08075262,한종+한승,99.79,2026852000,100.19,N
R25BK01131108-000,20251105,경서3구역 지구 외 도로개설사업 감독 권한 대행 등 건설사업관리(시공단계) 용역,인천광역시 서구,PQ,2524500000,2501293600,99.08075262,건화+한서,99.74,2041000000,100.8516,N
R25BK01131108-000,20251105,경서3구역 지구 외 도로개설사업 감독 권한 대행 등 건설사업관리(시공단계) 용역,인천광역시 서구,PQ,2524500000,2501293600,99.08075262,도화+청해E,99.72,2014880000,99.5485,N
R25BK01131108-000,20251105,경서3구역 지구 외 도로개설사업 감독 권한 대행 등 건설사업관리(시공단계) 용역,인천광역시 서구,PQ,2524500000,2501293600,99.08075262,선진+브니엘,99.28,2025813000,99.728,N
R25BK01131108-000,20251105,경서3구역 지구 외 도로개설사업 감독 권한 대행 등 건설사업관리(시공단계) 용역,인천광역시 서구,PQ,2524500000,2501293600,99.08075262,유신+아이엔씨,99.25,2014400000,99.1538,N
R25BK01131108-000,20251105,경서3구역 지구 외 도로개설사업 감독 권한 대행 등 건설사업관리(시공단계) 용역,인천광역시 서구,PQ,2524500000,2501293600,99.08075262,경동+경서인텍,99.24,2039798000,100.3915,N
R25BK01131108-000,20251105,경서3구역 지구 외 도로개설사업 감독 권한 대행 등 건설사업관리(시공단계) 용역,인천광역시 서구,PQ,2524500000,2501293600,99.08075262,동명+서해,99.19,2014300000,99.0996,Y
R25BK01131108-000,20251105,경서3구역 지구 외 도로개설사업 감독 권한 대행 등 건설사업관리(시공단계) 용역,인천광역시 서구,PQ,2524500000,2501293600,99.08075262,KG+고산,99.11,2420300000,119.0001,N
R25BK01131108-000,20251105,경서3구역 지구 외 도로개설사업 감독 권한 대행 등 건설사업관리(시공단계) 용역,인천광역시 서구,PQ,2524500000,2501293600,99.08075262,동부+HS,99.08,2005685000,98.5901,N
R25BK01131108-000,20251105,경서3구역 지구 외 도로개설사업 감독 권한 대행 등 건설사업관리(시공단계) 용역,인천광역시 서구,PQ,2524500000,2501293600,99.08075262,제일+진화,99.07,2006700000,98.6277,N
R25BK01131108-000,20251105,경서3구역 지구 외 도로개설사업 감독 권한 대행 등 건설사업관리(시공단계) 용역,인천광역시 서구,PQ,2524500000,2501293600,99.08075262,동해+정방,99.03,2008490000,98.679,N
R25BK01131108-000,20251105,경서3구역 지구 외 도로개설사업 감독 권한 대행 등 건설사업관리(시공단계) 용역,인천광역시 서구,PQ,2524500000,2501293600,99.08075262,대콘+미소,99,2009777000,98.7299,N
R25BK01131108-000,20251105,경서3구역 지구 외 도로개설사업 감독 권한 대행 등 건설사업관리(시공단계) 용역,인천광역시 서구,PQ,2524500000,2501293600,99.08075262,이산+삼안+대양,99,2007870000,98.6363,N
R25BK01131108-000,20251105,경서3구역 지구 외 도로개설사업 감독 권한 대행 등 건설사업관리(시공단계) 용역,인천광역시 서구,PQ,2524500000,2501293600,99.08075262,수성+일진,98.97,2009700000,98.7017,N
R25BK01131108-000,20251105,경서3구역 지구 외 도로개설사업 감독 권한 대행 등 건설사업관리(시공단계) 용역,인천광역시 서구,PQ,2524500000,2501293600,99.08075262,용마+소유,98.9,2006200000,98.4687,N
R25BK01131108-000,20251105,경서3구역 지구 외 도로개설사업 감독 권한 대행 등 건설사업관리(시공단계) 용역,인천광역시 서구,PQ,2524500000,2501293600,99.08075262,서영+대한,98.76,2071290000,101.5503,N
R25BK01131108-000,20251105,경서3구역 지구 외 도로개설사업 감독 권한 대행 등 건설사업관리(시공단계) 용역,인천광역시 서구,PQ,2524500000,2501293600,99.08075262,신성+TS,98.71,2016980000,98.8509,N
R25BK01131108-000,20251105,경서3구역 지구 외 도로개설사업 감독 권한 대행 등 건설사업관리(시공단계) 용역,인천광역시 서구,PQ,2524500000,2501293600,99.08075262,경원+장원+삼보,98.7,2085577700,102.2002,N
R25BK01131108-000,20251105,경서3구역 지구 외 도로개설사업 감독 권한 대행 등 건설사업관리(시공단계) 용역,인천광역시 서구,PQ,2524500000,2501293600,99.08075262,동성+경서,98.55,2079520000,101.79,N
R25BK01131520-000,20251105,부산항 우암부두 해양산업클러스터 기반시설공사 사후환경영향조사용역(운영시 2차),부산항만공사,PQ,565576000,568389775,100.4975061,세광+연안+우리,99.48,487190000,100.602,Y
R25BK01131520-000,20251105,부산항 우암부두 해양산업클러스터 기반시설공사 사후환경영향조사용역(운영시 2차),부산항만공사,PQ,565576000,568389775,100.4975061,세일+라임,99.2,485426000,100.1559,N
R25BK01131520-000,20251105,부산항 우암부두 해양산업클러스터 기반시설공사 사후환경영향조사용역(운영시 2차),부산항만공사,PQ,565576000,568389775,100.4975061,아라+도화+한종+대한,98.85,483966000,99.7499,N
R25BK01131520-000,20251105,부산항 우암부두 해양산업클러스터 기반시설공사 사후환경영향조사용역(운영시 2차),부산항만공사,PQ,565576000,568389775,100.4975061,건일+해담,98.84,488490000,100.6835,N
R25BK01131520-000,20251105,부산항 우암부두 해양산업클러스터 기반시설공사 사후환경영향조사용역(운영시 2차),부산항만공사,PQ,565576000,568389775,100.4975061,한항+SD,98.7,483714000,99.6515,N
R25BK01131520-000,20251105,부산항 우암부두 해양산업클러스터 기반시설공사 사후환경영향조사용역(운영시 2차),부산항만공사,PQ,565576000,568389775,100.4975061,서영+마린,98.68,489540000,100.8517,N
R25BK01131520-000,20251105,부산항 우암부두 해양산업클러스터 기반시설공사 사후환경영향조사용역(운영시 2차),부산항만공사,PQ,565576000,568389775,100.4975061,이산+혜인+대한환경,98.54,482460000,99.3469,N
R25BK01131520-000,20251105,부산항 우암부두 해양산업클러스터 기반시설공사 사후환경영향조사용역(운영시 2차),부산항만공사,PQ,565576000,568389775,100.4975061,대영+청해,98.34,483000000,99.4002,N
R25BK01131520-000,20251105,부산항 우암부두 해양산업클러스터 기반시설공사 사후환경영향조사용역(운영시 2차),부산항만공사,PQ,565576000,568389775,100.4975061,건화+이음,98.2,491000000,101.0113,N
R25BK01131644-000,20251105,두학지구 풍수해생활권 종합정비사업 외 1건 통합 건설사업관리용역,충청북도 제천시,PQ,5216646000,5182763950,99.35050126,건화+오성,100,4196000000,100.5498,N
R25BK01131644-000,20251105,두학지구 풍수해생활권 종합정비사업 외 1건 통합 건설사업관리용역,충청북도 제천시,PQ,5216646000,5182763950,99.35050126,건일+대원,100,4154000000,99.5434,N
R25BK01131644-000,20251105,두학지구 풍수해생활권 종합정비사업 외 1건 통합 건설사업관리용역,충청북도 제천시,PQ,5216646000,5182763950,99.35050126,경동+가원,100,4128290000,98.9273,N
R25BK01131644-000,20251105,두학지구 풍수해생활권 종합정비사업 외 1건 통합 건설사업관리용역,충청북도 제천시,PQ,5216646000,5182763950,99.35050126,극동+한맥+장맥,100,4202684000,100.71,N
R25BK01131644-000,20251105,두학지구 풍수해생활권 종합정비사업 외 1건 통합 건설사업관리용역,충청북도 제천시,PQ,5216646000,5182763950,99.35050126,다산+경원+호영,100,4147601000,99.39,N
R25BK01131644-000,20251105,두학지구 풍수해생활권 종합정비사업 외 1건 통합 건설사업관리용역,충청북도 제천시,PQ,5216646000,5182763950,99.35050126,도화+진성+건일기술단+송현R,100,4202100000,100.696,N
R25BK01131644-000,20251105,두학지구 풍수해생활권 종합정비사업 외 1건 통합 건설사업관리용역,충청북도 제천시,PQ,5216646000,5182763950,99.35050126,동명+진우,100,4216870000,101.0499,N
R25BK01131644-000,20251105,두학지구 풍수해생활권 종합정비사업 외 1건 통합 건설사업관리용역,충청북도 제천시,PQ,5216646000,5182763950,99.35050126,동부+디아이+천마,100,4176821000,100.0902,N
R25BK01131644-000,20251105,두학지구 풍수해생활권 종합정비사업 외 1건 통합 건설사업관리용역,충청북도 제천시,PQ,5216646000,5182763950,99.35050126,동성+도명+DS,100,4140924000,99.23,N
R25BK01131644-000,20251105,두학지구 풍수해생활권 종합정비사업 외 1건 통합 건설사업관리용역,충청북도 제천시,PQ,5216646000,5182763950,99.35050126,삼안+청우건축,100,4178460000,100.1295,N
R25BK01131644-000,20251105,두학지구 풍수해생활권 종합정비사업 외 1건 통합 건설사업관리용역,충청북도 제천시,PQ,5216646000,5182763950,99.35050126,서영+두원,100,4158450000,99.65,N
R25BK01131644-000,20251105,두학지구 풍수해생활권 종합정비사업 외 1건 통합 건설사업관리용역,충청북도 제천시,PQ,5216646000,5182763950,99.35050126,수성+지명,100,4161588999,99.7252,N
R25BK01131644-000,20251105,두학지구 풍수해생활권 종합정비사업 외 1건 통합 건설사업관리용역,충청북도 제천시,PQ,5216646000,5182763950,99.35050126,신명+서영E,100,4148000000,99.3996,N
R25BK01131644-000,20251105,두학지구 풍수해생활권 종합정비사업 외 1건 통합 건설사업관리용역,충청북도 제천시,PQ,5216646000,5182763950,99.35050126,유신+홍익,100,4204678000,100.7578,N
R25BK01131644-000,20251105,두학지구 풍수해생활권 종합정비사업 외 1건 통합 건설사업관리용역,충청북도 제천시,PQ,5216646000,5182763950,99.35050126,이산+동림,100,4146348400,99.36,Y
R25BK01131644-000,20251105,두학지구 풍수해생활권 종합정비사업 외 1건 통합 건설사업관리용역,충청북도 제천시,PQ,5216646000,5182763950,99.35050126,한종+영진,100,4156370000,99.6001,N
R25BK01133124-000,20251105,부천시 하수관로 기술진단 용역(1차),경기도 부천시,PQ,986405000,989808150,100.3450053,건화+정,100,844000000,100.0798,N
R25BK01133124-000,20251105,부천시 하수관로 기술진단 용역(1차),경기도 부천시,PQ,986405000,989808150,100.3450053,동명+도화,100,840628000,99.68,N
R25BK01133124-000,20251105,부천시 하수관로 기술진단 용역(1차),경기도 부천시,PQ,986405000,989808150,100.3450053,동해+건일+자연과환경,100,836730000,99.2177,N
R25BK01133124-000,20251105,부천시 하수관로 기술진단 용역(1차),경기도 부천시,PQ,986405000,989808150,100.3450053,범한+TSK,100,841808000,99.8199,N
R25BK01133124-000,20251105,부천시 하수관로 기술진단 용역(1차),경기도 부천시,PQ,986405000,989808150,100.3450053,선진+HEC,100,844687000,100.1613,N
R25BK01133124-000,20251105,부천시 하수관로 기술진단 용역(1차),경기도 부천시,PQ,986405000,989808150,100.3450053,유신+서영,100,842138000,99.859,N
R25BK01133124-000,20251105,부천시 하수관로 기술진단 용역(1차),경기도 부천시,PQ,986405000,989808150,100.3450053,이산+수성,100,842390000,99.8889,N
R25BK01133124-000,20251105,부천시 하수관로 기술진단 용역(1차),경기도 부천시,PQ,986405000,989808150,100.3450053,KG+보람,100,837930000,99.36,N
R25BK01133124-000,20251105,부천시 하수관로 기술진단 용역(1차),경기도 부천시,PQ,986405000,989808150,100.3450053,에코베이스,100,848842000,100.654,Y
R25BK01133124-000,20251105,부천시 하수관로 기술진단 용역(1차),경기도 부천시,PQ,986405000,989808150,100.3450053,화신+HM,99.97,843342000,99.9901,N
R25BK01133124-000,20251105,부천시 하수관로 기술진단 용역(1차),경기도 부천시,PQ,986405000,989808150,100.3450053,경동+태량,99.95,834917000,98.9796,N
R25BK01133124-000,20251105,부천시 하수관로 기술진단 용역(1차),경기도 부천시,PQ,986405000,989808150,100.3450053,드림+한국환경,99.95,845590000,100.2449,N
R25BK01133124-000,20251105,부천시 하수관로 기술진단 용역(1차),경기도 부천시,PQ,986405000,989808150,100.3450053,국성+지산+제이투엔씨,99.91,834076000,98.8799,N
R25BK01133124-000,20251105,부천시 하수관로 기술진단 용역(1차),경기도 부천시,PQ,986405000,989808150,100.3450053,경화+대신+대아,99.69,850348000,100.7501,N
R25BK01133124-000,20251105,부천시 하수관로 기술진단 용역(1차),경기도 부천시,PQ,986405000,989808150,100.3450053,삼주+다경,99.5,841794000,99.69,N
R25BK01133124-000,20251105,부천시 하수관로 기술진단 용역(1차),경기도 부천시,PQ,986405000,989808150,100.3450053,태조+이로운+KD,97.09,868888000,102.2536,N
R25BK01133701-000,20251105,KTX 남원역세권 투자선도지구 지구지정 및 계획수립 용역,전북특별자치도 남원시,PQ,1198010000,1192493200,99.53950301,도화+국성,100,966015000,100.8,Y
R25BK01133701-000,20251105,KTX 남원역세권 투자선도지구 지구지정 및 계획수립 용역,전북특별자치도 남원시,PQ,1198010000,1192493200,99.53950301,동명+더한,98.1,963720000,99.0499,N
R25BK01133701-000,20251105,KTX 남원역세권 투자선도지구 지구지정 및 계획수립 용역,전북특별자치도 남원시,PQ,1198010000,1192493200,99.53950301,유신+인우+일신,98.07,983938000,101.103,N
R25BK01133701-000,20251105,KTX 남원역세권 투자선도지구 지구지정 및 계획수립 용역,전북특별자치도 남원시,PQ,1198010000,1192493200,99.53950301,KG+세화,97.88,967230000,99.2396,N
R25BK01133701-000,20251105,KTX 남원역세권 투자선도지구 지구지정 및 계획수립 용역,전북특별자치도 남원시,PQ,1198010000,1192493200,99.53950301,한종+태영,97.78,988160000,101.2999,N
R25BK01133701-000,20251105,KTX 남원역세권 투자선도지구 지구지정 및 계획수립 용역,전북특별자치도 남원시,PQ,1198010000,1192493200,99.53950301,건화+태하+신명(강산),97.67,962000000,98.5334,N
R25BK01133701-000,20251105,KTX 남원역세권 투자선도지구 지구지정 및 계획수립 용역,전북특별자치도 남원시,PQ,1198010000,1192493200,99.53950301,경호+JCN,97.62,993960000,101.7695,N
R25BK01133701-000,20251105,KTX 남원역세권 투자선도지구 지구지정 및 계획수립 용역,전북특별자치도 남원시,PQ,1198010000,1192493200,99.53950301,삼안+현성+경원,97.59,991320000,101.4743,N
R25BK01133701-000,20251105,KTX 남원역세권 투자선도지구 지구지정 및 계획수립 용역,전북특별자치도 남원시,PQ,1198010000,1192493200,99.53950301,경동+신한,97.4,961497000,98.2769,N
R25BK01133701-000,20251105,KTX 남원역세권 투자선도지구 지구지정 및 계획수립 용역,전북특별자치도 남원시,PQ,1198010000,1192493200,99.53950301,서영+태원,97.35,994380000,101.6006,N
R25BK01133701-000,20251105,KTX 남원역세권 투자선도지구 지구지정 및 계획수립 용역,전북특별자치도 남원시,PQ,1198010000,1192493200,99.53950301,선진+삼화+동부,97.27,996448000,101.7497,N
R25BK01133701-000,20251105,KTX 남원역세권 투자선도지구 지구지정 및 계획수립 용역,전북특별자치도 남원시,PQ,1198010000,1192493200,99.53950301,동일+조화,97.12,996150000,101.595,N
R25BK01133701-000,20251105,KTX 남원역세권 투자선도지구 지구지정 및 계획수립 용역,전북특별자치도 남원시,PQ,1198010000,1192493200,99.53950301,제일+한가람,96.99,1004000000,102.2956,N
R25BK01133701-000,20251105,KTX 남원역세권 투자선도지구 지구지정 및 계획수립 용역,전북특별자치도 남원시,PQ,1198010000,1192493200,99.53950301,수성+대성,96.95,1120000000,114.0728,N
R25BK01135667-000,20251105,괴산 지방정원 조성사업 기본 및 실시설계용역,충청북도 괴산군,PQ,593940000,594317225,100.0635123,한종+홍익,99.92,518000000,101.987,Y
R25BK01135667-000,20251105,괴산 지방정원 조성사업 기본 및 실시설계용역,충청북도 괴산군,PQ,593940000,594317225,100.0635123,유신+선,97.33,508623000,99.4777,N
R25BK01135667-000,20251105,괴산 지방정원 조성사업 기본 및 실시설계용역,충청북도 괴산군,PQ,593940000,594317225,100.0635123,도화+청우종합,94.55,508669000,98.7867,N
R25BK01135667-000,20251105,괴산 지방정원 조성사업 기본 및 실시설계용역,충청북도 괴산군,PQ,593940000,594317225,100.0635123,건화+동서(대원),89.05,529500000,101.4168,N
R25BK01136240 - 000,20251105,농소천 외 1개소 재해복구사업 기본 및 실시설계 용역,충청남도 청양군,PQ,1768800000,1778285250,100.5362534,윤창+한종,100,1422700000,100.5476,Y
R25BK01136240 - 000,20251105,농소천 외 1개소 재해복구사업 기본 및 실시설계 용역,충청남도 청양군,PQ,1768800000,1778285250,100.5362534,서광+홍익+태일,98.82,1422400000,99.5803,N
R25BK01136240 - 000,20251105,농소천 외 1개소 재해복구사업 기본 및 실시설계 용역,충청남도 청양군,PQ,1768800000,1778285250,100.5362534,도화+예당,98.73,1417400000,99.1566,N
R25BK01136240 - 000,20251105,농소천 외 1개소 재해복구사업 기본 및 실시설계 용역,충청남도 청양군,PQ,1768800000,1778285250,100.5362534,삼안+드림+신명,98.73,1441000000,100.8076,N
R25BK01136240 - 000,20251105,농소천 외 1개소 재해복구사업 기본 및 실시설계 용역,충청남도 청양군,PQ,1768800000,1778285250,100.5362534,동부+경동,98.7,1414083000,98.9001,N
R25BK01136240 - 000,20251105,농소천 외 1개소 재해복구사업 기본 및 실시설계 용역,충청남도 청양군,PQ,1768800000,1778285250,100.5362534,수성+동국,98.7,1418800000,99.23,N
R25BK01136240 - 000,20251105,농소천 외 1개소 재해복구사업 기본 및 실시설계 용역,충청남도 청양군,PQ,1768800000,1778285250,100.5362534,청명+하이+국성,98.7,1415512000,99,N
R25BK01136240 - 000,20251105,농소천 외 1개소 재해복구사업 기본 및 실시설계 용역,충청남도 청양군,PQ,1768800000,1778285250,100.5362534,다산+세일,98.67,1442034000,100.83,N
R25BK01136240 - 000,20251105,농소천 외 1개소 재해복구사업 기본 및 실시설계 용역,충청남도 청양군,PQ,1768800000,1778285250,100.5362534,KG+경인+극동,98.67,1439880000,100.6794,N
R25BK01136240 - 000,20251105,농소천 외 1개소 재해복구사업 기본 및 실시설계 용역,충청남도 청양군,PQ,1768800000,1778285250,100.5362534,동명+천마,98.65,1444640000,100.9998,N
R25BK01136240 - 000,20251105,농소천 외 1개소 재해복구사업 기본 및 실시설계 용역,충청남도 청양군,PQ,1768800000,1778285250,100.5362534,이산+송현,98.61,1445800000,101.0559,N
R25BK01136240 - 000,20251105,농소천 외 1개소 재해복구사업 기본 및 실시설계 용역,충청남도 청양군,PQ,1768800000,1778285250,100.5362534,경호+강호,98.6,1415500000,98.9258,N
R25BK01136240 - 000,20251105,농소천 외 1개소 재해복구사업 기본 및 실시설계 용역,충청남도 청양군,PQ,1768800000,1778285250,100.5362534,유신+장맥,98.58,1451082000,101.4,N
R25BK01136240 - 000,20251105,농소천 외 1개소 재해복구사업 기본 및 실시설계 용역,충청남도 청양군,PQ,1768800000,1778285250,100.5362534,동성+계림+DS,98.55,1449722000,101.2799,N
R25BK01136240 - 000,20251105,농소천 외 1개소 재해복구사업 기본 및 실시설계 용역,충청남도 청양군,PQ,1768800000,1778285250,100.5362534,KSM+정안,98.54,1447900000,101.1401,N
R25BK01136240 - 000,20251105,농소천 외 1개소 재해복구사업 기본 및 실시설계 용역,충청남도 청양군,PQ,1768800000,1778285250,100.5362534,건화+삼육+새론(화우),98.44,1452000000,101.3514,N
R25BK01136240 - 000,20251105,농소천 외 1개소 재해복구사업 기본 및 실시설계 용역,충청남도 청양군,PQ,1768800000,1778285250,100.5362534,한맥+동진,98.43,1440700000,100.5502,N
R25BK01136240 - 000,20251105,농소천 외 1개소 재해복구사업 기본 및 실시설계 용역,충청남도 청양군,PQ,1768800000,1778285250,100.5362534,한기+우경,98.39,1413990000,98.6495,N
R25BK01136240 - 000,20251105,농소천 외 1개소 재해복구사업 기본 및 실시설계 용역,충청남도 청양군,PQ,1768800000,1778285250,100.5362534,정+SH+이룸,98.26,1459587000,101.7302,N
R25BK01136240 - 000,20251105,농소천 외 1개소 재해복구사업 기본 및 실시설계 용역,충청남도 청양군,PQ,1768800000,1778285250,100.5362534,서영+SR+금일,98.21,1461000000,101.7911,N
R25BK01136240 - 000,20251105,농소천 외 1개소 재해복구사업 기본 및 실시설계 용역,충청남도 청양군,PQ,1768800000,1778285250,100.5362534,KCI+KD,97.73,1663000000,115.4239,N
R25BK01133687 - 000,20251105,생암지구 자연재해위험개선지구 정비사업 기본 및 실시설계 용역,전북특별자치도 남원시,PQ,2081332000,2083746400,100.1160026,조화+삼안,98.63,1694555000,100.67,Y
R25BK01133687 - 000,20251105,생암지구 자연재해위험개선지구 정비사업 기본 및 실시설계 용역,전북특별자치도 남원시,PQ,2081332000,2083746400,100.1160026,도화+국성,98.3,1683777000,99.7706,N
R25BK01133687 - 000,20251105,생암지구 자연재해위험개선지구 정비사업 기본 및 실시설계 용역,전북특별자치도 남원시,PQ,2081332000,2083746400,100.1160026,정+태영,97.71,1683700000,99.3007,N
R25BK01133687 - 000,20251105,생암지구 자연재해위험개선지구 정비사업 기본 및 실시설계 용역,전북특별자치도 남원시,PQ,2081332000,2083746400,100.1160026,KG+세화,97.69,1679650000,99.0497,N
R25BK01133687 - 000,20251105,생암지구 자연재해위험개선지구 정비사업 기본 및 실시설계 용역,전북특별자치도 남원시,PQ,2081332000,2083746400,100.1160026,유신+태하,97.67,1682535000,99.1955,N
R25BK01133687 - 000,20251105,생암지구 자연재해위험개선지구 정비사업 기본 및 실시설계 용역,전북특별자치도 남원시,PQ,2081332000,2083746400,100.1160026,이산+JCN,97.67,1681360000,99.1262,N
R25BK01133687 - 000,20251105,생암지구 자연재해위험개선지구 정비사업 기본 및 실시설계 용역,전북특별자치도 남원시,PQ,2081332000,2083746400,100.1160026,KCI+다온,97.66,1696860000,100.04,N
R25BK01133687 - 000,20251105,생암지구 자연재해위험개선지구 정비사업 기본 및 실시설계 용역,전북특별자치도 남원시,PQ,2081332000,2083746400,100.1160026,경동+세종,97.64,1680779000,99.0676,N
R25BK01133687 - 000,20251105,생암지구 자연재해위험개선지구 정비사업 기본 및 실시설계 용역,전북특별자치도 남원시,PQ,2081332000,2083746400,100.1160026,한종+한가람,97.64,1677550000,98.8773,N
R25BK01133687 - 000,20251105,생암지구 자연재해위험개선지구 정비사업 기본 및 실시설계 용역,전북특별자치도 남원시,PQ,2081332000,2083746400,100.1160026,청명+에스씨+한맥,97.62,1678145000,98.9002,N
R25BK01133687 - 000,20251105,생암지구 자연재해위험개선지구 정비사업 기본 및 실시설계 용역,전북특별자치도 남원시,PQ,2081332000,2083746400,100.1160026,건화+현성+새론(큰길),97.59,1710000000,100.7529,N
R25BK01133687 - 000,20251105,생암지구 자연재해위험개선지구 정비사업 기본 및 실시설계 용역,전북특별자치도 남원시,PQ,2081332000,2083746400,100.1160026,다산+더한,97.58,1671425000,98.48,N
R25BK01133687 - 000,20251105,생암지구 자연재해위험개선지구 정비사업 기본 및 실시설계 용역,전북특별자치도 남원시,PQ,2081332000,2083746400,100.1160026,동진+성원,97.58,1710545000,100.785,N
R25BK01133687 - 000,20251105,생암지구 자연재해위험개선지구 정비사업 기본 및 실시설계 용역,전북특별자치도 남원시,PQ,2081332000,2083746400,100.1160026,동부+인우,97.55,1719718000,101.3006,N
R25BK01133687 - 000,20251105,생암지구 자연재해위험개선지구 정비사업 기본 및 실시설계 용역,전북특별자치도 남원시,PQ,2081332000,2083746400,100.1160026,경호+건품,97.54,1674638000,98.6331,N
R25BK01133687 - 000,20251105,생암지구 자연재해위험개선지구 정비사업 기본 및 실시설계 용역,전북특별자치도 남원시,PQ,2081332000,2083746400,100.1160026,동성+범산,97.54,1724673000,101.58,N
R25BK01133687 - 000,20251105,생암지구 자연재해위험개선지구 정비사업 기본 및 실시설계 용역,전북특별자치도 남원시,PQ,2081332000,2083746400,100.1160026,극동+건일,97.49,1725645000,101.5999,N
R25BK01133687 - 000,20251105,생암지구 자연재해위험개선지구 정비사업 기본 및 실시설계 용역,전북특별자치도 남원시,PQ,2081332000,2083746400,100.1160026,동명+대도,97.49,1723950000,101.5001,N
R25BK01133687 - 000,20251105,생암지구 자연재해위험개선지구 정비사업 기본 및 실시설계 용역,전북특별자치도 남원시,PQ,2081332000,2083746400,100.1160026,수성+대성,97.41,1676224000,98.6297,N
R25BK01133687 - 000,20251105,생암지구 자연재해위험개선지구 정비사업 기본 및 실시설계 용역,전북특별자치도 남원시,PQ,2081332000,2083746400,100.1160026,KSM+(유)신한,97.4,1737100000,102.1992,N
R25BK01136482-000,20251106,국지도70호선 서면대교 도로건설공사 감독 권한대행 등 건설사업관리용역,강원특별자치도,PQ,4442998000,4377841475,98.53350092,극동+동남,100,3589718000,101,N
R25BK01136482-000,20251106,국지도70호선 서면대교 도로건설공사 감독 권한대행 등 건설사업관리용역,강원특별자치도,PQ,4442998000,4377841475,98.53350092,삼보+수인,99.33,3569000000,99.8802,N
R25BK01136482-000,20251106,국지도70호선 서면대교 도로건설공사 감독 권한대행 등 건설사업관리용역,강원특별자치도,PQ,4442998000,4377841475,98.53350092,제일+바셈+삼주,99.1,3559900000,99.4401,N
R25BK01136482-000,20251106,국지도70호선 서면대교 도로건설공사 감독 권한대행 등 건설사업관리용역,강원특별자치도,PQ,4442998000,4377841475,98.53350092,경동+대성+승+경진,99.05,3635550000,101.5154,N
R25BK01136482-000,20251106,국지도70호선 서면대교 도로건설공사 감독 권한대행 등 건설사업관리용역,강원특별자치도,PQ,4442998000,4377841475,98.53350092,건화+동서+용마(융도),98.98,3617000000,100.9348,N
R25BK01136482-000,20251106,국지도70호선 서면대교 도로건설공사 감독 권한대행 등 건설사업관리용역,강원특별자치도,PQ,4442998000,4377841475,98.53350092,건일+성안,98.63,3543000000,98.6009,Y
R25BK01136482-000,20251106,국지도70호선 서면대교 도로건설공사 감독 권한대행 등 건설사업관리용역,강원특별자치도,PQ,4442998000,4377841475,98.53350092,이산+정민+서영,98.58,3548000000,98.7034,N
R25BK01136482-000,20251106,국지도70호선 서면대교 도로건설공사 감독 권한대행 등 건설사업관리용역,강원특별자치도,PQ,4442998000,4377841475,98.53350092,KCI+청호,97.56,4191000000,115.6479,N
R25BK01136035-000,20251105,광주 미래차 국가산업단지 조성사업 조사설계용역,광주광역시 도시공사,TP,13092310000,13053491350,99.70350038,삼안+동명+원우+한기+동아+해림,97.87,10956000000,102.8485,Y
R25BK01136035-000,20251105,광주 미래차 국가산업단지 조성사업 조사설계용역,광주광역시 도시공사,TP,13092310000,13053491350,99.70350038,KG+도화+한종+장강,90.67,11078260000,98.4199,N
R25BK01136035-000,20251105,광주 미래차 국가산업단지 조성사업 조사설계용역,광주광역시 도시공사,TP,13092310000,13053491350,99.70350038,"유신+건화+우영+선우(한국,영진)",89.3,11369600000,99.9963,N
R25BK01137129-000,20251106,화원 설화성산 자연재해위험개선지구 정비사업 건설사업관리 용역,대구광역시 달성군,PQ,3463850000,3468439650,100.1325014,KG+선진+가람,100,2777000000,100.2199,Y
R25BK01137129-000,20251106,화원 설화성산 자연재해위험개선지구 정비사업 건설사업관리 용역,대구광역시 달성군,PQ,3463850000,3468439650,100.1325014,동명+유신+진성,99.35,2777200000,99.7036,N
R25BK01137129-000,20251106,화원 설화성산 자연재해위험개선지구 정비사업 건설사업관리 용역,대구광역시 달성군,PQ,3463850000,3468439650,100.1325014,다산+유성+제일,99.24,2779000000,99.6815,N
R25BK01137129-000,20251106,화원 설화성산 자연재해위험개선지구 정비사업 건설사업관리 용역,대구광역시 달성군,PQ,3463850000,3468439650,100.1325014,동성+세운+동해,99.24,2806838000,100.68,N
R25BK01137129-000,20251106,화원 설화성산 자연재해위험개선지구 정비사업 건설사업관리 용역,대구광역시 달성군,PQ,3463850000,3468439650,100.1325014,한종+명가건축+아람,99.16,2806350000,100.6,N
R25BK01137129-000,20251106,화원 설화성산 자연재해위험개선지구 정비사업 건설사업관리 용역,대구광역시 달성군,PQ,3463850000,3468439650,100.1325014,극동+KEC,99.13,2815695000,100.91,N
R25BK01137129-000,20251106,화원 설화성산 자연재해위험개선지구 정비사업 건설사업관리 용역,대구광역시 달성군,PQ,3463850000,3468439650,100.1325014,청명+씨이엠,99.03,2815000000,100.7975,N
R25BK01137129-000,20251106,화원 설화성산 자연재해위험개선지구 정비사업 건설사업관리 용역,대구광역시 달성군,PQ,3463850000,3468439650,100.1325014,건화+아린+새론,99.01,2822400000,101.0499,N
R25BK01137129-000,20251106,화원 설화성산 자연재해위험개선지구 정비사업 건설사업관리 용역,대구광역시 달성군,PQ,3463850000,3468439650,100.1325014,수성+IBCM,99,2755927000,98.67,N
R25BK01137129-000,20251106,화원 설화성산 자연재해위험개선지구 정비사업 건설사업관리 용역,대구광역시 달성군,PQ,3463850000,3468439650,100.1325014,이산+보정,98.98,2755000000,98.6123,N
R25BK01137129-000,20251106,화원 설화성산 자연재해위험개선지구 정비사업 건설사업관리 용역,대구광역시 달성군,PQ,3463850000,3468439650,100.1325014,도화+대성ENC,98.96,2809490000,100.5503,N
R25BK01137129-000,20251106,화원 설화성산 자연재해위험개선지구 정비사업 건설사업관리 용역,대구광역시 달성군,PQ,3463850000,3468439650,100.1325014,삼안+상진,98.93,2840200000,101.6242,N
R25BK01137129-000,20251106,화원 설화성산 자연재해위험개선지구 정비사업 건설사업관리 용역,대구광역시 달성군,PQ,3463850000,3468439650,100.1325014,동부+유성엔+주하,98.84,2835492000,101.3803,N
R25BK01137129-000,20251106,화원 설화성산 자연재해위험개선지구 정비사업 건설사업관리 용역,대구광역시 달성군,PQ,3463850000,3468439650,100.1325014,동일+케이알이앤씨,98.45,3250000000,115.842,N
P25S126000-2,20251106,포천양수 사후환경영향조사용역(공사시),한국수력원자력(주),PQ,4251467000,4269524520,100.4247362,건화+경호+대한,100,3434890000,100.9976,Y
P25S126000-2,20251106,포천양수 사후환경영향조사용역(공사시),한국수력원자력(주),PQ,4251467000,4269524520,100.4247362,도화+선진+경화+신일환경,100,3395860000,99.85,N
P25S126000-2,20251106,포천양수 사후환경영향조사용역(공사시),한국수력원자력(주),PQ,4251467000,4269524520,100.4247362,동일+신성+다원,99.54,3397300000,99.4944,N
P25S126000-2,20251106,포천양수 사후환경영향조사용역(공사시),한국수력원자력(주),PQ,4251467000,4269524520,100.4247362,유신+이산+다산+신일E,99.05,3511750000,102.4126,N
P25S126000-2,20251106,포천양수 사후환경영향조사용역(공사시),한국수력원자력(주),PQ,4251467000,4269524520,100.4247362,한종+대종,99,3393300000,98.9092,N
P25S126000-2,20251106,포천양수 사후환경영향조사용역(공사시),한국수력원자력(주),PQ,4251467000,4269524520,100.4247362,이엔씨+동해+건일+우신,97.04,3977000000,113.9879,N
R25BK01138055-000,20251106,신읍지구 풍수해생활권 종합정비사업 기본 및 실시설계 용역,경기도 포천시,PQ,2799500000,2762112725,98.6645017,동성+유신+동부,99.1,2268780000,100.58,N
R25BK01138055-000,20251106,신읍지구 풍수해생활권 종합정비사업 기본 및 실시설계 용역,경기도 포천시,PQ,2799500000,2762112725,98.6645017,다산+솔마+조화,97.85,2298824000,100.91,N
R25BK01138055-000,20251106,신읍지구 풍수해생활권 종합정비사업 기본 및 실시설계 용역,경기도 포천시,PQ,2799500000,2762112725,98.6645017,도화+수성+신성,97.85,2264340000,99.3963,N
R25BK01138055-000,20251106,신읍지구 풍수해생활권 종합정비사업 기본 및 실시설계 용역,경기도 포천시,PQ,2799500000,2762112725,98.6645017,극동+용마,97.76,2259482000,99.11,N
R25BK01138055-000,20251106,신읍지구 풍수해생활권 종합정비사업 기본 및 실시설계 용역,경기도 포천시,PQ,2799500000,2762112725,98.6645017,동명+DM,97.73,2264590000,99.3096,N
R25BK01138055-000,20251106,신읍지구 풍수해생활권 종합정비사업 기본 및 실시설계 용역,경기도 포천시,PQ,2799500000,2762112725,98.6645017,KG+보람,97.73,2311110000,101.3497,N
R25BK01138055-000,20251106,신읍지구 풍수해생활권 종합정비사업 기본 및 실시설계 용역,경기도 포천시,PQ,2799500000,2762112725,98.6645017,이산+장강,97.7,2255798000,98.8998,N
R25BK01138055-000,20251106,신읍지구 풍수해생활권 종합정비사업 기본 및 실시설계 용역,경기도 포천시,PQ,2799500000,2762112725,98.6645017,KCI+내경,97.7,2301000000,100.8816,N
R25BK01138055-000,20251106,신읍지구 풍수해생활권 종합정비사업 기본 및 실시설계 용역,경기도 포천시,PQ,2799500000,2762112725,98.6645017,건화+경동+진화(테크피아),97.67,2257700000,98.9589,N
R25BK01138055-000,20251106,신읍지구 풍수해생활권 종합정비사업 기본 및 실시설계 용역,경기도 포천시,PQ,2799500000,2762112725,98.6645017,드림+다음,97.64,2262800000,99.1581,N
R25BK01138055-000,20251106,신읍지구 풍수해생활권 종합정비사업 기본 및 실시설계 용역,경기도 포천시,PQ,2799500000,2762112725,98.6645017,삼안+한맥,97.64,2308130000,101.1445,N
R25BK01138055-000,20251106,신읍지구 풍수해생활권 종합정비사업 기본 및 실시설계 용역,경기도 포천시,PQ,2799500000,2762112725,98.6645017,서영+제일+하이콘,97.64,2254630000,98.8001,N
R25BK01138055-000,20251106,신읍지구 풍수해생활권 종합정비사업 기본 및 실시설계 용역,경기도 포천시,PQ,2799500000,2762112725,98.6645017,청명+국성+강우,97.64,2299986000,100.7876,N
R25BK01138055-000,20251106,신읍지구 풍수해생활권 종합정비사업 기본 및 실시설계 용역,경기도 포천시,PQ,2799500000,2762112725,98.6645017,한종+장맥,97.64,2250440000,98.6165,N
R25BK01138055-000,20251106,신읍지구 풍수해생활권 종합정비사업 기본 및 실시설계 용역,경기도 포천시,PQ,2799500000,2762112725,98.6645017,건일+신명,97.61,2323820000,101.8196,N
R25BK01138055-000,20251106,신읍지구 풍수해생활권 종합정비사업 기본 및 실시설계 용역,경기도 포천시,PQ,2799500000,2762112725,98.6645017,동진+에이스+신화,97.61,2306713000,101.07,N
R25BK01138055-000,20251106,신읍지구 풍수해생활권 종합정비사업 기본 및 실시설계 용역,경기도 포천시,PQ,2799500000,2762112725,98.6645017,삼보+경원,97.61,2317000000,101.5207,N
R25BK01138055-000,20251106,신읍지구 풍수해생활권 종합정비사업 기본 및 실시설계 용역,경기도 포천시,PQ,2799500000,2762112725,98.6645017,서광+주하+하존,97.61,2245091000,98.37,N
R25BK01138055-000,20251106,신읍지구 풍수해생활권 종합정비사업 기본 및 실시설계 용역,경기도 포천시,PQ,2799500000,2762112725,98.6645017,한기+(주)한종+동해,97.61,2252700000,98.7034,Y
R25BK01138055-000,20251106,신읍지구 풍수해생활권 종합정비사업 기본 및 실시설계 용역,경기도 포천시,PQ,2799500000,2762112725,98.6645017,KSM+TSK,97.61,2307307000,101.096,N
R25BK01138055-000,20251106,신읍지구 풍수해생활권 종합정비사업 기본 및 실시설계 용역,경기도 포천시,PQ,2799500000,2762112725,98.6645017,경호+고려,97.58,2248000000,98.4733,N
R25BK01138055-000,20251106,신읍지구 풍수해생활권 종합정비사업 기본 및 실시설계 용역,경기도 포천시,PQ,2799500000,2762112725,98.6645017,화신+선진,97.43,2645500000,115.7438,N
R25BK01133695-000,20251106,백평지구 풍수해생활권 종합정비사업 기본 및 실시설계 용역,전북특별자치도 남원시,PQ,4333901000,4368648075,100.8017505,한종+한가람,99.31,3520400000,100.975,Y
R25BK01133695-000,20251106,백평지구 풍수해생활권 종합정비사업 기본 및 실시설계 용역,전북특별자치도 남원시,PQ,4333901000,4368648075,100.8017505,도화+국성,98.3,3496775000,99.5058,N
R25BK01133695-000,20251106,백평지구 풍수해생활권 종합정비사업 기본 및 실시설계 용역,전북특별자치도 남원시,PQ,4333901000,4368648075,100.8017505,동명+대도,97.73,3496200000,99.0375,N
R25BK01133695-000,20251106,백평지구 풍수해생활권 종합정비사업 기본 및 실시설계 용역,전북특별자치도 남원시,PQ,4333901000,4368648075,100.8017505,유신+태하,97.7,3517017000,99.6027,N
R25BK01133695-000,20251106,백평지구 풍수해생활권 종합정비사업 기본 및 실시설계 용역,전북특별자치도 남원시,PQ,4333901000,4368648075,100.8017505,정+태영,97.7,3488880000,98.8059,N
R25BK01133695-000,20251106,백평지구 풍수해생활권 종합정비사업 기본 및 실시설계 용역,전북특별자치도 남원시,PQ,4333901000,4368648075,100.8017505,KCI+다온,97.69,3580000000,101.3864,N
R25BK01133695-000,20251106,백평지구 풍수해생활권 종합정비사업 기본 및 실시설계 용역,전북특별자치도 남원시,PQ,4333901000,4368648075,100.8017505,KG+세화,97.69,3497500000,99.05,N
R25BK01133695-000,20251106,백평지구 풍수해생활권 종합정비사업 기본 및 실시설계 용역,전북특별자치도 남원시,PQ,4333901000,4368648075,100.8017505,경동+세종,97.67,3492779000,98.892,N
R25BK01133695-000,20251106,백평지구 풍수해생활권 종합정비사업 기본 및 실시설계 용역,전북특별자치도 남원시,PQ,4333901000,4368648075,100.8017505,이산+JCN,97.67,3574000000,101.1916,N
R25BK01133695-000,20251106,백평지구 풍수해생활권 종합정비사업 기본 및 실시설계 용역,전북특별자치도 남원시,PQ,4333901000,4368648075,100.8017505,청명+에스씨+한맥,97.66,3475405000,98.4001,N
R25BK01133695-000,20251106,백평지구 풍수해생활권 종합정비사업 기본 및 실시설계 용역,전북특별자치도 남원시,PQ,4333901000,4368648075,100.8017505,건화+현성+새론(큰길),97.65,3482000000,98.5747,N
R25BK01133695-000,20251106,백평지구 풍수해생활권 종합정비사업 기본 및 실시설계 용역,전북특별자치도 남원시,PQ,4333901000,4368648075,100.8017505,동진+성원,97.64,3562808000,100.85,N
R25BK01133695-000,20251106,백평지구 풍수해생활권 종합정비사업 기본 및 실시설계 용역,전북특별자치도 남원시,PQ,4333901000,4368648075,100.8017505,동부+인우,97.58,3580027000,101.3001,N
R25BK01133695-000,20251106,백평지구 풍수해생활권 종합정비사업 기본 및 실시설계 용역,전북특별자치도 남원시,PQ,4333901000,4368648075,100.8017505,경호+건품,97.57,3486200000,98.6331,N
R25BK01133695-000,20251106,백평지구 풍수해생활권 종합정비사업 기본 및 실시설계 용역,전북특별자치도 남원시,PQ,4333901000,4368648075,100.8017505,동성+범산,97.57,3549711000,100.43,N
R25BK01133695-000,20251106,백평지구 풍수해생활권 종합정비사업 기본 및 실시설계 용역,전북특별자치도 남원시,PQ,4333901000,4368648075,100.8017505,수성+대성,97.56,3486170000,98.6202,N
R25BK01133695-000,20251106,백평지구 풍수해생활권 종합정비사업 기본 및 실시설계 용역,전북특별자치도 남원시,PQ,4333901000,4368648075,100.8017505,극동+건일,97.55,3589737000,101.55,N
R25BK01133695-000,20251106,백평지구 풍수해생활권 종합정비사업 기본 및 실시설계 용역,전북특별자치도 남원시,PQ,4333901000,4368648075,100.8017505,삼안+조화+화신,97.52,3594800000,101.6683,N
R25BK01133695-000,20251106,백평지구 풍수해생활권 종합정비사업 기본 및 실시설계 용역,전북특별자치도 남원시,PQ,4333901000,4368648075,100.8017505,KSM+(유)신한,97.52,3581900000,101.3034,N
R25BK01133695-000,20251106,백평지구 풍수해생활권 종합정비사업 기본 및 실시설계 용역,전북특별자치도 남원시,PQ,4333901000,4368648075,100.8017505,다산+더한,97.49,3618450000,102.3121,N
R25BK01138972-000,20251106,공산~다시간 지방도 확포장공사 건설사업관리용역,전라남도,SOQ,5505000000,5502302575,99.95100045,동아+한기,100,4469800000,101.5004,Y
R25BK01138972-000,20251106,공산~다시간 지방도 확포장공사 건설사업관리용역,전라남도,SOQ,5505000000,5502302575,99.95100045,KSM+하이콘+다산,96.13,4466000000,98.3647,N
R25BK01138972-000,20251106,공산~다시간 지방도 확포장공사 건설사업관리용역,전라남도,SOQ,5505000000,5502302575,99.95100045,건화+도시종합+SJ,96.05,4633000000,101.981,N
R25BK01138972-000,20251106,공산~다시간 지방도 확포장공사 건설사업관리용역,전라남도,SOQ,5505000000,5502302575,99.95100045,동명+양광+대현,95.92,0,0,N
R25BK01135690-000,20251107,서산 수석지구 도시개발사업 시공단계의 감독 권한대행 등 건설사업관리용역,충청남도 서산시,PQ,6899844000,6897015100,99.95900052,장맥+유신,100,5533300000,100.2495,Y
R25BK01135690-000,20251107,서산 수석지구 도시개발사업 시공단계의 감독 권한대행 등 건설사업관리용역,충청남도 서산시,PQ,6899844000,6897015100,99.95900052,한종+송현R+수성E,99.11,5531000000,99.4988,N
R25BK01135690-000,20251107,서산 수석지구 도시개발사업 시공단계의 감독 권한대행 등 건설사업관리용역,충청남도 서산시,PQ,6899844000,6897015100,99.95900052,수성+기산,99.03,5617899999,100.9869,N
R25BK01135690-000,20251107,서산 수석지구 도시개발사업 시공단계의 감독 권한대행 등 건설사업관리용역,충청남도 서산시,PQ,6899844000,6897015100,99.95900052,건화+더원+SH,98.94,5519000000,99.1476,N
R25BK01135690-000,20251107,서산 수석지구 도시개발사업 시공단계의 감독 권한대행 등 건설사업관리용역,충청남도 서산시,PQ,6899844000,6897015100,99.95900052,도화+천마+용마,98.77,5648480000,101.3355,N
R25BK01135690-000,20251107,서산 수석지구 도시개발사업 시공단계의 감독 권한대행 등 건설사업관리용역,충청남도 서산시,PQ,6899844000,6897015100,99.95900052,동명+경동,98.6,0,0,N
R25BK01135690-000,20251107,서산 수석지구 도시개발사업 시공단계의 감독 권한대행 등 건설사업관리용역,충청남도 서산시,PQ,6899844000,6897015100,99.95900052,홍익,94.5,5910000000,102.5613,N
R25BK01139283-000,20251107,자라실지구 재해복구사업 실시설계용역,충청남도 서천군,PQ,976759000,982685550,100.6067566,"윤창+건화(세영,신한엔테크)",100,839589000,100.5399,N
R25BK01139283-000,20251107,자라실지구 재해복구사업 실시설계용역,충청남도 서천군,PQ,976759000,982685550,100.6067566,도화+예당,98.67,843730000,100.6825,N
R25BK01139283-000,20251107,자라실지구 재해복구사업 실시설계용역,충청남도 서천군,PQ,976759000,982685550,100.6067566,동부+경동,98.67,834493000,99.5803,N
R25BK01139283-000,20251107,자라실지구 재해복구사업 실시설계용역,충청남도 서천군,PQ,976759000,982685550,100.6067566,유신+드림,98.67,843118000,100.6095,Y
R25BK01139283-000,20251107,자라실지구 재해복구사업 실시설계용역,충청남도 서천군,PQ,976759000,982685550,100.6067566,이산+송현,98.67,837170000,99.8997,N
R25BK01139283-000,20251107,자라실지구 재해복구사업 실시설계용역,충청남도 서천군,PQ,976759000,982685550,100.6067566,건일+태일,98.64,837758000,99.9699,N
R25BK01139283-000,20251107,자라실지구 재해복구사업 실시설계용역,충청남도 서천군,PQ,976759000,982685550,100.6067566,경호+강호,98.64,836600000,99.8317,N
R25BK01139283-000,20251107,자라실지구 재해복구사업 실시설계용역,충청남도 서천군,PQ,976759000,982685550,100.6067566,수성+동국,98.64,836670000,99.8401,N
R25BK01139283-000,20251107,자라실지구 재해복구사업 실시설계용역,충청남도 서천군,PQ,976759000,982685550,100.6067566,청명+SH+국성,98.64,840524000,100.3,N
R25BK01139283-000,20251107,자라실지구 재해복구사업 실시설계용역,충청남도 서천군,PQ,976759000,982685550,100.6067566,한기+삼육+우경,98.64,835550000,99.7064,N
R25BK01139283-000,20251107,자라실지구 재해복구사업 실시설계용역,충청남도 서천군,PQ,976759000,982685550,100.6067566,한종+천마,98.64,842150000,100.494,N
R25BK01139283-000,20251107,자라실지구 재해복구사업 실시설계용역,충청남도 서천군,PQ,976759000,982685550,100.6067566,KCI+KD+극동,98.64,837500000,99.9391,N
R25BK01139283-000,20251107,자라실지구 재해복구사업 실시설계용역,충청남도 서천군,PQ,976759000,982685550,100.6067566,KG+정안,98.64,836500000,99.8198,N
R25BK01139283-000,20251107,자라실지구 재해복구사업 실시설계용역,충청남도 서천군,PQ,976759000,982685550,100.6067566,KSM+세일,98.64,842900000,100.5835,N
R25BK01139283-000,20251107,자라실지구 재해복구사업 실시설계용역,충청남도 서천군,PQ,976759000,982685550,100.6067566,정+이룸,98.63,846275000,100.9744,N
R25BK01139283-000,20251107,자라실지구 재해복구사업 실시설계용역,충청남도 서천군,PQ,976759000,982685550,100.6067566,다산+경인,98.61,833749900,99.48,N
R25BK01139283-000,20251107,자라실지구 재해복구사업 실시설계용역,충청남도 서천군,PQ,976759000,982685550,100.6067566,동명+장맥,98.61,834320000,99.548,N
R25BK01139283-000,20251107,자라실지구 재해복구사업 실시설계용역,충청남도 서천군,PQ,976759000,982685550,100.6067566,삼안+계림,98.61,842490000,100.5228,N
R25BK01139283-000,20251107,자라실지구 재해복구사업 실시설계용역,충청남도 서천군,PQ,976759000,982685550,100.6067566,화신+수성E,98.58,848851000,101.27,N
R25BK01139283-000,20251107,자라실지구 재해복구사업 실시설계용역,충청남도 서천군,PQ,976759000,982685550,100.6067566,동성+한맥+DS,98.55,829823000,98.9999,N
R25BK01139283-000,20251107,자라실지구 재해복구사업 실시설계용역,충청남도 서천군,PQ,976759000,982685550,100.6067566,서영+SR+금일,98.51,849620000,101.3499,N
R25BK01139283-000,20251107,자라실지구 재해복구사업 실시설계용역,충청남도 서천군,PQ,976759000,982685550,100.6067566,제일+동진+하이,98.46,858000000,102.3377,N
R25BK01140133-000,20251107,서벽도심 농어촌생활용수 개발사업 기본 및 실시설계용역,경상북도 봉화군,PQ,1144000000,1137276175,99.41225306,도화+한주,100,918800000,100.3996,N
R25BK01140133-000,20251107,서벽도심 농어촌생활용수 개발사업 기본 및 실시설계용역,경상북도 봉화군,PQ,1144000000,1137276175,99.41225306,유신+태양,99.51,918232000,99.9378,N
R25BK01140133-000,20251107,서벽도심 농어촌생활용수 개발사업 기본 및 실시설계용역,경상북도 봉화군,PQ,1144000000,1137276175,99.41225306,동명+KCI,99.5,914850000,99.5697,N
R25BK01140133-000,20251107,서벽도심 농어촌생활용수 개발사업 기본 및 실시설계용역,경상북도 봉화군,PQ,1144000000,1137276175,99.41225306,이산+세원,99.5,915120000,99.5991,N
R25BK01140133-000,20251107,서벽도심 농어촌생활용수 개발사업 기본 및 실시설계용역,경상북도 봉화군,PQ,1144000000,1137276175,99.41225306,HEC+동성,99.5,914190000,99.4979,Y
R25BK01140133-000,20251107,서벽도심 농어촌생활용수 개발사업 기본 및 실시설계용역,경상북도 봉화군,PQ,1144000000,1137276175,99.41225306,한종+태성+지엔,99.49,911566000,99.1999,N
R25BK01140133-000,20251107,서벽도심 농어촌생활용수 개발사업 기본 및 실시설계용역,경상북도 봉화군,PQ,1144000000,1137276175,99.41225306,동해+반석+DM,99.44,907090000,98.676,N
R25BK01140133-000,20251107,서벽도심 농어촌생활용수 개발사업 기본 및 실시설계용역,경상북도 봉화군,PQ,1144000000,1137276175,99.41225306,제일+세연,99.44,911900000,99.1992,N
R25BK01140133-000,20251107,서벽도심 농어촌생활용수 개발사업 기본 및 실시설계용역,경상북도 봉화군,PQ,1144000000,1137276175,99.41225306,건화+명성+동진(진양),99.4,928000000,100.913,N
R25BK01140133-000,20251107,서벽도심 농어촌생활용수 개발사업 기본 및 실시설계용역,경상북도 봉화군,PQ,1144000000,1137276175,99.41225306,경동+경화+중앙방재,99.4,926880000,100.7912,N
R25BK01140133-000,20251107,서벽도심 농어촌생활용수 개발사업 기본 및 실시설계용역,경상북도 봉화군,PQ,1144000000,1137276175,99.41225306,다산+화신+국성,99.4,926502000,100.7501,N
R25BK01140133-000,20251107,서벽도심 농어촌생활용수 개발사업 기본 및 실시설계용역,경상북도 봉화군,PQ,1144000000,1137276175,99.41225306,범한+극동,99.4,924570000,100.54,N
R25BK01140133-000,20251107,서벽도심 농어촌생활용수 개발사업 기본 및 실시설계용역,경상북도 봉화군,PQ,1144000000,1137276175,99.41225306,삼안+한도,99.4,910800000,99.0426,N
R25BK01140133-000,20251107,서벽도심 농어촌생활용수 개발사업 기본 및 실시설계용역,경상북도 봉화군,PQ,1144000000,1137276175,99.41225306,선진+보원,99.4,923258000,100.3973,N
R25BK01140133-000,20251107,서벽도심 농어촌생활용수 개발사업 기본 및 실시설계용역,경상북도 봉화군,PQ,1144000000,1137276175,99.41225306,정+청우,99.4,909500000,98.9012,N
R25BK01140133-000,20251107,서벽도심 농어촌생활용수 개발사업 기본 및 실시설계용역,경상북도 봉화군,PQ,1144000000,1137276175,99.41225306,KG+보람,99.4,913260000,99.3101,N
R25BK01140133-000,20251107,서벽도심 농어촌생활용수 개발사업 기본 및 실시설계용역,경상북도 봉화군,PQ,1144000000,1137276175,99.41225306,경호+새론,99.34,907733000,98.66,N
R25BK01139966-000,20251107,월계로(북서울꿈의숲) 구조개선 기본 및 실시설계용역,서울특별시,PQ,821747000,808270400,98.36000618,대콘+한종,99.3,707467580,100.5115,N
R25BK01139966-000,20251107,월계로(북서울꿈의숲) 구조개선 기본 및 실시설계용역,서울특별시,PQ,821747000,808270400,98.36000618,동해+삼안,98.4,711780000,100.8886,N
R25BK01139966-000,20251107,월계로(북서울꿈의숲) 구조개선 기본 및 실시설계용역,서울특별시,PQ,821747000,808270400,98.36000618,동명+서현,98.18,710652000,100.6701,N
R25BK01139966-000,20251107,월계로(북서울꿈의숲) 구조개선 기본 및 실시설계용역,서울특별시,PQ,821747000,808270400,98.36000618,제일+서영,97.95,702800000,99.4999,N
R25BK01139966-000,20251107,월계로(북서울꿈의숲) 구조개선 기본 및 실시설계용역,서울특별시,PQ,821747000,808270400,98.36000618,건화+태조,97.66,709380000,100.3614,N
R25BK01139966-000,20251107,월계로(북서울꿈의숲) 구조개선 기본 및 실시설계용역,서울특별시,PQ,821747000,808270400,98.36000618,유신+일신,97.22,700719000,99.0209,Y
R25BK01139966-000,20251107,월계로(북서울꿈의숲) 구조개선 기본 및 실시설계용역,서울특별시,PQ,821747000,808270400,98.36000618,동일+경동,97,715200000,101.0204,N
R25BK01139966-000,20251107,월계로(북서울꿈의숲) 구조개선 기본 및 실시설계용역,서울특별시,PQ,821747000,808270400,98.36000618,진우+극동+KG,96.48,717470000,101.2,N
R25BK01139966-000,20251107,월계로(북서울꿈의숲) 구조개선 기본 및 실시설계용역,서울특별시,PQ,821747000,808270400,98.36000618,다산+문창,96.28,700780000,98.8001,N
R25BK01139966-000,20251107,월계로(북서울꿈의숲) 구조개선 기본 및 실시설계용역,서울특별시,PQ,821747000,808270400,98.36000618,삼보+우리기술,96.19,730000000,102.8958,N
R25BK01139458-000,20251107,제2산업단지 완충저류시설 설치사업 기본 및 실시설계용역,충청북도 제천시,PQ,762003000,758617850,99.55575634,동명+대원,99.34,654200000,100.2425,N
R25BK01139458-000,20251107,제2산업단지 완충저류시설 설치사업 기본 및 실시설계용역,충청북도 제천시,PQ,762003000,758617850,99.55575634,동해+디아이,99.33,649935000,99.589,Y
R25BK01139458-000,20251107,제2산업단지 완충저류시설 설치사업 기본 및 실시설계용역,충청북도 제천시,PQ,762003000,758617850,99.55575634,유신+도우,99.32,653368000,100.115,N
R25BK01139458-000,20251107,제2산업단지 완충저류시설 설치사업 기본 및 실시설계용역,충청북도 제천시,PQ,762003000,758617850,99.55575634,건화+홍익(테크피아),99.3,649600000,99.526,N
R25BK01139458-000,20251107,제2산업단지 완충저류시설 설치사업 기본 및 실시설계용역,충청북도 제천시,PQ,762003000,758617850,99.55575634,선진+오성,99.3,651857000,99.8718,N
R25BK01139458-000,20251107,제2산업단지 완충저류시설 설치사업 기본 및 실시설계용역,충청북도 제천시,PQ,762003000,758617850,99.55575634,제일+HR,99.27,650595000,99.6668,N
R25BK01139458-000,20251107,제2산업단지 완충저류시설 설치사업 기본 및 실시설계용역,충청북도 제천시,PQ,762003000,758617850,99.55575634,도화+영진,99.14,649549000,99.4834,N
R25BK01139458-000,20251107,제2산업단지 완충저류시설 설치사업 기본 및 실시설계용역,충청북도 제천시,PQ,762003000,758617850,99.55575634,한종+진우,99.14,655600000,100.4101,N
R25BK01139458-000,20251107,제2산업단지 완충저류시설 설치사업 기본 및 실시설계용역,충청북도 제천시,PQ,762003000,758617850,99.55575634,범한+두원,99.12,650583000,99.6301,N
R25BK01139458-000,20251107,제2산업단지 완충저류시설 설치사업 기본 및 실시설계용역,충청북도 제천시,PQ,762003000,758617850,99.55575634,KG+지명,99.1,656780000,100.5791,N
R25BK01139458-000,20251107,제2산업단지 완충저류시설 설치사업 기본 및 실시설계용역,충청북도 제천시,PQ,762003000,758617850,99.55575634,경호+도명,99.05,647660000,99.1709,N
R25BK01139458-000,20251107,제2산업단지 완충저류시설 설치사업 기본 및 실시설계용역,충청북도 제천시,PQ,762003000,758617850,99.55575634,화신+진성,98.81,657584000,100.62,N
R25BK01139458-000,20251107,제2산업단지 완충저류시설 설치사업 기본 및 실시설계용역,충청북도 제천시,PQ,762003000,758617850,99.55575634,삼안+다산+청우건축,98.7,662420000,101.3364,N
R25BK01139458-000,20251107,제2산업단지 완충저류시설 설치사업 기본 및 실시설계용역,충청북도 제천시,PQ,762003000,758617850,99.55575634,서영+토영,98.63,648610000,99.2006,N
R25BK01139458-000,20251107,제2산업단지 완충저류시설 설치사업 기본 및 실시설계용역,충청북도 제천시,PQ,762003000,758617850,99.55575634,경동+태광,98.44,646799000,98.8775,N
R25BK01139458-000,20251107,제2산업단지 완충저류시설 설치사업 기본 및 실시설계용역,충청북도 제천시,PQ,762003000,758617850,99.55575634,이산+동림,98.43,666666000,101.9147,N
R25BK01139458-000,20251107,제2산업단지 완충저류시설 설치사업 기본 및 실시설계용역,충청북도 제천시,PQ,762003000,758617850,99.55575634,세원+한광,95.58,674150000,102.3079,N
R25BK01140158-000,20251107,망미2지구 자연재해위험개선지구 정비사업 감독권한대행 등 건설사업관리용역,부산광역시 수영구,PQ,4646400000,4616848950,99.36400116,도화+한가람+에이치엠,100,3709444000,99.7997,Y
R25BK01140158-000,20251107,망미2지구 자연재해위험개선지구 정비사업 감독권한대행 등 건설사업관리용역,부산광역시 수영구,PQ,4646400000,4616848950,99.36400116,수성+대진,99.98,3742488999,100.6636,N
R25BK01140158-000,20251107,망미2지구 자연재해위험개선지구 정비사업 감독권한대행 등 건설사업관리용역,부산광역시 수영구,PQ,4646400000,4616848950,99.36400116,동성+거원+극동,99.95,3750727000,100.86,N
R25BK01140158-000,20251107,망미2지구 자연재해위험개선지구 정비사업 감독권한대행 등 건설사업관리용역,부산광역시 수영구,PQ,4646400000,4616848950,99.36400116,유신+경성+HK,99.36,3702967000,99.1175,N
R25BK01140158-000,20251107,망미2지구 자연재해위험개선지구 정비사업 감독권한대행 등 건설사업관리용역,부산광역시 수영구,PQ,4646400000,4616848950,99.36400116,삼영+용마,99.3,3706000000,99.1493,N
R25BK01140158-000,20251107,망미2지구 자연재해위험개선지구 정비사업 감독권한대행 등 건설사업관리용역,부산광역시 수영구,PQ,4646400000,4616848950,99.36400116,한종+한진,99.2,3696250000,98.8025,N
R25BK01140158-000,20251107,망미2지구 자연재해위험개선지구 정비사업 감독권한대행 등 건설사업관리용역,부산광역시 수영구,PQ,4646400000,4616848950,99.36400116,대콘+지예스,99.19,3695780000,98.7899,N
R25BK01140158-000,20251107,망미2지구 자연재해위험개선지구 정비사업 감독권한대행 등 건설사업관리용역,부산광역시 수영구,PQ,4646400000,4616848950,99.36400116,동해+선일+삼안,99,3794280000,101.272,N
R25BK01140158-000,20251107,망미2지구 자연재해위험개선지구 정비사업 감독권한대행 등 건설사업관리용역,부산광역시 수영구,PQ,4646400000,4616848950,99.36400116,동명+경동+세일+유화,98.93,3695800000,98.5823,N
R25BK01140158-000,20251107,망미2지구 자연재해위험개선지구 정비사업 감독권한대행 등 건설사업관리용역,부산광역시 수영구,PQ,4646400000,4616848950,99.36400116,KG+조은+다음,98.63,3822400000,101.7197,N
R25BK01140158-000,20251107,망미2지구 자연재해위험개선지구 정비사업 감독권한대행 등 건설사업관리용역,부산광역시 수영구,PQ,4646400000,4616848950,99.36400116,건화+나우(석우),98.47,3830000000,101.7961,N
R25BK01140158-000,20251107,망미2지구 자연재해위험개선지구 정비사업 감독권한대행 등 건설사업관리용역,부산광역시 수영구,PQ,4646400000,4616848950,99.36400116,제일+다산+한림,98.39,3834000000,101.827,N
R25BK01140158-000,20251107,망미2지구 자연재해위험개선지구 정비사업 감독권한대행 등 건설사업관리용역,부산광역시 수영구,PQ,4646400000,4616848950,99.36400116,신명+하나,98.33,3838000000,101.8955,N
R25BK01140158-000,20251107,망미2지구 자연재해위험개선지구 정비사업 감독권한대행 등 건설사업관리용역,부산광역시 수영구,PQ,4646400000,4616848950,99.36400116,KSM+이화+이산,98.29,3850900000,102.2002,N
R25BK01140158-000,20251107,망미2지구 자연재해위험개선지구 정비사업 감독권한대행 등 건설사업관리용역,부산광역시 수영구,PQ,4646400000,4616848950,99.36400116,서영+대원,97.9,3842000000,101.6506,N
R25BK01140158-000,20251107,망미2지구 자연재해위험개선지구 정비사업 감독권한대행 등 건설사업관리용역,부산광역시 수영구,PQ,4646400000,4616848950,99.36400116,건일+정인+CM,97.87,3717000000,98.3192,N
R25BK01140822-000,20251107,노후하수관로 정비공사(2-2단계) 외 1건 통합건설사업관리용역,경상남도 김해시,PQ,3568939000,3527940850,98.85125103,제일+하나+열린,99.96,2885000000,101.0139,N
R25BK01140822-000,20251107,노후하수관로 정비공사(2-2단계) 외 1건 통합건설사업관리용역,경상남도 김해시,PQ,3568939000,3527940850,98.85125103,경원+한올,99.16,2899877700,100.8918,N
R25BK01140822-000,20251107,노후하수관로 정비공사(2-2단계) 외 1건 통합건설사업관리용역,경상남도 김해시,PQ,3568939000,3527940850,98.85125103,도화+한성,99.16,2860700000,99.5287,N
R25BK01140822-000,20251107,노후하수관로 정비공사(2-2단계) 외 1건 통합건설사업관리용역,경상남도 김해시,PQ,3568939000,3527940850,98.85125103,경동+경화+한가람+청토,99.12,2860649000,99.4899,N
R25BK01140822-000,20251107,노후하수관로 정비공사(2-2단계) 외 1건 통합건설사업관리용역,경상남도 김해시,PQ,3568939000,3527940850,98.85125103,KSM+KG,99.1,2910000000,101.1937,N
R25BK01140822-000,20251107,노후하수관로 정비공사(2-2단계) 외 1건 통합건설사업관리용역,경상남도 김해시,PQ,3568939000,3527940850,98.85125103,동일+정림,99.07,2860600000,99.4512,N
R25BK01140822-000,20251107,노후하수관로 정비공사(2-2단계) 외 1건 통합건설사업관리용역,경상남도 김해시,PQ,3568939000,3527940850,98.85125103,한맥+세경+바우,98.94,2912670000,101.161,N
R25BK01140822-000,20251107,노후하수관로 정비공사(2-2단계) 외 1건 통합건설사업관리용역,경상남도 김해시,PQ,3568939000,3527940850,98.85125103,범한+조화,98.92,2847699000,98.88,Y
R25BK01140822-000,20251107,노후하수관로 정비공사(2-2단계) 외 1건 통합건설사업관리용역,경상남도 김해시,PQ,3568939000,3527940850,98.85125103,건일+이솔,98.91,2911000000,101.078,N
R25BK01140822-000,20251107,노후하수관로 정비공사(2-2단계) 외 1건 통합건설사업관리용역,경상남도 김해시,PQ,3568939000,3527940850,98.85125103,다산+신화,98.9,2907676000,100.95,N
R25BK01140822-000,20251107,노후하수관로 정비공사(2-2단계) 외 1건 통합건설사업관리용역,경상남도 김해시,PQ,3568939000,3527940850,98.85125103,극동+경남,98.87,2844436000,98.73,N
R25BK01140822-000,20251107,노후하수관로 정비공사(2-2단계) 외 1건 통합건설사업관리용역,경상남도 김해시,PQ,3568939000,3527940850,98.85125103,동성+현진+DS,98.87,2917039000,101.25,N
R25BK01140822-000,20251107,노후하수관로 정비공사(2-2단계) 외 1건 통합건설사업관리용역,경상남도 김해시,PQ,3568939000,3527940850,98.85125103,건화+로텍+새론,98.86,2840100000,98.5795,N
R25BK01140822-000,20251107,노후하수관로 정비공사(2-2단계) 외 1건 통합건설사업관리용역,경상남도 김해시,PQ,3568939000,3527940850,98.85125103,수성+서화,98.86,2910990000,101.04,N
R25BK01140822-000,20251107,노후하수관로 정비공사(2-2단계) 외 1건 통합건설사업관리용역,경상남도 김해시,PQ,3568939000,3527940850,98.85125103,이산+흥진,98.82,2841636000,98.5961,N
R25BK01140822-000,20251107,노후하수관로 정비공사(2-2단계) 외 1건 통합건설사업관리용역,경상남도 김해시,PQ,3568939000,3527940850,98.85125103,동해+한경,98.8,2906600000,100.8377,N
R25BK01140822-000,20251107,노후하수관로 정비공사(2-2단계) 외 1건 통합건설사업관리용역,경상남도 김해시,PQ,3568939000,3527940850,98.85125103,신명+우일,98.76,2876000000,99.7391,N
R25BK01140822-000,20251107,노후하수관로 정비공사(2-2단계) 외 1건 통합건설사업관리용역,경상남도 김해시,PQ,3568939000,3527940850,98.85125103,홍익+하우+이산기술,98.72,2838090000,98.4,N
R25BK01140822-000,20251107,노후하수관로 정비공사(2-2단계) 외 1건 통합건설사업관리용역,경상남도 김해시,PQ,3568939000,3527940850,98.85125103,동명+해진,98.7,2940000000,101.9081,N
R25BK01140822-000,20251107,노후하수관로 정비공사(2-2단계) 외 1건 통합건설사업관리용역,경상남도 김해시,PQ,3568939000,3527940850,98.85125103,서영+우리,98.7,2929670000,101.55,N
R25BK01140822-000,20251107,노후하수관로 정비공사(2-2단계) 외 1건 통합건설사업관리용역,경상남도 김해시,PQ,3568939000,3527940850,98.85125103,대콘+주원,98.64,2841356700,98.4402,N
R25BK01140822-000,20251107,노후하수관로 정비공사(2-2단계) 외 1건 통합건설사업관리용역,경상남도 김해시,PQ,3568939000,3527940850,98.85125103,동부+우정,98.64,2845403000,98.5804,N
R25BK01140822-000,20251107,노후하수관로 정비공사(2-2단계) 외 1건 통합건설사업관리용역,경상남도 김해시,PQ,3568939000,3527940850,98.85125103,삼안+천진,98.64,2930620000,101.5327,N
R25BK01140822-000,20251107,노후하수관로 정비공사(2-2단계) 외 1건 통합건설사업관리용역,경상남도 김해시,PQ,3568939000,3527940850,98.85125103,다음+화성,98.63,2950485000,102.221,N
R25BK01140822-000,20251107,노후하수관로 정비공사(2-2단계) 외 1건 통합건설사업관리용역,경상남도 김해시,PQ,3568939000,3527940850,98.85125103,태조+HEC+경호,98.58,2844000000,98.4952,N
R25BK01140822-000,20251107,노후하수관로 정비공사(2-2단계) 외 1건 통합건설사업관리용역,경상남도 김해시,PQ,3568939000,3527940850,98.85125103,선진+우진,98.54,2936487000,101.6606,N
R25BK01140822-000,20251107,노후하수관로 정비공사(2-2단계) 외 1건 통합건설사업관리용역,경상남도 김해시,PQ,3568939000,3527940850,98.85125103,유신+금성,98.38,2946867000,101.894,N
R25BK01140822-000,20251107,노후하수관로 정비공사(2-2단계) 외 1건 통합건설사업관리용역,경상남도 김해시,PQ,3568939000,3527940850,98.85125103,KCI+경상+정원,97.35,2977700000,102.1284,N
R25BK01140822-000,20251107,노후하수관로 정비공사(2-2단계) 외 1건 통합건설사업관리용역,경상남도 김해시,PQ,3568939000,3527940850,98.85125103,한종+민종합,97.34,2975000000,102.0233,N
R25BK01140822-000,20251107,노후하수관로 정비공사(2-2단계) 외 1건 통합건설사업관리용역,경상남도 김해시,PQ,3568939000,3527940850,98.85125103,화신+나인+영인,97.29,3354800000,115.0057,N
R25BK01140041-000,20251107,철원군 생활자원회수센터 확충 및 현대화사업 기본 및 실시설계용역,강원특별자치도 철원군 환경자원사업소,PQ,549994000,552827900,100.5152602,경호+바셈,98.7,474100000,100.4849,N
R25BK01140041-000,20251107,철원군 생활자원회수센터 확충 및 현대화사업 기본 및 실시설계용역,강원특별자치도 철원군 환경자원사업소,PQ,549994000,552827900,100.5152602,도화+동서,98.68,469870000,99.5767,N
R25BK01140041-000,20251107,철원군 생활자원회수센터 확충 및 현대화사업 기본 및 실시설계용역,강원특별자치도 철원군 환경자원사업소,PQ,549994000,552827900,100.5152602,한종,98.6,475300000,100.7157,Y
R25BK01140041-000,20251107,철원군 생활자원회수센터 확충 및 현대화사업 기본 및 실시설계용역,강원특별자치도 철원군 환경자원사업소,PQ,549994000,552827900,100.5152602,동일+선진,98.32,469800000,99.4807,N
R25BK01140041-000,20251107,철원군 생활자원회수센터 확충 및 현대화사업 기본 및 실시설계용역,강원특별자치도 철원군 환경자원사업소,PQ,549994000,552827900,100.5152602,건화+정(삼정),97.98,478000000,101.1229,N
R25BK01140041-000,20251107,철원군 생활자원회수센터 확충 및 현대화사업 기본 및 실시설계용역,강원특별자치도 철원군 환경자원사업소,PQ,549994000,552827900,100.5152602,동해+진화+유신,96.76,481080000,101.4557,N
R25BK01140041-000,20251107,철원군 생활자원회수센터 확충 및 현대화사업 기본 및 실시설계용역,강원특별자치도 철원군 환경자원사업소,PQ,549994000,552827900,100.5152602,경화+GK,96.5,482945000,101.79,N
R25BK01140041-000,20251107,철원군 생활자원회수센터 확충 및 현대화사업 기본 및 실시설계용역,강원특별자치도 철원군 환경자원사업소,PQ,549994000,552827900,100.5152602,세원E+삼안 ,96.26,480250000,101.1516,N
R25BK01141280-000,20251110,포항 도시기본계획 일부변경 수립 및 도시관리계획 결정(변경) 용역,경상북도 포항시,PQ,800000000,807878000,100.98475,한도+대성종합이앤씨,99.84,686333000,100.3,N
R25BK01141280-000,20251110,포항 도시기본계획 일부변경 수립 및 도시관리계획 결정(변경) 용역,경상북도 포항시,PQ,800000000,807878000,100.98475,도화+해동,99.53,685377000,100.0784,N
R25BK01141280-000,20251110,포항 도시기본계획 일부변경 수립 및 도시관리계획 결정(변경) 용역,경상북도 포항시,PQ,800000000,807878000,100.98475,KG+보람,99.48,680600000,99.3693,N
R25BK01141280-000,20251110,포항 도시기본계획 일부변경 수립 및 도시관리계획 결정(변경) 용역,경상북도 포항시,PQ,800000000,807878000,100.98475,경호+대성,99.41,682000000,99.562,N
R25BK01141280-000,20251110,포항 도시기본계획 일부변경 수립 및 도시관리계획 결정(변경) 용역,경상북도 포항시,PQ,800000000,807878000,100.98475,동명+명성,98.96,696800000,101.604,Y
R25BK01141280-000,20251110,포항 도시기본계획 일부변경 수립 및 도시관리계획 결정(변경) 용역,경상북도 포항시,PQ,800000000,807878000,100.98475,동해+동성,96.35,698990000,101.2383,N
R25BK01141280-000,20251110,포항 도시기본계획 일부변경 수립 및 도시관리계획 결정(변경) 용역,경상북도 포항시,PQ,800000000,807878000,100.98475,삼안+세원,96.1,681230000,98.6089,N
R25BK01141280-000,20251110,포항 도시기본계획 일부변경 수립 및 도시관리계획 결정(변경) 용역,경상북도 포항시,PQ,800000000,807878000,100.98475,한종+주하,95.62,700700000,101.2982,N
R25BK01141280-000,20251110,포항 도시기본계획 일부변경 수립 및 도시관리계획 결정(변경) 용역,경상북도 포항시,PQ,800000000,807878000,100.98475,건화+KCI,95.06,710000000,102.5004,N
R25BK01141888-000,20251110,중초지구 풍수해생활권 종합정비사업 건설사업관리용역,충청북도 보은군,PQ,4752618000,4762788650,100.214001,다산+경원+진우,100,3832272000,100.8,Y
R25BK01141888-000,20251110,중초지구 풍수해생활권 종합정비사업 건설사업관리용역,충청북도 보은군,PQ,4752618000,4762788650,100.214001,홍익+도화+오성,100,3799956000,99.95,N
R25BK01141888-000,20251110,중초지구 풍수해생활권 종합정비사업 건설사업관리용역,충청북도 보은군,PQ,4752618000,4762788650,100.214001,동성+도명+GK,99.45,3791470000,99.28,N
R25BK01141888-000,20251110,중초지구 풍수해생활권 종합정비사업 건설사업관리용역,충청북도 보은군,PQ,4752618000,4762788650,100.214001,서영+두원,99.41,3793800000,99.3163,N
R25BK01141888-000,20251110,중초지구 풍수해생활권 종합정비사업 건설사업관리용역,충청북도 보은군,PQ,4752618000,4762788650,100.214001,극동+대원,99.33,3828026000,100.15,N
R25BK01141888-000,20251110,중초지구 풍수해생활권 종합정비사업 건설사업관리용역,충청북도 보은군,PQ,4752618000,4762788650,100.214001,한종+청우종합,99.17,3786300000,98.923,N
R25BK01141888-000,20251110,중초지구 풍수해생활권 종합정비사업 건설사업관리용역,충청북도 보은군,PQ,4752618000,4762788650,100.214001,동명+영진,99.13,3878250000,101.3002,N
R25BK01141888-000,20251110,중초지구 풍수해생활권 종합정비사업 건설사업관리용역,충청북도 보은군,PQ,4752618000,4762788650,100.214001,건일+한광+장맥,99.09,3791000000,98.9844,N
R25BK01141888-000,20251110,중초지구 풍수해생활권 종합정비사업 건설사업관리용역,충청북도 보은군,PQ,4752618000,4762788650,100.214001,유신+상생+진성,98.98,3887675000,101.4205,N
R25BK01141888-000,20251110,중초지구 풍수해생활권 종합정비사업 건설사업관리용역,충청북도 보은군,PQ,4752618000,4762788650,100.214001,동부+디아이+천마,98.93,3794780000,98.9603,N
R25BK01141888-000,20251110,중초지구 풍수해생활권 종합정비사업 건설사업관리용역,충청북도 보은군,PQ,4752618000,4762788650,100.214001,경동+가원,98.87,3779479000,98.5124,N
R25BK01141888-000,20251110,중초지구 풍수해생활권 종합정비사업 건설사업관리용역,충청북도 보은군,PQ,4752618000,4762788650,100.214001,건화+건일(석우),98.82,3778000000,98.4373,N
R25BK01141888-000,20251110,중초지구 풍수해생활권 종합정비사업 건설사업관리용역,충청북도 보은군,PQ,4752618000,4762788650,100.214001,수성+지명,98.82,3885000000,101.2252,N
R25BK01141888-000,20251110,중초지구 풍수해생활권 종합정비사업 건설사업관리용역,충청북도 보은군,PQ,4752618000,4762788650,100.214001,삼안+수일건설,98.41,3919960000,101.8083,N
R25BK01141888-000,20251110,중초지구 풍수해생활권 종합정비사업 건설사업관리용역,충청북도 보은군,PQ,4752618000,4762788650,100.214001,신명+서영E,98.02,3951000000,102.2988,N
R25BK01141888-000,20251110,중초지구 풍수해생활권 종합정비사업 건설사업관리용역,충청북도 보은군,PQ,4752618000,4762788650,100.214001,이산+동림,94.19,0,0,N
R25BK01142954 - 000,20251110,사천 우주항공복합도시 도시개발사업 전략환경영향평가 및 기후변화영향평가 용역,경상남도 사천시,PQ,600000000,603880500,100.64675,수성+도화+신일,98.77,517400000,100.5343,N
R25BK01142954 - 000,20251110,사천 우주항공복합도시 도시개발사업 전략환경영향평가 및 기후변화영향평가 용역,경상남도 사천시,PQ,600000000,603880500,100.64675,건화+혜인+대한,97.87,515200000,99.8856,N
R25BK01142954 - 000,20251110,사천 우주항공복합도시 도시개발사업 전략환경영향평가 및 기후변화영향평가 용역,경상남도 사천시,PQ,600000000,603880500,100.64675,KG+동일+국토환경,97.83,519250000,100.6591,Y
R25BK01142954 - 000,20251110,사천 우주항공복합도시 도시개발사업 전략환경영향평가 및 기후변화영향평가 용역,경상남도 사천시,PQ,600000000,603880500,100.64675,경화+동아+대종,97.8,518283000,100.46,N
R25BK01142954 - 000,20251110,사천 우주항공복합도시 도시개발사업 전략환경영향평가 및 기후변화영향평가 용역,경상남도 사천시,PQ,600000000,603880500,100.64675,동해+우신,97.79,516823000,100.177,N
R25BK01142954 - 000,20251110,사천 우주항공복합도시 도시개발사업 전략환경영향평가 및 기후변화영향평가 용역,경상남도 사천시,PQ,600000000,603880500,100.64675,세광+제일+우리,97.75,515867000,99.98,N
R25BK01142954 - 000,20251110,사천 우주항공복합도시 도시개발사업 전략환경영향평가 및 기후변화영향평가 용역,경상남도 사천시,PQ,600000000,603880500,100.64675,유신+한성+대현,97.73,520441000,100.8665,N
R25BK01142954 - 000,20251110,사천 우주항공복합도시 도시개발사업 전략환경영향평가 및 기후변화영향평가 용역,경상남도 사천시,PQ,600000000,603880500,100.64675,다산+조은,97.71,521707000,101.1001,N
R25BK01142954 - 000,20251110,사천 우주항공복합도시 도시개발사업 전략환경영향평가 및 기후변화영향평가 용역,경상남도 사천시,PQ,600000000,603880500,100.64675,삼영+누리,97.7,513900000,99.5872,N
R25BK01142954 - 000,20251110,사천 우주항공복합도시 도시개발사업 전략환경영향평가 및 기후변화영향평가 용역,경상남도 사천시,PQ,600000000,603880500,100.64675,한종+대영+마린,97.7,520150000,100.7984,N
R25BK01142954 - 000,20251110,사천 우주항공복합도시 도시개발사업 전략환경영향평가 및 기후변화영향평가 용역,경상남도 사천시,PQ,600000000,603880500,100.64675,동성+더원,97.66,510774000,98.9699,N
R25BK01142954 - 000,20251110,사천 우주항공복합도시 도시개발사업 전략환경영향평가 및 기후변화영향평가 용역,경상남도 사천시,PQ,600000000,603880500,100.64675,홍익+이지엔,97.66,512993000,99.3999,N
R25BK01142954 - 000,20251110,사천 우주항공복합도시 도시개발사업 전략환경영향평가 및 기후변화영향평가 용역,경상남도 사천시,PQ,600000000,603880500,100.64675,동부+건일+HD,97.65,519497000,100.6602,N
R25BK01142954 - 000,20251110,사천 우주항공복합도시 도시개발사업 전략환경영향평가 및 기후변화영향평가 용역,경상남도 사천시,PQ,600000000,603880500,100.64675,경동+한올+삼안+장원,97.64,513197000,99.4394,N
R25BK01142954 - 000,20251110,사천 우주항공복합도시 도시개발사업 전략환경영향평가 및 기후변화영향평가 용역,경상남도 사천시,PQ,600000000,603880500,100.64675,선진+화성,97.64,515778000,99.9395,N
R25BK01142954 - 000,20251110,사천 우주항공복합도시 도시개발사업 전략환경영향평가 및 기후변화영향평가 용역,경상남도 사천시,PQ,600000000,603880500,100.64675,신성+경상+DS,97.63,512380000,99.2696,N
R25BK01142954 - 000,20251110,사천 우주항공복합도시 도시개발사업 전략환경영향평가 및 기후변화영향평가 용역,경상남도 사천시,PQ,600000000,603880500,100.64675,서영+삼우환경+(주)우신,97.59,512340000,99.2503,N
R25BK01142954 - 000,20251110,사천 우주항공복합도시 도시개발사업 전략환경영향평가 및 기후변화영향평가 용역,경상남도 사천시,PQ,600000000,603880500,100.64675,이산+용두+KCI,97.59,510470000,98.888,N
R25BK01142954 - 000,20251110,사천 우주항공복합도시 도시개발사업 전략환경영향평가 및 기후변화영향평가 용역,경상남도 사천시,PQ,600000000,603880500,100.64675,동명+HK,97.56,529000000,102.4777,N
R25BK01142954 - 000,20251110,사천 우주항공복합도시 도시개발사업 전략환경영향평가 및 기후변화영향평가 용역,경상남도 사천시,PQ,600000000,603880500,100.64675,화신+수+SD,97.23,510844000,98.88,N
R25BK01143251 - 000,20251110,동구 노후하수관로 정비사업(2차-안심) 실시설계용역,대구광역시 동구,PQ,657842000,652870425,99.24426002,도화+대성ENC,99.85,561000000,99.7005,N
R25BK01143251 - 000,20251110,동구 노후하수관로 정비사업(2차-안심) 실시설계용역,대구광역시 동구,PQ,657842000,652870425,99.24426002,삼안+아인,99.69,561880000,99.8219,N
R25BK01143251 - 000,20251110,동구 노후하수관로 정비사업(2차-안심) 실시설계용역,대구광역시 동구,PQ,657842000,652870425,99.24426002,한종+씨이엠,99.62,566400000,100.6014,N
R25BK01143251 - 000,20251110,동구 노후하수관로 정비사업(2차-안심) 실시설계용역,대구광역시 동구,PQ,657842000,652870425,99.24426002,선진+태산,99.38,562737000,99.8924,N
R25BK01143251 - 000,20251110,동구 노후하수관로 정비사업(2차-안심) 실시설계용역,대구광역시 동구,PQ,657842000,652870425,99.24426002,이산+유성이앤씨,99.3,568794000,100.944,N
R25BK01143251 - 000,20251110,동구 노후하수관로 정비사업(2차-안심) 실시설계용역,대구광역시 동구,PQ,657842000,652870425,99.24426002,동명+진성,99.12,560800000,99.4789,Y
R25BK01143251 - 000,20251110,동구 노후하수관로 정비사업(2차-안심) 실시설계용역,대구광역시 동구,PQ,657842000,652870425,99.24426002,제일+가람,98.93,559500000,99.202,N
R25BK01143251 - 000,20251110,동구 노후하수관로 정비사업(2차-안심) 실시설계용역,대구광역시 동구,PQ,657842000,652870425,99.24426002,건화+KEC(테크피아),98.9,568800000,100.8392,N
R25BK01143251 - 000,20251110,동구 노후하수관로 정비사업(2차-안심) 실시설계용역,대구광역시 동구,PQ,657842000,652870425,99.24426002,범한+세운,98.48,571000000,101.123,N
R25BK01143251 - 000,20251110,동구 노후하수관로 정비사업(2차-안심) 실시설계용역,대구광역시 동구,PQ,657842000,652870425,99.24426002,동해+유성+경동,98.31,560570000,99.2297,N
R25BK01143251 - 000,20251110,동구 노후하수관로 정비사업(2차-안심) 실시설계용역,대구광역시 동구,PQ,657842000,652870425,99.24426002,정+상진,97.27,573688000,101.2805,N
R25BK01143251 - 000,20251110,동구 노후하수관로 정비사업(2차-안심) 실시설계용역,대구광역시 동구,PQ,657842000,652870425,99.24426002,화신+화성,97.13,558983000,98.6501,N
R25BK01143251 - 000,20251110,동구 노후하수관로 정비사업(2차-안심) 실시설계용역,대구광역시 동구,PQ,657842000,652870425,99.24426002,KG+서진,96.88,574270000,101.2891,N
R25BK01143251 - 000,20251110,동구 노후하수관로 정비사업(2차-안심) 실시설계용역,대구광역시 동구,PQ,657842000,652870425,99.24426002,수성+유솔,96.32,585480000,103.1228,N
R25BK01138802-000,20251110,정선군 생활폐기물 처리시설 설치사업 전략환경영향평가 및 기후변화영향평가 용역,강원특별자치도 정선군,PQ,427100000,425383125,99.59801569,경동+중천+홍익,98.68,372187000,100.3198,N
R25BK01138802-000,20251110,정선군 생활폐기물 처리시설 설치사업 전략환경영향평가 및 기후변화영향평가 용역,강원특별자치도 정선군,PQ,427100000,425383125,99.59801569,세일+선진+KEE,98.41,372124000,100.2798,N
R25BK01138802-000,20251110,정선군 생활폐기물 처리시설 설치사업 전략환경영향평가 및 기후변화영향평가 용역,강원특별자치도 정선군,PQ,427100000,425383125,99.59801569,세광+동부+제일+그린환경,98.38,372755000,100.4498,N
R25BK01138802-000,20251110,정선군 생활폐기물 처리시설 설치사업 전략환경영향평가 및 기후변화영향평가 용역,강원특별자치도 정선군,PQ,427100000,425383125,99.59801569,동아+동서+가온,98.37,372211000,100.3032,N
R25BK01138802-000,20251110,정선군 생활폐기물 처리시설 설치사업 전략환경영향평가 및 기후변화영향평가 용역,강원특별자치도 정선군,PQ,427100000,425383125,99.59801569,경호+백두+경화,98.35,369930000,99.6771,Y
R25BK01138802-000,20251110,정선군 생활폐기물 처리시설 설치사업 전략환경영향평가 및 기후변화영향평가 용역,강원특별자치도 정선군,PQ,427100000,425383125,99.59801569,수성+해담,98.31,369193000,99.4785,N
R25BK01138802-000,20251110,정선군 생활폐기물 처리시설 설치사업 전략환경영향평가 및 기후변화영향평가 용역,강원특별자치도 정선군,PQ,427100000,425383125,99.59801569,이산+정+상평,98.31,368754000,99.3602,N
R25BK01138802-000,20251110,정선군 생활폐기물 처리시설 설치사업 전략환경영향평가 및 기후변화영향평가 용역,강원특별자치도 정선군,PQ,427100000,425383125,99.59801569,유신+화신+대한환경,98.3,373430000,100.6201,N
R25BK01138802-000,20251110,정선군 생활폐기물 처리시설 설치사업 전략환경영향평가 및 기후변화영향평가 용역,강원특별자치도 정선군,PQ,427100000,425383125,99.59801569,동명+자연과사람,98.27,367750000,99.0897,N
R25BK01138802-000,20251110,정선군 생활폐기물 처리시설 설치사업 전략환경영향평가 및 기후변화영향평가 용역,강원특별자치도 정선군,PQ,427100000,425383125,99.59801569,동성+한맥+피지,98.18,368759000,99.3501,N
R25BK01138802-000,20251110,정선군 생활폐기물 처리시설 설치사업 전략환경영향평가 및 기후변화영향평가 용역,강원특별자치도 정선군,PQ,427100000,425383125,99.59801569,한기+건화+우신,98.17,377990000,101.8371,N
R25BK01138802-000,20251110,정선군 생활폐기물 처리시설 설치사업 전략환경영향평가 및 기후변화영향평가 용역,강원특별자치도 정선군,PQ,427100000,425383125,99.59801569,도화+신일E,98.15,367450000,98.9974,N
R25BK01138802-000,20251110,정선군 생활폐기물 처리시설 설치사업 전략환경영향평가 및 기후변화영향평가 용역,강원특별자치도 정선군,PQ,427100000,425383125,99.59801569,다산+삼안+선진E,98.11,374370000,100.8502,N
R25BK01138802-000,20251110,정선군 생활폐기물 처리시설 설치사업 전략환경영향평가 및 기후변화영향평가 용역,강원특별자치도 정선군,PQ,427100000,425383125,99.59801569,동해+세현,98.09,368356000,99.2301,N
R25BK01138802-000,20251110,정선군 생활폐기물 처리시설 설치사업 전략환경영향평가 및 기후변화영향평가 용역,강원특별자치도 정선군,PQ,427100000,425383125,99.59801569,신성+효산+선진환경,97.84,369720000,99.5746,N
R25BK01138802-000,20251110,정선군 생활폐기물 처리시설 설치사업 전략환경영향평가 및 기후변화영향평가 용역,강원특별자치도 정선군,PQ,427100000,425383125,99.59801569,삼영+일신+지아이,97.52,378800000,101.9849,N
R25BK01138802-000,20251110,정선군 생활폐기물 처리시설 설치사업 전략환경영향평가 및 기후변화영향평가 용역,강원특별자치도 정선군,PQ,427100000,425383125,99.59801569,마린,97.51,368735000,99.2751,N
R25BK01143891-000,20251111,성남 바이오헬스 첨단클러스터 도시개발사업 조사설계용역,성남도시개발공사,PQ,1484780000,1470039925,99.00725528,KG+경화,99.8,1192095000,100.203,N
R25BK01143891-000,20251111,성남 바이오헬스 첨단클러스터 도시개발사업 조사설계용역,성남도시개발공사,PQ,1484780000,1470039925,99.00725528,건화+인토,99.62,1203280000,100.9919,N
R25BK01143891-000,20251111,성남 바이오헬스 첨단클러스터 도시개발사업 조사설계용역,성남도시개발공사,PQ,1484780000,1470039925,99.00725528,동명+DM,99.6,1186522000,99.573,N
R25BK01143891-000,20251111,성남 바이오헬스 첨단클러스터 도시개발사업 조사설계용역,성남도시개발공사,PQ,1484780000,1470039925,99.00725528,도화+한종,99.24,1185980000,99.2431,N
R25BK01143891-000,20251111,성남 바이오헬스 첨단클러스터 도시개발사업 조사설계용역,성남도시개발공사,PQ,1484780000,1470039925,99.00725528,경호+강호,99.2,1207200000,100.9812,N
R25BK01143891-000,20251111,성남 바이오헬스 첨단클러스터 도시개발사업 조사설계용역,성남도시개발공사,PQ,1484780000,1470039925,99.00725528,삼안+이솔,99.18,1184480000,99.0683,Y
R25BK01143891-000,20251111,성남 바이오헬스 첨단클러스터 도시개발사업 조사설계용역,성남도시개발공사,PQ,1484780000,1470039925,99.00725528,유신+선진,99.14,1209597000,101.1314,N
R25BK01143891-000,20251111,성남 바이오헬스 첨단클러스터 도시개발사업 조사설계용역,성남도시개발공사,PQ,1484780000,1470039925,99.00725528,경동+동부,98.83,1183580000,98.7233,N
R25BK01143891-000,20251111,성남 바이오헬스 첨단클러스터 도시개발사업 조사설계용역,성남도시개발공사,PQ,1484780000,1470039925,99.00725528,동일+이산,98.31,1227900000,101.9907,N
R25BK01143891-000,20251111,성남 바이오헬스 첨단클러스터 도시개발사업 조사설계용역,성남도시개발공사,PQ,1484780000,1470039925,99.00725528,서영+플랜웍스,97.3,1249000000,102.9308,N
R25BK01143891-000,20251111,성남 바이오헬스 첨단클러스터 도시개발사업 조사설계용역,성남도시개발공사,PQ,1484780000,1470039925,99.00725528,수성+용마,98.19,1365997000,110.6367,N
R25BK01144395-000,20251110,공단남부 하수도정비 중점관리지역 정비사업 건설사업관리 용역,경상북도 포항시 맑은물사업본부,PQ,4877000000,4881901450,100.1005013,동일+한주+태양+동강,100,3942800000,101.0623,Y
R25BK01144395-000,20251110,공단남부 하수도정비 중점관리지역 정비사업 건설사업관리 용역,경상북도 포항시 맑은물사업본부,PQ,4877000000,4881901450,100.1005013,한종+청우엔,99.31,3908000000,99.61,N
R25BK01144395-000,20251110,공단남부 하수도정비 중점관리지역 정비사업 건설사업관리 용역,경상북도 포항시 맑은물사업본부,PQ,4877000000,4881901450,100.1005013,동부+보원+반석,99.3,3889963000,99.1502,N
R25BK01144395-000,20251110,공단남부 하수도정비 중점관리지역 정비사업 건설사업관리 용역,경상북도 포항시 맑은물사업본부,PQ,4877000000,4881901450,100.1005013,동성+태성+극동,99.27,3962344000,100.97,N
R25BK01144395-000,20251110,공단남부 하수도정비 중점관리지역 정비사업 건설사업관리 용역,경상북도 포항시 맑은물사업본부,PQ,4877000000,4881901450,100.1005013,도화+세원+해동,99.25,3897300000,99.3002,N
R25BK01144395-000,20251110,공단남부 하수도정비 중점관리지역 정비사업 건설사업관리 용역,경상북도 포항시 맑은물사업본부,PQ,4877000000,4881901450,100.1005013,동명+동진,99.25,3987000000,101.5857,N
R25BK01144395-000,20251110,공단남부 하수도정비 중점관리지역 정비사업 건설사업관리 용역,경상북도 포항시 맑은물사업본부,PQ,4877000000,4881901450,100.1005013,KG+청명+KSM,99.22,3952430000,100.6798,N
R25BK01144395-000,20251110,공단남부 하수도정비 중점관리지역 정비사업 건설사업관리 용역,경상북도 포항시 맑은물사업본부,PQ,4877000000,4881901450,100.1005013,경동+강산,98.63,3884998000,98.4972,N
R25BK01144395-000,20251110,공단남부 하수도정비 중점관리지역 정비사업 건설사업관리 용역,경상북도 포항시 맑은물사업본부,PQ,4877000000,4881901450,100.1005013,삼안+한도,98.63,3891470000,98.6613,N
R25BK01144395-000,20251110,공단남부 하수도정비 중점관리지역 정비사업 건설사업관리 용역,경상북도 포항시 맑은물사업본부,PQ,4877000000,4881901450,100.1005013,대콘+동아,98.61,4010244000,101.66,N
R25BK01144395-000,20251110,공단남부 하수도정비 중점관리지역 정비사업 건설사업관리 용역,경상북도 포항시 맑은물사업본부,PQ,4877000000,4881901450,100.1005013,다산+유신,98.6,3988647000,101.1,N
R25BK01144395-000,20251110,공단남부 하수도정비 중점관리지역 정비사업 건설사업관리 용역,경상북도 포항시 맑은물사업본부,PQ,4877000000,4881901450,100.1005013,수성+보람,98.4,4000192000,101.23,N
R25BK01144395-000,20251110,공단남부 하수도정비 중점관리지역 정비사업 건설사업관리 용역,경상북도 포항시 맑은물사업본부,PQ,4877000000,4881901450,100.1005013,건화+명성+새론,98.34,4024000000,101.7822,N
R25BK01144395-000,20251110,공단남부 하수도정비 중점관리지역 정비사업 건설사업관리 용역,경상북도 포항시 맑은물사업본부,PQ,4877000000,4881901450,100.1005013,선진+HD+동서,98.19,4022548000,101.6326,N
R25BK01144395-000,20251110,공단남부 하수도정비 중점관리지역 정비사업 건설사업관리 용역,경상북도 포항시 맑은물사업본부,PQ,4877000000,4881901450,100.1005013,제일+KCI+범한,98.15,4038600000,102.0005,N
R25BK01144395-000,20251110,공단남부 하수도정비 중점관리지역 정비사업 건설사업관리 용역,경상북도 포항시 맑은물사업본부,PQ,4877000000,4881901450,100.1005013,경원+주하+한올,98.1,4050000000,102.2506,N
R25BK01144395-000,20251110,공단남부 하수도정비 중점관리지역 정비사업 건설사업관리 용역,경상북도 포항시 맑은물사업본부,PQ,4877000000,4881901450,100.1005013,동해+중앙방재,98,4026290000,101.577,N
R25BK01144395-000,20251110,공단남부 하수도정비 중점관리지역 정비사업 건설사업관리 용역,경상북도 포항시 맑은물사업본부,PQ,4877000000,4881901450,100.1005013,서영+정수,97.95,4033000000,101.6962,N
R25BK01144395-000,20251110,공단남부 하수도정비 중점관리지역 정비사업 건설사업관리 용역,경상북도 포항시 맑은물사업본부,PQ,4877000000,4881901450,100.1005013,건일+우수,97.92,4034000000,101.6964,N
R25BK01142770-000,20251110,진촌항 개발사업 기본 및 실시설계용역,경상남도,PQ,676320000,677212775,100.1320048,수성+세일,99.49,581060000,100.3503,Y
R25BK01142770-000,20251110,진촌항 개발사업 기본 및 실시설계용역,경상남도,PQ,676320000,677212775,100.1320048,삼안+혜인,98.12,579458000,99.7242,N
R25BK01142770-000,20251110,진촌항 개발사업 기본 및 실시설계용역,경상남도,PQ,676320000,677212775,100.1320048,유신+로텍+제일,97.98,585489000,100.727,N
R25BK01142770-000,20251110,진촌항 개발사업 기본 및 실시설계용역,경상남도,PQ,676320000,677212775,100.1320048,건화+한성,97.85,584400000,100.5046,N
R25BK01142770-000,20251110,진촌항 개발사업 기본 및 실시설계용역,경상남도,PQ,676320000,677212775,100.1320048,도화+금성,97.8,578870000,99.5419,N
R25BK01142770-000,20251110,진촌항 개발사업 기본 및 실시설계용역,경상남도,PQ,676320000,677212775,100.1320048,한종+KSM,97.74,584600000,100.5156,N
R25BK01142770-000,20251110,진촌항 개발사업 기본 및 실시설계용역,경상남도,PQ,676320000,677212775,100.1320048,대영+동명,97.66,586400000,100.8016,N
R25BK01142770-000,20251110,진촌항 개발사업 기본 및 실시설계용역,경상남도,PQ,676320000,677212775,100.1320048,세광+경화,97.46,580770000,99.7874,N
R25BK01142770-000,20251110,진촌항 개발사업 기본 및 실시설계용역,경상남도,PQ,676320000,677212775,100.1320048,서영+경남,97.32,586600000,100.754,N
R25BK01142770-000,20251110,진촌항 개발사업 기본 및 실시설계용역,경상남도,PQ,676320000,677212775,100.1320048,항도+하나,97.09,584572000,100.3358,N
R25BK01142770-000,20251110,진촌항 개발사업 기본 및 실시설계용역,경상남도,PQ,676320000,677212775,100.1320048,한항+창미,96.95,586168000,100.5747,N
R25BK01142770-000,20251110,진촌항 개발사업 기본 및 실시설계용역,경상남도,PQ,676320000,677212775,100.1320048,아라+신화,96.8,576608000,98.8999,N
R25BK01142770-000,20251110,진촌항 개발사업 기본 및 실시설계용역,경상남도,PQ,676320000,677212775,100.1320048,건일+정림,96.6,593190000,101.6969,N
R25BK01142770-000,20251110,진촌항 개발사업 기본 및 실시설계용역,경상남도,PQ,676320000,677212775,100.1320048,연항+서화,95.82,597854000,102.2949,N
R25BK01144117-000,20251110,평도지구 농어촌 마을하수도 증설사업 등 3건 통합건설사업관리 용역,전라남도 구례군 상하수도사업소,PQ,3654893000,3663884100,100.2460017,삼안+만승+우리종합,99.93,2936647000,100.379,Y
R25BK01144117-000,20251110,평도지구 농어촌 마을하수도 증설사업 등 3건 통합건설사업관리 용역,전라남도 구례군 상하수도사업소,PQ,3654893000,3663884100,100.2460017,홍익+강남+하나,99.73,2918091000,99.583,N
R25BK01144117-000,20251110,평도지구 농어촌 마을하수도 증설사업 등 3건 통합건설사업관리 용역,전라남도 구례군 상하수도사업소,PQ,3654893000,3663884100,100.2460017,도화+동아,99.53,2970570000,101.2098,N
R25BK01144117-000,20251110,평도지구 농어촌 마을하수도 증설사업 등 3건 통합건설사업관리 용역,전라남도 구례군 상하수도사업소,PQ,3654893000,3663884100,100.2460017,동해+지아이,98.63,2916490000,98.6669,N
R25BK01144117-000,20251110,평도지구 농어촌 마을하수도 증설사업 등 3건 통합건설사업관리 용역,전라남도 구례군 상하수도사업소,PQ,3654893000,3663884100,100.2460017,서영+건영,98.63,2998760000,101.4502,N
R25BK01144117-000,20251110,평도지구 농어촌 마을하수도 증설사업 등 3건 통합건설사업관리 용역,전라남도 구례군 상하수도사업소,PQ,3654893000,3663884100,100.2460017,한종+신화기술,98.62,2915500000,98.6212,N
R25BK01144117-000,20251110,평도지구 농어촌 마을하수도 증설사업 등 3건 통합건설사업관리 용역,전라남도 구례군 상하수도사업소,PQ,3654893000,3663884100,100.2460017,동명+건주+정,98.61,2913100000,98.54,N
R25BK01144117-000,20251110,평도지구 농어촌 마을하수도 증설사업 등 3건 통합건설사업관리 용역,전라남도 구례군 상하수도사업소,PQ,3654893000,3663884100,100.2460017,경원+서진,98.57,2915077700,98.5704,N
R25BK01144117-000,20251110,평도지구 농어촌 마을하수도 증설사업 등 3건 통합건설사업관리 용역,전라남도 구례군 상하수도사업소,PQ,3654893000,3663884100,100.2460017,동일+율산,98.57,3001000000,101.4758,N
R25BK01144117-000,20251110,평도지구 농어촌 마을하수도 증설사업 등 3건 통합건설사업관리 용역,전라남도 구례군 상하수도사업소,PQ,3654893000,3663884100,100.2460017,동부+영진,98.54,2912239000,98.4501,N
R25BK01144117-000,20251110,평도지구 농어촌 마을하수도 증설사업 등 3건 통합건설사업관리 용역,전라남도 구례군 상하수도사업소,PQ,3654893000,3663884100,100.2460017,대콘+해림,98.53,2999999900,101.4043,N
R25BK01144117-000,20251110,평도지구 농어촌 마을하수도 증설사업 등 3건 통합건설사업관리 용역,전라남도 구례군 상하수도사업소,PQ,3654893000,3663884100,100.2460017,경동+대현,98.5,2912357000,98.4297,N
R25BK01144117-000,20251110,평도지구 농어촌 마을하수도 증설사업 등 3건 통합건설사업관리 용역,전라남도 구례군 상하수도사업소,PQ,3654893000,3663884100,100.2460017,동성+원우+케이베츠,98.5,3012077000,101.8,N
R25BK01144117-000,20251110,평도지구 농어촌 마을하수도 증설사업 등 3건 통합건설사업관리 용역,전라남도 구례군 상하수도사업소,PQ,3654893000,3663884100,100.2460017,유신+한기,98.5,3011747000,101.7888,N
R25BK01144117-000,20251110,평도지구 농어촌 마을하수도 증설사업 등 3건 통합건설사업관리 용역,전라남도 구례군 상하수도사업소,PQ,3654893000,3663884100,100.2460017,제일+우영+청양,98.5,2906900000,98.2453,N
R25BK01144117-000,20251110,평도지구 농어촌 마을하수도 증설사업 등 3건 통합건설사업관리 용역,전라남도 구례군 상하수도사업소,PQ,3654893000,3663884100,100.2460017,건화+SJ+새론,98.49,2910000000,98.3379,N
R25BK01144117-000,20251110,평도지구 농어촌 마을하수도 증설사업 등 3건 통합건설사업관리 용역,전라남도 구례군 상하수도사업소,PQ,3654893000,3663884100,100.2460017,KSM+신오+한주,98.49,2908900000,98.3007,N
R25BK01144117-000,20251110,평도지구 농어촌 마을하수도 증설사업 등 3건 통합건설사업관리 용역,전라남도 구례군 상하수도사업소,PQ,3654893000,3663884100,100.2460017,건일+하이콘,98.47,2994500000,101.1809,N
R25BK01144117-000,20251110,평도지구 농어촌 마을하수도 증설사업 등 3건 통합건설사업관리 용역,전라남도 구례군 상하수도사업소,PQ,3654893000,3663884100,100.2460017,장강+이산,98.47,3012821500,101.8,N
R25BK01144117-000,20251110,평도지구 농어촌 마을하수도 증설사업 등 3건 통합건설사업관리 용역,전라남도 구례군 상하수도사업소,PQ,3654893000,3663884100,100.2460017,KCI+강부+정원,98.44,2906400000,98.1799,N
R25BK01144117-000,20251110,평도지구 농어촌 마을하수도 증설사업 등 3건 통합건설사업관리 용역,전라남도 구례군 상하수도사업소,PQ,3654893000,3663884100,100.2460017,신명+광장,98.4,2917000000,98.5015,N
R25BK01144117-000,20251110,평도지구 농어촌 마을하수도 증설사업 등 3건 통합건설사업관리 용역,전라남도 구례군 상하수도사업소,PQ,3654893000,3663884100,100.2460017,수성+혜성,98.37,3018400000,101.9004,N
R25BK01144117-000,20251110,평도지구 농어촌 마을하수도 증설사업 등 3건 통합건설사업관리 용역,전라남도 구례군 상하수도사업소,PQ,3654893000,3663884100,100.2460017,다산+대명,98.36,3216400000,108.5848,N
R25BK01144340-000,20251110,두산 중블록 외 2개소 노후상수도관 정비사업 기본 및 실시설계용역,강원특별자치도 강릉시 상하수도사업소,PQ,2173690000,2145687475,98.71175168,한종+일신+지케이+강일,99.48,1760200000,100.7998,N
R25BK01144340-000,20251110,두산 중블록 외 2개소 노후상수도관 정비사업 기본 및 실시설계용역,강원특별자치도 강릉시 상하수도사업소,PQ,2173690000,2145687475,98.71175168,도화+삼주+동남E,98.1,1751300000,99.2034,N
R25BK01144340-000,20251110,두산 중블록 외 2개소 노후상수도관 정비사업 기본 및 실시설계용역,강원특별자치도 강릉시 상하수도사업소,PQ,2173690000,2145687475,98.71175168,KG+진화,97.82,1752640000,99.0598,N
R25BK01144340-000,20251110,두산 중블록 외 2개소 노후상수도관 정비사업 기본 및 실시설계용역,강원특별자치도 강릉시 상하수도사업소,PQ,2173690000,2145687475,98.71175168,제일+현산+다산,97.74,1786300000,100.9003,N
R25BK01144340-000,20251110,두산 중블록 외 2개소 노후상수도관 정비사업 기본 및 실시설계용역,강원특별자치도 강릉시 상하수도사업소,PQ,2173690000,2145687475,98.71175168,동해+경원,97.7,1747566000,98.676,N
R25BK01144340-000,20251110,두산 중블록 외 2개소 노후상수도관 정비사업 기본 및 실시설계용역,강원특별자치도 강릉시 상하수도사업소,PQ,2173690000,2145687475,98.71175168,이산+대성,97.7,1751000000,98.8699,Y
R25BK01144340-000,20251110,두산 중블록 외 2개소 노후상수도관 정비사업 기본 및 실시설계용역,강원특별자치도 강릉시 상하수도사업소,PQ,2173690000,2145687475,98.71175168,건화+정(삼정),97.6,1792600000,101.1444,N
R25BK01144340-000,20251110,두산 중블록 외 2개소 노후상수도관 정비사업 기본 및 실시설계용역,강원특별자치도 강릉시 상하수도사업소,PQ,2173690000,2145687475,98.71175168,동명+DM,97.6,1747400000,98.594,N
R25BK01144340-000,20251110,두산 중블록 외 2개소 노후상수도관 정비사업 기본 및 실시설계용역,강원특별자치도 강릉시 상하수도사업소,PQ,2173690000,2145687475,98.71175168,범한+동성+한울,97.6,1748770000,98.6713,N
R25BK01144340-000,20251110,두산 중블록 외 2개소 노후상수도관 정비사업 기본 및 실시설계용역,강원특별자치도 강릉시 상하수도사업소,PQ,2173690000,2145687475,98.71175168,경호+바셈,97.5,1746400000,98.4652,N
R25BK01144340-000,20251110,두산 중블록 외 2개소 노후상수도관 정비사업 기본 및 실시설계용역,강원특별자치도 강릉시 상하수도사업소,PQ,2173690000,2145687475,98.71175168,삼안+고려+동일,97.5,1797400000,101.3406,N
R25BK01144340-000,20251110,두산 중블록 외 2개소 노후상수도관 정비사업 기본 및 실시설계용역,강원특별자치도 강릉시 상하수도사업소,PQ,2173690000,2145687475,98.71175168,홍익+서광,97.5,1745245000,98.4,N
R25BK01144340-000,20251110,두산 중블록 외 2개소 노후상수도관 정비사업 기본 및 실시설계용역,강원특별자치도 강릉시 상하수도사업소,PQ,2173690000,2145687475,98.71175168,화신+유신,97.5,1748440000,98.5802,N
R25BK01144340-000,20251110,두산 중블록 외 2개소 노후상수도관 정비사업 기본 및 실시설계용역,강원특별자치도 강릉시 상하수도사업소,PQ,2173690000,2145687475,98.71175168,수성+(주)동해,97.4,1796979000,101.23,N
R25BK01144340-000,20251110,두산 중블록 외 2개소 노후상수도관 정비사업 기본 및 실시설계용역,강원특별자치도 강릉시 상하수도사업소,PQ,2173690000,2145687475,98.71175168,태조+한주+정민+제이엠,97.4,1744966000,98.3,N
R25BK01144340-000,20251110,두산 중블록 외 2개소 노후상수도관 정비사업 기본 및 실시설계용역,강원특별자치도 강릉시 상하수도사업소,PQ,2173690000,2145687475,98.71175168,선진+삼경,97.3,1806198000,101.6747,N
R25BK01144340-000,20251110,두산 중블록 외 2개소 노후상수도관 정비사업 기본 및 실시설계용역,강원특별자치도 강릉시 상하수도사업소,PQ,2173690000,2145687475,98.71175168,국성+영화+경진,97.14,1745752000,98.14,N
R25BK01144340-000,20251110,두산 중블록 외 2개소 노후상수도관 정비사업 기본 및 실시설계용역,강원특별자치도 강릉시 상하수도사업소,PQ,2173690000,2145687475,98.71175168,동아+정원+KCI,97.1,1804165000,101.3989,N
R25BK01144340-000,20251110,두산 중블록 외 2개소 노후상수도관 정비사업 기본 및 실시설계용역,강원특별자치도 강릉시 상하수도사업소,PQ,2173690000,2145687475,98.71175168,HEC+청솔,97.1,1811300000,101.8,N
R25BK01144340-000,20251110,두산 중블록 외 2개소 노후상수도관 정비사업 기본 및 실시설계용역,강원특별자치도 강릉시 상하수도사업소,PQ,2173690000,2145687475,98.71175168,경동+미래,97,1744759000,97.9883,N
R25BK01144340-000,20251110,두산 중블록 외 2개소 노후상수도관 정비사업 기본 및 실시설계용역,강원특별자치도 강릉시 상하수도사업소,PQ,2173690000,2145687475,98.71175168,드림+한국+신화,97,1747900000,98.1647,N
예산국토관리사무소 공고 제2025-496호,20251111,예산국토 제2권역 도로관리사업 통합건설사업관리용역,대전지방국토관리청 예산국토관리사무소,SOQ,3500000000,3498670000,99.962,동명+한종+동해,98.92,2929500000,103.4291,Y
예산국토관리사무소 공고 제2025-496호,20251111,예산국토 제2권역 도로관리사업 통합건설사업관리용역,대전지방국토관리청 예산국토관리사무소,SOQ,3500000000,3498670000,99.962,서영,95.68,2935400000,102.0001,N
R25BK01145606-000,20251111,임실군 가축분뇨공공처리시설 증설사업 건설사업관리 용역,전북특별자치도 임실군,PQ,2960683000,2971363700,100.3607512,도화+새움,99.27,2394100000,100.4947,Y
R25BK01145606-000,20251111,임실군 가축분뇨공공처리시설 증설사업 건설사업관리 용역,전북특별자치도 임실군,PQ,2960683000,2971363700,100.3607512,건화+새롬,99.02,2381080000,99.7499,N
R25BK01145606-000,20251111,임실군 가축분뇨공공처리시설 증설사업 건설사업관리 용역,전북특별자치도 임실군,PQ,2960683000,2971363700,100.3607512,삼안+세화,98.99,2378530000,99.6183,N
R25BK01145606-000,20251111,임실군 가축분뇨공공처리시설 증설사업 건설사업관리 용역,전북특별자치도 임실군,PQ,2960683000,2971363700,100.3607512,동명+더한,98.9,2425260000,101.5,N
R25BK01145606-000,20251111,임실군 가축분뇨공공처리시설 증설사업 건설사업관리 용역,전북특별자치도 임실군,PQ,2960683000,2971363700,100.3607512,KG+성광,98.86,2374710000,99.3598,N
R25BK01145606-000,20251111,임실군 가축분뇨공공처리시설 증설사업 건설사업관리 용역,전북특별자치도 임실군,PQ,2960683000,2971363700,100.3607512,한종+태영기술,98.79,2372440000,99.2034,N
R25BK01145606-000,20251111,임실군 가축분뇨공공처리시설 증설사업 건설사업관리 용역,전북특별자치도 임실군,PQ,2960683000,2971363700,100.3607512,경호+국성,98.65,2452000000,102.416,N
R25BK01145606-000,20251111,임실군 가축분뇨공공처리시설 증설사업 건설사업관리 용역,전북특별자치도 임실군,PQ,2960683000,2971363700,100.3607512,범한+가온,98.6,2368400000,98.8875,N
R25BK01147300-000,20251111,구미시 소하천정비종합계획 재수립 전략환경영향평가(기후변화영향평가) 용역,경상북도 구미시,PQ,1277000000,1285501675,100.6657537,한종+동진+한국환경평가,98.77,1035500000,100.3757,N
R25BK01147300-000,20251111,구미시 소하천정비종합계획 재수립 전략환경영향평가(기후변화영향평가) 용역,경상북도 구미시,PQ,1277000000,1285501675,100.6657537,동명+한도+전진,98.6,1042300000,100.8974,Y
R25BK01147300-000,20251111,구미시 소하천정비종합계획 재수립 전략환경영향평가(기후변화영향평가) 용역,경상북도 구미시,PQ,1277000000,1285501675,100.6657537,서영+세명,98.31,1030900000,99.5601,N
R25BK01147300-000,20251111,구미시 소하천정비종합계획 재수립 전략환경영향평가(기후변화영향평가) 용역,경상북도 구미시,PQ,1277000000,1285501675,100.6657537,동부+건일+정도,98.3,1030590000,99.5301,N
R25BK01147300-000,20251111,구미시 소하천정비종합계획 재수립 전략환경영향평가(기후변화영향평가) 용역,경상북도 구미시,PQ,1277000000,1285501675,100.6657537,극동+경동+신일환경,98.29,1043453000,100.7599,N
R25BK01147300-000,20251111,구미시 소하천정비종합계획 재수립 전략환경영향평가(기후변화영향평가) 용역,경상북도 구미시,PQ,1277000000,1285501675,100.6657537,동아+SD+현대이앤씨,98.29,1031156000,99.5725,N
R25BK01147300-000,20251111,구미시 소하천정비종합계획 재수립 전략환경영향평가(기후변화영향평가) 용역,경상북도 구미시,PQ,1277000000,1285501675,100.6657537,건화+세기+대한,98.26,1030400000,99.475,N
R25BK01147300-000,20251111,구미시 소하천정비종합계획 재수립 전략환경영향평가(기후변화영향평가) 용역,경상북도 구미시,PQ,1277000000,1285501675,100.6657537,경호+DH+이음,98.25,1045880000,100.9694,N
R25BK01147300-000,20251111,구미시 소하천정비종합계획 재수립 전략환경영향평가(기후변화영향평가) 용역,경상북도 구미시,PQ,1277000000,1285501675,100.6657537,다산+신성+토우,98.24,1041665000,100.5501,N
R25BK01147300-000,20251111,구미시 소하천정비종합계획 재수립 전략환경영향평가(기후변화영향평가) 용역,경상북도 구미시,PQ,1277000000,1285501675,100.6657537,대영+정솔+세일,98.24,1047800000,101.1423,N
R25BK01147300-000,20251111,구미시 소하천정비종합계획 재수립 전략환경영향평가(기후변화영향평가) 용역,경상북도 구미시,PQ,1277000000,1285501675,100.6657537,동성+마린,98.24,1044877000,100.8601,N
R25BK01147300-000,20251111,구미시 소하천정비종합계획 재수립 전략환경영향평가(기후변화영향평가) 용역,경상북도 구미시,PQ,1277000000,1285501675,100.6657537,세광+제일+다올,98.24,1029230000,99.3498,N
R25BK01147300-000,20251111,구미시 소하천정비종합계획 재수립 전략환경영향평가(기후변화영향평가) 용역,경상북도 구미시,PQ,1277000000,1285501675,100.6657537,수성+엔탑,98.24,1025000000,98.9414,N
R25BK01147300-000,20251111,구미시 소하천정비종합계획 재수립 전략환경영향평가(기후변화영향평가) 용역,경상북도 구미시,PQ,1277000000,1285501675,100.6657537,한맥+장원,98.24,1029880000,99.4125,N
R25BK01147300-000,20251111,구미시 소하천정비종합계획 재수립 전략환경영향평가(기후변화영향평가) 용역,경상북도 구미시,PQ,1277000000,1285501675,100.6657537,홍익+이에프,98.24,1022498000,98.6999,N
R25BK01147300-000,20251111,구미시 소하천정비종합계획 재수립 전략환경영향평가(기후변화영향평가) 용역,경상북도 구미시,PQ,1277000000,1285501675,100.6657537,KCI+선진+이산,98.24,1030800000,99.5013,N
R25BK01147300-000,20251111,구미시 소하천정비종합계획 재수립 전략환경영향평가(기후변화영향평가) 용역,경상북도 구미시,PQ,1277000000,1285501675,100.6657537,경화+아라+대종,98.23,1028116000,99.23,N
R25BK01147300-000,20251111,구미시 소하천정비종합계획 재수립 전략환경영향평가(기후변화영향평가) 용역,경상북도 구미시,PQ,1277000000,1285501675,100.6657537,도화+한국환평,98.23,1030780000,99.4871,N
R25BK01147300-000,20251111,구미시 소하천정비종합계획 재수립 전략환경영향평가(기후변화영향평가) 용역,경상북도 구미시,PQ,1277000000,1285501675,100.6657537,삼안+명보+유신,98.2,1050170000,101.3336,N
R25BK01147300-000,20251111,구미시 소하천정비종합계획 재수립 전략환경영향평가(기후변화영향평가) 용역,경상북도 구미시,PQ,1277000000,1285501675,100.6657537,동해+세진,98.11,1024320000,98.7784,N
R25BK01147300-000,20251111,구미시 소하천정비종합계획 재수립 전략환경영향평가(기후변화영향평가) 용역,경상북도 구미시,PQ,1277000000,1285501675,100.6657537,DS+세원+우신,98.05,1055136000,101.7,N
R25BK01147300-000,20251111,구미시 소하천정비종합계획 재수립 전략환경영향평가(기후변화영향평가) 용역,경상북도 구미시,PQ,1277000000,1285501675,100.6657537,KG+세신+동일,97.98,1053710000,101.5001,N
R25BK01147830-002,20251111,서방천 배수분구 하수도정비 중점관리사업 기본 및 실시설계용역,광주광역시 북구,PQ,2679000000,2715427750,101.3597518,동명+원우+우리종합,98.89,2179700000,100.8021,N
R25BK01147830-002,20251111,서방천 배수분구 하수도정비 중점관리사업 기본 및 실시설계용역,광주광역시 북구,PQ,2679000000,2715427750,101.3597518,삼안+한기,98.01,2167440000,99.5445,N
R25BK01147830-002,20251111,서방천 배수분구 하수도정비 중점관리사업 기본 및 실시설계용역,광주광역시 북구,PQ,2679000000,2715427750,101.3597518,유신+우영+한종,97.74,2202478000,100.9426,N
R25BK01147830-002,20251111,서방천 배수분구 하수도정비 중점관리사업 기본 및 실시설계용역,광주광역시 북구,PQ,2679000000,2715427750,101.3597518,KG+장강,97.5,2164500000,99.0196,N
R25BK01147830-002,20251111,서방천 배수분구 하수도정비 중점관리사업 기본 및 실시설계용역,광주광역시 북구,PQ,2679000000,2715427750,101.3597518,건화+동아(서진),97.44,2159780000,98.7553,N
R25BK01147830-002,20251111,서방천 배수분구 하수도정비 중점관리사업 기본 및 실시설계용역,광주광역시 북구,PQ,2679000000,2715427750,101.3597518,범한+하이콘,97.44,2165569000,99.02,N
R25BK01147830-002,20251111,서방천 배수분구 하수도정비 중점관리사업 기본 및 실시설계용역,광주광역시 북구,PQ,2679000000,2715427750,101.3597518,도화+만승+마인건축,97.38,2218580000,101.3942,Y
R25BK01147830-002,20251111,서방천 배수분구 하수도정비 중점관리사업 기본 및 실시설계용역,광주광역시 북구,PQ,2679000000,2715427750,101.3597518,이산+해림,97.38,2159720000,98.7042,N
R25BK01147830-002,20251111,서방천 배수분구 하수도정비 중점관리사업 기본 및 실시설계용역,광주광역시 북구,PQ,2679000000,2715427750,101.3597518,선진+건영,97.32,2219747000,101.3979,N
R25BK01147830-002,20251111,서방천 배수분구 하수도정비 중점관리사업 기본 및 실시설계용역,광주광역시 북구,PQ,2679000000,2715427750,101.3597518,제일+KSM+신화기술,97.26,2154900000,98.3875,N
R25BK01147830-002,20251111,서방천 배수분구 하수도정비 중점관리사업 기본 및 실시설계용역,광주광역시 북구,PQ,2679000000,2715427750,101.3597518,화신+영진+다산,97.26,2158240000,98.54,N
R25BK01147830-002,20251111,서방천 배수분구 하수도정비 중점관리사업 기본 및 실시설계용역,광주광역시 북구,PQ,2679000000,2715427750,101.3597518,경동+신오,97.2,2156446000,98.41,N
R25BK01147830-002,20251111,서방천 배수분구 하수도정비 중점관리사업 기본 및 실시설계용역,광주광역시 북구,PQ,2679000000,2715427750,101.3597518,수성+선우,96.9,2518260000,114.6551,N
R25BK01147484-001,20251111,금산군 수도정비 기본계획(변경) 및 상수도관망 기술진단 용역,충청남도 금산군,PQ,1470700000,1459044725,99.20750153,한종+정안+우리기술단,99.97,1186200000,100.8004,N
R25BK01147484-001,20251111,금산군 수도정비 기본계획(변경) 및 상수도관망 기술진단 용역,충청남도 금산군,PQ,1470700000,1459044725,99.20750153,도화+드림+더원,99.41,1175440000,99.4387,Y
R25BK01147484-001,20251111,금산군 수도정비 기본계획(변경) 및 상수도관망 기술진단 용역,충청남도 금산군,PQ,1470700000,1459044725,99.20750153,건화+수성E,99.4,1172780000,99.2013,N
R25BK01147484-001,20251111,금산군 수도정비 기본계획(변경) 및 상수도관망 기술진단 용역,충청남도 금산군,PQ,1470700000,1459044725,99.20750153,경동+용마,99.4,1180270000,99.8349,N
R25BK01147484-001,20251111,금산군 수도정비 기본계획(변경) 및 상수도관망 기술진단 용역,충청남도 금산군,PQ,1470700000,1459044725,99.20750153,KG+송현,99.4,1190260000,100.6799,N
R25BK01147484-001,20251111,금산군 수도정비 기본계획(변경) 및 상수도관망 기술진단 용역,충청남도 금산군,PQ,1470700000,1459044725,99.20750153,동명+KD,99.39,1172000000,99.123,N
R25BK01147484-001,20251111,금산군 수도정비 기본계획(변경) 및 상수도관망 기술진단 용역,충청남도 금산군,PQ,1470700000,1459044725,99.20750153,HEC+이룸+한영,99.39,1181190000,99.9003,N
R25BK01147484-001,20251111,금산군 수도정비 기본계획(변경) 및 상수도관망 기술진단 용역,충청남도 금산군,PQ,1470700000,1459044725,99.20750153,삼안+한맥,99.38,1170950000,99.0342,N
R25BK01147484-001,20251111,금산군 수도정비 기본계획(변경) 및 상수도관망 기술진단 용역,충청남도 금산군,PQ,1470700000,1459044725,99.20750153,화신+SR+장맥,99.38,1200460000,101.53,N
R25BK01147484-001,20251111,금산군 수도정비 기본계획(변경) 및 상수도관망 기술진단 용역,충청남도 금산군,PQ,1470700000,1459044725,99.20750153,부경+범한+유신+수성,97.74,1216360000,101.5485,N
R25BK01148864-000,20251112,국도25호 상주 신봉지구 위험도로 개량공사 실시설계용역,경상북도,PQ,785000000,784336700,99.91550318,극동,100,672410000,100.1899,N
R25BK01148864-000,20251112,국도25호 상주 신봉지구 위험도로 개량공사 실시설계용역,경상북도,PQ,785000000,784336700,99.91550318,장맥+해인,100,669120000,99.6997,N
R25BK01148864-000,20251112,국도25호 상주 신봉지구 위험도로 개량공사 실시설계용역,경상북도,PQ,785000000,784336700,99.91550318,한종+한도,100,671130000,99.9991,Y
R25BK01148864-000,20251112,국도25호 상주 신봉지구 위험도로 개량공사 실시설계용역,경상북도,PQ,785000000,784336700,99.91550318,건화+새론,99.8,668000000,99.4746,N
R25BK01148864-000,20251112,국도25호 상주 신봉지구 위험도로 개량공사 실시설계용역,경상북도,PQ,785000000,784336700,99.91550318,도화,99.8,675870000,100.6465,N
R25BK01148864-000,20251112,국도25호 상주 신봉지구 위험도로 개량공사 실시설계용역,경상북도,PQ,785000000,784336700,99.91550318,바우,99.8,669178000,99.65,N
R25BK01148864-000,20251112,국도25호 상주 신봉지구 위험도로 개량공사 실시설계용역,경상북도,PQ,785000000,784336700,99.91550318,이산+강산,99.8,675335800,100.567,N
R25BK01148864-000,20251112,국도25호 상주 신봉지구 위험도로 개량공사 실시설계용역,경상북도,PQ,785000000,784336700,99.91550318,홍익+온담,99.72,668320000,99.499,N
R25BK01148864-000,20251112,국도25호 상주 신봉지구 위험도로 개량공사 실시설계용역,경상북도,PQ,785000000,784336700,99.91550318,삼보+상금,99.68,676700000,100.7348,N
R25BK01148864-000,20251112,국도25호 상주 신봉지구 위험도로 개량공사 실시설계용역,경상북도,PQ,785000000,784336700,99.91550318,건일,99.5,666600000,99.1965,N
R25BK01148864-000,20251112,국도25호 상주 신봉지구 위험도로 개량공사 실시설계용역,경상북도,PQ,785000000,784336700,99.91550318,경동,99.5,676460000,100.6638,N
R25BK01148864-000,20251112,국도25호 상주 신봉지구 위험도로 개량공사 실시설계용역,경상북도,PQ,785000000,784336700,99.91550318,대콘,99.5,668049000,99.4122,N
R25BK01148864-000,20251112,국도25호 상주 신봉지구 위험도로 개량공사 실시설계용역,경상북도,PQ,785000000,784336700,99.91550318,동해+동진,99.5,667140000,99.2769,N
R25BK01148864-000,20251112,국도25호 상주 신봉지구 위험도로 개량공사 실시설계용역,경상북도,PQ,785000000,784336700,99.91550318,삼안+주하,99.5,676940000,100.7352,N
R25BK01148864-000,20251112,국도25호 상주 신봉지구 위험도로 개량공사 실시설계용역,경상북도,PQ,785000000,784336700,99.91550318,서영+반석,99.5,675030000,100.451,N
R25BK01148864-000,20251112,국도25호 상주 신봉지구 위험도로 개량공사 실시설계용역,경상북도,PQ,785000000,784336700,99.91550318,제일,99.5,666900000,99.2412,N
R25BK01148864-000,20251112,국도25호 상주 신봉지구 위험도로 개량공사 실시설계용역,경상북도,PQ,785000000,784336700,99.91550318,KCI+한맥,99.5,665000000,98.9584,N
R25BK01148864-000,20251112,국도25호 상주 신봉지구 위험도로 개량공사 실시설계용역,경상북도,PQ,785000000,784336700,99.91550318,동일+동강,99.45,667300000,99.2775,N
R25BK01148864-000,20251112,국도25호 상주 신봉지구 위험도로 개량공사 실시설계용역,경상북도,PQ,785000000,784336700,99.91550318,경호+명성,99.42,663150000,98.6601,N
R25BK01148864-000,20251112,국도25호 상주 신봉지구 위험도로 개량공사 실시설계용역,경상북도,PQ,785000000,784336700,99.91550318,보람+KG,99.4,668940000,99.5099,N
R25BK01148864-000,20251112,국도25호 상주 신봉지구 위험도로 개량공사 실시설계용역,경상북도,PQ,785000000,784336700,99.91550318,동부,99.3,665005000,98.9014,N
R25BK01148864-000,20251112,국도25호 상주 신봉지구 위험도로 개량공사 실시설계용역,경상북도,PQ,785000000,784336700,99.91550318,동성+DS,99.3,0,0,N
R25BK01148864-000,20251112,국도25호 상주 신봉지구 위험도로 개량공사 실시설계용역,경상북도,PQ,785000000,784336700,99.91550318,수성+청명,99.3,680070000,101.1419,N
R25BK01148864-000,20251112,국도25호 상주 신봉지구 위험도로 개량공사 실시설계용역,경상북도,PQ,785000000,784336700,99.91550318,유신+일신,99.2,665238000,98.913,N
R25BK01148864-000,20251112,국도25호 상주 신봉지구 위험도로 개량공사 실시설계용역,경상북도,PQ,785000000,784336700,99.91550318,다산+현산,99.18,665229000,98.9001,N
R25BK01148864-000,20251112,국도25호 상주 신봉지구 위험도로 개량공사 실시설계용역,경상북도,PQ,785000000,784336700,99.91550318,한기,99,681800000,101.3282,N
R25BK01148864-000,20251112,국도25호 상주 신봉지구 위험도로 개량공사 실시설계용역,경상북도,PQ,785000000,784336700,99.91550318,진우,98.7,686340000,101.9197,N
R25BK01148864-000,20251112,국도25호 상주 신봉지구 위험도로 개량공사 실시설계용역,경상북도,PQ,785000000,784336700,99.91550318,태조,98.6,686961000,101.9882,N
E012507976-1,20251112,남양주지역 전기공급시설 전력구공사[남양주분기(남양주-진건/와부)] 설계용역,한국전력공사 경인건설본부,PQ,1106072000,1101482381,99.58505242,건화+경화,100,884600000,99.9771,N
E012507976-1,20251112,남양주지역 전기공급시설 전력구공사[남양주분기(남양주-진건/와부)] 설계용역,한국전력공사 경인건설본부,PQ,1106072000,1101482381,99.58505242,대콘,100,885158000,100.0402,N
E012507976-1,20251112,남양주지역 전기공급시설 전력구공사[남양주분기(남양주-진건/와부)] 설계용역,한국전력공사 경인건설본부,PQ,1106072000,1101482381,99.58505242,도화,100,883680000,99.8732,N
E012507976-1,20251112,남양주지역 전기공급시설 전력구공사[남양주분기(남양주-진건/와부)] 설계용역,한국전력공사 경인건설본부,PQ,1106072000,1101482381,99.58505242,선진,100,885138000,100.0379,N
E012507976-1,20251112,남양주지역 전기공급시설 전력구공사[남양주분기(남양주-진건/와부)] 설계용역,한국전력공사 경인건설본부,PQ,1106072000,1101482381,99.58505242,신성+동명,100,882980000,99.794,N
E012507976-1,20251112,남양주지역 전기공급시설 전력구공사[남양주분기(남양주-진건/와부)] 설계용역,한국전력공사 경인건설본부,PQ,1106072000,1101482381,99.58505242,KG,100,882670000,99.759,Y
E012507976-1,20251112,남양주지역 전기공급시설 전력구공사[남양주분기(남양주-진건/와부)] 설계용역,한국전력공사 경인건설본부,PQ,1106072000,1101482381,99.58505242,태조+수성,99.3,900000000,101.0984,N
E012507976-1,20251112,남양주지역 전기공급시설 전력구공사[남양주분기(남양주-진건/와부)] 설계용역,한국전력공사 경인건설본부,PQ,1106072000,1101482381,99.58505242,삼안,99.19,899690000,100.9632,N
E012507976-1,20251112,남양주지역 전기공급시설 전력구공사[남양주분기(남양주-진건/와부)] 설계용역,한국전력공사 경인건설본부,PQ,1106072000,1101482381,99.58505242,제일,98.74,911900000,101.9411,N
R25BK01149043-000,20251112,속초시 조양처리분구 하수관로 정비사업 기본 및 실시설계용역,강원특별자치도 속초시 하수처리사업소,PQ,1500000000,1501406250,100.09375,삼안+정,99.98,1212640000,101.0344,Y
R25BK01149043-000,20251112,속초시 조양처리분구 하수관로 정비사업 기본 및 실시설계용역,강원특별자치도 속초시 하수처리사업소,PQ,1500000000,1501406250,100.09375,이산+강일+삼경,97.55,1210630000,98.9501,N
R25BK01149043-000,20251112,속초시 조양처리분구 하수관로 정비사업 기본 및 실시설계용역,강원특별자치도 속초시 하수처리사업소,PQ,1500000000,1501406250,100.09375,건화+경원(삼정),97.5,1209780000,98.8443,N
R25BK01149043-000,20251112,속초시 조양처리분구 하수관로 정비사업 기본 및 실시설계용역,강원특별자치도 속초시 하수처리사업소,PQ,1500000000,1501406250,100.09375,경호+바셈,97.5,1240600000,101.3624,N
R25BK01149043-000,20251112,속초시 조양처리분구 하수관로 정비사업 기본 및 실시설계용역,강원특별자치도 속초시 하수처리사업소,PQ,1500000000,1501406250,100.09375,도화+고려E,97.5,1240700000,101.3706,N
R25BK01149043-000,20251112,속초시 조양처리분구 하수관로 정비사업 기본 및 실시설계용역,강원특별자치도 속초시 하수처리사업소,PQ,1500000000,1501406250,100.09375,동명+DM,97.5,1240000000,101.3134,N
R25BK01149043-000,20251112,속초시 조양처리분구 하수관로 정비사업 기본 및 실시설계용역,강원특별자치도 속초시 하수처리사업소,PQ,1500000000,1501406250,100.09375,드림+한국+신화,97.5,1236550000,101.0315,N
R25BK01149043-000,20251112,속초시 조양처리분구 하수관로 정비사업 기본 및 실시설계용역,강원특별자치도 속초시 하수처리사업소,PQ,1500000000,1501406250,100.09375,범한+동서+한울,97.5,1211190000,98.9595,N
R25BK01149043-000,20251112,속초시 조양처리분구 하수관로 정비사업 기본 및 실시설계용역,강원특별자치도 속초시 하수처리사업소,PQ,1500000000,1501406250,100.09375,삼주+서영+동남,97.5,1239224000,101.25,N
R25BK01149043-000,20251112,속초시 조양처리분구 하수관로 정비사업 기본 및 실시설계용역,강원특별자치도 속초시 하수처리사업소,PQ,1500000000,1501406250,100.09375,한종+일신,97.5,1209200000,98.7969,N
R25BK01149043-000,20251112,속초시 조양처리분구 하수관로 정비사업 기본 및 실시설계용역,강원특별자치도 속초시 하수처리사업소,PQ,1500000000,1501406250,100.09375,홍익+서광,97.5,1238600000,101.199,N
R25BK01149043-000,20251112,속초시 조양처리분구 하수관로 정비사업 기본 및 실시설계용역,강원특별자치도 속초시 하수처리사업소,PQ,1500000000,1501406250,100.09375,화신+유신,97.5,1213190000,99.1229,N
R25BK01149043-000,20251112,속초시 조양처리분구 하수관로 정비사업 기본 및 실시설계용역,강원특별자치도 속초시 하수처리사업소,PQ,1500000000,1501406250,100.09375,HEC+청솔,97.5,1241000000,101.3951,N
R25BK01149043-000,20251112,속초시 조양처리분구 하수관로 정비사업 기본 및 실시설계용역,강원특별자치도 속초시 하수처리사업소,PQ,1500000000,1501406250,100.09375,선진+대성+JM,97.48,1236987000,101.0425,N
R25BK01149043-000,20251112,속초시 조양처리분구 하수관로 정비사업 기본 및 실시설계용역,강원특별자치도 속초시 하수처리사업소,PQ,1500000000,1501406250,100.09375,동해+정민+(주)동해,97.47,1212800000,99.0668,N
R25BK01149043-000,20251112,속초시 조양처리분구 하수관로 정비사업 기본 및 실시설계용역,강원특별자치도 속초시 하수처리사업소,PQ,1500000000,1501406250,100.09375,제일+현산+다산,97.45,1246500000,101.7946,N
R25BK01149043-000,20251112,속초시 조양처리분구 하수관로 정비사업 기본 및 실시설계용역,강원특별자치도 속초시 하수처리사업소,PQ,1500000000,1501406250,100.09375,국성+경진+영화,97.44,1208116000,98.66,N
R25BK01149043-000,20251112,속초시 조양처리분구 하수관로 정비사업 기본 및 실시설계용역,강원특별자치도 속초시 하수처리사업소,PQ,1500000000,1501406250,100.09375,경화+GK,97.42,1247500000,101.8513,N
R25BK01149043-000,20251112,속초시 조양처리분구 하수관로 정비사업 기본 및 실시설계용역,강원특별자치도 속초시 하수처리사업소,PQ,1500000000,1501406250,100.09375,수성+정원,97.42,1208535000,98.67,N
R25BK01149043-000,20251112,속초시 조양처리분구 하수관로 정비사업 기본 및 실시설계용역,강원특별자치도 속초시 하수처리사업소,PQ,1500000000,1501406250,100.09375,경동+미래,97.4,1243680000,101.527,N
R25BK01149043-000,20251112,속초시 조양처리분구 하수관로 정비사업 기본 및 실시설계용역,강원특별자치도 속초시 하수처리사업소,PQ,1500000000,1501406250,100.09375,KG+진화,97.4,1204880000,98.3596,N
R25BK01149043-000,20251112,속초시 조양처리분구 하수관로 정비사업 기본 및 실시설계용역,강원특별자치도 속초시 하수처리사업소,PQ,1500000000,1501406250,100.09375,태조+한주+반석,97.32,1203690000,98.2023,N
R25BK01149182-000,20251112,의정부시 하수도정비기본계획(변경) 수립 용역,경기도 의정부시,PQ,2587300000,2584874425,99.90625072,선진+극동,100,2076827000,100.3438,N
R25BK01149182-000,20251112,의정부시 하수도정비기본계획(변경) 수립 용역,경기도 의정부시,PQ,2587300000,2584874425,99.90625072,KG+도화,100,2073020000,100.1599,Y
R25BK01149182-000,20251112,의정부시 하수도정비기본계획(변경) 수립 용역,경기도 의정부시,PQ,2587300000,2584874425,99.90625072,동명+삼안+DM,99.96,2082300000,100.5706,N
R25BK01149182-000,20251112,의정부시 하수도정비기본계획(변경) 수립 용역,경기도 의정부시,PQ,2587300000,2584874425,99.90625072,동해+(주)한종+태조,99.9,2063360000,99.606,N
R25BK01149182-000,20251112,의정부시 하수도정비기본계획(변경) 수립 용역,경기도 의정부시,PQ,2587300000,2584874425,99.90625072,한종+건일,99.8,2077300000,100.2038,N
R25BK01149182-000,20251112,의정부시 하수도정비기본계획(변경) 수립 용역,경기도 의정부시,PQ,2587300000,2584874425,99.90625072,유신+TSK,99.7,2057047000,99.1403,N
R25BK01149182-000,20251112,의정부시 하수도정비기본계획(변경) 수립 용역,경기도 의정부시,PQ,2587300000,2584874425,99.90625072,건화+새론(테크피아),99.58,2089300000,100.6069,N
R25BK01149182-000,20251112,의정부시 하수도정비기본계획(변경) 수립 용역,경기도 의정부시,PQ,2587300000,2584874425,99.90625072,수성+동부+한주,99.58,2056906999,99.0471,N
R25BK01149182-000,20251112,의정부시 하수도정비기본계획(변경) 수립 용역,경기도 의정부시,PQ,2587300000,2584874425,99.90625072,경호+세원,99.5,2056300000,98.9562,N
R25BK01149182-000,20251112,의정부시 하수도정비기본계획(변경) 수립 용역,경기도 의정부시,PQ,2587300000,2584874425,99.90625072,범한+서영,99.5,2056795000,98.98,N
R25BK01149182-000,20251112,의정부시 하수도정비기본계획(변경) 수립 용역,경기도 의정부시,PQ,2587300000,2584874425,99.90625072,드림+케이,99.44,2065615000,99.355,N
R25BK01149182-000,20251112,의정부시 하수도정비기본계획(변경) 수립 용역,경기도 의정부시,PQ,2587300000,2584874425,99.90625072,경동+용마,99.4,2054950000,98.8051,N
R25BK01149182-000,20251112,의정부시 하수도정비기본계획(변경) 수립 용역,경기도 의정부시,PQ,2587300000,2584874425,99.90625072,삼주+다경,99.4,2096023000,100.78,N
R25BK01149182-000,20251112,의정부시 하수도정비기본계획(변경) 수립 용역,경기도 의정부시,PQ,2587300000,2584874425,99.90625072,홍익+화정,99.4,2103719000,101.15,N
R25BK01149182-000,20251112,의정부시 하수도정비기본계획(변경) 수립 용역,경기도 의정부시,PQ,2587300000,2584874425,99.90625072,화신+신화E+KCI,99.4,2110583000,101.48,N
R25BK01149182-000,20251112,의정부시 하수도정비기본계획(변경) 수립 용역,경기도 의정부시,PQ,2587300000,2584874425,99.90625072,HEC+한영+태성,99.29,2060700000,98.9954,N
R25BK01149182-000,20251112,의정부시 하수도정비기본계획(변경) 수립 용역,경기도 의정부시,PQ,2587300000,2584874425,99.90625072,동성+DS,99.2,2115662000,101.56,N
R25BK01149182-000,20251112,의정부시 하수도정비기본계획(변경) 수립 용역,경기도 의정부시,PQ,2587300000,2584874425,99.90625072,이산+다산,99.06,2051560000,98.3729,N
R25BK01149182-000,20251112,의정부시 하수도정비기본계획(변경) 수립 용역,경기도 의정부시,PQ,2587300000,2584874425,99.90625072,제일+신성+정,99.01,2128000000,102.0003,N
R25BK01149182-000,20251112,의정부시 하수도정비기본계획(변경) 수립 용역,경기도 의정부시,PQ,2587300000,2584874425,99.90625072,국성+다음,98.8,2152321000,103,N
R25BK01149706-000,20251112,상패천 등 2개 지방하천 정비사업 통합건설사업관리용역,경기도청 북부청사,PQ,4288900000,4274650175,99.66775106,한종+다산+동진,99.81,3457000000,100.5971,N
R25BK01149706-000,20251112,상패천 등 2개 지방하천 정비사업 통합건설사업관리용역,경기도청 북부청사,PQ,4288900000,4274650175,99.66775106,극동+KG,99.73,3434116000,99.8689,N
R25BK01149706-000,20251112,상패천 등 2개 지방하천 정비사업 통합건설사업관리용역,경기도청 북부청사,PQ,4288900000,4274650175,99.66775106,도화+삼안+본현,99.59,3432200000,99.7012,Y
R25BK01149706-000,20251112,상패천 등 2개 지방하천 정비사업 통합건설사업관리용역,경기도청 북부청사,PQ,4288900000,4274650175,99.66775106,수성+동부+내경,99.51,3423448999,99.3851,N
R25BK01149706-000,20251112,상패천 등 2개 지방하천 정비사업 통합건설사업관리용역,경기도청 북부청사,PQ,4288900000,4274650175,99.66775106,동명+한맥+서화,99.25,3419000000,99.0586,N
R25BK01149706-000,20251112,상패천 등 2개 지방하천 정비사업 통합건설사업관리용역,경기도청 북부청사,PQ,4288900000,4274650175,99.66775106,동해+(주)한종+천마,99.13,3429870000,99.2748,N
R25BK01149706-000,20251112,상패천 등 2개 지방하천 정비사업 통합건설사업관리용역,경기도청 북부청사,PQ,4288900000,4274650175,99.66775106,경동+신성,99.12,3494430000,101.1309,N
R25BK01149706-000,20251112,상패천 등 2개 지방하천 정비사업 통합건설사업관리용역,경기도청 북부청사,PQ,4288900000,4274650175,99.66775106,건화+KSM,99.03,3416000000,98.7875,N
R25BK01149706-000,20251112,상패천 등 2개 지방하천 정비사업 통합건설사업관리용역,경기도청 북부청사,PQ,4288900000,4274650175,99.66775106,선진+주하,98.92,3509378000,101.3999,N
R25BK01149706-000,20251112,상패천 등 2개 지방하천 정비사업 통합건설사업관리용역,경기도청 북부청사,PQ,4288900000,4274650175,99.66775106,서영+경원+유신,98.86,3508960000,101.3502,N
R25BK01149706-000,20251112,상패천 등 2개 지방하천 정비사업 통합건설사업관리용역,경기도청 북부청사,PQ,4288900000,4274650175,99.66775106,경호+HEC,98.75,3415450000,98.5638,N
R25BK01149706-000,20251112,상패천 등 2개 지방하천 정비사업 통합건설사업관리용역,경기도청 북부청사,PQ,4288900000,4274650175,99.66775106,대콘+삼보+용마,98.62,3415653000,98.46,N
R25BK01149706-000,20251112,상패천 등 2개 지방하천 정비사업 통합건설사업관리용역,경기도청 북부청사,PQ,4288900000,4274650175,99.66775106,건일+다음,98.6,3507700000,101.1009,N
R25BK01149706-000,20251112,상패천 등 2개 지방하천 정비사업 통합건설사업관리용역,경기도청 북부청사,PQ,4288900000,4274650175,99.66775106,신명+대성E,98.53,3530000000,101.6808,N
R25BK01149706-000,20251112,상패천 등 2개 지방하천 정비사업 통합건설사업관리용역,경기도청 북부청사,PQ,4288900000,4274650175,99.66775106,홍익+TSK,98.26,3543300000,101.85,N
R25BK01149706-000,20251112,상패천 등 2개 지방하천 정비사업 통합건설사업관리용역,경기도청 북부청사,PQ,4288900000,4274650175,99.66775106,동일+효광,98.1,3536000000,101.515,N
R25BK01149706-000,20251112,상패천 등 2개 지방하천 정비사업 통합건설사업관리용역,경기도청 북부청사,PQ,4288900000,4274650175,99.66775106,제일+케이탑+한기,98.1,4015000000,115.2666,N
R25BK01149485-000,20251112,제천 봉양농공단지 조성사업 환경영향평가 용역,충청북도 제천시,PQ,264000000,264689075,100.2610133,유신+동림+신일enc,98.43,231538000,100.9424,N
R25BK01149485-000,20251112,제천 봉양농공단지 조성사업 환경영향평가 용역,충청북도 제천시,PQ,264000000,264689075,100.2610133,동명+다산+이음,98.18,229640000,100.0919,N
R25BK01149485-000,20251112,제천 봉양농공단지 조성사업 환경영향평가 용역,충청북도 제천시,PQ,264000000,264689075,100.2610133,선진+호암+중천,98.06,229198000,99.8877,N
R25BK01149485-000,20251112,제천 봉양농공단지 조성사업 환경영향평가 용역,충청북도 제천시,PQ,264000000,264689075,100.2610133,동성+호연,97.91,228355000,99.5089,N
R25BK01149485-000,20251112,제천 봉양농공단지 조성사업 환경영향평가 용역,충청북도 제천시,PQ,264000000,264689075,100.2610133,홍익+PG+이에프,97.91,227646000,99.1999,N
R25BK01149485-000,20251112,제천 봉양농공단지 조성사업 환경영향평가 용역,충청북도 제천시,PQ,264000000,264689075,100.2610133,동해+자연환경,97.84,227690000,99.2077,N
R25BK01149485-000,20251112,제천 봉양농공단지 조성사업 환경영향평가 용역,충청북도 제천시,PQ,264000000,264689075,100.2610133,건화+경호+빈텍,97.78,230680000,100.5105,Y
R25BK01149485-000,20251112,제천 봉양농공단지 조성사업 환경영향평가 용역,충청북도 제천시,PQ,264000000,264689075,100.2610133,이산+상평+KCI,97.78,227199000,98.9938,N
R25BK01149485-000,20251112,제천 봉양농공단지 조성사업 환경영향평가 용역,충청북도 제천시,PQ,264000000,264689075,100.2610133,서영+하눌+대종,97.54,227610000,99.15,N
R25BK01149485-000,20251112,제천 봉양농공단지 조성사업 환경영향평가 용역,충청북도 제천시,PQ,264000000,264689075,100.2610133,유일+한종,97.41,227815000,99.2165,N
R25BK01149485-000,20251112,제천 봉양농공단지 조성사업 환경영향평가 용역,충청북도 제천시,PQ,264000000,264689075,100.2610133,경화+초원,96.94,227881000,99.1996,N
R25BK01149485-000,20251112,제천 봉양농공단지 조성사업 환경영향평가 용역,충청북도 제천시,PQ,264000000,264689075,100.2610133,동일+SD+우신,96.91,227880000,99.1992,N
R25BK01149485-000,20251112,제천 봉양농공단지 조성사업 환경영향평가 용역,충청북도 제천시,PQ,264000000,264689075,100.2610133,KG+좋은+청호종합,94.75,228008000,99.05,N
R25BK01149485-000,20251112,제천 봉양농공단지 조성사업 환경영향평가 용역,충청북도 제천시,PQ,264000000,264689075,100.2610133,신일환경+지명+한국환경,94.4,234690000,101.9177,N
R25BK01150729-000,20251112,홍성종합터미널 주변 도시침수 예방사업 외 1개 사업 감독권한대행 등 통합건설사업관리용역,충청남도 홍성군,PQ,3971000000,3966373800,99.88350038,동성+상연+동국,99.8,3209763000,100.88,Y
R25BK01150729-000,20251112,홍성종합터미널 주변 도시침수 예방사업 외 1개 사업 감독권한대행 등 통합건설사업관리용역,충청남도 홍성군,PQ,3971000000,3966373800,99.88350038,경동+한종+예당,99.71,3179185000,99.8442,N
R25BK01150729-000,20251112,홍성종합터미널 주변 도시침수 예방사업 외 1개 사업 감독권한대행 등 통합건설사업관리용역,충청남도 홍성군,PQ,3971000000,3966373800,99.88350038,제일+기산,99.24,3176690000,99.394,N
R25BK01150729-000,20251112,홍성종합터미널 주변 도시침수 예방사업 외 1개 사업 감독권한대행 등 통합건설사업관리용역,충청남도 홍성군,PQ,3971000000,3966373800,99.88350038,KSM+반디,99.24,3237600000,101.2997,N
R25BK01150729-000,20251112,홍성종합터미널 주변 도시침수 예방사업 외 1개 사업 감독권한대행 등 통합건설사업관리용역,충청남도 홍성군,PQ,3971000000,3966373800,99.88350038,도화+송현R+다음,98.83,3172680000,98.9488,N
R25BK01150729-000,20251112,홍성종합터미널 주변 도시침수 예방사업 외 1개 사업 감독권한대행 등 통합건설사업관리용역,충청남도 홍성군,PQ,3971000000,3966373800,99.88350038,동명+더원,98.83,3172720000,98.9501,N
R25BK01150729-000,20251112,홍성종합터미널 주변 도시침수 예방사업 외 1개 사업 감독권한대행 등 통합건설사업관리용역,충청남도 홍성군,PQ,3971000000,3966373800,99.88350038,동해+정안+세종,98.83,3176629000,99.072,N
R25BK01150729-000,20251112,홍성종합터미널 주변 도시침수 예방사업 외 1개 사업 감독권한대행 등 통합건설사업관리용역,충청남도 홍성군,PQ,3971000000,3966373800,99.88350038,삼안+한맥+태조,98.83,3166350000,98.7514,N
R25BK01150729-000,20251112,홍성종합터미널 주변 도시침수 예방사업 외 1개 사업 감독권한대행 등 통합건설사업관리용역,충청남도 홍성군,PQ,3971000000,3966373800,99.88350038,홍익+계림,98.83,3179450000,99.16,N
R25BK01150729-000,20251112,홍성종합터미널 주변 도시침수 예방사업 외 1개 사업 감독권한대행 등 통합건설사업관리용역,충청남도 홍성군,PQ,3971000000,3966373800,99.88350038,KG+더그린,98.79,3168440000,98.7799,N
R25BK01150729-000,20251112,홍성종합터미널 주변 도시침수 예방사업 외 1개 사업 감독권한대행 등 통합건설사업관리용역,충청남도 홍성군,PQ,3971000000,3966373800,99.88350038,건화+천마+용마,98.67,3162500000,98.4972,N
R25BK01150729-000,20251112,홍성종합터미널 주변 도시침수 예방사업 외 1개 사업 감독권한대행 등 통합건설사업관리용역,충청남도 홍성군,PQ,3971000000,3966373800,99.88350038,동부+세일,98.67,3164205000,98.5503,N
R25BK01150729-000,20251112,홍성종합터미널 주변 도시침수 예방사업 외 1개 사업 감독권한대행 등 통합건설사업관리용역,충청남도 홍성군,PQ,3971000000,3966373800,99.88350038,장맥+수성,98.67,3160800000,98.4442,N
R25BK01150729-000,20251112,홍성종합터미널 주변 도시침수 예방사업 외 1개 사업 감독권한대행 등 통합건설사업관리용역,충청남도 홍성군,PQ,3971000000,3966373800,99.88350038,유신+태일+서영,98.64,3262860000,101.5978,N
R25BK01150729-000,20251112,홍성종합터미널 주변 도시침수 예방사업 외 1개 사업 감독권한대행 등 통합건설사업관리용역,충청남도 홍성군,PQ,3971000000,3966373800,99.88350038,이산+드림,98.4,3164670000,98.358,N
R25BK01150729-000,20251112,홍성종합터미널 주변 도시침수 예방사업 외 1개 사업 감독권한대행 등 통합건설사업관리용역,충청남도 홍성군,PQ,3971000000,3966373800,99.88350038,청명+대신,98.39,3274774000,101.7674,N
R25BK01150729-000,20251112,홍성종합터미널 주변 도시침수 예방사업 외 1개 사업 감독권한대행 등 통합건설사업관리용역,충청남도 홍성군,PQ,3971000000,3966373800,99.88350038,동일+화우,98.37,3266000000,101.4822,N
R25BK01150729-000,20251112,홍성종합터미널 주변 도시침수 예방사업 외 1개 사업 감독권한대행 등 통합건설사업관리용역,충청남도 홍성군,PQ,3971000000,3966373800,99.88350038,범한+수성E,98.37,3267000000,101.5133,N
R25BK01150729-000,20251112,홍성종합터미널 주변 도시침수 예방사업 외 1개 사업 감독권한대행 등 통합건설사업관리용역,충청남도 홍성군,PQ,3971000000,3966373800,99.88350038,극동+SH,98.3,3266250000,101.4399,N
R25BK01150729-000,20251112,홍성종합터미널 주변 도시침수 예방사업 외 1개 사업 감독권한대행 등 통합건설사업관리용역,충청남도 홍성군,PQ,3971000000,3966373800,99.88350038,건일+건하,98.28,3267000000,101.4382,N
R25BK01150729-000,20251112,홍성종합터미널 주변 도시침수 예방사업 외 1개 사업 감독권한대행 등 통합건설사업관리용역,충청남도 홍성군,PQ,3971000000,3966373800,99.88350038,경원+제성,98.28,3162777000,98.2022,N
R25BK01150729-000,20251112,홍성종합터미널 주변 도시침수 예방사업 외 1개 사업 감독권한대행 등 통합건설사업관리용역,충청남도 홍성군,PQ,3971000000,3966373800,99.88350038,신명+유원,98.21,3270000000,101.4813,N
R25BK01150729-000,20251112,홍성종합터미널 주변 도시침수 예방사업 외 1개 사업 감독권한대행 등 통합건설사업관리용역,충청남도 홍성군,PQ,3971000000,3966373800,99.88350038,KCI+이룸+정원,98.21,3169000000,98.3469,N
R25BK01150729-000,20251112,홍성종합터미널 주변 도시침수 예방사업 외 1개 사업 감독권한대행 등 통합건설사업관리용역,충청남도 홍성군,PQ,3971000000,3966373800,99.88350038,선진+(주)에스에이치이엔지,98.18,3277847000,101.6998,N
R25BK01150729-000,20251112,홍성종합터미널 주변 도시침수 예방사업 외 1개 사업 감독권한대행 등 통합건설사업관리용역,충청남도 홍성군,PQ,3971000000,3966373800,99.88350038,바우+강호+경호,97.74,3306000000,102.2206,N
R25BK01150729-000,20251112,홍성종합터미널 주변 도시침수 예방사업 외 1개 사업 감독권한대행 등 통합건설사업관리용역,충청남도 홍성군,PQ,3971000000,3966373800,99.88350038,대콘+윤창,97.67,3312210000,102.3498,N
R25BK01151081-000,20251113,성안동 일원 분류식화 하수관로 정비사업 건설사업관리용역,충청북도 청주시,SOQ,4753440000,4845264650,101.9317515,동명+영진+홍익,97.46,3884900000,100.1264,N
R25BK01151081-000,20251113,성안동 일원 분류식화 하수관로 정비사업 건설사업관리용역,충청북도 청주시,SOQ,4753440000,4845264650,101.9317515,건화+KG+오성,96.89,3966500000,101.7682,N
R25BK01151081-000,20251113,성안동 일원 분류식화 하수관로 정비사업 건설사업관리용역,충청북도 청주시,SOQ,4753440000,4845264650,101.9317515,도화+두원+진성,95.48,3884770000,98.5891,N
R25BK01151081-000,20251113,성안동 일원 분류식화 하수관로 정비사업 건설사업관리용역,충청북도 청주시,SOQ,4753440000,4845264650,101.9317515,제일+HR+장맥,94.84,4051000000,102.3018,Y
R25BK01151081-000,20251113,성안동 일원 분류식화 하수관로 정비사업 건설사업관리용역,충청북도 청주시,SOQ,4753440000,4845264650,101.9317515,삼안+동림+청우건축,93.65,4290000000,107.3579,N
R25BK01148375-000,20251113,"화산, 화남 노후하수시설 정비사업 건설사업관리용역",경상북도 영천시 환경사업소,PQ,3513909000,3513794825,99.99675077,건화+청우+새론,100,2804490000,99.7701,N
R25BK01148375-000,20251113,"화산, 화남 노후하수시설 정비사업 건설사업관리용역",경상북도 영천시 환경사업소,PQ,3513909000,3513794825,99.99675077,건일+강산+경호,100,2801000000,99.646,N
R25BK01148375-000,20251113,"화산, 화남 노후하수시설 정비사업 건설사업관리용역",경상북도 영천시 환경사업소,PQ,3513909000,3513794825,99.99675077,경동+HD,100,2783360000,99.0184,N
R25BK01148375-000,20251113,"화산, 화남 노후하수시설 정비사업 건설사업관리용역",경상북도 영천시 환경사업소,PQ,3513909000,3513794825,99.99675077,경원+동익+주하,100,2804277700,99.7626,N
R25BK01148375-000,20251113,"화산, 화남 노후하수시설 정비사업 건설사업관리용역",경상북도 영천시 환경사업소,PQ,3513909000,3513794825,99.99675077,대콘+동아,100,2807596000,99.8806,N
R25BK01148375-000,20251113,"화산, 화남 노후하수시설 정비사업 건설사업관리용역",경상북도 영천시 환경사업소,PQ,3513909000,3513794825,99.99675077,도화+청명,100,2795300000,99.4432,N
R25BK01148375-000,20251113,"화산, 화남 노후하수시설 정비사업 건설사업관리용역",경상북도 영천시 환경사업소,PQ,3513909000,3513794825,99.99675077,동명+한주,100,2829200000,100.6492,N
R25BK01148375-000,20251113,"화산, 화남 노후하수시설 정비사업 건설사업관리용역",경상북도 영천시 환경사업소,PQ,3513909000,3513794825,99.99675077,동부+보원,100,2824448000,100.4801,N
R25BK01148375-000,20251113,"화산, 화남 노후하수시설 정비사업 건설사업관리용역",경상북도 영천시 환경사업소,PQ,3513909000,3513794825,99.99675077,동일+삼안+한도,100,2824000000,100.4642,N
R25BK01148375-000,20251113,"화산, 화남 노후하수시설 정비사업 건설사업관리용역",경상북도 영천시 환경사업소,PQ,3513909000,3513794825,99.99675077,동해+극동,100,2783350000,99.0181,N
R25BK01148375-000,20251113,"화산, 화남 노후하수시설 정비사업 건설사업관리용역",경상북도 영천시 환경사업소,PQ,3513909000,3513794825,99.99675077,범한+KCI,100,2813400000,100.0871,Y
R25BK01148375-000,20251113,"화산, 화남 노후하수시설 정비사업 건설사업관리용역",경상북도 영천시 환경사업소,PQ,3513909000,3513794825,99.99675077,서영+태양+다산,100,2801200000,99.6531,N
R25BK01148375-000,20251113,"화산, 화남 노후하수시설 정비사업 건설사업관리용역",경상북도 영천시 환경사업소,PQ,3513909000,3513794825,99.99675077,선진+태성,100,2813558000,100.0927,N
R25BK01148375-000,20251113,"화산, 화남 노후하수시설 정비사업 건설사업관리용역",경상북도 영천시 환경사업소,PQ,3513909000,3513794825,99.99675077,신명+승보,100,2794000000,99.3969,N
R25BK01148375-000,20251113,"화산, 화남 노후하수시설 정비사업 건설사업관리용역",경상북도 영천시 환경사업소,PQ,3513909000,3513794825,99.99675077,유신+동진,100,2795309000,99.4435,N
R25BK01148375-000,20251113,"화산, 화남 노후하수시설 정비사업 건설사업관리용역",경상북도 영천시 환경사업소,PQ,3513909000,3513794825,99.99675077,제일+해인+KC,100,2814900000,100.1405,N
R25BK01148375-000,20251113,"화산, 화남 노후하수시설 정비사업 건설사업관리용역",경상북도 영천시 환경사업소,PQ,3513909000,3513794825,99.99675077,한종+세원E,100,2804770000,99.7801,N
R25BK01148375-000,20251113,"화산, 화남 노후하수시설 정비사업 건설사업관리용역",경상북도 영천시 환경사업소,PQ,3513909000,3513794825,99.99675077,KSM+수성+중앙방재,100,2824600000,100.4855,N
R25BK01148375-000,20251113,"화산, 화남 노후하수시설 정비사업 건설사업관리용역",경상북도 영천시 환경사업소,PQ,3513909000,3513794825,99.99675077,홍익+한강,99.95,2779960000,98.848,N
R25BK01148375-000,20251113,"화산, 화남 노후하수시설 정비사업 건설사업관리용역",경상북도 영천시 환경사업소,PQ,3513909000,3513794825,99.99675077,동성+DS,99.92,2851880000,101.38,N
원주지방국토관리청 공고 제2025-118호 ,20251112,국도5호선 신림-판부 4차로 확장공사 실시설계용역,원주지방국토관리청,PQ,1450900000,1460904000,100.6895031,"건화+KSM(정호,테크피아)",98,1221400000,100.4621,N
원주지방국토관리청 공고 제2025-118호 ,20251112,국도5호선 신림-판부 4차로 확장공사 실시설계용역,원주지방국토관리청,PQ,1450900000,1460904000,100.6895031,수성,97.86,1220436999,100.3111,N
원주지방국토관리청 공고 제2025-118호 ,20251112,국도5호선 신림-판부 4차로 확장공사 실시설계용역,원주지방국토관리청,PQ,1450900000,1460904000,100.6895031,한맥,97.84,1218600000,100.1482,N
원주지방국토관리청 공고 제2025-118호 ,20251112,국도5호선 신림-판부 4차로 확장공사 실시설계용역,원주지방국토관리청,PQ,1450900000,1460904000,100.6895031,내경+경원,97.8,1224000700,100.58,N
원주지방국토관리청 공고 제2025-118호 ,20251112,국도5호선 신림-판부 4차로 확장공사 실시설계용역,원주지방국토관리청,PQ,1450900000,1460904000,100.6895031,동부+동명,97.8,1214510000,99.8001,N
원주지방국토관리청 공고 제2025-118호 ,20251112,국도5호선 신림-판부 4차로 확장공사 실시설계용역,원주지방국토관리청,PQ,1450900000,1460904000,100.6895031,다산+태조,97.64,1222099900,100.3401,N
원주지방국토관리청 공고 제2025-118호 ,20251112,국도5호선 신림-판부 4차로 확장공사 실시설계용역,원주지방국토관리청,PQ,1450900000,1460904000,100.6895031,경호,97.6,1211700000,99.4743,N
원주지방국토관리청 공고 제2025-118호 ,20251112,국도5호선 신림-판부 4차로 확장공사 실시설계용역,원주지방국토관리청,PQ,1450900000,1460904000,100.6895031,대콘+경동,97.6,1223589000,100.4504,N
원주지방국토관리청 공고 제2025-118호 ,20251112,국도5호선 신림-판부 4차로 확장공사 실시설계용역,원주지방국토관리청,PQ,1450900000,1460904000,100.6895031,이산+극엔,97.6,1226960000,100.7271,Y
원주지방국토관리청 공고 제2025-118호 ,20251112,국도5호선 신림-판부 4차로 확장공사 실시설계용역,원주지방국토관리청,PQ,1450900000,1460904000,100.6895031,홍익+태일,97.5,1210150000,99.2998,N
원주지방국토관리청 공고 제2025-118호 ,20251112,국도5호선 신림-판부 4차로 확장공사 실시설계용역,원주지방국토관리청,PQ,1450900000,1460904000,100.6895031,동성+신성,97.4,1232677000,101.1013,N
원주지방국토관리청 공고 제2025-118호 ,20251112,국도5호선 신림-판부 4차로 확장공사 실시설계용역,원주지방국토관리청,PQ,1450900000,1460904000,100.6895031,동해+진우+삼영,97.4,1209780000,99.2233,N
원주지방국토관리청 공고 제2025-118호 ,20251112,국도5호선 신림-판부 4차로 확장공사 실시설계용역,원주지방국토관리청,PQ,1450900000,1460904000,100.6895031,삼보,97.4,1229700000,100.8571,N
원주지방국토관리청 공고 제2025-118호 ,20251112,국도5호선 신림-판부 4차로 확장공사 실시설계용역,원주지방국토관리청,PQ,1450900000,1460904000,100.6895031,삼안+진화+장맥,97.4,1211430000,99.3587,N
원주지방국토관리청 공고 제2025-118호 ,20251112,국도5호선 신림-판부 4차로 확장공사 실시설계용역,원주지방국토관리청,PQ,1450900000,1460904000,100.6895031,하이콘+선진,97.4,1230300000,100.9064,N
원주지방국토관리청 공고 제2025-118호 ,20251112,국도5호선 신림-판부 4차로 확장공사 실시설계용역,원주지방국토관리청,PQ,1450900000,1460904000,100.6895031,건일,97.3,1227000000,100.5866,N
원주지방국토관리청 공고 제2025-118호 ,20251112,국도5호선 신림-판부 4차로 확장공사 실시설계용역,원주지방국토관리청,PQ,1450900000,1460904000,100.6895031,KCI,97.1,1213000000,99.3444,N
원주지방국토관리청 공고 제2025-118호 ,20251112,국도5호선 신림-판부 4차로 확장공사 실시설계용역,원주지방국토관리청,PQ,1450900000,1460904000,100.6895031,서영,97,1234400000,101.049,N
원주지방국토관리청 공고 제2025-118호 ,20251112,국도5호선 신림-판부 4차로 확장공사 실시설계용역,원주지방국토관리청,PQ,1450900000,1460904000,100.6895031,동일+동강,96.67,1300000000,106.255,N
202510999,20251113,안산장상지구 방음시설 설치공사 실시설계 엔지니어링(1공구),한국도로공사,PQ,1881390000,1895345211,100.74175,경호+건화+동일,100,1514000000,100.5968,N
202510999,20251113,안산장상지구 방음시설 설치공사 실시설계 엔지니어링(1공구),한국도로공사,PQ,1881390000,1895345211,100.74175,서영+도화+동명,100,1505018000,100,N
202510999,20251113,안산장상지구 방음시설 설치공사 실시설계 엔지니어링(1공구),한국도로공사,PQ,1881390000,1895345211,100.74175,KCI+바우+홍익,99.93,1504800000,99.9231,N
202510999,20251113,안산장상지구 방음시설 설치공사 실시설계 엔지니어링(1공구),한국도로공사,PQ,1881390000,1895345211,100.74175,경동+한종+동해,99.77,1522870000,100.9842,Y
202510999,20251113,안산장상지구 방음시설 설치공사 실시설계 엔지니어링(1공구),한국도로공사,PQ,1881390000,1895345211,100.74175,KG+다산+이산,99.73,1501350000,99.5199,N
202510999,20251113,안산장상지구 방음시설 설치공사 실시설계 엔지니어링(1공구),한국도로공사,PQ,1881390000,1895345211,100.74175,수성+동성+동부,99.44,1503610999,99.4218,N
202510999,20251113,안산장상지구 방음시설 설치공사 실시설계 엔지니어링(1공구),한국도로공사,PQ,1881390000,1895345211,100.74175,KSM+유신+일신,99.42,1530890000,101.2004,N
202510999,20251113,안산장상지구 방음시설 설치공사 실시설계 엔지니어링(1공구),한국도로공사,PQ,1881390000,1895345211,100.74175,제일+선진+드림,99.35,1532700000,101.2696,N
202510999,20251113,안산장상지구 방음시설 설치공사 실시설계 엔지니어링(1공구),한국도로공사,PQ,1881390000,1895345211,100.74175,내경+경원+신성,99.26,1498999000,98.9568,N
202510999,20251113,안산장상지구 방음시설 설치공사 실시설계 엔지니어링(1공구),한국도로공사,PQ,1881390000,1895345211,100.74175,삼안+한맥+장맥,99.23,1760000000,116.158,N
202510999,20251113,안산장상지구 방음시설 설치공사 실시설계 엔지니어링(2공구),한국도로공사,PQ,1845671000,1842893266,99.84950005,선진+드림+바우,100,1481378000,100.3341,N
202510999,20251113,안산장상지구 방음시설 설치공사 실시설계 엔지니어링(2공구),한국도로공사,PQ,1845671000,1842893266,99.84950005,도화+서영+다산,99.9,1471300000,99.5644,N
202510999,20251113,안산장상지구 방음시설 설치공사 실시설계 엔지니어링(2공구),한국도로공사,PQ,1845671000,1842893266,99.84950005,삼보+극동+KG,99.9,1480700000,100.2005,Y
202510999,20251113,안산장상지구 방음시설 설치공사 실시설계 엔지니어링(2공구),한국도로공사,PQ,1845671000,1842893266,99.84950005,홍익+제일+KCI,99.88,1475410000,99.8301,N
202510999,20251113,안산장상지구 방음시설 설치공사 실시설계 엔지니어링(2공구),한국도로공사,PQ,1845671000,1842893266,99.84950005,용마+건일,99.78,1489400000,100.6887,N
202510999,20251113,안산장상지구 방음시설 설치공사 실시설계 엔지니어링(2공구),한국도로공사,PQ,1845671000,1842893266,99.84950005,유신+이산+동명,99.69,1472362000,99.45,N
202510999,20251113,안산장상지구 방음시설 설치공사 실시설계 엔지니어링(2공구),한국도로공사,PQ,1845671000,1842893266,99.84950005,동해+한종+경동,99.47,1527770000,102.9999,N
202510999,20251113,안산장상지구 방음시설 설치공사 실시설계 엔지니어링(2공구),한국도로공사,PQ,1845671000,1842893266,99.84950005,건화+경호+동일,97.62,1740000000,115.4407,N
202510999,20251113,수도권제1순환선 인천계양지구 방음시설 설치공사 실시설계 엔지니어링,한국도로공사,PQ,2040260000,2049583989,100.457,다산+동명+서영,100,1630148000,99.88,N
202510999,20251113,수도권제1순환선 인천계양지구 방음시설 설치공사 실시설계 엔지니어링,한국도로공사,PQ,2040260000,2049583989,100.457,수성+이산+동부,100,1635084999,100.1825,N
202510999,20251113,수도권제1순환선 인천계양지구 방음시설 설치공사 실시설계 엔지니어링,한국도로공사,PQ,2040260000,2049583989,100.457,한종+경동+동해,100,1640270000,100.5002,Y
202510999,20251113,수도권제1순환선 인천계양지구 방음시설 설치공사 실시설계 엔지니어링,한국도로공사,PQ,2040260000,2049583989,100.457,대콘+선진+드림,99.9,1648400000,100.91,N
202510999,20251113,수도권제1순환선 인천계양지구 방음시설 설치공사 실시설계 엔지니어링,한국도로공사,PQ,2040260000,2049583989,100.457,경호+건화+건일,99.78,1626750000,99.4853,N
202510999,20251113,수도권제1순환선 인천계양지구 방음시설 설치공사 실시설계 엔지니어링,한국도로공사,PQ,2040260000,2049583989,100.457,유신+KSM+일신,99.66,1623912000,99.2003,N
202510999,20251113,수도권제1순환선 인천계양지구 방음시설 설치공사 실시설계 엔지니어링,한국도로공사,PQ,2040260000,2049583989,100.457,동성+KG+용마,99.63,1656733000,101.1801,N
202510999,20251113,수도권제1순환선 인천계양지구 방음시설 설치공사 실시설계 엔지니어링,한국도로공사,PQ,2040260000,2049583989,100.457,KCI+홍익+제일,99.56,1627000000,99.3023,N
202510999,20251113,수도권제1순환선 인천계양지구 방음시설 설치공사 실시설계 엔지니어링,한국도로공사,PQ,2040260000,2049583989,100.457,삼안+한맥+장맥,99.23,1666940000,101.4495,N
202510999,20251113,수도권제1순환선 인천계양지구 방음시설 설치공사 실시설계 엔지니어링,한국도로공사,PQ,2040260000,2049583989,100.457,신성+내경+경원,98.81,1672000000,101.3923,N
202510999,20251113,수도권제1순환선 인천계양지구 방음시설 설치공사 실시설계 엔지니어링,한국도로공사,PQ,2040260000,2049583989,100.457,태조+화신,98.18,1674550000,100.9971,N
R25BK01152173-000,20251113,가사천 개선복구사업 기본 및 실시설계용역,전라남도 담양군,PQ,1503660000,1515584075,100.7930034,한기+정,99.24,1209161000,99.9124,N
R25BK01152173-000,20251113,가사천 개선복구사업 기본 및 실시설계용역,전라남도 담양군,PQ,1503660000,1515584075,100.7930034,다산+만승,99.21,1222627000,101,Y
R25BK01152173-000,20251113,가사천 개선복구사업 기본 및 실시설계용역,전라남도 담양군,PQ,1503660000,1515584075,100.7930034,한종+공정,98.66,1208490000,99.4,N
R25BK01152173-000,20251113,가사천 개선복구사업 기본 및 실시설계용역,전라남도 담양군,PQ,1503660000,1515584075,100.7930034,경호+건영,98.64,1218460000,100.1953,N
R25BK01152173-000,20251113,가사천 개선복구사업 기본 및 실시설계용역,전라남도 담양군,PQ,1503660000,1515584075,100.7930034,건화+경동+해림(무성),98.61,1226000000,100.8029,N
R25BK01152173-000,20251113,가사천 개선복구사업 기본 및 실시설계용역,전라남도 담양군,PQ,1503660000,1515584075,100.7930034,건일+신명,98.58,1200680000,98.6966,N
R25BK01152173-000,20251113,가사천 개선복구사업 기본 및 실시설계용역,전라남도 담양군,PQ,1503660000,1515584075,100.7930034,동부+주하+삼덕,98.58,1227611000,100.9104,N
R25BK01152173-000,20251113,가사천 개선복구사업 기본 및 실시설계용역,전라남도 담양군,PQ,1503660000,1515584075,100.7930034,드림+온담+양광,98.58,1208380000,99.3296,N
R25BK01152173-000,20251113,가사천 개선복구사업 기본 및 실시설계용역,전라남도 담양군,PQ,1503660000,1515584075,100.7930034,선진+동진+신오,98.58,1216528000,99.9993,N
R25BK01152173-000,20251113,가사천 개선복구사업 기본 및 실시설계용역,전라남도 담양군,PQ,1503660000,1515584075,100.7930034,KG+우영,98.58,1205340000,99.0797,N
R25BK01152173-000,20251113,가사천 개선복구사업 기본 및 실시설계용역,전라남도 담양군,PQ,1503660000,1515584075,100.7930034,동명+대현,98.55,1203900000,98.9368,N
R25BK01152173-000,20251113,가사천 개선복구사업 기본 및 실시설계용역,전라남도 담양군,PQ,1503660000,1515584075,100.7930034,삼안+동아,98.55,1230680000,101.1376,N
R25BK01152173-000,20251113,가사천 개선복구사업 기본 및 실시설계용역,전라남도 담양군,PQ,1503660000,1515584075,100.7930034,한맥+성월,98.55,1204050000,98.9492,N
R25BK01152173-000,20251113,가사천 개선복구사업 기본 및 실시설계용역,전라남도 담양군,PQ,1503660000,1515584075,100.7930034,도화+우리,98.52,1207100000,99.1753,N
R25BK01152173-000,20251113,가사천 개선복구사업 기본 및 실시설계용역,전라남도 담양군,PQ,1503660000,1515584075,100.7930034,수성+영진,98.52,1202898000,98.8301,N
R25BK01152173-000,20251113,가사천 개선복구사업 기본 및 실시설계용역,전라남도 담양군,PQ,1503660000,1515584075,100.7930034,청명+기림+국성,98.49,1206482000,99.1001,N
R25BK01152074-002,20251113,영동군 노후상수관망 정비사업 기본 및 실시설계 용역,충청북도 영동군,PQ,2276000000,2310691950,101.5242509,건화+홍익,98.35,1854000000,100.4981,N
R25BK01152074-002,20251113,영동군 노후상수관망 정비사업 기본 및 실시설계 용역,충청북도 영동군,PQ,2276000000,2310691950,101.5242509,도화+영진,98.19,1844104000,99.8385,N
R25BK01152074-002,20251113,영동군 노후상수관망 정비사업 기본 및 실시설계 용역,충청북도 영동군,PQ,2276000000,2310691950,101.5242509,이산+동림,97.85,1843360000,99.5284,N
R25BK01152074-002,20251113,영동군 노후상수관망 정비사업 기본 및 실시설계 용역,충청북도 영동군,PQ,2276000000,2310691950,101.5242509,경동+선,97.78,1838998000,99.2319,N
R25BK01152074-002,20251113,영동군 노후상수관망 정비사업 기본 및 실시설계 용역,충청북도 영동군,PQ,2276000000,2310691950,101.5242509,삼안+진우,97.74,1838430000,99.1769,N
R25BK01152074-002,20251113,영동군 노후상수관망 정비사업 기본 및 실시설계 용역,충청북도 영동군,PQ,2276000000,2310691950,101.5242509,KG+지명,97.69,1876250000,101.1799,N
R25BK01152074-002,20251113,영동군 노후상수관망 정비사업 기본 및 실시설계 용역,충청북도 영동군,PQ,2276000000,2310691950,101.5242509,한종+청우종합,97.64,1836750000,99.0012,N
R25BK01152074-002,20251113,영동군 노후상수관망 정비사업 기본 및 실시설계 용역,충청북도 영동군,PQ,2276000000,2310691950,101.5242509,경호+도명,97.62,1879450000,101.2903,N
R25BK01152074-002,20251113,영동군 노후상수관망 정비사업 기본 및 실시설계 용역,충청북도 영동군,PQ,2276000000,2310691950,101.5242509,동명+오성+DM,97.5,1836670000,98.8998,N
R25BK01152074-002,20251113,영동군 노후상수관망 정비사업 기본 및 실시설계 용역,충청북도 영동군,PQ,2276000000,2310691950,101.5242509,화신+유신+도우,97.48,1835460000,98.8104,N
R25BK01152074-002,20251113,영동군 노후상수관망 정비사업 기본 및 실시설계 용역,충청북도 영동군,PQ,2276000000,2310691950,101.5242509,정+메가+국성,97.43,1888830000,101.6462,Y
R25BK01152074-002,20251113,영동군 노후상수관망 정비사업 기본 및 실시설계 용역,충청북도 영동군,PQ,2276000000,2310691950,101.5242509,동해+대원,97.35,1886120000,101.4382,N
R25BK01152074-002,20251113,영동군 노후상수관망 정비사업 기본 및 실시설계 용역,충청북도 영동군,PQ,2276000000,2310691950,101.5242509,제일+디아이+HR,97.25,1897900000,101.9968,N
R25BK01152074-002,20251113,영동군 노후상수관망 정비사업 기본 및 실시설계 용역,충청북도 영동군,PQ,2276000000,2310691950,101.5242509,선진+태광+HEC,96.83,2100000000,112.4866,N
R25BK01152794-000,20251113,안산장상 공원·녹지 조경 특화 기본 및 실시설계용역,경기주택도시공사 ,PQ,1466891726,1460628150,99.57300352,유신+건화,100,1176960000,100.3,N
R25BK01152794-000,20251113,안산장상 공원·녹지 조경 특화 기본 및 실시설계용역,경기주택도시공사 ,PQ,1466891726,1460628150,99.57300352,도화+경호+선진,100,1190990000,101.4956,N
R25BK01152794-000,20251113,안산장상 공원·녹지 조경 특화 기본 및 실시설계용역,경기주택도시공사 ,PQ,1466891726,1460628150,99.57300352,서영+한종,100,1169920000,99.7,Y
R25BK01152794-000,20251113,안산장상 공원·녹지 조경 특화 기본 및 실시설계용역,경기주택도시공사 ,PQ,1466891726,1460628150,99.57300352,KG+삼안,99.4,1406090000,119.245,N
R25BK01153072-001,20251113,창원시 농촌공간 재구조화 및 재생 기본계획 수립 용역,경상남도 창원시 농업기술센터,PQ,500000000,504212500,100.8425,건화+한올,99.5,436000000,100.4666,N
R25BK01153072-001,20251113,창원시 농촌공간 재구조화 및 재생 기본계획 수립 용역,경상남도 창원시 농업기술센터,PQ,500000000,504212500,100.8425,선진+신화,99.44,435458000,100.3417,N
R25BK01153072-001,20251113,창원시 농촌공간 재구조화 및 재생 기본계획 수립 용역,경상남도 창원시 농업기술센터,PQ,500000000,504212500,100.8425,도화+한성,99.4,433150000,99.7984,N
R25BK01153072-001,20251113,창원시 농촌공간 재구조화 및 재생 기본계획 수립 용역,경상남도 창원시 농업기술센터,PQ,500000000,504212500,100.8425,경호+범한,99.17,433429000,99.8397,N
R25BK01153072-001,20251113,창원시 농촌공간 재구조화 및 재생 기본계획 수립 용역,경상남도 창원시 농업기술센터,PQ,500000000,504212500,100.8425,화신+하나,98.9,433270000,99.7801,N
R25BK01153072-001,20251113,창원시 농촌공간 재구조화 및 재생 기본계획 수립 용역,경상남도 창원시 농업기술센터,PQ,500000000,504212500,100.8425,한종+하우,98.66,435190000,100.1992,N
R25BK01153072-001,20251113,창원시 농촌공간 재구조화 및 재생 기본계획 수립 용역,경상남도 창원시 농업기술센터,PQ,500000000,504212500,100.8425,유신+로텍,98.54,431717000,99.3881,N
R25BK01153072-001,20251113,창원시 농촌공간 재구조화 및 재생 기본계획 수립 용역,경상남도 창원시 농업기술센터,PQ,500000000,504212500,100.8425,동명+수성,97.96,440300000,101.3057,Y
R25BK01153072-001,20251113,창원시 농촌공간 재구조화 및 재생 기본계획 수립 용역,경상남도 창원시 농업기술센터,PQ,500000000,504212500,100.8425,동해+금성,97.7,431286000,99.2089,N
R25BK01153072-001,20251113,창원시 농촌공간 재구조화 및 재생 기본계획 수립 용역,경상남도 창원시 농업기술센터,PQ,500000000,504212500,100.8425,한도+서화,96.1,430510000,98.8712,N
R25BK01153072-001,20251113,창원시 농촌공간 재구조화 및 재생 기본계획 수립 용역,경상남도 창원시 농업기술센터,PQ,500000000,504212500,100.8425,서영+정림,93.76,444530000,101.8571,N
R25BK01153788-000,20251114,동해시 하수관로 정비사업(비천분구) 실시설계 용역,강원특별자치도 동해시 상하수도사업소,PQ,1777000000,1786937900,100.5592515,건화+정(삼원),99.56,1437400000,100.7525,Y
R25BK01153788-000,20251114,동해시 하수관로 정비사업(비천분구) 실시설계 용역,강원특별자치도 동해시 상하수도사업소,PQ,1777000000,1786937900,100.5592515,도화+삼주+동남E,97.91,1462770000,101.2071,N
R25BK01153788-000,20251114,동해시 하수관로 정비사업(비천분구) 실시설계 용역,강원특별자치도 동해시 상하수도사업소,PQ,1777000000,1786937900,100.5592515,한종+일신+강일,97.73,1430090000,98.8003,N
R25BK01153788-000,20251114,동해시 하수관로 정비사업(비천분구) 실시설계 용역,강원특별자치도 동해시 상하수도사업소,PQ,1777000000,1786937900,100.5592515,동명+DM,97.65,1431000000,98.8025,N
R25BK01153788-000,20251114,동해시 하수관로 정비사업(비천분구) 실시설계 용역,강원특별자치도 동해시 상하수도사업소,PQ,1777000000,1786937900,100.5592515,화신+유신,97.63,1431285000,98.8101,N
R25BK01153788-000,20251114,동해시 하수관로 정비사업(비천분구) 실시설계 용역,강원특별자치도 동해시 상하수도사업소,PQ,1777000000,1786937900,100.5592515,범한+동서+한울,97.55,1438611000,99.2549,N
R25BK01153788-000,20251114,동해시 하수관로 정비사업(비천분구) 실시설계 용역,강원특별자치도 동해시 상하수도사업소,PQ,1777000000,1786937900,100.5592515,KG+진화,97.54,1430740000,98.6998,N
R25BK01153788-000,20251114,동해시 하수관로 정비사업(비천분구) 실시설계 용역,강원특별자치도 동해시 상하수도사업소,PQ,1777000000,1786937900,100.5592515,제일+현산+다산,97.51,1471470000,101.4847,N
R25BK01153788-000,20251114,동해시 하수관로 정비사업(비천분구) 실시설계 용역,강원특별자치도 동해시 상하수도사업소,PQ,1777000000,1786937900,100.5592515,동성+정원+KCI,97.5,1430224000,98.64,N
R25BK01153788-000,20251114,동해시 하수관로 정비사업(비천분구) 실시설계 용역,강원특별자치도 동해시 상하수도사업소,PQ,1777000000,1786937900,100.5592515,드림+한국+신화,97.5,1437400000,99.1349,N
R25BK01153788-000,20251114,동해시 하수관로 정비사업(비천분구) 실시설계 용역,강원특별자치도 동해시 상하수도사업소,PQ,1777000000,1786937900,100.5592515,경동+미래,97.46,1429299000,98.54,N
R25BK01153788-000,20251114,동해시 하수관로 정비사업(비천분구) 실시설계 용역,강원특별자치도 동해시 상하수도사업소,PQ,1777000000,1786937900,100.5592515,동해+경원,97.46,1430155000,98.599,N
R25BK01153788-000,20251114,동해시 하수관로 정비사업(비천분구) 실시설계 용역,강원특별자치도 동해시 상하수도사업소,PQ,1777000000,1786937900,100.5592515,삼안+고려,97.46,1472900000,101.546,N
R25BK01153788-000,20251114,동해시 하수관로 정비사업(비천분구) 실시설계 용역,강원특별자치도 동해시 상하수도사업소,PQ,1777000000,1786937900,100.5592515,이산+대성+삼경,97.46,1429969000,98.5862,N
R25BK01153788-000,20251114,동해시 하수관로 정비사업(비천분구) 실시설계 용역,강원특별자치도 동해시 상하수도사업소,PQ,1777000000,1786937900,100.5592515,수성+반석+(주)동해,97.43,1430955000,98.63,N
R25BK01153788-000,20251114,동해시 하수관로 정비사업(비천분구) 실시설계 용역,강원특별자치도 동해시 상하수도사업소,PQ,1777000000,1786937900,100.5592515,경화+GK,97.38,1476619000,101.74,N
R25BK01153788-000,20251114,동해시 하수관로 정비사업(비천분구) 실시설계 용역,강원특별자치도 동해시 상하수도사업소,PQ,1777000000,1786937900,100.5592515,국성+경진+영화,97.32,1428840000,98.3998,N
R25BK01153788-000,20251114,동해시 하수관로 정비사업(비천분구) 실시설계 용역,강원특별자치도 동해시 상하수도사업소,PQ,1777000000,1786937900,100.5592515,홍익+서광,97.32,1428550000,98.3799,N
R25BK01153788-000,20251114,동해시 하수관로 정비사업(비천분구) 실시설계 용역,강원특별자치도 동해시 상하수도사업소,PQ,1777000000,1786937900,100.5592515,경호+바셈,97.31,1481290000,101.9994,N
R25BK01153788-000,20251114,동해시 하수관로 정비사업(비천분구) 실시설계 용역,강원특별자치도 동해시 상하수도사업소,PQ,1777000000,1786937900,100.5592515,선진+청솔+제이엠,97.29,1476977000,101.69,N
R25BK01153788-000,20251114,동해시 하수관로 정비사업(비천분구) 실시설계 용역,강원특별자치도 동해시 상하수도사업소,PQ,1777000000,1786937900,100.5592515,태조+한주+정민,96.85,1488488000,102.1327,N
R25BK01154422-000,20251114,안산선 지하화 통합개발사업 기본계획 수립 용역,경기도청 북부청사,PQ,1981548000,1974820700,99.6605028,동명+DM+선진,97.94,1620480000,100.57,Y
R25BK01154422-000,20251114,안산선 지하화 통합개발사업 기본계획 수립 용역,경기도청 북부청사,PQ,1981548000,1974820700,99.6605028,KG+보람,97.7,1607680000,99.5797,N
R25BK01154422-000,20251114,안산선 지하화 통합개발사업 기본계획 수립 용역,경기도청 북부청사,PQ,1981548000,1974820700,99.6605028,삼안+건화(오씨에스),97.65,1609300000,99.6433,N
R25BK01154422-000,20251114,안산선 지하화 통합개발사업 기본계획 수립 용역,경기도청 북부청사,PQ,1981548000,1974820700,99.6605028,도화+한종,97.61,1634400000,101.1726,N
R25BK01154422-000,20251114,안산선 지하화 통합개발사업 기본계획 수립 용역,경기도청 북부청사,PQ,1981548000,1974820700,99.6605028,경동+신성,97.32,1602889000,98.9913,N
R25BK01154422-000,20251114,안산선 지하화 통합개발사업 기본계획 수립 용역,경기도청 북부청사,PQ,1981548000,1974820700,99.6605028,유신+이산,97.31,1604837000,99.0995,N
R25BK01154422-000,20251114,안산선 지하화 통합개발사업 기본계획 수립 용역,경기도청 북부청사,PQ,1981548000,1974820700,99.6605028,수성+동부+동해,97.29,1608929000,99.34,N
R25BK01154422-000,20251114,안산선 지하화 통합개발사업 기본계획 수립 용역,경기도청 북부청사,PQ,1981548000,1974820700,99.6605028,동일+서영,97.19,1800000000,111.0558,N
R25BK01154247-000,20251114,영동군 설계 외 3개소 하수관로 정비사업 외 1건 통합건설사업관리용역,충청북도 영동군,PQ,2699174000,2675947675,99.13950249,건화+건일기술단+새론,100,2154240000,99.7701,N
R25BK01154247-000,20251114,영동군 설계 외 3개소 하수관로 정비사업 외 1건 통합건설사업관리용역,충청북도 영동군,PQ,2699174000,2675947675,99.13950249,건일+한광+바우,100,2148000000,99.4811,N
R25BK01154247-000,20251114,영동군 설계 외 3개소 하수관로 정비사업 외 1건 통합건설사업관리용역,충청북도 영동군,PQ,2699174000,2675947675,99.13950249,경동+지명,100,2153587000,99.7398,N
R25BK01154247-000,20251114,영동군 설계 외 3개소 하수관로 정비사업 외 1건 통합건설사업관리용역,충청북도 영동군,PQ,2699174000,2675947675,99.13950249,경원+대원E,100,2154077700,99.7626,N
R25BK01154247-000,20251114,영동군 설계 외 3개소 하수관로 정비사업 외 1건 통합건설사업관리용역,충청북도 영동군,PQ,2699174000,2675947675,99.13950249,대콘+대원,100,2156613400,99.88,N
R25BK01154247-000,20251114,영동군 설계 외 3개소 하수관로 정비사업 외 1건 통합건설사업관리용역,충청북도 영동군,PQ,2699174000,2675947675,99.13950249,도화+오성,100,2147200000,99.444,N
R25BK01154247-000,20251114,영동군 설계 외 3개소 하수관로 정비사업 외 1건 통합건설사업관리용역,충청북도 영동군,PQ,2699174000,2675947675,99.13950249,동명+수일,100,2173200000,100.6482,N
R25BK01154247-000,20251114,영동군 설계 외 3개소 하수관로 정비사업 외 1건 통합건설사업관리용역,충청북도 영동군,PQ,2699174000,2675947675,99.13950249,동성+도명+DS,100,2182524000,101.08,N
R25BK01154247-000,20251114,영동군 설계 외 3개소 하수관로 정비사업 외 1건 통합건설사업관리용역,충청북도 영동군,PQ,2699174000,2675947675,99.13950249,동일+단,100,2149900000,99.5691,N
R25BK01154247-000,20251114,영동군 설계 외 3개소 하수관로 정비사업 외 1건 통합건설사업관리용역,충청북도 영동군,PQ,2699174000,2675947675,99.13950249,동해+상생+지아이,100,2135220000,98.8892,N
R25BK01154247-000,20251114,영동군 설계 외 3개소 하수관로 정비사업 외 1건 통합건설사업관리용역,충청북도 영동군,PQ,2699174000,2675947675,99.13950249,범한+동림,100,2161100000,100.0878,N
R25BK01154247-000,20251114,영동군 설계 외 3개소 하수관로 정비사업 외 1건 통합건설사업관리용역,충청북도 영동군,PQ,2699174000,2675947675,99.13950249,삼안+청우건축,100,2174260000,100.6973,N
R25BK01154247-000,20251114,영동군 설계 외 3개소 하수관로 정비사업 외 1건 통합건설사업관리용역,충청북도 영동군,PQ,2699174000,2675947675,99.13950249,선진+진우,100,2159887000,100.0316,N
R25BK01154247-000,20251114,영동군 설계 외 3개소 하수관로 정비사업 외 1건 통합건설사업관리용역,충청북도 영동군,PQ,2699174000,2675947675,99.13950249,신명+서영E,100,2144000000,99.2958,Y
R25BK01154247-000,20251114,영동군 설계 외 3개소 하수관로 정비사업 외 1건 통합건설사업관리용역,충청북도 영동군,PQ,2699174000,2675947675,99.13950249,유신+홍익,100,2167539000,100.386,N
R25BK01154247-000,20251114,영동군 설계 외 3개소 하수관로 정비사업 외 1건 통합건설사업관리용역,충청북도 영동군,PQ,2699174000,2675947675,99.13950249,이산+도우,100,2174280000,100.6982,N
R25BK01154247-000,20251114,영동군 설계 외 3개소 하수관로 정비사업 외 1건 통합건설사업관리용역,충청북도 영동군,PQ,2699174000,2675947675,99.13950249,제일+HR,100,2162380000,100.1471,N
R25BK01154247-000,20251114,영동군 설계 외 3개소 하수관로 정비사업 외 1건 통합건설사업관리용역,충청북도 영동군,PQ,2699174000,2675947675,99.13950249,한종+영진+(주)건일,100,2154440000,99.7794,N
R25BK01154247-000,20251114,영동군 설계 외 3개소 하수관로 정비사업 외 1건 통합건설사업관리용역,충청북도 영동군,PQ,2699174000,2675947675,99.13950249,KSM+KG+진성,100,2150490000,99.5964,N
R25BK01154247-000,20251114,영동군 설계 외 3개소 하수관로 정비사업 외 1건 통합건설사업관리용역,충청북도 영동군,PQ,2699174000,2675947675,99.13950249,서영+두원,99.21,2238000000,102.9927,N
R25BK01155024 - 000,20251114,양평 국수역세권 도시개발사업 실시설계 및 환지계획 수립,경기도 양평군,PQ,2819300000,2850918475,101.1215009,동명+경호,99.66,2295400000,101.4989,Y
R25BK01155024 - 000,20251114,양평 국수역세권 도시개발사업 실시설계 및 환지계획 수립,경기도 양평군,PQ,2819300000,2850918475,101.1215009,KG+경화,97.98,2274449000,99.2364,N
R25BK01155024 - 000,20251114,양평 국수역세권 도시개발사업 실시설계 및 환지계획 수립,경기도 양평군,PQ,2819300000,2850918475,101.1215009,삼안+한맥,97.82,2324300000,101.2869,N
R25BK01155024 - 000,20251114,양평 국수역세권 도시개발사업 실시설계 및 환지계획 수립,경기도 양평군,PQ,2819300000,2850918475,101.1215009,유신+선진,97.7,2271872000,98.905,N
R25BK01155024 - 000,20251114,양평 국수역세권 도시개발사업 실시설계 및 환지계획 수립,경기도 양평군,PQ,2819300000,2850918475,101.1215009,도화+건화,97.62,2269270000,98.7311,N
R25BK01155024 - 000,20251114,양평 국수역세권 도시개발사업 실시설계 및 환지계획 수립,경기도 양평군,PQ,2819300000,2850918475,101.1215009,한종+범한,97.62,2266250000,98.5997,N
R25BK01155024 - 000,20251114,양평 국수역세권 도시개발사업 실시설계 및 환지계획 수립,경기도 양평군,PQ,2819300000,2850918475,101.1215009,동일+이산,97.56,2331300000,101.3802,N
R25BK01155024 - 000,20251114,양평 국수역세권 도시개발사업 실시설계 및 환지계획 수립,경기도 양평군,PQ,2819300000,2850918475,101.1215009,경동+동부,97.44,2267697000,98.5297,N
R25BK01155024 - 000,20251114,양평 국수역세권 도시개발사업 실시설계 및 환지계획 수립,경기도 양평군,PQ,2819300000,2850918475,101.1215009,서영+화신,97.32,2344110000,101.7501,N
R25BK01155024 - 000,20251114,양평 국수역세권 도시개발사업 실시설계 및 환지계획 수립,경기도 양평군,PQ,2819300000,2850918475,101.1215009,제일+다경이엔씨,97.04,2362000000,102.3013,N
R25BK01155024 - 000,20251114,양평 국수역세권 도시개발사업 실시설계 및 환지계획 수립,경기도 양평군,PQ,2819300000,2850918475,101.1215009,수성+용마,95.84,2621949000,112.5023,N
2025-02-000655-00,20251114,대구산업선 철도건설 제2공구(T/K) 사후환경영향조사용역,국가철도공단,PQ,3552351000,3570302894,100.5053525,경호+동명+대종,100,2847880000,100.2174,N
2025-02-000655-00,20251114,대구산업선 철도건설 제2공구(T/K) 사후환경영향조사용역,국가철도공단,PQ,3552351000,3570302894,100.5053525,건화+세기(자연),99.73,2848000000,99.9841,N
2025-02-000655-00,20251114,대구산업선 철도건설 제2공구(T/K) 사후환경영향조사용역,국가철도공단,PQ,3552351000,3570302894,100.5053525,이산+상평,99.5,2879700000,100.8957,N
2025-02-000655-00,20251114,대구산업선 철도건설 제2공구(T/K) 사후환경영향조사용역,국가철도공단,PQ,3552351000,3570302894,100.5053525,한종+AT,99.5,2842700000,99.5993,N
2025-02-000655-00,20251114,대구산업선 철도건설 제2공구(T/K) 사후환경영향조사용역,국가철도공단,PQ,3552351000,3570302894,100.5053525,동아+이씨드,99.48,2858744000,100.149,N
2025-02-000655-00,20251114,대구산업선 철도건설 제2공구(T/K) 사후환경영향조사용역,국가철도공단,PQ,3552351000,3570302894,100.5053525,수성+건일+유연+해담,99.48,2835488999,99.3343,N
2025-02-000655-00,20251114,대구산업선 철도건설 제2공구(T/K) 사후환경영향조사용역,국가철도공단,PQ,3552351000,3570302894,100.5053525,선진+휴엔트+씨엔에스,99.47,2870258000,100.5398,Y
2025-02-000655-00,20251114,대구산업선 철도건설 제2공구(T/K) 사후환경영향조사용역,국가철도공단,PQ,3552351000,3570302894,100.5053525,경화+한맥+DH,99.46,2872333000,100.6,N
2025-02-000655-00,20251114,대구산업선 철도건설 제2공구(T/K) 사후환경영향조사용역,국가철도공단,PQ,3552351000,3570302894,100.5053525,동성+PG,99.46,2836070000,99.3299,N
2025-02-000655-00,20251114,대구산업선 철도건설 제2공구(T/K) 사후환경영향조사용역,국가철도공단,PQ,3552351000,3570302894,100.5053525,동일+SD+우신,99.46,2835000000,99.2924,N
2025-02-000655-00,20251114,대구산업선 철도건설 제2공구(T/K) 사후환경영향조사용역,국가철도공단,PQ,3552351000,3570302894,100.5053525,유신+한환평+KCI+레오,99.46,2843313000,99.5836,N
2025-02-000655-00,20251114,대구산업선 철도건설 제2공구(T/K) 사후환경영향조사용역,국가철도공단,PQ,3552351000,3570302894,100.5053525,삼안+경동+이음,99.43,2828760000,99.0493,N
2025-02-000655-00,20251114,대구산업선 철도건설 제2공구(T/K) 사후환경영향조사용역,국가철도공단,PQ,3552351000,3570302894,100.5053525,세일+CK+KG,99.41,2880904000,100.8625,N
2025-02-000655-00,20251114,대구산업선 철도건설 제2공구(T/K) 사후환경영향조사용역,국가철도공단,PQ,3552351000,3570302894,100.5053525,신성+청림,99.41,2835880000,99.2862,N
2025-02-000655-00,20251114,대구산업선 철도건설 제2공구(T/K) 사후환경영향조사용역,국가철도공단,PQ,3552351000,3570302894,100.5053525,동해+새봄,99.4,2832170000,99.144,N
2025-02-000655-00,20251114,대구산업선 철도건설 제2공구(T/K) 사후환경영향조사용역,국가철도공단,PQ,3552351000,3570302894,100.5053525,홍익+호암+DS,99.39,2827550000,98.97,N
2025-02-000655-00,20251114,대구산업선 철도건설 제2공구(T/K) 사후환경영향조사용역,국가철도공단,PQ,3552351000,3570302894,100.5053525,서영+예평+효산,99.38,2885550000,101.0001,N
2025-02-000655-00,20251114,대구산업선 철도건설 제2공구(T/K) 사후환경영향조사용역,국가철도공단,PQ,3552351000,3570302894,100.5053525,다산+명보,99.37,2833047000,99.15,N
2025-02-000655-00,20251114,대구산업선 철도건설 제2공구(T/K) 사후환경영향조사용역,국가철도공단,PQ,3552351000,3570302894,100.5053525,도화+신일E+대한환경,99.33,2895500000,101.298,N
2025-02-000655-00,20251114,대구산업선 철도건설 제2공구(T/K) 사후환경영향조사용역,국가철도공단,PQ,3552351000,3570302894,100.5053525,대영+마린,99.27,2832000000,99.0272,N
2025-02-000655-00,20251114,대구산업선 철도건설 제2공구(T/K) 사후환경영향조사용역,국가철도공단,PQ,3552351000,3570302894,100.5053525,세광+제일+우리,99.21,2903300000,101.47,N
R25BK01155162-000,20251114,단장20지구 급경사지 붕괴위험지역 정비사업 기본 및 실시설계 용역,경상남도 밀양시,PQ,1214000000,1222749925,100.7207516,삼안+이도,99.87,980650000,100.8659,Y
R25BK01155162-000,20251114,단장20지구 급경사지 붕괴위험지역 정비사업 기본 및 실시설계 용역,경상남도 밀양시,PQ,1214000000,1222749925,100.7207516,수성,97.91,976300000,98.8751,N
R25BK01155162-000,20251114,단장20지구 급경사지 붕괴위험지역 정비사업 기본 및 실시설계 용역,경상남도 밀양시,PQ,1214000000,1222749925,100.7207516,유신+금성,97.88,998640000,101.1128,N
R25BK01155162-000,20251114,단장20지구 급경사지 붕괴위험지역 정비사업 기본 및 실시설계 용역,경상남도 밀양시,PQ,1214000000,1222749925,100.7207516,청명+미래+국성,97.84,1002749000,101.4914,N
R25BK01155162-000,20251114,단장20지구 급경사지 붕괴위험지역 정비사업 기본 및 실시설계 용역,경상남도 밀양시,PQ,1214000000,1222749925,100.7207516,극동+신화,97.79,979800000,99.1321,N
R25BK01155162-000,20251114,단장20지구 급경사지 붕괴위험지역 정비사업 기본 및 실시설계 용역,경상남도 밀양시,PQ,1214000000,1222749925,100.7207516,다산+화성,97.74,1000608000,101.2001,N
R25BK01155162-000,20251114,단장20지구 급경사지 붕괴위험지역 정비사업 기본 및 실시설계 용역,경상남도 밀양시,PQ,1214000000,1222749925,100.7207516,동진+한올,97.72,997961000,100.92,N
R25BK01155162-000,20251114,단장20지구 급경사지 붕괴위험지역 정비사업 기본 및 실시설계 용역,경상남도 밀양시,PQ,1214000000,1222749925,100.7207516,KG+현진,97.7,974070000,98.4798,N
R25BK01155162-000,20251114,단장20지구 급경사지 붕괴위험지역 정비사업 기본 및 실시설계 용역,경상남도 밀양시,PQ,1214000000,1222749925,100.7207516,한종,97.69,975260000,98.6001,N
R25BK01155162-000,20251114,단장20지구 급경사지 붕괴위험지역 정비사업 기본 및 실시설계 용역,경상남도 밀양시,PQ,1214000000,1222749925,100.7207516,이산+범한,97.67,975280000,98.5779,N
R25BK01155162-000,20251114,단장20지구 급경사지 붕괴위험지역 정비사업 기본 및 실시설계 용역,경상남도 밀양시,PQ,1214000000,1222749925,100.7207516,동부,97.64,974754000,98.5006,N
R25BK01155162-000,20251114,단장20지구 급경사지 붕괴위험지역 정비사업 기본 및 실시설계 용역,경상남도 밀양시,PQ,1214000000,1222749925,100.7207516,정,97.64,977085000,98.7361,N
R25BK01155162-000,20251114,단장20지구 급경사지 붕괴위험지역 정비사업 기본 및 실시설계 용역,경상남도 밀양시,PQ,1214000000,1222749925,100.7207516,건화+경화,97.63,1006380000,101.6964,N
R25BK01155162-000,20251114,단장20지구 급경사지 붕괴위험지역 정비사업 기본 및 실시설계 용역,경상남도 밀양시,PQ,1214000000,1222749925,100.7207516,신명,97.61,979990000,99.0175,N
R25BK01155162-000,20251114,단장20지구 급경사지 붕괴위험지역 정비사업 기본 및 실시설계 용역,경상남도 밀양시,PQ,1214000000,1222749925,100.7207516,선진+화신+하나,97.58,1003787000,101.3971,N
R25BK01155162-000,20251114,단장20지구 급경사지 붕괴위험지역 정비사업 기본 및 실시설계 용역,경상남도 밀양시,PQ,1214000000,1222749925,100.7207516,제일+동영기술단,97.55,1007000000,101.6967,N
R25BK01155162-000,20251114,단장20지구 급경사지 붕괴위험지역 정비사업 기본 및 실시설계 용역,경상남도 밀양시,PQ,1214000000,1222749925,100.7207516,KSM,97.55,1009100000,101.9088,N
R25BK01155162-000,20251114,단장20지구 급경사지 붕괴위험지역 정비사업 기본 및 실시설계 용역,경상남도 밀양시,PQ,1214000000,1222749925,100.7207516,도화+HK기술,97.52,1008180000,101.7909,N
R25BK01155162-000,20251114,단장20지구 급경사지 붕괴위험지역 정비사업 기본 및 실시설계 용역,경상남도 밀양시,PQ,1214000000,1222749925,100.7207516,동명+HEC,97.52,973600000,98.2996,N
R25BK01155162-000,20251114,단장20지구 급경사지 붕괴위험지역 정비사업 기본 및 실시설계 용역,경상남도 밀양시,PQ,1214000000,1222749925,100.7207516,서영+우진,97.52,1005300000,101.5001,N
R25BK01155162-000,20251114,단장20지구 급경사지 붕괴위험지역 정비사업 기본 및 실시설계 용역,경상남도 밀양시,PQ,1214000000,1222749925,100.7207516,동성+DS,97.49,999600000,100.8999,N
R25BK01155162-000,20251114,단장20지구 급경사지 붕괴위험지역 정비사업 기본 및 실시설계 용역,경상남도 밀양시,PQ,1214000000,1222749925,100.7207516,주하+서광+정림,97.49,1010499000,102.0001,N
R25BK01155162-000,20251114,단장20지구 급경사지 붕괴위험지역 정비사업 기본 및 실시설계 용역,경상남도 밀양시,PQ,1214000000,1222749925,100.7207516,KCI+서화,97.49,975240000,98.441,N
R25BK01155162-000,20251114,단장20지구 급경사지 붕괴위험지역 정비사업 기본 및 실시설계 용역,경상남도 밀양시,PQ,1214000000,1222749925,100.7207516,경호+창미,97.46,1011900000,102.1165,N
R25BK01155162-000,20251114,단장20지구 급경사지 붕괴위험지역 정비사업 기본 및 실시설계 용역,경상남도 밀양시,PQ,1214000000,1222749925,100.7207516,경동,97.34,1010149000,101.8399,N
R25BK01154896-000,20251114,부산~양산~울산 광역철도 건설사업 전략환경영향평가용역,국토교통부,PQ,735197000,738744375,100.4825067,건화+이음+세기,100,630190000,100.2599,N
R25BK01154896-000,20251114,부산~양산~울산 광역철도 건설사업 전략환경영향평가용역,국토교통부,PQ,735197000,738744375,100.4825067,경동+CNS,100,629429000,100.1388,N
R25BK01154896-000,20251114,부산~양산~울산 광역철도 건설사업 전략환경영향평가용역,국토교통부,PQ,735197000,738744375,100.4825067,경호+빈텍,100,628200000,99.9433,N
R25BK01154896-000,20251114,부산~양산~울산 광역철도 건설사업 전략환경영향평가용역,국토교통부,PQ,735197000,738744375,100.4825067,경화+아라+라임,100,630254000,100.27,N
R25BK01154896-000,20251114,부산~양산~울산 광역철도 건설사업 전략환경영향평가용역,국토교통부,PQ,735197000,738744375,100.4825067,극동+엔탑,100,628241000,99.9498,N
R25BK01154896-000,20251114,부산~양산~울산 광역철도 건설사업 전략환경영향평가용역,국토교통부,PQ,735197000,738744375,100.4825067,다산+청호,100,624472000,99.3502,N
R25BK01154896-000,20251114,부산~양산~울산 광역철도 건설사업 전략환경영향평가용역,국토교통부,PQ,735197000,738744375,100.4825067,대영+마린,100,630320000,100.2805,N
R25BK01154896-000,20251114,부산~양산~울산 광역철도 건설사업 전략환경영향평가용역,국토교통부,PQ,735197000,738744375,100.4825067,도화+신일E+대현종합,100,626630000,99.6935,N
R25BK01154896-000,20251114,부산~양산~울산 광역철도 건설사업 전략환경영향평가용역,국토교통부,PQ,735197000,738744375,100.4825067,동명+명보,100,629150000,100.0944,N
R25BK01154896-000,20251114,부산~양산~울산 광역철도 건설사업 전략환경영향평가용역,국토교통부,PQ,735197000,738744375,100.4825067,동부+건일,100,634216000,100.9004,N
R25BK01154896-000,20251114,부산~양산~울산 광역철도 건설사업 전략환경영향평가용역,국토교통부,PQ,735197000,738744375,100.4825067,동성+피지,100,630945000,100.38,N
R25BK01154896-000,20251114,부산~양산~울산 광역철도 건설사업 전략환경영향평가용역,국토교통부,PQ,735197000,738744375,100.4825067,동아+이씨드,100,629147000,100.0939,N
R25BK01154896-000,20251114,부산~양산~울산 광역철도 건설사업 전략환경영향평가용역,국토교통부,PQ,735197000,738744375,100.4825067,동일+다원+원정,100,628745000,100.03,N
R25BK01154896-000,20251114,부산~양산~울산 광역철도 건설사업 전략환경영향평가용역,국토교통부,PQ,735197000,738744375,100.4825067,동해+누리,100,628978000,100.067,N
R25BK01154896-000,20251114,부산~양산~울산 광역철도 건설사업 전략환경영향평가용역,국토교통부,PQ,735197000,738744375,100.4825067,삼영+지아이,100,641000000,101.9797,N
R25BK01154896-000,20251114,부산~양산~울산 광역철도 건설사업 전략환경영향평가용역,국토교통부,PQ,735197000,738744375,100.4825067,서영+효산,100,630630000,100.3299,N
R25BK01154896-000,20251114,부산~양산~울산 광역철도 건설사업 전략환경영향평가용역,국토교통부,PQ,735197000,738744375,100.4825067,선진+휴엔트,100,628689000,100.0211,N
R25BK01154896-000,20251114,부산~양산~울산 광역철도 건설사업 전략환경영향평가용역,국토교통부,PQ,735197000,738744375,100.4825067,세광+삼안+새봄,100,630945000,100.38,N
R25BK01154896-000,20251114,부산~양산~울산 광역철도 건설사업 전략환경영향평가용역,국토교통부,PQ,735197000,738744375,100.4825067,세일+해담,100,633082000,100.72,Y
R25BK01154896-000,20251114,부산~양산~울산 광역철도 건설사업 전략환경영향평가용역,국토교통부,PQ,735197000,738744375,100.4825067,수성,100,625398000,99.4975,N
R25BK01154896-000,20251114,부산~양산~울산 광역철도 건설사업 전략환경영향평가용역,국토교통부,PQ,735197000,738744375,100.4825067,신성+SD,100,626580000,99.6855,N
R25BK01154896-000,20251114,부산~양산~울산 광역철도 건설사업 전략환경영향평가용역,국토교통부,PQ,735197000,738744375,100.4825067,유신+신일+레오,100,628327000,99.9635,N
R25BK01154896-000,20251114,부산~양산~울산 광역철도 건설사업 전략환경영향평가용역,국토교통부,PQ,735197000,738744375,100.4825067,이산+상평,100,631487000,100.4662,N
R25BK01154896-000,20251114,부산~양산~울산 광역철도 건설사업 전략환경영향평가용역,국토교통부,PQ,735197000,738744375,100.4825067,제일+우리비앤지,100,628800000,100.0387,N
R25BK01154896-000,20251114,부산~양산~울산 광역철도 건설사업 전략환경영향평가용역,국토교통부,PQ,735197000,738744375,100.4825067,한맥+대종,100,628990000,100.0689,N
R25BK01154896-000,20251114,부산~양산~울산 광역철도 건설사업 전략환경영향평가용역,국토교통부,PQ,735197000,738744375,100.4825067,한종+AT,100,630440000,100.2996,N
R25BK01154896-000,20251114,부산~양산~울산 광역철도 건설사업 전략환경영향평가용역,국토교통부,PQ,735197000,738744375,100.4825067,홍익+대한환평,100,628480000,99.9878,N
R25BK01154896-000,20251114,부산~양산~울산 광역철도 건설사업 전략환경영향평가용역,국토교통부,PQ,735197000,738744375,100.4825067,화신+중천,100,631070000,100.3999,N
R25BK01154896-000,20251114,부산~양산~울산 광역철도 건설사업 전략환경영향평가용역,국토교통부,PQ,735197000,738744375,100.4825067,DS+장원,100,628494000,99.99,N
R25BK01154896-000,20251114,부산~양산~울산 광역철도 건설사업 전략환경영향평가용역,국토교통부,PQ,735197000,738744375,100.4825067,KCI+예평+가온,100,631257000,100.4296,N
R25BK01154896-000,20251114,부산~양산~울산 광역철도 건설사업 전략환경영향평가용역,국토교통부,PQ,735197000,738744375,100.4825067,KG,100,624400000,99.3387,N
R25BK01154896-000,20251114,부산~양산~울산 광역철도 건설사업 전략환경영향평가용역,국토교통부,PQ,735197000,738744375,100.4825067,우신+현대,99.32,626280000,99.4401,N
R25BK01154896-000,20251114,부산~양산~울산 광역철도 건설사업 전략환경영향평가용역,국토교통부,PQ,735197000,738744375,100.4825067,장맥+진화+부경,97.88,645100000,101.9996,N
R25BK01155661-000,20251114,중조솥골지구 풍수해생활권 종합정비사업 기본 및 실시설계 용역,경상북도 봉화군,PQ,3668000000,3659902925,99.77925095,도화+중앙방재,100,2963770000,101.0072,Y
R25BK01155661-000,20251114,중조솥골지구 풍수해생활권 종합정비사업 기본 및 실시설계 용역,경상북도 봉화군,PQ,3668000000,3659902925,99.77925095,동명+명성,97.58,2958200000,98.901,N
R25BK01155661-000,20251114,중조솥골지구 풍수해생활권 종합정비사업 기본 및 실시설계 용역,경상북도 봉화군,PQ,3668000000,3659902925,99.77925095,한종+주하,97.58,2954500000,98.7773,N
R25BK01155661-000,20251114,중조솥골지구 풍수해생활권 종합정비사업 기본 및 실시설계 용역,경상북도 봉화군,PQ,3668000000,3659902925,99.77925095,건화+반석(정도),97.55,2958000000,98.8701,N
R25BK01155661-000,20251114,중조솥골지구 풍수해생활권 종합정비사업 기본 및 실시설계 용역,경상북도 봉화군,PQ,3668000000,3659902925,99.77925095,경원+화신+세원,97.55,3056987770,102.1787,N
R25BK01155661-000,20251114,중조솥골지구 풍수해생활권 종합정비사업 기본 및 실시설계 용역,경상북도 봉화군,PQ,3668000000,3659902925,99.77925095,극동+용마,97.55,3025013000,101.11,N
R25BK01155661-000,20251114,중조솥골지구 풍수해생활권 종합정비사업 기본 및 실시설계 용역,경상북도 봉화군,PQ,3668000000,3659902925,99.77925095,동부+한도,97.55,3024725000,101.1004,N
R25BK01155661-000,20251114,중조솥골지구 풍수해생활권 종합정비사업 기본 및 실시설계 용역,경상북도 봉화군,PQ,3668000000,3659902925,99.77925095,동성+진화,97.55,2949320000,98.58,N
R25BK01155661-000,20251114,중조솥골지구 풍수해생활권 종합정비사업 기본 및 실시설계 용역,경상북도 봉화군,PQ,3668000000,3659902925,99.77925095,동진+신화,97.55,3023817000,101.07,N
R25BK01155661-000,20251114,중조솥골지구 풍수해생활권 종합정비사업 기본 및 실시설계 용역,경상북도 봉화군,PQ,3668000000,3659902925,99.77925095,삼안+현대기술,97.55,2953940000,98.7344,N
R25BK01155661-000,20251114,중조솥골지구 풍수해생활권 종합정비사업 기본 및 실시설계 용역,경상북도 봉화군,PQ,3668000000,3659902925,99.77925095,서영+한주,97.55,3029200000,101.2499,N
R25BK01155661-000,20251114,중조솥골지구 풍수해생활권 종합정비사업 기본 및 실시설계 용역,경상북도 봉화군,PQ,3668000000,3659902925,99.77925095,수성+보원,97.55,2954120000,98.7404,N
R25BK01155661-000,20251114,중조솥골지구 풍수해생활권 종합정비사업 기본 및 실시설계 용역,경상북도 봉화군,PQ,3668000000,3659902925,99.77925095,이산+강산,97.55,2954702000,98.7599,N
R25BK01155661-000,20251114,중조솥골지구 풍수해생활권 종합정비사업 기본 및 실시설계 용역,경상북도 봉화군,PQ,3668000000,3659902925,99.77925095,청명+신명,97.55,3042664000,101.7,N
R25BK01155661-000,20251114,중조솥골지구 풍수해생활권 종합정비사업 기본 및 실시설계 용역,경상북도 봉화군,PQ,3668000000,3659902925,99.77925095,KG+보람,97.55,2946920000,98.4998,N
R25BK01155661-000,20251114,중조솥골지구 풍수해생활권 종합정비사업 기본 및 실시설계 용역,경상북도 봉화군,PQ,3668000000,3659902925,99.77925095,KSM+해인+도원디엔씨,97.55,3037700000,101.5341,N
R25BK01155661-000,20251114,중조솥골지구 풍수해생활권 종합정비사업 기본 및 실시설계 용역,경상북도 봉화군,PQ,3668000000,3659902925,99.77925095,다산+내경+금일,97.54,3049920000,101.93,N
R25BK01155661-000,20251114,중조솥골지구 풍수해생활권 종합정비사업 기본 및 실시설계 용역,경상북도 봉화군,PQ,3668000000,3659902925,99.77925095,정+아라,97.53,2968597000,99.2,N
R25BK01155661-000,20251114,중조솥골지구 풍수해생활권 종합정비사업 기본 및 실시설계 용역,경상북도 봉화군,PQ,3668000000,3659902925,99.77925095,건일+새론,97.45,3048850000,101.8194,N
R25BK01155661-000,20251114,중조솥골지구 풍수해생활권 종합정비사업 기본 및 실시설계 용역,경상북도 봉화군,PQ,3668000000,3659902925,99.77925095,KCI+서화+KD,97.29,3050000000,101.7331,N
R25BK01155661-000,20251114,중조솥골지구 풍수해생활권 종합정비사업 기본 및 실시설계 용역,경상북도 봉화군,PQ,3668000000,3659902925,99.77925095,서광+태성,97.26,2955000000,98.5403,N
R25BK01155661-000,20251114,중조솥골지구 풍수해생활권 종합정비사업 기본 및 실시설계 용역,경상북도 봉화군,PQ,3668000000,3659902925,99.77925095,경동+청우,97.23,3058570000,101.9691,N
R25BK01155661-000,20251114,중조솥골지구 풍수해생활권 종합정비사업 기본 및 실시설계 용역,경상북도 봉화군,PQ,3668000000,3659902925,99.77925095,유신+온담,93.69,3174600000,102.991,N
R25BK01155661-000,20251114,중조솥골지구 풍수해생활권 종합정비사업 기본 및 실시설계 용역,경상북도 봉화군,PQ,3668000000,3659902925,99.77925095,경호+해동,92.28,3187000000,102.2857,N
R25BK01156188-000,20251114,사드기지 진입 우회도로 개설공사 기본 및 실시설계용역,경상북도 성주군,PQ,1938000000,1931018400,99.63975232,유신+해동,99.94,1565729000,100.9445,Y
R25BK01156188-000,20251114,사드기지 진입 우회도로 개설공사 기본 및 실시설계용역,경상북도 성주군,PQ,1938000000,1931018400,99.63975232,극동+드림+바우,97.46,1601980000,101.2698,N
R25BK01156188-000,20251114,사드기지 진입 우회도로 개설공사 기본 및 실시설계용역,경상북도 성주군,PQ,1938000000,1931018400,99.63975232,동성+상금,97.46,1603722000,101.38,N
R25BK01156188-000,20251114,사드기지 진입 우회도로 개설공사 기본 및 실시설계용역,경상북도 성주군,PQ,1938000000,1931018400,99.63975232,동일+보우,97.46,1563900000,98.8626,N
R25BK01156188-000,20251114,사드기지 진입 우회도로 개설공사 기본 및 실시설계용역,경상북도 성주군,PQ,1938000000,1931018400,99.63975232,서영+반석,97.46,1603250000,101.3501,N
R25BK01156188-000,20251114,사드기지 진입 우회도로 개설공사 기본 및 실시설계용역,경상북도 성주군,PQ,1938000000,1931018400,99.63975232,수성+청명,97.46,1563000000,98.8057,N
R25BK01156188-000,20251114,사드기지 진입 우회도로 개설공사 기본 및 실시설계용역,경상북도 성주군,PQ,1938000000,1931018400,99.63975232,"KCI+건화(해동,세일)",97.45,1563760000,98.8416,N
R25BK01156188-000,20251114,사드기지 진입 우회도로 개설공사 기본 및 실시설계용역,경상북도 성주군,PQ,1938000000,1931018400,99.63975232,삼안+주하+일신,97.45,1562330000,98.7513,N
R25BK01156188-000,20251114,사드기지 진입 우회도로 개설공사 기본 및 실시설계용역,경상북도 성주군,PQ,1938000000,1931018400,99.63975232,제일+KSM+태성종합,97.45,1602370000,101.2821,N
R25BK01156188-000,20251114,사드기지 진입 우회도로 개설공사 기본 및 실시설계용역,경상북도 성주군,PQ,1938000000,1931018400,99.63975232,경동+청우,97.44,1561946000,98.727,N
R25BK01156188-000,20251114,사드기지 진입 우회도로 개설공사 기본 및 실시설계용역,경상북도 성주군,PQ,1938000000,1931018400,99.63975232,경호+명성,97.44,1558880000,98.5332,N
R25BK01156188-000,20251114,사드기지 진입 우회도로 개설공사 기본 및 실시설계용역,경상북도 성주군,PQ,1938000000,1931018400,99.63975232,다산+동명+도화,97.44,1560729000,98.6501,N
R25BK01156188-000,20251114,사드기지 진입 우회도로 개설공사 기본 및 실시설계용역,경상북도 성주군,PQ,1938000000,1931018400,99.63975232,동해+동진,97.44,1568000000,99.1096,N
R25BK01156188-000,20251114,사드기지 진입 우회도로 개설공사 기본 및 실시설계용역,경상북도 성주군,PQ,1938000000,1931018400,99.63975232,이산+강산,97.44,1595535000,100.8501,N
R25BK01156188-000,20251114,사드기지 진입 우회도로 개설공사 기본 및 실시설계용역,경상북도 성주군,PQ,1938000000,1931018400,99.63975232,한종+한도,97.44,1558280000,98.4953,N
R25BK01156188-000,20251114,사드기지 진입 우회도로 개설공사 기본 및 실시설계용역,경상북도 성주군,PQ,1938000000,1931018400,99.63975232,한맥+새론+동부,97.42,1603070000,101.3015,N
R25BK01156188-000,20251114,사드기지 진입 우회도로 개설공사 기본 및 실시설계용역,경상북도 성주군,PQ,1938000000,1931018400,99.63975232,보람+KG,97.42,1605890000,101.4797,N
R25BK01156188-000,20251114,사드기지 진입 우회도로 개설공사 기본 및 실시설계용역,경상북도 성주군,PQ,1938000000,1931018400,99.63975232,장맥+해인,97.42,1567170000,99.0329,N
R25BK01156188-000,20251114,사드기지 진입 우회도로 개설공사 기본 및 실시설계용역,경상북도 성주군,PQ,1938000000,1931018400,99.63975232,건일+정도,97.42,1564000000,98.8326,N
R25BK01156188-000,20251114,사드기지 진입 우회도로 개설공사 기본 및 실시설계용역,경상북도 성주군,PQ,1938000000,1931018400,99.63975232,홍익+온담,97.33,1613530000,101.9001,N
R25BK01156188-000,20251114,사드기지 진입 우회도로 개설공사 기본 및 실시설계용역,경상북도 성주군,PQ,1938000000,1931018400,99.63975232,진우+보원,97.1,1616020000,101.8703,N
R25BK01156188-000,20251114,사드기지 진입 우회도로 개설공사 기본 및 실시설계용역,경상북도 성주군,PQ,1938000000,1931018400,99.63975232,태조+라움+현대이엔지,95.36,1638813000,101.925,N
R25BK01156132-000,20251114,상하모지구 우수저류시설 설치공사 건설사업관리용역,제주특별자치도 서귀포시,PQ,1318276000,1340482400,101.6845031,동일+태신,99.72,1066300000,100.8867,N
R25BK01156132-000,20251114,상하모지구 우수저류시설 설치공사 건설사업관리용역,제주특별자치도 서귀포시,PQ,1318276000,1340482400,101.6845031,건화+해진,99.53,1056690000,99.8157,N
R25BK01156132-000,20251114,상하모지구 우수저류시설 설치공사 건설사업관리용역,제주특별자치도 서귀포시,PQ,1318276000,1340482400,101.6845031,수성+JPM,99.37,1060000000,100.0038,N
R25BK01156132-000,20251114,상하모지구 우수저류시설 설치공사 건설사업관리용역,제주특별자치도 서귀포시,PQ,1318276000,1340482400,101.6845031,KCI+청풍,99.32,1055890000,99.5789,N
R25BK01156132-000,20251114,상하모지구 우수저류시설 설치공사 건설사업관리용역,제주특별자치도 서귀포시,PQ,1318276000,1340482400,101.6845031,KSM+한라+도화,99.22,1071710000,100.9955,N
R25BK01156132-000,20251114,상하모지구 우수저류시설 설치공사 건설사업관리용역,제주특별자치도 서귀포시,PQ,1318276000,1340482400,101.6845031,이산+제원,99.2,1053870000,99.2896,N
R25BK01156132-000,20251114,상하모지구 우수저류시설 설치공사 건설사업관리용역,제주특별자치도 서귀포시,PQ,1318276000,1340482400,101.6845031,다산+리뉴,99.03,1050106000,98.8,N
R25BK01156132-000,20251114,상하모지구 우수저류시설 설치공사 건설사업관리용역,제주특별자치도 서귀포시,PQ,1318276000,1340482400,101.6845031,동성+해오름,99.02,1076466000,101.2801,N
R25BK01156132-000,20251114,상하모지구 우수저류시설 설치공사 건설사업관리용역,제주특별자치도 서귀포시,PQ,1318276000,1340482400,101.6845031,서영+한일,98.85,1078200000,101.3051,N
R25BK01156132-000,20251114,상하모지구 우수저류시설 설치공사 건설사업관리용역,제주특별자치도 서귀포시,PQ,1318276000,1340482400,101.6845031,극동+부림 ,98.75,1097000000,102.9949,Y
R25BK01156132-000,20251114,상하모지구 우수저류시설 설치공사 건설사업관리용역,제주특별자치도 서귀포시,PQ,1318276000,1340482400,101.6845031,한종+인트랜,98.74,1080250000,101.4097,N
R25BK01156138-000,20251114,군산시 노후하수관로 정비사업(2단계) 기본 및 실시설계용역,전북특별자치도 군산시 기후환경국,PQ,2338652800,2321902225,99.2837511,삼안+국성건설,98.57,1904100000,100.6225,N
R25BK01156138-000,20251114,군산시 노후하수관로 정비사업(2단계) 기본 및 실시설계용역,전북특별자치도 군산시 기후환경국,PQ,2338652800,2321902225,99.2837511,한종+성원,98.14,1893200000,99.7014,Y
R25BK01156138-000,20251114,군산시 노후하수관로 정비사업(2단계) 기본 및 실시설계용역,전북특별자치도 군산시 기후환경국,PQ,2338652800,2321902225,99.2837511,유신+한가람,98,1919728000,100.999,N
R25BK01156138-000,20251114,군산시 노후하수관로 정비사업(2단계) 기본 및 실시설계용역,전북특별자치도 군산시 기후환경국,PQ,2338652800,2321902225,99.2837511,건화+인우(주영),97.9,1911600000,100.4848,N
R25BK01156138-000,20251114,군산시 노후하수관로 정비사업(2단계) 기본 및 실시설계용역,전북특별자치도 군산시 기후환경국,PQ,2338652800,2321902225,99.2837511,선진+조화,97.78,1917537000,100.6979,N
R25BK01156138-000,20251114,군산시 노후하수관로 정비사업(2단계) 기본 및 실시설계용역,전북특별자치도 군산시 기후환경국,PQ,2338652800,2321902225,99.2837511,화신+고산,97.74,1888340000,99.1403,N
R25BK01156138-000,20251114,군산시 노후하수관로 정비사업(2단계) 기본 및 실시설계용역,전북특별자치도 군산시 기후환경국,PQ,2338652800,2321902225,99.2837511,경동+세화,97.7,1883759000,98.8633,N
R25BK01156138-000,20251114,군산시 노후하수관로 정비사업(2단계) 기본 및 실시설계용역,전북특별자치도 군산시 기후환경국,PQ,2338652800,2321902225,99.2837511,동명+더한,97.7,1888200000,99.0964,N
R25BK01156138-000,20251114,군산시 노후하수관로 정비사업(2단계) 기본 및 실시설계용역,전북특별자치도 군산시 기후환경국,PQ,2338652800,2321902225,99.2837511,KG+태영,97.64,1927700000,101.1198,N
R25BK01156138-000,20251114,군산시 노후하수관로 정비사업(2단계) 기본 및 실시설계용역,전북특별자치도 군산시 기후환경국,PQ,2338652800,2321902225,99.2837511,제일+가온,97.6,1930900000,101.2628,N
R25BK01156138-000,20251114,군산시 노후하수관로 정비사업(2단계) 기본 및 실시설계용역,전북특별자치도 군산시 기후환경국,PQ,2338652800,2321902225,99.2837511,범한+신한,97.5,1931694000,101.23,N
R25BK01156138-000,20251114,군산시 노후하수관로 정비사업(2단계) 기본 및 실시설계용역,전북특별자치도 군산시 기후환경국,PQ,2338652800,2321902225,99.2837511,이산+JCN,97.5,1879700000,98.5052,N
R25BK01156138-000,20251114,군산시 노후하수관로 정비사업(2단계) 기본 및 실시설계용역,전북특별자치도 군산시 기후환경국,PQ,2338652800,2321902225,99.2837511,정+대도,97.5,1932661000,101.2806,N
R25BK01156138-000,20251114,군산시 노후하수관로 정비사업(2단계) 기본 및 실시설계용역,전북특별자치도 군산시 기후환경국,PQ,2338652800,2321902225,99.2837511,홍익+세종,97.5,1933030000,101.3,N
R25BK01156138-000,20251114,군산시 노후하수관로 정비사업(2단계) 기본 및 실시설계용역,전북특별자치도 군산시 기후환경국,PQ,2338652800,2321902225,99.2837511,도화+현성E+경화,97.47,1934850000,101.3705,N
R25BK01156138-000,20251114,군산시 노후하수관로 정비사업(2단계) 기본 및 실시설계용역,전북특별자치도 군산시 기후환경국,PQ,2338652800,2321902225,99.2837511,수성+범산,97.44,1936000000,101.4059,N
R25BK01156138-000,20251114,군산시 노후하수관로 정비사업(2단계) 기본 및 실시설계용역,전북특별자치도 군산시 기후환경국,PQ,2338652800,2321902225,99.2837511,경호+대성기술,97.37,1881290000,98.4799,N
R25BK01156138-000,20251114,군산시 노후하수관로 정비사업(2단계) 기본 및 실시설계용역,전북특별자치도 군산시 기후환경국,PQ,2338652800,2321902225,99.2837511,삼주+삼화,97.34,1939076000,101.48,N
R25BK01156138-000,20251114,군산시 노후하수관로 정비사업(2단계) 기본 및 실시설계용역,전북특별자치도 군산시 기후환경국,PQ,2338652800,2321902225,99.2837511,동해+태하,97.33,1882115000,98.499,N
R25BK01156138-000,20251114,군산시 노후하수관로 정비사업(2단계) 기본 및 실시설계용역,전북특별자치도 군산시 기후환경국,PQ,2338652800,2321902225,99.2837511,드림+이룸+다산,97.3,1929400000,100.9489,N
R25BK01156138-000,20251114,군산시 노후하수관로 정비사업(2단계) 기본 및 실시설계용역,전북특별자치도 군산시 기후환경국,PQ,2338652800,2321902225,99.2837511,HEC+다온+바셈,97.14,1942570000,101.5014,N
R25BK01156138-000,20251114,군산시 노후하수관로 정비사업(2단계) 기본 및 실시설계용역,전북특별자치도 군산시 기후환경국,PQ,2338652800,2321902225,99.2837511,동성+태원+정원,96.39,1964000000,102.0227,N
R25BK01156138-000,20251114,군산시 노후하수관로 정비사업(2단계) 기본 및 실시설계용역,전북특별자치도 군산시 기후환경국,PQ,2338652800,2321902225,99.2837511,한주+건일+서영,95.05,2190000000,112.5998,N
R25BK01155889-000,20251114,명륜-4 소구역 하수관로 정비공사 감독권한대행 등 건설사업관리용역,서울특별시 종로구,PQ,4805000000,4782200300,99.52550052,삼안+태조+우리기술,99.99,3858470000,100.3702,Y
R25BK01155889-000,20251114,명륜-4 소구역 하수관로 정비공사 감독권한대행 등 건설사업관리용역,서울특별시 종로구,PQ,4805000000,4782200300,99.52550052,동일+제일+경호,99.03,3862300000,99.6972,N
R25BK01155889-000,20251114,명륜-4 소구역 하수관로 정비공사 감독권한대행 등 건설사업관리용역,서울특별시 종로구,PQ,4805000000,4782200300,99.52550052,동해+HEC+KSM+이준,99.03,3853770000,99.477,N
R25BK01155889-000,20251114,명륜-4 소구역 하수관로 정비공사 감독권한대행 등 건설사업관리용역,서울특별시 종로구,PQ,4805000000,4782200300,99.52550052,건화+대콘+신명(석우),99.01,3849300000,99.3493,N
R25BK01155889-000,20251114,명륜-4 소구역 하수관로 정비공사 감독권한대행 등 건설사업관리용역,서울특별시 종로구,PQ,4805000000,4782200300,99.52550052,서영+진우+극동,98.87,3927330000,101.2502,N
R25BK01155889-000,20251114,명륜-4 소구역 하수관로 정비공사 감독권한대행 등 건설사업관리용역,서울특별시 종로구,PQ,4805000000,4782200300,99.52550052,경동+한맥+오이디,98.77,3838890000,98.8966,N
R25BK01155889-000,20251114,명륜-4 소구역 하수관로 정비공사 감독권한대행 등 건설사업관리용역,서울특별시 종로구,PQ,4805000000,4782200300,99.52550052,선진+유신+수성,98.6,3920818000,100.8699,N
R25BK01155889-000,20251114,명륜-4 소구역 하수관로 정비공사 감독권한대행 등 건설사업관리용역,서울특별시 종로구,PQ,4805000000,4782200300,99.52550052,한종+국제+동명,98.46,3939800000,101.2456,N
R25BK01155889-000,20251114,명륜-4 소구역 하수관로 정비공사 감독권한대행 등 건설사업관리용역,서울특별시 종로구,PQ,4805000000,4782200300,99.52550052,도화+다음+이산+삼우CM,98.45,3850000000,98.9257,N
R25BK01155889-000,20251114,명륜-4 소구역 하수관로 정비공사 감독권한대행 등 건설사업관리용역,서울특별시 종로구,PQ,4805000000,4782200300,99.52550052,범한+드림,98.25,4000000000,102.6279,N
R25BK01157461 - 000,20251117,2025년 당진시(장고항) 어촌신활력증진사업(유형1) 기본계획 및 실시설계용역,한국어촌어항공단,SOQ,1471030000,1451185875,98.65100474,대영+세일+아라,99.16,1185700000,100.0849,Y
R25BK01157461 - 000,20251117,2025년 당진시(장고항) 어촌신활력증진사업(유형1) 기본계획 및 실시설계용역,한국어촌어항공단,SOQ,1471030000,1451185875,98.65100474,건화+세광+서영(수성E),98.46,1375000000,115.4188,N
R25BK01157723-000,20251117,"구미 제1국가산업단지 재생계획 변경, 활성화계획 및 재생시행계획 수립용역",구미도시공사,PQ,1541000000,1541000000,100,"건화+삼보(라움,참,에스씨)",91.0875,1464000000,95.0032,Y
9251990-00,20251110,경부선 추풍령_상동간 작업자 이동통로확보를 위한 기술조사및실시설계용역,한국철도공사,PQ,1065760000,1071872474,100.5735319,삼안,100,913737000,100.2816,N
9251990-00,20251110,경부선 추풍령_상동간 작업자 이동통로확보를 위한 기술조사및실시설계용역,한국철도공사,PQ,1065760000,1071872474,100.5735319,태조+이산,99.76,911491000,99.9649,N
9251990-00,20251110,경부선 추풍령_상동간 작업자 이동통로확보를 위한 기술조사및실시설계용역,한국철도공사,PQ,1065760000,1071872474,100.5735319,신성+다산,99.72,908800000,99.6581,N
9251990-00,20251110,경부선 추풍령_상동간 작업자 이동통로확보를 위한 기술조사및실시설계용역,한국철도공사,PQ,1065760000,1071872474,100.5735319,수성+경호,99.18,909847000,99.61,N
9251990-00,20251110,경부선 추풍령_상동간 작업자 이동통로확보를 위한 기술조사및실시설계용역,한국철도공사,PQ,1065760000,1071872474,100.5735319,대콘+건화,99.06,907777000,99.3486,N
9251990-00,20251110,경부선 추풍령_상동간 작업자 이동통로확보를 위한 기술조사및실시설계용역,한국철도공사,PQ,1065760000,1071872474,100.5735319,KRTC+선진,98.72,926635000,101.3179,N
9251990-00,20251110,경부선 추풍령_상동간 작업자 이동통로확보를 위한 기술조사및실시설계용역,한국철도공사,PQ,1065760000,1071872474,100.5735319,서영,98.6,922680000,100.8502,Y
9251990-00,20251110,경부선 추풍령_상동간 작업자 이동통로확보를 위한 기술조사및실시설계용역,한국철도공사,PQ,1065760000,1071872474,100.5735319,선구+동서,95.82,934900000,101.3593,N
9251990-00,20251110,경부선 추풍령_상동간 작업자 이동통로확보를 위한 기술조사및실시설계용역,한국철도공사,PQ,1065760000,1071872474,100.5735319,대건+동해,93.12,944310500,101.5931,N
9252000-00,20251111,경부선 노량진 평택구간 작업자 이동통로 확보를 위한 기술조사 및 실시설계용역,한국철도공사,PQ,686526500,685961911,99.91776151,다산+신성,99.72,588895000,100.25,N
9252000-00,20251111,경부선 노량진 평택구간 작업자 이동통로 확보를 위한 기술조사 및 실시설계용역,한국철도공사,PQ,686526500,685961911,99.91776151,삼안,99.7,588500000,100.1711,Y
9252000-00,20251111,경부선 노량진 평택구간 작업자 이동통로 확보를 위한 기술조사 및 실시설계용역,한국철도공사,PQ,686526500,685961911,99.91776151,이산+태조,99.54,587200000,99.9031,N
9252000-00,20251111,경부선 노량진 평택구간 작업자 이동통로 확보를 위한 기술조사 및 실시설계용역,한국철도공사,PQ,686526500,685961911,99.91776151,건화+대콘,99.34,584399000,99.3685,N
9252000-00,20251111,경부선 노량진 평택구간 작업자 이동통로 확보를 위한 기술조사 및 실시설계용역,한국철도공사,PQ,686526500,685961911,99.91776151,KRTC+선진,99.04,594479000,100.9999,N
9252000-00,20251111,경부선 노량진 평택구간 작업자 이동통로 확보를 위한 기술조사 및 실시설계용역,한국철도공사,PQ,686526500,685961911,99.91776151,서영,99,593670000,100.8507,N
9252000-00,20251111,경부선 노량진 평택구간 작업자 이동통로 확보를 위한 기술조사 및 실시설계용역,한국철도공사,PQ,686526500,685961911,99.91776151,선구+동서,95.92,601900000,101.3388,N
9252000-00,20251111,경부선 노량진 평택구간 작업자 이동통로 확보를 위한 기술조사 및 실시설계용역,한국철도공사,PQ,686526500,685961911,99.91776151,대건+동해,92.98,604305330,100.8809,N
P2025-00237-1,20251113,라오스 버리캄싸이주 상수도 확충 및 개선사업 (2025-2029/600만불) PMC 용역,한국국제협력단,협상,2259441595,2259441595,100,이산+건화,93.6444,2180410000,96.5022,Y
P2025-00237-1,20251113,라오스 버리캄싸이주 상수도 확충 및 개선사업 (2025-2029/600만불) PMC 용역,한국국제협력단,협상,2259441595,2259441595,100,삼안,93.6444,2193900000,97.0992,N
R25BK01160030-000,20251117,사천시 수도정비계획(변경) 수립 용역,경상남도 사천시,PQ,2000000000,1993480000,99.674,경화+한종+선진,100,1602300000,100.15,Y
R25BK01160030-000,20251117,사천시 수도정비계획(변경) 수립 용역,경상남도 사천시,PQ,2000000000,1993480000,99.674,삼안+수성+우진,99.97,1610620000,100.6449,N
R25BK01160030-000,20251117,사천시 수도정비계획(변경) 수립 용역,경상남도 사천시,PQ,2000000000,1993480000,99.674,도화+한성,99.96,1594898000,99.65,N
R25BK01160030-000,20251117,사천시 수도정비계획(변경) 수립 용역,경상남도 사천시,PQ,2000000000,1993480000,99.674,동명+한올,99.65,1619740000,100.9498,N
R25BK01160030-000,20251117,사천시 수도정비계획(변경) 수립 용역,경상남도 사천시,PQ,2000000000,1993480000,99.674,건화+범한,99.59,1590600000,99.0843,N
R25BK01160030-000,20251117,사천시 수도정비계획(변경) 수립 용역,경상남도 사천시,PQ,2000000000,1993480000,99.674,화신+신화,99.53,1622965000,101.0501,N
R25BK01160030-000,20251117,사천시 수도정비계획(변경) 수립 용역,경상남도 사천시,PQ,2000000000,1993480000,99.674,KG+KSM,99.48,1619870000,100.8197,N
R25BK01160030-000,20251117,사천시 수도정비계획(변경) 수립 용역,경상남도 사천시,PQ,2000000000,1993480000,99.674,이산+로텍,99.36,1592180000,99.01,N
R25BK01160030-000,20251117,사천시 수도정비계획(변경) 수립 용역,경상남도 사천시,PQ,2000000000,1993480000,99.674,HEC+태성+한영,99.23,1592192000,98.9001,N
R25BK01160030-000,20251117,사천시 수도정비계획(변경) 수립 용역,경상남도 사천시,PQ,2000000000,1993480000,99.674,제일+하나+새론,99.21,1627000000,101.0496,N
R25BK01160030-000,20251117,사천시 수도정비계획(변경) 수립 용역,경상남도 사천시,PQ,2000000000,1993480000,99.674,유신+금성+천진,99.15,1589295000,98.6588,N
R25BK01160030-000,20251117,사천시 수도정비계획(변경) 수립 용역,경상남도 사천시,PQ,2000000000,1993480000,99.674,동해+한경+극동,99.13,1627000000,100.9869,N
R25BK01160030-000,20251117,사천시 수도정비계획(변경) 수립 용역,경상남도 사천시,PQ,2000000000,1993480000,99.674,경동+하우,99.04,1586998000,98.4307,N
R25BK01160030-000,20251117,사천시 수도정비계획(변경) 수립 용역,경상남도 사천시,PQ,2000000000,1993480000,99.674,경호+서화,99.03,1590480000,98.6344,N
R25BK01160030-000,20251117,사천시 수도정비계획(변경) 수립 용역,경상남도 사천시,PQ,2000000000,1993480000,99.674,서영+(주)한올,99.01,1634480000,101.3505,N
R25BK01160030-000,20251117,사천시 수도정비계획(변경) 수립 용역,경상남도 사천시,PQ,2000000000,1993480000,99.674,정+혜인+주하,98.95,1585888000,98.2887,N
R25BK01160030-000,20251117,사천시 수도정비계획(변경) 수립 용역,경상남도 사천시,PQ,2000000000,1993480000,99.674,한주+현진,98.94,1590000000,98.5435,N
R25BK01160030-000,20251117,사천시 수도정비계획(변경) 수립 용역,경상남도 사천시,PQ,2000000000,1993480000,99.674,드림+명보+동아,98.38,1599673000,98.7026,N
R25BK01160030-000,20251117,사천시 수도정비계획(변경) 수립 용역,경상남도 사천시,PQ,2000000000,1993480000,99.674,국성+주원,97.87,1700000000,104.4675,N
R25BK01159716-000,20251117,연향들 도시개발사업 사후환경영향조사 용역,전라남도 순천시,PQ,1645000000,1647409925,100.1465,도화+한기+선진환경+신일환경,99.04,1337700000,100.8735,Y
R25BK01159716-000,20251117,연향들 도시개발사업 사후환경영향조사 용역,전라남도 순천시,PQ,1645000000,1647409925,100.1465,건화+지아이+대한+마린,98.74,1326280000,99.7771,N
R25BK01159716-000,20251117,연향들 도시개발사업 사후환경영향조사 용역,전라남도 순천시,PQ,1645000000,1647409925,100.1465,서영+신오+피지,98.58,1343800000,100.9702,N
R25BK01159716-000,20251117,연향들 도시개발사업 사후환경영향조사 용역,전라남도 순천시,PQ,1645000000,1647409925,100.1465,수성+신명+새봄,98.57,1322118999,99.3289,N
R25BK01159716-000,20251117,연향들 도시개발사업 사후환경영향조사 용역,전라남도 순천시,PQ,1645000000,1647409925,100.1465,선진+코엔택+중천,98.38,1340757000,100.58,N
R25BK01159716-000,20251117,연향들 도시개발사업 사후환경영향조사 용역,전라남도 순천시,PQ,1645000000,1647409925,100.1465,동성+이디,98.31,1348255000,101.0801,N
R25BK01159716-000,20251117,연향들 도시개발사업 사후환경영향조사 용역,전라남도 순천시,PQ,1645000000,1647409925,100.1465,세광+제일+우진,98.31,1345687000,100.8876,N
R25BK01159716-000,20251117,연향들 도시개발사업 사후환경영향조사 용역,전라남도 순천시,PQ,1645000000,1647409925,100.1465,유신+하우원,98.31,1323055000,99.1908,N
R25BK01159716-000,20251117,연향들 도시개발사업 사후환경영향조사 용역,전라남도 순천시,PQ,1645000000,1647409925,100.1465,한맥+성호,98.29,1333300000,99.9466,N
R25BK01159716-000,20251117,연향들 도시개발사업 사후환경영향조사 용역,전라남도 순천시,PQ,1645000000,1647409925,100.1465,동명+동진+세원+우신,98.28,1319900000,98.9299,N
R25BK01159716-000,20251117,연향들 도시개발사업 사후환경영향조사 용역,전라남도 순천시,PQ,1645000000,1647409925,100.1465,삼안+다산+청호종합+신일E,98.28,1347940000,101.0316,N
R25BK01159716-000,20251117,연향들 도시개발사업 사후환경영향조사 용역,전라남도 순천시,PQ,1645000000,1647409925,100.1465,동아+경화+휴엔트,98.27,1321940000,99.0828,N
R25BK01159716-000,20251117,연향들 도시개발사업 사후환경영향조사 용역,전라남도 순천시,PQ,1645000000,1647409925,100.1465,동부+건일+대현,98.25,1316997000,98.7001,N
R25BK01159716-000,20251117,연향들 도시개발사업 사후환경영향조사 용역,전라남도 순천시,PQ,1645000000,1647409925,100.1465,동해+토우+이엔씨,98.21,1316775000,98.647,N
R25BK01159716-000,20251117,연향들 도시개발사업 사후환경영향조사 용역,전라남도 순천시,PQ,1645000000,1647409925,100.1465,신성+청호+한종,98.21,1352000000,101.2859,N
R25BK01159716-000,20251117,연향들 도시개발사업 사후환경영향조사 용역,전라남도 순천시,PQ,1645000000,1647409925,100.1465,이산+우리+가온+상평,98.2,1322780000,99.0847,N
R25BK01159716-000,20251117,연향들 도시개발사업 사후환경영향조사 용역,전라남도 순천시,PQ,1645000000,1647409925,100.1465,홍익+DS+보강+정원,98.15,1360880000,101.9009,N
R25BK01159716-000,20251117,연향들 도시개발사업 사후환경영향조사 용역,전라남도 순천시,PQ,1645000000,1647409925,100.1465,경동+누리,98.12,1358130000,101.67,N
R25BK01159716-000,20251117,연향들 도시개발사업 사후환경영향조사 용역,전라남도 순천시,PQ,1645000000,1647409925,100.1465,화신+영훈+대영+세일,98.1,1357764000,101.63,N
R25BK01159716-000,20251117,연향들 도시개발사업 사후환경영향조사 용역,전라남도 순천시,PQ,1645000000,1647409925,100.1465,KG+상원+경호+빈텍,97.57,1566960000,116.7996,N
R25BK01160326-000,20251118,영암군 대불국가산업단지 재생계획 및 시행계획 수립 용역,전라남도 영암군,PQ,3101630000,3094511800,99.77050132,도화+영진+해림+만승,97.95,2543470000,100.8477,N
R25BK01160326-000,20251118,영암군 대불국가산업단지 재생계획 및 시행계획 수립 용역,전라남도 영암군,PQ,3101630000,3094511800,99.77050132,KG+우영+장강,97.95,2519568000,99.9,Y
R25BK01160326-000,20251118,영암군 대불국가산업단지 재생계획 및 시행계획 수립 용역,전라남도 영암군,PQ,3101630000,3094511800,99.77050132,유신+경동+한기+원우,96.93,2518627000,99.0707,N
R25BK01160326-000,20251118,영암군 대불국가산업단지 재생계획 및 시행계획 수립 용역,전라남도 영암군,PQ,3101630000,3094511800,99.77050132,동명+대현+DM,96.88,2510100000,98.6992,N
R25BK01160326-000,20251118,영암군 대불국가산업단지 재생계획 및 시행계획 수립 용역,전라남도 영암군,PQ,3101630000,3094511800,99.77050132,삼안+우리종합,96.87,2513170000,98.8079,N
R25BK01160326-000,20251118,영암군 대불국가산업단지 재생계획 및 시행계획 수립 용역,전라남도 영암군,PQ,3101630000,3094511800,99.77050132,건화+동아+용마(서진),96.77,2580000000,101.3612,N
R25BK01160326-000,20251118,영암군 대불국가산업단지 재생계획 및 시행계획 수립 용역,전라남도 영암군,PQ,3101630000,3094511800,99.77050132,한종+신명,96.33,2512330000,98.367,N
R25BK01160326-000,20251118,영암군 대불국가산업단지 재생계획 및 시행계획 수립 용역,전라남도 영암군,PQ,3101630000,3094511800,99.77050132,서영+산하+경호,96.12,2604430000,101.8,N
R25BK01160326-000,20251118,영암군 대불국가산업단지 재생계획 및 시행계획 수립 용역,전라남도 영암군,PQ,3101630000,3094511800,99.77050132,동일+신오+신화+제일,95.73,2800000000,109.1136,N
R25BK01155550-000,20251118,생활자원회수센터 증설사업 기본 및 실시설계 용역,경상북도 칠곡군,PQ,567578000,570946625,100.5935087,경호+선진,98.76,489700000,100.5875,N
R25BK01155550-000,20251118,생활자원회수센터 증설사업 기본 및 실시설계 용역,경상북도 칠곡군,PQ,567578000,570946625,100.5935087,도화+KCI,98.63,486438000,99.8825,N
R25BK01155550-000,20251118,생활자원회수센터 증설사업 기본 및 실시설계 용역,경상북도 칠곡군,PQ,567578000,570946625,100.5935087,한종+한도,98.6,484580000,99.501,N
R25BK01155550-000,20251118,생활자원회수센터 증설사업 기본 및 실시설계 용역,경상북도 칠곡군,PQ,567578000,570946625,100.5935087,건화+세원,98.53,483500000,99.2561,N
R25BK01155550-000,20251118,생활자원회수센터 증설사업 기본 및 실시설계 용역,경상북도 칠곡군,PQ,567578000,570946625,100.5935087,동일+동해,97.85,484990000,99.3883,N
R25BK01155550-000,20251118,생활자원회수센터 증설사업 기본 및 실시설계 용역,경상북도 칠곡군,PQ,567578000,570946625,100.5935087,벽산,96.7,493944000,100.9297,Y
R25BK01155550-000,20251118,생활자원회수센터 증설사업 기본 및 실시설계 용역,경상북도 칠곡군,PQ,567578000,570946625,100.5935087,경화+두성,96.5,484480000,98.95,N
R25BK01155550-000,20251118,생활자원회수센터 증설사업 기본 및 실시설계 용역,경상북도 칠곡군,PQ,567578000,570946625,100.5935087,태성+삼안+제일,95.74,493110000,100.5145,N
R25BK01155550-000,20251118,생활자원회수센터 증설사업 기본 및 실시설계 용역,경상북도 칠곡군,PQ,567578000,570946625,100.5935087,유신+해인,94.03,505110000,102.5099,N
R25BK01122473-000,20251029,2025서울ODA챌린지 : 콜롬비아 보고타 혼잡통행료 제도 도입을 위한 기술지원 사업,서울특별시,협상,300000000,300000000,100,대한교통학회,87.9974,270000000,90,Y
R25BK01122473-000,20251029,2025서울ODA챌린지 : 콜롬비아 보고타 혼잡통행료 제도 도입을 위한 기술지원 사업,서울특별시,협상,300000000,300000000,100,엠큐닉+건화+가천대,86.0259,243000000,81,N
R25BK01122473-000,20251029,2025서울ODA챌린지 : 콜롬비아 보고타 혼잡통행료 제도 도입을 위한 기술지원 사업,서울특별시,협상,300000000,300000000,100,한종,73.5053,294000000,98,N
R25BK01161845-000,20251118,석화산 둘레길 조성사업 건설사업관리용역,경상북도 문경시,PQ,2310000000,2300563650,99.5915,동진+한종,99.8,1859124000,100.445,Y
R25BK01161845-000,20251118,석화산 둘레길 조성사업 건설사업관리용역,경상북도 문경시,PQ,2310000000,2300563650,99.5915,동명+우수,98.24,1889000000,100.8011,N
R25BK01161845-000,20251118,석화산 둘레길 조성사업 건설사업관리용역,경상북도 문경시,PQ,2310000000,2300563650,99.5915,서영+정수+태조,98.18,1895540000,101.1002,N
R25BK01161845-000,20251118,석화산 둘레길 조성사업 건설사업관리용역,경상북도 문경시,PQ,2310000000,2300563650,99.5915,건화+명성(TOP기술단),98.12,1898800000,101.2242,N
R25BK01161845-000,20251118,석화산 둘레길 조성사업 건설사업관리용역,경상북도 문경시,PQ,2310000000,2300563650,99.5915,도화+주하+금정,98.12,1859680000,99.1388,N
R25BK01161845-000,20251118,석화산 둘레길 조성사업 건설사업관리용역,경상북도 문경시,PQ,2310000000,2300563650,99.5915,수성+성광+중앙방재,98.06,1860000000,99.107,N
R25BK01161845-000,20251118,석화산 둘레길 조성사업 건설사업관리용역,경상북도 문경시,PQ,2310000000,2300563650,99.5915,동성+DS,98.02,1852255000,98.67,N
R25BK01161845-000,20251118,석화산 둘레길 조성사업 건설사업관리용역,경상북도 문경시,PQ,2310000000,2300563650,99.5915,삼안+청우,97.98,1850970000,98.5652,N
R25BK01161845-000,20251118,석화산 둘레길 조성사업 건설사업관리용역,경상북도 문경시,PQ,2310000000,2300563650,99.5915,제일+강산,97.97,1906000000,101.4956,N
R25BK01161845-000,20251118,석화산 둘레길 조성사업 건설사업관리용역,경상북도 문경시,PQ,2310000000,2300563650,99.5915,경원+세원,97.85,1907890000,101.4963,N
R25BK01161845-000,20251118,석화산 둘레길 조성사업 건설사업관리용역,경상북도 문경시,PQ,2310000000,2300563650,99.5915,청명+현진,97.78,1854733000,98.6079,N
P2025-00220-1 ,20251023,키르기스스탄 대기질 개선사업 PMC 용역,한국국제협력단,협상,3688947391,3688947391,100,한국산업기술시험원 ,88.8889,3456543705,93.7,Y
P2025-00220-1 ,20251023,키르기스스탄 대기질 개선사업 PMC 용역,한국국제협력단,협상,3688947391,3688947391,100,서울대,88.3333,3484592861,94.4604,N
P2025-00220-1 ,20251023,키르기스스탄 대기질 개선사업 PMC 용역,한국국제협력단,협상,3688947391,3688947391,100,건화+인천대,87.5,3393831600,92,N
R25BK01160765-000,20251118,송교항 어촌신활력증진사업 기본계획 및 실시설계용역,경기도 화성시,PQ,524560000,524714800,100.0295104,건화+새론(리안),100,452980000,99.5496,N
R25BK01160765-000,20251118,송교항 어촌신활력증진사업 기본계획 및 실시설계용역,경기도 화성시,PQ,524560000,524714800,100.0295104,건일,100,458324000,100.724,N
R25BK01160765-000,20251118,송교항 어촌신활력증진사업 기본계획 및 실시설계용역,경기도 화성시,PQ,524560000,524714800,100.0295104,대영+신화,100,458125000,100.6803,N
R25BK01160765-000,20251118,송교항 어촌신활력증진사업 기본계획 및 실시설계용역,경기도 화성시,PQ,524560000,524714800,100.0295104,도화+KG,100,455930000,100.1979,N
R25BK01160765-000,20251118,송교항 어촌신활력증진사업 기본계획 및 실시설계용역,경기도 화성시,PQ,524560000,524714800,100.0295104,동명+DM,100,453890000,99.7496,N
R25BK01160765-000,20251118,송교항 어촌신활력증진사업 기본계획 및 실시설계용역,경기도 화성시,PQ,524560000,524714800,100.0295104,삼안+혜인,100,451550000,99.2353,N
R25BK01160765-000,20251118,송교항 어촌신활력증진사업 기본계획 및 실시설계용역,경기도 화성시,PQ,524560000,524714800,100.0295104,세광,100,457290000,100.4968,N
R25BK01160765-000,20251118,송교항 어촌신활력증진사업 기본계획 및 실시설계용역,경기도 화성시,PQ,524560000,524714800,100.0295104,세일+용마,100,453027000,99.5599,N
R25BK01160765-000,20251118,송교항 어촌신활력증진사업 기본계획 및 실시설계용역,경기도 화성시,PQ,524560000,524714800,100.0295104,수성+화정,100,455838000,100.1777,N
R25BK01160765-000,20251118,송교항 어촌신활력증진사업 기본계획 및 실시설계용역,경기도 화성시,PQ,524560000,524714800,100.0295104,유신+선진,100,455278000,100.0546,Y
R25BK01160765-000,20251118,송교항 어촌신활력증진사업 기본계획 및 실시설계용역,경기도 화성시,PQ,524560000,524714800,100.0295104,서영,99.8,458000000,100.6296,N
R25BK01160765-000,20251118,송교항 어촌신활력증진사업 기본계획 및 실시설계용역,경기도 화성시,PQ,524560000,524714800,100.0295104,연항+동부,99.79,453814990,99.7101,N
R25BK01160765-000,20251118,송교항 어촌신활력증진사업 기본계획 및 실시설계용역,경기도 화성시,PQ,524560000,524714800,100.0295104,한종,99.1,460915000,101.2001,N
낙동강유역환경청공고 제2025-126호,20251118,황강권역 하천기본계획 전략환경영향평가 용역,낙동강유역환경청,PQ,1079870000,1073085750,99.37175308,한맥+이음,99.13,931678000,100.5499,N
낙동강유역환경청공고 제2025-126호,20251118,황강권역 하천기본계획 전략환경영향평가 용역,낙동강유역환경청,PQ,1079870000,1073085750,99.37175308,건화+대한+효산(자연),99.07,924780000,99.7822,N
낙동강유역환경청공고 제2025-126호,20251118,황강권역 하천기본계획 전략환경영향평가 용역,낙동강유역환경청,PQ,1079870000,1073085750,99.37175308,다산+휴엔트,99.06,928653000,100.2001,N
낙동강유역환경청공고 제2025-126호,20251118,황강권역 하천기본계획 전략환경영향평가 용역,낙동강유역환경청,PQ,1079870000,1073085750,99.37175308,화신+CNS,98.86,925700000,99.8001,N
낙동강유역환경청공고 제2025-126호,20251118,황강권역 하천기본계획 전략환경영향평가 용역,낙동강유역환경청,PQ,1079870000,1073085750,99.37175308,우신+동일+다원,98.84,925529000,99.77,N
낙동강유역환경청공고 제2025-126호,20251118,황강권역 하천기본계획 전략환경영향평가 용역,낙동강유역환경청,PQ,1079870000,1073085750,99.37175308,동아+피지,98.79,927414000,99.95,N
낙동강유역환경청공고 제2025-126호,20251118,황강권역 하천기본계획 전략환경영향평가 용역,낙동강유역환경청,PQ,1079870000,1073085750,99.37175308,삼영+청담,98.54,947000000,101.967,N
낙동강유역환경청공고 제2025-126호,20251118,황강권역 하천기본계획 전략환경영향평가 용역,낙동강유역환경청,PQ,1079870000,1073085750,99.37175308,건일+한종+새봄,98.46,924000000,99.4559,Y
R25BK01163393-000,20251118,수산2 풍수해 생활권 종합정비사업 건설사업관리용역,제주특별자치도 서귀포시,PQ,1873454000,1881341300,100.4210031,경동+청풍,99.53,1509596000,100.3402,N
R25BK01163393-000,20251118,수산2 풍수해 생활권 종합정비사업 건설사업관리용역,제주특별자치도 서귀포시,PQ,1873454000,1881341300,100.4210031,이산+제원,99.46,1506720000,100.0992,N
R25BK01163393-000,20251118,수산2 풍수해 생활권 종합정비사업 건설사업관리용역,제주특별자치도 서귀포시,PQ,1873454000,1881341300,100.4210031,건화+해진,99.43,1493000000,99.163,N
R25BK01163393-000,20251118,수산2 풍수해 생활권 종합정비사업 건설사업관리용역,제주특별자치도 서귀포시,PQ,1873454000,1881341300,100.4210031,도화+한라,99.36,1516200000,100.6539,N
R25BK01163393-000,20251118,수산2 풍수해 생활권 종합정비사업 건설사업관리용역,제주특별자치도 서귀포시,PQ,1873454000,1881341300,100.4210031,한종+JPM,99.27,1515500000,100.5324,Y
R25BK01163393-000,20251118,수산2 풍수해 생활권 종합정비사업 건설사업관리용역,제주특별자치도 서귀포시,PQ,1873454000,1881341300,100.4210031,KSM+다산+리뉴,99.17,1523800000,100.9951,N
R25BK01163393-000,20251118,수산2 풍수해 생활권 종합정비사업 건설사업관리용역,제주특별자치도 서귀포시,PQ,1873454000,1881341300,100.4210031,동명+태신+홍익하이테크,99.16,1499200000,99.3646,N
R25BK01163393-000,20251118,수산2 풍수해 생활권 종합정비사업 건설사업관리용역,제주특별자치도 서귀포시,PQ,1873454000,1881341300,100.4210031,유신+원,99.08,1489117000,98.6351,N
R25BK01163393-000,20251118,수산2 풍수해 생활권 종합정비사업 건설사업관리용역,제주특별자치도 서귀포시,PQ,1873454000,1881341300,100.4210031,동성+해오름,98.95,1548400000,102.4475,N
R25BK01163393-000,20251118,수산2 풍수해 생활권 종합정비사업 건설사업관리용역,제주특별자치도 서귀포시,PQ,1873454000,1881341300,100.4210031,수성+인트랜,98.83,1502445000,99.3207,N
R25BK01163393-000,20251118,수산2 풍수해 생활권 종합정비사업 건설사업관리용역,제주특별자치도 서귀포시,PQ,1873454000,1881341300,100.4210031,서영+한일,96.75,1565320000,101.8003,N
R25BK01163393-000,20251118,수산2 풍수해 생활권 종합정비사업 건설사업관리용역,제주특별자치도 서귀포시,PQ,1873454000,1881341300,100.4210031,극동+부림,96.65,1567880000,101.8799,N
R25BK01161422-000,20251118,무안군 소하천정비종합계획 재수립 및 지형도면고시 용역(1지구),전라남도 무안군,PQ,4372900000,4365400525,99.82850111,다산+기림,99.15,3536241000,100.4,N
R25BK01161422-000,20251118,무안군 소하천정비종합계획 재수립 및 지형도면고시 용역(1지구),전라남도 무안군,PQ,4372900000,4365400525,99.82850111,한종+우영+정,99.15,3518400000,99.8935,Y
R25BK01161422-000,20251118,무안군 소하천정비종합계획 재수립 및 지형도면고시 용역(1지구),전라남도 무안군,PQ,4372900000,4365400525,99.82850111,건화+원우(서진),98.55,3514480000,99.3136,N
R25BK01161422-000,20251118,무안군 소하천정비종합계획 재수립 및 지형도면고시 용역(1지구),전라남도 무안군,PQ,4372900000,4365400525,99.82850111,건일+만승+서광,98.55,3543680000,100.1388,N
R25BK01161422-000,20251118,무안군 소하천정비종합계획 재수립 및 지형도면고시 용역(1지구),전라남도 무안군,PQ,4372900000,4365400525,99.82850111,수성+한기,98.55,3564756999,100.7344,N
R25BK01161422-000,20251118,무안군 소하천정비종합계획 재수립 및 지형도면고시 용역(1지구),전라남도 무안군,PQ,4372900000,4365400525,99.82850111,청명+신명,98.52,3564420000,100.7,N
R25BK01161422-000,20251118,무안군 소하천정비종합계획 재수립 및 지형도면고시 용역(1지구),전라남도 무안군,PQ,4372900000,4365400525,99.82850111,KG+우리종합,98.52,3564420000,100.7,N
R25BK01161422-000,20251118,무안군 소하천정비종합계획 재수립 및 지형도면고시 용역(1지구),전라남도 무안군,PQ,4372900000,4365400525,99.82850111,KSM+경동+엠디,98.52,3504000000,98.993,N
R25BK01161422-000,20251118,무안군 소하천정비종합계획 재수립 및 지형도면고시 용역(1지구),전라남도 무안군,PQ,4372900000,4365400525,99.82850111,동명+대현기술,98.49,3501400000,98.8951,N
R25BK01161422-000,20251118,무안군 소하천정비종합계획 재수립 및 지형도면고시 용역(1지구),전라남도 무안군,PQ,4372900000,4365400525,99.82850111,화신+산하,98.49,3599650000,101.6701,N
R25BK01161422-000,20251118,무안군 소하천정비종합계획 재수립 및 지형도면고시 용역(1지구),전라남도 무안군,PQ,4372900000,4365400525,99.82850111,유신+해림,93.31,3891877000,105.594,N
R25BK01161386-000,20251118,무안 성동지구 도시개발구역 지정 및 개발계획 수립 용역,전라남도 무안군,PQ,1459500000,1454468425,99.65525351,도화+건주+장강+한기,99.49,1182800000,100.8919,Y
R25BK01161386-000,20251118,무안 성동지구 도시개발구역 지정 및 개발계획 수립 용역,전라남도 무안군,PQ,1459500000,1454468425,99.65525351,동명+대현기술+DM,97.45,1179500000,98.996,N
R25BK01161386-000,20251118,무안 성동지구 도시개발구역 지정 및 개발계획 수립 용역,전라남도 무안군,PQ,1459500000,1454468425,99.65525351,건화+동아+용마(서진),97.34,1206280000,101.1569,N
R25BK01161386-000,20251118,무안 성동지구 도시개발구역 지정 및 개발계획 수립 용역,전라남도 무안군,PQ,1459500000,1454468425,99.65525351,KG+우영,97.25,1208840000,101.3096,N
R25BK01161386-000,20251118,무안 성동지구 도시개발구역 지정 및 개발계획 수립 용역,전라남도 무안군,PQ,1459500000,1454468425,99.65525351,동일+해림+영진,97.11,1211000000,101.379,N
R25BK01161386-000,20251118,무안 성동지구 도시개발구역 지정 및 개발계획 수립 용역,전라남도 무안군,PQ,1459500000,1454468425,99.65525351,유신+만승+경동,97.05,1174457000,98.2717,N
R25BK01161386-000,20251118,무안 성동지구 도시개발구역 지정 및 개발계획 수립 용역,전라남도 무안군,PQ,1459500000,1454468425,99.65525351,삼안+우리종합,97.02,1219350000,102.0032,N
R25BK01161386-000,20251118,무안 성동지구 도시개발구역 지정 및 개발계획 수립 용역,전라남도 무안군,PQ,1459500000,1454468425,99.65525351,서영+경호+산하,96.04,1226880000,101.8497,N
R25BK01161386-000,20251118,무안 성동지구 도시개발구역 지정 및 개발계획 수립 용역,전라남도 무안군,PQ,1459500000,1454468425,99.65525351,한종+신명+양광,96.01,1221760000,101.4001,N
R25BK01162961-000,20251119,수원시 하수도정비 기본계획(변경) 수립 용역,경기도 수원시,PQ,2630000000,2610965375,99.27625,선진+건화,100,2114338000,100.4976,N
R25BK01162961-000,20251119,수원시 하수도정비 기본계획(변경) 수립 용역,경기도 수원시,PQ,2630000000,2610965375,99.27625,한종+수성E,100,2100000000,99.8161,N
R25BK01162961-000,20251119,수원시 하수도정비 기본계획(변경) 수립 용역,경기도 수원시,PQ,2630000000,2610965375,99.27625,동명+DM,99.88,2113340000,100.3498,N
R25BK01162961-000,20251119,수원시 하수도정비 기본계획(변경) 수립 용역,경기도 수원시,PQ,2630000000,2610965375,99.27625,삼안+한맥,99.8,2098800000,99.5972,N
R25BK01162961-000,20251119,수원시 하수도정비 기본계획(변경) 수립 용역,경기도 수원시,PQ,2630000000,2610965375,99.27625,유신+용마+다산,99.8,2096757000,99.5003,Y
R25BK01162961-000,20251119,수원시 하수도정비 기본계획(변경) 수립 용역,경기도 수원시,PQ,2630000000,2610965375,99.27625,동해+경호,99.69,2090120000,99.0988,N
R25BK01162961-000,20251119,수원시 하수도정비 기본계획(변경) 수립 용역,경기도 수원시,PQ,2630000000,2610965375,99.27625,경동+TSK,99.63,2127898000,100.8396,N
R25BK01162961-000,20251119,수원시 하수도정비 기본계획(변경) 수립 용역,경기도 수원시,PQ,2630000000,2610965375,99.27625,국성+다음,99.6,2091000000,99.0664,N
R25BK01162961-000,20251119,수원시 하수도정비 기본계획(변경) 수립 용역,경기도 수원시,PQ,2630000000,2610965375,99.27625,이산+KCI,99.6,2093819000,99.1999,N
R25BK01162961-000,20251119,수원시 하수도정비 기본계획(변경) 수립 용역,경기도 수원시,PQ,2630000000,2610965375,99.27625,도화+신화E+태조,99.5,2090800000,98.9829,N
R25BK01162961-000,20251119,수원시 하수도정비 기본계획(변경) 수립 용역,경기도 수원시,PQ,2630000000,2610965375,99.27625,HEC+한영+바셈,99.44,2092190000,98.9994,N
R25BK01162961-000,20251119,수원시 하수도정비 기본계획(변경) 수립 용역,경기도 수원시,PQ,2630000000,2610965375,99.27625,경화+건일+태성,99.42,2138806000,101.18,N
R25BK01162961-000,20251119,수원시 하수도정비 기본계획(변경) 수립 용역,경기도 수원시,PQ,2630000000,2610965375,99.27625,동성+DS+드림,99.3,2084606000,98.5302,N
R25BK01162961-000,20251119,수원시 하수도정비 기본계획(변경) 수립 용역,경기도 수원시,PQ,2630000000,2610965375,99.27625,화신+다경,99.3,2139188000,101.11,N
R25BK01162961-000,20251119,수원시 하수도정비 기본계획(변경) 수립 용역,경기도 수원시,PQ,2630000000,2610965375,99.27625,KG+수성,99.3,2099620000,99.2398,N
R25BK01162961-000,20251119,수원시 하수도정비 기본계획(변경) 수립 용역,경기도 수원시,PQ,2630000000,2610965375,99.27625,삼주+케이이엔지,99.24,2099186000,99.17,N
R25BK01162961-000,20251119,수원시 하수도정비 기본계획(변경) 수립 용역,경기도 수원시,PQ,2630000000,2610965375,99.27625,세원+에이스,99.24,2146256000,101.3937,N
R25BK01162961-000,20251119,수원시 하수도정비 기본계획(변경) 수립 용역,경기도 수원시,PQ,2630000000,2610965375,99.27625,한주+동부,99.23,2098000000,99.1016,N
R25BK01162961-000,20251119,수원시 하수도정비 기본계획(변경) 수립 용역,경기도 수원시,PQ,2630000000,2610965375,99.27625,범한+서영,99.2,2144666000,101.2808,N
R25BK01162961-000,20251119,수원시 하수도정비 기본계획(변경) 수립 용역,경기도 수원시,PQ,2630000000,2610965375,99.27625,정+홍익+화정,99.2,2083200000,98.3781,N
R25BK01162961-000,20251119,수원시 하수도정비 기본계획(변경) 수립 용역,경기도 수원시,PQ,2630000000,2610965375,99.27625,제일+(주)한종,99.2,2154900000,101.7641,N
R25BK01159933-001,20251119,"수원시 하수관로 정비(고색, 곡반정, 권선, 공단)공사 건설사업관리용역",경기도 수원시,PQ,4111290000,4056907975,98.67725154,선진+범한,99.71,3306518000,100.2997,N
R25BK01159933-001,20251119,"수원시 하수관로 정비(고색, 곡반정, 권선, 공단)공사 건설사업관리용역",경기도 수원시,PQ,4111290000,4056907975,98.67725154,건화+만승,99.68,3282500000,99.5463,N
R25BK01159933-001,20251119,"수원시 하수관로 정비(고색, 곡반정, 권선, 공단)공사 건설사업관리용역",경기도 수원시,PQ,4111290000,4056907975,98.67725154,도화+한종+용마,99.5,3324700000,100.688,N
R25BK01159933-001,20251119,"수원시 하수관로 정비(고색, 곡반정, 권선, 공단)공사 건설사업관리용역",경기도 수원시,PQ,4111290000,4056907975,98.67725154,동명+DM,99.47,3288400000,99.5639,N
R25BK01159933-001,20251119,"수원시 하수관로 정비(고색, 곡반정, 권선, 공단)공사 건설사업관리용역",경기도 수원시,PQ,4111290000,4056907975,98.67725154,삼안+본현+다음기술단,99.37,3322990000,100.5236,N
R25BK01159933-001,20251119,"수원시 하수관로 정비(고색, 곡반정, 권선, 공단)공사 건설사업관리용역",경기도 수원시,PQ,4111290000,4056907975,98.67725154,동부+다산,99.23,3279936000,99.1102,N
R25BK01159933-001,20251119,"수원시 하수관로 정비(고색, 곡반정, 권선, 공단)공사 건설사업관리용역",경기도 수원시,PQ,4111290000,4056907975,98.67725154,동성+DS+서현,99.07,3354250000,101.23,N
R25BK01159933-001,20251119,"수원시 하수관로 정비(고색, 곡반정, 권선, 공단)공사 건설사업관리용역",경기도 수원시,PQ,4111290000,4056907975,98.67725154,이산+정원,99,3279900000,98.937,Y
R25BK01159933-001,20251119,"수원시 하수관로 정비(고색, 곡반정, 권선, 공단)공사 건설사업관리용역",경기도 수원시,PQ,4111290000,4056907975,98.67725154,제일+신성+양광,98.9,3362000000,101.3256,N
R25BK01159933-001,20251119,"수원시 하수관로 정비(고색, 곡반정, 권선, 공단)공사 건설사업관리용역",경기도 수원시,PQ,4111290000,4056907975,98.67725154,경호+유신+솔마,98.73,3280000000,98.7197,N
R25BK01159933-001,20251119,"수원시 하수관로 정비(고색, 곡반정, 권선, 공단)공사 건설사업관리용역",경기도 수원시,PQ,4111290000,4056907975,98.67725154,동해+KG,98.67,3356660000,100.977,N
R25BK01159933-001,20251119,"수원시 하수관로 정비(고색, 곡반정, 권선, 공단)공사 건설사업관리용역",경기도 수원시,PQ,4111290000,4056907975,98.67725154,건일+경화,98.53,3363000000,101.0552,N
R25BK01159933-001,20251119,"수원시 하수관로 정비(고색, 곡반정, 권선, 공단)공사 건설사업관리용역",경기도 수원시,PQ,4111290000,4056907975,98.67725154,경동+설화+세종,98.5,3277889000,98.4855,N
R25BK01159933-001,20251119,"수원시 하수관로 정비(고색, 곡반정, 권선, 공단)공사 건설사업관리용역",경기도 수원시,PQ,4111290000,4056907975,98.67725154,수성+건영,98.47,3366069000,101.11,N
R25BK01159933-001,20251119,"수원시 하수관로 정비(고색, 곡반정, 권선, 공단)공사 건설사업관리용역",경기도 수원시,PQ,4111290000,4056907975,98.67725154,KCI+KENG,98.44,3384840000,101.6487,N
R25BK01159933-001,20251119,"수원시 하수관로 정비(고색, 곡반정, 권선, 공단)공사 건설사업관리용역",경기도 수원시,PQ,4111290000,4056907975,98.67725154,서영+삼보+HEC,98.4,3382800000,101.5498,N
R25BK01159933-001,20251119,"수원시 하수관로 정비(고색, 곡반정, 권선, 공단)공사 건설사업관리용역",경기도 수원시,PQ,4111290000,4056907975,98.67725154,홍익+TSK+케이아트,98.37,3275480000,98.3039,N
R25BK01159933-001,20251119,"수원시 하수관로 정비(고색, 곡반정, 권선, 공단)공사 건설사업관리용역",경기도 수원시,PQ,4111290000,4056907975,98.67725154,대콘+동아,98.34,3388675000,101.676,N
R25BK01159933-001,20251119,"수원시 하수관로 정비(고색, 곡반정, 권선, 공단)공사 건설사업관리용역",경기도 수원시,PQ,4111290000,4056907975,98.67725154,동일+내경,98.27,3386500000,101.5606,N
R25BK01159933-001,20251119,"수원시 하수관로 정비(고색, 곡반정, 권선, 공단)공사 건설사업관리용역",경기도 수원시,PQ,4111290000,4056907975,98.67725154,KSM+효광,98.2,3409920000,102.2,N
R25BK01159933-001,20251119,"수원시 하수관로 정비(고색, 곡반정, 권선, 공단)공사 건설사업관리용역",경기도 수원시,PQ,4111290000,4056907975,98.67725154,삼영+세경+KRTC,98,3401000000,101.7821,N
R25BK01159933-001,20251119,"수원시 하수관로 정비(고색, 곡반정, 권선, 공단)공사 건설사업관리용역",경기도 수원시,PQ,4111290000,4056907975,98.67725154,청명+다경,97.63,3448500000,102.8998,N
R25BK01163754-000,20251119,전막지구 우수유출저감시설 설치사업 기본 및 실시설계용역,충청남도 공주시,PQ,1799000000,1805215600,100.3455031,건화+경동,99.82,1455680000,100.9999,Y
R25BK01163754-000,20251119,전막지구 우수유출저감시설 설치사업 기본 및 실시설계용역,충청남도 공주시,PQ,1799000000,1805215600,100.3455031,한종+천마,98.12,1449620000,99.2294,N
R25BK01163754-000,20251119,전막지구 우수유출저감시설 설치사업 기본 및 실시설계용역,충청남도 공주시,PQ,1799000000,1805215600,100.3455031,동명+수성E,97.88,1458000000,99.619,N
R25BK01163754-000,20251119,전막지구 우수유출저감시설 설치사업 기본 및 실시설계용역,충청남도 공주시,PQ,1799000000,1805215600,100.3455031,화신+대신+SR,97.81,1480732000,101.11,N
R25BK01163754-000,20251119,전막지구 우수유출저감시설 설치사업 기본 및 실시설계용역,충청남도 공주시,PQ,1799000000,1805215600,100.3455031,도화+장맥,97.79,1482380000,101.2101,N
R25BK01163754-000,20251119,전막지구 우수유출저감시설 설치사업 기본 및 실시설계용역,충청남도 공주시,PQ,1799000000,1805215600,100.3455031,이산+송현,97.79,1445600000,98.699,N
R25BK01163754-000,20251119,전막지구 우수유출저감시설 설치사업 기본 및 실시설계용역,충청남도 공주시,PQ,1799000000,1805215600,100.3455031,건일+태일+새론,97.76,1477790000,100.872,N
R25BK01163754-000,20251119,전막지구 우수유출저감시설 설치사업 기본 및 실시설계용역,충청남도 공주시,PQ,1799000000,1805215600,100.3455031,경호+강호,97.7,1444600000,98.558,N
R25BK01163754-000,20251119,전막지구 우수유출저감시설 설치사업 기본 및 실시설계용역,충청남도 공주시,PQ,1799000000,1805215600,100.3455031,극동+예당,97.7,1483177000,101.19,N
R25BK01163754-000,20251119,전막지구 우수유출저감시설 설치사업 기본 및 실시설계용역,충청남도 공주시,PQ,1799000000,1805215600,100.3455031,동부+윤창,97.7,1446687000,98.7004,N
R25BK01163754-000,20251119,전막지구 우수유출저감시설 설치사업 기본 및 실시설계용역,충청남도 공주시,PQ,1799000000,1805215600,100.3455031,삼안+드림,97.7,1442320000,98.4025,N
R25BK01163754-000,20251119,전막지구 우수유출저감시설 설치사업 기본 및 실시설계용역,충청남도 공주시,PQ,1799000000,1805215600,100.3455031,청명+국성+에스에이치,97.67,1489550000,101.5998,N
R25BK01163754-000,20251119,전막지구 우수유출저감시설 설치사업 기본 및 실시설계용역,충청남도 공주시,PQ,1799000000,1805215600,100.3455031,동성+한맥,97.64,1444311000,98.49,N
R25BK01163754-000,20251119,전막지구 우수유출저감시설 설치사업 기본 및 실시설계용역,충청남도 공주시,PQ,1799000000,1805215600,100.3455031,KCI+KD+하이콘,97.61,1444000000,98.4567,N
R25BK01163754-000,20251119,전막지구 우수유출저감시설 설치사업 기본 및 실시설계용역,충청남도 공주시,PQ,1799000000,1805215600,100.3455031,다산+세일+현산,97.58,1491494000,101.67,N
R25BK01163754-000,20251119,전막지구 우수유출저감시설 설치사업 기본 및 실시설계용역,충청남도 공주시,PQ,1799000000,1805215600,100.3455031,서영+삼육,97.58,1489730000,101.5498,N
R25BK01163754-000,20251119,전막지구 우수유출저감시설 설치사업 기본 및 실시설계용역,충청남도 공주시,PQ,1799000000,1805215600,100.3455031,KG+계림,97.58,1441760000,98.2798,N
R25BK01163754-000,20251119,전막지구 우수유출저감시설 설치사업 기본 및 실시설계용역,충청남도 공주시,PQ,1799000000,1805215600,100.3455031,수성+동국,97.52,1491500000,101.6206,N
R25BK01163754-000,20251119,전막지구 우수유출저감시설 설치사업 기본 및 실시설계용역,충청남도 공주시,PQ,1799000000,1805215600,100.3455031,정+이룸,97.52,1442200000,98.2616,N
R25BK01163754-000,20251119,전막지구 우수유출저감시설 설치사업 기본 및 실시설계용역,충청남도 공주시,PQ,1799000000,1805215600,100.3455031,동진+하이,97.46,1478713000,100.7,N
R25BK01163754-000,20251119,전막지구 우수유출저감시설 설치사업 기본 및 실시설계용역,충청남도 공주시,PQ,1799000000,1805215600,100.3455031,KSM+정안,97.39,1498720000,102,N
R25BK01163754-000,20251119,전막지구 우수유출저감시설 설치사업 기본 및 실시설계용역,충청남도 공주시,PQ,1799000000,1805215600,100.3455031,유신+경인,97.34,1601105000,108.9281,N
R25BK01163860-000,20251119,진보 공공하수처리시설 증설공사 기본 및 실시설계용역,경상북도 청송군,PQ,2109000000,2097690525,99.46375178,건화+동성+새론(테크피아),100,1702900000,100.9368,Y
R25BK01163860-000,20251119,진보 공공하수처리시설 증설공사 기본 및 실시설계용역,경상북도 청송군,PQ,2109000000,2097690525,99.46375178,경동+중앙방재,97.58,1702470000,98.9932,N
R25BK01163860-000,20251119,진보 공공하수처리시설 증설공사 기본 및 실시설계용역,경상북도 청송군,PQ,2109000000,2097690525,99.46375178,정+태양,97.52,1743256000,101.3151,N
R25BK01163860-000,20251119,진보 공공하수처리시설 증설공사 기본 및 실시설계용역,경상북도 청송군,PQ,2109000000,2097690525,99.46375178,도화+세연,97.51,1741270000,101.1873,N
R25BK01163860-000,20251119,진보 공공하수처리시설 증설공사 기본 및 실시설계용역,경상북도 청송군,PQ,2109000000,2097690525,99.46375178,범한+명성,97.51,1700567000,98.822,N
R25BK01163860-000,20251119,진보 공공하수처리시설 증설공사 기본 및 실시설계용역,경상북도 청송군,PQ,2109000000,2097690525,99.46375178,한주+태조,97.51,1696100000,98.5624,N
R25BK01163860-000,20251119,진보 공공하수처리시설 증설공사 기본 및 실시설계용역,경상북도 청송군,PQ,2109000000,2097690525,99.46375178,홍익+온담,97.51,1706636000,99.1747,N
R25BK01163860-000,20251119,진보 공공하수처리시설 증설공사 기본 및 실시설계용역,경상북도 청송군,PQ,2109000000,2097690525,99.46375178,경호+세원,97.5,1707199000,99.2074,N
R25BK01163860-000,20251119,진보 공공하수처리시설 증설공사 기본 및 실시설계용역,경상북도 청송군,PQ,2109000000,2097690525,99.46375178,동명+다산,97.5,1699160000,98.7402,N
R25BK01163860-000,20251119,진보 공공하수처리시설 증설공사 기본 및 실시설계용역,경상북도 청송군,PQ,2109000000,2097690525,99.46375178,삼안+청우E,97.5,1740420000,101.1379,N
R25BK01163860-000,20251119,진보 공공하수처리시설 증설공사 기본 및 실시설계용역,경상북도 청송군,PQ,2109000000,2097690525,99.46375178,선진+청명,97.5,1739678000,101.0948,N
R25BK01163860-000,20251119,진보 공공하수처리시설 증설공사 기본 및 실시설계용역,경상북도 청송군,PQ,2109000000,2097690525,99.46375178,유신+극동,97.5,1699809000,98.7779,N
R25BK01163860-000,20251119,진보 공공하수처리시설 증설공사 기본 및 실시설계용역,경상북도 청송군,PQ,2109000000,2097690525,99.46375178,이산+동진,97.5,1694660000,98.4787,N
R25BK01163860-000,20251119,진보 공공하수처리시설 증설공사 기본 및 실시설계용역,경상북도 청송군,PQ,2109000000,2097690525,99.46375178,화신+KCI+한종E,97.5,1698130000,98.6804,N
R25BK01163860-000,20251119,진보 공공하수처리시설 증설공사 기본 및 실시설계용역,경상북도 청송군,PQ,2109000000,2097690525,99.46375178,KG+보람,97.5,1700360000,98.81,N
R25BK01163860-000,20251119,진보 공공하수처리시설 증설공사 기본 및 실시설계용역,경상북도 청송군,PQ,2109000000,2097690525,99.46375178,한종+태성,97.48,1747100000,101.5012,N
R25BK01163860-000,20251119,진보 공공하수처리시설 증설공사 기본 및 실시설계용역,경상북도 청송군,PQ,2109000000,2097690525,99.46375178,동해+주하+반석,97.43,1705000000,99.0189,N
R25BK01163860-000,20251119,진보 공공하수처리시설 증설공사 기본 및 실시설계용역,경상북도 청송군,PQ,2109000000,2097690525,99.46375178,수성+보원,97.43,1699800000,98.7169,N
R25BK01163860-000,20251119,진보 공공하수처리시설 증설공사 기본 및 실시설계용역,경상북도 청송군,PQ,2109000000,2097690525,99.46375178,제일+한도,97.35,1762500000,102.2956,N
R25BK01163904-000,20251119,울산 도심융합특구 조성사업 기본 및 실시설계용역,울산광역시도시공사,PQ,5501540000,5553804675,100.9500008,도화+유신+성지토목,100,4649700000,105.652,Y
R25BK01163904-000,20251119,울산 도심융합특구 조성사업 기본 및 실시설계용역,울산광역시도시공사,PQ,5501540000,5553804675,100.9500008,삼안+동명+부광+청목+다산,99.73,4404640000,99.859,N
R25BK01163904-000,20251119,울산 도심융합특구 조성사업 기본 및 실시설계용역,울산광역시도시공사,PQ,5501540000,5553804675,100.9500008,건화+서영+한신+신흥,98.84,4387268000,98.763,N
R25BK01163950-000,20251119,"거창군(강북, 위천, 웅양) 노후상수관망 정비사업 기본 및 실시설계 용역",경상남도 거창군 수도사업소,PQ,1286186000,1276504275,99.24725312,HEC+범한,100,1033000000,100.4,N
R25BK01163950-000,20251119,"거창군(강북, 위천, 웅양) 노후상수관망 정비사업 기본 및 실시설계 용역",경상남도 거창군 수도사업소,PQ,1286186000,1276504275,99.24725312,건화+한올,99.7,1031000000,99.9557,N
R25BK01163950-000,20251119,"거창군(강북, 위천, 웅양) 노후상수관망 정비사업 기본 및 실시설계 용역",경상남도 거창군 수도사업소,PQ,1286186000,1276504275,99.24725312,한종+우진,99.62,1028300000,99.6318,Y
R25BK01163950-000,20251119,"거창군(강북, 위천, 웅양) 노후상수관망 정비사업 기본 및 실시설계 용역",경상남도 거창군 수도사업소,PQ,1286186000,1276504275,99.24725312,KG+수성+건일,99.54,1031910000,99.9193,N
R25BK01163950-000,20251119,"거창군(강북, 위천, 웅양) 노후상수관망 정비사업 기본 및 실시설계 용역",경상남도 거창군 수도사업소,PQ,1286186000,1276504275,99.24725312,경동+하우,99.51,1028558000,99.57,N
R25BK01163950-000,20251119,"거창군(강북, 위천, 웅양) 노후상수관망 정비사업 기본 및 실시설계 용역",경상남도 거창군 수도사업소,PQ,1286186000,1276504275,99.24725312,선진+신화,99.22,1022887000,98.7996,N
R25BK01163950-000,20251119,"거창군(강북, 위천, 웅양) 노후상수관망 정비사업 기본 및 실시설계 용역",경상남도 거창군 수도사업소,PQ,1286186000,1276504275,99.24725312,제일+하나이엔씨,99.14,1022700000,98.7079,N
R25BK01163950-000,20251119,"거창군(강북, 위천, 웅양) 노후상수관망 정비사업 기본 및 실시설계 용역",경상남도 거창군 수도사업소,PQ,1286186000,1276504275,99.24725312,화신+한경+다산,99.08,1050777000,101.3801,N
R25BK01163950-000,20251119,"거창군(강북, 위천, 웅양) 노후상수관망 정비사업 기본 및 실시설계 용역",경상남도 거창군 수도사업소,PQ,1286186000,1276504275,99.24725312,동해+금성+극동,98.7,1025620000,98.6469,N
R25BK01163950-000,20251119,"거창군(강북, 위천, 웅양) 노후상수관망 정비사업 기본 및 실시설계 용역",경상남도 거창군 수도사업소,PQ,1286186000,1276504275,99.24725312,이산+로텍,98.5,1058980000,101.7045,N
R25BK01163950-000,20251119,"거창군(강북, 위천, 웅양) 노후상수관망 정비사업 기본 및 실시설계 용역",경상남도 거창군 수도사업소,PQ,1286186000,1276504275,99.24725312,서영+경남,98.44,1062580000,101.9999,N
R25BK01163950-000,20251119,"거창군(강북, 위천, 웅양) 노후상수관망 정비사업 기본 및 실시설계 용역",경상남도 거창군 수도사업소,PQ,1286186000,1276504275,99.24725312,정,98.4,1072000000,102.866,N
R25BK01163950-000,20251119,"거창군(강북, 위천, 웅양) 노후상수관망 정비사업 기본 및 실시설계 용역",경상남도 거창군 수도사업소,PQ,1286186000,1276504275,99.24725312,유신+천진,93.94,1111152000,103,N
R25BK01163950-000,20251119,"거창군(강북, 위천, 웅양) 노후상수관망 정비사업 기본 및 실시설계 용역",경상남도 거창군 수도사업소,PQ,1286186000,1276504275,99.24725312,드림+명보+동아,93.49,1103400000,101.929,N
R25BK01163950-000,20251119,"거창군(강북, 위천, 웅양) 노후상수관망 정비사업 기본 및 실시설계 용역",경상남도 거창군 수도사업소,PQ,1286186000,1276504275,99.24725312,국성+주원,90.65,0,0,N
R25BK01163950-000,20251119,"거창군(강북, 위천, 웅양) 노후상수관망 정비사업 기본 및 실시설계 용역",경상남도 거창군 수도사업소,PQ,1286186000,1276504275,99.24725312,경화+도화,89.14,1150837000,102.9,N
R25BK01165341-000,20251119,도고1처리분구 하수관로 정비사업 외 3건 통합건설사업관리용역,충청남도 아산시,SOQ,5319700000,5386262800,101.251251,KG+정안,97.84,4371860000,100.9799,N
R25BK01165341-000,20251119,도고1처리분구 하수관로 정비사업 외 3건 통합건설사업관리용역,충청남도 아산시,SOQ,5319700000,5386262800,101.251251,동명+도화+천마+송현,97.24,4372400000,100.523,N
R25BK01165341-000,20251119,도고1처리분구 하수관로 정비사업 외 3건 통합건설사업관리용역,충청남도 아산시,SOQ,5319700000,5386262800,101.251251,삼안+한종+한맥+드림,95.82,4332900000,98.5184,N
R25BK01165341-000,20251119,도고1처리분구 하수관로 정비사업 외 3건 통합건설사업관리용역,충청남도 아산시,SOQ,5319700000,5386262800,101.251251,건화+계림,94.04,4559500000,102.2606,N
R25BK01165341-000,20251119,도고1처리분구 하수관로 정비사업 외 3건 통합건설사업관리용역,충청남도 아산시,SOQ,5319700000,5386262800,101.251251,경동+다음+동성+범한,93.06,4554000000,101.3753,Y
R25BK01166316 - 000,20251119,제천 봉양농공단지 농공단지계획 수립 용역,충청북도 제천시,PQ,855700000,844214425,98.65775681,도화+동림+경원,98.57,735788000,100.2001,N
R25BK01166316 - 000,20251119,제천 봉양농공단지 농공단지계획 수립 용역,충청북도 제천시,PQ,855700000,844214425,98.65775681,삼안+청우건축,98.2,732799000,99.7001,N
R25BK01166316 - 000,20251119,제천 봉양농공단지 농공단지계획 수립 용역,충청북도 제천시,PQ,855700000,844214425,98.65775681,건화+영진+신명(수일),98.06,740000000,100.6446,N
R25BK01166316 - 000,20251119,제천 봉양농공단지 농공단지계획 수립 용역,충청북도 제천시,PQ,855700000,844214425,98.65775681,경동+두원,97.76,731280000,99.3777,N
R25BK01166316 - 000,20251119,제천 봉양농공단지 농공단지계획 수립 용역,충청북도 제천시,PQ,855700000,844214425,98.65775681,동명+대원+DM,97.67,733790000,99.6956,N
R25BK01166316 - 000,20251119,제천 봉양농공단지 농공단지계획 수립 용역,충청북도 제천시,PQ,855700000,844214425,98.65775681,선진+오성,97.5,736558000,100.0368,N
R25BK01166316 - 000,20251119,제천 봉양농공단지 농공단지계획 수립 용역,충청북도 제천시,PQ,855700000,844214425,98.65775681,한종+선,97.45,730560000,99.1991,N
R25BK01166316 - 000,20251119,제천 봉양농공단지 농공단지계획 수립 용역,충청북도 제천시,PQ,855700000,844214425,98.65775681,동해+디아이+진성,97.37,730790000,99.2188,N
R25BK01166316 - 000,20251119,제천 봉양농공단지 농공단지계획 수립 용역,충청북도 제천시,PQ,855700000,844214425,98.65775681,유신+진우,97.35,728889000,98.9492,N
R25BK01166316 - 000,20251119,제천 봉양농공단지 농공단지계획 수립 용역,충청북도 제천시,PQ,855700000,844214425,98.65775681,경호+도명,97.34,728190000,98.8543,Y
R25BK01166316 - 000,20251119,제천 봉양농공단지 농공단지계획 수립 용역,충청북도 제천시,PQ,855700000,844214425,98.65775681,KG+지명,97.27,741140000,100.589,N
R25BK01166316 - 000,20251119,제천 봉양농공단지 농공단지계획 수립 용역,충청북도 제천시,PQ,855700000,844214425,98.65775681,서영+부광,96.84,748260000,101.4493,N
R25BK01166316 - 000,20251119,제천 봉양농공단지 농공단지계획 수립 용역,충청북도 제천시,PQ,855700000,844214425,98.65775681,제일+HR,96.54,751500000,101.8059,N
R25BK01166316 - 000,20251119,제천 봉양농공단지 농공단지계획 수립 용역,충청북도 제천시,PQ,855700000,844214425,98.65775681,수성+홍익+도우,95.22,761573000,102.8248,N
2025UMM14152025-22513-01 ,20251119,25-D-00부대 환경영향평가용역(B608),국군재정관리단,PQ,425239000,422836461,99.43501443,건화,100,368780000,99.9746,N
2025UMM14152025-22513-01 ,20251119,25-D-00부대 환경영향평가용역(B608),국군재정관리단,PQ,425239000,422836461,99.43501443,건일,100,371000000,100.5765,N
2025UMM14152025-22513-01 ,20251119,25-D-00부대 환경영향평가용역(B608),국군재정관리단,PQ,425239000,422836461,99.43501443,경호,100,369460000,100.159,N
2025UMM14152025-22513-01 ,20251119,25-D-00부대 환경영향평가용역(B608),국군재정관리단,PQ,425239000,422836461,99.43501443,경화,100,370570000,100.4599,N
2025UMM14152025-22513-01 ,20251119,25-D-00부대 환경영향평가용역(B608),국군재정관리단,PQ,425239000,422836461,99.43501443,다산,100,369317000,100.1202,N
2025UMM14152025-22513-01 ,20251119,25-D-00부대 환경영향평가용역(B608),국군재정관리단,PQ,425239000,422836461,99.43501443,도화,100,369985000,100.3013,N
2025UMM14152025-22513-01 ,20251119,25-D-00부대 환경영향평가용역(B608),국군재정관리단,PQ,425239000,422836461,99.43501443,동명,100,369590000,100.1942,N
2025UMM14152025-22513-01 ,20251119,25-D-00부대 환경영향평가용역(B608),국군재정관리단,PQ,425239000,422836461,99.43501443,동성,100,368836000,99.9898,N
2025UMM14152025-22513-01 ,20251119,25-D-00부대 환경영향평가용역(B608),국군재정관리단,PQ,425239000,422836461,99.43501443,동아,100,368687000,99.9494,N
2025UMM14152025-22513-01 ,20251119,25-D-00부대 환경영향평가용역(B608),국군재정관리단,PQ,425239000,422836461,99.43501443,동해,100,366952000,99.4791,Y
2025UMM14152025-22513-01 ,20251119,25-D-00부대 환경영향평가용역(B608),국군재정관리단,PQ,425239000,422836461,99.43501443,삼안,100,368610000,99.9285,N
2025UMM14152025-22513-01 ,20251119,25-D-00부대 환경영향평가용역(B608),국군재정관리단,PQ,425239000,422836461,99.43501443,서영,100,370170000,100.3515,N
2025UMM14152025-22513-01 ,20251119,25-D-00부대 환경영향평가용역(B608),국군재정관리단,PQ,425239000,422836461,99.43501443,선진,100,369387000,100.1392,N
2025UMM14152025-22513-01 ,20251119,25-D-00부대 환경영향평가용역(B608),국군재정관리단,PQ,425239000,422836461,99.43501443,세광,100,0,0,N
2025UMM14152025-22513-01 ,20251119,25-D-00부대 환경영향평가용역(B608),국군재정관리단,PQ,425239000,422836461,99.43501443,세일,100,0,0,N
2025UMM14152025-22513-01 ,20251119,25-D-00부대 환경영향평가용역(B608),국군재정관리단,PQ,425239000,422836461,99.43501443,수성,100,368083000,99.7857,N
2025UMM14152025-22513-01 ,20251119,25-D-00부대 환경영향평가용역(B608),국군재정관리단,PQ,425239000,422836461,99.43501443,신성,100,368000000,99.7632,N
2025UMM14152025-22513-01 ,20251119,25-D-00부대 환경영향평가용역(B608),국군재정관리단,PQ,425239000,422836461,99.43501443,유신,100,369081000,100.0562,N
2025UMM14152025-22513-01 ,20251119,25-D-00부대 환경영향평가용역(B608),국군재정관리단,PQ,425239000,422836461,99.43501443,이산,100,371460000,100.7012,N
2025UMM14152025-22513-01 ,20251119,25-D-00부대 환경영향평가용역(B608),국군재정관리단,PQ,425239000,422836461,99.43501443,홍익,100,371086000,100.5998,N
2025UMM14152025-22513-01 ,20251119,25-D-00부대 환경영향평가용역(B608),국군재정관리단,PQ,425239000,422836461,99.43501443,DS,100,369611000,100.1999,N
R25BK01166441-001,20251119,내곡 농어촌마을정비사업 외 1건 통합건설사업관리 용역,경상남도 합천군,PQ,2916888000,2936095750,100.6585015,범한+신화,99.79,2339638000,100.0937,N
R25BK01166441-001,20251119,내곡 농어촌마을정비사업 외 1건 통합건설사업관리 용역,경상남도 합천군,PQ,2916888000,2936095750,100.6585015,KSM+서화+나인,99.68,2355900000,100.7014,Y
R25BK01166441-001,20251119,내곡 농어촌마을정비사업 외 1건 통합건설사업관리 용역,경상남도 합천군,PQ,2916888000,2936095750,100.6585015,삼안+경남,99.5,2334200000,99.6372,N
R25BK01166441-001,20251119,내곡 농어촌마을정비사업 외 1건 통합건설사업관리 용역,경상남도 합천군,PQ,2916888000,2936095750,100.6585015,경동+경화+청토,99.45,2330870000,99.4456,N
R25BK01166441-001,20251119,내곡 농어촌마을정비사업 외 1건 통합건설사업관리 용역,경상남도 합천군,PQ,2916888000,2936095750,100.6585015,대콘+주원+유현,99.44,2333555000,99.5601,N
R25BK01166441-001,20251119,내곡 농어촌마을정비사업 외 1건 통합건설사업관리 용역,경상남도 합천군,PQ,2916888000,2936095750,100.6585015,동성+한성,99.43,2324935000,99.18,N
R25BK01166441-001,20251119,내곡 농어촌마을정비사업 외 1건 통합건설사업관리 용역,경상남도 합천군,PQ,2916888000,2936095750,100.6585015,수성+한올,99.25,2325041999,99.049,N
R25BK01166441-001,20251119,내곡 농어촌마을정비사업 외 1건 통합건설사업관리 용역,경상남도 합천군,PQ,2916888000,2936095750,100.6585015,동해+한가람,99.19,2378500000,101.276,N
R25BK01166441-001,20251119,내곡 농어촌마을정비사업 외 1건 통합건설사업관리 용역,경상남도 합천군,PQ,2916888000,2936095750,100.6585015,선진+우진,98.77,2375248000,100.7995,N
R25BK01166441-001,20251119,내곡 농어촌마을정비사업 외 1건 통합건설사업관리 용역,경상남도 합천군,PQ,2916888000,2936095750,100.6585015,KG+HEC,98.76,2375550000,100.7999,N
R25BK01166441-001,20251119,내곡 농어촌마을정비사업 외 1건 통합건설사업관리 용역,경상남도 합천군,PQ,2916888000,2936095750,100.6585015,이산+흥진,98.76,2323600000,98.5955,N
R25BK01166441-001,20251119,내곡 농어촌마을정비사업 외 1건 통합건설사업관리 용역,경상남도 합천군,PQ,2916888000,2936095750,100.6585015,도화+민+우일,98.76,2325290000,98.6672,N
R25BK01166441-001,20251119,내곡 농어촌마을정비사업 외 1건 통합건설사업관리 용역,경상남도 합천군,PQ,2916888000,2936095750,100.6585015,다산+하우+태조,98.76,2321350000,98.5,N
R25BK01166441-001,20251119,내곡 농어촌마을정비사업 외 1건 통합건설사업관리 용역,경상남도 합천군,PQ,2916888000,2936095750,100.6585015,동부+우정,98.75,2378860000,100.9403,N
R25BK01166441-001,20251119,내곡 농어촌마을정비사업 외 1건 통합건설사업관리 용역,경상남도 합천군,PQ,2916888000,2936095750,100.6585015,경원+현진,98.73,2323677700,98.5744,N
R25BK01166441-001,20251119,내곡 농어촌마을정비사업 외 1건 통합건설사업관리 용역,경상남도 합천군,PQ,2916888000,2936095750,100.6585015,동명+하나,98.73,2398000000,101.7273,N
R25BK01166441-001,20251119,내곡 농어촌마을정비사업 외 1건 통합건설사업관리 용역,경상남도 합천군,PQ,2916888000,2936095750,100.6585015,KCI+경상+정원,98.73,2321000000,98.4608,N
R25BK01166441-001,20251119,내곡 농어촌마을정비사업 외 1건 통합건설사업관리 용역,경상남도 합천군,PQ,2916888000,2936095750,100.6585015,건일+유진,98.71,2383000000,101.0785,N
R25BK01166441-001,20251119,내곡 농어촌마을정비사업 외 1건 통합건설사업관리 용역,경상남도 합천군,PQ,2916888000,2936095750,100.6585015,서영+천진+이솔,98.7,2389700000,101.3501,N
R25BK01166441-001,20251119,내곡 농어촌마을정비사업 외 1건 통합건설사업관리 용역,경상남도 합천군,PQ,2916888000,2936095750,100.6585015,극동+해진,98.7,2392054000,101.4499,N
R25BK01166441-001,20251119,내곡 농어촌마을정비사업 외 1건 통합건설사업관리 용역,경상남도 합천군,PQ,2916888000,2936095750,100.6585015,한맥+세경,98.7,2318700000,98.3389,N
R25BK01166441-001,20251119,내곡 농어촌마을정비사업 외 1건 통합건설사업관리 용역,경상남도 합천군,PQ,2916888000,2936095750,100.6585015,동일+정림,98.68,2392900000,101.4733,N
R25BK01166441-001,20251119,내곡 농어촌마을정비사업 외 1건 통합건설사업관리 용역,경상남도 합천군,PQ,2916888000,2936095750,100.6585015,홍익+이산기술,98.68,2319000000,98.3395,N
R25BK01166441-001,20251119,내곡 농어촌마을정비사업 외 1건 통합건설사업관리 용역,경상남도 합천군,PQ,2916888000,2936095750,100.6585015,유신+금성,98.64,2408120000,102.0808,N
R25BK01166441-001,20251119,내곡 농어촌마을정비사업 외 1건 통합건설사업관리 용역,경상남도 합천군,PQ,2916888000,2936095750,100.6585015,한종+로텍,95.3,2462300000,101.6991,N
R25BK01166441-001,20251119,내곡 농어촌마을정비사업 외 1건 통합건설사업관리 용역,경상남도 합천군,PQ,2916888000,2936095750,100.6585015,건화+우성,95.23,2480000000,102.3685,N
R25BK01166664 - 000,20251120,상주 농산물종합물류시설 부지조성사업 기본 및 실시설계 용역,경상북도 상주시,PQ,1231120000,1219335175,99.04275578,도화+해동,99.98,996490000,101.1582,Y
R25BK01166664 - 000,20251120,상주 농산물종합물류시설 부지조성사업 기본 및 실시설계 용역,경상북도 상주시,PQ,1231120000,1219335175,99.04275578,한종+동성,97.38,993600000,98.8148,N
R25BK01166664 - 000,20251120,상주 농산물종합물류시설 부지조성사업 기본 및 실시설계 용역,경상북도 상주시,PQ,1231120000,1219335175,99.04275578,삼안+경호+명성건축,97.35,1021130000,101.5278,N
R25BK01166664 - 000,20251120,상주 농산물종합물류시설 부지조성사업 기본 및 실시설계 용역,경상북도 상주시,PQ,1231120000,1219335175,99.04275578,KG+보람,97.35,997410000,99.1694,N
R25BK01166664 - 000,20251120,상주 농산물종합물류시설 부지조성사업 기본 및 실시설계 용역,경상북도 상주시,PQ,1231120000,1219335175,99.04275578,건화+새론(명작),97.3,993980000,98.7921,N
R25BK01166664 - 000,20251120,상주 농산물종합물류시설 부지조성사업 기본 및 실시설계 용역,경상북도 상주시,PQ,1231120000,1219335175,99.04275578,선진+다산,95.9,1040587000,102.2979,N
R25BK01166664 - 000,20251120,상주 농산물종합물류시설 부지조성사업 기본 및 실시설계 용역,경상북도 상주시,PQ,1231120000,1219335175,99.04275578,서영+극동,93.4,1068000000,102.9983,N
R25BK01165579 - 000,20251119,포두 옥강 등 5개소 농어촌마을하수도 정비사업 기본 및 실시설계 용역,전라남도 고흥군,PQ,1928300000,1918706750,99.5025022,동명+장강+해림,98.74,1562800000,100.2976,Y
R25BK01165579 - 000,20251119,포두 옥강 등 5개소 농어촌마을하수도 정비사업 기본 및 실시설계 용역,전라남도 고흥군,PQ,1928300000,1918706750,99.5025022,범한+원우,97.5,1564200000,99.4155,N
R25BK01165579 - 000,20251119,포두 옥강 등 5개소 농어촌마을하수도 정비사업 기본 및 실시설계 용역,전라남도 고흥군,PQ,1928300000,1918706750,99.5025022,정+만승+동성,97.5,1585843000,100.7911,N
R25BK01165579 - 000,20251119,포두 옥강 등 5개소 농어촌마을하수도 정비사업 기본 및 실시설계 용역,전라남도 고흥군,PQ,1928300000,1918706750,99.5025022,HEC+동아,97.5,1587470000,100.8945,N
R25BK01165579 - 000,20251119,포두 옥강 등 5개소 농어촌마을하수도 정비사업 기본 및 실시설계 용역,전라남도 고흥군,PQ,1928300000,1918706750,99.5025022,한주+건주,97.49,1565700000,99.4986,N
R25BK01165579 - 000,20251119,포두 옥강 등 5개소 농어촌마을하수도 정비사업 기본 및 실시설계 용역,전라남도 고흥군,PQ,1928300000,1918706750,99.5025022,제일+대명+다산,97.46,1559800000,99.0994,N
R25BK01165579 - 000,20251119,포두 옥강 등 5개소 농어촌마을하수도 정비사업 기본 및 실시설계 용역,전라남도 고흥군,PQ,1928300000,1918706750,99.5025022,경동+신화,97.45,1559685000,99.08,N
R25BK01165579 - 000,20251119,포두 옥강 등 5개소 농어촌마을하수도 정비사업 기본 및 실시설계 용역,전라남도 고흥군,PQ,1928300000,1918706750,99.5025022,동해+유현+디엠,97.44,1567299000,99.5637,N
R25BK01165579 - 000,20251119,포두 옥강 등 5개소 농어촌마을하수도 정비사업 기본 및 실시설계 용역,전라남도 고흥군,PQ,1928300000,1918706750,99.5025022,드림+공정,97.44,1592000000,101.1328,N
R25BK01165579 - 000,20251119,포두 옥강 등 5개소 농어촌마을하수도 정비사업 기본 및 실시설계 용역,전라남도 고흥군,PQ,1928300000,1918706750,99.5025022,삼안+선우,97.44,1558700000,99.0174,N
R25BK01165579 - 000,20251119,포두 옥강 등 5개소 농어촌마을하수도 정비사업 기본 및 실시설계 용역,전라남도 고흥군,PQ,1928300000,1918706750,99.5025022,"건화+한기(서진,한림)",97.43,1586000000,100.7393,N
R25BK01165579 - 000,20251119,포두 옥강 등 5개소 농어촌마을하수도 정비사업 기본 및 실시설계 용역,전라남도 고흥군,PQ,1928300000,1918706750,99.5025022,경호+마인,97.43,1552860000,98.6343,N
R25BK01165579 - 000,20251119,포두 옥강 등 5개소 농어촌마을하수도 정비사업 기본 및 실시설계 용역,전라남도 고흥군,PQ,1928300000,1918706750,99.5025022,도화+우리,97.43,1589200000,100.9426,N
R25BK01165579 - 000,20251119,포두 옥강 등 5개소 농어촌마을하수도 정비사업 기본 및 실시설계 용역,전라남도 고흥군,PQ,1928300000,1918706750,99.5025022,선진+건영,97.43,1566328000,99.4898,N
R25BK01165579 - 000,20251119,포두 옥강 등 5개소 농어촌마을하수도 정비사업 기본 및 실시설계 용역,전라남도 고흥군,PQ,1928300000,1918706750,99.5025022,수성+영진,97.43,1559720000,99.0701,N
R25BK01165579 - 000,20251119,포두 옥강 등 5개소 농어촌마을하수도 정비사업 기본 및 실시설계 용역,전라남도 고흥군,PQ,1928300000,1918706750,99.5025022,유신+신오,97.43,1556135000,98.8424,N
R25BK01165579 - 000,20251119,포두 옥강 등 5개소 농어촌마을하수도 정비사업 기본 및 실시설계 용역,전라남도 고흥군,PQ,1928300000,1918706750,99.5025022,이산+신명,97.43,1583900000,100.6059,N
R25BK01165579 - 000,20251119,포두 옥강 등 5개소 농어촌마을하수도 정비사업 기본 및 실시설계 용역,전라남도 고흥군,PQ,1928300000,1918706750,99.5025022,한종+우영+건일,97.43,1598880000,101.5574,N
R25BK01165579 - 000,20251119,포두 옥강 등 5개소 농어촌마을하수도 정비사업 기본 및 실시설계 용역,전라남도 고흥군,PQ,1928300000,1918706750,99.5025022,KG+하이콘,97.43,1565380000,99.4296,N
R25BK01165579 - 000,20251119,포두 옥강 등 5개소 농어촌마을하수도 정비사업 기본 및 실시설계 용역,전라남도 고흥군,PQ,1928300000,1918706750,99.5025022,화신+대현기술,97.35,1812600000,115.062,N
R25BK01142229-000,20251104,에콰도르 수도 키토의 홍수의 충적층으로 인한 계곡 범람 예방방안 수립,한국수출입은행,협상,370000000,370000000,100,인하대,89.7778,0,0,Y
R25BK01142229-000,20251104,에콰도르 수도 키토의 홍수의 충적층으로 인한 계곡 범람 예방방안 수립,한국수출입은행,협상,370000000,370000000,100,유신+건화,87.3333,0,0,N
R25BK01167015-001,20251120,강구항 어촌신활력증진사업(유형1) 오포송림숲 스카이워크 조성 기본 및 실시설계 용역,경상북도 영덕군,PQ,595000000,594461550,99.9095042,아라+HD,99.78,508483000,99.8999,N
R25BK01167015-001,20251120,강구항 어촌신활력증진사업(유형1) 오포송림숲 스카이워크 조성 기본 및 실시설계 용역,경상북도 영덕군,PQ,595000000,594461550,99.9095042,"건화+동성+새론(지오메카,성율)",99.51,508790000,99.8901,N
R25BK01167015-001,20251120,강구항 어촌신활력증진사업(유형1) 오포송림숲 스카이워크 조성 기본 및 실시설계 용역,경상북도 영덕군,PQ,595000000,594461550,99.9095042,수성+한도,99.25,510422000,100.1403,N
R25BK01167015-001,20251120,강구항 어촌신활력증진사업(유형1) 오포송림숲 스카이워크 조성 기본 및 실시설계 용역,경상북도 영덕군,PQ,595000000,594461550,99.9095042,세일+청명,99.19,510326000,100.1098,Y
R25BK01167015-001,20251120,강구항 어촌신활력증진사업(유형1) 오포송림숲 스카이워크 조성 기본 및 실시설계 용역,경상북도 영덕군,PQ,595000000,594461550,99.9095042,대영+극동,98.95,514140000,100.7874,N
R25BK01167015-001,20251120,강구항 어촌신활력증진사업(유형1) 오포송림숲 스카이워크 조성 기본 및 실시설계 용역,경상북도 영덕군,PQ,595000000,594461550,99.9095042,한종+주하,98.95,506150000,99.2211,N
R25BK01167015-001,20251120,강구항 어촌신활력증진사업(유형1) 오포송림숲 스카이워크 조성 기본 및 실시설계 용역,경상북도 영덕군,PQ,595000000,594461550,99.9095042,서영+다산,98.8,515400000,100.9991,N
R25BK01167015-001,20251120,강구항 어촌신활력증진사업(유형1) 오포송림숲 스카이워크 조성 기본 및 실시설계 용역,경상북도 영덕군,PQ,595000000,594461550,99.9095042,유신+세원,98.8,504209000,98.806,N
R25BK01167015-001,20251120,강구항 어촌신활력증진사업(유형1) 오포송림숲 스카이워크 조성 기본 및 실시설계 용역,경상북도 영덕군,PQ,595000000,594461550,99.9095042,삼안+반석,98.28,519970000,101.7641,N
R25BK01167015-001,20251120,강구항 어촌신활력증진사업(유형1) 오포송림숲 스카이워크 조성 기본 및 실시설계 용역,경상북도 영덕군,PQ,595000000,594461550,99.9095042,연안+해인,96.48,525100000,102.2916,N
R25BK01164462-000,20251120,솔정 자연재해위험개선지구 정비사업 감독권한대행 등 건설사업관리용역,강원특별자치도 인제군,PQ,3074000000,3077419850,100.1112508,이산+정민+고려,99.76,2474780000,100.4389,Y
R25BK01164462-000,20251120,솔정 자연재해위험개선지구 정비사업 감독권한대행 등 건설사업관리용역,강원특별자치도 인제군,PQ,3074000000,3077419850,100.1112508,동명+정,98.82,2501000000,100.7489,N
R25BK01164462-000,20251120,솔정 자연재해위험개선지구 정비사업 감독권한대행 등 건설사업관리용역,강원특별자치도 인제군,PQ,3074000000,3077419850,100.1112508,대콘+정원,98.8,2502960000,100.8154,N
R25BK01164462-000,20251120,솔정 자연재해위험개선지구 정비사업 감독권한대행 등 건설사업관리용역,강원특별자치도 인제군,PQ,3074000000,3077419850,100.1112508,도화+삼경,98.8,2469300000,99.4596,N
R25BK01164462-000,20251120,솔정 자연재해위험개선지구 정비사업 감독권한대행 등 건설사업관리용역,강원특별자치도 인제군,PQ,3074000000,3077419850,100.1112508,경원+일신,98.77,2480877700,99.9012,N
R25BK01164462-000,20251120,솔정 자연재해위험개선지구 정비사업 감독권한대행 등 건설사업관리용역,강원특별자치도 인제군,PQ,3074000000,3077419850,100.1112508,KSM+수인,98.71,2506900000,100.8991,N
R25BK01164462-000,20251120,솔정 자연재해위험개선지구 정비사업 감독권한대행 등 건설사업관리용역,강원특별자치도 인제군,PQ,3074000000,3077419850,100.1112508,동부+화신,98.7,2464253000,99.1704,N
R25BK01164462-000,20251120,솔정 자연재해위험개선지구 정비사업 감독권한대행 등 건설사업관리용역,강원특별자치도 인제군,PQ,3074000000,3077419850,100.1112508,동성+지호+한울,98.7,2501020000,100.65,N
R25BK01164462-000,20251120,솔정 자연재해위험개선지구 정비사업 감독권한대행 등 건설사업관리용역,강원특별자치도 인제군,PQ,3074000000,3077419850,100.1112508,삼안+세범,98.68,2457180000,98.8735,N
R25BK01164462-000,20251120,솔정 자연재해위험개선지구 정비사업 감독권한대행 등 건설사업관리용역,강원특별자치도 인제군,PQ,3074000000,3077419850,100.1112508,경동+승+경진,98.67,2461374000,99.03,N
R25BK01164462-000,20251120,솔정 자연재해위험개선지구 정비사업 감독권한대행 등 건설사업관리용역,강원특별자치도 인제군,PQ,3074000000,3077419850,100.1112508,극동+청호,98.67,2500643000,100.61,N
R25BK01164462-000,20251120,솔정 자연재해위험개선지구 정비사업 감독권한대행 등 건설사업관리용역,강원특별자치도 인제군,PQ,3074000000,3077419850,100.1112508,동일+대성+동강,98.67,2467700000,99.2845,N
R25BK01164462-000,20251120,솔정 자연재해위험개선지구 정비사업 감독권한대행 등 건설사업관리용역,강원특별자치도 인제군,PQ,3074000000,3077419850,100.1112508,동해+서강+동해,98.64,2495770000,100.3891,N
R25BK01164462-000,20251120,솔정 자연재해위험개선지구 정비사업 감독권한대행 등 건설사업관리용역,강원특별자치도 인제군,PQ,3074000000,3077419850,100.1112508,선진+세라,98.64,2501988000,100.6392,N
R25BK01164462-000,20251120,솔정 자연재해위험개선지구 정비사업 감독권한대행 등 건설사업관리용역,강원특별자치도 인제군,PQ,3074000000,3077419850,100.1112508,수성+한국,98.64,2466457000,99.21,N
R25BK01164462-000,20251120,솔정 자연재해위험개선지구 정비사업 감독권한대행 등 건설사업관리용역,강원특별자치도 인제군,PQ,3074000000,3077419850,100.1112508,유신+강일,98.64,2454525000,98.73,N
R25BK01164462-000,20251120,솔정 자연재해위험개선지구 정비사업 감독권한대행 등 건설사업관리용역,강원특별자치도 인제군,PQ,3074000000,3077419850,100.1112508,제일+진화,98.63,2528500000,101.7056,N
R25BK01164462-000,20251120,솔정 자연재해위험개선지구 정비사업 감독권한대행 등 건설사업관리용역,강원특별자치도 인제군,PQ,3074000000,3077419850,100.1112508,용마+건우+천마,98.62,2516140000,101.1959,N
R25BK01164462-000,20251120,솔정 자연재해위험개선지구 정비사업 감독권한대행 등 건설사업관리용역,강원특별자치도 인제군,PQ,3074000000,3077419850,100.1112508,한종+현산+바셈,98.62,2501800000,100.6192,N
R25BK01164462-000,20251120,솔정 자연재해위험개선지구 정비사업 감독권한대행 등 건설사업관리용역,강원특별자치도 인제군,PQ,3074000000,3077419850,100.1112508,서영+성안+삼주,98.61,2478950000,99.7002,N
R25BK01164462-000,20251120,솔정 자연재해위험개선지구 정비사업 감독권한대행 등 건설사업관리용역,강원특별자치도 인제군,PQ,3074000000,3077419850,100.1112508,건화+동서,98.6,2451900000,98.6001,N
R25BK01164462-000,20251120,솔정 자연재해위험개선지구 정비사업 감독권한대행 등 건설사업관리용역,강원특별자치도 인제군,PQ,3074000000,3077419850,100.1112508,신성+반석,98.6,2456000000,98.7649,N
R25BK01164462-000,20251120,솔정 자연재해위험개선지구 정비사업 감독권한대행 등 건설사업관리용역,강원특별자치도 인제군,PQ,3074000000,3077419850,100.1112508,건일+디엠,98.53,2517000000,101.1555,N
R25BK01164462-000,20251120,솔정 자연재해위험개선지구 정비사업 감독권한대행 등 건설사업관리용역,강원특별자치도 인제군,PQ,3074000000,3077419850,100.1112508,KG+GK+오대,98.52,2529050000,101.6397,N
R25BK01164462-000,20251120,솔정 자연재해위험개선지구 정비사업 감독권한대행 등 건설사업관리용역,강원특별자치도 인제군,PQ,3074000000,3077419850,100.1112508,바우+이베,98.5,2453000000,98.5712,N
R25BK01164462-000,20251120,솔정 자연재해위험개선지구 정비사업 감독권한대행 등 건설사업관리용역,강원특별자치도 인제군,PQ,3074000000,3077419850,100.1112508,한맥+국일,98.5,2480920000,99.6931,N
R25BK01164462-000,20251120,솔정 자연재해위험개선지구 정비사업 감독권한대행 등 건설사업관리용역,강원특별자치도 인제군,PQ,3074000000,3077419850,100.1112508,KCI+서광,98.5,2525600000,101.4885,N
R25BK01164462-000,20251120,솔정 자연재해위험개선지구 정비사업 감독권한대행 등 건설사업관리용역,강원특별자치도 인제군,PQ,3074000000,3077419850,100.1112508,태조+다산+영화,98.48,2520000000,101.2385,N
R25BK01164462-000,20251120,솔정 자연재해위험개선지구 정비사업 감독권한대행 등 건설사업관리용역,강원특별자치도 인제군,PQ,3074000000,3077419850,100.1112508,홍익+청솔,98.47,2449095000,98.39,N
R25BK01164462-000,20251120,솔정 자연재해위험개선지구 정비사업 감독권한대행 등 건설사업관리용역,강원특별자치도 인제군,PQ,3074000000,3077419850,100.1112508,경호+동남,98.46,2429700000,97.5987,N
R25BK01164462-000,20251120,솔정 자연재해위험개선지구 정비사업 감독권한대행 등 건설사업관리용역,강원특별자치도 인제군,PQ,3074000000,3077419850,100.1112508,신명+화인,98.44,2537000000,101.8963,N
R25BK01164462-000,20251120,솔정 자연재해위험개선지구 정비사업 감독권한대행 등 건설사업관리용역,강원특별자치도 인제군,PQ,3074000000,3077419850,100.1112508,다음+효림+하람,98.37,2546655000,102.221,N
R25BK01166398 - 000,20251120,제주 광령~도평 우회도로 건설공사 감독권한 대행 등 건설사업관리용역,제주특별자치도,PQ,3073906000,3073890700,99.99950226,동명+청풍,100,2463150000,100.1699,Y
R25BK01166398 - 000,20251120,제주 광령~도평 우회도로 건설공사 감독권한 대행 등 건설사업관리용역,제주특별자치도,PQ,3073906000,3073890700,99.99950226,유신+한라,99.7,2483558000,100.748,N
R25BK01166398 - 000,20251120,제주 광령~도평 우회도로 건설공사 감독권한 대행 등 건설사업관리용역,제주특별자치도,PQ,3073906000,3073890700,99.99950226,수성+인트랜,99.62,2458129999,99.6544,N
R25BK01166398 - 000,20251120,제주 광령~도평 우회도로 건설공사 감독권한 대행 등 건설사업관리용역,제주특별자치도,PQ,3073906000,3073890700,99.99950226,도화+태신,99.42,2453530000,99.307,N
R25BK01166398 - 000,20251120,제주 광령~도평 우회도로 건설공사 감독권한 대행 등 건설사업관리용역,제주특별자치도,PQ,3073906000,3073890700,99.99950226,경동+해오름,99.03,2453298000,98.9897,N
R25BK01166398 - 000,20251120,제주 광령~도평 우회도로 건설공사 감독권한 대행 등 건설사업관리용역,제주특별자치도,PQ,3073906000,3073890700,99.99950226,제일+리뉴,99.02,2512000000,101.3583,N
R25BK01166398 - 000,20251120,제주 광령~도평 우회도로 건설공사 감독권한 대행 등 건설사업관리용역,제주특별자치도,PQ,3073906000,3073890700,99.99950226,이산+제원,98.9,2447560000,98.6603,N
R25BK01166398 - 000,20251120,제주 광령~도평 우회도로 건설공사 감독권한 대행 등 건설사업관리용역,제주특별자치도,PQ,3073906000,3073890700,99.99950226,건화+JPM,98.89,2508400000,101.1002,N
R25BK01166398 - 000,20251120,제주 광령~도평 우회도로 건설공사 감독권한 대행 등 건설사업관리용역,제주특별자치도,PQ,3073906000,3073890700,99.99950226,동일+홍익하이테크,98.82,2516900000,101.3925,N
R25BK01166398 - 000,20251120,제주 광령~도평 우회도로 건설공사 감독권한 대행 등 건설사업관리용역,제주특별자치도,PQ,3073906000,3073890700,99.99950226,서영+한일,98.81,2513670000,101.2499,N
R25BK01166398 - 000,20251120,제주 광령~도평 우회도로 건설공사 감독권한 대행 등 건설사업관리용역,제주특별자치도,PQ,3073906000,3073890700,99.99950226,바우+해동+하이콘,98.78,2450000000,98.6608,N
R25BK01166398 - 000,20251120,제주 광령~도평 우회도로 건설공사 감독권한 대행 등 건설사업관리용역,제주특별자치도,PQ,3073906000,3073890700,99.99950226,극동+원,98.75,2502437000,100.76,N
R25BK01166398 - 000,20251120,제주 광령~도평 우회도로 건설공사 감독권한 대행 등 건설사업관리용역,제주특별자치도,PQ,3073906000,3073890700,99.99950226,동부+더존,98.71,2511817000,101.1001,N
R25BK01166398 - 000,20251120,제주 광령~도평 우회도로 건설공사 감독권한 대행 등 건설사업관리용역,제주특별자치도,PQ,3073906000,3073890700,99.99950226,한종+해진,98.3,2531000000,101.5456,N
R25BK01166398 - 000,20251120,제주 광령~도평 우회도로 건설공사 감독권한 대행 등 건설사업관리용역,제주특별자치도,PQ,3073906000,3073890700,99.99950226,동성+부림+DS,94.13,2651788000,103.0001,N
R25BK01168402-000,20251120,내손처리분구 하수관로 정비공사 기본 및 실시설계,경기도 의왕시,PQ,832700000,836657450,100.4752552,유신+신성,99.95,712432000,100.049,N
R25BK01168402-000,20251120,내손처리분구 하수관로 정비공사 기본 및 실시설계,경기도 의왕시,PQ,832700000,836657450,100.4752552,드림+동성+DS,99.73,712740000,100.0454,N
R25BK01168402-000,20251120,내손처리분구 하수관로 정비공사 기본 및 실시설계,경기도 의왕시,PQ,832700000,836657450,100.4752552,동해+(주)한종,99.65,711100000,99.7919,N
R25BK01168402-000,20251120,내손처리분구 하수관로 정비공사 기본 및 실시설계,경기도 의왕시,PQ,832700000,836657450,100.4752552,선진+강일,99.61,712758000,100.0129,N
R25BK01168402-000,20251120,내손처리분구 하수관로 정비공사 기본 및 실시설계,경기도 의왕시,PQ,832700000,836657450,100.4752552,정+케이이엔지,99.59,709888300,99.5986,N
R25BK01168402-000,20251120,내손처리분구 하수관로 정비공사 기본 및 실시설계,경기도 의왕시,PQ,832700000,836657450,100.4752552,동명+DM,99.58,709685000,99.57,N
R25BK01168402-000,20251120,내손처리분구 하수관로 정비공사 기본 및 실시설계,경기도 의왕시,PQ,832700000,836657450,100.4752552,KG+KCI,99.58,712600000,99.979,N
R25BK01168402-000,20251120,내손처리분구 하수관로 정비공사 기본 및 실시설계,경기도 의왕시,PQ,832700000,836657450,100.4752552,경호+정원,99.5,704850000,98.8801,N
R25BK01168402-000,20251120,내손처리분구 하수관로 정비공사 기본 및 실시설계,경기도 의왕시,PQ,832700000,836657450,100.4752552,범한+TSK,99.5,716666000,100.5377,Y
R25BK01168402-000,20251120,내손처리분구 하수관로 정비공사 기본 및 실시설계,경기도 의왕시,PQ,832700000,836657450,100.4752552,국성+다음,99.43,708161000,99.3214,N
R25BK01168402-000,20251120,내손처리분구 하수관로 정비공사 기본 및 실시설계,경기도 의왕시,PQ,832700000,836657450,100.4752552,세원+신화,99.43,710156000,99.6012,N
R25BK01168402-000,20251120,내손처리분구 하수관로 정비공사 기본 및 실시설계,경기도 의왕시,PQ,832700000,836657450,100.4752552,이산+태조,99.43,707980000,99.296,N
R25BK01168402-000,20251120,내손처리분구 하수관로 정비공사 기본 및 실시설계,경기도 의왕시,PQ,832700000,836657450,100.4752552,제일+서영,99.43,708400000,99.3549,N
R25BK01168402-000,20251120,내손처리분구 하수관로 정비공사 기본 및 실시설계,경기도 의왕시,PQ,832700000,836657450,100.4752552,홍익+화정,99.43,707580000,99.2399,N
R25BK01168402-000,20251120,내손처리분구 하수관로 정비공사 기본 및 실시설계,경기도 의왕시,PQ,832700000,836657450,100.4752552,삼안+도화+온담,99.38,721490000,101.179,N
R25BK01168402-000,20251120,내손처리분구 하수관로 정비공사 기본 및 실시설계,경기도 의왕시,PQ,832700000,836657450,100.4752552,경화+케이아트,99.37,717005000,100.5501,N
R25BK01168402-000,20251120,내손처리분구 하수관로 정비공사 기본 및 실시설계,경기도 의왕시,PQ,832700000,836657450,100.4752552,한주+동부,99.36,711860000,99.8169,N
R25BK01168402-000,20251120,내손처리분구 하수관로 정비공사 기본 및 실시설계,경기도 의왕시,PQ,832700000,836657450,100.4752552,삼주+다경,99.35,711739000,99.7999,N
R25BK01168402-000,20251120,내손처리분구 하수관로 정비공사 기본 및 실시설계,경기도 의왕시,PQ,832700000,836657450,100.4752552,화신+용마+다산,99.35,709315000,99.46,N
R25BK01168402-000,20251120,내손처리분구 하수관로 정비공사 기본 및 실시설계,경기도 의왕시,PQ,832700000,836657450,100.4752552,건화+새론(테크피아),99.31,704460000,98.7677,N
R25BK01168402-000,20251120,내손처리분구 하수관로 정비공사 기본 및 실시설계,경기도 의왕시,PQ,832700000,836657450,100.4752552,수성+에이스+건일,99.29,721800000,101.1989,N
R25BK01168402-000,20251120,내손처리분구 하수관로 정비공사 기본 및 실시설계,경기도 의왕시,PQ,832700000,836657450,100.4752552,경동+동산,98.51,724870000,101.428,N
R25BK01168402-000,20251120,내손처리분구 하수관로 정비공사 기본 및 실시설계,경기도 의왕시,PQ,832700000,836657450,100.4752552,한종+로텍,98.5,707430000,98.9877,N
R25BK01168402-000,20251120,내손처리분구 하수관로 정비공사 기본 및 실시설계,경기도 의왕시,PQ,832700000,836657450,100.4752552,HEC+한영+바셈,98.36,737000000,103.0772,N
R25BK01167760-000,20251120,장서 자연재해위험개선지구 외 1개소 건설사업관리용역,경상남도 거제시,PQ,2575848000,2540662000,98.63400325,KSM+신화+나인,100,2063255000,100.1313,N
R25BK01167760-000,20251120,장서 자연재해위험개선지구 외 1개소 건설사업관리용역,경상남도 거제시,PQ,2575848000,2540662000,98.63400325,동명+경화+유진,99.8,2090730000,101.3001,N
R25BK01167760-000,20251120,장서 자연재해위험개선지구 외 1개소 건설사업관리용역,경상남도 거제시,PQ,2575848000,2540662000,98.63400325,한종+한성+이산기술단,99.07,2057700000,99.1183,N
R25BK01167760-000,20251120,장서 자연재해위험개선지구 외 1개소 건설사업관리용역,경상남도 거제시,PQ,2575848000,2540662000,98.63400325,건화+우진,99.06,2100000000,101.1433,N
R25BK01167760-000,20251120,장서 자연재해위험개선지구 외 1개소 건설사업관리용역,경상남도 거제시,PQ,2575848000,2540662000,98.63400325,동부+현진+청명,99.06,2053425000,98.9001,N
R25BK01167760-000,20251120,장서 자연재해위험개선지구 외 1개소 건설사업관리용역,경상남도 거제시,PQ,2575848000,2540662000,98.63400325,수성+한올,99.06,2059222899,99.1793,N
R25BK01167760-000,20251120,장서 자연재해위험개선지구 외 1개소 건설사업관리용역,경상남도 거제시,PQ,2575848000,2540662000,98.63400325,도화+대콘+주원종합,99.05,2054300000,98.9422,N
R25BK01167760-000,20251120,장서 자연재해위험개선지구 외 1개소 건설사업관리용역,경상남도 거제시,PQ,2575848000,2540662000,98.63400325,이산+HEC,99.03,2050766000,98.7475,N
R25BK01167760-000,20251120,장서 자연재해위험개선지구 외 1개소 건설사업관리용역,경상남도 거제시,PQ,2575848000,2540662000,98.63400325,KG+로텍,99.03,2099220000,101.0806,N
R25BK01167760-000,20251120,장서 자연재해위험개선지구 외 1개소 건설사업관리용역,경상남도 거제시,PQ,2575848000,2540662000,98.63400325,내경+민종합,99.01,2056000000,98.9873,N
R25BK01167760-000,20251120,장서 자연재해위험개선지구 외 1개소 건설사업관리용역,경상남도 거제시,PQ,2575848000,2540662000,98.63400325,삼안+천진,99.01,2051280000,98.76,N
R25BK01167760-000,20251120,장서 자연재해위험개선지구 외 1개소 건설사업관리용역,경상남도 거제시,PQ,2575848000,2540662000,98.63400325,동해+금성+한가람,99,2078900000,100.0898,N
R25BK01167760-000,20251120,장서 자연재해위험개선지구 외 1개소 건설사업관리용역,경상남도 거제시,PQ,2575848000,2540662000,98.63400325,제일+서화,98.98,2108700000,101.4994,N
R25BK01167760-000,20251120,장서 자연재해위험개선지구 외 1개소 건설사업관리용역,경상남도 거제시,PQ,2575848000,2540662000,98.63400325,경호+이솔,98.97,2049880000,98.6681,Y
R25BK01167760-000,20251120,장서 자연재해위험개선지구 외 1개소 건설사업관리용역,경상남도 거제시,PQ,2575848000,2540662000,98.63400325,경원+범한,98.96,2107987000,101.4525,N
R25BK01167760-000,20251120,장서 자연재해위험개선지구 외 1개소 건설사업관리용역,경상남도 거제시,PQ,2575848000,2540662000,98.63400325,극동+경남,98.96,2105026000,101.3099,N
R25BK01167760-000,20251120,장서 자연재해위험개선지구 외 1개소 건설사업관리용역,경상남도 거제시,PQ,2575848000,2540662000,98.63400325,바우+우정+하이콘,98.95,2058990000,99.0821,N
R25BK01167760-000,20251120,장서 자연재해위험개선지구 외 1개소 건설사업관리용역,경상남도 거제시,PQ,2575848000,2540662000,98.63400325,홍익+다산+하우,98.95,2046890000,98.4998,N
R25BK01167760-000,20251120,장서 자연재해위험개선지구 외 1개소 건설사업관리용역,경상남도 거제시,PQ,2575848000,2540662000,98.63400325,KCI+경상,98.93,2048000000,98.541,N
R25BK01167760-000,20251120,장서 자연재해위험개선지구 외 1개소 건설사업관리용역,경상남도 거제시,PQ,2575848000,2540662000,98.63400325,신명+우일,98.91,2055500000,98.8896,N
R25BK01167760-000,20251120,장서 자연재해위험개선지구 외 1개소 건설사업관리용역,경상남도 거제시,PQ,2575848000,2540662000,98.63400325,건일+해진,98.9,2100100000,101.0228,N
R25BK01167760-000,20251120,장서 자연재해위험개선지구 외 1개소 건설사업관리용역,경상남도 거제시,PQ,2575848000,2540662000,98.63400325,유신+하나,98.89,2119784000,101.957,N
R25BK01167760-000,20251120,장서 자연재해위험개선지구 외 1개소 건설사업관리용역,경상남도 거제시,PQ,2575848000,2540662000,98.63400325,선진+동영,98.84,2048648000,98.4989,N
R25BK01167137-000,20251120,상주 이차전지클러스터 일반산업단지 조성사업 교통영향평가 용역,경상북도 상주시,PQ,427335000,427758125,100.0990148,건화+동성,100,375000000,101.1622,N
R25BK01167137-000,20251120,상주 이차전지클러스터 일반산업단지 조성사업 교통영향평가 용역,경상북도 상주시,PQ,427335000,427758125,100.0990148,삼안+가람,100,372064000,100.3702,N
R25BK01167137-000,20251120,상주 이차전지클러스터 일반산업단지 조성사업 교통영향평가 용역,경상북도 상주시,PQ,427335000,427758125,100.0990148,서영+대성,100,371250000,100.1506,Y
R25BK01167137-000,20251120,상주 이차전지클러스터 일반산업단지 조성사업 교통영향평가 용역,경상북도 상주시,PQ,427335000,427758125,100.0990148,수성+보람,100,371900000,100.3259,N
R25BK01167137-000,20251120,상주 이차전지클러스터 일반산업단지 조성사업 교통영향평가 용역,경상북도 상주시,PQ,427335000,427758125,100.0990148,한종+KCI,100,369579000,99.6998,N
R25BK01167137-000,20251120,상주 이차전지클러스터 일반산업단지 조성사업 교통영향평가 용역,경상북도 상주시,PQ,427335000,427758125,100.0990148,KG+극동,100,374620000,101.0597,N
R25BK01167137-000,20251120,상주 이차전지클러스터 일반산업단지 조성사업 교통영향평가 용역,경상북도 상주시,PQ,427335000,427758125,100.0990148,동명+다산,99.95,373520000,100.7514,N
R25BK01167137-000,20251120,상주 이차전지클러스터 일반산업단지 조성사업 교통영향평가 용역,경상북도 상주시,PQ,427335000,427758125,100.0990148,유신+제이플랜,99.87,369209000,99.577,N
R25BK01167137-000,20251120,상주 이차전지클러스터 일반산업단지 조성사업 교통영향평가 용역,경상북도 상주시,PQ,427335000,427758125,100.0990148,도화+한도,99.5,367500000,99.0819,N
R25BK01167137-000,20251120,상주 이차전지클러스터 일반산업단지 조성사업 교통영향평가 용역,경상북도 상주시,PQ,427335000,427758125,100.0990148,장맥,50,380740000,97.9135,N
R25BK01168834-000,20251120,농수산물 도매시장 진입도로 개설공사 시공단계 건설사업관리용역,충청북도 청주시,PQ,2478434000,2480980625,100.1027514,홍익+태일,100,1984610000,100.1002,N
R25BK01168834-000,20251120,농수산물 도매시장 진입도로 개설공사 시공단계 건설사업관리용역,충청북도 청주시,PQ,2478434000,2480980625,100.1027514,제일+도우,99.65,2004000000,100.7884,Y
R25BK01168834-000,20251120,농수산물 도매시장 진입도로 개설공사 시공단계 건설사업관리용역,충청북도 청주시,PQ,2478434000,2480980625,100.1027514,한종+오성기술단,99.65,1984400000,99.8027,N
R25BK01168834-000,20251120,농수산물 도매시장 진입도로 개설공사 시공단계 건설사업관리용역,충청북도 청주시,PQ,2478434000,2480980625,100.1027514,한맥+청우종합건축,99.51,1980770000,99.5085,N
R25BK01168834-000,20251120,농수산물 도매시장 진입도로 개설공사 시공단계 건설사업관리용역,충청북도 청주시,PQ,2478434000,2480980625,100.1027514,삼안+부광기술,99.49,2008930000,100.9106,N
R25BK01168834-000,20251120,농수산물 도매시장 진입도로 개설공사 시공단계 건설사업관리용역,충청북도 청주시,PQ,2478434000,2480980625,100.1027514,KG+진성,99.48,1979900000,99.44,N
R25BK01168834-000,20251120,농수산물 도매시장 진입도로 개설공사 시공단계 건설사업관리용역,충청북도 청주시,PQ,2478434000,2480980625,100.1027514,동명+영진,99.39,1974600000,99.0998,N
R25BK01168834-000,20251120,농수산물 도매시장 진입도로 개설공사 시공단계 건설사업관리용역,충청북도 청주시,PQ,2478434000,2480980625,100.1027514,동해+에이치알,99.38,2012240000,100.9888,N
R25BK01168834-000,20251120,농수산물 도매시장 진입도로 개설공사 시공단계 건설사업관리용역,충청북도 청주시,PQ,2478434000,2480980625,100.1027514,동일+동림,99.2,1975500000,98.9972,N
R25BK01168834-000,20251120,농수산물 도매시장 진입도로 개설공사 시공단계 건설사업관리용역,충청북도 청주시,PQ,2478434000,2480980625,100.1027514,용마+JS+천마,99.1,1972960000,98.7963,N
R25BK01168834-000,20251120,농수산물 도매시장 진입도로 개설공사 시공단계 건설사업관리용역,충청북도 청주시,PQ,2478434000,2480980625,100.1027514,수성+한국건설연구소,99,2019269000,101.04,N
R25BK01168834-000,20251120,농수산물 도매시장 진입도로 개설공사 시공단계 건설사업관리용역,충청북도 청주시,PQ,2478434000,2480980625,100.1027514,서영+두원,98.99,2022720000,101.2001,N
R25BK01168834-000,20251120,농수산물 도매시장 진입도로 개설공사 시공단계 건설사업관리용역,충청북도 청주시,PQ,2478434000,2480980625,100.1027514,KSM+가원,98.99,2026600000,101.3942,N
R25BK01168834-000,20251120,농수산물 도매시장 진입도로 개설공사 시공단계 건설사업관리용역,충청북도 청주시,PQ,2478434000,2480980625,100.1027514,바우+좋은,98.98,0,0,N
R25BK01168834-000,20251120,농수산물 도매시장 진입도로 개설공사 시공단계 건설사업관리용역,충청북도 청주시,PQ,2478434000,2480980625,100.1027514,장맥+한광+삼우,98.98,1973840000,98.7423,N
R25BK01168834-000,20251120,농수산물 도매시장 진입도로 개설공사 시공단계 건설사업관리용역,충청북도 청주시,PQ,2478434000,2480980625,100.1027514,신명+서영E,98.93,2022000000,101.1139,N
R25BK01168834-000,20251120,농수산물 도매시장 진입도로 개설공사 시공단계 건설사업관리용역,충청북도 청주시,PQ,2478434000,2480980625,100.1027514,이산+진우,98.9,1972360000,98.6071,N
R25BK01168834-000,20251120,농수산물 도매시장 진입도로 개설공사 시공단계 건설사업관리용역,충청북도 청주시,PQ,2478434000,2480980625,100.1027514,도화+대원E,98.86,1972490000,98.5892,N
R25BK01168834-000,20251120,농수산물 도매시장 진입도로 개설공사 시공단계 건설사업관리용역,충청북도 청주시,PQ,2478434000,2480980625,100.1027514,경원+한맥e,98.82,1973277700,98.5919,N
R25BK01168834-000,20251120,농수산물 도매시장 진입도로 개설공사 시공단계 건설사업관리용역,충청북도 청주시,PQ,2478434000,2480980625,100.1027514,다음+태광,98.8,1973605000,98.5961,N
R25BK01168834-000,20251120,농수산물 도매시장 진입도로 개설공사 시공단계 건설사업관리용역,충청북도 청주시,PQ,2478434000,2480980625,100.1027514,동부+상생,98.74,2032745000,101.5003,N
R25BK01168834-000,20251120,농수산물 도매시장 진입도로 개설공사 시공단계 건설사업관리용역,충청북도 청주시,PQ,2478434000,2480980625,100.1027514,대콘+대원,98.68,1970429000,98.34,N
R25BK01168834-000,20251120,농수산물 도매시장 진입도로 개설공사 시공단계 건설사업관리용역,충청북도 청주시,PQ,2478434000,2480980625,100.1027514,동성+도명+DS,98.67,2039000000,101.7497,N
R25BK01168834-000,20251120,농수산물 도매시장 진입도로 개설공사 시공단계 건설사업관리용역,충청북도 청주시,PQ,2478434000,2480980625,100.1027514,건화+건일(석우),98.63,1971000000,98.332,N
R25BK01168834-000,20251120,농수산물 도매시장 진입도로 개설공사 시공단계 건설사업관리용역,충청북도 청주시,PQ,2478434000,2480980625,100.1027514,화신+메가,98.59,2040270000,101.7501,N
R25BK01168834-000,20251120,농수산물 도매시장 진입도로 개설공사 시공단계 건설사업관리용역,충청북도 청주시,PQ,2478434000,2480980625,100.1027514,청명+토영,98.55,2031746000,101.3,N
R25BK01168834-000,20251120,농수산물 도매시장 진입도로 개설공사 시공단계 건설사업관리용역,충청북도 청주시,PQ,2478434000,2480980625,100.1027514,극동+태광설계,97.95,2055644000,101.9999,N
R25BK01168834-000,20251120,농수산물 도매시장 진입도로 개설공사 시공단계 건설사업관리용역,충청북도 청주시,PQ,2478434000,2480980625,100.1027514,경동+지명,97.44,2074990000,102.5563,N
R25BK01168834-000,20251120,농수산물 도매시장 진입도로 개설공사 시공단계 건설사업관리용역,충청북도 청주시,PQ,2478434000,2480980625,100.1027514,경호+수일,95.34,2104000000,102.2984,N
R25BK01168334-000,20251120,인천신항 진입도로 지하차도 건설(고가차도) 기본 및 실시설계용역,인천광역시 경제자유구역청,PQ,3205400000,3156213175,98.46550119,"삼보+건화+장원(세림,정방)",99.29,2602000000,100.8956,N
R25BK01168334-000,20251120,인천신항 진입도로 지하차도 건설(고가차도) 기본 및 실시설계용역,인천광역시 경제자유구역청,PQ,3205400000,3156213175,98.46550119,바우,98,2598420000,99.7402,N
R25BK01168334-000,20251120,인천신항 진입도로 지하차도 건설(고가차도) 기본 및 실시설계용역,인천광역시 경제자유구역청,PQ,3205400000,3156213175,98.46550119,삼안,97.94,2638460000,101.2273,N
R25BK01168334-000,20251120,인천신항 진입도로 지하차도 건설(고가차도) 기본 및 실시설계용역,인천광역시 경제자유구역청,PQ,3205400000,3156213175,98.46550119,신성,97.4,2672000000,102.0747,N
R25BK01168334-000,20251120,인천신항 진입도로 지하차도 건설(고가차도) 기본 및 실시설계용역,인천광역시 경제자유구역청,PQ,3205400000,3156213175,98.46550119,동부,97.14,2583801000,98.5003,Y
R25BK01168334-000,20251120,인천신항 진입도로 지하차도 건설(고가차도) 기본 및 실시설계용역,인천광역시 경제자유구역청,PQ,3205400000,3156213175,98.46550119,제일,97.07,2668000000,101.6605,N
R25BK01168334-000,20251120,인천신항 진입도로 지하차도 건설(고가차도) 기본 및 실시설계용역,인천광역시 경제자유구역청,PQ,3205400000,3156213175,98.46550119,다산,96.86,2582588000,98.25,N
R25BK01168334-000,20251120,인천신항 진입도로 지하차도 건설(고가차도) 기본 및 실시설계용역,인천광역시 경제자유구역청,PQ,3205400000,3156213175,98.46550119,유신,96.78,2675685000,101.7173,N
R25BK01168334-000,20251120,인천신항 진입도로 지하차도 건설(고가차도) 기본 및 실시설계용역,인천광역시 경제자유구역청,PQ,3205400000,3156213175,98.46550119,대콘,96.5,2676100000,101.5228,N
R25BK01165553-000,20251120,신효 자연재해위험개선지구 정비사업 외 2개소 통합건설사업관리용역,제주특별자치도 서귀포시,PQ,3709144000,3679600700,99.20350086,건화+해진,99.5,2999900000,100.7016,N
R25BK01165553-000,20251120,신효 자연재해위험개선지구 정비사업 외 2개소 통합건설사업관리용역,제주특별자치도 서귀포시,PQ,3709144000,3679600700,99.20350086,동명+태신,99.37,2977687000,99.8441,N
R25BK01165553-000,20251120,신효 자연재해위험개선지구 정비사업 외 2개소 통합건설사업관리용역,제주특별자치도 서귀포시,PQ,3709144000,3679600700,99.20350086,경동+청풍,98.83,2977560000,99.4194,N
R25BK01165553-000,20251120,신효 자연재해위험개선지구 정비사업 외 2개소 통합건설사업관리용역,제주특별자치도 서귀포시,PQ,3709144000,3679600700,99.20350086,이산+제원,98.73,2974360000,99.2265,Y
R25BK01165553-000,20251120,신효 자연재해위험개선지구 정비사업 외 2개소 통합건설사업관리용역,제주특별자치도 서귀포시,PQ,3709144000,3679600700,99.20350086,KSM+다산+리뉴,98.64,3002700000,100.0977,N
R25BK01165553-000,20251120,신효 자연재해위험개선지구 정비사업 외 2개소 통합건설사업관리용역,제주특별자치도 서귀포시,PQ,3709144000,3679600700,99.20350086,한종+JPM,98.6,2964300000,98.7931,N
R25BK01165553-000,20251120,신효 자연재해위험개선지구 정비사업 외 2개소 통합건설사업관리용역,제주특별자치도 서귀포시,PQ,3709144000,3679600700,99.20350086,극동+부림,98.58,3032392000,101.05,N
R25BK01165553-000,20251120,신효 자연재해위험개선지구 정비사업 외 2개소 통합건설사업관리용역,제주특별자치도 서귀포시,PQ,3709144000,3679600700,99.20350086,도화+한라,98.49,3042420000,101.309,N
R25BK01165553-000,20251120,신효 자연재해위험개선지구 정비사업 외 2개소 통합건설사업관리용역,제주특별자치도 서귀포시,PQ,3709144000,3679600700,99.20350086,삼안+더존이앤씨,98.48,2956140000,98.4238,N
R25BK01165553-000,20251120,신효 자연재해위험개선지구 정비사업 외 2개소 통합건설사업관리용역,제주특별자치도 서귀포시,PQ,3709144000,3679600700,99.20350086,유신+원,98.44,2956755000,98.42,N
R25BK01165553-000,20251120,신효 자연재해위험개선지구 정비사업 외 2개소 통합건설사업관리용역,제주특별자치도 서귀포시,PQ,3709144000,3679600700,99.20350086,동성+해오름,98.42,3056648000,101.72,N
R25BK01165553-000,20251120,신효 자연재해위험개선지구 정비사업 외 2개소 통합건설사업관리용역,제주특별자치도 서귀포시,PQ,3709144000,3679600700,99.20350086,서영+한일,98.42,3048540000,101.4502,N
R25BK01165553-000,20251120,신효 자연재해위험개선지구 정비사업 외 2개소 통합건설사업관리용역,제주특별자치도 서귀포시,PQ,3709144000,3679600700,99.20350086,수성+인트랜,98.26,3066000000,101.9054,N
R25BK01165553-000,20251120,신효 자연재해위험개선지구 정비사업 외 2개소 통합건설사업관리용역,제주특별자치도 서귀포시,PQ,3709144000,3679600700,99.20350086,KCI+홍익하이테크,98.04,3500000000,116.13,N
202511296-00,20251121,2026년 비탈면 보완공사 실시설계 엔지니어링,한국도로공사,PQ,646900000,646473046,99.934,건화,100,552380000,99.8758,N
202511296-00,20251121,2026년 비탈면 보완공사 실시설계 엔지니어링,한국도로공사,PQ,646900000,646473046,99.934,삼안+한맥,100,555170000,100.3802,N
202511296-00,20251121,2026년 비탈면 보완공사 실시설계 엔지니어링,한국도로공사,PQ,646900000,646473046,99.934,일신,100,553896000,100.1499,N
202511296-00,20251121,2026년 비탈면 보완공사 실시설계 엔지니어링,한국도로공사,PQ,646900000,646473046,99.934,내경,99.9,552000000,99.772,N
202511296-00,20251121,2026년 비탈면 보완공사 실시설계 엔지니어링,한국도로공사,PQ,646900000,646473046,99.934,대콘,99.9,553372000,100.02,Y
202511296-00,20251121,2026년 비탈면 보완공사 실시설계 엔지니어링,한국도로공사,PQ,646900000,646473046,99.934,동해+극동,99.9,549837000,99.3811,N
202511296-00,20251121,2026년 비탈면 보완공사 실시설계 엔지니어링,한국도로공사,PQ,646900000,646473046,99.934,유신,99.9,552458000,99.8548,N
202511296-00,20251121,2026년 비탈면 보완공사 실시설계 엔지니어링,한국도로공사,PQ,646900000,646473046,99.934,진우,99.9,551270000,99.6401,N
202511296-00,20251121,2026년 비탈면 보완공사 실시설계 엔지니어링,한국도로공사,PQ,646900000,646473046,99.934,경동,99.7,550679000,99.4751,N
202511296-00,20251121,2026년 비탈면 보완공사 실시설계 엔지니어링,한국도로공사,PQ,646900000,646473046,99.934,KCI,99.6,550558000,99.43,N
202511296-00,20251121,2026년 비탈면 보완공사 실시설계 엔지니어링,한국도로공사,PQ,646900000,646473046,99.934,KSM,99.6,549900000,99.3112,N
202511296-00,20251121,2026년 비탈면 보완공사 실시설계 엔지니어링,한국도로공사,PQ,646900000,646473046,99.934,수성,99.5,550697000,99.4203,N
202511296-00,20251121,2026년 비탈면 보완공사 실시설계 엔지니어링,한국도로공사,PQ,646900000,646473046,99.934,이산,99.3,550360000,99.3015,N
202511296-00,20251121,2026년 비탈면 보완공사 실시설계 엔지니어링,한국도로공사,PQ,646900000,646473046,99.934,바우,99.1,558000000,100.6212,N
202511296-00,20251121,2026년 비탈면 보완공사 실시설계 엔지니어링,한국도로공사,PQ,646900000,646473046,99.934,동성,99,550135000,99.1798,N
202511296-00,20251121,2026년 비탈면 보완공사 실시설계 엔지니어링,한국도로공사,PQ,646900000,646473046,99.934,선진,98.95,550188000,99.1778,N
202511296-00,20251121,2026년 비탈면 보완공사 실시설계 엔지니어링,한국도로공사,PQ,646900000,646473046,99.934,태조,98.65,549900000,99.0335,N
202511296-00,20251121,2026년 비탈면 보완공사 실시설계 엔지니어링,한국도로공사,PQ,646900000,646473046,99.934,한종,98.5,561550000,101.0845,N
202511296-00,20251121,2026년 비탈면 보완공사 실시설계 엔지니어링,한국도로공사,PQ,646900000,646473046,99.934,KG,98,551400000,99.1189,N
R25BK01171748-003,20251121,선산 원리 외 2개소 하수관로 정비공사 기본 및 실시설계용역,경상북도 구미시 상하수도사업본부,PQ,1156400000,1150985225,99.53175588,도화+태성+한주,99.53,940770000,101.3054,Y
R25BK01171748-003,20251121,선산 원리 외 2개소 하수관로 정비공사 기본 및 실시설계용역,경상북도 구미시 상하수도사업본부,PQ,1156400000,1150985225,99.53175588,건화+동진+명성(진양),97.6,934000000,99.0592,N
R25BK01171748-003,20251121,선산 원리 외 2개소 하수관로 정비공사 기본 및 실시설계용역,경상북도 구미시 상하수도사업본부,PQ,1156400000,1150985225,99.53175588,동명+세원,97.6,933920000,99.0507,N
R25BK01171748-003,20251121,선산 원리 외 2개소 하수관로 정비공사 기본 및 실시설계용역,경상북도 구미시 상하수도사업본부,PQ,1156400000,1150985225,99.53175588,동성+HEC,97.6,934196000,99.08,N
R25BK01171748-003,20251121,선산 원리 외 2개소 하수관로 정비공사 기본 및 실시설계용역,경상북도 구미시 상하수도사업본부,PQ,1156400000,1150985225,99.53175588,동해+반석,97.6,935570000,99.2257,N
R25BK01171748-003,20251121,선산 원리 외 2개소 하수관로 정비공사 기본 및 실시설계용역,경상북도 구미시 상하수도사업본부,PQ,1156400000,1150985225,99.53175588,범한+KCI,97.6,935100000,99.1758,N
R25BK01171748-003,20251121,선산 원리 외 2개소 하수관로 정비공사 기본 및 실시설계용역,경상북도 구미시 상하수도사업본부,PQ,1156400000,1150985225,99.53175588,수성+주하,97.6,936743000,99.3501,N
R25BK01171748-003,20251121,선산 원리 외 2개소 하수관로 정비공사 기본 및 실시설계용역,경상북도 구미시 상하수도사업본부,PQ,1156400000,1150985225,99.53175588,유신+다산,97.6,931839000,98.83,N
R25BK01171748-003,20251121,선산 원리 외 2개소 하수관로 정비공사 기본 및 실시설계용역,경상북도 구미시 상하수도사업본부,PQ,1156400000,1150985225,99.53175588,이산+극동,97.6,934377000,99.0992,N
R25BK01171748-003,20251121,선산 원리 외 2개소 하수관로 정비공사 기본 및 실시설계용역,경상북도 구미시 상하수도사업본부,PQ,1156400000,1150985225,99.53175588,한종+청명,97.6,934000000,99.0592,N
R25BK01171748-003,20251121,선산 원리 외 2개소 하수관로 정비공사 기본 및 실시설계용역,경상북도 구미시 상하수도사업본부,PQ,1156400000,1150985225,99.53175588,경호+새론,97.53,930700000,98.6487,N
R25BK01171748-003,20251121,선산 원리 외 2개소 하수관로 정비공사 기본 및 실시설계용역,경상북도 구미시 상하수도사업본부,PQ,1156400000,1150985225,99.53175588,선진+세연,97.53,956368000,101.3693,N
R25BK01171748-003,20251121,선산 원리 외 2개소 하수관로 정비공사 기본 및 실시설계용역,경상북도 구미시 상하수도사업본부,PQ,1156400000,1150985225,99.53175588,화신+보원,97.51,931959000,98.77,N
R25BK01171748-003,20251121,선산 원리 외 2개소 하수관로 정비공사 기본 및 실시설계용역,경상북도 구미시 상하수도사업본부,PQ,1156400000,1150985225,99.53175588,경동+중앙방재,97.5,929190000,98.4766,N
R25BK01171748-003,20251121,선산 원리 외 2개소 하수관로 정비공사 기본 및 실시설계용역,경상북도 구미시 상하수도사업본부,PQ,1156400000,1150985225,99.53175588,제일+한도,97.5,961400000,101.8902,N
R25BK01171748-003,20251121,선산 원리 외 2개소 하수관로 정비공사 기본 및 실시설계용역,경상북도 구미시 상하수도사업본부,PQ,1156400000,1150985225,99.53175588,KG+보람,97.5,936580000,99.2598,N
R25BK01171748-003,20251121,선산 원리 외 2개소 하수관로 정비공사 기본 및 실시설계용역,경상북도 구미시 상하수도사업본부,PQ,1156400000,1150985225,99.53175588,국성+태양,97.2,964794000,101.9999,N
R25BK01171748-003,20251121,선산 원리 외 2개소 하수관로 정비공사 기본 및 실시설계용역,경상북도 구미시 상하수도사업본부,PQ,1156400000,1150985225,99.53175588,삼안+청우E,96.4,1063700000,111.7596,N
R25BK01172198-001,20251121,교동취수장 이설공사 건설사업관리용역,경상남도 밀양시,PQ,1878000000,1883516650,100.2937513,수성+동진,99.63,1505400000,99.9062,N
R25BK01172198-001,20251121,교동취수장 이설공사 건설사업관리용역,경상남도 밀양시,PQ,1878000000,1883516650,100.2937513,청명+우리,99.61,1512233000,100.3472,Y
R25BK01172198-001,20251121,교동취수장 이설공사 건설사업관리용역,경상남도 밀양시,PQ,1878000000,1883516650,100.2937513,건화+현진+씨이엠,99.02,1498200000,98.9474,N
R25BK01172198-001,20251121,교동취수장 이설공사 건설사업관리용역,경상남도 밀양시,PQ,1878000000,1883516650,100.2937513,대콘+천진,99.02,1525199000,100.7305,N
R25BK01172198-001,20251121,교동취수장 이설공사 건설사업관리용역,경상남도 밀양시,PQ,1878000000,1883516650,100.2937513,한종+한성,99.01,1501500000,99.1531,N
R25BK01172198-001,20251121,교동취수장 이설공사 건설사업관리용역,경상남도 밀양시,PQ,1878000000,1883516650,100.2937513,홍익+하우,99.01,1527950000,100.8997,N
R25BK01172198-001,20251121,교동취수장 이설공사 건설사업관리용역,경상남도 밀양시,PQ,1878000000,1883516650,100.2937513,경원+경남,99,1532377700,101.1921,N
R25BK01172198-001,20251121,교동취수장 이설공사 건설사업관리용역,경상남도 밀양시,PQ,1878000000,1883516650,100.2937513,다음+우진,99,1502528000,99.221,N
R25BK01172198-001,20251121,교동취수장 이설공사 건설사업관리용역,경상남도 밀양시,PQ,1878000000,1883516650,100.2937513,서영+HEC,99,1530990000,101.1005,N
R25BK01172198-001,20251121,교동취수장 이설공사 건설사업관리용역,경상남도 밀양시,PQ,1878000000,1883516650,100.2937513,선진+영인,99,1524413000,100.6662,N
R25BK01172198-001,20251121,교동취수장 이설공사 건설사업관리용역,경상남도 밀양시,PQ,1878000000,1883516650,100.2937513,유신+금성+주원,99,1501953000,99.183,N
R25BK01172198-001,20251121,교동취수장 이설공사 건설사업관리용역,경상남도 밀양시,PQ,1878000000,1883516650,100.2937513,제일+하나,99,1514950000,100.0413,N
R25BK01172198-001,20251121,교동취수장 이설공사 건설사업관리용역,경상남도 밀양시,PQ,1878000000,1883516650,100.2937513,한올+극동,99,1500696000,99.1,N
R25BK01172198-001,20251121,교동취수장 이설공사 건설사업관리용역,경상남도 밀양시,PQ,1878000000,1883516650,100.2937513,경동+한가람+경화,98.99,0,0,N
R25BK01172198-001,20251121,교동취수장 이설공사 건설사업관리용역,경상남도 밀양시,PQ,1878000000,1883516650,100.2937513,신명+우일,98.99,1503000000,99.2398,N
R25BK01172198-001,20251121,교동취수장 이설공사 건설사업관리용역,경상남도 밀양시,PQ,1878000000,1883516650,100.2937513,범한+이산기술단,98.98,1516199000,100.0989,N
R25BK01172198-001,20251121,교동취수장 이설공사 건설사업관리용역,경상남도 밀양시,PQ,1878000000,1883516650,100.2937513,이산+흥진,98.98,1504780000,99.345,N
R25BK01172198-001,20251121,교동취수장 이설공사 건설사업관리용역,경상남도 밀양시,PQ,1878000000,1883516650,100.2937513,건일+해진,98.97,1503000000,99.2275,N
R25BK01172198-001,20251121,교동취수장 이설공사 건설사업관리용역,경상남도 밀양시,PQ,1878000000,1883516650,100.2937513,KSM+서화,98.85,1494000000,98.5356,N
R25BK01172937-000,20251121,"산양,사창 노후하수관로 정비 및 하리1 배수분구 중점관리지역 도시침수 대응사업 통합건설사업관리용역",강원특별자치도 화천군,PQ,2472901000,2443652850,98.8172535,서영+삼주+성안,100,1992100000,100.7028,N
R25BK01172937-000,20251121,"산양,사창 노후하수관로 정비 및 하리1 배수분구 중점관리지역 도시침수 대응사업 통합건설사업관리용역",강원특별자치도 화천군,PQ,2472901000,2443652850,98.8172535,동명+정,99.85,1977200000,99.8248,N
R25BK01172937-000,20251121,"산양,사창 노후하수관로 정비 및 하리1 배수분구 중점관리지역 도시침수 대응사업 통합건설사업관리용역",강원특별자치도 화천군,PQ,2472901000,2443652850,98.8172535,수성+반석,99.68,2000148999,100.845,N
R25BK01172937-000,20251121,"산양,사창 노후하수관로 정비 및 하리1 배수분구 중점관리지역 도시침수 대응사업 통합건설사업관리용역",강원특별자치도 화천군,PQ,2472901000,2443652850,98.8172535,홍익+삼경,99.6,1976290000,99.5799,N
R25BK01172937-000,20251121,"산양,사창 노후하수관로 정비 및 하리1 배수분구 중점관리지역 도시침수 대응사업 통합건설사업관리용역",강원특별자치도 화천군,PQ,2472901000,2443652850,98.8172535,선진+수인,99.49,2005087000,100.9429,N
R25BK01172937-000,20251121,"산양,사창 노후하수관로 정비 및 하리1 배수분구 중점관리지역 도시침수 대응사업 통합건설사업관리용역",강원특별자치도 화천군,PQ,2472901000,2443652850,98.8172535,KCI+청솔,99.43,2006000000,100.9386,N
R25BK01172937-000,20251121,"산양,사창 노후하수관로 정비 및 하리1 배수분구 중점관리지역 도시침수 대응사업 통합건설사업관리용역",강원특별자치도 화천군,PQ,2472901000,2443652850,98.8172535,동일+대성종합,99.37,2008200000,100.999,N
R25BK01172937-000,20251121,"산양,사창 노후하수관로 정비 및 하리1 배수분구 중점관리지역 도시침수 대응사업 통합건설사업관리용역",강원특별자치도 화천군,PQ,2472901000,2443652850,98.8172535,KG+오대+GK,99.36,2007420000,100.9598,N
R25BK01172937-000,20251121,"산양,사창 노후하수관로 정비 및 하리1 배수분구 중점관리지역 도시침수 대응사업 통합건설사업관리용역",강원특별자치도 화천군,PQ,2472901000,2443652850,98.8172535,도화+경원,99.35,1968300000,98.98,N
R25BK01172937-000,20251121,"산양,사창 노후하수관로 정비 및 하리1 배수분구 중점관리지역 도시침수 대응사업 통합건설사업관리용역",강원특별자치도 화천군,PQ,2472901000,2443652850,98.8172535,삼안+한국E,99.3,1966690000,98.8622,Y
R25BK01172937-000,20251121,"산양,사창 노후하수관로 정비 및 하리1 배수분구 중점관리지역 도시침수 대응사업 통합건설사업관리용역",강원특별자치도 화천군,PQ,2472901000,2443652850,98.8172535,일신+세라,99.22,2013652000,101.16,N
R25BK01172937-000,20251121,"산양,사창 노후하수관로 정비 및 하리1 배수분구 중점관리지역 도시침수 대응사업 통합건설사업관리용역",강원특별자치도 화천군,PQ,2472901000,2443652850,98.8172535,제일+진화공사,99.2,1965100000,98.6964,N
R25BK01172937-000,20251121,"산양,사창 노후하수관로 정비 및 하리1 배수분구 중점관리지역 도시침수 대응사업 통합건설사업관리용역",강원특별자치도 화천군,PQ,2472901000,2443652850,98.8172535,한맥+국일,99.19,2007700000,100.8359,N
R25BK01172937-000,20251121,"산양,사창 노후하수관로 정비 및 하리1 배수분구 중점관리지역 도시침수 대응사업 통합건설사업관리용역",강원특별자치도 화천군,PQ,2472901000,2443652850,98.8172535,대콘+화신,99.18,1969270000,98.8935,N
R25BK01172937-000,20251121,"산양,사창 노후하수관로 정비 및 하리1 배수분구 중점관리지역 도시침수 대응사업 통합건설사업관리용역",강원특별자치도 화천군,PQ,2472901000,2443652850,98.8172535,건일+정원+바셈+강일,99.15,2011000000,100.964,N
R25BK01172937-000,20251121,"산양,사창 노후하수관로 정비 및 하리1 배수분구 중점관리지역 도시침수 대응사업 통합건설사업관리용역",강원특별자치도 화천군,PQ,2472901000,2443652850,98.8172535,동해+(주)동해+서강,99.14,1967580000,98.7718,N
R25BK01172937-000,20251121,"산양,사창 노후하수관로 정비 및 하리1 배수분구 중점관리지역 도시침수 대응사업 통합건설사업관리용역",강원특별자치도 화천군,PQ,2472901000,2443652850,98.8172535,바우+이베스트,99.09,1968490000,98.7807,N
R25BK01172937-000,20251121,"산양,사창 노후하수관로 정비 및 하리1 배수분구 중점관리지역 도시침수 대응사업 통합건설사업관리용역",강원특별자치도 화천군,PQ,2472901000,2443652850,98.8172535,다음+하람+효림,99.04,1971522000,98.8961,N
R25BK01172937-000,20251121,"산양,사창 노후하수관로 정비 및 하리1 배수분구 중점관리지역 도시침수 대응사업 통합건설사업관리용역",강원특별자치도 화천군,PQ,2472901000,2443652850,98.8172535,동남+유신,98.85,1996496000,100,N
R25BK01172937-000,20251121,"산양,사창 노후하수관로 정비 및 하리1 배수분구 중점관리지역 도시침수 대응사업 통합건설사업관리용역",강원특별자치도 화천군,PQ,2472901000,2443652850,98.8172535,동성+한울,98.85,2032034000,101.78,N
R25BK01172937-000,20251121,"산양,사창 노후하수관로 정비 및 하리1 배수분구 중점관리지역 도시침수 대응사업 통합건설사업관리용역",강원특별자치도 화천군,PQ,2472901000,2443652850,98.8172535,고려+이산,98.8,1966000000,98.4359,N
R25BK01172937-000,20251121,"산양,사창 노후하수관로 정비 및 하리1 배수분구 중점관리지역 도시침수 대응사업 통합건설사업관리용역",강원특별자치도 화천군,PQ,2472901000,2443652850,98.8172535,경동+승+경진,98.79,1964899000,98.3686,N
R25BK01172937-000,20251121,"산양,사창 노후하수관로 정비 및 하리1 배수분구 중점관리지역 도시침수 대응사업 통합건설사업관리용역",강원특별자치도 화천군,PQ,2472901000,2443652850,98.8172535,KSM+세범,98.79,2031400000,101.6978,N
R25BK01172937-000,20251121,"산양,사창 노후하수관로 정비 및 하리1 배수분구 중점관리지역 도시침수 대응사업 통합건설사업관리용역",강원특별자치도 화천군,PQ,2472901000,2443652850,98.8172535,동부+JM+효창,98.73,2017466000,100.9503,N
R25BK01172937-000,20251121,"산양,사창 노후하수관로 정비 및 하리1 배수분구 중점관리지역 도시침수 대응사업 통합건설사업관리용역",강원특별자치도 화천군,PQ,2472901000,2443652850,98.8172535,다산+DM,98.7,2039939000,102.0495,N
R25BK01172937-000,20251121,"산양,사창 노후하수관로 정비 및 하리1 배수분구 중점관리지역 도시침수 대응사업 통합건설사업관리용역",강원특별자치도 화천군,PQ,2472901000,2443652850,98.8172535,현산,98.6,1966000000,98.2777,N
R25BK01172937-000,20251121,"산양,사창 노후하수관로 정비 및 하리1 배수분구 중점관리지역 도시침수 대응사업 통합건설사업관리용역",강원특별자치도 화천군,PQ,2472901000,2443652850,98.8172535,한종+정민+수성E,98.54,2031500000,101.5018,N
R25BK01172937-000,20251121,"산양,사창 노후하수관로 정비 및 하리1 배수분구 중점관리지역 도시침수 대응사업 통합건설사업관리용역",강원특별자치도 화천군,PQ,2472901000,2443652850,98.8172535,신명+화인+서경,98.43,2030000000,101.3392,N
R25BK01172937-000,20251121,"산양,사창 노후하수관로 정비 및 하리1 배수분구 중점관리지역 도시침수 대응사업 통합건설사업관리용역",강원특별자치도 화천군,PQ,2472901000,2443652850,98.8172535,건화+서광+동서,98.4,2039200000,101.7733,N
R25BK01172937-000,20251121,"산양,사창 노후하수관로 정비 및 하리1 배수분구 중점관리지역 도시침수 대응사업 통합건설사업관리용역",강원특별자치도 화천군,PQ,2472901000,2443652850,98.8172535,청명+건우,98.2,2055047000,102.4,N
R25BK01172937-000,20251121,"산양,사창 노후하수관로 정비 및 하리1 배수분구 중점관리지역 도시침수 대응사업 통합건설사업관리용역",강원특별자치도 화천군,PQ,2472901000,2443652850,98.8172535,극동+청호,97.99,2070000000,102.9801,N
9252216-00,20251120,경부선 청도~부산간 작업자 이동통로 확보를 위한 기술조사 및 실시설계용역,한국철도공사,PQ,891760000,888388476,99.62192473,도화,100,762370000,99.9947,N
9252216-00,20251120,경부선 청도~부산간 작업자 이동통로 확보를 위한 기술조사 및 실시설계용역,한국철도공사,PQ,891760000,888388476,99.62192473,삼안,100,766370000,100.5194,N
9252216-00,20251120,경부선 청도~부산간 작업자 이동통로 확보를 위한 기술조사 및 실시설계용역,한국철도공사,PQ,891760000,888388476,99.62192473,태조+이산,100,764100000,100.2216,N
9252216-00,20251120,경부선 청도~부산간 작업자 이동통로 확보를 위한 기술조사 및 실시설계용역,한국철도공사,PQ,891760000,888388476,99.62192473,대콘+건화,99.86,759333000,99.5498,N
9252216-00,20251120,경부선 청도~부산간 작업자 이동통로 확보를 위한 기술조사 및 실시설계용역,한국철도공사,PQ,891760000,888388476,99.62192473,수성+KG,99.72,761052000,99.7402,Y
9252216-00,20251120,경부선 청도~부산간 작업자 이동통로 확보를 위한 기술조사 및 실시설계용역,한국철도공사,PQ,891760000,888388476,99.62192473,신성+다산,99.52,769580000,100.7989,N
9252216-00,20251120,경부선 청도~부산간 작업자 이동통로 확보를 위한 기술조사 및 실시설계용역,한국철도공사,PQ,891760000,888388476,99.62192473,KRTC+선진,98.64,777107000,101.5239,N
9252216-00,20251120,경부선 청도~부산간 작업자 이동통로 확보를 위한 기술조사 및 실시설계용역,한국철도공사,PQ,891760000,888388476,99.62192473,선구+동서,96.02,781900000,101.3706,N
9252216-00,20251120,경부선 청도~부산간 작업자 이동통로 확보를 위한 기술조사 및 실시설계용역,한국철도공사,PQ,891760000,888388476,99.62192473,대건+동해,95.08,788980000,102.0173,N
R25BK01168527-000,20251124,덕유산국립공원 저지대 숲체험인프라 조성 기본 및 실시설계 용역,국립공원공단 서부지역본부,PQ,415350000,418021800,100.6432647,도화,100,360280000,99.9957,N
R25BK01168527-000,20251124,덕유산국립공원 저지대 숲체험인프라 조성 기본 및 실시설계 용역,국립공원공단 서부지역본부,PQ,415350000,418021800,100.6432647,서영,100,362457000,100.6,N
R25BK01168527-000,20251124,덕유산국립공원 저지대 숲체험인프라 조성 기본 및 실시설계 용역,국립공원공단 서부지역본부,PQ,415350000,418021800,100.6432647,유신,99.33,361350000,100.2349,N
R25BK01168527-000,20251124,덕유산국립공원 저지대 숲체험인프라 조성 기본 및 실시설계 용역,국립공원공단 서부지역본부,PQ,415350000,418021800,100.6432647,한종,98.3,359750000,99.6992,N
R25BK01168527-000,20251124,덕유산국립공원 저지대 숲체험인프라 조성 기본 및 실시설계 용역,국립공원공단 서부지역본부,PQ,415350000,418021800,100.6432647,건화,97.53,362890000,100.5,N
R25BK01168527-000,20251124,덕유산국립공원 저지대 숲체험인프라 조성 기본 및 실시설계 용역,국립공원공단 서부지역본부,PQ,415350000,418021800,100.6432647,KG,96,365510000,101.0977,Y
R25BK01174999-000,20251124,중랑천 보행교량(방학역~마들역) 건설공사 감독권한대행 등 건설사업관리용역,서울특별시 도시기반시설본부,PQ,2833000000,2826668275,99.77650106,제일+신명+장맥,99.92,2299770000,101.4027,N
R25BK01174999-000,20251124,중랑천 보행교량(방학역~마들역) 건설공사 감독권한대행 등 건설사업관리용역,서울특별시 도시기반시설본부,PQ,2833000000,2826668275,99.77650106,이산+도화,99.8,2266681000,99.8564,Y
R25BK01174999-000,20251124,중랑천 보행교량(방학역~마들역) 건설공사 감독권한대행 등 건설사업관리용역,서울특별시 도시기반시설본부,PQ,2833000000,2826668275,99.77650106,진우+동명+극동,99,2285070000,100.0298,N
R25BK01174999-000,20251124,중랑천 보행교량(방학역~마들역) 건설공사 감독권한대행 등 건설사업관리용역,서울특별시 도시기반시설본부,PQ,2833000000,2826668275,99.77650106,한맥+동해,99,2287650000,100.1427,N
R25BK01174999-000,20251124,중랑천 보행교량(방학역~마들역) 건설공사 감독권한대행 등 건설사업관리용역,서울특별시 도시기반시설본부,PQ,2833000000,2826668275,99.77650106,서영+동일,98.97,2288383000,100.15,N
R25BK01174999-000,20251124,중랑천 보행교량(방학역~마들역) 건설공사 감독권한대행 등 건설사업관리용역,서울특별시 도시기반시설본부,PQ,2833000000,2826668275,99.77650106,수성+서현+오이디,98.95,2260000000,98.8833,N
R25BK01174999-000,20251124,중랑천 보행교량(방학역~마들역) 건설공사 감독권한대행 등 건설사업관리용역,서울특별시 도시기반시설본부,PQ,2833000000,2826668275,99.77650106,KSM+대한+다음,98.79,2322700000,101.5008,N
R25BK01174999-000,20251124,중랑천 보행교량(방학역~마들역) 건설공사 감독권한대행 등 건설사업관리용역,서울특별시 도시기반시설본부,PQ,2833000000,2826668275,99.77650106,건화+태조+건양,98.63,2337000000,101.9995,N
R25BK01174999-000,20251124,중랑천 보행교량(방학역~마들역) 건설공사 감독권한대행 등 건설사업관리용역,서울특별시 도시기반시설본부,PQ,2833000000,2826668275,99.77650106,한종+대콘,98.6,2257300000,98.4966,N
R25BK01174999-000,20251124,중랑천 보행교량(방학역~마들역) 건설공사 감독권한대행 등 건설사업관리용역,서울특별시 도시기반시설본부,PQ,2833000000,2826668275,99.77650106,경원+드림e,97.87,2493000000,108.1529,N
R25BK01174999-000,20251124,중랑천 보행교량(방학역~마들역) 건설공사 감독권한대행 등 건설사업관리용역,서울특별시 도시기반시설본부,PQ,2833000000,2826668275,99.77650106,용마+우리,97.87,2343990000,101.6884,N
R25BK01174999-000,20251124,중랑천 보행교량(방학역~마들역) 건설공사 감독권한대행 등 건설사업관리용역,서울특별시 도시기반시설본부,PQ,2833000000,2826668275,99.77650106,홍익+글로벌,97.41,2371120000,102.5001,N
R25BK01175976-000,20251124,문경시 우수유출저감대책 수립용역,경상북도 문경시,PQ,1021000000,1020650350,99.96575416,주하+건화,99.3,875850000,100.1501,Y
R25BK01175976-000,20251124,문경시 우수유출저감대책 수립용역,경상북도 문경시,PQ,1021000000,1020650350,99.96575416,동진+세화,98.7,881120000,100.6,N
R25BK01175976-000,20251124,문경시 우수유출저감대책 수립용역,경상북도 문경시,PQ,1021000000,1020650350,99.96575416,경동+청우,98.67,874827000,99.8699,N
R25BK01175976-000,20251124,문경시 우수유출저감대책 수립용역,경상북도 문경시,PQ,1021000000,1020650350,99.96575416,도화+한도,98.67,870470000,99.3725,N
R25BK01175976-000,20251124,문경시 우수유출저감대책 수립용역,경상북도 문경시,PQ,1021000000,1020650350,99.96575416,동성+한맥+DS,98.67,881486000,100.6301,N
R25BK01175976-000,20251124,문경시 우수유출저감대책 수립용역,경상북도 문경시,PQ,1021000000,1020650350,99.96575416,극동+동해,98.64,882185000,100.7098,N
R25BK01175976-000,20251124,문경시 우수유출저감대책 수립용역,경상북도 문경시,PQ,1021000000,1020650350,99.96575416,이산+한주,98.64,872460000,99.5996,N
R25BK01175976-000,20251124,문경시 우수유출저감대책 수립용역,경상북도 문경시,PQ,1021000000,1020650350,99.96575416,청명+경원,98.64,872465000,99.6002,N
R25BK01175976-000,20251124,문경시 우수유출저감대책 수립용역,경상북도 문경시,PQ,1021000000,1020650350,99.96575416,한종+해인,98.64,870520000,99.3782,N
R25BK01175976-000,20251124,문경시 우수유출저감대책 수립용역,경상북도 문경시,PQ,1021000000,1020650350,99.96575416,화신+현대기술,98.64,882274000,100.72,N
R25BK01175976-000,20251124,문경시 우수유출저감대책 수립용역,경상북도 문경시,PQ,1021000000,1020650350,99.96575416,KCI+동명+삼주,98.64,881540000,100.6362,N
R25BK01175976-000,20251124,문경시 우수유출저감대책 수립용역,경상북도 문경시,PQ,1021000000,1020650350,99.96575416,KG+보람,98.64,879380000,100.3896,N
R25BK01175976-000,20251124,문경시 우수유출저감대책 수립용역,경상북도 문경시,PQ,1021000000,1020650350,99.96575416,유신+중앙방재,98.62,865016000,98.7383,N
R25BK01175976-000,20251124,문경시 우수유출저감대책 수립용역,경상북도 문경시,PQ,1021000000,1020650350,99.96575416,다산+HEC,98.58,882918000,100.77,N
R25BK01175976-000,20251124,문경시 우수유출저감대책 수립용역,경상북도 문경시,PQ,1021000000,1020650350,99.96575416,수성+아라,98.53,870579000,99.3502,N
R25BK01175976-000,20251124,문경시 우수유출저감대책 수립용역,경상북도 문경시,PQ,1021000000,1020650350,99.96575416,서광+세원,98.49,869275000,99.1898,N
R25BK01175976-000,20251124,문경시 우수유출저감대책 수립용역,경상북도 문경시,PQ,1021000000,1020650350,99.96575416,경호+태성,98.34,865800000,98.7588,N
R25BK01174553-000,20251124,진해 해양레저관광 거점 조성사업 기본 및 실시설계용역,경상남도 창원시,PQ,498410000,499428050,100.2042595,건화+한올,100,431880000,99.8923,N
R25BK01174553-000,20251124,진해 해양레저관광 거점 조성사업 기본 및 실시설계용역,경상남도 창원시,PQ,498410000,499428050,100.2042595,도화+한성,100,434340000,100.4613,Y
R25BK01174553-000,20251124,진해 해양레저관광 거점 조성사업 기본 및 실시설계용역,경상남도 창원시,PQ,498410000,499428050,100.2042595,KG+경화,99.95,435420000,100.6995,N
R25BK01174553-000,20251124,진해 해양레저관광 거점 조성사업 기본 및 실시설계용역,경상남도 창원시,PQ,498410000,499428050,100.2042595,수성+동일,99.88,432500000,100.0126,N
R25BK01174553-000,20251124,진해 해양레저관광 거점 조성사업 기본 및 실시설계용역,경상남도 창원시,PQ,498410000,499428050,100.2042595,유신+현진,99.82,432993000,100.1266,N
R25BK01174553-000,20251124,진해 해양레저관광 거점 조성사업 기본 및 실시설계용역,경상남도 창원시,PQ,498410000,499428050,100.2042595,경호+서화,99.72,430593000,99.5602,N
R25BK01174553-000,20251124,진해 해양레저관광 거점 조성사업 기본 및 실시설계용역,경상남도 창원시,PQ,498410000,499428050,100.2042595,삼안+로텍,99.66,429990000,99.4207,N
R25BK01174553-000,20251124,진해 해양레저관광 거점 조성사업 기본 및 실시설계용역,경상남도 창원시,PQ,498410000,499428050,100.2042595,한종+정림,99.05,436250000,100.7985,N
R25BK01174553-000,20251124,진해 해양레저관광 거점 조성사업 기본 및 실시설계용역,경상남도 창원시,PQ,498410000,499428050,100.2042595,선진+신화,98.89,428187000,98.9241,N
R25BK01174553-000,20251124,진해 해양레저관광 거점 조성사업 기본 및 실시설계용역,경상남도 창원시,PQ,498410000,499428050,100.2042595,동해+금성,98.8,428950000,99.0889,N
R25BK01174553-000,20251124,진해 해양레저관광 거점 조성사업 기본 및 실시설계용역,경상남도 창원시,PQ,498410000,499428050,100.2042595,동명+우리이엔지,98.46,441700000,101.999,N
R25BK01174553-000,20251124,진해 해양레저관광 거점 조성사업 기본 및 실시설계용역,경상남도 창원시,PQ,498410000,499428050,100.2042595,서영+경남,97.97,428200000,98.836,N
R25BK01176306 - 000,20251124,주포항 생활권 어촌신활력 증진사업 실시설계 용역,전라남도 함평군,PQ,383200000,376857125,98.34476122,도화,99.88,332490000,100.002,N
R25BK01176306 - 000,20251124,주포항 생활권 어촌신활력 증진사업 실시설계 용역,전라남도 함평군,PQ,383200000,376857125,98.34476122,"건화(지인,신화)",99.6,330900000,99.5008,N
R25BK01176306 - 000,20251124,주포항 생활권 어촌신활력 증진사업 실시설계 용역,전라남도 함평군,PQ,383200000,376857125,98.34476122,서영+한기,99.5,333430000,100.25,N
R25BK01176306 - 000,20251124,주포항 생활권 어촌신활력 증진사업 실시설계 용역,전라남도 함평군,PQ,383200000,376857125,98.34476122,유신+해광,99.4,330643000,99.4006,Y
R25BK01176306 - 000,20251124,주포항 생활권 어촌신활력 증진사업 실시설계 용역,전라남도 함평군,PQ,383200000,376857125,98.34476122,수성,99.34,330980000,99.5019,N
R25BK01176306 - 000,20251124,주포항 생활권 어촌신활력 증진사업 실시설계 용역,전라남도 함평군,PQ,383200000,376857125,98.34476122,대양,99.3,333928000,100.3882,N
R25BK01176306 - 000,20251124,주포항 생활권 어촌신활력 증진사업 실시설계 용역,전라남도 함평군,PQ,383200000,376857125,98.34476122,한종,99.14,336100000,101.0179,N
R25BK01176306 - 000,20251124,주포항 생활권 어촌신활력 증진사업 실시설계 용역,전라남도 함평군,PQ,383200000,376857125,98.34476122,세광,99.1,334796000,100.6259,N
R25BK01176306 - 000,20251124,주포항 생활권 어촌신활력 증진사업 실시설계 용역,전라남도 함평군,PQ,383200000,376857125,98.34476122,삼안,98.96,341660000,102.6772,N
R25BK01170148 - 000,20251120,무인항공 영농기술 특화농공단지 공공폐수처리시설 설치공사 건설사업관리용역,전라남도 고흥군,PQ,1456300000,1441413025,98.97775355,동성+혜성+DS,99.61,1170645000,100.1743,N
R25BK01170148 - 000,20251120,무인항공 영농기술 특화농공단지 공공폐수처리시설 설치공사 건설사업관리용역,전라남도 고흥군,PQ,1456300000,1441413025,98.97775355,장강+이산,99.57,1179675000,100.9093,N
R25BK01170148 - 000,20251120,무인항공 영농기술 특화농공단지 공공폐수처리시설 설치공사 건설사업관리용역,전라남도 고흥군,PQ,1456300000,1441413025,98.97775355,제일+율산,99.51,1164814000,99.5885,N
R25BK01170148 - 000,20251120,무인항공 영농기술 특화농공단지 공공폐수처리시설 설치공사 건설사업관리용역,전라남도 고흥군,PQ,1456300000,1441413025,98.97775355,도화+만승,99.01,1178670000,100.3732,N
R25BK01170148 - 000,20251120,무인항공 영농기술 특화농공단지 공공폐수처리시설 설치공사 건설사업관리용역,전라남도 고흥군,PQ,1456300000,1441413025,98.97775355,건화+서진,99,1160200000,98.8003,N
R25BK01170148 - 000,20251120,무인항공 영농기술 특화농공단지 공공폐수처리시설 설치공사 건설사업관리용역,전라남도 고흥군,PQ,1456300000,1441413025,98.97775355,동해+지아이,99,1185270000,100.9352,N
R25BK01170148 - 000,20251120,무인항공 영농기술 특화농공단지 공공폐수처리시설 설치공사 건설사업관리용역,전라남도 고흥군,PQ,1456300000,1441413025,98.97775355,신명+광장,99,1183000000,100.7419,N
R25BK01170148 - 000,20251120,무인항공 영농기술 특화농공단지 공공폐수처리시설 설치공사 건설사업관리용역,전라남도 고흥군,PQ,1456300000,1441413025,98.97775355,KSM+신오+한주,98.98,1188670000,101.1997,N
R25BK01170148 - 000,20251120,무인항공 영농기술 특화농공단지 공공폐수처리시설 설치공사 건설사업관리용역,전라남도 고흥군,PQ,1456300000,1441413025,98.97775355,동부+영진,98.97,1185300000,100.9128,N
R25BK01170148 - 000,20251120,무인항공 영농기술 특화농공단지 공공폐수처리시설 설치공사 건설사업관리용역,전라남도 고흥군,PQ,1456300000,1441413025,98.97775355,범한+하이콘,98.97,1165417000,99.22,N
R25BK01170148 - 000,20251120,무인항공 영농기술 특화농공단지 공공폐수처리시설 설치공사 건설사업관리용역,전라남도 고흥군,PQ,1456300000,1441413025,98.97775355,홍익+건영,98.97,1189848000,101.3,N
R25BK01170148 - 000,20251120,무인항공 영농기술 특화농공단지 공공폐수처리시설 설치공사 건설사업관리용역,전라남도 고흥군,PQ,1456300000,1441413025,98.97775355,한기+용마,98.95,1162400000,98.9386,N
R25BK01170148 - 000,20251120,무인항공 영농기술 특화농공단지 공공폐수처리시설 설치공사 건설사업관리용역,전라남도 고흥군,PQ,1456300000,1441413025,98.97775355,청명+공정,98.94,1163709000,99.05,Y
R25BK01170148 - 000,20251120,무인항공 영농기술 특화농공단지 공공폐수처리시설 설치공사 건설사업관리용역,전라남도 고흥군,PQ,1456300000,1441413025,98.97775355,경원+해림+동아,97,1216077700,101.9406,N
R25BK01170148 - 000,20251120,무인항공 영농기술 특화농공단지 공공폐수처리시설 설치공사 건설사업관리용역,전라남도 고흥군,PQ,1456300000,1441413025,98.97775355,KCI+강부,96.84,1214000000,101.6299,N
R25BK01170148 - 000,20251120,무인항공 영농기술 특화농공단지 공공폐수처리시설 설치공사 건설사업관리용역,전라남도 고흥군,PQ,1456300000,1441413025,98.97775355,유신+중원,96.7,1339800000,112.0383,N
2025UMM14762025-21326-03,20251124,25-F- 패키지시설사업 환경영향평가용역(C084),국군재정관리단,PQ,830764700,833077337,100.2783745,건화,100,710200000,99.9912,N
2025UMM14762025-21326-03,20251124,25-F- 패키지시설사업 환경영향평가용역(C084),국군재정관리단,PQ,830764700,833077337,100.2783745,건일,100,707390000,99.5956,N
2025UMM14762025-21326-03,20251124,25-F- 패키지시설사업 환경영향평가용역(C084),국군재정관리단,PQ,830764700,833077337,100.2783745,도화,100,713330000,100.4319,Y
2025UMM14762025-21326-03,20251124,25-F- 패키지시설사업 환경영향평가용역(C084),국군재정관리단,PQ,830764700,833077337,100.2783745,동명,100,711680000,100.1996,N
2025UMM14762025-21326-03,20251124,25-F- 패키지시설사업 환경영향평가용역(C084),국군재정관리단,PQ,830764700,833077337,100.2783745,유신,99.48,707942000,99.522,N
2025UMM14762025-21326-03,20251124,25-F- 패키지시설사업 환경영향평가용역(C084),국군재정관리단,PQ,830764700,833077337,100.2783745,세광,99.16,0,0,N
R25BK01173888-001,20251125,고덕공공하수처리시설 하수처리수 재이용 공급사업 건설사업관리용역,경기도 평택시 상하수도사업소,PQ,2714000000,2684078200,98.89750184,범한+삼안,100,2185440000,100.6621,N
R25BK01173888-001,20251125,고덕공공하수처리시설 하수처리수 재이용 공급사업 건설사업관리용역,경기도 평택시 상하수도사업소,PQ,2714000000,2684078200,98.89750184,KG+GK,99.2,2171840000,99.3897,N
R25BK01173888-001,20251125,고덕공공하수처리시설 하수처리수 재이용 공급사업 건설사업관리용역,경기도 평택시 상하수도사업소,PQ,2714000000,2684078200,98.89750184,이산+동명,99.12,2173540000,99.4057,N
R25BK01173888-001,20251125,고덕공공하수처리시설 하수처리수 재이용 공급사업 건설사업관리용역,경기도 평택시 상하수도사업소,PQ,2714000000,2684078200,98.89750184,동성+DS,99.03,2177000000,99.4899,N
R25BK01173888-001,20251125,고덕공공하수처리시설 하수처리수 재이용 공급사업 건설사업관리용역,경기도 평택시 상하수도사업소,PQ,2714000000,2684078200,98.89750184,동해+(주)한종,99.03,2183500000,99.7869,N
R25BK01173888-001,20251125,고덕공공하수처리시설 하수처리수 재이용 공급사업 건설사업관리용역,경기도 평택시 상하수도사업소,PQ,2714000000,2684078200,98.89750184,한종+제일+오이디,99.03,2205660000,100.7996,N
R25BK01173888-001,20251125,고덕공공하수처리시설 하수처리수 재이용 공급사업 건설사업관리용역,경기도 평택시 상하수도사업소,PQ,2714000000,2684078200,98.89750184,서영+태조+유신,99.02,2205670000,100.8001,N
R25BK01173888-001,20251125,고덕공공하수처리시설 하수처리수 재이용 공급사업 건설사업관리용역,경기도 평택시 상하수도사업소,PQ,2714000000,2684078200,98.89750184,수성+다음,99.02,2171228999,99.2261,N
R25BK01173888-001,20251125,고덕공공하수처리시설 하수처리수 재이용 공급사업 건설사업관리용역,경기도 평택시 상하수도사업소,PQ,2714000000,2684078200,98.89750184,건화+태성,99.01,2173790000,99.3309,N
R25BK01173888-001,20251125,고덕공공하수처리시설 하수처리수 재이용 공급사업 건설사업관리용역,경기도 평택시 상하수도사업소,PQ,2714000000,2684078200,98.89750184,신명+대성E,99.01,2204000000,100.7113,N
R25BK01173888-001,20251125,고덕공공하수처리시설 하수처리수 재이용 공급사업 건설사업관리용역,경기도 평택시 상하수도사업소,PQ,2714000000,2684078200,98.89750184,경원+건일,99,2200990000,100.5737,N
R25BK01173888-001,20251125,고덕공공하수처리시설 하수처리수 재이용 공급사업 건설사업관리용역,경기도 평택시 상하수도사업소,PQ,2714000000,2684078200,98.89750184,경동+용마,98.99,2161784000,98.77,N
R25BK01173888-001,20251125,고덕공공하수처리시설 하수처리수 재이용 공급사업 건설사업관리용역,경기도 평택시 상하수도사업소,PQ,2714000000,2684078200,98.89750184,대콘+삼보+경호,98.99,2223514000,101.5904,N
R25BK01173888-001,20251125,고덕공공하수처리시설 하수처리수 재이용 공급사업 건설사업관리용역,경기도 평택시 상하수도사업소,PQ,2714000000,2684078200,98.89750184,홍익+TSK+케이아트,98.99,2159815000,98.68,N
R25BK01173888-001,20251125,고덕공공하수처리시설 하수처리수 재이용 공급사업 건설사업관리용역,경기도 평택시 상하수도사업소,PQ,2714000000,2684078200,98.89750184,동부+KCI,98.98,2169068000,99.0905,Y
R25BK01173888-001,20251125,고덕공공하수처리시설 하수처리수 재이용 공급사업 건설사업관리용역,경기도 평택시 상하수도사업소,PQ,2714000000,2684078200,98.89750184,동일+효광,98.98,2219600000,101.399,N
R25BK01173888-001,20251125,고덕공공하수처리시설 하수처리수 재이용 공급사업 건설사업관리용역,경기도 평택시 상하수도사업소,PQ,2714000000,2684078200,98.89750184,선진+도화+드림,98.98,2202978000,100.6396,N
R25BK01173888-001,20251125,고덕공공하수처리시설 하수처리수 재이용 공급사업 건설사업관리용역,경기도 평택시 상하수도사업소,PQ,2714000000,2684078200,98.89750184,청명+다경,98.94,2253015000,102.9,N
R25BK01176946-000,20251125,파장정수장 고도정수처리시설 설치사업 기본 및 실시설계 용역,경기도 수원시,PQ,1623600000,1609288000,99.11850209,한종+이산,99.86,1311000000,100.826,Y
R25BK01176946-000,20251125,파장정수장 고도정수처리시설 설치사업 기본 및 실시설계 용역,경기도 수원시,PQ,1623600000,1609288000,99.11850209,건화+범한(테크피아),97.74,1308780000,98.9745,N
R25BK01176946-000,20251125,파장정수장 고도정수처리시설 설치사업 기본 및 실시설계 용역,경기도 수원시,PQ,1623600000,1609288000,99.11850209,유신+동부,97.74,1308262000,98.9353,N
R25BK01176946-000,20251125,파장정수장 고도정수처리시설 설치사업 기본 및 실시설계 용역,경기도 수원시,PQ,1623600000,1609288000,99.11850209,동명+DM,97.5,1308200000,98.7487,N
R25BK01176946-000,20251125,파장정수장 고도정수처리시설 설치사업 기본 및 실시설계 용역,경기도 수원시,PQ,1623600000,1609288000,99.11850209,동해+경호,97.44,1307900000,98.6777,N
R25BK01176946-000,20251125,파장정수장 고도정수처리시설 설치사업 기본 및 실시설계 용역,경기도 수원시,PQ,1623600000,1609288000,99.11850209,선진+HEC,97.38,1306178000,98.4995,N
R25BK01176946-000,20251125,파장정수장 고도정수처리시설 설치사업 기본 및 실시설계 용역,경기도 수원시,PQ,1623600000,1609288000,99.11850209,도화+삼안,97.32,1351480000,101.8659,N
R25BK01176946-000,20251125,파장정수장 고도정수처리시설 설치사업 기본 및 실시설계 용역,경기도 수원시,PQ,1623600000,1609288000,99.11850209,KG+수성,97.1,1348660000,101.4795,N
R25BK01175393-001,20251126,노성·상월면 일원 하수관로 정비사업 기본 및 실시설계용역,충청남도 논산시 건설미래국 상하수도과,PQ,1480000000,1478775300,99.91725,KG+정안+더그린,100,1186530000,100.2199,Y
R25BK01175393-001,20251126,노성·상월면 일원 하수관로 정비사업 기본 및 실시설계용역,충청남도 논산시 건설미래국 상하수도과,PQ,1480000000,1478775300,99.91725,동명+천마,99.78,1184960000,99.9,N
R25BK01175393-001,20251126,노성·상월면 일원 하수관로 정비사업 기본 및 실시설계용역,충청남도 논산시 건설미래국 상하수도과,PQ,1480000000,1478775300,99.91725,경동+드림,99.72,1195964000,100.79,N
R25BK01175393-001,20251126,노성·상월면 일원 하수관로 정비사업 기본 및 실시설계용역,충청남도 논산시 건설미래국 상하수도과,PQ,1480000000,1478775300,99.91725,건화+수성E(유원),99.6,1186480000,99.8911,N
R25BK01175393-001,20251126,노성·상월면 일원 하수관로 정비사업 기본 및 실시설계용역,충청남도 논산시 건설미래국 상하수도과,PQ,1480000000,1478775300,99.91725,유신+동양+다산,99.51,1180092000,99.279,N
R25BK01175393-001,20251126,노성·상월면 일원 하수관로 정비사업 기본 및 실시설계용역,충청남도 논산시 건설미래국 상하수도과,PQ,1480000000,1478775300,99.91725,제일+기산,99.5,1178500000,99.1451,N
R25BK01175393-001,20251126,노성·상월면 일원 하수관로 정비사업 기본 및 실시설계용역,충청남도 논산시 건설미래국 상하수도과,PQ,1480000000,1478775300,99.91725,선진+세종,99.48,1197148000,100.6888,N
R25BK01175393-001,20251126,노성·상월면 일원 하수관로 정비사업 기본 및 실시설계용역,충청남도 논산시 건설미래국 상하수도과,PQ,1480000000,1478775300,99.91725,범한+경인+동성,99.44,1180215000,99.2399,N
R25BK01175393-001,20251126,노성·상월면 일원 하수관로 정비사업 기본 및 실시설계용역,충청남도 논산시 건설미래국 상하수도과,PQ,1480000000,1478775300,99.91725,HEC+이룸,99.43,1197200000,100.6556,N
R25BK01175393-001,20251126,노성·상월면 일원 하수관로 정비사업 기본 및 실시설계용역,충청남도 논산시 건설미래국 상하수도과,PQ,1480000000,1478775300,99.91725,화신+SR+KCI,99.42,1200494000,100.92,N
R25BK01175393-001,20251126,노성·상월면 일원 하수관로 정비사업 기본 및 실시설계용역,충청남도 논산시 건설미래국 상하수도과,PQ,1480000000,1478775300,99.91725,경호+정원+강호,99.41,1175800000,98.8441,N
R25BK01175393-001,20251126,노성·상월면 일원 하수관로 정비사업 기본 및 실시설계용역,충청남도 논산시 건설미래국 상하수도과,PQ,1480000000,1478775300,99.91725,한주+장맥,99.39,1180180000,99.1876,N
R25BK01175393-001,20251126,노성·상월면 일원 하수관로 정비사업 기본 및 실시설계용역,충청남도 논산시 건설미래국 상하수도과,PQ,1480000000,1478775300,99.91725,동해+수성+KD,99.38,1176230000,98.8557,N
R25BK01175393-001,20251126,노성·상월면 일원 하수관로 정비사업 기본 및 실시설계용역,충청남도 논산시 건설미래국 상하수도과,PQ,1480000000,1478775300,99.91725,삼안+한맥,99.38,1174910000,98.7447,N
R25BK01175393-001,20251126,노성·상월면 일원 하수관로 정비사업 기본 및 실시설계용역,충청남도 논산시 건설미래국 상하수도과,PQ,1480000000,1478775300,99.91725,홍익+건하,99.35,1210255000,101.69,N
R25BK01175393-001,20251126,노성·상월면 일원 하수관로 정비사업 기본 및 실시설계용역,충청남도 논산시 건설미래국 상하수도과,PQ,1480000000,1478775300,99.91725,삼주+SH+예당,99.32,1210437000,101.68,N
R25BK01175393-001,20251126,노성·상월면 일원 하수관로 정비사업 기본 및 실시설계용역,충청남도 논산시 건설미래국 상하수도과,PQ,1480000000,1478775300,99.91725,한종+송현,99.32,1176200000,98.804,N
R25BK01175393-001,20251126,노성·상월면 일원 하수관로 정비사업 기본 및 실시설계용역,충청남도 논산시 건설미래국 상하수도과,PQ,1480000000,1478775300,99.91725,도화+세일+더원,99.23,1376400000,115.5351,N
R25BK01175137-000,20251124,탑동지구 도시개발사업 건설사업관리용역,수원도시공사,PQ,4364100000,4313945625,98.85075101,선진+경원,99.77,3514584000,100.4854,N
R25BK01175137-000,20251124,탑동지구 도시개발사업 건설사업관리용역,수원도시공사,PQ,4364100000,4313945625,98.85075101,동부+디엠,99.57,3496944000,99.8191,N
R25BK01175137-000,20251124,탑동지구 도시개발사업 건설사업관리용역,수원도시공사,PQ,4364100000,4313945625,98.85075101,건화+한맥+만승(석우),99.17,3521500000,100.1955,N
R25BK01175137-000,20251124,탑동지구 도시개발사업 건설사업관리용역,수원도시공사,PQ,4364100000,4313945625,98.85075101,유신+서영,99.17,3493118000,99.388,N
R25BK01175137-000,20251124,탑동지구 도시개발사업 건설사업관리용역,수원도시공사,PQ,4364100000,4313945625,98.85075101,제일+KC,99.04,3492900000,99.2832,N
R25BK01175137-000,20251124,탑동지구 도시개발사업 건설사업관리용역,수원도시공사,PQ,4364100000,4313945625,98.85075101,이산+한종+다산,99.03,3548770000,100.8587,N
R25BK01175137-000,20251124,탑동지구 도시개발사업 건설사업관리용역,수원도시공사,PQ,4364100000,4313945625,98.85075101,수성+삼보,98.9,3485288999,98.9563,Y
R25BK01175137-000,20251124,탑동지구 도시개발사업 건설사업관리용역,수원도시공사,PQ,4364100000,4313945625,98.85075101,경동+다음,98.84,3479497000,98.743,N
R25BK01175137-000,20251124,탑동지구 도시개발사업 건설사업관리용역,수원도시공사,PQ,4364100000,4313945625,98.85075101,삼안+도화,98.76,3583910000,101.6431,N
R25BK01175137-000,20251124,탑동지구 도시개발사업 건설사업관리용역,수원도시공사,PQ,4364100000,4313945625,98.85075101,동명+KG,98.7,3481860000,98.7,N
R25BK01175137-000,20251124,탑동지구 도시개발사업 건설사업관리용역,수원도시공사,PQ,4364100000,4313945625,98.85075101,동성+DS,98.57,3927690000,111.2278,N
R25BK01167704-000,20251125,김천 자동차튜닝 일반사업단지 및 자동차 주행시험장 조성사업 통합건설사업관리용역,경상북도 김천시,PQ,5324866000,5334064775,100.1727513,건화+한도+새론,100,4236000000,99.4453,N
R25BK01167704-000,20251125,김천 자동차튜닝 일반사업단지 및 자동차 주행시험장 조성사업 통합건설사업관리용역,경상북도 김천시,PQ,5324866000,5334064775,100.1727513,도화+명성,100,4298900000,100.922,N
R25BK01167704-000,20251125,김천 자동차튜닝 일반사업단지 및 자동차 주행시험장 조성사업 통합건설사업관리용역,경상북도 김천시,PQ,5324866000,5334064775,100.1727513,삼안+다산,100,4282300000,100.5323,Y
R25BK01167704-000,20251125,김천 자동차튜닝 일반사업단지 및 자동차 주행시험장 조성사업 통합건설사업관리용역,경상북도 김천시,PQ,5324866000,5334064775,100.1727513,수성+우수,100,4228000999,99.2576,N
R25BK01167704-000,20251125,김천 자동차튜닝 일반사업단지 및 자동차 주행시험장 조성사업 통합건설사업관리용역,경상북도 김천시,PQ,5324866000,5334064775,100.1727513,유신+동성,100,4246890000,99.701,N
R25BK01167704-000,20251125,김천 자동차튜닝 일반사업단지 및 자동차 주행시험장 조성사업 통합건설사업관리용역,경상북도 김천시,PQ,5324866000,5334064775,100.1727513,한종+동진,100,4255370000,99.9001,N
R25BK01167704-000,20251125,김천 자동차튜닝 일반사업단지 및 자동차 주행시험장 조성사업 통합건설사업관리용역,경상북도 김천시,PQ,5324866000,5334064775,100.1727513,홍익,99,4495480000,104.6993,N
R25BK01177094-000,20251125,익산 제3일반산업단지 확장 조성사업 감독권한대행 등 건설사업관리용역,전북특별자치도 익산시,PQ,3197324000,3203327050,100.1877523,한가람+건화(석우),100,2550700000,99.7263,N
R25BK01177094-000,20251125,익산 제3일반산업단지 확장 조성사업 감독권한대행 등 건설사업관리용역,전북특별자치도 익산시,PQ,3197324000,3203327050,100.1877523,경동+새움,100,2539569000,99.2911,N
R25BK01177094-000,20251125,익산 제3일반산업단지 확장 조성사업 감독권한대행 등 건설사업관리용역,전북특별자치도 익산시,PQ,3197324000,3203327050,100.1877523,도화+세화,100,2580800000,100.9032,N
R25BK01177094-000,20251125,익산 제3일반산업단지 확장 조성사업 감독권한대행 등 건설사업관리용역,전북특별자치도 익산시,PQ,3197324000,3203327050,100.1877523,동명+대진,100,2580720000,100.9001,N
R25BK01177094-000,20251125,익산 제3일반산업단지 확장 조성사업 감독권한대행 등 건설사업관리용역,전북특별자치도 익산시,PQ,3197324000,3203327050,100.1877523,동성+성광,100,2538260000,99.24,N
R25BK01177094-000,20251125,익산 제3일반산업단지 확장 조성사업 감독권한대행 등 건설사업관리용역,전북특별자치도 익산시,PQ,3197324000,3203327050,100.1877523,동해+인우+(주)한종,100,2594530000,101.44,N
R25BK01177094-000,20251125,익산 제3일반산업단지 확장 조성사업 감독권한대행 등 건설사업관리용역,전북특별자치도 익산시,PQ,3197324000,3203327050,100.1877523,삼안+천마종합,100,2559480000,100.0696,N
R25BK01177094-000,20251125,익산 제3일반산업단지 확장 조성사업 감독권한대행 등 건설사업관리용역,전북특별자치도 익산시,PQ,3197324000,3203327050,100.1877523,서영+JCN+(주)건일,100,2542400000,99.4018,N
R25BK01177094-000,20251125,익산 제3일반산업단지 확장 조성사업 감독권한대행 등 건설사업관리용역,전북특별자치도 익산시,PQ,3197324000,3203327050,100.1877523,수성+국성,100,2553215999,99.8247,N
R25BK01177094-000,20251125,익산 제3일반산업단지 확장 조성사업 감독권한대행 등 건설사업관리용역,전북특별자치도 익산시,PQ,3197324000,3203327050,100.1877523,신명+가온,100,2541000000,99.3471,N
R25BK01177094-000,20251125,익산 제3일반산업단지 확장 조성사업 감독권한대행 등 건설사업관리용역,전북특별자치도 익산시,PQ,3197324000,3203327050,100.1877523,유신+태하,100,2570777000,100.5113,N
R25BK01177094-000,20251125,익산 제3일반산업단지 확장 조성사업 감독권한대행 등 건설사업관리용역,전북특별자치도 익산시,PQ,3197324000,3203327050,100.1877523,한종+수혁,100,2570490000,100.5001,Y
R25BK01177094-000,20251125,익산 제3일반산업단지 확장 조성사업 감독권한대행 등 건설사업관리용역,전북특별자치도 익산시,PQ,3197324000,3203327050,100.1877523,홍익+조화,99.33,3005500000,116.8797,N
R25BK01157154-001,20251117,천안시 지방정원 조성사업 기본 및 실시설계 용역,충청남도 천안시,협상,789250000,789250000,100,한종,100,552475000,70,Y
R25BK01157154-001,20251117,천안시 지방정원 조성사업 기본 및 실시설계 용역,충청남도 천안시,협상,789250000,789250000,100,유신+건화(빅),98.8889,552475000,70,N
R25BK01180530-001,20251125,금성하수처리시설 확충사업 기본 및 실시설계용역,경상남도 하동군,PQ,4247948000,4202325100,98.92600145,한올,100,3432127500,101,Y
R25BK01180530-001,20251125,금성하수처리시설 확충사업 기본 및 실시설계용역,경상남도 하동군,PQ,4247948000,4202325100,98.92600145,삼안+신화+동해,97.32,3431230000,98.8482,N
R25BK01180530-001,20251125,금성하수처리시설 확충사업 기본 및 실시설계용역,경상남도 하동군,PQ,4247948000,4202325100,98.92600145,제일+하나,97.32,3518000000,101.3479,N
R25BK01180530-001,20251125,금성하수처리시설 확충사업 기본 및 실시설계용역,경상남도 하동군,PQ,4247948000,4202325100,98.92600145,KG+정+혜인,97.25,3525690000,101.5198,N
R25BK01180530-001,20251125,금성하수처리시설 확충사업 기본 및 실시설계용역,경상남도 하동군,PQ,4247948000,4202325100,98.92600145,동명+한성+한종,97.24,3433390000,98.85,N
R25BK01180530-001,20251125,금성하수처리시설 확충사업 기본 및 실시설계용역,경상남도 하동군,PQ,4247948000,4202325100,98.92600145,도화+경화,97.2,3529880000,101.5907,N
R25BK01180530-001,20251125,금성하수처리시설 확충사업 기본 및 실시설계용역,경상남도 하동군,PQ,4247948000,4202325100,98.92600145,건화+범한(디앤에스),97.18,3530000000,101.5817,N
R25BK01180530-001,20251125,금성하수처리시설 확충사업 기본 및 실시설계용역,경상남도 하동군,PQ,4247948000,4202325100,98.92600145,HEC+동성+선진,97.18,3513380000,101.1035,N
R25BK01180530-001,20251125,금성하수처리시설 확충사업 기본 및 실시설계용역,경상남도 하동군,PQ,4247948000,4202325100,98.92600145,유신+하우+경동,97.14,3417750000,98.3155,N
R25BK01180530-001,20251125,금성하수처리시설 확충사업 기본 및 실시설계용역,경상남도 하동군,PQ,4247948000,4202325100,98.92600145,이산+천진,97.14,3418520000,98.3377,N
R25BK01180046-000,20251125,문현지구 풍수해생활권 종합정비사업 감독권한대행 등 건설사업관리용역,부산광역시 남구,PQ,2162600000,2156355550,99.71125266,동성+나우,100,1742428000,100.72,N
R25BK01180046-000,20251125,문현지구 풍수해생활권 종합정비사업 감독권한대행 등 건설사업관리용역,부산광역시 남구,PQ,2162600000,2156355550,99.71125266,동해+경성,100,1729972000,100,Y
R25BK01180046-000,20251125,문현지구 풍수해생활권 종합정비사업 감독권한대행 등 건설사업관리용역,부산광역시 남구,PQ,2162600000,2156355550,99.71125266,한종+한진,99.83,1726000000,99.6334,N
R25BK01180046-000,20251125,문현지구 풍수해생활권 종합정비사업 감독권한대행 등 건설사업관리용역,부산광역시 남구,PQ,2162600000,2156355550,99.71125266,유신+거원,99.73,1726295000,99.5634,N
R25BK01180046-000,20251125,문현지구 풍수해생활권 종합정비사업 감독권한대행 등 건설사업관리용역,부산광역시 남구,PQ,2162600000,2156355550,99.71125266,삼영+용마,99.65,1726000000,99.4844,N
R25BK01180046-000,20251125,문현지구 풍수해생활권 종합정비사업 감독권한대행 등 건설사업관리용역,부산광역시 남구,PQ,2162600000,2156355550,99.71125266,제일+HK,99.64,1721489000,99.212,N
R25BK01180046-000,20251125,문현지구 풍수해생활권 종합정비사업 감독권한대행 등 건설사업관리용역,부산광역시 남구,PQ,2162600000,2156355550,99.71125266,다산+지에스,99.61,1740064000,100.27,N
R25BK01180046-000,20251125,문현지구 풍수해생활권 종합정비사업 감독권한대행 등 건설사업관리용역,부산광역시 남구,PQ,2162600000,2156355550,99.71125266,동명+세일+삼안,99.6,1719500000,99.0727,N
R25BK01180046-000,20251125,문현지구 풍수해생활권 종합정비사업 감독권한대행 등 건설사업관리용역,부산광역시 남구,PQ,2162600000,2156355550,99.71125266,수성+대진,99.47,1719621999,98.981,N
R25BK01180046-000,20251125,문현지구 풍수해생활권 종합정비사업 감독권한대행 등 건설사업관리용역,부산광역시 남구,PQ,2162600000,2156355550,99.71125266,KG+조은,99.47,1722030000,99.1196,N
R25BK01180046-000,20251125,문현지구 풍수해생활권 종합정비사업 감독권한대행 등 건설사업관리용역,부산광역시 남구,PQ,2162600000,2156355550,99.71125266,동부+한림,99.42,1717859000,98.8303,N
R25BK01180046-000,20251125,문현지구 풍수해생활권 종합정비사업 감독권한대행 등 건설사업관리용역,부산광역시 남구,PQ,2162600000,2156355550,99.71125266,도화+한가람,99.38,1719630000,98.9076,N
R25BK01180046-000,20251125,문현지구 풍수해생활권 종합정비사업 감독권한대행 등 건설사업관리용역,부산광역시 남구,PQ,2162600000,2156355550,99.71125266,서영+유화,99.33,1714930000,98.6005,N
R25BK01180046-000,20251125,문현지구 풍수해생활권 종합정비사업 감독권한대행 등 건설사업관리용역,부산광역시 남구,PQ,2162600000,2156355550,99.71125266,건화+대원+한창(석우),99.31,1717000000,98.695,N
R25BK01180046-000,20251125,문현지구 풍수해생활권 종합정비사업 감독권한대행 등 건설사업관리용역,부산광역시 남구,PQ,2162600000,2156355550,99.71125266,홍익+청출,99.31,1765450000,101.4799,N
R25BK01180046-000,20251125,문현지구 풍수해생활권 종합정비사업 감독권한대행 등 건설사업관리용역,부산광역시 남구,PQ,2162600000,2156355550,99.71125266,대콘+지인+제이와이,99.12,1717559000,98.5801,N
R25BK01180046-000,20251125,문현지구 풍수해생활권 종합정비사업 감독권한대행 등 건설사업관리용역,부산광역시 남구,PQ,2162600000,2156355550,99.71125266,이산+이화,99.12,1771800000,101.6932,N
R25BK01180046-000,20251125,문현지구 풍수해생활권 종합정비사업 감독권한대행 등 건설사업관리용역,부산광역시 남구,PQ,2162600000,2156355550,99.71125266,건일+CM+정인,99.09,1722000000,98.8104,N
R25BK01180046-000,20251125,문현지구 풍수해생활권 종합정비사업 감독권한대행 등 건설사업관리용역,부산광역시 남구,PQ,2162600000,2156355550,99.71125266,신명+하나,97.41,1800000000,101.9327,N
R25BK01180046-000,20251125,문현지구 풍수해생활권 종합정비사업 감독권한대행 등 건설사업관리용역,부산광역시 남구,PQ,2162600000,2156355550,99.71125266,KSM+선일+삼보,97.3,1806200000,102.1962,N
R25BK01180046-000,20251125,문현지구 풍수해생활권 종합정비사업 감독권한대행 등 건설사업관리용역,부산광역시 남구,PQ,2162600000,2156355550,99.71125266,KCI+화인,96.87,2032800000,114.6247,N
9252354-00,20251124,경부선 평택~직지사구간 작업자 이동통로 확보 기술조사 및 실시설계용역,한국철도공사,PQ,1092073400,1095844862,100.3453488,도화,100,933668000,100,N
9252354-00,20251124,경부선 평택~직지사구간 작업자 이동통로 확보 기술조사 및 실시설계용역,한국철도공사,PQ,1092073400,1095844862,100.3453488,삼안,100,937310000,100.3901,Y
9252354-00,20251124,경부선 평택~직지사구간 작업자 이동통로 확보 기술조사 및 실시설계용역,한국철도공사,PQ,1092073400,1095844862,100.3453488,다산+신성,99.22,932109000,99.6,N
9252354-00,20251124,경부선 평택~직지사구간 작업자 이동통로 확보 기술조사 및 실시설계용역,한국철도공사,PQ,1092073400,1095844862,100.3453488,경호+수성,99.22,944200000,100.892,N
9252354-00,20251124,경부선 평택~직지사구간 작업자 이동통로 확보 기술조사 및 실시설계용역,한국철도공사,PQ,1092073400,1095844862,100.3453488,서영+KG,98.8,944800000,100.8384,N
9252354-00,20251124,경부선 평택~직지사구간 작업자 이동통로 확보 기술조사 및 실시설계용역,한국철도공사,PQ,1092073400,1095844862,100.3453488,이산+태조,98.3,931980000,99.3197,N
9252354-00,20251124,경부선 평택~직지사구간 작업자 이동통로 확보 기술조사 및 실시설계용역,한국철도공사,PQ,1092073400,1095844862,100.3453488,선진+KRTC,98.28,949148000,101.1492,N
9252354-00,20251124,경부선 평택~직지사구간 작업자 이동통로 확보 기술조사 및 실시설계용역,한국철도공사,PQ,1092073400,1095844862,100.3453488,건화+대콘,97.14,956500000,101.5898,N
9252354-00,20251124,경부선 평택~직지사구간 작업자 이동통로 확보 기술조사 및 실시설계용역,한국철도공사,PQ,1092073400,1095844862,100.3453488,대건+동해,94.68,963363813,101.6,N
9252354-00,20251124,경부선 평택~직지사구간 작업자 이동통로 확보 기술조사 및 실시설계용역,한국철도공사,PQ,1092073400,1095844862,100.3453488,선구+동서,93.4,960900000,100.968,N
R25BK01181708-000,20251126,자은 공공하수도 하수관로 정비사업 기본 및 실시설계 용역,전라남도 신안군,PQ,3110000000,3109930025,99.99775,도화+건영,99.81,2515700000,100.9556,Y
R25BK01181708-000,20251126,자은 공공하수도 하수관로 정비사업 기본 및 실시설계 용역,전라남도 신안군,PQ,3110000000,3109930025,99.99775,건화+동아(서진),97.5,2507780000,98.8247,N
R25BK01181708-000,20251126,자은 공공하수도 하수관로 정비사업 기본 및 실시설계 용역,전라남도 신안군,PQ,3110000000,3109930025,99.99775,범한+하이콘+경동,97.5,2512230000,99.0001,N
R25BK01181708-000,20251126,자은 공공하수도 하수관로 정비사업 기본 및 실시설계 용역,전라남도 신안군,PQ,3110000000,3109930025,99.99775,삼안+해림,97.5,2505800000,98.7467,N
R25BK01181708-000,20251126,자은 공공하수도 하수관로 정비사업 기본 및 실시설계 용역,전라남도 신안군,PQ,3110000000,3109930025,99.99775,삼주+영진,97.5,2566660000,101.145,N
R25BK01181708-000,20251126,자은 공공하수도 하수관로 정비사업 기본 및 실시설계 용역,전라남도 신안군,PQ,3110000000,3109930025,99.99775,수성+한기+태조,97.5,2513243000,99.04,N
R25BK01181708-000,20251126,자은 공공하수도 하수관로 정비사업 기본 및 실시설계 용역,전라남도 신안군,PQ,3110000000,3109930025,99.99775,유신+우영,97.5,2506658000,98.7805,N
R25BK01181708-000,20251126,자은 공공하수도 하수관로 정비사업 기본 및 실시설계 용역,전라남도 신안군,PQ,3110000000,3109930025,99.99775,동명+선우+양광,97.48,2509650000,98.8742,N
R25BK01181708-000,20251126,자은 공공하수도 하수관로 정비사업 기본 및 실시설계 용역,전라남도 신안군,PQ,3110000000,3109930025,99.99775,한주+건주,97.47,2512850000,99.0002,N
R25BK01181708-000,20251126,자은 공공하수도 하수관로 정비사업 기본 및 실시설계 용역,전라남도 신안군,PQ,3110000000,3109930025,99.99775,경호+마인+산하,97.46,2504200000,98.6474,N
R25BK01181708-000,20251126,자은 공공하수도 하수관로 정비사업 기본 및 실시설계 용역,전라남도 신안군,PQ,3110000000,3109930025,99.99775,선진+대현,97.44,2573987000,101.384,N
R25BK01181708-000,20251126,자은 공공하수도 하수관로 정비사업 기본 및 실시설계 용역,전라남도 신안군,PQ,3110000000,3109930025,99.99775,정+신화+대명,97.44,2517888000,99.1744,N
R25BK01181708-000,20251126,자은 공공하수도 하수관로 정비사업 기본 및 실시설계 용역,전라남도 신안군,PQ,3110000000,3109930025,99.99775,동해+신명+DM,97.4,2562790000,100.9059,N
R25BK01181708-000,20251126,자은 공공하수도 하수관로 정비사업 기본 및 실시설계 용역,전라남도 신안군,PQ,3110000000,3109930025,99.99775,이산+장강+KG,97.4,2498980000,98.3935,N
R25BK01181708-000,20251126,자은 공공하수도 하수관로 정비사업 기본 및 실시설계 용역,전라남도 신안군,PQ,3110000000,3109930025,99.99775,제일+다산+우리종합,97.4,2582800000,101.6938,N
R25BK01181708-000,20251126,자은 공공하수도 하수관로 정비사업 기본 및 실시설계 용역,전라남도 신안군,PQ,3110000000,3109930025,99.99775,한종+신오,97.4,2577800000,101.4969,N
R25BK01181708-000,20251126,자은 공공하수도 하수관로 정비사업 기본 및 실시설계 용역,전라남도 신안군,PQ,3110000000,3109930025,99.99775,화신+원우,97.4,2499660000,98.4203,N
R25BK01181708-000,20251126,자은 공공하수도 하수관로 정비사업 기본 및 실시설계 용역,전라남도 신안군,PQ,3110000000,3109930025,99.99775,HEC+만승+바셈,97.4,2570200000,101.1977,N
R25BK01176249 - 000,20251125,"전주 제1,2산업단지 완충저류시설 설치사업 건설사업관리용역",전북특별자치도 전주시,PQ,4704788400,4711516275,100.1430006,동해+인우,99.9,3763540000,99.9111,N
R25BK01176249 - 000,20251125,"전주 제1,2산업단지 완충저류시설 설치사업 건설사업관리용역",전북특별자치도 전주시,PQ,4704788400,4711516275,100.1430006,수성+신한,99.7,3786788999,100.3653,Y
R25BK01176249 - 000,20251125,"전주 제1,2산업단지 완충저류시설 설치사업 건설사업관리용역",전북특별자치도 전주시,PQ,4704788400,4711516275,100.1430006,도화+국성,99.47,3810280000,100.8119,N
R25BK01176249 - 000,20251125,"전주 제1,2산업단지 완충저류시설 설치사업 건설사업관리용역",전북특별자치도 전주시,PQ,4704788400,4711516275,100.1430006,건화+세화+새론,99.44,3761400000,99.4939,N
R25BK01176249 - 000,20251125,"전주 제1,2산업단지 완충저류시설 설치사업 건설사업관리용역",전북특별자치도 전주시,PQ,4704788400,4711516275,100.1430006,한종+현성,99.35,3750100000,99.121,N
R25BK01176249 - 000,20251125,"전주 제1,2산업단지 완충저류시설 설치사업 건설사업관리용역",전북특별자치도 전주시,PQ,4704788400,4711516275,100.1430006,동부+태하,99.34,3740693000,98.8601,N
R25BK01176249 - 000,20251125,"전주 제1,2산업단지 완충저류시설 설치사업 건설사업관리용역",전북특별자치도 전주시,PQ,4704788400,4711516275,100.1430006,동명+더한,99.3,3841540000,101.5,N
R25BK01176249 - 000,20251125,"전주 제1,2산업단지 완충저류시설 설치사업 건설사업관리용역",전북특별자치도 전주시,PQ,4704788400,4711516275,100.1430006,동일+태영,99.07,3752800000,98.9708,N
R25BK01176249 - 000,20251125,"전주 제1,2산업단지 완충저류시설 설치사업 건설사업관리용역",전북특별자치도 전주시,PQ,4704788400,4711516275,100.1430006,이산+성원+화신,99.03,3850200000,101.5017,N
R25BK01176249 - 000,20251125,"전주 제1,2산업단지 완충저류시설 설치사업 건설사업관리용역",전북특별자치도 전주시,PQ,4704788400,4711516275,100.1430006,KG+성광,98.71,3858920000,101.4799,N
R25BK01176249 - 000,20251125,"전주 제1,2산업단지 완충저류시설 설치사업 건설사업관리용역",전북특별자치도 전주시,PQ,4704788400,4711516275,100.1430006,다산+조화,98.7,3746069000,98.5,N
R25BK01176249 - 000,20251125,"전주 제1,2산업단지 완충저류시설 설치사업 건설사업관리용역",전북특별자치도 전주시,PQ,4704788400,4711516275,100.1430006,범한+아라,98.69,3858641000,101.46,N
R25BK01176249 - 000,20251125,"전주 제1,2산업단지 완충저류시설 설치사업 건설사업관리용역",전북특별자치도 전주시,PQ,4704788400,4711516275,100.1430006,홍익+영화+세종,98.64,3745639000,98.44,N
R25BK01176249 - 000,20251125,"전주 제1,2산업단지 완충저류시설 설치사업 건설사업관리용역",전북특별자치도 전주시,PQ,4704788400,4711516275,100.1430006,선진+새움,98.63,3745247000,98.4297,N
R25BK01176249 - 000,20251125,"전주 제1,2산업단지 완충저류시설 설치사업 건설사업관리용역",전북특별자치도 전주시,PQ,4704788400,4711516275,100.1430006,KCI+대진,98.62,3746600000,98.4531,N
R25BK01176249 - 000,20251125,"전주 제1,2산업단지 완충저류시설 설치사업 건설사업관리용역",전북특별자치도 전주시,PQ,4704788400,4711516275,100.1430006,유신+(주)건일,98.58,3866961000,101.5908,N
R25BK01176249 - 000,20251125,"전주 제1,2산업단지 완충저류시설 설치사업 건설사업관리용역",전북특별자치도 전주시,PQ,4704788400,4711516275,100.1430006,경원+고산,98.54,3742690000,98.2896,N
R25BK01176249 - 000,20251125,"전주 제1,2산업단지 완충저류시설 설치사업 건설사업관리용역",전북특별자치도 전주시,PQ,4704788400,4711516275,100.1430006,건일+온길,98.52,3863000000,101.4366,N
R25BK01176249 - 000,20251125,"전주 제1,2산업단지 완충저류시설 설치사업 건설사업관리용역",전북특별자치도 전주시,PQ,4704788400,4711516275,100.1430006,경동+한가람,98.5,0,0,N
R25BK01176249 - 000,20251125,"전주 제1,2산업단지 완충저류시설 설치사업 건설사업관리용역",전북특별자치도 전주시,PQ,4704788400,4711516275,100.1430006,극동+천마,98.5,3866273000,101.51,N
R25BK01176249 - 000,20251125,"전주 제1,2산업단지 완충저류시설 설치사업 건설사업관리용역",전북특별자치도 전주시,PQ,4704788400,4711516275,100.1430006,바우+호건+경호,98.41,3882780000,101.8679,N
R25BK01176249 - 000,20251125,"전주 제1,2산업단지 완충저류시설 설치사업 건설사업관리용역",전북특별자치도 전주시,PQ,4704788400,4711516275,100.1430006,동성+대성,98.2,3889955000,101.8801,N
R25BK01176249 - 000,20251125,"전주 제1,2산업단지 완충저류시설 설치사업 건설사업관리용역",전북특별자치도 전주시,PQ,4704788400,4711516275,100.1430006,대콘+대도,98.13,3888000000,101.7787,N
R25BK01176249 - 000,20251125,"전주 제1,2산업단지 완충저류시설 설치사업 건설사업관리용역",전북특별자치도 전주시,PQ,4704788400,4711516275,100.1430006,삼안+제이씨엔,98.13,3893780000,101.93,N
R25BK01176249 - 000,20251125,"전주 제1,2산업단지 완충저류시설 설치사업 건설사업관리용역",전북특별자치도 전주시,PQ,4704788400,4711516275,100.1430006,신명+수혁,98.01,3868000000,101.1555,N
R25BK01176249 - 000,20251125,"전주 제1,2산업단지 완충저류시설 설치사업 건설사업관리용역",전북특별자치도 전주시,PQ,4704788400,4711516275,100.1430006,서영+새롬,97.94,3896480000,101.8502,N
R25BK01176249 - 000,20251125,"전주 제1,2산업단지 완충저류시설 설치사업 건설사업관리용역",전북특별자치도 전주시,PQ,4704788400,4711516275,100.1430006,청명+길종합건축,97.5,3765934000,98.1,N
R25BK01176249 - 000,20251125,"전주 제1,2산업단지 완충저류시설 설치사업 건설사업관리용역",전북특별자치도 전주시,PQ,4704788400,4711516275,100.1430006,제일+다온,93.55,4235000000,107.0011,N
R25BK01182529-000,20251126,광주 미래차 국가산업단지 조성사업 전략 및 환경영향평가 용역,광주광역시 도시공사,PQ,2159432000,2152754000,99.69075201,동아+도화+하우원,100,1736071000,100.4998,N
R25BK01182529-000,20251126,광주 미래차 국가산업단지 조성사업 전략 및 환경영향평가 용역,광주광역시 도시공사,PQ,2159432000,2152754000,99.69075201,동일+우진+KG,99.65,1730670000,99.8999,Y
R25BK01182529-000,20251126,광주 미래차 국가산업단지 조성사업 전략 및 환경영향평가 용역,광주광역시 도시공사,PQ,2159432000,2152754000,99.69075201,한맥+GI+동해,99.58,1749520000,100.9376,N
R25BK01182529-000,20251126,광주 미래차 국가산업단지 조성사업 전략 및 환경영향평가 용역,광주광역시 도시공사,PQ,2159432000,2152754000,99.69075201,선진+코엔텍,99.33,1737377000,100.0376,N
R25BK01182529-000,20251126,광주 미래차 국가산업단지 조성사업 전략 및 환경영향평가 용역,광주광역시 도시공사,PQ,2159432000,2152754000,99.69075201,수성+신명+새봄,99.23,1721086999,99.0135,N
R25BK01182529-000,20251126,광주 미래차 국가산업단지 조성사업 전략 및 환경영향평가 용역,광주광역시 도시공사,PQ,2159432000,2152754000,99.69075201,유신+한기+대현,99.22,1724656000,99.2188,N
R25BK01182529-000,20251126,광주 미래차 국가산업단지 조성사업 전략 및 환경영향평가 용역,광주광역시 도시공사,PQ,2159432000,2152754000,99.69075201,건화+토우+경화,99.17,1758000000,101.0869,N
R25BK01182529-000,20251126,광주 미래차 국가산업단지 조성사업 전략 및 환경영향평가 용역,광주광역시 도시공사,PQ,2159432000,2152754000,99.69075201,다산+건일+정호종합+삼안,99.17,1723447000,99.1,N
R25BK01182529-000,20251126,광주 미래차 국가산업단지 조성사업 전략 및 환경영향평가 용역,광주광역시 도시공사,PQ,2159432000,2152754000,99.69075201,홍익+정원+DS+신성,99.17,1721533000,98.99,N
R25BK01182529-000,20251126,광주 미래차 국가산업단지 조성사업 전략 및 환경영향평가 용역,광주광역시 도시공사,PQ,2159432000,2152754000,99.69075201,동성+대영+영훈,99.09,1762278000,101.27,N
R25BK01182529-000,20251126,광주 미래차 국가산업단지 조성사업 전략 및 환경영향평가 용역,광주광역시 도시공사,PQ,2159432000,2152754000,99.69075201,이산+우리+KCI,99.09,1714210000,98.5077,N
R25BK01182529-000,20251126,광주 미래차 국가산업단지 조성사업 전략 및 환경영향평가 용역,광주광역시 도시공사,PQ,2159432000,2152754000,99.69075201,동명+동진+한종,99.01,1767400000,101.5013,N
R25BK01182529-000,20251126,광주 미래차 국가산업단지 조성사업 전략 및 환경영향평가 용역,광주광역시 도시공사,PQ,2159432000,2152754000,99.69075201,서영+신오+마린+피지,98.94,1765640000,101.35,N
R25BK01182529-000,20251126,광주 미래차 국가산업단지 조성사업 전략 및 환경영향평가 용역,광주광역시 도시공사,PQ,2159432000,2152754000,99.69075201,세광+제일+경동+청호,98.85,1720927000,98.71,N
R25BK01183648-000,20251126,내천 자연재해위험 개선지구 정비사업 건설사업관리용역,경상남도 합천군,PQ,3816670000,3810868700,99.84800101,건화+한올,99.66,3083900000,100.7303,N
R25BK01183648-000,20251126,내천 자연재해위험 개선지구 정비사업 건설사업관리용역,경상남도 합천군,PQ,3816670000,3810868700,99.84800101,수성+경남+삼영,99.65,3058671000,99.8938,Y
R25BK01183648-000,20251126,내천 자연재해위험 개선지구 정비사업 건설사업관리용역,경상남도 합천군,PQ,3816670000,3810868700,99.84800101,다산+동진+하우,99.07,3085995000,100.3235,N
R25BK01183648-000,20251126,내천 자연재해위험 개선지구 정비사업 건설사업관리용역,경상남도 합천군,PQ,3816670000,3810868700,99.84800101,동해+금성+서화,98.98,3081600000,100.1061,N
R25BK01183648-000,20251126,내천 자연재해위험 개선지구 정비사업 건설사업관리용역,경상남도 합천군,PQ,3816670000,3810868700,99.84800101,동명+경화,98.86,3040610000,98.6888,N
R25BK01183648-000,20251126,내천 자연재해위험 개선지구 정비사업 건설사업관리용역,경상남도 합천군,PQ,3816670000,3810868700,99.84800101,KSM+범한+신화,98.82,3119400000,101.2085,N
R25BK01183648-000,20251126,내천 자연재해위험 개선지구 정비사업 건설사업관리용역,경상남도 합천군,PQ,3816670000,3810868700,99.84800101,한종+로텍,98.58,3144000000,101.8175,N
R25BK01183648-000,20251126,내천 자연재해위험 개선지구 정비사업 건설사업관리용역,경상남도 합천군,PQ,3816670000,3810868700,99.84800101,경호+우일,98.54,3047770000,98.6646,N
R25BK01183648-000,20251126,내천 자연재해위험 개선지구 정비사업 건설사업관리용역,경상남도 합천군,PQ,3816670000,3810868700,99.84800101,유신+현진,98.54,3058950000,99.0265,N
R25BK01183648-000,20251126,내천 자연재해위험 개선지구 정비사업 건설사업관리용역,경상남도 합천군,PQ,3816670000,3810868700,99.84800101,삼안+천진,98.38,3042820000,98.3828,N
R25BK01183648-000,20251126,내천 자연재해위험 개선지구 정비사업 건설사업관리용역,경상남도 합천군,PQ,3816670000,3810868700,99.84800101,동성+부림+DS+대한,98.37,3148588000,101.79,N
R25BK01183648-000,20251126,내천 자연재해위험 개선지구 정비사업 건설사업관리용역,경상남도 합천군,PQ,3816670000,3810868700,99.84800101,대콘+주원+유현,98.32,3144494000,101.62,N
R25BK01183648-000,20251126,내천 자연재해위험 개선지구 정비사업 건설사업관리용역,경상남도 합천군,PQ,3816670000,3810868700,99.84800101,도화+민종합+이산기술,98.32,3049300000,98.5436,N
R25BK01183648-000,20251126,내천 자연재해위험 개선지구 정비사업 건설사업관리용역,경상남도 합천군,PQ,3816670000,3810868700,99.84800101,내경+우진+한기,98.22,3139999000,101.3997,N
R25BK01183648-000,20251126,내천 자연재해위험 개선지구 정비사업 건설사업관리용역,경상남도 합천군,PQ,3816670000,3810868700,99.84800101,극동+해진+현산,98.19,3151623000,101.75,N
R25BK01183648-000,20251126,내천 자연재해위험 개선지구 정비사업 건설사업관리용역,경상남도 합천군,PQ,3816670000,3810868700,99.84800101,이산+한성,98.14,3044770000,98.2518,N
R25BK01183648-000,20251126,내천 자연재해위험 개선지구 정비사업 건설사업관리용역,경상남도 합천군,PQ,3816670000,3810868700,99.84800101,동부+우정,97.93,3197029000,103.0002,N
R25BK01183648-000,20251126,내천 자연재해위험 개선지구 정비사업 건설사업관리용역,경상남도 합천군,PQ,3816670000,3810868700,99.84800101,KG+HEC,94,3263060000,101.98,N
R25BK01183648-000,20251126,내천 자연재해위험 개선지구 정비사업 건설사업관리용역,경상남도 합천군,PQ,3816670000,3810868700,99.84800101,서영+이솔,93.84,3263000000,101.8445,N
R25BK01183648-000,20251126,내천 자연재해위험 개선지구 정비사업 건설사업관리용역,경상남도 합천군,PQ,3816670000,3810868700,99.84800101,건일+유진,93.83,3267990000,102.0003,N
R25BK01183648-000,20251126,내천 자연재해위험 개선지구 정비사업 건설사업관리용역,경상남도 합천군,PQ,3816670000,3810868700,99.84800101,제일+하나,93.8,3278000000,102.2883,N
R25BK01183648-000,20251126,내천 자연재해위험 개선지구 정비사업 건설사업관리용역,경상남도 합천군,PQ,3816670000,3810868700,99.84800101,경동+한가람,93.44,3278999000,102.04,N
R25BK01183108-000,20251127,수원경제자유구역 전략환경영향평가 용역(총괄및1차),경기도 수원시,PQ,349300000,347206875,99.40076582,신성+지아이,99.03,302580000,99.7578,N
R25BK01183108-000,20251127,수원경제자유구역 전략환경영향평가 용역(총괄및1차),경기도 수원시,PQ,349300000,347206875,99.40076582,신일이앤씨+삼안+이음,98.98,301237000,99.315,N
R25BK01183108-000,20251127,수원경제자유구역 전략환경영향평가 용역(총괄및1차),경기도 수원시,PQ,349300000,347206875,99.40076582,동명+AT,98.86,303650000,100.099,N
R25BK01183108-000,20251127,수원경제자유구역 전략환경영향평가 용역(총괄및1차),경기도 수원시,PQ,349300000,347206875,99.40076582,도화+신일환경,98.73,304670000,100.4237,N
R25BK01183108-000,20251127,수원경제자유구역 전략환경영향평가 용역(총괄및1차),경기도 수원시,PQ,349300000,347206875,99.40076582,홍익+DS+전진,98.57,304669000,100.4003,N
R25BK01183108-000,20251127,수원경제자유구역 전략환경영향평가 용역(총괄및1차),경기도 수원시,PQ,349300000,347206875,99.40076582,동아+청림,98.54,302217000,99.5922,N
R25BK01183108-000,20251127,수원경제자유구역 전략환경영향평가 용역(총괄및1차),경기도 수원시,PQ,349300000,347206875,99.40076582,동해+효산+이엔씨,98.46,304187000,100.2299,N
R25BK01183108-000,20251127,수원경제자유구역 전략환경영향평가 용역(총괄및1차),경기도 수원시,PQ,349300000,347206875,99.40076582,경화+대한환경,98.45,302730000,99.7498,N
R25BK01183108-000,20251127,수원경제자유구역 전략환경영향평가 용역(총괄및1차),경기도 수원시,PQ,349300000,347206875,99.40076582,동일+원정,98.45,305300000,100.5966,N
R25BK01183108-000,20251127,수원경제자유구역 전략환경영향평가 용역(총괄및1차),경기도 수원시,PQ,349300000,347206875,99.40076582,동성+부경,98.41,305128000,100.54,N
R25BK01183108-000,20251127,수원경제자유구역 전략환경영향평가 용역(총괄및1차),경기도 수원시,PQ,349300000,347206875,99.40076582,이산+세일+상평,98.39,305620000,100.7021,N
R25BK01183108-000,20251127,수원경제자유구역 전략환경영향평가 용역(총괄및1차),경기도 수원시,PQ,349300000,347206875,99.40076582,KG+토우,98.39,301660000,99.3972,N
R25BK01183108-000,20251127,수원경제자유구역 전략환경영향평가 용역(총괄및1차),경기도 수원시,PQ,349300000,347206875,99.40076582,유신+유연+대종,98.37,302117000,99.5478,N
R25BK01183108-000,20251127,수원경제자유구역 전략환경영향평가 용역(총괄및1차),경기도 수원시,PQ,349300000,347206875,99.40076582,세광+제일+에스엠,98.34,304915000,100.4582,N
R25BK01183108-000,20251127,수원경제자유구역 전략환경영향평가 용역(총괄및1차),경기도 수원시,PQ,349300000,347206875,99.40076582,선진+피지,98.33,301389000,99.2965,N
R25BK01183108-000,20251127,수원경제자유구역 전략환경영향평가 용역(총괄및1차),경기도 수원시,PQ,349300000,347206875,99.40076582,KCI+가온,98.33,299882000,98.8,N
R25BK01183108-000,20251127,수원경제자유구역 전략환경영향평가 용역(총괄및1차),경기도 수원시,PQ,349300000,347206875,99.40076582,빈텍+경호,98.27,304480000,100.3149,N
R25BK01183108-000,20251127,수원경제자유구역 전략환경영향평가 용역(총괄및1차),경기도 수원시,PQ,349300000,347206875,99.40076582,다산+건일+대현,98.24,305376000,100.6101,N
R25BK01183108-000,20251127,수원경제자유구역 전략환경영향평가 용역(총괄및1차),경기도 수원시,PQ,349300000,347206875,99.40076582,건화+우신+국토,98.17,300300000,98.9263,N
R25BK01183108-000,20251127,수원경제자유구역 전략환경영향평가 용역(총괄및1차),경기도 수원시,PQ,349300000,347206875,99.40076582,한종+한국환경,98.17,301400000,99.2887,N
R25BK01183108-000,20251127,수원경제자유구역 전략환경영향평가 용역(총괄및1차),경기도 수원시,PQ,349300000,347206875,99.40076582,동부+경동+CNS,98.14,300047000,98.843,N
R25BK01183108-000,20251127,수원경제자유구역 전략환경영향평가 용역(총괄및1차),경기도 수원시,PQ,349300000,347206875,99.40076582,한맥+보드플랜+유원,98.11,301311000,99.248,N
R25BK01183108-000,20251127,수원경제자유구역 전략환경영향평가 용역(총괄및1차),경기도 수원시,PQ,349300000,347206875,99.40076582,화신+미강+천마,97.88,301903000,99.4201,Y
R25BK01183108-000,20251127,수원경제자유구역 전략환경영향평가 용역(총괄및1차),경기도 수원시,PQ,349300000,347206875,99.40076582,삼영+청담,97.47,308600000,101.5904,N
R25BK01183108-000,20251127,수원경제자유구역 전략환경영향평가 용역(총괄및1차),경기도 수원시,PQ,349300000,347206875,99.40076582,장맥+(주)부경,96.22,300200000,98.7003,N
R25BK01183108-000,20251127,수원경제자유구역 전략환경영향평가 용역(총괄및1차),경기도 수원시,PQ,349300000,347206875,99.40076582,서영+마린,95.87,307910000,101.2004,N
R25BK01183108-000,20251127,수원경제자유구역 전략환경영향평가 용역(총괄및1차),경기도 수원시,PQ,349300000,347206875,99.40076582,수성+새봄,95.54,301587000,99.0994,N
R25BK01183108-000,20251127,수원경제자유구역 전략환경영향평가 용역(총괄및1차),경기도 수원시,PQ,349300000,347206875,99.40076582,한기+해주,95.53,309300000,101.6339,N
R25BK01183656-000,20251126,인천계양 테크노밸리 공공주택지구 밖 송·배수관로 건설사업관리용역,인천도시공사,SOQ,2244968000,2215761000,98.6990015,동해+유신+대한,97.12,1838696000,100.0709,N
R25BK01183656-000,20251126,인천계양 테크노밸리 공공주택지구 밖 송·배수관로 건설사업관리용역,인천도시공사,SOQ,2244968000,2215761000,98.6990015,한종+바우,96.68,1864000000,101.1021,N
R25BK01183656-000,20251126,인천계양 테크노밸리 공공주택지구 밖 송·배수관로 건설사업관리용역,인천도시공사,SOQ,2244968000,2215761000,98.6990015,건화+한서,96,1856950000,100.1951,N
R25BK01183656-000,20251126,인천계양 테크노밸리 공공주택지구 밖 송·배수관로 건설사업관리용역,인천도시공사,SOQ,2244968000,2215761000,98.6990015,동명+장원+용마,95.46,1837400000,98.7217,Y
R25BK01183656-000,20251126,인천계양 테크노밸리 공공주택지구 밖 송·배수관로 건설사업관리용역,인천도시공사,SOQ,2244968000,2215761000,98.6990015,제일+고산+진화개발,94.27,1925000000,102.4889,N
R25BK01183656-000,20251126,인천계양 테크노밸리 공공주택지구 밖 송·배수관로 건설사업관리용역,인천도시공사,SOQ,2244968000,2215761000,98.6990015,도화+정방+청해E,88.1,2012000000,102.2915,N
R25BK01183497-000,20251126,관산읍 하수처리구역 확대사업 기본 및 실시설계 용역,전라남도 장흥군,PQ,1151000000,1150361225,99.94450261,건화+신오(하나),100,928780000,100.8729,Y
R25BK01183497-000,20251126,관산읍 하수처리구역 확대사업 기본 및 실시설계 용역,전라남도 장흥군,PQ,1151000000,1150361225,99.94450261,수성+하이콘+KG,97.7,929431000,99.11,N
R25BK01183497-000,20251126,관산읍 하수처리구역 확대사업 기본 및 실시설계 용역,전라남도 장흥군,PQ,1151000000,1150361225,99.94450261,범한+원우,97.62,928144000,98.9121,N
R25BK01183497-000,20251126,관산읍 하수처리구역 확대사업 기본 및 실시설계 용역,전라남도 장흥군,PQ,1151000000,1150361225,99.94450261,삼안+신화기술,97.56,926200000,98.6565,N
R25BK01183497-000,20251126,관산읍 하수처리구역 확대사업 기본 및 실시설계 용역,전라남도 장흥군,PQ,1151000000,1150361225,99.94450261,도화+우리,97.54,951640000,101.3539,N
R25BK01183497-000,20251126,관산읍 하수처리구역 확대사업 기본 및 실시설계 용역,전라남도 장흥군,PQ,1151000000,1150361225,99.94450261,동명+선우,97.54,927927000,98.8283,N
R25BK01183497-000,20251126,관산읍 하수처리구역 확대사업 기본 및 실시설계 용역,전라남도 장흥군,PQ,1151000000,1150361225,99.94450261,한주+공정,97.53,926900000,98.7068,N
R25BK01183497-000,20251126,관산읍 하수처리구역 확대사업 기본 및 실시설계 용역,전라남도 장흥군,PQ,1151000000,1150361225,99.94450261,한종+한기,97.52,950300000,101.1987,N
R25BK01183497-000,20251126,관산읍 하수처리구역 확대사업 기본 및 실시설계 용역,전라남도 장흥군,PQ,1151000000,1150361225,99.94450261,경호+마인,97.5,924680000,98.4584,N
R25BK01183497-000,20251126,관산읍 하수처리구역 확대사업 기본 및 실시설계 용역,전라남도 장흥군,PQ,1151000000,1150361225,99.94450261,동해+신명+DM,97.5,948350000,100.9787,N
R25BK01183497-000,20251126,관산읍 하수처리구역 확대사업 기본 및 실시설계 용역,전라남도 장흥군,PQ,1151000000,1150361225,99.94450261,선진+건영,97.5,926948000,98.6999,N
R25BK01183497-000,20251126,관산읍 하수처리구역 확대사업 기본 및 실시설계 용역,전라남도 장흥군,PQ,1151000000,1150361225,99.94450261,이산+영진,97.5,925100000,98.5031,N
R25BK01183497-000,20251126,관산읍 하수처리구역 확대사업 기본 및 실시설계 용역,전라남도 장흥군,PQ,1151000000,1150361225,99.94450261,정+만승,97.5,929287000,98.9489,N
R25BK01183497-000,20251126,관산읍 하수처리구역 확대사업 기본 및 실시설계 용역,전라남도 장흥군,PQ,1151000000,1150361225,99.94450261,제일+우영,97.5,952700000,101.4419,N
R25BK01183497-000,20251126,관산읍 하수처리구역 확대사업 기본 및 실시설계 용역,전라남도 장흥군,PQ,1151000000,1150361225,99.94450261,HEC+동아,97.5,950390000,101.1959,N
R25BK01183497-000,20251126,관산읍 하수처리구역 확대사업 기본 및 실시설계 용역,전라남도 장흥군,PQ,1151000000,1150361225,99.94450261,유신+장강,97.48,956082000,101.777,N
R25BK01183497-000,20251126,관산읍 하수처리구역 확대사업 기본 및 실시설계 용역,전라남도 장흥군,PQ,1151000000,1150361225,99.94450261,드림+대명+다산,97.41,955570000,101.6727,N
R25BK01183497-000,20251126,관산읍 하수처리구역 확대사업 기본 및 실시설계 용역,전라남도 장흥군,PQ,1151000000,1150361225,99.94450261,경동+해림,97.4,956480000,101.7571,N
R25BK01183497-000,20251126,관산읍 하수처리구역 확대사업 기본 및 실시설계 용역,전라남도 장흥군,PQ,1151000000,1150361225,99.94450261,화신+대현,97.4,956508000,101.7601,N
R25BK01183497-000,20251126,관산읍 하수처리구역 확대사업 기본 및 실시설계 용역,전라남도 장흥군,PQ,1151000000,1150361225,99.94450261,삼주+건주+진성,97.11,958521000,101.7499,N
R25BK01183519 - 000,20251126,월동·월곶지구 차집관로 개량공사 기본 및 실시설계용역,경기도 시흥시,PQ,1494400000,1500149750,100.3847531,도화+이산+용마+한종,99.18,1213570000,100.848,Y
R25BK01183519 - 000,20251126,월동·월곶지구 차집관로 개량공사 기본 및 실시설계용역,경기도 시흥시,PQ,1494400000,1500149750,100.3847531,KG+KCI,97.78,1209510000,99.3996,N
R25BK01183519 - 000,20251126,월동·월곶지구 차집관로 개량공사 기본 및 실시설계용역,경기도 시흥시,PQ,1494400000,1500149750,100.3847531,건화+동성(테크피아),97.78,1208000000,99.2756,N
R25BK01183519 - 000,20251126,월동·월곶지구 차집관로 개량공사 기본 및 실시설계용역,경기도 시흥시,PQ,1494400000,1500149750,100.3847531,서영+삼주,97.7,1205996000,99.05,N
R25BK01183519 - 000,20251126,월동·월곶지구 차집관로 개량공사 기본 및 실시설계용역,경기도 시흥시,PQ,1494400000,1500149750,100.3847531,범한+TSK,97.67,1204708000,98.92,N
R25BK01183519 - 000,20251126,월동·월곶지구 차집관로 개량공사 기본 및 실시설계용역,경기도 시흥시,PQ,1494400000,1500149750,100.3847531,동명+동해,97.6,1206270000,98.9996,N
R25BK01183519 - 000,20251126,월동·월곶지구 차집관로 개량공사 기본 및 실시설계용역,경기도 시흥시,PQ,1494400000,1500149750,100.3847531,선진+HEC,97.6,1229337000,100.8928,N
R25BK01183519 - 000,20251126,월동·월곶지구 차집관로 개량공사 기본 및 실시설계용역,경기도 시흥시,PQ,1494400000,1500149750,100.3847531,제일+신성,97.6,1204390000,98.8453,N
R25BK01183519 - 000,20251126,월동·월곶지구 차집관로 개량공사 기본 및 실시설계용역,경기도 시흥시,PQ,1494400000,1500149750,100.3847531,유신+다경,97.4,1237448000,101.3968,N
R25BK01183519 - 000,20251126,월동·월곶지구 차집관로 개량공사 기본 및 실시설계용역,경기도 시흥시,PQ,1494400000,1500149750,100.3847531,새론+경호,97.3,1238180000,101.3823,N
R25BK01183519 - 000,20251126,월동·월곶지구 차집관로 개량공사 기본 및 실시설계용역,경기도 시흥시,PQ,1494400000,1500149750,100.3847531,정+화정+홍익,97.3,1238888000,101.4402,N
R25BK01183519 - 000,20251126,월동·월곶지구 차집관로 개량공사 기본 및 실시설계용역,경기도 시흥시,PQ,1494400000,1500149750,100.3847531,화신+신화E,97.3,1203834000,98.57,N
R25BK01183519 - 000,20251126,월동·월곶지구 차집관로 개량공사 기본 및 실시설계용역,경기도 시흥시,PQ,1494400000,1500149750,100.3847531,한주+동부,97.23,0,0,N
R25BK01183519 - 000,20251126,월동·월곶지구 차집관로 개량공사 기본 및 실시설계용역,경기도 시흥시,PQ,1494400000,1500149750,100.3847531,수성+건일,97.2,1389792000,113.6989,N
R25BK01183519 - 000,20251126,월동·월곶지구 차집관로 개량공사 기본 및 실시설계용역,경기도 시흥시,PQ,1494400000,1500149750,100.3847531,국성+다음+도우,96.48,1270000000,103.3177,N
2025UMM2025-23175,20251127,25-A-00부대 전략환경영향평가용역(A381),국군재정관리단,PQ,323037250,323421743,100.1190244,건화,100,280000000,99.922,N
2025UMM2025-23175,20251127,25-A-00부대 전략환경영향평가용역(A381),국군재정관리단,PQ,323037250,323421743,100.1190244,건일,100,279900000,99.8863,N
2025UMM2025-23175,20251127,25-A-00부대 전략환경영향평가용역(A381),국군재정관리단,PQ,323037250,323421743,100.1190244,경동,100,278760000,99.4795,N
2025UMM2025-23175,20251127,25-A-00부대 전략환경영향평가용역(A381),국군재정관리단,PQ,323037250,323421743,100.1190244,경호,100,280940000,100.2574,N
2025UMM2025-23175,20251127,25-A-00부대 전략환경영향평가용역(A381),국군재정관리단,PQ,323037250,323421743,100.1190244,경화,100,283300000,101.0996,N
2025UMM2025-23175,20251127,25-A-00부대 전략환경영향평가용역(A381),국군재정관리단,PQ,323037250,323421743,100.1190244,다산,100,280191000,99.9901,N
2025UMM2025-23175,20251127,25-A-00부대 전략환경영향평가용역(A381),국군재정관리단,PQ,323037250,323421743,100.1190244,도화,100,278988000,99.5608,N
2025UMM2025-23175,20251127,25-A-00부대 전략환경영향평가용역(A381),국군재정관리단,PQ,323037250,323421743,100.1190244,동명,100,280440000,100.079,N
2025UMM2025-23175,20251127,25-A-00부대 전략환경영향평가용역(A381),국군재정관리단,PQ,323037250,323421743,100.1190244,동성,100,279938000,99.8998,N
2025UMM2025-23175,20251127,25-A-00부대 전략환경영향평가용역(A381),국군재정관리단,PQ,323037250,323421743,100.1190244,동아,100,281037000,100.292,N
2025UMM2025-23175,20251127,25-A-00부대 전략환경영향평가용역(A381),국군재정관리단,PQ,323037250,323421743,100.1190244,동해,100,279159000,99.6218,N
2025UMM2025-23175,20251127,25-A-00부대 전략환경영향평가용역(A381),국군재정관리단,PQ,323037250,323421743,100.1190244,삼안,100,280500000,100.1004,N
2025UMM2025-23175,20251127,25-A-00부대 전략환경영향평가용역(A381),국군재정관리단,PQ,323037250,323421743,100.1190244,서영,100,282460000,100.7999,N
2025UMM2025-23175,20251127,25-A-00부대 전략환경영향평가용역(A381),국군재정관리단,PQ,323037250,323421743,100.1190244,선진,100,280527000,100.11,N
2025UMM2025-23175,20251127,25-A-00부대 전략환경영향평가용역(A381),국군재정관리단,PQ,323037250,323421743,100.1190244,세광,100,279938000,99.8998,N
2025UMM2025-23175,20251127,25-A-00부대 전략환경영향평가용역(A381),국군재정관리단,PQ,323037250,323421743,100.1190244,세일,100,282096000,100.67,N
2025UMM2025-23175,20251127,25-A-00부대 전략환경영향평가용역(A381),국군재정관리단,PQ,323037250,323421743,100.1190244,수성,100,280298000,100.0283,N
2025UMM2025-23175,20251127,25-A-00부대 전략환경영향평가용역(A381),국군재정관리단,PQ,323037250,323421743,100.1190244,신성,100,279580000,99.7721,N
2025UMM2025-23175,20251127,25-A-00부대 전략환경영향평가용역(A381),국군재정관리단,PQ,323037250,323421743,100.1190244,유신,100,280035000,99.9345,N
2025UMM2025-23175,20251127,25-A-00부대 전략환경영향평가용역(A381),국군재정관리단,PQ,323037250,323421743,100.1190244,이산,100,280695000,100.17,Y
2025UMM2025-23175,20251127,25-A-00부대 전략환경영향평가용역(A381),국군재정관리단,PQ,323037250,323421743,100.1190244,제일,100,280470000,100.0897,N
2025UMM2025-23175,20251127,25-A-00부대 전략환경영향평가용역(A381),국군재정관리단,PQ,323037250,323421743,100.1190244,홍익,100,281059000,100.2999,N
2025UMM2025-23175,20251127,25-A-00부대 전략환경영향평가용역(A381),국군재정관리단,PQ,323037250,323421743,100.1190244,DS,100,281564000,100.4801,N
2025UMM2025-23175,20251127,25-A-00부대 전략환경영향평가용역(A381),국군재정관리단,PQ,323037250,323421743,100.1190244,KG,100,282850000,100.939,N
R25BK01187246-000,20251127,관산 고읍지구 등 2개지구 통합건설사업관리 용역,전라남도 장흥군,PQ,4209000000,4243240250,100.8135008,수성+하나+만승,99.84,3376039000,100.1311,N
R25BK01187246-000,20251127,관산 고읍지구 등 2개지구 통합건설사업관리 용역,전라남도 장흥군,PQ,4209000000,4243240250,100.8135008,삼안+동아+건영,99.5,3407800000,100.8088,N
R25BK01187246-000,20251127,관산 고읍지구 등 2개지구 통합건설사업관리 용역,전라남도 장흥군,PQ,4209000000,4243240250,100.8135008,KG+산하+경원,99.11,3427600000,101.0799,Y
R25BK01187246-000,20251127,관산 고읍지구 등 2개지구 통합건설사업관리 용역,전라남도 장흥군,PQ,4209000000,4243240250,100.8135008,동명+원우,99.1,3372000000,99.4279,N
R25BK01187246-000,20251127,관산 고읍지구 등 2개지구 통합건설사업관리 용역,전라남도 장흥군,PQ,4209000000,4243240250,100.8135008,서영+대현+해광,99,3434650000,101.1999,N
R25BK01187246-000,20251127,관산 고읍지구 등 2개지구 통합건설사업관리 용역,전라남도 장흥군,PQ,4209000000,4243240250,100.8135008,경동+신화,98.92,3361390000,98.9677,N
R25BK01187246-000,20251127,관산 고읍지구 등 2개지구 통합건설사업관리 용역,전라남도 장흥군,PQ,4209000000,4243240250,100.8135008,동해+지아이,98.7,3357298000,98.676,N
R25BK01187246-000,20251127,관산 고읍지구 등 2개지구 통합건설사업관리 용역,전라남도 장흥군,PQ,4209000000,4243240250,100.8135008,신명+광장,98.7,3359000000,98.726,N
R25BK01187246-000,20251127,관산 고읍지구 등 2개지구 통합건설사업관리 용역,전라남도 장흥군,PQ,4209000000,4243240250,100.8135008,한종+양광+우리종합,98.7,3360600000,98.773,N
R25BK01187246-000,20251127,관산 고읍지구 등 2개지구 통합건설사업관리 용역,전라남도 장흥군,PQ,4209000000,4243240250,100.8135008,도화+신오,98.6,3452460000,101.3977,N
R25BK01187246-000,20251127,관산 고읍지구 등 2개지구 통합건설사업관리 용역,전라남도 장흥군,PQ,4209000000,4243240250,100.8135008,이산+장강+해림,98.6,3355000000,98.5353,N
R25BK01187246-000,20251127,관산 고읍지구 등 2개지구 통합건설사업관리 용역,전라남도 장흥군,PQ,4209000000,4243240250,100.8135008,극동+청양,98.54,3416700000,100.2978,N
R25BK01187246-000,20251127,관산 고읍지구 등 2개지구 통합건설사업관리 용역,전라남도 장흥군,PQ,4209000000,4243240250,100.8135008,청명+공정,98.51,3363100000,98.7,N
R25BK01187246-000,20251127,관산 고읍지구 등 2개지구 통합건설사업관리 용역,전라남도 장흥군,PQ,4209000000,4243240250,100.8135008,건화+우영,98.4,3478000000,101.9839,N
R25BK01187246-000,20251127,관산 고읍지구 등 2개지구 통합건설사업관리 용역,전라남도 장흥군,PQ,4209000000,4243240250,100.8135008,건일+금아+강남,98.4,3453000000,101.2508,N
R25BK01187246-000,20251127,관산 고읍지구 등 2개지구 통합건설사업관리 용역,전라남도 장흥군,PQ,4209000000,4243240250,100.8135008,동일+서진,98.4,3460900000,101.4825,N
R25BK01187246-000,20251127,관산 고읍지구 등 2개지구 통합건설사업관리 용역,전라남도 장흥군,PQ,4209000000,4243240250,100.8135008,유신+하이콘+한기,98.4,3348956000,98.2,N
R25BK01187246-000,20251127,관산 고읍지구 등 2개지구 통합건설사업관리 용역,전라남도 장흥군,PQ,4209000000,4243240250,100.8135008,동부+율산,98.34,3456387000,101.3001,N
R25BK01187246-000,20251127,관산 고읍지구 등 2개지구 통합건설사업관리 용역,전라남도 장흥군,PQ,4209000000,4243240250,100.8135008,동성+영진+DS,98.2,3480033000,101.8801,N
R25BK01187246-000,20251127,관산 고읍지구 등 2개지구 통합건설사업관리 용역,전라남도 장흥군,PQ,4209000000,4243240250,100.8135008,홍익+세원,98.04,3486700000,101.9496,N
R25BK01187246-000,20251127,관산 고읍지구 등 2개지구 통합건설사업관리 용역,전라남도 장흥군,PQ,4209000000,4243240250,100.8135008,제일+다산+대명,97.94,3850000000,112.4893,N
R25BK01186596-000,20251127,군외 원동 공공하수처리시설 증설사업 기본 및 실시설계 용역,전라남도 완도군,PQ,1778000000,1760722350,99.02825366,도화+우리+유신,99.13,1439600000,100.5119,N
R25BK01186596-000,20251127,군외 원동 공공하수처리시설 증설사업 기본 및 실시설계 용역,전라남도 완도군,PQ,1778000000,1760722350,99.02825366,경호+대현,97.45,1464200000,100.877,N
R25BK01186596-000,20251127,군외 원동 공공하수처리시설 증설사업 기본 및 실시설계 용역,전라남도 완도군,PQ,1778000000,1760722350,99.02825366,삼안+선우,97.44,1464870000,100.9232,N
R25BK01186596-000,20251127,군외 원동 공공하수처리시설 증설사업 기본 및 실시설계 용역,전라남도 완도군,PQ,1778000000,1760722350,99.02825366,한종+대명+신화기술,97.44,1439860000,99.2001,N
R25BK01186596-000,20251127,군외 원동 공공하수처리시설 증설사업 기본 및 실시설계 용역,전라남도 완도군,PQ,1778000000,1760722350,99.02825366,"건화+원우(탑,서진)",97.43,1438800000,99.1149,Y
R25BK01186596-000,20251127,군외 원동 공공하수처리시설 증설사업 기본 및 실시설계 용역,전라남도 완도군,PQ,1778000000,1760722350,99.02825366,경동+한기,97.43,1439599000,99.17,N
R25BK01186596-000,20251127,군외 원동 공공하수처리시설 증설사업 기본 및 실시설계 용역,전라남도 완도군,PQ,1778000000,1760722350,99.02825366,동명+해림,97.43,1440000000,99.1976,N
R25BK01186596-000,20251127,군외 원동 공공하수처리시설 증설사업 기본 및 실시설계 용역,전라남도 완도군,PQ,1778000000,1760722350,99.02825366,범한+신명,97.43,1463660000,100.8275,N
R25BK01186596-000,20251127,군외 원동 공공하수처리시설 증설사업 기본 및 실시설계 용역,전라남도 완도군,PQ,1778000000,1760722350,99.02825366,선진+건영,97.43,1464683000,100.8979,N
R25BK01186596-000,20251127,군외 원동 공공하수처리시설 증설사업 기본 및 실시설계 용역,전라남도 완도군,PQ,1778000000,1760722350,99.02825366,수성+만승,97.43,1436688000,98.9694,N
R25BK01186596-000,20251127,군외 원동 공공하수처리시설 증설사업 기본 및 실시설계 용역,전라남도 완도군,PQ,1778000000,1760722350,99.02825366,정+하이콘,97.43,1477777000,101.7999,N
R25BK01186596-000,20251127,군외 원동 공공하수처리시설 증설사업 기본 및 실시설계 용역,전라남도 완도군,PQ,1778000000,1760722350,99.02825366,제일+신오,97.43,1468700000,101.1747,N
R25BK01186596-000,20251127,군외 원동 공공하수처리시설 증설사업 기본 및 실시설계 용역,전라남도 완도군,PQ,1778000000,1760722350,99.02825366,한주+공정,97.43,1465000000,100.9198,N
R25BK01186596-000,20251127,군외 원동 공공하수처리시설 증설사업 기본 및 실시설계 용역,전라남도 완도군,PQ,1778000000,1760722350,99.02825366,화신+영진+동해,97.43,1465004000,100.9201,N
R25BK01186596-000,20251127,군외 원동 공공하수처리시설 증설사업 기본 및 실시설계 용역,전라남도 완도군,PQ,1778000000,1760722350,99.02825366,HEC+동아,97.43,1479960000,101.9503,N
R25BK01186596-000,20251127,군외 원동 공공하수처리시설 증설사업 기본 및 실시설계 용역,전라남도 완도군,PQ,1778000000,1760722350,99.02825366,삼주+건주+진성,97.41,1440792000,99.24,N
R25BK01186596-000,20251127,군외 원동 공공하수처리시설 증설사업 기본 및 실시설계 용역,전라남도 완도군,PQ,1778000000,1760722350,99.02825366,KG+장강+이산,97.39,1432720000,98.6598,N
R25BK01186551-000,20251127,완주군 소하천정비 종합계획 재수립 전략환경영향평가 용역,전북특별자치도 완주군,PQ,944844000,950021800,100.5480058,홍익+바른+한종,99.58,809143000,100.0499,N
R25BK01186551-000,20251127,완주군 소하천정비 종합계획 재수립 전략환경영향평가 용역,전북특별자치도 완주군,PQ,944844000,950021800,100.5480058,세광+제일+공유,99.22,810210000,100.0883,N
R25BK01186551-000,20251127,완주군 소하천정비 종합계획 재수립 전략환경영향평가 용역,전북특별자치도 완주군,PQ,944844000,950021800,100.5480058,동명+더한+대한환경,99.15,813640000,100.5003,N
R25BK01186551-000,20251127,완주군 소하천정비 종합계획 재수립 전략환경영향평가 용역,전북특별자치도 완주군,PQ,944844000,950021800,100.5480058,건화+현성+해주,99.13,814389000,100.5811,Y
R25BK01186551-000,20251127,완주군 소하천정비 종합계획 재수립 전략환경영향평가 용역,전북특별자치도 완주군,PQ,944844000,950021800,100.5480058,KG+고산+다산,99.09,805890000,99.5198,N
R25BK01186551-000,20251127,완주군 소하천정비 종합계획 재수립 전략환경영향평가 용역,전북특별자치도 완주군,PQ,944844000,950021800,100.5480058,동아+이씨드+KCI,98.91,807737000,99.713,N
R25BK01186551-000,20251127,완주군 소하천정비 종합계획 재수립 전략환경영향평가 용역,전북특별자치도 완주군,PQ,944844000,950021800,100.5480058,서영+한기,98.91,805200000,99.3998,N
R25BK01186551-000,20251127,완주군 소하천정비 종합계획 재수립 전략환경영향평가 용역,전북특별자치도 완주군,PQ,944844000,950021800,100.5480058,수성+세종+경동,98.91,815167000,100.6302,N
R25BK01186551-000,20251127,완주군 소하천정비 종합계획 재수립 전략환경영향평가 용역,전북특별자치도 완주군,PQ,944844000,950021800,100.5480058,도화+한누리,98.9,816880000,100.8299,N
R25BK01186551-000,20251127,완주군 소하천정비 종합계획 재수립 전략환경영향평가 용역,전북특별자치도 완주군,PQ,944844000,950021800,100.5480058,유신+인우+대현종합,98.88,802671000,99.076,N
R25BK01186551-000,20251127,완주군 소하천정비 종합계획 재수립 전략환경영향평가 용역,전북특별자치도 완주군,PQ,944844000,950021800,100.5480058,경화+국성+한맥+라임,98.85,816246000,100.7399,N
R25BK01186551-000,20251127,완주군 소하천정비 종합계획 재수립 전략환경영향평가 용역,전북특별자치도 완주군,PQ,944844000,950021800,100.5480058,동해+금산,98.82,801249000,98.889,N
R25BK01186551-000,20251127,완주군 소하천정비 종합계획 재수립 전략환경영향평가 용역,전북특별자치도 완주군,PQ,944844000,950021800,100.5480058,이산+화양+세일,98.64,804230000,99.2106,N
R25BK01186551-000,20251127,완주군 소하천정비 종합계획 재수립 전략환경영향평가 용역,전북특별자치도 완주군,PQ,944844000,950021800,100.5480058,DS+다온+신성,98.42,821565000,101.2901,N
R25BK01186551-000,20251127,완주군 소하천정비 종합계획 재수립 전략환경영향평가 용역,전북특별자치도 완주군,PQ,944844000,950021800,100.5480058,선진+태하+피지,98.4,802987000,98.9881,N
R25BK01186551-000,20251127,완주군 소하천정비 종합계획 재수립 전략환경영향평가 용역,전북특별자치도 완주군,PQ,944844000,950021800,100.5480058,동성+제이엘,98.25,801742000,98.8001,N
R25BK01186551-000,20251127,완주군 소하천정비 종합계획 재수립 전략환경영향평가 용역,전북특별자치도 완주군,PQ,944844000,950021800,100.5480058,삼안+한가람+신일환경+마린,98.24,801240000,98.7382,N
진주국토관리사무소 공고 제2025 - 316호,20251127,국도20호선 산청 시천-단성간 수해상습지역 개선공사 건설사업관리(시공단계) 엔지니어링,부산지방국토관리청 진주국토관리사무소,PQ,3949000000,3954814950,100.1472512,내경+제일,100,0,0,N
진주국토관리사무소 공고 제2025 - 316호,20251127,국도20호선 산청 시천-단성간 수해상습지역 개선공사 건설사업관리(시공단계) 엔지니어링,부산지방국토관리청 진주국토관리사무소,PQ,3949000000,3954814950,100.1472512,대콘+KSM,100,3210219000,100.9901,Y
진주국토관리사무소 공고 제2025 - 316호,20251127,국도20호선 산청 시천-단성간 수해상습지역 개선공사 건설사업관리(시공단계) 엔지니어링,부산지방국토관리청 진주국토관리사무소,PQ,3949000000,3954814950,100.1472512,홍익+수성,100,3180336000,100.05,N
진주국토관리사무소 공고 제2025 - 316호,20251127,국도20호선 산청 시천-단성간 수해상습지역 개선공사 건설사업관리(시공단계) 엔지니어링,부산지방국토관리청 진주국토관리사무소,PQ,3949000000,3954814950,100.1472512,한종+삼보,99.4,3173900000,99.5507,N
진주국토관리사무소 공고 제2025 - 316호,20251127,국도20호선 산청 시천-단성간 수해상습지역 개선공사 건설사업관리(시공단계) 엔지니어링,부산지방국토관리청 진주국토관리사무소,PQ,3949000000,3954814950,100.1472512,경원+다산,99.21,3223987770,101.0216,N
진주국토관리사무소 공고 제2025 - 316호,20251127,국도20호선 산청 시천-단성간 수해상습지역 개선공사 건설사업관리(시공단계) 엔지니어링,부산지방국토관리청 진주국토관리사무소,PQ,3949000000,3954814950,100.1472512,도화+서현,99.14,3168680000,99.2517,N
진주국토관리사무소 공고 제2025 - 316호,20251127,국도20호선 산청 시천-단성간 수해상습지역 개선공사 건설사업관리(시공단계) 엔지니어링,부산지방국토관리청 진주국토관리사무소,PQ,3949000000,3954814950,100.1472512,KG+신명,99.14,3220660000,100.8799,N
진주국토관리사무소 공고 제2025 - 316호,20251127,국도20호선 산청 시천-단성간 수해상습지역 개선공사 건설사업관리(시공단계) 엔지니어링,부산지방국토관리청 진주국토관리사무소,PQ,3949000000,3954814950,100.1472512,동일+한맥,99.1,3170600000,99.2996,N
진주국토관리사무소 공고 제2025 - 316호,20251127,국도20호선 산청 시천-단성간 수해상습지역 개선공사 건설사업관리(시공단계) 엔지니어링,부산지방국토관리청 진주국토관리사무소,PQ,3949000000,3954814950,100.1472512,경동+KCI,98.9,3166899000,99.0856,N
진주국토관리사무소 공고 제2025 - 316호,20251127,국도20호선 산청 시천-단성간 수해상습지역 개선공사 건설사업관리(시공단계) 엔지니어링,부산지방국토관리청 진주국토관리사무소,PQ,3949000000,3954814950,100.1472512,동명+이산,98.9,3168000000,99.1201,N
진주국토관리사무소 공고 제2025 - 316호,20251127,국도20호선 산청 시천-단성간 수해상습지역 개선공사 건설사업관리(시공단계) 엔지니어링,부산지방국토관리청 진주국토관리사무소,PQ,3949000000,3954814950,100.1472512,삼안+극동,98.86,3236970000,101.253,N
진주국토관리사무소 공고 제2025 - 316호,20251127,국도20호선 산청 시천-단성간 수해상습지역 개선공사 건설사업관리(시공단계) 엔지니어링,부산지방국토관리청 진주국토관리사무소,PQ,3949000000,3954814950,100.1472512,건화+새론,98.72,3240000000,101.2852,N
진주국토관리사무소 공고 제2025 - 316호,20251127,국도20호선 산청 시천-단성간 수해상습지역 개선공사 건설사업관리(시공단계) 엔지니어링,부산지방국토관리청 진주국토관리사무소,PQ,3949000000,3954814950,100.1472512,동성+경호,98.7,3237674000,101.2,N
진주국토관리사무소 공고 제2025 - 316호,20251127,국도20호선 산청 시천-단성간 수해상습지역 개선공사 건설사업관리(시공단계) 엔지니어링,부산지방국토관리청 진주국토관리사무소,PQ,3949000000,3954814950,100.1472512,천마+용마,98.38,3166000000,98.8012,N
진주국토관리사무소 공고 제2025 - 316호,20251127,국도20호선 산청 시천-단성간 수해상습지역 개선공사 건설사업관리(시공단계) 엔지니어링,부산지방국토관리청 진주국토관리사무소,PQ,3949000000,3954814950,100.1472512,유신+영인,97.97,3258895000,101.5,N
진주국토관리사무소 공고 제2025 - 316호,20251127,국도20호선 산청 시천-단성간 수해상습지역 개선공사 건설사업관리(시공단계) 엔지니어링,부산지방국토관리청 진주국토관리사무소,PQ,3949000000,3954814950,100.1472512,일신+태조,97.74,3256474000,101.3,N
R25BK01187976-000,20251128,충주시 “키즈 꿈의 숲” 기본 및 실시설계 용역,충청북도 충주시,PQ,296760000,296760000,100,건화,92,288200000,97.1155,Y
R25BK01187976-000,20251128,충주시 “키즈 꿈의 숲” 기본 및 실시설계 용역,충청북도 충주시,PQ,296760000,296760000,100,선진,74.6667,289000000,97.3851,N
R25BK01188506-001,20251128,보은군 하수관로 정비사업 통합건설사업관리용역,충청북도 보은군,PQ,1779514000,1778851175,99.96275247,도화+오성,100,1428300000,100.3356,Y
R25BK01188506-001,20251128,보은군 하수관로 정비사업 통합건설사업관리용역,충청북도 보은군,PQ,1779514000,1778851175,99.96275247,경원+홍익,99.73,1431770000,100.3536,N
R25BK01188506-001,20251128,보은군 하수관로 정비사업 통합건설사업관리용역,충청북도 보은군,PQ,1779514000,1778851175,99.96275247,동성+한맥,99.7,1432500000,100.3797,N
R25BK01188506-001,20251128,보은군 하수관로 정비사업 통합건설사업관리용역,충청북도 보은군,PQ,1779514000,1778851175,99.96275247,KSM+가원,99.68,1421000000,99.5615,N
R25BK01188506-001,20251128,보은군 하수관로 정비사업 통합건설사업관리용역,충청북도 보은군,PQ,1779514000,1778851175,99.96275247,삼안+청우건축,99.6,1441000000,100.8998,N
R25BK01188506-001,20251128,보은군 하수관로 정비사업 통합건설사업관리용역,충청북도 보은군,PQ,1779514000,1778851175,99.96275247,한종+진우,99.58,1436890000,100.5995,N
R25BK01188506-001,20251128,보은군 하수관로 정비사업 통합건설사업관리용역,충청북도 보은군,PQ,1779514000,1778851175,99.96275247,신명+서영E,99.49,1440000000,100.7419,N
R25BK01188506-001,20251128,보은군 하수관로 정비사업 통합건설사업관리용역,충청북도 보은군,PQ,1779514000,1778851175,99.96275247,바우+좋은+경호,99.48,1416850000,99.11,N
R25BK01188506-001,20251128,보은군 하수관로 정비사업 통합건설사업관리용역,충청북도 보은군,PQ,1779514000,1778851175,99.96275247,이산+도우,99.45,1443000000,100.9141,N
R25BK01188506-001,20251128,보은군 하수관로 정비사업 통합건설사업관리용역,충청북도 보은군,PQ,1779514000,1778851175,99.96275247,용마+JS+천마,99.44,1416239000,99.0426,N
R25BK01188506-001,20251128,보은군 하수관로 정비사업 통합건설사업관리용역,충청북도 보은군,PQ,1779514000,1778851175,99.96275247,동명+영진,99.43,1417950000,99.15,N
R25BK01188506-001,20251128,보은군 하수관로 정비사업 통합건설사업관리용역,충청북도 보은군,PQ,1779514000,1778851175,99.96275247,제일+HR+진,99.42,0,0,N
R25BK01188506-001,20251128,보은군 하수관로 정비사업 통합건설사업관리용역,충청북도 보은군,PQ,1779514000,1778851175,99.96275247,서영+두원+도명,99.36,1449420000,101.3001,N
R25BK01188506-001,20251128,보은군 하수관로 정비사업 통합건설사업관리용역,충청북도 보은군,PQ,1779514000,1778851175,99.96275247,경동+지명,99.3,1413660000,98.7517,N
R25BK01188506-001,20251128,보은군 하수관로 정비사업 통합건설사업관리용역,충청북도 보은군,PQ,1779514000,1778851175,99.96275247,건화+대원e,99.27,1411150000,98.5518,N
R25BK01188506-001,20251128,보은군 하수관로 정비사업 통합건설사업관리용역,충청북도 보은군,PQ,1779514000,1778851175,99.96275247,선진+부광,99.24,1452187000,101.3926,N
R25BK01188506-001,20251128,보은군 하수관로 정비사업 통합건설사업관리용역,충청북도 보은군,PQ,1779514000,1778851175,99.96275247,청명+토영,99.14,1451942000,101.2874,N
R25BK01188506-001,20251128,보은군 하수관로 정비사업 통합건설사업관리용역,충청북도 보은군,PQ,1779514000,1778851175,99.96275247,유신+진성,97.62,1484120000,102.3003,N
R25BK01188506-001,20251128,보은군 하수관로 정비사업 통합건설사업관리용역,충청북도 보은군,PQ,1779514000,1778851175,99.96275247,대콘+대원,96.95,1490776000,102.2199,N
R25BK01188506-001,20251128,보은군 하수관로 정비사업 통합건설사업관리용역,충청북도 보은군,PQ,1779514000,1778851175,99.96275247,동부+단,96.9,1429758000,98.0001,N
R25BK01188506-001,20251128,보은군 하수관로 정비사업 통합건설사업관리용역,충청북도 보은군,PQ,1779514000,1778851175,99.96275247,범한+동림,96.9,1491580000,102.2376,N
R25BK01188506-001,20251128,보은군 하수관로 정비사업 통합건설사업관리용역,충청북도 보은군,PQ,1779514000,1778851175,99.96275247,동해+상생,96.84,1488800000,101.9973,N
R25BK01188506-001,20251128,보은군 하수관로 정비사업 통합건설사업관리용역,충청북도 보은군,PQ,1779514000,1778851175,99.96275247,다음+태광,96.75,1494544000,102.3285,N
R25BK01187336-000,20251128,백야지구 풍수해생활권 종합정비사업 기본 및 실시설계용역,경상남도 의령군,PQ,3489563000,3480324425,99.73525123,동성+한올,99.99,2807459000,100.56,Y
R25BK01187336-000,20251128,백야지구 풍수해생활권 종합정비사업 기본 및 실시설계용역,경상남도 의령군,PQ,3489563000,3480324425,99.73525123,삼안+KSM+천진,98.92,2799610000,99.4214,N
R25BK01187336-000,20251128,백야지구 풍수해생활권 종합정비사업 기본 및 실시설계용역,경상남도 의령군,PQ,3489563000,3480324425,99.73525123,이산+하나,98.88,2837998000,100.7597,N
R25BK01187336-000,20251128,백야지구 풍수해생활권 종합정비사업 기본 및 실시설계용역,경상남도 의령군,PQ,3489563000,3480324425,99.73525123,한종+로텍,98.88,2842400000,100.916,N
R25BK01187336-000,20251128,백야지구 풍수해생활권 종합정비사업 기본 및 실시설계용역,경상남도 의령군,PQ,3489563000,3480324425,99.73525123,도화+이도,98.87,2840880000,100.8495,N
R25BK01187336-000,20251128,백야지구 풍수해생활권 종합정비사업 기본 및 실시설계용역,경상남도 의령군,PQ,3489563000,3480324425,99.73525123,청명+우진+국성,98.73,2784839000,98.75,N
R25BK01187336-000,20251128,백야지구 풍수해생활권 종합정비사업 기본 및 실시설계용역,경상남도 의령군,PQ,3489563000,3480324425,99.73525123,"건화+하우+새론(리안,경상)",98.7,2797680000,99.1808,N
R25BK01187336-000,20251128,백야지구 풍수해생활권 종합정비사업 기본 및 실시설계용역,경상남도 의령군,PQ,3489563000,3480324425,99.73525123,서영+우리+하이콘,98.7,2786940000,98.8,N
R25BK01187336-000,20251128,백야지구 풍수해생활권 종합정비사업 기본 및 실시설계용역,경상남도 의령군,PQ,3489563000,3480324425,99.73525123,한맥+혜인,98.69,2790999000,98.9439,N
R25BK01187336-000,20251128,백야지구 풍수해생활권 종합정비사업 기본 및 실시설계용역,경상남도 의령군,PQ,3489563000,3480324425,99.73525123,경화+경동,98.67,2791014000,98.92,N
R25BK01187336-000,20251128,백야지구 풍수해생활권 종합정비사업 기본 및 실시설계용역,경상남도 의령군,PQ,3489563000,3480324425,99.73525123,동부+한성,98.64,2855490000,101.1801,N
R25BK01187336-000,20251128,백야지구 풍수해생활권 종합정비사업 기본 및 실시설계용역,경상남도 의령군,PQ,3489563000,3480324425,99.73525123,경호+창미+TSK,98.61,2790690000,98.8718,N
R25BK01187336-000,20251128,백야지구 풍수해생활권 종합정비사업 기본 및 실시설계용역,경상남도 의령군,PQ,3489563000,3480324425,99.73525123,KG+현진,98.54,2784730000,98.5997,N
R25BK01187336-000,20251128,백야지구 풍수해생활권 종합정비사업 기본 및 실시설계용역,경상남도 의령군,PQ,3489563000,3480324425,99.73525123,유신+신화,98.52,2865971000,101.4637,N
R25BK01187336-000,20251128,백야지구 풍수해생활권 종합정비사업 기본 및 실시설계용역,경상남도 의령군,PQ,3489563000,3480324425,99.73525123,극동+미래공간,98.51,2860852000,101.27,N
R25BK01187336-000,20251128,백야지구 풍수해생활권 종합정비사업 기본 및 실시설계용역,경상남도 의령군,PQ,3489563000,3480324425,99.73525123,동명+금성기술,98.49,2871800000,101.645,N
R25BK01187336-000,20251128,백야지구 풍수해생활권 종합정비사업 기본 및 실시설계용역,경상남도 의령군,PQ,3489563000,3480324425,99.73525123,KCI+HEC,98.49,2867700000,101.4998,N
R25BK01187336-000,20251128,백야지구 풍수해생활권 종합정비사업 기본 및 실시설계용역,경상남도 의령군,PQ,3489563000,3480324425,99.73525123,다산+범한+조화,98.46,2871239000,101.6,N
R25BK01187336-000,20251128,백야지구 풍수해생활권 종합정비사업 기본 및 실시설계용역,경상남도 의령군,PQ,3489563000,3480324425,99.73525123,동진+서화+한울,98.46,2862761000,101.3,N
R25BK01187336-000,20251128,백야지구 풍수해생활권 종합정비사업 기본 및 실시설계용역,경상남도 의령군,PQ,3489563000,3480324425,99.73525123,화신+화성,98.41,2867497000,101.43,N
R25BK01187336-000,20251128,백야지구 풍수해생활권 종합정비사업 기본 및 실시설계용역,경상남도 의령군,PQ,3489563000,3480324425,99.73525123,수성+정원,98.37,2781000000,98.334,N
R25BK01187413-001,20251128,세풍산단 조성사업 건설사업관리용역,광양만권경제자유구역청,SOQ,10059000000,10005712500,99.47025052,삼안+도화+해림+한기,99.32,8338000000,103.0533,Y
R25BK01187413-001,20251128,세풍산단 조성사업 건설사업관리용역,광양만권경제자유구역청,SOQ,10059000000,10005712500,99.47025052,수성+신명,96.33,8432200000,101.8003,N
R25BK01187413-001,20251128,세풍산단 조성사업 건설사업관리용역,광양만권경제자유구역청,SOQ,10059000000,10005712500,99.47025052,건화+만승+대명,96.13,8486900000,102.2991,N
R25BK01187413-001,20251128,세풍산단 조성사업 건설사업관리용역,광양만권경제자유구역청,SOQ,10059000000,10005712500,99.47025052,한종+양광+공정,95.32,8515500000,102.0008,N
R25BK01186920-000,20251128,검단신도시 나진포천 생태하천 조성공사 건설사업관리용역,인천도시공사,SOQ,2451350000,2427792575,99.03900198,건화+한서,97.52,2054200000,102.7134,N
R25BK01186920-000,20251128,검단신도시 나진포천 생태하천 조성공사 건설사업관리용역,인천도시공사,SOQ,2451350000,2427792575,99.03900198,동부+장원+일진,97.44,2004401000,100.162,N
R25BK01186920-000,20251128,검단신도시 나진포천 생태하천 조성공사 건설사업관리용역,인천도시공사,SOQ,2451350000,2427792575,99.03900198,한종+바우,97.33,1991886000,99.4513,Y
R25BK01186920-000,20251128,검단신도시 나진포천 생태하천 조성공사 건설사업관리용역,인천도시공사,SOQ,2451350000,2427792575,99.03900198,도화+정방,94.77,2089000000,102.2477,N
R25BK01186920-000,20251128,검단신도시 나진포천 생태하천 조성공사 건설사업관리용역,인천도시공사,SOQ,2451350000,2427792575,99.03900198,경동+대한,94.27,2084998000,101.6615,N
R25BK01186920-000,20251128,검단신도시 나진포천 생태하천 조성공사 건설사업관리용역,인천도시공사,SOQ,2451350000,2427792575,99.03900198,동명+용마+서해+소유,87.79,2200000000,102.1995,N
R25BK01186920-000,20251128,검단신도시 나진포천 생태하천 조성공사 건설사업관리용역,인천도시공사,SOQ,2451350000,2427792575,99.03900198,제일+고산+진화개발,87.77,2200000000,102.1878,N
E082500379-1,20251128,26-28년도 음성 345kV 송전선로 사후환경영향조사 용역,한국동서발전(주) 음성건설본부,PQ,1786400000,1786956571,100.031156,동일+다원,100,1429030680,100,N
E082500379-1,20251128,26-28년도 음성 345kV 송전선로 사후환경영향조사 용역,한국동서발전(주) 음성건설본부,PQ,1786400000,1786956571,100.031156,유신+레오+예평,100,1443158000,100.9886,Y
E082500379-1,20251128,26-28년도 음성 345kV 송전선로 사후환경영향조사 용역,한국동서발전(주) 음성건설본부,PQ,1786400000,1786956571,100.031156,도화+대한환경+신일E,98.96,1465200000,101.6038,N
E082500379-1,20251128,26-28년도 음성 345kV 송전선로 사후환경영향조사 용역,한국동서발전(주) 음성건설본부,PQ,1786400000,1786956571,100.031156,한종+대종,98.56,1428900000,98.7441,N
E082500379-1,20251128,26-28년도 음성 345kV 송전선로 사후환경영향조사 용역,한국동서발전(주) 음성건설본부,PQ,1786400000,1786956571,100.031156,이엔씨+동해+우신,97.6,1481000000,101.5049,N
E082500379-1,20251128,26-28년도 음성 345kV 송전선로 사후환경영향조사 용역,한국동서발전(주) 음성건설본부,PQ,1786400000,1786956571,100.031156,건화+토우,97.31,1488800000,101.7903,N
