PQ공고 NO.,공고일자,사업명,발주처,입찰구분,기초금액,예정금액,예가,업체명,PQ점수,투찰금액,추정예가,낙찰여부
R25BK00935965-000,20250701,수원 친환경에너지 개선공사 사후환경영향조사(공사시) 용역,한국지역난방공사,PQ,841975200,840415475,99.81475405,건화+토우+세기,100,723690000,100.5339,N
R25BK00935965-000,20250701,수원 친환경에너지 개선공사 사후환경영향조사(공사시) 용역,한국지역난방공사,PQ,841975200,840415475,99.81475405,동일+다원,100,722000000,100.2991,N
R25BK00935965-000,20250701,수원 친환경에너지 개선공사 사후환경영향조사(공사시) 용역,한국지역난방공사,PQ,841975200,840415475,99.81475405,세광+동명+우리,100,722250000,100.3339,N
R25BK00935965-000,20250701,수원 친환경에너지 개선공사 사후환경영향조사(공사시) 용역,한국지역난방공사,PQ,841975200,840415475,99.81475405,KG+우진,100,719990000,100.0199,N
R25BK00935965-000,20250701,수원 친환경에너지 개선공사 사후환경영향조사(공사시) 용역,한국지역난방공사,PQ,841975200,840415475,99.81475405,한종,100,721260000,100.1963,N
R25BK00935965-000,20250701,수원 친환경에너지 개선공사 사후환경영향조사(공사시) 용역,한국지역난방공사,PQ,841975200,840415475,99.81475405,경화+경호+빈텍,100,721143000,100.1801,N
R25BK00935965-000,20250701,수원 친환경에너지 개선공사 사후환경영향조사(공사시) 용역,한국지역난방공사,PQ,841975200,840415475,99.81475405,동성+마린,100,722726000,100.4,N
R25BK00935965-000,20250701,수원 친환경에너지 개선공사 사후환경영향조사(공사시) 용역,한국지역난방공사,PQ,841975200,840415475,99.81475405,동해+효산,100,718830000,99.8588,Y
R25BK00935965-000,20250701,수원 친환경에너지 개선공사 사후환경영향조사(공사시) 용역,한국지역난방공사,PQ,841975200,840415475,99.81475405,삼안+신일+에이티,100,721380000,100.213,N
R25BK00935965-000,20250701,수원 친환경에너지 개선공사 사후환경영향조사(공사시) 용역,한국지역난방공사,PQ,841975200,840415475,99.81475405,도화+신일환경,100,720200000,100.0491,N
R25BK00935965-000,20250701,수원 친환경에너지 개선공사 사후환경영향조사(공사시) 용역,한국지역난방공사,PQ,841975200,840415475,99.81475405,선진+휴엔트,100,721167000,100.1834,N
R25BK00935965-000,20250701,수원 친환경에너지 개선공사 사후환경영향조사(공사시) 용역,한국지역난방공사,PQ,841975200,840415475,99.81475405,신성+SD,100,718280000,99.7824,N
R25BK00935965-000,20250701,수원 친환경에너지 개선공사 사후환경영향조사(공사시) 용역,한국지역난방공사,PQ,841975200,840415475,99.81475405,유신+한국환경,100,721070000,100.1699,N
R25BK00935965-000,20250701,수원 친환경에너지 개선공사 사후환경영향조사(공사시) 용역,한국지역난방공사,PQ,841975200,840415475,99.81475405,수성+새봄,100,722678000,100.3933,N
R25BK00935965-000,20250701,수원 친환경에너지 개선공사 사후환경영향조사(공사시) 용역,한국지역난방공사,PQ,841975200,840415475,99.81475405,이산+KCI+상평,100,717387000,99.6583,N
R25BK00935965-000,20250701,수원 친환경에너지 개선공사 사후환경영향조사(공사시) 용역,한국지역난방공사,PQ,841975200,840415475,99.81475405,건일+동부+어스에코,99.96,716000000,99.454,N
R25BK00935965-000,20250701,수원 친환경에너지 개선공사 사후환경영향조사(공사시) 용역,한국지역난방공사,PQ,841975200,840415475,99.81475405,대영+영훈,99.92,725280000,100.7312,N
R25BK00935965-000,20250701,수원 친환경에너지 개선공사 사후환경영향조사(공사시) 용역,한국지역난방공사,PQ,841975200,840415475,99.81475405,DS+대종,99.72,716918000,99.5117,N
R25BK00935965-000,20250701,수원 친환경에너지 개선공사 사후환경영향조사(공사시) 용역,한국지역난방공사,PQ,841975200,840415475,99.81475405,화신+제일+CNS,99.72,725335000,100.68,N
R25BK00935965-000,20250701,수원 친환경에너지 개선공사 사후환경영향조사(공사시) 용역,한국지역난방공사,PQ,841975200,840415475,99.81475405,동아+이씨드,99.56,728340000,101.0499,N
R25BK00935965-000,20250701,수원 친환경에너지 개선공사 사후환경영향조사(공사시) 용역,한국지역난방공사,PQ,841975200,840415475,99.81475405,서영+피지+화양환경,99.54,725550000,100.651,N
R25BK00935965-000,20250701,수원 친환경에너지 개선공사 사후환경영향조사(공사시) 용역,한국지역난방공사,PQ,841975200,840415475,99.81475405,홍익+대한환경,99.2,729972000,101.1699,N
R25BK00935965-000,20250701,수원 친환경에너지 개선공사 사후환경영향조사(공사시) 용역,한국지역난방공사,PQ,841975200,840415475,99.81475405,다산+청호종합,99.16,716564000,99.3001,N
R25BK00935965-000,20250701,수원 친환경에너지 개선공사 사후환경영향조사(공사시) 용역,한국지역난방공사,PQ,841975200,840415475,99.81475405,경동+해담+선진환경,99.08,729978000,101.1353,N
R25BK00935965-000,20250701,수원 친환경에너지 개선공사 사후환경영향조사(공사시) 용역,한국지역난방공사,PQ,841975200,840415475,99.81475405,삼영+한맥+청담+우신,99,713900000,98.8847,N
R25BK00936213-000,20250701,산내지구 농어촌생활용수 개발사업 감독권한대행 등 건설사업관리용역,전북특별자치도 정읍시,PQ,3741527000,3741386750,99.99625153,건화+한가람,100,2998400000,100.1793,N
R25BK00936213-000,20250701,산내지구 농어촌생활용수 개발사업 감독권한대행 등 건설사업관리용역,전북특별자치도 정읍시,PQ,3741527000,3741386750,99.99625153,한종+태하,100,2998660000,100.188,N
R25BK00936213-000,20250701,산내지구 농어촌생활용수 개발사업 감독권한대행 등 건설사업관리용역,전북특별자치도 정읍시,PQ,3741527000,3741386750,99.99625153,경동+더한+화신,100,2976249000,99.4392,N
R25BK00936213-000,20250701,산내지구 농어촌생활용수 개발사업 감독권한대행 등 건설사업관리용역,전북특별자치도 정읍시,PQ,3741527000,3741386750,99.99625153,동명+천마+정,100,3006500000,100.4499,N
R25BK00936213-000,20250701,산내지구 농어촌생활용수 개발사업 감독권한대행 등 건설사업관리용역,전북특별자치도 정읍시,PQ,3741527000,3741386750,99.99625153,동성+성원,100,2968492000,99.18,N
R25BK00936213-000,20250701,산내지구 농어촌생활용수 개발사업 감독권한대행 등 건설사업관리용역,전북특별자치도 정읍시,PQ,3741527000,3741386750,99.99625153,대콘+세화,100,3015423000,100.748,N
R25BK00936213-000,20250701,산내지구 농어촌생활용수 개발사업 감독권한대행 등 건설사업관리용역,전북특별자치도 정읍시,PQ,3741527000,3741386750,99.99625153,범한+가온+온길,100,3013985000,100.7,N
R25BK00936213-000,20250701,산내지구 농어촌생활용수 개발사업 감독권한대행 등 건설사업관리용역,전북특별자치도 정읍시,PQ,3741527000,3741386750,99.99625153,서영+삼안+JCN+대도,100,2996100000,100.1024,Y
R25BK00936213-000,20250701,산내지구 농어촌생활용수 개발사업 감독권한대행 등 건설사업관리용역,전북특별자치도 정읍시,PQ,3741527000,3741386750,99.99625153,제일+이산+대진기술,100,2988500000,99.8485,N
R25BK00936213-000,20250701,산내지구 농어촌생활용수 개발사업 감독권한대행 등 건설사업관리용역,전북특별자치도 정읍시,PQ,3741527000,3741386750,99.99625153,도화+국성,100,3019390000,100.8806,N
R25BK00936213-000,20250701,산내지구 농어촌생활용수 개발사업 감독권한대행 등 건설사업관리용역,전북특별자치도 정읍시,PQ,3741527000,3741386750,99.99625153,용마+유신+조화,99.83,2988689000,99.7177,N
R25BK00936213-000,20250701,산내지구 농어촌생활용수 개발사업 감독권한대행 등 건설사업관리용역,전북특별자치도 정읍시,PQ,3741527000,3741386750,99.99625153,신명+아라,98.94,2984000000,98.8578,N
R25BK00935288-001,20250702,랜드마크시티 1호 수변공원(2단계) 조성공사 건설사업관리용역,인천광역시 경제자유구역청,PQ,3714700000,3716445950,100.0470011,한종+도담+KG,99.25,2994576000,100.173,Y
R25BK00935288-001,20250702,랜드마크시티 1호 수변공원(2단계) 조성공사 건설사업관리용역,인천광역시 경제자유구역청,PQ,3714700000,3716445950,100.0470011,동부+성우,98.98,3026056000,101.0001,N
R25BK00935288-001,20250702,랜드마크시티 1호 수변공원(2단계) 조성공사 건설사업관리용역,인천광역시 경제자유구역청,PQ,3714700000,3716445950,100.0470011,유신+정방+한서,98.87,2983578000,99.496,N
R25BK00935288-001,20250702,랜드마크시티 1호 수변공원(2단계) 조성공사 건설사업관리용역,인천광역시 경제자유구역청,PQ,3714700000,3716445950,100.0470011,제일+브니엘,98.5,2983400000,99.2074,N
R25BK00935288-001,20250702,랜드마크시티 1호 수변공원(2단계) 조성공사 건설사업관리용역,인천광역시 경제자유구역청,PQ,3714700000,3716445950,100.0470011,서영+바우+수성,98.37,2983480000,99.0999,N
R25BK00935288-001,20250702,랜드마크시티 1호 수변공원(2단계) 조성공사 건설사업관리용역,인천광역시 경제자유구역청,PQ,3714700000,3716445950,100.0470011,도화+장원+다음,98.35,3022990000,100.3999,N
R25BK00935288-001,20250702,랜드마크시티 1호 수변공원(2단계) 조성공사 건설사업관리용역,인천광역시 경제자유구역청,PQ,3714700000,3716445950,100.0470011,경동+건화+INC+대한,98.2,2976377000,98.7299,N
R25BK00935288-001,20250702,랜드마크시티 1호 수변공원(2단계) 조성공사 건설사업관리용역,인천광역시 경제자유구역청,PQ,3714700000,3716445950,100.0470011,동명+서해+HS,98.17,2973200000,98.6003,N
R25BK00935288-001,20250702,랜드마크시티 1호 수변공원(2단계) 조성공사 건설사업관리용역,인천광역시 경제자유구역청,PQ,3714700000,3716445950,100.0470011,선진+경서,98.08,2973147000,98.5378,N
R25BK00935288-001,20250702,랜드마크시티 1호 수변공원(2단계) 조성공사 건설사업관리용역,인천광역시 경제자유구역청,PQ,3714700000,3716445950,100.0470011,용마+이산+한승+고산,98.08,3071000000,101.7809,N
R25BK00939069-000,20250702,태백지소 지방도 유지보수사업 감독권한대행 등 통합건설사업관리용역,강원특별자치도,PQ,2571800000,2553990350,99.30750253,동명+DM,100,2068627000,100.55,N
R25BK00939069-000,20250702,태백지소 지방도 유지보수사업 감독권한대행 등 통합건설사업관리용역,강원특별자치도,PQ,2571800000,2553990350,99.30750253,도화+삼경,99.96,2055630000,99.8808,N
R25BK00939069-000,20250702,태백지소 지방도 유지보수사업 감독권한대행 등 통합건설사업관리용역,강원특별자치도,PQ,2571800000,2553990350,99.30750253,건화+동서,99.9,2078000000,100.9173,N
R25BK00939069-000,20250702,태백지소 지방도 유지보수사업 감독권한대행 등 통합건설사업관리용역,강원특별자치도,PQ,2571800000,2553990350,99.30750253,수성+고려,99.83,2053000000,99.6534,N
R25BK00939069-000,20250702,태백지소 지방도 유지보수사업 감독권한대행 등 통합건설사업관리용역,강원특별자치도,PQ,2571800000,2553990350,99.30750253,서영+동남,99.7,2050100000,99.401,Y
R25BK00939069-000,20250702,태백지소 지방도 유지보수사업 감독권한대행 등 통합건설사업관리용역,강원특별자치도,PQ,2571800000,2553990350,99.30750253,홍익+서광,99.69,2083000000,100.9961,N
R25BK00939069-000,20250702,태백지소 지방도 유지보수사업 감독권한대행 등 통합건설사업관리용역,강원특별자치도,PQ,2571800000,2553990350,99.30750253,동부+화신+한울,99.63,2040379000,98.8803,N
R25BK00939069-000,20250702,태백지소 지방도 유지보수사업 감독권한대행 등 통합건설사업관리용역,강원특별자치도,PQ,2571800000,2553990350,99.30750253,경원+드림,99.49,2049177700,99.1954,N
R25BK00939069-000,20250702,태백지소 지방도 유지보수사업 감독권한대행 등 통합건설사업관리용역,강원특별자치도,PQ,2571800000,2553990350,99.30750253,이산+정민,99.43,2093300000,101.2808,N
R25BK00939069-000,20250702,태백지소 지방도 유지보수사업 감독권한대행 등 통합건설사업관리용역,강원특별자치도,PQ,2571800000,2553990350,99.30750253,일신+성안,99.41,2050134000,99.18,N
R25BK00939069-000,20250702,태백지소 지방도 유지보수사업 감독권한대행 등 통합건설사업관리용역,강원특별자치도,PQ,2571800000,2553990350,99.30750253,동일+동강,99.36,2047000000,98.9914,N
R25BK00939069-000,20250702,태백지소 지방도 유지보수사업 감독권한대행 등 통합건설사업관리용역,강원특별자치도,PQ,2571800000,2553990350,99.30750253,동해+(주)동해+서강,99.29,2050000000,99.0749,N
R25BK00939069-000,20250702,태백지소 지방도 유지보수사업 감독권한대행 등 통합건설사업관리용역,강원특별자치도,PQ,2571800000,2553990350,99.30750253,극동+세범+현산,99.25,2092629000,101.11,N
R25BK00939069-000,20250702,태백지소 지방도 유지보수사업 감독권한대행 등 통합건설사업관리용역,강원특별자치도,PQ,2571800000,2553990350,99.30750253,신명+화인,99.18,2050000000,98.9888,N
R25BK00939069-000,20250702,태백지소 지방도 유지보수사업 감독권한대행 등 통합건설사업관리용역,강원특별자치도,PQ,2571800000,2553990350,99.30750253,바우+한맥+국일+강일,99.17,2097700000,101.2795,N
R25BK00939069-000,20250702,태백지소 지방도 유지보수사업 감독권한대행 등 통합건설사업관리용역,강원특별자치도,PQ,2571800000,2553990350,99.30750253,다산+영화,99.12,2104087000,101.55,N
R25BK00939069-000,20250702,태백지소 지방도 유지보수사업 감독권한대행 등 통합건설사업관리용역,강원특별자치도,PQ,2571800000,2553990350,99.30750253,대콘+한국,99.12,2099555000,101.3313,N
R25BK00939069-000,20250702,태백지소 지방도 유지보수사업 감독권한대행 등 통합건설사업관리용역,강원특별자치도,PQ,2571800000,2553990350,99.30750253,용마+건우,99.08,2047490000,98.794,N
R25BK00939069-000,20250702,태백지소 지방도 유지보수사업 감독권한대행 등 통합건설사업관리용역,강원특별자치도,PQ,2571800000,2553990350,99.30750253,경호+청솔,98.97,2040680000,98.3799,N
R25BK00939069-000,20250702,태백지소 지방도 유지보수사업 감독권한대행 등 통합건설사업관리용역,강원특별자치도,PQ,2571800000,2553990350,99.30750253,동성+정,98.93,2012800000,96.9998,N
R25BK00939069-000,20250702,태백지소 지방도 유지보수사업 감독권한대행 등 통합건설사업관리용역,강원특별자치도,PQ,2571800000,2553990350,99.30750253,제일+진화공사,98.92,2116800000,101.999,N
R25BK00939069-000,20250702,태백지소 지방도 유지보수사업 감독권한대행 등 통합건설사업관리용역,강원특별자치도,PQ,2571800000,2553990350,99.30750253,삼보+JM,98.91,2113700000,101.8496,N
R25BK00939069-000,20250702,태백지소 지방도 유지보수사업 감독권한대행 등 통합건설사업관리용역,강원특별자치도,PQ,2571800000,2553990350,99.30750253,KSM+오대,98.67,2114790000,101.7005,N
R25BK00939069-000,20250702,태백지소 지방도 유지보수사업 감독권한대행 등 통합건설사업관리용역,강원특별자치도,PQ,2571800000,2553990350,99.30750253,KCI+청호,98.64,2115300000,101.6999,N
R25BK00939069-000,20250702,태백지소 지방도 유지보수사업 감독권한대행 등 통합건설사업관리용역,강원특별자치도,PQ,2571800000,2553990350,99.30750253,신성+바셈+하이콘,98.5,2116000000,101.633,N
R25BK00939069-000,20250702,태백지소 지방도 유지보수사업 감독권한대행 등 통합건설사업관리용역,강원특별자치도,PQ,2571800000,2553990350,99.30750253,삼영+디엠+대성종합,98.28,2123400000,101.7998,N
R25BK00939069-000,20250702,태백지소 지방도 유지보수사업 감독권한대행 등 통합건설사업관리용역,강원특별자치도,PQ,2571800000,2553990350,99.30750253,다음+하람,98.19,2190000000,104.9281,N
R25BK00939069-000,20250702,태백지소 지방도 유지보수사업 감독권한대행 등 통합건설사업관리용역,강원특별자치도,PQ,2571800000,2553990350,99.30750253,청명+정원,94.64,2205599000,102.7877,N
R25BK00939324-000,20250702,지반침하예방’을 위한 30년이상 하수관로 전수조사 및 기본계획 용역(2권역),서울특별시,TP,3309900000,3316354375,100.1950021,동성+제일+태성,96.21,2769926000,101.53,Y
R25BK00939324-000,20250702,지반침하예방’을 위한 30년이상 하수관로 전수조사 및 기본계획 용역(2권역),서울특별시,TP,3309900000,3316354375,100.1950021,삼안+태조+홍익+동일,95.79,2729921000,99.7369,N
R25BK00939324-000,20250702,지반침하예방’을 위한 30년이상 하수관로 전수조사 및 기본계획 용역(2권역),서울특별시,TP,3309900000,3316354375,100.1950021,서현+동해+한종+동명,93.9,2825000000,101.7222,N
R25BK00939324-000,20250702,지반침하예방’을 위한 30년이상 하수관로 전수조사 및 기본계획 용역(2권역),서울특별시,TP,3309900000,3316354375,100.1950021,선진+도화+유신,93.73,2775187000,99.7977,N
R25BK00939324-000,20250702,지반침하예방’을 위한 30년이상 하수관로 전수조사 및 기본계획 용역(2권역),서울특별시,TP,3309900000,3316354375,100.1950021,KG+대콘+건화,92.58,3029370000,107.9999,N
R25BK00939373 - 000,20250702,지반침하예방’을 위한 30년이상 하수관로 전수조사 및 기본계획 용역(3권역),서울특별시,TP,3512000000,3500278750,99.66625142,수성+이산+태조+경호+우리기술,94.89,2925728000,100.038,Y
R25BK00939373 - 000,20250702,지반침하예방’을 위한 30년이상 하수관로 전수조사 및 기본계획 용역(3권역),서울특별시,TP,3512000000,3500278750,99.66625142,한종+서현+동명+동해,94.53,2978000000,101.5448,N
R25BK00939373 - 000,20250702,지반침하예방’을 위한 30년이상 하수관로 전수조사 및 기본계획 용역(3권역),서울특별시,TP,3512000000,3500278750,99.66625142,건화+대콘+KG,92.54,3043900000,102.237,N
R25BK00939373 - 000,20250702,지반침하예방’을 위한 30년이상 하수관로 전수조사 및 기본계획 용역(3권역),서울특별시,TP,3512000000,3500278750,99.66625142,제일+동성+태성,92.42,3048000000,102.2782,N
R25BK00939373 - 000,20250702,지반침하예방’을 위한 30년이상 하수관로 전수조사 및 기본계획 용역(3권역),서울특별시,TP,3512000000,3500278750,99.66625142,유신+삼안+경동+홍익,91.09,3076150000,102.199,N
R25BK00939373 - 000,20250702,지반침하예방’을 위한 30년이상 하수관로 전수조사 및 기본계획 용역(3권역),서울특별시,TP,3512000000,3500278750,99.66625142,도화+선진+경화,90.87,3082000000,102.2264,N
R25BK00939392 - 000,20250702,지반침하예방’을 위한 30년이상 하수관로 전수조사 및 기본계획 용역(4권역),서울특별시,TP,3635000000,3663471175,100.783251,동해+서현+동명+한종,97.63,3031220000,102.3,Y
R25BK00939392 - 000,20250702,지반침하예방’을 위한 30년이상 하수관로 전수조사 및 기본계획 용역(4권역),서울특별시,TP,3635000000,3663471175,100.783251,선진+도화+제일,95.95,2979717000,99.2469,N
R25BK00939392 - 000,20250702,지반침하예방’을 위한 30년이상 하수관로 전수조사 및 기본계획 용역(4권역),서울특별시,TP,3635000000,3663471175,100.783251,삼안+유신+경동+홍익,93.68,3125320000,102.3006,N
R25BK00939392 - 000,20250702,지반침하예방’을 위한 30년이상 하수관로 전수조사 및 기본계획 용역(4권역),서울특별시,TP,3635000000,3663471175,100.783251,이산+수성+태조+우리+경호,92.76,3143000000,102.1621,N
R25BK00939392 - 000,20250702,지반침하예방’을 위한 30년이상 하수관로 전수조사 및 기본계획 용역(4권역),서울특별시,TP,3635000000,3663471175,100.783251,건화+대콘+KG,92.19,3308000000,107.07,N
R25BK00939691-000,20250703,신라문화관광단지 기본구상 및 조성방안 수립 용역,경상북도 경주시,협상,500000000,500000000,100,건화+해동+도화,100,485000000,97,Y
R25BK00938889-000,20250703,엄궁대교 건설공사 건설사업관리용역(개찰 1순위),부산광역시 건설본부,SOQ,8158257000,8169454275,100.1372508,유신+도화+동해+한가람+경성,97.07,6687156000,100.1135,N
R25BK00938889-000,20250703,엄궁대교 건설공사 건설사업관리용역(개찰 1순위),부산광역시 건설본부,SOQ,8158257000,8169454275,100.1372508,동명+건화+삼보+대원+선일,96.52,6880000000,102.5622,Y
R25BK00938889-000,20250703,엄궁대교 건설공사 건설사업관리용역(개찰 1순위),부산광역시 건설본부,SOQ,8158257000,8169454275,100.1372508,수성+KG+삼안+조은,95.19,6683000000,98.6061,N
R25BK00938889-000,20250703,엄궁대교 건설공사 건설사업관리용역(개찰 1순위),부산광역시 건설본부,SOQ,8158257000,8169454275,100.1372508,동성+한종+나우+한진+내경,93.37,7006946000,101.95,N
R25BK00938889-000,20250703,엄궁대교 건설공사 건설사업관리용역(개찰 1순위),부산광역시 건설본부,SOQ,8158257000,8169454275,100.1372508,서영+태조+극동+유화+세일,92.42,7021680000,101.43,N
R25BK00938889-000,20250703,엄궁대교 건설공사 건설사업관리용역(개찰 1순위),부산광역시 건설본부,SOQ,8158257000,8169454275,100.1372508,제일+대콘+용마+지예스+한림,91.25,7260000000,103.9659,N
R25BK00938889-000,20250703,국지도58호선 가덕대교~송정IC 고가도로 건설 감독권한대행 등 건설사업관리용역(개찰 2순위),부산광역시 건설본부,SOQ,6170000000,6197811275,100.45075,건화+동명+삼보+대원+선일,96.24,5089474000,100.1,N
R25BK00938889-000,20250703,국지도58호선 가덕대교~송정IC 고가도로 건설 감독권한대행 등 건설사업관리용역(개찰 2순위),부산광역시 건설본부,SOQ,6170000000,6197811275,100.45075,다산+이산+삼영+거원+한맥,95.73,5171112000,101.3,Y
R25BK00938889-000,20250703,국지도58호선 가덕대교~송정IC 고가도로 건설 감독권한대행 등 건설사업관리용역(개찰 2순위),부산광역시 건설본부,SOQ,6170000000,6197811275,100.45075,유신+도화+경성+한가람+동해,95.24,5190570000,101.3016,N
R25BK00938889-000,20250703,국지도58호선 가덕대교~송정IC 고가도로 건설 감독권한대행 등 건설사업관리용역(개찰 2순위),부산광역시 건설본부,SOQ,6170000000,6197811275,100.45075,수성+삼안+KG+조은+하나,93.82,5283700000,102.0015,N
R25BK00938889-000,20250703,국지도58호선 가덕대교~송정IC 고가도로 건설 감독권한대행 등 건설사업관리용역(개찰 2순위),부산광역시 건설본부,SOQ,6170000000,6197811275,100.45075,서영+태조+세일+극동+유화,93.45,5267560000,101.4,N
R25BK00938889-000,20250703,국지도58호선 가덕대교~송정IC 고가도로 건설 감독권한대행 등 건설사업관리용역(개찰 2순위),부산광역시 건설본부,SOQ,6170000000,6197811275,100.45075,한종+동성+한진+나우+내경,93.35,5286600000,101.6941,N
R25BK00938889-000,20250703,국지도58호선 가덕대교~송정IC 고가도로 건설 감독권한대행 등 건설사업관리용역(개찰 2순위),부산광역시 건설본부,SOQ,6170000000,6197811275,100.45075,신성+경동+동부+HK+대진,92.92,5364000000,102.8412,N
R25BK00938889-000,20250703,국지도58호선 가덕대교~송정IC 고가도로 건설 감독권한대행 등 건설사업관리용역(개찰 2순위),부산광역시 건설본부,SOQ,6170000000,6197811275,100.45075,제일+대콘+용마+한림+지예스,92.46,5555000000,106.139,N
R25BK00940714-001,20250703,광산 자연재해위험개선지구 정비사업 외 1개소 통합건설사업관리용역,경상남도 창녕군,PQ,2089500000,2084187500,99.74575257,경동+KSM,99.39,1681690000,100.1093,N
R25BK00940714-001,20250703,광산 자연재해위험개선지구 정비사업 외 1개소 통합건설사업관리용역,경상남도 창녕군,PQ,2089500000,2084187500,99.74575257,다음+현진+KG,99.37,1678718000,99.92,N
R25BK00940714-001,20250703,광산 자연재해위험개선지구 정비사업 외 1개소 통합건설사업관리용역,경상남도 창녕군,PQ,2089500000,2084187500,99.74575257,대콘+주원+천진,99.33,1687371000,100.41,N
R25BK00940714-001,20250703,광산 자연재해위험개선지구 정비사업 외 1개소 통합건설사업관리용역,경상남도 창녕군,PQ,2089500000,2084187500,99.74575257,도화+한올+우일,99.28,1678270000,99.8188,Y
R25BK00940714-001,20250703,광산 자연재해위험개선지구 정비사업 외 1개소 통합건설사업관리용역,경상남도 창녕군,PQ,2089500000,2084187500,99.74575257,동부+경화+우정,99.27,1676279000,99.7004,N
R25BK00940714-001,20250703,광산 자연재해위험개선지구 정비사업 외 1개소 통합건설사업관리용역,경상남도 창녕군,PQ,2089500000,2084187500,99.74575257,한종+로텍,99.24,1683150000,100.0842,N
R25BK00940714-001,20250703,광산 자연재해위험개선지구 정비사업 외 1개소 통합건설사업관리용역,경상남도 창녕군,PQ,2089500000,2084187500,99.74575257,경원+경남+청명,99.12,1669100000,99.1502,N
R25BK00940714-001,20250703,광산 자연재해위험개선지구 정비사업 외 1개소 통합건설사업관리용역,경상남도 창녕군,PQ,2089500000,2084187500,99.74575257,동진+수성,99.08,1668501000,99.09,N
R25BK00940714-001,20250703,광산 자연재해위험개선지구 정비사업 외 1개소 통합건설사업관리용역,경상남도 창녕군,PQ,2089500000,2084187500,99.74575257,유신+서화,99.06,1671790000,99.2607,N
R25BK00940714-001,20250703,광산 자연재해위험개선지구 정비사업 외 1개소 통합건설사업관리용역,경상남도 창녕군,PQ,2089500000,2084187500,99.74575257,동성+금성,99.05,1670433000,99.1801,N
R25BK00940714-001,20250703,광산 자연재해위험개선지구 정비사업 외 1개소 통합건설사업관리용역,경상남도 창녕군,PQ,2089500000,2084187500,99.74575257,삼안+이솔,99.02,1668700000,99.0527,N
R25BK00940714-001,20250703,광산 자연재해위험개선지구 정비사업 외 1개소 통합건설사업관리용역,경상남도 창녕군,PQ,2089500000,2084187500,99.74575257,이산+HEC,99.01,1663360000,98.7234,N
R25BK00940714-001,20250703,광산 자연재해위험개선지구 정비사업 외 1개소 통합건설사업관리용역,경상남도 창녕군,PQ,2089500000,2084187500,99.74575257,건일+유진+바우,99.01,1676000000,99.4736,N
R25BK00940714-001,20250703,광산 자연재해위험개선지구 정비사업 외 1개소 통합건설사업관리용역,경상남도 창녕군,PQ,2089500000,2084187500,99.74575257,다산+신화+범한,99,1697505000,100.75,N
R25BK00940714-001,20250703,광산 자연재해위험개선지구 정비사업 외 1개소 통합건설사업관리용역,경상남도 창녕군,PQ,2089500000,2084187500,99.74575257,서영+우리이엔지,98.99,1670760000,99.1503,N
R25BK00940714-001,20250703,광산 자연재해위험개선지구 정비사업 외 1개소 통합건설사업관리용역,경상남도 창녕군,PQ,2089500000,2084187500,99.74575257,건화+한성,98.98,1710500000,101.4961,N
R25BK00940714-001,20250703,광산 자연재해위험개선지구 정비사업 외 1개소 통합건설사업관리용역,경상남도 창녕군,PQ,2089500000,2084187500,99.74575257,동일+동영,98.97,1703800000,101.0986,N
R25BK00940714-001,20250703,광산 자연재해위험개선지구 정비사업 외 1개소 통합건설사업관리용역,경상남도 창녕군,PQ,2089500000,2084187500,99.74575257,동명+한가람,98.96,1671000000,99.14,N
R25BK00940714-001,20250703,광산 자연재해위험개선지구 정비사업 외 1개소 통합건설사업관리용역,경상남도 창녕군,PQ,2089500000,2084187500,99.74575257,동해+해진,98.95,1709980000,101.4401,N
R25BK00940714-001,20250703,광산 자연재해위험개선지구 정비사업 외 1개소 통합건설사업관리용역,경상남도 창녕군,PQ,2089500000,2084187500,99.74575257,제일+하나이엔씨,98.94,1714000000,101.6786,N
R25BK00940714-001,20250703,광산 자연재해위험개선지구 정비사업 외 1개소 통합건설사업관리용역,경상남도 창녕군,PQ,2089500000,2084187500,99.74575257,KCI+경상,98.9,1665840000,98.7849,N
R25BK00940714-001,20250703,광산 자연재해위험개선지구 정비사업 외 1개소 통합건설사업관리용역,경상남도 창녕군,PQ,2089500000,2084187500,99.74575257,홍익+하우+태일,98.77,1730200000,102.4998,N
R25BK00940714-001,20250703,광산 자연재해위험개선지구 정비사업 외 1개소 통합건설사업관리용역,경상남도 창녕군,PQ,2089500000,2084187500,99.74575257,선진+우진,98.76,1663387000,98.5295,N
2502250-00,20250703,용인이동 공공주택지구 재해영향평가 용역,한국토지주택공사,PQ,554730000,556735000,100.3614371,서영+유현,95.9,486100000,101.275,Y
2502250-00,20250703,용인이동 공공주택지구 재해영향평가 용역,한국토지주택공사,PQ,554730000,556735000,100.3614371,도화+현산,95.46,480045000,99.8865,N
2502250-00,20250703,용인이동 공공주택지구 재해영향평가 용역,한국토지주택공사,PQ,554730000,556735000,100.3614371,경동,91.1,479999000,98.636,N
2502250-00,20250703,용인이동 공공주택지구 재해영향평가 용역,한국토지주택공사,PQ,554730000,556735000,100.3614371,건화,89.9,498000000,101.9863,N
2502273 - 00,20250703,수원당수2 지구외 환승시설 조사설계용역,한국토지주택공사,PQ,1215794000,1205925000,99.18826709,한종+부광기술,99.81,979990000,100.599,N
2502273 - 00,20250703,수원당수2 지구외 환승시설 조사설계용역,한국토지주택공사,PQ,1215794000,1205925000,99.18826709,KG+더그린,99.8,976050000,100.1695,N
2502273 - 00,20250703,수원당수2 지구외 환승시설 조사설계용역,한국토지주택공사,PQ,1215794000,1205925000,99.18826709,유신+현산+반석,99.76,974763000,100,N
2502273 - 00,20250703,수원당수2 지구외 환승시설 조사설계용역,한국토지주택공사,PQ,1215794000,1205925000,99.18826709,동부+동명+DM,99.57,971366000,99.4902,Y
2502273 - 00,20250703,수원당수2 지구외 환승시설 조사설계용역,한국토지주택공사,PQ,1215794000,1205925000,99.18826709,건화+태조+장강,99.46,988000000,101.1058,N
2502273 - 00,20250703,수원당수2 지구외 환승시설 조사설계용역,한국토지주택공사,PQ,1215794000,1205925000,99.18826709,선진+신성+상금,99.19,984387000,100.486,N
2502273 - 00,20250703,수원당수2 지구외 환승시설 조사설계용역,한국토지주택공사,PQ,1215794000,1205925000,99.18826709,경동+경진+동국,99.14,970748000,99.0691,N
2502273 - 00,20250703,수원당수2 지구외 환승시설 조사설계용역,한국토지주택공사,PQ,1215794000,1205925000,99.18826709,도화+다경이엔씨,99.03,994884000,101.4191,N
2502273 - 00,20250703,수원당수2 지구외 환승시설 조사설계용역,한국토지주택공사,PQ,1215794000,1205925000,99.18826709,경호+일신+케이탑,99,971190000,98.9792,N
2502273 - 00,20250703,수원당수2 지구외 환승시설 조사설계용역,한국토지주택공사,PQ,1215794000,1205925000,99.18826709,삼안+경원+정민,99,992970000,101.1989,N
2502273 - 00,20250703,수원당수2 지구외 환승시설 조사설계용역,한국토지주택공사,PQ,1215794000,1205925000,99.18826709,제일+이룸,98.93,995900000,101.4472,N
2502273 - 00,20250703,수원당수2 지구외 환승시설 조사설계용역,한국토지주택공사,PQ,1215794000,1205925000,99.18826709,서영+도건,98.83,997400000,101.4994,N
R25BK00941126-000,20250703,"일로읍 하수처리장 증설, 마을하수도,하수관로 정비사업 통합건설사업관리용역",전라남도 무안군 상하수도사업소,PQ,3650000000,3666123875,100.44175,도화+해림,99.86,2916906000,99.788,N
R25BK00941126-000,20250703,"일로읍 하수처리장 증설, 마을하수도,하수관로 정비사업 통합건설사업관리용역",전라남도 무안군 상하수도사업소,PQ,3650000000,3666123875,100.44175,이산+장강,99.53,2938960000,100.267,N
R25BK00941126-000,20250703,"일로읍 하수처리장 증설, 마을하수도,하수관로 정비사업 통합건설사업관리용역",전라남도 무안군 상하수도사업소,PQ,3650000000,3666123875,100.44175,제일+영진,99.5,2957000000,100.8699,Y
R25BK00941126-000,20250703,"일로읍 하수처리장 증설, 마을하수도,하수관로 정비사업 통합건설사업관리용역",전라남도 무안군 상하수도사업소,PQ,3650000000,3666123875,100.44175,동명+건주+동아,99.02,2987000000,101.5015,N
R25BK00941126-000,20250703,"일로읍 하수처리장 증설, 마을하수도,하수관로 정비사업 통합건설사업관리용역",전라남도 무안군 상하수도사업소,PQ,3650000000,3666123875,100.44175,건화+SJ,98.88,2916000000,98.9784,N
R25BK00941126-000,20250703,"일로읍 하수처리장 증설, 마을하수도,하수관로 정비사업 통합건설사업관리용역",전라남도 무안군 상하수도사업소,PQ,3650000000,3666123875,100.44175,삼안+유성건설,98.8,2984410000,101.2377,N
R25BK00941126-000,20250703,"일로읍 하수처리장 증설, 마을하수도,하수관로 정비사업 통합건설사업관리용역",전라남도 무안군 상하수도사업소,PQ,3650000000,3666123875,100.44175,동성+원우,98.8,2909599000,98.7,N
R25BK00941126-000,20250703,"일로읍 하수처리장 증설, 마을하수도,하수관로 정비사업 통합건설사업관리용역",전라남도 무안군 상하수도사업소,PQ,3650000000,3666123875,100.44175,KSM+KG+산하,98.74,2913900000,98.797,N
R25BK00941126-000,20250703,"일로읍 하수처리장 증설, 마을하수도,하수관로 정비사업 통합건설사업관리용역",전라남도 무안군 상하수도사업소,PQ,3650000000,3666123875,100.44175,서영+건영,98.7,2987400000,101.2514,N
R25BK00941126-000,20250703,"일로읍 하수처리장 증설, 마을하수도,하수관로 정비사업 통합건설사업관리용역",전라남도 무안군 상하수도사업소,PQ,3650000000,3666123875,100.44175,다산+신오,98.7,2920500000,98.984,N
R25BK00941126-000,20250703,"일로읍 하수처리장 증설, 마을하수도,하수관로 정비사업 통합건설사업관리용역",전라남도 무안군 상하수도사업소,PQ,3650000000,3666123875,100.44175,동부+대현,98.67,2909302000,98.5801,N
R25BK00941126-000,20250703,"일로읍 하수처리장 증설, 마을하수도,하수관로 정비사업 통합건설사업관리용역",전라남도 무안군 상하수도사업소,PQ,3650000000,3666123875,100.44175,동일+진성,98.61,2996000000,101.4801,N
R25BK00941126-000,20250703,"일로읍 하수처리장 증설, 마을하수도,하수관로 정비사업 통합건설사업관리용역",전라남도 무안군 상하수도사업소,PQ,3650000000,3666123875,100.44175,수성+우영+만승,98.6,3005900000,101.8029,N
R25BK00941126-000,20250703,"일로읍 하수처리장 증설, 마을하수도,하수관로 정비사업 통합건설사업관리용역",전라남도 무안군 상하수도사업소,PQ,3650000000,3666123875,100.44175,한기+유신,98.57,2994640000,101.3964,N
R25BK00941126-000,20250703,"일로읍 하수처리장 증설, 마을하수도,하수관로 정비사업 통합건설사업관리용역",전라남도 무안군 상하수도사업소,PQ,3650000000,3666123875,100.44175,KCI+유현,98.55,2906000000,98.383,N
R25BK00941126-000,20250703,"일로읍 하수처리장 증설, 마을하수도,하수관로 정비사업 통합건설사업관리용역",전라남도 무안군 상하수도사업소,PQ,3650000000,3666123875,100.44175,대콘+율산,98.54,2999099000,101.5223,N
R25BK00941126-000,20250703,"일로읍 하수처리장 증설, 마을하수도,하수관로 정비사업 통합건설사업관리용역",전라남도 무안군 상하수도사업소,PQ,3650000000,3666123875,100.44175,홍익+하나,98.48,2907700000,98.3798,N
R25BK00941126-000,20250703,"일로읍 하수처리장 증설, 마을하수도,하수관로 정비사업 통합건설사업관리용역",전라남도 무안군 상하수도사업소,PQ,3650000000,3666123875,100.44175,경동+대명,98.43,2909958000,98.4197,N
R25BK00941126-000,20250703,"일로읍 하수처리장 증설, 마을하수도,하수관로 정비사업 통합건설사업관리용역",전라남도 무안군 상하수도사업소,PQ,3650000000,3666123875,100.44175,선진+하이콘,98.39,3006944000,101.6623,N
R25BK00941126-000,20250703,"일로읍 하수처리장 증설, 마을하수도,하수관로 정비사업 통합건설사업관리용역",전라남도 무안군 상하수도사업소,PQ,3650000000,3666123875,100.44175,경원+서진,98.35,2905700000,98.2151,N
R25BK00941126-000,20250703,"일로읍 하수처리장 증설, 마을하수도,하수관로 정비사업 통합건설사업관리용역",전라남도 무안군 상하수도사업소,PQ,3650000000,3666123875,100.44175,한종+우리종합,98.33,3003300000,101.5015,N
R25BK00941126-000,20250703,"일로읍 하수처리장 증설, 마을하수도,하수관로 정비사업 통합건설사업관리용역",전라남도 무안군 상하수도사업소,PQ,3650000000,3666123875,100.44175,건일+강부+강남,98.27,2997000000,101.2386,N
R25BK00941126-000,20250703,"일로읍 하수처리장 증설, 마을하수도,하수관로 정비사업 통합건설사업관리용역",전라남도 무안군 상하수도사업소,PQ,3650000000,3666123875,100.44175,동해+지아이,97.5,3025240000,101.5789,N
R25BK00941126-000,20250703,"일로읍 하수처리장 증설, 마을하수도,하수관로 정비사업 통합건설사업관리용역",전라남도 무안군 상하수도사업소,PQ,3650000000,3666123875,100.44175,다음+청양,97.33,3033795000,101.729,N
R25BK00941126-000,20250703,"일로읍 하수처리장 증설, 마을하수도,하수관로 정비사업 통합건설사업관리용역",전라남도 무안군 상하수도사업소,PQ,3650000000,3666123875,100.44175,범한+신명,97.32,3300000000,110.6418,N
R25BK00940821-000,20250703,성동 개척지구 급경사지 붕괴위험지역 정비사업 기본 및 실시설계 용역,충청남도 논산시,PQ,1133423000,1142680275,100.8167538,동명+윤창,98.62,918450000,100.1833,N
R25BK00940821-000,20250703,성동 개척지구 급경사지 붕괴위험지역 정비사업 기본 및 실시설계 용역,충청남도 논산시,PQ,1133423000,1142680275,100.8167538,삼안+SR,98.34,924000000,100.5649,N
R25BK00940821-000,20250703,성동 개척지구 급경사지 붕괴위험지역 정비사업 기본 및 실시설계 용역,충청남도 논산시,PQ,1133423000,1142680275,100.8167538,동진+계림+삼경,98.3,923879000,100.527,N
R25BK00940821-000,20250703,성동 개척지구 급경사지 붕괴위험지역 정비사업 기본 및 실시설계 용역,충청남도 논산시,PQ,1133423000,1142680275,100.8167538,KSM+SH+진화,98.3,914440000,99.4999,N
R25BK00940821-000,20250703,성동 개척지구 급경사지 붕괴위험지역 정비사업 기본 및 실시설계 용역,충청남도 논산시,PQ,1133423000,1142680275,100.8167538,한기+장맥,98.3,915680000,99.6348,N
R25BK00940821-000,20250703,성동 개척지구 급경사지 붕괴위험지역 정비사업 기본 및 실시설계 용역,충청남도 논산시,PQ,1133423000,1142680275,100.8167538,동부,98.3,926299000,100.7903,N
R25BK00940821-000,20250703,성동 개척지구 급경사지 붕괴위험지역 정비사업 기본 및 실시설계 용역,충청남도 논산시,PQ,1133423000,1142680275,100.8167538,도화+한맥,98.3,914140000,99.4673,N
R25BK00940821-000,20250703,성동 개척지구 급경사지 붕괴위험지역 정비사업 기본 및 실시설계 용역,충청남도 논산시,PQ,1133423000,1142680275,100.8167538,수성+동국,98.3,920337999,100.1417,N
R25BK00940821-000,20250703,성동 개척지구 급경사지 붕괴위험지역 정비사업 기본 및 실시설계 용역,충청남도 논산시,PQ,1133423000,1142680275,100.8167538,경동,98.3,912878000,99.3299,N
R25BK00940821-000,20250703,성동 개척지구 급경사지 붕괴위험지역 정비사업 기본 및 실시설계 용역,충청남도 논산시,PQ,1133423000,1142680275,100.8167538,유신,98.3,917198000,99.8,N
R25BK00940821-000,20250703,성동 개척지구 급경사지 붕괴위험지역 정비사업 기본 및 실시설계 용역,충청남도 논산시,PQ,1133423000,1142680275,100.8167538,서영+KD,98.3,922250000,100.3497,N
R25BK00940821-000,20250703,성동 개척지구 급경사지 붕괴위험지역 정비사업 기본 및 실시설계 용역,충청남도 논산시,PQ,1133423000,1142680275,100.8167538,극동+기산,98.3,913337000,99.3799,N
R25BK00940821-000,20250703,성동 개척지구 급경사지 붕괴위험지역 정비사업 기본 및 실시설계 용역,충청남도 논산시,PQ,1133423000,1142680275,100.8167538,이산+송현,98.3,923390000,100.4738,N
R25BK00940821-000,20250703,성동 개척지구 급경사지 붕괴위험지역 정비사업 기본 및 실시설계 용역,충청남도 논산시,PQ,1133423000,1142680275,100.8167538,건화+삼육(화우),98.24,926800000,100.7951,N
R25BK00940821-000,20250703,성동 개척지구 급경사지 붕괴위험지역 정비사업 기본 및 실시설계 용역,충청남도 논산시,PQ,1133423000,1142680275,100.8167538,정+이룸,98.24,914223000,99.4272,N
R25BK00940821-000,20250703,성동 개척지구 급경사지 붕괴위험지역 정비사업 기본 및 실시설계 용역,충청남도 논산시,PQ,1133423000,1142680275,100.8167538,다산+경인+조화,98.24,911674000,99.15,N
R25BK00940821-000,20250703,성동 개척지구 급경사지 붕괴위험지역 정비사업 기본 및 실시설계 용역,충청남도 논산시,PQ,1133423000,1142680275,100.8167538,한종+천마,98.24,928900000,101.0235,Y
R25BK00940821-000,20250703,성동 개척지구 급경사지 붕괴위험지역 정비사업 기본 및 실시설계 용역,충청남도 논산시,PQ,1133423000,1142680275,100.8167538,KCI+예당,98.24,930336000,101.1796,N
R25BK00940821-000,20250703,성동 개척지구 급경사지 붕괴위험지역 정비사업 기본 및 실시설계 용역,충청남도 논산시,PQ,1133423000,1142680275,100.8167538,KG+정안,98.17,910390000,98.9494,N
R25BK00940821-000,20250703,성동 개척지구 급경사지 붕괴위험지역 정비사업 기본 및 실시설계 용역,충청남도 논산시,PQ,1133423000,1142680275,100.8167538,드림,98.1,913523000,99.241,N
R25BK00940821-000,20250703,성동 개척지구 급경사지 붕괴위험지역 정비사업 기본 및 실시설계 용역,충청남도 논산시,PQ,1133423000,1142680275,100.8167538,새론+화신,97.94,939998000,101.9916,N
R25BK00940821-000,20250703,성동 개척지구 급경사지 붕괴위험지역 정비사업 기본 및 실시설계 용역,충청남도 논산시,PQ,1133423000,1142680275,100.8167538,선진,95.5,960927000,102.2998,N
R25BK00939905-000,20250703,2025년~2026년 용인도시계획도로 개설 통합건설사업관리용역,경기도 용인시,PQ,1593735000,1598795150,100.3175026,한종+우수,100,1278880000,100.3115,N
R25BK00939905-000,20250703,2025년~2026년 용인도시계획도로 개설 통합건설사업관리용역,경기도 용인시,PQ,1593735000,1598795150,100.3175026,도화+삼안,100,1277880000,100.2331,N
R25BK00939905-000,20250703,2025년~2026년 용인도시계획도로 개설 통합건설사업관리용역,경기도 용인시,PQ,1593735000,1598795150,100.3175026,이산+다음,100,1277360000,100.1923,N
R25BK00939905-000,20250703,2025년~2026년 용인도시계획도로 개설 통합건설사업관리용역,경기도 용인시,PQ,1593735000,1598795150,100.3175026,동명+화인,100,1270829000,99.68,N
R25BK00939905-000,20250703,2025년~2026년 용인도시계획도로 개설 통합건설사업관리용역,경기도 용인시,PQ,1593735000,1598795150,100.3175026,KSM+효광,100,1272400000,99.8033,N
R25BK00939905-000,20250703,2025년~2026년 용인도시계획도로 개설 통합건설사업관리용역,경기도 용인시,PQ,1593735000,1598795150,100.3175026,건일+본현,100,1273000000,99.8503,N
R25BK00939905-000,20250703,2025년~2026년 용인도시계획도로 개설 통합건설사업관리용역,경기도 용인시,PQ,1593735000,1598795150,100.3175026,경호+유한+건하,100,1285400000,100.8229,N
R25BK00939905-000,20250703,2025년~2026년 용인도시계획도로 개설 통합건설사업관리용역,경기도 용인시,PQ,1593735000,1598795150,100.3175026,다산+영우,100,1276311000,100.11,N
R25BK00939905-000,20250703,2025년~2026년 용인도시계획도로 개설 통합건설사업관리용역,경기도 용인시,PQ,1593735000,1598795150,100.3175026,신성+효산,100,1272000000,99.7719,N
R25BK00939905-000,20250703,2025년~2026년 용인도시계획도로 개설 통합건설사업관리용역,경기도 용인시,PQ,1593735000,1598795150,100.3175026,내경+동진,100,1272800000,99.8346,N
R25BK00939905-000,20250703,2025년~2026년 용인도시계획도로 개설 통합건설사업관리용역,경기도 용인시,PQ,1593735000,1598795150,100.3175026,동부+하람+한올,100,1285746000,100.8501,N
R25BK00939905-000,20250703,2025년~2026년 용인도시계획도로 개설 통합건설사업관리용역,경기도 용인시,PQ,1593735000,1598795150,100.3175026,KCI+TSK,100,1272920000,99.844,N
R25BK00939905-000,20250703,2025년~2026년 용인도시계획도로 개설 통합건설사업관리용역,경기도 용인시,PQ,1593735000,1598795150,100.3175026,동일+한세,100,1263300000,99.0895,N
R25BK00939905-000,20250703,2025년~2026년 용인도시계획도로 개설 통합건설사업관리용역,경기도 용인시,PQ,1593735000,1598795150,100.3175026,유신+설화,100,1272397000,99.803,N
R25BK00939905-000,20250703,2025년~2026년 용인도시계획도로 개설 통합건설사업관리용역,경기도 용인시,PQ,1593735000,1598795150,100.3175026,한맥+다경,100,1269780000,99.5978,N
R25BK00939905-000,20250703,2025년~2026년 용인도시계획도로 개설 통합건설사업관리용역,경기도 용인시,PQ,1593735000,1598795150,100.3175026,DS+동성,100,1293900000,101.4897,N
R25BK00939905-000,20250703,2025년~2026년 용인도시계획도로 개설 통합건설사업관리용역,경기도 용인시,PQ,1593735000,1598795150,100.3175026,경동+세종,100,1268954000,99.533,N
R25BK00939905-000,20250703,2025년~2026년 용인도시계획도로 개설 통합건설사업관리용역,경기도 용인시,PQ,1593735000,1598795150,100.3175026,삼보+선진+HEC,100,1270800000,99.6778,N
R25BK00939905-000,20250703,2025년~2026년 용인도시계획도로 개설 통합건설사업관리용역,경기도 용인시,PQ,1593735000,1598795150,100.3175026,디엠+태조+대성,100,1279590000,100.3672,Y
R25BK00939905-000,20250703,2025년~2026년 용인도시계획도로 개설 통합건설사업관리용역,경기도 용인시,PQ,1593735000,1598795150,100.3175026,용마+대콘,100,1270580000,99.6605,N
R25BK00939905-000,20250703,2025년~2026년 용인도시계획도로 개설 통합건설사업관리용역,경기도 용인시,PQ,1593735000,1598795150,100.3175026,서영+바우,100,1276190000,100.1005,N
R25BK00939905-000,20250703,2025년~2026년 용인도시계획도로 개설 통합건설사업관리용역,경기도 용인시,PQ,1593735000,1598795150,100.3175026,화신+도건,100,1273500000,99.8895,N
R25BK00939905-000,20250703,2025년~2026년 용인도시계획도로 개설 통합건설사업관리용역,경기도 용인시,PQ,1593735000,1598795150,100.3175026,하이콘+세일,100,1281000000,100.4778,N
R25BK00939905-000,20250703,2025년~2026년 용인도시계획도로 개설 통합건설사업관리용역,경기도 용인시,PQ,1593735000,1598795150,100.3175026,동해+(주)한종,100,1263940000,99.1397,N
R25BK00939905-000,20250703,2025년~2026년 용인도시계획도로 개설 통합건설사업관리용역,경기도 용인시,PQ,1593735000,1598795150,100.3175026,신명+대성E,100,1264000000,99.1444,N
R25BK00939905-000,20250703,2025년~2026년 용인도시계획도로 개설 통합건설사업관리용역,경기도 용인시,PQ,1593735000,1598795150,100.3175026,홍익+케이아트,99.81,1298690000,101.7001,N
R25BK00939905-000,20250703,2025년~2026년 용인도시계획도로 개설 통합건설사업관리용역,경기도 용인시,PQ,1593735000,1598795150,100.3175026,KC+제일,99.65,1293900000,101.1987,N
R25BK00939905-000,20250703,2025년~2026년 용인도시계획도로 개설 통합건설사업관리용역,경기도 용인시,PQ,1593735000,1598795150,100.3175026,건화+청명,99.13,1313300000,102.2952,N
R25BK00939905-000,20250703,2025년~2026년 용인도시계획도로 개설 통합건설사업관리용역,경기도 용인시,PQ,1593735000,1598795150,100.3175026,경원+(주)테크피아,99.04,1269000000,98.771,N
R25BK00940242-000,20250703,새만금 지역간 연결도로 3공구 건설사업관리(시공단계) 용역,새만금개발청,SOQ,4592000000,4553553525,99.16275098,도화+인우+제일,98.89,3767140000,101.6001,N
R25BK00940242-000,20250703,새만금 지역간 연결도로 3공구 건설사업관리(시공단계) 용역,새만금개발청,SOQ,4592000000,4553553525,99.16275098,건화+새움+용마,97.64,3721700000,99.329,Y
R25BK00940242-000,20250703,새만금 지역간 연결도로 3공구 건설사업관리(시공단계) 용역,새만금개발청,SOQ,4592000000,4553553525,99.16275098,수성+성광+대성기술,96.14,3873300000,102.0987,N
R25BK00940242-000,20250703,새만금 지역간 연결도로 3공구 건설사업관리(시공단계) 용역,새만금개발청,SOQ,4592000000,4553553525,99.16275098,KCI+태하,95.49,3876000000,101.6164,N
202506645,20250704,고속국도 제50호 영동선 동백나들목 등 4개소 소규모 환경영향평가 용역,한국도로공사,PQ,562317338,561139284,99.79050015,한종+한국환경,98.58,485200000,100.5018,N
202506645,20250704,고속국도 제50호 영동선 동백나들목 등 4개소 소규모 환경영향평가 용역,한국도로공사,PQ,562317338,561139284,99.79050015,유신+경화+피지,98.33,482632000,99.9,Y
202506645,20250704,고속국도 제50호 영동선 동백나들목 등 4개소 소규모 환경영향평가 용역,한국도로공사,PQ,562317338,561139284,99.79050015,다산+서영+소운,98.13,483638000,100.05,N
202506645,20250704,고속국도 제50호 영동선 동백나들목 등 4개소 소규모 환경영향평가 용역,한국도로공사,PQ,562317338,561139284,99.79050015,KCI+건화+가온,98.12,482800000,99.8767,N
202506645,20250704,고속국도 제50호 영동선 동백나들목 등 4개소 소규모 환경영향평가 용역,한국도로공사,PQ,562317338,561139284,99.79050015,건일+경호+강호+대종,98.09,481800000,99.6582,N
202506645,20250704,고속국도 제50호 영동선 동백나들목 등 4개소 소규모 환경영향평가 용역,한국도로공사,PQ,562317338,561139284,99.79050015,동성+에이티,97.91,481600000,99.5705,N
202506645,20250704,고속국도 제50호 영동선 동백나들목 등 4개소 소규모 환경영향평가 용역,한국도로공사,PQ,562317338,561139284,99.79050015,동일+신성+선진,97.9,488800000,101.0474,N
202506645,20250704,고속국도 제50호 영동선 동백나들목 등 4개소 소규모 환경영향평가 용역,한국도로공사,PQ,562317338,561139284,99.79050015,홍익+도화+대한환경,97.23,492380000,101.5985,N
202506645,20250704,고속국도 제50호 영동선 동백나들목 등 4개소 소규모 환경영향평가 용역,한국도로공사,PQ,562317338,561139284,99.79050015,한맥+동해+엔탑,96.46,481880000,99.2017,N
202506645,20250704,부산신항-김해 고속도로 건설사업 사후환경영향조사 용역,한국도로공사,PQ,3116674602,3140376913,100.7605,도화+대콘+신일환경+극동,99.04,2531650000,100.6994,N
202506645,20250704,부산신항-김해 고속도로 건설사업 사후환경영향조사 용역,한국도로공사,PQ,3116674602,3140376913,100.7605,서영+다산+빈텍,98.87,2513800000,99.8409,N
202506645,20250704,부산신항-김해 고속도로 건설사업 사후환경영향조사 용역,한국도로공사,PQ,3116674602,3140376913,100.7605,동일+수성+다원,98.39,2558200000,101.1785,Y
202506645,20250704,부산신항-김해 고속도로 건설사업 사후환경영향조사 용역,한국도로공사,PQ,3116674602,3140376913,100.7605,동명+동아+경동+이씨드,98.39,2515700000,99.4976,N
202506645,20250704,부산신항-김해 고속도로 건설사업 사후환경영향조사 용역,한국도로공사,PQ,3116674602,3140376913,100.7605,KCI+건화+이산(한국생태),97.94,2511000000,98.9337,N
202506645,20250704,부산신항-김해 고속도로 건설사업 사후환경영향조사 용역,한국도로공사,PQ,3116674602,3140376913,100.7605,경호+한종+건일+KEE,97.91,2573880000,101.3863,N
202506645,20250704,부산신항-김해 고속도로 건설사업 사후환경영향조사 용역,한국도로공사,PQ,3116674602,3140376913,100.7605,동성+삼안+동부+마린,97.91,2572000000,101.3122,N
202506645,20250704,부산신항-김해 고속도로 건설사업 사후환경영향조사 용역,한국도로공사,PQ,3116674602,3140376913,100.7605,신성+선진+KG,97.8,2512880000,98.8863,N
202506645,20250704,부산신항-김해 고속도로 건설사업 사후환경영향조사 용역,한국도로공사,PQ,3116674602,3140376913,100.7605,유신+대현,97.69,2581700000,101.4949,N
202506645,20250704,부산신항-김해 고속도로 건설사업 사후환경영향조사 용역,한국도로공사,PQ,3116674602,3140376913,100.7605,홍익+소운,97.47,2583770000,101.39,N
202506645,20250704,부산신항-김해 고속도로 건설사업 사후환경영향조사 용역,한국도로공사,PQ,3116674602,3140376913,100.7605,한맥+동해+경화,97.38,2588700000,101.5089,N
R25BK00942973-001,20250704,안양 인덕원 주변 도시개발사업 부지조성공사 감독권한대행 등 건설사업관리용역,경기주택도시공사 ,SOQ,4231700000,4219470425,99.7110009,동명+건화+KG+KSM,98.79,3540000000,103.5646,Y
R25BK00942973-001,20250704,안양 인덕원 주변 도시개발사업 부지조성공사 감독권한대행 등 건설사업관리용역,경기주택도시공사 ,SOQ,4231700000,4219470425,99.7110009,다산+삼안+도화+KCI,97.71,3429322000,99.4769,N
R25BK00942973-001,20250704,안양 인덕원 주변 도시개발사업 부지조성공사 감독권한대행 등 건설사업관리용역,경기주택도시공사 ,SOQ,4231700000,4219470425,99.7110009,이산+태조+디엠,93.66,3660000000,102.897,N
R25BK00943913-000,20250707,영천시 공공하수처리시설 개선사업 기본 및 실시설계 용역,경상북도 영천시 환경사업소,PQ,855764000,861253800,100.6415086,세원+한주,99.5,734747000,100.2962,N
R25BK00943913-000,20250707,영천시 공공하수처리시설 개선사업 기본 및 실시설계 용역,경상북도 영천시 환경사업소,PQ,855764000,861253800,100.6415086,국성+청명,99.4,736576800,100.5108,N
R25BK00943913-000,20250707,영천시 공공하수처리시설 개선사업 기본 및 실시설계 용역,경상북도 영천시 환경사업소,PQ,855764000,861253800,100.6415086,화신+다산+용마,99.39,735400000,100.3502,N
R25BK00943913-000,20250707,영천시 공공하수처리시설 개선사업 기본 및 실시설계 용역,경상북도 영천시 환경사업소,PQ,855764000,861253800,100.6415086,삼안+한도,99.37,730400000,99.6679,N
R25BK00943913-000,20250707,영천시 공공하수처리시설 개선사업 기본 및 실시설계 용역,경상북도 영천시 환경사업소,PQ,855764000,861253800,100.6415086,경호+KCI,99.34,726890000,99.1774,N
R25BK00943913-000,20250707,영천시 공공하수처리시설 개선사업 기본 및 실시설계 용역,경상북도 영천시 환경사업소,PQ,855764000,861253800,100.6415086,건화+명성(테크피아),99.33,739900000,100.9525,N
R25BK00943913-000,20250707,영천시 공공하수처리시설 개선사업 기본 및 실시설계 용역,경상북도 영천시 환경사업소,PQ,855764000,861253800,100.6415086,도화+해인건축,99.3,731130000,99.7443,N
R25BK00943913-000,20250707,영천시 공공하수처리시설 개선사업 기본 및 실시설계 용역,경상북도 영천시 환경사업소,PQ,855764000,861253800,100.6415086,동명+극동,99.3,738200000,100.7088,Y
R25BK00943913-000,20250707,영천시 공공하수처리시설 개선사업 기본 및 실시설계 용역,경상북도 영천시 환경사업소,PQ,855764000,861253800,100.6415086,HEC+동성,99.3,733000000,99.9994,N
R25BK00943913-000,20250707,영천시 공공하수처리시설 개선사업 기본 및 실시설계 용역,경상북도 영천시 환경사업소,PQ,855764000,861253800,100.6415086,KG+보람,99.24,738800000,100.7789,N
R25BK00943913-000,20250707,영천시 공공하수처리시설 개선사업 기본 및 실시설계 용역,경상북도 영천시 환경사업소,PQ,855764000,861253800,100.6415086,한종+태성,99.18,728120000,99.2988,N
R25BK00943913-000,20250707,영천시 공공하수처리시설 개선사업 기본 및 실시설계 용역,경상북도 영천시 환경사업소,PQ,855764000,861253800,100.6415086,제일+새론,99.15,726600000,99.0915,N
R25BK00943913-000,20250707,영천시 공공하수처리시설 개선사업 기본 및 실시설계 용역,경상북도 영천시 환경사업소,PQ,855764000,861253800,100.6415086,홍익+온담,99.14,727028000,99.1499,N
R25BK00943913-000,20250707,영천시 공공하수처리시설 개선사업 기본 및 실시설계 용역,경상북도 영천시 환경사업소,PQ,855764000,861253800,100.6415086,동해+청우,98.9,738450000,100.6371,N
R25BK00943913-000,20250707,영천시 공공하수처리시설 개선사업 기본 및 실시설계 용역,경상북도 영천시 환경사업소,PQ,855764000,861253800,100.6415086,범한+태양,98.87,728930000,99.3397,N
R25BK00943913-000,20250707,영천시 공공하수처리시설 개선사업 기본 및 실시설계 용역,경상북도 영천시 환경사업소,PQ,855764000,861253800,100.6415086,수성+보원,98.85,741273000,101.0101,N
R25BK00943913-000,20250707,영천시 공공하수처리시설 개선사업 기본 및 실시설계 용역,경상북도 영천시 환경사업소,PQ,855764000,861253800,100.6415086,선진+KD+반석,98.81,739348000,100.736,N
R25BK00943913-000,20250707,영천시 공공하수처리시설 개선사업 기본 및 실시설계 용역,경상북도 영천시 환경사업소,PQ,855764000,861253800,100.6415086,이산+동진,98.78,743900000,101.3562,N
R25BK00943913-000,20250707,영천시 공공하수처리시설 개선사업 기본 및 실시설계 용역,경상북도 영천시 환경사업소,PQ,855764000,861253800,100.6415086,유신+세연,98.61,729273000,99.317,N
R25BK00943913-000,20250707,영천시 공공하수처리시설 개선사업 기본 및 실시설계 용역,경상북도 영천시 환경사업소,PQ,855764000,861253800,100.6415086,경동+중앙방재,98.53,742899000,101.1491,N
R25BK00942615 - 000,20250704,기니비사우 소규모 어항 및 냉동창고 건립 지원,해양수산부,협상,1300000000,0,0,한국어촌어항공단,89.6,1209000000,93,Y
R25BK00942615 - 000,20250704,기니비사우 소규모 어항 및 냉동창고 건립 지원,해양수산부,협상,1300000000,0,0,일비+건화,80.4,1170000000,90,N
R25BK00942615 - 000,20250704,기니비사우 소규모 어항 및 냉동창고 건립 지원,해양수산부,협상,1300000000,0,0,국립부경대학교,74.8,1134000000,87.2308,N
R25BK00942247 - 000,20250704,지반침하 예방을 위한 30년이상 원형하수관로 전수조사 및 기본계획 용역(1권역),서울특별시,SOQ,3278000000,3342650375,101.9722506,유신+건화+제일,98.3,2678858000,100.786,N
R25BK00942247 - 000,20250704,지반침하 예방을 위한 30년이상 원형하수관로 전수조사 및 기본계획 용역(1권역),서울특별시,SOQ,3278000000,3342650375,101.9722506,태조+삼안+이산+홍익+동일,98.03,2658240000,99.7888,N
R25BK00942247 - 000,20250704,지반침하 예방을 위한 30년이상 원형하수관로 전수조사 및 기본계획 용역(1권역),서울특별시,SOQ,3278000000,3342650375,101.9722506,동명+한종+동해+서현,97.76,2651550000,99.3298,N
R25BK00942247 - 000,20250704,지반침하 예방을 위한 30년이상 원형하수관로 전수조사 및 기본계획 용역(1권역),서울특별시,SOQ,3278000000,3342650375,101.9722506,도화+선진+동성,97.31,2950000000,110.118,Y
R25BK00942733 - 000,20250704,남구 노후하수관로 정비사업(2-2단계) 실시설계용역,대구광역시 남구,PQ,368300000,366360950,99.47351344,건화+KEC(테크피아),100,320220000,100.2311,N
R25BK00942733 - 000,20250704,남구 노후하수관로 정비사업(2-2단계) 실시설계용역,대구광역시 남구,PQ,368300000,366360950,99.47351344,삼안+아인,100,321420000,100.6067,N
R25BK00942733 - 000,20250704,남구 노후하수관로 정비사업(2-2단계) 실시설계용역,대구광역시 남구,PQ,368300000,366360950,99.47351344,도화+대성ENC,100,319310000,99.9462,N
R25BK00942733 - 000,20250704,남구 노후하수관로 정비사업(2-2단계) 실시설계용역,대구광역시 남구,PQ,368300000,366360950,99.47351344,제일+가람,100,320700000,100.3813,N
R25BK00942733 - 000,20250704,남구 노후하수관로 정비사업(2-2단계) 실시설계용역,대구광역시 남구,PQ,368300000,366360950,99.47351344,이산+유성이앤씨,100,318499000,99.6924,Y
R25BK00942733 - 000,20250704,남구 노후하수관로 정비사업(2-2단계) 실시설계용역,대구광역시 남구,PQ,368300000,366360950,99.47351344,한종+CEM,100,318770000,99.7772,N
R25BK00942733 - 000,20250704,남구 노후하수관로 정비사업(2-2단계) 실시설계용역,대구광역시 남구,PQ,368300000,366360950,99.47351344,선진+태산,100,320114000,100.1979,N
R25BK00942733 - 000,20250704,남구 노후하수관로 정비사업(2-2단계) 실시설계용역,대구광역시 남구,PQ,368300000,366360950,99.47351344,범한+세운,100,319481000,99.9997,N
R25BK00942733 - 000,20250704,남구 노후하수관로 정비사업(2-2단계) 실시설계용역,대구광역시 남구,PQ,368300000,366360950,99.47351344,수성+유솔,99.93,320765000,100.3901,N
R25BK00942733 - 000,20250704,남구 노후하수관로 정비사업(2-2단계) 실시설계용역,대구광역시 남구,PQ,368300000,366360950,99.47351344,정+상진,98.24,317854000,99.3187,N
R25BK00942733 - 000,20250704,남구 노후하수관로 정비사업(2-2단계) 실시설계용역,대구광역시 남구,PQ,368300000,366360950,99.47351344,화신+화성,97.95,318449000,99.4703,N
R25BK00942733 - 000,20250704,남구 노후하수관로 정비사업(2-2단계) 실시설계용역,대구광역시 남구,PQ,368300000,366360950,99.47351344,한주+유성,97.69,317850000,99.2604,N
R25BK00942733 - 000,20250704,남구 노후하수관로 정비사업(2-2단계) 실시설계용역,대구광역시 남구,PQ,368300000,366360950,99.47351344,KG+서진토목,96.84,317390000,99.037,N
R25BK00942733 - 000,20250704,남구 노후하수관로 정비사업(2-2단계) 실시설계용역,대구광역시 남구,PQ,368300000,366360950,99.47351344,동해+진성,96.16,325197000,101.4031,N
R25BK00942733 - 000,20250704,남구 노후하수관로 정비사업(2-2단계) 실시설계용역,대구광역시 남구,PQ,368300000,366360950,99.47351344,동성+성원,94.91,325597000,101.3998,N
R25BK00942733 - 000,20250704,남구 노후하수관로 정비사업(2-2단계) 실시설계용역,대구광역시 남구,PQ,368300000,366360950,99.47351344,유신+아람,94.84,324693000,101.1182,N
R25BK00939148 - 000,20250704,강동1처리분구 노후 오수관로 정비(고도화사업) 건설사업관리용역,부산광역시 건설본부,PQ,3784000000,3756679550,99.27800079,도화+삼영,100,3032480000,100.1807,N
R25BK00939148 - 000,20250704,강동1처리분구 노후 오수관로 정비(고도화사업) 건설사업관리용역,부산광역시 건설본부,PQ,3784000000,3756679550,99.27800079,유신+경성,99.77,3024523000,99.7308,N
R25BK00939148 - 000,20250704,강동1처리분구 노후 오수관로 정비(고도화사업) 건설사업관리용역,부산광역시 건설본부,PQ,3784000000,3756679550,99.27800079,건화+한가람,99.68,3052000000,100.5615,N
R25BK00939148 - 000,20250704,강동1처리분구 노후 오수관로 정비(고도화사업) 건설사업관리용역,부산광역시 건설본부,PQ,3784000000,3756679550,99.27800079,수성+KG+대원+조은,99.59,3017000000,99.334,Y
R25BK00939148 - 000,20250704,강동1처리분구 노후 오수관로 정비(고도화사업) 건설사업관리용역,부산광역시 건설본부,PQ,3784000000,3756679550,99.27800079,제일+HK,99.56,3053400000,100.5074,N
R25BK00939148 - 000,20250704,강동1처리분구 노후 오수관로 정비(고도화사업) 건설사업관리용역,부산광역시 건설본부,PQ,3784000000,3756679550,99.27800079,삼보+선일,99.5,3018000000,99.3051,N
R25BK00939148 - 000,20250704,강동1처리분구 노후 오수관로 정비(고도화사업) 건설사업관리용역,부산광역시 건설본부,PQ,3784000000,3756679550,99.27800079,다산+대진+한맥,99.42,3062072000,100.68,N
R25BK00939148 - 000,20250704,강동1처리분구 노후 오수관로 정비(고도화사업) 건설사업관리용역,부산광역시 건설본부,PQ,3784000000,3756679550,99.27800079,한종+거원+한진,99.4,3017450000,99.2005,N
R25BK00939148 - 000,20250704,강동1처리분구 노후 오수관로 정비(고도화사업) 건설사업관리용역,부산광역시 건설본부,PQ,3784000000,3756679550,99.27800079,동명+세일,99.38,3054300000,100.3995,N
R25BK00939148 - 000,20250704,강동1처리분구 노후 오수관로 정비(고도화사업) 건설사업관리용역,부산광역시 건설본부,PQ,3784000000,3756679550,99.27800079,동해+화신+에이플,99.3,3013900000,99.0099,N
R25BK00939148 - 000,20250704,강동1처리분구 노후 오수관로 정비(고도화사업) 건설사업관리용역,부산광역시 건설본부,PQ,3784000000,3756679550,99.27800079,대콘+지인,99.24,3082099000,101.2,N
R25BK00939148 - 000,20250704,강동1처리분구 노후 오수관로 정비(고도화사업) 건설사업관리용역,부산광역시 건설본부,PQ,3784000000,3756679550,99.27800079,신명+지예스,99.2,3020000000,99.124,N
R25BK00939148 - 000,20250704,강동1처리분구 노후 오수관로 정비(고도화사업) 건설사업관리용역,부산광역시 건설본부,PQ,3784000000,3756679550,99.27800079,서영+유화+태조,99.06,3089750000,101.3002,N
R25BK00939148 - 000,20250704,강동1처리분구 노후 오수관로 정비(고도화사업) 건설사업관리용역,부산광역시 건설본부,PQ,3784000000,3756679550,99.27800079,경동+이화,99.03,3004390000,98.4771,N
R25BK00939148 - 000,20250704,강동1처리분구 노후 오수관로 정비(고도화사업) 건설사업관리용역,부산광역시 건설본부,PQ,3784000000,3756679550,99.27800079,이산+정인+씨엠,98.96,3004520000,98.4326,N
R25BK00939148 - 000,20250704,강동1처리분구 노후 오수관로 정비(고도화사업) 건설사업관리용역,부산광역시 건설본부,PQ,3784000000,3756679550,99.27800079,삼안+한림,98.93,3102000000,101.601,N
R25BK00939148 - 000,20250704,강동1처리분구 노후 오수관로 정비(고도화사업) 건설사업관리용역,부산광역시 건설본부,PQ,3784000000,3756679550,99.27800079,극동+관보+용마,98.92,3098384000,101.47,N
R25BK00939148 - 000,20250704,강동1처리분구 노후 오수관로 정비(고도화사업) 건설사업관리용역,부산광역시 건설본부,PQ,3784000000,3756679550,99.27800079,동성+나우+HEC,98.86,3099844000,101.48,N
R25BK00939148 - 000,20250704,강동1처리분구 노후 오수관로 정비(고도화사업) 건설사업관리용역,부산광역시 건설본부,PQ,3784000000,3756679550,99.27800079,동부+우성+수,98.79,3112164000,101.8203,N
R25BK00939148 - 000,20250704,강동1처리분구 노후 오수관로 정비(고도화사업) 건설사업관리용역,부산광역시 건설본부,PQ,3784000000,3756679550,99.27800079,경원+DM+서안,98.34,3133700000,102.1581,N
R25BK00939148 - 000,20250704,강동1처리분구 노후 오수관로 정비(고도화사업) 건설사업관리용역,부산광역시 건설본부,PQ,3784000000,3756679550,99.27800079,범한+하나,98.3,3132000000,102.0775,N
R25BK00939148 - 000,20250704,강동1처리분구 노후 오수관로 정비(고도화사업) 건설사업관리용역,부산광역시 건설본부,PQ,3784000000,3756679550,99.27800079,동일+미래플랜,98.25,3118000000,101.5836,N
R25BK00939148 - 000,20250704,강동1처리분구 노후 오수관로 정비(고도화사업) 건설사업관리용역,부산광역시 건설본부,PQ,3784000000,3756679550,99.27800079,홍익+청출,98.22,3125420000,101.8003,N
R25BK00939148 - 000,20250704,강동1처리분구 노후 오수관로 정비(고도화사업) 건설사업관리용역,부산광역시 건설본부,PQ,3784000000,3756679550,99.27800079,건일+청남+바우,97.94,3135000000,101.8863,N
R25BK00939148 - 000,20250704,강동1처리분구 노후 오수관로 정비(고도화사업) 건설사업관리용역,부산광역시 건설본부,PQ,3784000000,3756679550,99.27800079,KSM+상지,97.93,3136000000,101.9063,N
R25BK00939148 - 000,20250704,강동1처리분구 노후 오수관로 정비(고도화사업) 건설사업관리용역,부산광역시 건설본부,PQ,3784000000,3756679550,99.27800079,KCI+화인,97.75,3148000000,102.158,N
R25BK00939148 - 000,20250704,강동1처리분구 노후 오수관로 정비(고도화사업) 건설사업관리용역,부산광역시 건설본부,PQ,3784000000,3756679550,99.27800079,선진+한창,97.56,3157388000,102.2994,N
R25BK00943241-001,20250707,탑동정수장 개량사업 기본 및 실시설계 용역,경상북도 경주시 맑은물사업본부 수도행정과,PQ,2296000000,2310843675,100.6465015,한주+국성,99.88,1844847000,100.344,N
R25BK00943241-001,20250707,탑동정수장 개량사업 기본 및 실시설계 용역,경상북도 경주시 맑은물사업본부 수도행정과,PQ,2296000000,2310843675,100.6465015,HEC+KCI+화신,99.69,1851100000,100.5335,N
R25BK00943241-001,20250707,탑동정수장 개량사업 기본 및 실시설계 용역,경상북도 경주시 맑은물사업본부 수도행정과,PQ,2296000000,2310843675,100.6465015,삼안+한도+이산,99.65,1836450000,99.7005,N
R25BK00943241-001,20250707,탑동정수장 개량사업 기본 및 실시설계 용역,경상북도 경주시 맑은물사업본부 수도행정과,PQ,2296000000,2310843675,100.6465015,경화+경동+주하,99.58,1854864000,100.65,Y
R25BK00943241-001,20250707,탑동정수장 개량사업 기본 및 실시설계 용역,경상북도 경주시 맑은물사업본부 수도행정과,PQ,2296000000,2310843675,100.6465015,한종+태성,99.53,1847490000,100.2,N
R25BK00943241-001,20250707,탑동정수장 개량사업 기본 및 실시설계 용역,경상북도 경주시 맑은물사업본부 수도행정과,PQ,2296000000,2310843675,100.6465015,경호+새론,99.44,1830900000,99.2384,N
R25BK00943241-001,20250707,탑동정수장 개량사업 기본 및 실시설계 용역,경상북도 경주시 맑은물사업본부 수도행정과,PQ,2296000000,2310843675,100.6465015,건화+동진+명성(승보),99.43,1854800000,100.5213,N
R25BK00943241-001,20250707,탑동정수장 개량사업 기본 및 실시설계 용역,경상북도 경주시 맑은물사업본부 수도행정과,PQ,2296000000,2310843675,100.6465015,동명+극동,99.43,1830420000,99.2001,N
R25BK00943241-001,20250707,탑동정수장 개량사업 기본 및 실시설계 용역,경상북도 경주시 맑은물사업본부 수도행정과,PQ,2296000000,2310843675,100.6465015,청우+동해,99.43,1855140000,100.5398,N
R25BK00943241-001,20250707,탑동정수장 개량사업 기본 및 실시설계 용역,경상북도 경주시 맑은물사업본부 수도행정과,PQ,2296000000,2310843675,100.6465015,KG+청명,99.43,1830000000,99.1773,N
R25BK00943241-001,20250707,탑동정수장 개량사업 기본 및 실시설계 용역,경상북도 경주시 맑은물사업본부 수도행정과,PQ,2296000000,2310843675,100.6465015,정+다산+제일,99.43,1834037000,99.3961,N
R25BK00943241-001,20250707,탑동정수장 개량사업 기본 및 실시설계 용역,경상북도 경주시 맑은물사업본부 수도행정과,PQ,2296000000,2310843675,100.6465015,유신+세연+태양,99.23,1829507000,98.9904,N
R25BK00943241-001,20250707,탑동정수장 개량사업 기본 및 실시설계 용역,경상북도 경주시 맑은물사업본부 수도행정과,PQ,2296000000,2310843675,100.6465015,도화+반석+태조,98.97,1875800000,101.2939,N
R25BK00944330-000,20250707,조천(달전지구) 재해예방사업 실시설계 용역,세종특별자치시,PQ,767061000,771966400,100.6395059,건화+윤창,100,655800000,100.0002,N
R25BK00944330-000,20250707,조천(달전지구) 재해예방사업 실시설계 용역,세종특별자치시,PQ,767061000,771966400,100.6395059,건일+오성,100,660645000,100.739,N
R25BK00944330-000,20250707,조천(달전지구) 재해예방사업 실시설계 용역,세종특별자치시,PQ,767061000,771966400,100.6395059,경호+강호,100,651070000,99.2789,N
R25BK00944330-000,20250707,조천(달전지구) 재해예방사업 실시설계 용역,세종특별자치시,PQ,767061000,771966400,100.6395059,극동+대원+기산,100,661247000,100.8308,N
R25BK00944330-000,20250707,조천(달전지구) 재해예방사업 실시설계 용역,세종특별자치시,PQ,767061000,771966400,100.6395059,다산+청우,100,651864000,99.4,N
R25BK00944330-000,20250707,조천(달전지구) 재해예방사업 실시설계 용역,세종특별자치시,PQ,767061000,771966400,100.6395059,도화+홍익,100,657647000,100.2818,N
R25BK00944330-000,20250707,조천(달전지구) 재해예방사업 실시설계 용역,세종특별자치시,PQ,767061000,771966400,100.6395059,동명+계림,100,662400000,101.0066,N
R25BK00944330-000,20250707,조천(달전지구) 재해예방사업 실시설계 용역,세종특별자치시,PQ,767061000,771966400,100.6395059,동부+천마,100,661375000,100.8503,N
R25BK00944330-000,20250707,조천(달전지구) 재해예방사업 실시설계 용역,세종특별자치시,PQ,767061000,771966400,100.6395059,동성+드림,100,652520000,99.5,N
R25BK00944330-000,20250707,조천(달전지구) 재해예방사업 실시설계 용역,세종특별자치시,PQ,767061000,771966400,100.6395059,삼안+동림,100,660220000,100.6742,Y
R25BK00944330-000,20250707,조천(달전지구) 재해예방사업 실시설계 용역,세종특별자치시,PQ,767061000,771966400,100.6395059,수성+동국,100,658600000,100.4271,N
R25BK00944330-000,20250707,조천(달전지구) 재해예방사업 실시설계 용역,세종특별자치시,PQ,767061000,771966400,100.6395059,유신+장맥,100,661111000,100.81,N
R25BK00944330-000,20250707,조천(달전지구) 재해예방사업 실시설계 용역,세종특별자치시,PQ,767061000,771966400,100.6395059,이산+영진,100,658360000,100.3905,N
R25BK00944330-000,20250707,조천(달전지구) 재해예방사업 실시설계 용역,세종특별자치시,PQ,767061000,771966400,100.6395059,한종+경인,100,654450000,99.7943,N
R25BK00944330-000,20250707,조천(달전지구) 재해예방사업 실시설계 용역,세종특별자치시,PQ,767061000,771966400,100.6395059,화신+세일,100,656127000,100.05,N
R25BK00944330-000,20250707,조천(달전지구) 재해예방사업 실시설계 용역,세종특별자치시,PQ,767061000,771966400,100.6395059,KG+유일,100,657700000,100.2899,N
R25BK00944330-000,20250707,조천(달전지구) 재해예방사업 실시설계 용역,세종특별자치시,PQ,767061000,771966400,100.6395059,KSM+정안,99.84,648900000,98.9018,N
R25BK00944330-000,20250707,조천(달전지구) 재해예방사업 실시설계 용역,세종특별자치시,PQ,767061000,771966400,100.6395059,KCI+예당,97.24,670670000,101.5431,N
R25BK00944330-000,20250707,조천(달전지구) 재해예방사업 실시설계 용역,세종특별자치시,PQ,767061000,771966400,100.6395059,제일+수일,95.47,678700000,102.2956,N
R25BK00946626-000,20250707,광천 하수관로 정비사업 감독권한대행 등 통합건설사업관리용역,충청남도 홍성군,PQ,3912700000,3860064475,98.65475183,한종+예당,99.87,3142880000,100.2998,N
R25BK00946626-000,20250707,광천 하수관로 정비사업 감독권한대행 등 통합건설사업관리용역,충청남도 홍성군,PQ,3912700000,3860064475,98.65475183,경동+용마,98.9,3142945000,99.5313,N
R25BK00946626-000,20250707,광천 하수관로 정비사업 감독권한대행 등 통합건설사업관리용역,충청남도 홍성군,PQ,3912700000,3860064475,98.65475183,동성+상연+동국,98.9,3180480000,100.72,N
R25BK00946626-000,20250707,광천 하수관로 정비사업 감독권한대행 등 통합건설사업관리용역,충청남도 홍성군,PQ,3912700000,3860064475,98.65475183,제일+기산,98.9,3179800000,100.6985,N
R25BK00946626-000,20250707,광천 하수관로 정비사업 감독권한대행 등 통합건설사업관리용역,충청남도 홍성군,PQ,3912700000,3860064475,98.65475183,동해+정안+세종,98.86,3176750000,100.5769,N
R25BK00946626-000,20250707,광천 하수관로 정비사업 감독권한대행 등 통합건설사업관리용역,충청남도 홍성군,PQ,3912700000,3860064475,98.65475183,동부+드림,98.84,3139730000,99.3803,N
R25BK00946626-000,20250707,광천 하수관로 정비사업 감독권한대행 등 통합건설사업관리용역,충청남도 홍성군,PQ,3912700000,3860064475,98.65475183,다음+양지+하이콘,98.84,3146230000,99.586,N
R25BK00946626-000,20250707,광천 하수관로 정비사업 감독권한대행 등 통합건설사업관리용역,충청남도 홍성군,PQ,3912700000,3860064475,98.65475183,홍익+계림,98.84,3190900000,100.9999,N
R25BK00946626-000,20250707,광천 하수관로 정비사업 감독권한대행 등 통합건설사업관리용역,충청남도 홍성군,PQ,3912700000,3860064475,98.65475183,KSM+세일,98.83,3136200000,99.2685,N
R25BK00946626-000,20250707,광천 하수관로 정비사업 감독권한대행 등 통합건설사업관리용역,충청남도 홍성군,PQ,3912700000,3860064475,98.65475183,수성+장맥,98.83,3137830000,99.3201,N
R25BK00946626-000,20250707,광천 하수관로 정비사업 감독권한대행 등 통합건설사업관리용역,충청남도 홍성군,PQ,3912700000,3860064475,98.65475183,도화+송현R,98.83,3178780000,100.6163,N
R25BK00946626-000,20250707,광천 하수관로 정비사업 감독권한대행 등 통합건설사업관리용역,충청남도 홍성군,PQ,3912700000,3860064475,98.65475183,삼안+천마+한맥,98.83,3194730000,101.1211,N
R25BK00946626-000,20250707,광천 하수관로 정비사업 감독권한대행 등 통합건설사업관리용역,충청남도 홍성군,PQ,3912700000,3860064475,98.65475183,건화+경인,98.8,3121000000,98.7629,Y
R25BK00946626-000,20250707,광천 하수관로 정비사업 감독권한대행 등 통합건설사업관리용역,충청남도 홍성군,PQ,3912700000,3860064475,98.65475183,동명+더원,98.8,3179685000,100.62,N
R25BK00946626-000,20250707,광천 하수관로 정비사업 감독권한대행 등 통합건설사업관리용역,충청남도 홍성군,PQ,3912700000,3860064475,98.65475183,KG+더그린,98.78,3113460000,98.5,N
R25BK00946626-000,20250707,광천 하수관로 정비사업 감독권한대행 등 통합건설사업관리용역,충청남도 홍성군,PQ,3912700000,3860064475,98.65475183,태조+다산+화우,98.65,3108000000,98.2299,N
R25BK00946626-000,20250707,광천 하수관로 정비사업 감독권한대행 등 통합건설사업관리용역,충청남도 홍성군,PQ,3912700000,3860064475,98.65475183,유신+유원,98.6,3117077000,98.4803,N
R25BK00946626-000,20250707,광천 하수관로 정비사업 감독권한대행 등 통합건설사업관리용역,충청남도 홍성군,PQ,3912700000,3860064475,98.65475183,범한+수성,98.57,3150940000,99.5255,N
R25BK00946626-000,20250707,광천 하수관로 정비사업 감독권한대행 등 통합건설사업관리용역,충청남도 홍성군,PQ,3912700000,3860064475,98.65475183,서영+SH,98.57,3208700000,101.3499,N
R25BK00946626-000,20250707,광천 하수관로 정비사업 감독권한대행 등 통합건설사업관리용역,충청남도 홍성군,PQ,3912700000,3860064475,98.65475183,경원+SHeng,98.24,3116770000,98.1914,N
R25BK00946626-000,20250707,광천 하수관로 정비사업 감독권한대행 등 통합건설사업관리용역,충청남도 홍성군,PQ,3912700000,3860064475,98.65475183,대콘+윤창,98.2,3245216000,102.2002,N
R25BK00946626-000,20250707,광천 하수관로 정비사업 감독권한대행 등 통합건설사업관리용역,충청남도 홍성군,PQ,3912700000,3860064475,98.65475183,신명+신원,98.05,3220000000,101.2938,N
R25BK00946626-000,20250707,광천 하수관로 정비사업 감독권한대행 등 통합건설사업관리용역,충청남도 홍성군,PQ,3912700000,3860064475,98.65475183,KCI+이룸,97.98,3238000000,101.7973,N
R25BK00946626-000,20250707,광천 하수관로 정비사업 감독권한대행 등 통합건설사업관리용역,충청남도 홍성군,PQ,3912700000,3860064475,98.65475183,극동+건하,97.97,3234585000,101.69,N
R25BK00946626-000,20250707,광천 하수관로 정비사업 감독권한대행 등 통합건설사업관리용역,충청남도 홍성군,PQ,3912700000,3860064475,98.65475183,이산+동양,97.88,3246880000,102.0012,N
R25BK00947189-000,20250708,해돋이 녹도교 설치공사 건설사업관리용역,인천광역시 경제자유구역청,PQ,1801800000,1798381125,99.81025225,유신+한서,99.98,1450360000,100.6,N
R25BK00947189-000,20250708,해돋이 녹도교 설치공사 건설사업관리용역,인천광역시 경제자유구역청,PQ,1801800000,1798381125,99.81025225,동명+서해,99.94,1441890000,99.9875,Y
R25BK00947189-000,20250708,해돋이 녹도교 설치공사 건설사업관리용역,인천광역시 경제자유구역청,PQ,1801800000,1798381125,99.81025225,동부+고산,99.88,1456499000,100.9501,N
R25BK00947189-000,20250708,해돋이 녹도교 설치공사 건설사업관리용역,인천광역시 경제자유구역청,PQ,1801800000,1798381125,99.81025225,한종+바우,99.77,1436200000,99.4562,N
R25BK00947189-000,20250708,해돋이 녹도교 설치공사 건설사업관리용역,인천광역시 경제자유구역청,PQ,1801800000,1798381125,99.81025225,경동+성우,99.52,1434680000,99.153,N
R25BK00947189-000,20250708,해돋이 녹도교 설치공사 건설사업관리용역,인천광역시 경제자유구역청,PQ,1801800000,1798381125,99.81025225,동일+경안,99.49,1463000000,101.0851,N
R25BK00947189-000,20250708,해돋이 녹도교 설치공사 건설사업관리용역,인천광역시 경제자유구역청,PQ,1801800000,1798381125,99.81025225,이산+경서엔,99.32,1465320000,101.1069,N
R25BK00947189-000,20250708,해돋이 녹도교 설치공사 건설사업관리용역,인천광역시 경제자유구역청,PQ,1801800000,1798381125,99.81025225,삼보+장원,99.29,1465000000,101.0597,N
R25BK00947189-000,20250708,해돋이 녹도교 설치공사 건설사업관리용역,인천광역시 경제자유구역청,PQ,1801800000,1798381125,99.81025225,극동+INC,99.23,1463556000,100.9099,N
R25BK00947189-000,20250708,해돋이 녹도교 설치공사 건설사업관리용역,인천광역시 경제자유구역청,PQ,1801800000,1798381125,99.81025225,도화+대한,99.21,1440300000,99.2941,N
R25BK00947189-000,20250708,해돋이 녹도교 설치공사 건설사업관리용역,인천광역시 경제자유구역청,PQ,1801800000,1798381125,99.81025225,일신+소유,99.2,1434848000,98.906,N
R25BK00947189-000,20250708,해돋이 녹도교 설치공사 건설사업관리용역,인천광역시 경제자유구역청,PQ,1801800000,1798381125,99.81025225,동성+대양,99.2,1465808000,101.0401,N
R25BK00947189-000,20250708,해돋이 녹도교 설치공사 건설사업관리용역,인천광역시 경제자유구역청,PQ,1801800000,1798381125,99.81025225,동해+HS,99.07,1433280000,98.6998,N
R25BK00947189-000,20250708,해돋이 녹도교 설치공사 건설사업관리용역,인천광역시 경제자유구역청,PQ,1801800000,1798381125,99.81025225,서영+한승,99.07,1473000000,101.4351,N
R25BK00947189-000,20250708,해돋이 녹도교 설치공사 건설사업관리용역,인천광역시 경제자유구역청,PQ,1801800000,1798381125,99.81025225,삼안+청해,99,1429670000,98.4024,N
R25BK00947189-000,20250708,해돋이 녹도교 설치공사 건설사업관리용역,인천광역시 경제자유구역청,PQ,1801800000,1798381125,99.81025225,건화+정방(석우),98.97,1430000000,98.4007,N
R25BK00947189-000,20250708,해돋이 녹도교 설치공사 건설사업관리용역,인천광역시 경제자유구역청,PQ,1801800000,1798381125,99.81025225,수성+일진,98.73,1480000000,101.6396,N
R25BK00947189-000,20250708,해돋이 녹도교 설치공사 건설사업관리용역,인천광역시 경제자유구역청,PQ,1801800000,1798381125,99.81025225,다산+경서인,98.68,1484998900,101.9451,N
R25BK00947189-000,20250708,해돋이 녹도교 설치공사 건설사업관리용역,인천광역시 경제자유구역청,PQ,1801800000,1798381125,99.81025225,대콘+삼지,98.08,1498636000,102.4,N
R25BK00947189-000,20250708,해돋이 녹도교 설치공사 건설사업관리용역,인천광역시 경제자유구역청,PQ,1801800000,1798381125,99.81025225,용마+미소,97.95,1439900000,98.2777,N
,20250704,통가 팡아우타 교량 감리사업,NULL,QCBS,5110000000,5487023616,100,Haskoning(네덜란드)+NTRO(호주),85.47,5435054327,99.0529,Y
,20250704,통가 팡아우타 교량 감리사업,NULL,QCBS,5110000000,5487023616,100,삼보+KCI,81.46,4928026640,89.8124,N
,20250704,통가 팡아우타 교량 감리사업,NULL,QCBS,5110000000,5487023616,100,건화+OCG(일본),80.56,5434027152,99.0341,N
,20250704,통가 팡아우타 교량 감리사업,NULL,QCBS,5110000000,5487023616,100, Segmental Infrastructure(인도)+NAL(뉴질랜드)+AEPE(프랑스),0,0,0,N
,20250704,통가 팡아우타 교량 감리사업,NULL,QCBS,5110000000,5487023616,100, Chodai(일본)+JOC(일본),0,0,0,N
R25BK00947821-000,20250708,선장그린컴플렉스 일반산업단지 공업용수 시설공사 기본 및 실시설계용역,충청남도 아산시,PQ,1927000000,1913140075,99.28075117,KG+건하+SH,100,1550750000,100.5998,N
R25BK00947821-000,20250708,선장그린컴플렉스 일반산업단지 공업용수 시설공사 기본 및 실시설계용역,충청남도 아산시,PQ,1927000000,1913140075,99.28075117,삼안+한맥,100,1539450000,99.8668,N
R25BK00947821-000,20250708,선장그린컴플렉스 일반산업단지 공업용수 시설공사 기본 및 실시설계용역,충청남도 아산시,PQ,1927000000,1913140075,99.28075117,도화+드림+천마,100,1548840000,100.4759,N
R25BK00947821-000,20250708,선장그린컴플렉스 일반산업단지 공업용수 시설공사 기본 및 실시설계용역,충청남도 아산시,PQ,1927000000,1913140075,99.28075117,한종+송현R,99.9,1534000000,99.4262,Y
R25BK00947821-000,20250708,선장그린컴플렉스 일반산업단지 공업용수 시설공사 기본 및 실시설계용역,충청남도 아산시,PQ,1927000000,1913140075,99.28075117,수성+기산,99.9,1551000000,100.5281,N
R25BK00947821-000,20250708,선장그린컴플렉스 일반산업단지 공업용수 시설공사 기본 및 실시설계용역,충청남도 아산시,PQ,1927000000,1913140075,99.28075117,동명+경동+용마,99.72,1531840000,99.15,N
R25BK00947821-000,20250708,선장그린컴플렉스 일반산업단지 공업용수 시설공사 기본 및 실시설계용역,충청남도 아산시,PQ,1927000000,1913140075,99.28075117,건화+수성E(유원),99.7,1533100000,99.2068,N
R25BK00947821-000,20250708,선장그린컴플렉스 일반산업단지 공업용수 시설공사 기본 및 실시설계용역,충청남도 아산시,PQ,1927000000,1913140075,99.28075117,제일+정안,99.68,1563300000,101.1484,N
R25BK00947821-000,20250708,선장그린컴플렉스 일반산업단지 공업용수 시설공사 기본 및 실시설계용역,충청남도 아산시,PQ,1927000000,1913140075,99.28075117,동해+다산+더그린,99.62,1534100000,99.2097,N
R25BK00947821-000,20250708,선장그린컴플렉스 일반산업단지 공업용수 시설공사 기본 및 실시설계용역,충청남도 아산시,PQ,1927000000,1913140075,99.28075117,이산+장맥,99.62,1526770000,98.7356,N
R25BK00947821-000,20250708,선장그린컴플렉스 일반산업단지 공업용수 시설공사 기본 및 실시설계용역,충청남도 아산시,PQ,1927000000,1913140075,99.28075117,유신+SR+동성,99.58,1528197000,98.8033,N
R25BK00947821-000,20250708,선장그린컴플렉스 일반산업단지 공업용수 시설공사 기본 및 실시설계용역,충청남도 아산시,PQ,1927000000,1913140075,99.28075117,경호+강호,99.46,1566500000,101.1789,N
R25BK00947821-000,20250708,선장그린컴플렉스 일반산업단지 공업용수 시설공사 기본 및 실시설계용역,충청남도 아산시,PQ,1927000000,1913140075,99.28075117,선진+세일,99.44,1570737000,101.4399,N
R25BK00947821-000,20250708,선장그린컴플렉스 일반산업단지 공업용수 시설공사 기본 및 실시설계용역,충청남도 아산시,PQ,1927000000,1913140075,99.28075117,HEC+이룸+한영,99.4,1527700000,98.6237,N
R25BK00947821-000,20250708,선장그린컴플렉스 일반산업단지 공업용수 시설공사 기본 및 실시설계용역,충청남도 아산시,PQ,1927000000,1913140075,99.28075117,정+세종,99.34,1570767000,101.3536,N
R25BK00947821-000,20250708,선장그린컴플렉스 일반산업단지 공업용수 시설공사 기본 및 실시설계용역,충청남도 아산시,PQ,1927000000,1913140075,99.28075117,홍익+계림,99.28,1529783000,98.66,N
R25BK00947821-000,20250708,선장그린컴플렉스 일반산업단지 공업용수 시설공사 기본 및 실시설계용역,충청남도 아산시,PQ,1927000000,1913140075,99.28075117,화신+KD,99.26,1526410000,98.4302,N
R25BK00947821-000,20250708,선장그린컴플렉스 일반산업단지 공업용수 시설공사 기본 및 실시설계용역,충청남도 아산시,PQ,1927000000,1913140075,99.28075117,범한+경인,99.14,1572257000,101.286,N
R25BK00947821-000,20250708,선장그린컴플렉스 일반산업단지 공업용수 시설공사 기본 및 실시설계용역,충청남도 아산시,PQ,1927000000,1913140075,99.28075117,국성+동양,98.91,1601642000,103,N
R25BK00947448-001,20250708,서면~비인 도로건설공사 건설사업관리용역,충청남도 건설본부,PQ,2866000000,2855675250,99.63975052,도화+송현R+SHE,99.98,2297200000,100.1731,Y
R25BK00947448-001,20250708,서면~비인 도로건설공사 건설사업관리용역,충청남도 건설본부,PQ,2866000000,2855675250,99.63975052,장맥+이산,99.91,2308526000,100.6167,N
R25BK00947448-001,20250708,서면~비인 도로건설공사 건설사업관리용역,충청남도 건설본부,PQ,2866000000,2855675250,99.63975052,동명+더원,99.85,2278300000,99.2497,N
R25BK00947448-001,20250708,서면~비인 도로건설공사 건설사업관리용역,충청남도 건설본부,PQ,2866000000,2855675250,99.63975052,건화+천마,99.75,2287400000,99.5716,N
R25BK00947448-001,20250708,서면~비인 도로건설공사 건설사업관리용역,충청남도 건설본부,PQ,2866000000,2855675250,99.63975052,삼안+한맥,99.75,2284150000,99.4301,N
R25BK00947448-001,20250708,서면~비인 도로건설공사 건설사업관리용역,충청남도 건설본부,PQ,2866000000,2855675250,99.63975052,수성+기산,99.63,2282000000,99.2375,N
R25BK00947448-001,20250708,서면~비인 도로건설공사 건설사업관리용역,충청남도 건설본부,PQ,2866000000,2855675250,99.63975052,경동+경호,99.37,2283198000,99.0796,N
R25BK00947448-001,20250708,서면~비인 도로건설공사 건설사업관리용역,충청남도 건설본부,PQ,2866000000,2855675250,99.63975052,신명+유원+화우,99.25,2284000000,99.0282,N
R25BK00947448-001,20250708,서면~비인 도로건설공사 건설사업관리용역,충청남도 건설본부,PQ,2866000000,2855675250,99.63975052,동해+건하,99.24,2284510000,99.038,N
R25BK00947448-001,20250708,서면~비인 도로건설공사 건설사업관리용역,충청남도 건설본부,PQ,2866000000,2855675250,99.63975052,유신+동양,99.24,2337817000,101.349,N
R25BK00947448-001,20250708,서면~비인 도로건설공사 건설사업관리용역,충청남도 건설본부,PQ,2866000000,2855675250,99.63975052,용마+세일,99.2,2286889000,99.1042,N
R25BK00947448-001,20250708,서면~비인 도로건설공사 건설사업관리용역,충청남도 건설본부,PQ,2866000000,2855675250,99.63975052,동성+동국,99.2,2332482000,101.08,N
R25BK00947448-001,20250708,서면~비인 도로건설공사 건설사업관리용역,충청남도 건설본부,PQ,2866000000,2855675250,99.63975052,극동+명성,99.19,2332942000,101.1,N
R25BK00947448-001,20250708,서면~비인 도로건설공사 건설사업관리용역,충청남도 건설본부,PQ,2866000000,2855675250,99.63975052,홍익+계림,99.08,2279310000,98.69,N
R25BK00947448-001,20250708,서면~비인 도로건설공사 건설사업관리용역,충청남도 건설본부,PQ,2866000000,2855675250,99.63975052,동일+경인,98.99,2345000000,101.4587,N
R25BK00947448-001,20250708,서면~비인 도로건설공사 건설사업관리용역,충청남도 건설본부,PQ,2866000000,2855675250,99.63975052,KCI+신원,98.79,2348400000,101.4423,N
R25BK00947448-001,20250708,서면~비인 도로건설공사 건설사업관리용역,충청남도 건설본부,PQ,2866000000,2855675250,99.63975052,다음+양지+진우,98.68,2360003000,101.8552,N
R25BK00947448-001,20250708,서면~비인 도로건설공사 건설사업관리용역,충청남도 건설본부,PQ,2866000000,2855675250,99.63975052,삼보+이룸,98.59,2370000000,102.2108,N
R25BK00947448-001,20250708,서면~비인 도로건설공사 건설사업관리용역,충청남도 건설본부,PQ,2866000000,2855675250,99.63975052,KSM+예당,98.59,2360190000,101.7877,N
R25BK00947448-001,20250708,서면~비인 도로건설공사 건설사업관리용역,충청남도 건설본부,PQ,2866000000,2855675250,99.63975052,대콘+윤창,98.5,2371222000,102.2003,N
R25BK00947448-001,20250708,서면~비인 도로건설공사 건설사업관리용역,충청남도 건설본부,PQ,2866000000,2855675250,99.63975052,화신+SR+디엠,98.44,2722700000,117.2912,N
R25BK00948956-000,20250708,광양항 율촌석유화학부두 건설공사 제영향평가 용역,여수광양항만공사,PQ,507100000,506137825,99.81025932,건화+신성+해주,100,440000000,100.0264,N
R25BK00948956-000,20250708,광양항 율촌석유화학부두 건설공사 제영향평가 용역,여수광양항만공사,PQ,507100000,506137825,99.81025932,유신+연항+신일환경,100,442133000,100.5113,N
R25BK00948956-000,20250708,광양항 율촌석유화학부두 건설공사 제영향평가 용역,여수광양항만공사,PQ,507100000,506137825,99.81025932,한종+유일,100,441330000,100.3287,N
R25BK00948956-000,20250708,광양항 율촌석유화학부두 건설공사 제영향평가 용역,여수광양항만공사,PQ,507100000,506137825,99.81025932,건일+해담,100,440719000,100.1898,N
R25BK00948956-000,20250708,광양항 율촌석유화학부두 건설공사 제영향평가 용역,여수광양항만공사,PQ,507100000,506137825,99.81025932,세광+제일,100,442120000,100.5083,N
R25BK00948956-000,20250708,광양항 율촌석유화학부두 건설공사 제영향평가 용역,여수광양항만공사,PQ,507100000,506137825,99.81025932,동명,100,442950000,100.697,N
R25BK00948956-000,20250708,광양항 율촌석유화학부두 건설공사 제영향평가 용역,여수광양항만공사,PQ,507100000,506137825,99.81025932,한항+서영,100,439538000,99.9214,Y
R25BK00948956-000,20250708,광양항 율촌석유화학부두 건설공사 제영향평가 용역,여수광양항만공사,PQ,507100000,506137825,99.81025932,아라+도화,100,439839900,99.99,N
R25BK00948956-000,20250708,광양항 율촌석유화학부두 건설공사 제영향평가 용역,여수광양항만공사,PQ,507100000,506137825,99.81025932,세일+수성,100,442611000,100.62,N
R25BK00948956-000,20250708,광양항 율촌석유화학부두 건설공사 제영향평가 용역,여수광양항만공사,PQ,507100000,506137825,99.81025932,KG+신일,99.57,443690000,100.8188,N
R25BK00948956-000,20250708,광양항 율촌석유화학부두 건설공사 제영향평가 용역,여수광양항만공사,PQ,507100000,506137825,99.81025932,대영+마린,99.2,438650000,99.6506,N
R25BK00948956-000,20250708,광양항 율촌석유화학부두 건설공사 제영향평가 용역,여수광양항만공사,PQ,507100000,506137825,99.81025932,경동+삼안+AT,98.6,436690000,99.1482,N
R25BK00948956-000,20250708,광양항 율촌석유화학부두 건설공사 제영향평가 용역,여수광양항만공사,PQ,507100000,506137825,99.81025932,혜인+이산,97.97,444440000,100.8497,N
R25BK00948123-000,20250708,인제군 가축분뇨공공처리시설 설치사업 감독권한대행 등 통합건설사업관리용역,강원특별자치도 인제군,PQ,3392773000,3418074650,100.7457513,건화+동서(석우),100,2726280000,100.4507,N
R25BK00948123-000,20250708,인제군 가축분뇨공공처리시설 설치사업 감독권한대행 등 통합건설사업관리용역,강원특별자치도 인제군,PQ,3392773000,3418074650,100.7457513,도화+경원,100,2726260000,100.4499,N
R25BK00948123-000,20250708,인제군 가축분뇨공공처리시설 설치사업 감독권한대행 등 통합건설사업관리용역,강원특별자치도 인제군,PQ,3392773000,3418074650,100.7457513,한종+고려+정민,100,2722200000,100.3003,N
R25BK00948123-000,20250708,인제군 가축분뇨공공처리시설 설치사업 감독권한대행 등 통합건설사업관리용역,강원특별자치도 인제군,PQ,3392773000,3418074650,100.7457513,이산+한국,100,2694970000,99.297,N
R25BK00948123-000,20250708,인제군 가축분뇨공공처리시설 설치사업 감독권한대행 등 통합건설사업관리용역,강원특별자치도 인제군,PQ,3392773000,3418074650,100.7457513,동명+삼경,100,2716700000,100.0977,N
R25BK00948123-000,20250708,인제군 가축분뇨공공처리시설 설치사업 감독권한대행 등 통합건설사업관리용역,강원특별자치도 인제군,PQ,3392773000,3418074650,100.7457513,범한+서광+한울,100,2725990000,100.44,N
R25BK00948123-000,20250708,인제군 가축분뇨공공처리시설 설치사업 감독권한대행 등 통합건설사업관리용역,강원특별자치도 인제군,PQ,3392773000,3418074650,100.7457513,삼안+경호+정,100,2785200000,102.6216,Y
R25BK00948123-000,20250708,인제군 가축분뇨공공처리시설 설치사업 감독권한대행 등 통합건설사업관리용역,강원특별자치도 인제군,PQ,3392773000,3418074650,100.7457513,신명+현산,99.84,3000000000,110.3842,N
R25BK00950470-000,20250709,아산 풍기역지구 도시개발사업 건설사업관리용역,충청남도 아산시,SOQ,8282000000,8357697525,100.9140005,삼안+도화+한맥+천마,98.6,6864000000,102.452,Y
R25BK00950470-000,20250709,아산 풍기역지구 도시개발사업 건설사업관리용역,충청남도 아산시,SOQ,8282000000,8357697525,100.9140005,수성+다산+홍익+계림+상연,95.55,7001170000,102.0397,N
R25BK00950470-000,20250709,아산 풍기역지구 도시개발사업 건설사업관리용역,충청남도 아산시,SOQ,8282000000,8357697525,100.9140005,유신+장맥+동성+송현,94.35,7063500000,102.0001,N
R25BK00950470-000,20250709,아산 풍기역지구 도시개발사업 건설사업관리용역,충청남도 아산시,SOQ,8282000000,8357697525,100.9140005,건화+한종+경동+기산,93.98,7031000000,101.2402,N
R25BK00950470-000,20250709,아산 풍기역지구 도시개발사업 건설사업관리용역,충청남도 아산시,SOQ,8282000000,8357697525,100.9140005,동명+용마+드림+예당,91.96,7228000000,102.5,N
R25BK00950470-000,20250709,아산 풍기역지구 도시개발사업 건설사업관리용역,충청남도 아산시,SOQ,8282000000,8357697525,100.9140005,제일+더그린,90.63,7286000000,102.3012,N
R25BK00950380-001,20250709,횡성군 생활자원회수센터 확충사업 기본 및 실시설계 용역,조달청,PQ,508769000,507972825,99.84350953,도화,98.8,442780000,100.2011,Y
R25BK00950380-001,20250709,횡성군 생활자원회수센터 확충사업 기본 및 실시설계 용역,조달청,PQ,508769000,507972825,99.84350953,건화+정(삼정),98.35,439000000,99.3,N
R25BK00950380-001,20250709,횡성군 생활자원회수센터 확충사업 기본 및 실시설계 용역,조달청,PQ,508769000,507972825,99.84350953,경호+유덕+강호,98.35,441150000,99.7863,N
R25BK00950380-001,20250709,횡성군 생활자원회수센터 확충사업 기본 및 실시설계 용역,조달청,PQ,508769000,507972825,99.84350953,한종+경원,98.3,445300000,100.725,N
R25BK00950380-001,20250709,횡성군 생활자원회수센터 확충사업 기본 및 실시설계 용역,조달청,PQ,508769000,507972825,99.84350953,경화+GK,97.5,446876000,101.0001,N
R25BK00950380-001,20250709,횡성군 생활자원회수센터 확충사업 기본 및 실시설계 용역,조달청,PQ,508769000,507972825,99.84350953,동일+삼안,97.32,440730000,99.5996,N
R25BK00950380-001,20250709,횡성군 생활자원회수센터 확충사업 기본 및 실시설계 용역,조달청,PQ,508769000,507972825,99.84350953,동해+진화,96.42,447914000,101.1301,N
R25BK00950380-001,20250709,횡성군 생활자원회수센터 확충사업 기본 및 실시설계 용역,조달청,PQ,508769000,507972825,99.84350953,세원+화신,96.35,446577000,100.8166,N
R25BK00950380-001,20250709,횡성군 생활자원회수센터 확충사업 기본 및 실시설계 용역,조달청,PQ,508769000,507972825,99.84350953,선진,93.42,448747000,101.028,N
R25BK00951095-000,20250709,노량진재정비촉진지구 및 주변 하수도 정비 기본계획 수립 용역,서울특별시 동작구,PQ,473000000,470439925,99.45875793,한종+대콘,100,413660000,100.818,N
R25BK00951095-000,20250709,노량진재정비촉진지구 및 주변 하수도 정비 기본계획 수립 용역,서울특별시 동작구,PQ,473000000,470439925,99.45875793,유신+HEC,99.93,412543000,100.5341,N
R25BK00951095-000,20250709,노량진재정비촉진지구 및 주변 하수도 정비 기본계획 수립 용역,서울특별시 동작구,PQ,473000000,470439925,99.45875793,이산+진우,99.9,409760000,99.8559,N
R25BK00951095-000,20250709,노량진재정비촉진지구 및 주변 하수도 정비 기본계획 수립 용역,서울특별시 동작구,PQ,473000000,470439925,99.45875793,경화+도화,99.88,409331000,99.7399,Y
R25BK00951095-000,20250709,노량진재정비촉진지구 및 주변 하수도 정비 기본계획 수립 용역,서울특별시 동작구,PQ,473000000,470439925,99.45875793,태조+화신,99.77,409888000,99.8756,N
R25BK00951095-000,20250709,노량진재정비촉진지구 및 주변 하수도 정비 기본계획 수립 용역,서울특별시 동작구,PQ,473000000,470439925,99.45875793,동해+(주)한종,99.7,410050000,99.9036,N
R25BK00951095-000,20250709,노량진재정비촉진지구 및 주변 하수도 정비 기본계획 수립 용역,서울특별시 동작구,PQ,473000000,470439925,99.45875793,건화+동일(테크피아),99.57,406180000,98.9493,N
R25BK00951095-000,20250709,노량진재정비촉진지구 및 주변 하수도 정비 기본계획 수립 용역,서울특별시 동작구,PQ,473000000,470439925,99.45875793,경동+드림,98.98,421700000,102.671,N
R25BK00951095-000,20250709,노량진재정비촉진지구 및 주변 하수도 정비 기본계획 수립 용역,서울특별시 동작구,PQ,473000000,470439925,99.45875793,범한+우리,98.8,407870000,99.2809,N
R25BK00951770-000,20250709,상망 자연재해위험개선지구 정비사업 기본 및 실시설계용역,경상북도 영주시,PQ,1299100000,1307199950,100.6235047,동성+청명+DS,99.91,1047794000,100.75,Y
R25BK00951770-000,20250709,상망 자연재해위험개선지구 정비사업 기본 및 실시설계용역,경상북도 영주시,PQ,1299100000,1307199950,100.6235047,극동+용마,98.09,1046000000,99.1287,N
R25BK00951770-000,20250709,상망 자연재해위험개선지구 정비사업 기본 및 실시설계용역,경상북도 영주시,PQ,1299100000,1307199950,100.6235047,동진+한맥,97.91,1069302000,101.2,N
R25BK00951770-000,20250709,상망 자연재해위험개선지구 정비사업 기본 및 실시설계용역,경상북도 영주시,PQ,1299100000,1307199950,100.6235047,도화+세원+아라,97.88,1068380000,101.0878,N
R25BK00951770-000,20250709,상망 자연재해위험개선지구 정비사업 기본 및 실시설계용역,경상북도 영주시,PQ,1299100000,1307199950,100.6235047,다산+금일,97.88,1067241000,100.9801,N
R25BK00951770-000,20250709,상망 자연재해위험개선지구 정비사업 기본 및 실시설계용역,경상북도 영주시,PQ,1299100000,1307199950,100.6235047,한종+주하,97.76,1071770000,101.309,N
R25BK00951770-000,20250709,상망 자연재해위험개선지구 정비사업 기본 및 실시설계용역,경상북도 영주시,PQ,1299100000,1307199950,100.6235047,경동+청우,97.76,1043566000,98.643,N
R25BK00951770-000,20250709,상망 자연재해위험개선지구 정비사업 기본 및 실시설계용역,경상북도 영주시,PQ,1299100000,1307199950,100.6235047,경호+해동,97.76,1044700000,98.7502,N
R25BK00951770-000,20250709,상망 자연재해위험개선지구 정비사업 기본 및 실시설계용역,경상북도 영주시,PQ,1299100000,1307199950,100.6235047,동명+명성,97.73,1041500000,98.4235,N
R25BK00951770-000,20250709,상망 자연재해위험개선지구 정비사업 기본 및 실시설계용역,경상북도 영주시,PQ,1299100000,1307199950,100.6235047,서영+한주,97.73,1072470000,101.3502,N
R25BK00951770-000,20250709,상망 자연재해위험개선지구 정비사업 기본 및 실시설계용역,경상북도 영주시,PQ,1299100000,1307199950,100.6235047,이산+반석,97.7,1040660000,98.32,N
R25BK00951770-000,20250709,상망 자연재해위험개선지구 정비사업 기본 및 실시설계용역,경상북도 영주시,PQ,1299100000,1307199950,100.6235047,KSM+보원,97.67,1045500000,98.753,N
R25BK00951770-000,20250709,상망 자연재해위험개선지구 정비사업 기본 및 실시설계용역,경상북도 영주시,PQ,1299100000,1307199950,100.6235047,정+라움+삼보,97.64,1075504000,101.5622,N
R25BK00951770-000,20250709,상망 자연재해위험개선지구 정비사업 기본 및 실시설계용역,경상북도 영주시,PQ,1299100000,1307199950,100.6235047,드림+한도,97.55,1045624000,98.68,N
R25BK00951770-000,20250709,상망 자연재해위험개선지구 정비사업 기본 및 실시설계용역,경상북도 영주시,PQ,1299100000,1307199950,100.6235047,서광+태성,97.55,1038418000,97.9999,N
R25BK00951770-000,20250709,상망 자연재해위험개선지구 정비사업 기본 및 실시설계용역,경상북도 영주시,PQ,1299100000,1307199950,100.6235047,건화+새론(정도),97.52,1040580000,98.1799,N
R25BK00951770-000,20250709,상망 자연재해위험개선지구 정비사업 기본 및 실시설계용역,경상북도 영주시,PQ,1299100000,1307199950,100.6235047,수성+강산,97.52,1072900000,101.2293,N
R25BK00951770-000,20250709,상망 자연재해위험개선지구 정비사업 기본 및 실시설계용역,경상북도 영주시,PQ,1299100000,1307199950,100.6235047,KG+보람,97.49,1042740000,98.3596,N
R25BK00951770-000,20250709,상망 자연재해위험개선지구 정비사업 기본 및 실시설계용역,경상북도 영주시,PQ,1299100000,1307199950,100.6235047,동부+해인,97.46,1080013000,101.8505,N
R25BK00951770-000,20250709,상망 자연재해위험개선지구 정비사업 기본 및 실시설계용역,경상북도 영주시,PQ,1299100000,1307199950,100.6235047,삼안+현대기술,97.37,1081740000,101.9384,N
R25BK00951770-000,20250709,상망 자연재해위험개선지구 정비사업 기본 및 실시설계용역,경상북도 영주시,PQ,1299100000,1307199950,100.6235047,KCI+하이콘,97.29,1085700000,102.249,N
R25BK00951770-000,20250709,상망 자연재해위험개선지구 정비사업 기본 및 실시설계용역,경상북도 영주시,PQ,1299100000,1307199950,100.6235047,유신+온담,97.15,1085832000,102.149,N
대구국토관리사무소 공고 제2025-165호,20250709,대구 4권역 도로운영사업 통합건설사업관리용역,부산지방국토관리청 대구국토관리사무소,PQ,3537000000,3490824500,98.69450099,도화+서현,99.96,2850900000,100.1083,N
대구국토관리사무소 공고 제2025-165호,20250709,대구 4권역 도로운영사업 통합건설사업관리용역,부산지방국토관리청 대구국토관리사무소,PQ,3537000000,3490824500,98.69450099,KSM+극동,99.87,2860627000,100.4125,N
대구국토관리사무소 공고 제2025-165호,20250709,대구 4권역 도로운영사업 통합건설사업관리용역,부산지방국토관리청 대구국토관리사무소,PQ,3537000000,3490824500,98.69450099,한종+동진,99.76,2864890000,100.4997,N
대구국토관리사무소 공고 제2025-165호,20250709,대구 4권역 도로운영사업 통합건설사업관리용역,부산지방국토관리청 대구국토관리사무소,PQ,3537000000,3490824500,98.69450099,동일+경동,99.72,2868000000,100.5963,N
대구국토관리사무소 공고 제2025-165호,20250709,대구 4권역 도로운영사업 통합건설사업관리용역,부산지방국토관리청 대구국토관리사무소,PQ,3537000000,3490824500,98.69450099,건화+새론,99.69,2842870000,99.6901,N
대구국토관리사무소 공고 제2025-165호,20250709,대구 4권역 도로운영사업 통합건설사업관리용역,부산지방국토관리청 대구국토관리사무소,PQ,3537000000,3490824500,98.69450099,경호+삼보,99.68,2873900000,100.7783,N
대구국토관리사무소 공고 제2025-165호,20250709,대구 4권역 도로운영사업 통합건설사업관리용역,부산지방국토관리청 대구국토관리사무소,PQ,3537000000,3490824500,98.69450099,대콘+선진,99.58,2858800000,100.199,N
대구국토관리사무소 공고 제2025-165호,20250709,대구 4권역 도로운영사업 통합건설사업관리용역,부산지방국토관리청 대구국토관리사무소,PQ,3537000000,3490824500,98.69450099,경원+청명,99.56,2838990000,99.4924,N
대구국토관리사무소 공고 제2025-165호,20250709,대구 4권역 도로운영사업 통합건설사업관리용역,부산지방국토관리청 대구국토관리사무소,PQ,3537000000,3490824500,98.69450099,용마+삼영,99.41,2834260000,99.2528,Y
대구국토관리사무소 공고 제2025-165호,20250709,대구 4권역 도로운영사업 통합건설사업관리용역,부산지방국토관리청 대구국토관리사무소,PQ,3537000000,3490824500,98.69450099,진우+다음,99.41,2892148000,101.28,N
대구국토관리사무소 공고 제2025-165호,20250709,대구 4권역 도로운영사업 통합건설사업관리용역,부산지방국토관리청 대구국토관리사무소,PQ,3537000000,3490824500,98.69450099,화신+해인,99.34,3342400000,117.0039,N
,20250707,진주문산 공공주택지구 도시건축통합계획 설계공모,한국토지주택공사,현상공모,12955000000,0,0,KG+신성+이산+극동,94.73,0,0,Y
,20250707,진주문산 공공주택지구 도시건축통합계획 설계공모,한국토지주택공사,현상공모,12955000000,0,0,건화+대콘+동부+태조(정림),84.73,0,0,N
B5202506409,20250710,강원수열 클러스터 조성공사 건설사업관리용역,한국수자원공사,SOQ,4070000000,4129664647,101.4659618,건화+경호+보람,96.6,3378304000,100.7648,N
B5202506409,20250710,강원수열 클러스터 조성공사 건설사업관리용역,한국수자원공사,SOQ,4070000000,4129664647,101.4659618,한종+경동+KSM+드림,94.8,3465000000,101.7937,Y
B5202506409,20250710,강원수열 클러스터 조성공사 건설사업관리용역,한국수자원공사,SOQ,4070000000,4129664647,101.4659618,동해+동명+선진+태조,93.6,3417400000,99.397,N
B5202506409,20250710,강원수열 클러스터 조성공사 건설사업관리용역,한국수자원공사,SOQ,4070000000,4129664647,101.4659618,제일+도화+화신,93.3,3499870000,101.5432,N
B5202506409,20250710,강원수열 클러스터 조성공사 건설사업관리용역,한국수자원공사,SOQ,4070000000,4129664647,101.4659618,삼안+삼경+정,92.7,3533200000,102.0044,N
R25BK00952842-001,20250710,해도항 어촌신활력증진사업 기본계획 및 실시설계 용역,전라남도 보성군,PQ,460000000,460034500,100.0075,한종+신오,99.9,399470000,100.0995,Y
R25BK00952842-001,20250710,해도항 어촌신활력증진사업 기본계획 및 실시설계 용역,전라남도 보성군,PQ,460000000,460034500,100.0075,도화+우영,99.35,398500000,99.7989,N
R25BK00952842-001,20250710,해도항 어촌신활력증진사업 기본계획 및 실시설계 용역,전라남도 보성군,PQ,460000000,460034500,100.0075,유신+MH,99.15,402530000,100.7849,N
R25BK00952842-001,20250710,해도항 어촌신활력증진사업 기본계획 및 실시설계 용역,전라남도 보성군,PQ,460000000,460034500,100.0075,대영+해광,99.1,403300000,100.9777,N
R25BK00952842-001,20250710,해도항 어촌신활력증진사업 기본계획 및 실시설계 용역,전라남도 보성군,PQ,460000000,460034500,100.0075,수성+영진,96.64,398400000,99.5102,N
R25BK00952842-001,20250710,해도항 어촌신활력증진사업 기본계획 및 실시설계 용역,전라남도 보성군,PQ,460000000,460034500,100.0075,삼안+장강,96.04,405130000,101.1331,N
R25BK00952842-001,20250710,해도항 어촌신활력증진사업 기본계획 및 실시설계 용역,전라남도 보성군,PQ,460000000,460034500,100.0075,"건화+원우(중앙,일비,미래해양)",94.6,396100000,98.7428,N
R25BK00952842-001,20250710,해도항 어촌신활력증진사업 기본계획 및 실시설계 용역,전라남도 보성군,PQ,460000000,460034500,100.0075,서영+한기,94.5,404400000,100.8004,N
R25BK00952842-001,20250710,해도항 어촌신활력증진사업 기본계획 및 실시설계 용역,전라남도 보성군,PQ,460000000,460034500,100.0075,동명+만승,92.33,410200000,102.0238,N
R25BK00938372 - 000,20250704,제3연륙교 통합 유지관리용역,인천광역시 경제자유구역청,PQ,3623774000,3590679950,99.08675182,건화+바우+신화+도담,100,2912900000,100.4851,Y
R25BK00938372 - 000,20250704,제3연륙교 통합 유지관리용역,인천광역시 경제자유구역청,PQ,3623774000,3590679950,99.08675182,유신+장원,98.88,2917200000,99.7357,N
2502343-01,20250710,화성동탄2 택지개발사업 5단계(2-3 및 3-1공구 등) 조경 기본 및 실시설계 용역,한국토지주택공사,PQ,1411302000,1407372053,99.72153749,건화+정+송무,100,1128800000,99.9849,N
2502343-01,20250710,화성동탄2 택지개발사업 5단계(2-3 및 3-1공구 등) 조경 기본 및 실시설계 용역,한국토지주택공사,PQ,1411302000,1407372053,99.72153749,경동+도화+경진+이룸,100,1122890000,99.4614,N
2502343-01,20250710,화성동탄2 택지개발사업 5단계(2-3 및 3-1공구 등) 조경 기본 및 실시설계 용역,한국토지주택공사,PQ,1411302000,1407372053,99.72153749,KG+동부+미소,100,1120840000,99.2798,N
2502343-01,20250710,화성동탄2 택지개발사업 5단계(2-3 및 3-1공구 등) 조경 기본 및 실시설계 용역,한국토지주택공사,PQ,1411302000,1407372053,99.72153749,동일+수성+채움,100,1138000000,100.7998,N
2502343-01,20250710,화성동탄2 택지개발사업 5단계(2-3 및 3-1공구 등) 조경 기본 및 실시설계 용역,한국토지주택공사,PQ,1411302000,1407372053,99.72153749,유신+경호+지오조경+나무,100,1129509000,100.0477,N
2502343-01,20250710,화성동탄2 택지개발사업 5단계(2-3 및 3-1공구 등) 조경 기본 및 실시설계 용역,한국토지주택공사,PQ,1411302000,1407372053,99.72153749,선진+도건,100,1130487000,100.1343,N
2502343-01,20250710,화성동탄2 택지개발사업 5단계(2-3 및 3-1공구 등) 조경 기본 및 실시설계 용역,한국토지주택공사,PQ,1411302000,1407372053,99.72153749,동해+디엠,100,1127086000,99.833,Y
2502343-01,20250710,화성동탄2 택지개발사업 5단계(2-3 및 3-1공구 등) 조경 기본 및 실시설계 용역,한국토지주택공사,PQ,1411302000,1407372053,99.72153749,서영+한종+더림+엔스케이프,100,1127500000,99.8697,N
2502343-01,20250710,화성동탄2 택지개발사업 5단계(2-3 및 3-1공구 등) 조경 기본 및 실시설계 용역,한국토지주택공사,PQ,1411302000,1407372053,99.72153749,삼안+유화,100,1132340000,100.2984,N
R25BK00952958-000,20250710,아산시 노후하수관로 개량사업 실시설계 용역,충청남도 아산시,PQ,1340383000,1335916250,99.6667557,한맥+삼안+세원,99.74,1089100000,101.3571,N
R25BK00952958-000,20250710,아산시 노후하수관로 개량사업 실시설계 용역,충청남도 아산시,PQ,1340383000,1335916250,99.6667557,도화+천마+드림,99.32,1075251000,99.7323,Y
R25BK00952958-000,20250710,아산시 노후하수관로 개량사업 실시설계 용역,충청남도 아산시,PQ,1340383000,1335916250,99.6667557,이산+장맥,97.9,1075000000,98.5936,N
R25BK00952958-000,20250710,아산시 노후하수관로 개량사업 실시설계 용역,충청남도 아산시,PQ,1340383000,1335916250,99.6667557,동해+더그린+진화,97.71,1090650000,99.8816,N
R25BK00952958-000,20250710,아산시 노후하수관로 개량사업 실시설계 용역,충청남도 아산시,PQ,1340383000,1335916250,99.6667557,경호+강호,97.71,1074200000,98.3751,N
R25BK00952958-000,20250710,아산시 노후하수관로 개량사업 실시설계 용역,충청남도 아산시,PQ,1340383000,1335916250,99.6667557,수성+기산,97.7,1107500000,101.4123,N
R25BK00952958-000,20250710,아산시 노후하수관로 개량사업 실시설계 용역,충청남도 아산시,PQ,1340383000,1335916250,99.6667557,KG+건하,97.7,1089670000,99.7796,N
R25BK00952958-000,20250710,아산시 노후하수관로 개량사업 실시설계 용역,충청남도 아산시,PQ,1340383000,1335916250,99.6667557,정+세종,97.7,1089500000,99.764,N
R25BK00952958-000,20250710,아산시 노후하수관로 개량사업 실시설계 용역,충청남도 아산시,PQ,1340383000,1335916250,99.6667557,HEC+이룸+한영,97.7,1113920000,102.0001,N
R25BK00952958-000,20250710,아산시 노후하수관로 개량사업 실시설계 용역,충청남도 아산시,PQ,1340383000,1335916250,99.6667557,국성+동양,97.65,1074999000,98.4362,N
R25BK00952958-000,20250710,아산시 노후하수관로 개량사업 실시설계 용역,충청남도 아산시,PQ,1340383000,1335916250,99.6667557,제일+정안,97.64,1113300000,101.9434,N
R25BK00952958-000,20250710,아산시 노후하수관로 개량사업 실시설계 용역,충청남도 아산시,PQ,1340383000,1335916250,99.6667557,범한+경인,97.64,1073300000,98.2806,N
R25BK00952958-000,20250710,아산시 노후하수관로 개량사업 실시설계 용역,충청남도 아산시,PQ,1340383000,1335916250,99.6667557,건화+수성E,97.6,1111800000,101.806,N
R25BK00952958-000,20250710,아산시 노후하수관로 개량사업 실시설계 용역,충청남도 아산시,PQ,1340383000,1335916250,99.6667557,한종+송현R,97.6,1108900000,101.5031,N
R25BK00952958-000,20250710,아산시 노후하수관로 개량사업 실시설계 용역,충청남도 아산시,PQ,1340383000,1335916250,99.6667557,유신+SR+다산,97.57,1116610000,102.1963,N
R25BK00952958-000,20250710,아산시 노후하수관로 개량사업 실시설계 용역,충청남도 아산시,PQ,1340383000,1335916250,99.6667557,동명+경동+용마,97.56,1114000000,101.9574,N
R25BK00952958-000,20250710,아산시 노후하수관로 개량사업 실시설계 용역,충청남도 아산시,PQ,1340383000,1335916250,99.6667557,선진+세일,97.4,1114874000,102.0124,N
R25BK00952958-000,20250710,아산시 노후하수관로 개량사업 실시설계 용역,충청남도 아산시,PQ,1340383000,1335916250,99.6667557,화신+KD,97.36,1113834000,101.9172,N
R25BK00952958-000,20250710,아산시 노후하수관로 개량사업 실시설계 용역,충청남도 아산시,PQ,1340383000,1335916250,99.6667557,삼주+SHE,97.3,1116241000,102.1124,N
R25BK00952958-000,20250710,아산시 노후하수관로 개량사업 실시설계 용역,충청남도 아산시,PQ,1340383000,1335916250,99.6667557,홍익+계림,97.28,1119800000,102.4254,N
R25BK00953413-000,20250711,모종 및 용화 도시침수 대응사업 건설사업관리용역,충청남도 아산시,PQ,4013900000,4023804350,100.2467513,이산+드림+천마,100,3247800000,101.1486,Y
R25BK00953413-000,20250711,모종 및 용화 도시침수 대응사업 건설사업관리용역,충청남도 아산시,PQ,4013900000,4023804350,100.2467513,삼안+도화+한맥,100,3214130000,100.1,N
R25BK00953413-000,20250711,모종 및 용화 도시침수 대응사업 건설사업관리용역,충청남도 아산시,PQ,4013900000,4023804350,100.2467513,동성+다음+양지,99.67,3206870000,99.6,N
R25BK00953413-000,20250711,모종 및 용화 도시침수 대응사업 건설사업관리용역,충청남도 아산시,PQ,4013900000,4023804350,100.2467513,동명+더원+용마,99.4,3197540000,99.1002,N
R25BK00953413-000,20250711,모종 및 용화 도시침수 대응사업 건설사업관리용역,충청남도 아산시,PQ,4013900000,4023804350,100.2467513,KG+SH,99.15,3201310000,99.0199,N
R25BK00953413-000,20250711,모종 및 용화 도시침수 대응사업 건설사업관리용역,충청남도 아산시,PQ,4013900000,4023804350,100.2467513,수성+기산+우리,98.95,3199000000,98.789,N
R25BK00953413-000,20250711,모종 및 용화 도시침수 대응사업 건설사업관리용역,충청남도 아산시,PQ,4013900000,4023804350,100.2467513,대콘+윤창,98.9,3200555000,98.8003,N
R25BK00953413-000,20250711,모종 및 용화 도시침수 대응사업 건설사업관리용역,충청남도 아산시,PQ,4013900000,4023804350,100.2467513,서영+예당,98.84,3291300000,101.5513,N
R25BK00953413-000,20250711,모종 및 용화 도시침수 대응사업 건설사업관리용역,충청남도 아산시,PQ,4013900000,4023804350,100.2467513,제일+경인,98.62,3279100000,100.9997,N
R25BK00953413-000,20250711,모종 및 용화 도시침수 대응사업 건설사업관리용역,충청남도 아산시,PQ,4013900000,4023804350,100.2467513,신명+유원,98.57,3290000000,101.2979,N
R25BK00953413-000,20250711,모종 및 용화 도시침수 대응사업 건설사업관리용역,충청남도 아산시,PQ,4013900000,4023804350,100.2467513,동부+더그린,98.55,3299571000,101.58,N
R25BK00953413-000,20250711,모종 및 용화 도시침수 대응사업 건설사업관리용역,충청남도 아산시,PQ,4013900000,4023804350,100.2467513,홍익+계림,98.54,3303880000,101.7001,N
R25BK00953413-000,20250711,모종 및 용화 도시침수 대응사업 건설사업관리용역,충청남도 아산시,PQ,4013900000,4023804350,100.2467513,경동+동해+정안,98.41,3302790000,101.5661,N
R25BK00953413-000,20250711,모종 및 용화 도시침수 대응사업 건설사업관리용역,충청남도 아산시,PQ,4013900000,4023804350,100.2467513,KSM+세일,98.35,3308600000,101.6946,N
R25BK00953413-000,20250711,모종 및 용화 도시침수 대응사업 건설사업관리용역,충청남도 아산시,PQ,4013900000,4023804350,100.2467513,범한+수성E,98.05,3324000000,101.929,N
R25BK00953413-000,20250711,모종 및 용화 도시침수 대응사업 건설사업관리용역,충청남도 아산시,PQ,4013900000,4023804350,100.2467513,건일+건하,97.95,3322000000,101.78,N
R25BK00953413-000,20250711,모종 및 용화 도시침수 대응사업 건설사업관리용역,충청남도 아산시,PQ,4013900000,4023804350,100.2467513,KCI+이룸,97.49,3355000000,102.4258,N
R25BK00953413-000,20250711,모종 및 용화 도시침수 대응사업 건설사업관리용역,충청남도 아산시,PQ,4013900000,4023804350,100.2467513,동일+세종,96.7,3352000000,101.6986,N
R25BK00953413-000,20250711,모종 및 용화 도시침수 대응사업 건설사업관리용역,충청남도 아산시,PQ,4013900000,4023804350,100.2467513,청명+대신,96.3,3213479000,97.2,N
R25BK00953413-000,20250711,모종 및 용화 도시침수 대응사업 건설사업관리용역,충청남도 아산시,PQ,4013900000,4023804350,100.2467513,유신+장맥,94.06,3464764000,103,N
R25BK00953413-000,20250711,모종 및 용화 도시침수 대응사업 건설사업관리용역,충청남도 아산시,PQ,4013900000,4023804350,100.2467513,건화+송현R,94,3450000000,102.5244,N
R25BK00953413-000,20250711,모종 및 용화 도시침수 대응사업 건설사업관리용역,충청남도 아산시,PQ,4013900000,4023804350,100.2467513,경호+강호,93.81,3448000000,102.3063,N
R25BK00953413-000,20250711,모종 및 용화 도시침수 대응사업 건설사업관리용역,충청남도 아산시,PQ,4013900000,4023804350,100.2467513,경원+제성+극동,93.75,3430990000,101.7652,N
R25BK00953413-000,20250711,모종 및 용화 도시침수 대응사업 건설사업관리용역,충청남도 아산시,PQ,4013900000,4023804350,100.2467513,선진+SH이엔지,93.64,3453987000,102.3499,N
R25BK00953966-000,20250710,삼한소하천 정비사업 외 1개소 감독권한대행 등 통합건설사업관리용역,충청남도 천안시,PQ,2985000000,3014782875,100.9977513,동명+더원,100,2405700000,100.7475,N
R25BK00953966-000,20250710,삼한소하천 정비사업 외 1개소 감독권한대행 등 통합건설사업관리용역,충청남도 천안시,PQ,2985000000,3014782875,100.9977513,경동+동일,99.94,2386059000,99.875,N
R25BK00953966-000,20250710,삼한소하천 정비사업 외 1개소 감독권한대행 등 통합건설사업관리용역,충청남도 천안시,PQ,2985000000,3014782875,100.9977513,장맥+제일,99.7,2384500000,99.6106,N
R25BK00953966-000,20250710,삼한소하천 정비사업 외 1개소 감독권한대행 등 통합건설사업관리용역,충청남도 천안시,PQ,2985000000,3014782875,100.9977513,한종+드림,99.58,2374600000,99.1106,N
R25BK00953966-000,20250710,삼한소하천 정비사업 외 1개소 감독권한대행 등 통합건설사업관리용역,충청남도 천안시,PQ,2985000000,3014782875,100.9977513,동성+동국+상연,99.58,2401420000,100.23,N
R25BK00953966-000,20250710,삼한소하천 정비사업 외 1개소 감독권한대행 등 통합건설사업관리용역,충청남도 천안시,PQ,2985000000,3014782875,100.9977513,서영+예당,99.55,2380930000,99.35,N
R25BK00953966-000,20250710,삼한소하천 정비사업 외 1개소 감독권한대행 등 통합건설사업관리용역,충청남도 천안시,PQ,2985000000,3014782875,100.9977513,디엠+윤창+일신,99.46,2415790000,100.7293,N
R25BK00953966-000,20250710,삼한소하천 정비사업 외 1개소 감독권한대행 등 통합건설사업관리용역,충청남도 천안시,PQ,2985000000,3014782875,100.9977513,유신+신원,99.29,2372210000,98.777,N
R25BK00953966-000,20250710,삼한소하천 정비사업 외 1개소 감독권한대행 등 통합건설사업관리용역,충청남도 천안시,PQ,2985000000,3014782875,100.9977513,도화+송현R+SHeng,99.25,2370970000,98.7008,N
R25BK00953966-000,20250710,삼한소하천 정비사업 외 1개소 감독권한대행 등 통합건설사업관리용역,충청남도 천안시,PQ,2985000000,3014782875,100.9977513,KCI+KD,99.25,2424600000,100.9334,N
R25BK00953966-000,20250710,삼한소하천 정비사업 외 1개소 감독권한대행 등 통합건설사업관리용역,충청남도 천안시,PQ,2985000000,3014782875,100.9977513,건화+천마,99.23,2371500000,98.6983,N
R25BK00953966-000,20250710,삼한소하천 정비사업 외 1개소 감독권한대행 등 통합건설사업관리용역,충청남도 천안시,PQ,2985000000,3014782875,100.9977513,이산+동양,99.18,2372380000,98.6982,N
R25BK00953966-000,20250710,삼한소하천 정비사업 외 1개소 감독권한대행 등 통합건설사업관리용역,충청남도 천안시,PQ,2985000000,3014782875,100.9977513,KG+송현+GK,99.18,2441160000,101.5596,N
R25BK00953966-000,20250710,삼한소하천 정비사업 외 1개소 감독권한대행 등 통합건설사업관리용역,충청남도 천안시,PQ,2985000000,3014782875,100.9977513,극동+기산,99.1,2375820000,98.78,N
R25BK00953966-000,20250710,삼한소하천 정비사업 외 1개소 감독권한대행 등 통합건설사업관리용역,충청남도 천안시,PQ,2985000000,3014782875,100.9977513,바우+더그린+내경,99.06,2372000000,98.5844,N
R25BK00953966-000,20250710,삼한소하천 정비사업 외 1개소 감독권한대행 등 통합건설사업관리용역,충청남도 천안시,PQ,2985000000,3014782875,100.9977513,건일+세종,99.04,2388000000,99.2371,N
R25BK00953966-000,20250710,삼한소하천 정비사업 외 1개소 감독권한대행 등 통합건설사업관리용역,충청남도 천안시,PQ,2985000000,3014782875,100.9977513,수성+경인,98.99,2434695000,101.14,Y
R25BK00953966-000,20250710,삼한소하천 정비사업 외 1개소 감독권한대행 등 통합건설사업관리용역,충청남도 천안시,PQ,2985000000,3014782875,100.9977513,홍익+계림,98.92,2370200000,98.3998,N
R25BK00953966-000,20250710,삼한소하천 정비사업 외 1개소 감독권한대행 등 통합건설사업관리용역,충청남도 천안시,PQ,2985000000,3014782875,100.9977513,다음+양지+진우,98.92,2447586000,101.6125,N
R25BK00953966-000,20250710,삼한소하천 정비사업 외 1개소 감독권한대행 등 통합건설사업관리용역,충청남도 천안시,PQ,2985000000,3014782875,100.9977513,신명+유원,98.92,2375000000,98.599,N
R25BK00953966-000,20250710,삼한소하천 정비사업 외 1개소 감독권한대행 등 통합건설사업관리용역,충청남도 천안시,PQ,2985000000,3014782875,100.9977513,삼보+이룸,98.89,2368300000,98.2965,N
R25BK00953966-000,20250710,삼한소하천 정비사업 외 1개소 감독권한대행 등 통합건설사업관리용역,충청남도 천안시,PQ,2985000000,3014782875,100.9977513,삼안+한맥,98.88,2443870000,101.4331,N
R25BK00953966-000,20250710,삼한소하천 정비사업 외 1개소 감독권한대행 등 통합건설사업관리용역,충청남도 천안시,PQ,2985000000,3014782875,100.9977513,동해+정안,98.87,2444340000,101.44,N
R25BK00953966-000,20250710,삼한소하천 정비사업 외 1개소 감독권한대행 등 통합건설사업관리용역,충청남도 천안시,PQ,2985000000,3014782875,100.9977513,화신+SR,98.77,2351150000,97.5001,N
R25BK00953966-000,20250710,삼한소하천 정비사업 외 1개소 감독권한대행 등 통합건설사업관리용역,충청남도 천안시,PQ,2985000000,3014782875,100.9977513,동부+명성,98.7,2453462000,101.68,N
R25BK00953966-000,20250710,삼한소하천 정비사업 외 1개소 감독권한대행 등 통합건설사업관리용역,충청남도 천안시,PQ,2985000000,3014782875,100.9977513,선진+재성,98.65,2454848000,101.6997,N
R25BK00953966-000,20250710,삼한소하천 정비사업 외 1개소 감독권한대행 등 통합건설사업관리용역,충청남도 천안시,PQ,2985000000,3014782875,100.9977513,용마+세일,98.58,2457989600,101.7795,N
R25BK00953966-000,20250710,삼한소하천 정비사업 외 1개소 감독권한대행 등 통합건설사업관리용역,충청남도 천안시,PQ,2985000000,3014782875,100.9977513,청명+대신,98.55,2381793000,98.6,N
R25BK00953966-000,20250710,삼한소하천 정비사업 외 1개소 감독권한대행 등 통합건설사업관리용역,충청남도 천안시,PQ,2985000000,3014782875,100.9977513,다산+수성E,98.47,2475000000,102.3953,N
R25BK00954882-000,20250708,제주특별자치도 광역 하수도정비 기본계획(변경)용역,제주특별자치도 상하수도본부,TP,2166930000,2187169175,100.9340023,건화+해진+도화,99.29,1850000000,106.1143,Y
R25BK00954882-000,20250708,제주특별자치도 광역 하수도정비 기본계획(변경)용역,제주특별자치도 상하수도본부,TP,2166930000,2187169175,100.9340023,동성+JPM,91.11,1912400000,102.9981,N
R25BK00955127-000,20250711,용전천 외 6개하천 재해복구사업 실시설계용역,경상북도,PQ,611450000,613929450,100.4055033,건화+KCI(나래),100,525400000,100.5052,N
R25BK00955127-000,20250711,용전천 외 6개하천 재해복구사업 실시설계용역,경상북도,PQ,611450000,613929450,100.4055033,도화+해인건축,100,519619000,99.3993,N
R25BK00955127-000,20250711,용전천 외 6개하천 재해복구사업 실시설계용역,경상북도,PQ,611450000,613929450,100.4055033,극동+수성,100,520929000,99.6499,N
R25BK00955127-000,20250711,용전천 외 6개하천 재해복구사업 실시설계용역,경상북도,PQ,611450000,613929450,100.4055033,한종+주하,100,521660000,99.7897,N
R25BK00955127-000,20250711,용전천 외 6개하천 재해복구사업 실시설계용역,경상북도,PQ,611450000,613929450,100.4055033,다산+내경,100,522341000,99.92,N
R25BK00955127-000,20250711,용전천 외 6개하천 재해복구사업 실시설계용역,경상북도,PQ,611450000,613929450,100.4055033,진화+동성,100,521160000,99.6941,N
R25BK00955127-000,20250711,용전천 외 6개하천 재해복구사업 실시설계용역,경상북도,PQ,611450000,613929450,100.4055033,동명+명성,100,521450000,99.7496,N
R25BK00955127-000,20250711,용전천 외 6개하천 재해복구사업 실시설계용역,경상북도,PQ,611450000,613929450,100.4055033,한기+반석,100,521611000,99.7804,N
R25BK00955127-000,20250711,용전천 외 6개하천 재해복구사업 실시설계용역,경상북도,PQ,611450000,613929450,100.4055033,청명+KSM,100,521452000,99.7499,N
R25BK00955127-000,20250711,용전천 외 6개하천 재해복구사업 실시설계용역,경상북도,PQ,611450000,613929450,100.4055033,이산+강산+중방,100,524955000,100.42,Y
R25BK00955127-000,20250711,용전천 외 6개하천 재해복구사업 실시설계용역,경상북도,PQ,611450000,613929450,100.4055033,한맥+현대기술,99.58,518500000,99.0694,N
R25BK00955127-000,20250711,용전천 외 6개하천 재해복구사업 실시설계용역,경상북도,PQ,611450000,613929450,100.4055033,동진+삼경,99.57,528599000,100.999,N
R25BK00955127-000,20250711,용전천 외 6개하천 재해복구사업 실시설계용역,경상북도,PQ,611450000,613929450,100.4055033,화신+새론,99.03,532595000,101.62,N
R25BK00955127-000,20250711,용전천 외 6개하천 재해복구사업 실시설계용역,경상북도,PQ,611450000,613929450,100.4055033,정+온담,96.78,537550000,101.9825,N
R25BK00955127-000,20250711,용전천 외 6개하천 재해복구사업 실시설계용역,경상북도,PQ,611450000,613929450,100.4055033,동해+금일,94.93,546550000,103.1991,N
R25BK00955150-000,20250711,길안천 외 9개하천 재해복구사업 실시설계용역,경상북도,PQ,456750000,453583625,99.30675972,건화+KCI(나래),100,393400000,99.2913,N
R25BK00955150-000,20250711,길안천 외 9개하천 재해복구사업 실시설계용역,경상북도,PQ,456750000,453583625,99.30675972,도화+해인건축,100,397970000,100.4448,N
R25BK00955150-000,20250711,길안천 외 9개하천 재해복구사업 실시설계용역,경상북도,PQ,456750000,453583625,99.30675972,극동+수성,100,399179000,100.7499,N
R25BK00955150-000,20250711,길안천 외 9개하천 재해복구사업 실시설계용역,경상북도,PQ,456750000,453583625,99.30675972,한종+주하,100,397790000,100.3993,N
R25BK00955150-000,20250711,길안천 외 9개하천 재해복구사업 실시설계용역,경상북도,PQ,456750000,453583625,99.30675972,다산+내경,100,396684000,100.1202,N
R25BK00955150-000,20250711,길안천 외 9개하천 재해복구사업 실시설계용역,경상북도,PQ,456750000,453583625,99.30675972,진화+동성,100,393751000,99.3799,N
R25BK00955150-000,20250711,길안천 외 9개하천 재해복구사업 실시설계용역,경상북도,PQ,456750000,453583625,99.30675972,한기+반석,100,398783000,100.65,N
R25BK00955150-000,20250711,길안천 외 9개하천 재해복구사업 실시설계용역,경상북도,PQ,456750000,453583625,99.30675972,동명+명성,100,399060000,100.7199,N
R25BK00955150-000,20250711,길안천 외 9개하천 재해복구사업 실시설계용역,경상북도,PQ,456750000,453583625,99.30675972,청명+KSM,100,395811000,99.8999,N
R25BK00955150-000,20250711,길안천 외 9개하천 재해복구사업 실시설계용역,경상북도,PQ,456750000,453583625,99.30675972,이산+강산+중방,100,386000000,97.4236,N
R25BK00955150-000,20250711,길안천 외 9개하천 재해복구사업 실시설계용역,경상북도,PQ,456750000,453583625,99.30675972,한맥+현대기술,99.58,393030000,99.1522,N
R25BK00955150-000,20250711,길안천 외 9개하천 재해복구사업 실시설계용역,경상북도,PQ,456750000,453583625,99.30675972,동진+삼경,99.57,393735000,99.3301,Y
R25BK00955150-000,20250711,길안천 외 9개하천 재해복구사업 실시설계용역,경상북도,PQ,456750000,453583625,99.30675972,화신+새론,99.03,394636000,99.5001,N
R25BK00955150-000,20250711,길안천 외 9개하천 재해복구사업 실시설계용역,경상북도,PQ,456750000,453583625,99.30675972,정+온담,96.83,393366000,98.9747,N
R25BK00955150-000,20250711,길안천 외 9개하천 재해복구사업 실시설계용역,경상북도,PQ,456750000,453583625,99.30675972,동해+금일,94.93,405780000,101.8991,N
R25BK00952109-000,20250711,학소지구 우수저류시설 설치사업(토목기계) 건설사업관리용역,전북특별자치도 전주시,PQ,3379596000,3334393950,98.66250138,동부+인우,100,2722434000,100.7001,N
R25BK00952109-000,20250711,학소지구 우수저류시설 설치사업(토목기계) 건설사업관리용역,전북특별자치도 전주시,PQ,3379596000,3334393950,98.66250138,도화+세화,99.77,2708477000,99.9963,N
R25BK00952109-000,20250711,학소지구 우수저류시설 설치사업(토목기계) 건설사업관리용역,전북특별자치도 전주시,PQ,3379596000,3334393950,98.66250138,삼안+국성건설,99.58,2712500000,99.9951,N
R25BK00952109-000,20250711,학소지구 우수저류시설 설치사업(토목기계) 건설사업관리용역,전북특별자치도 전주시,PQ,3379596000,3334393950,98.66250138,건화+성원,99.5,2692500000,99.196,N
R25BK00952109-000,20250711,학소지구 우수저류시설 설치사업(토목기계) 건설사업관리용역,전북특별자치도 전주시,PQ,3379596000,3334393950,98.66250138,KG+성광,99.26,2725710000,100.2199,N
R25BK00952109-000,20250711,학소지구 우수저류시설 설치사업(토목기계) 건설사업관리용역,전북특별자치도 전주시,PQ,3379596000,3334393950,98.66250138,디엠+화신+JMD,99.26,2697140000,99.1694,N
R25BK00952109-000,20250711,학소지구 우수저류시설 설치사업(토목기계) 건설사업관리용역,전북특별자치도 전주시,PQ,3379596000,3334393950,98.66250138,수성+태영,99.22,2687687880,98.7973,Y
R25BK00952109-000,20250711,학소지구 우수저류시설 설치사업(토목기계) 건설사업관리용역,전북특별자치도 전주시,PQ,3379596000,3334393950,98.66250138,극동+신한,99.06,2755995000,101.17,N
R25BK00952109-000,20250711,학소지구 우수저류시설 설치사업(토목기계) 건설사업관리용역,전북특별자치도 전주시,PQ,3379596000,3334393950,98.66250138,한종+한가람,99,2688880000,98.6695,N
R25BK00952109-000,20250711,학소지구 우수저류시설 설치사업(토목기계) 건설사업관리용역,전북특별자치도 전주시,PQ,3379596000,3334393950,98.66250138,서영+JCN,98.98,2693100000,98.7999,N
R25BK00952109-000,20250711,학소지구 우수저류시설 설치사업(토목기계) 건설사업관리용역,전북특별자치도 전주시,PQ,3379596000,3334393950,98.66250138,신명+현성,98.92,2678000000,98.1972,N
R25BK00952109-000,20250711,학소지구 우수저류시설 설치사업(토목기계) 건설사업관리용역,전북특별자치도 전주시,PQ,3379596000,3334393950,98.66250138,KCI+대진,98.73,2690000000,98.4908,N
R25BK00952109-000,20250711,학소지구 우수저류시설 설치사업(토목기계) 건설사업관리용역,전북특별자치도 전주시,PQ,3379596000,3334393950,98.66250138,동해+태하,98.72,2688600000,98.4395,N
R25BK00952109-000,20250711,학소지구 우수저류시설 설치사업(토목기계) 건설사업관리용역,전북특별자치도 전주시,PQ,3379596000,3334393950,98.66250138,경호+호건,98.69,2695400000,98.6641,N
R25BK00952109-000,20250711,학소지구 우수저류시설 설치사업(토목기계) 건설사업관리용역,전북특별자치도 전주시,PQ,3379596000,3334393950,98.66250138,바우+태평+내경,98.64,2690000000,98.4177,N
R25BK00952109-000,20250711,학소지구 우수저류시설 설치사업(토목기계) 건설사업관리용역,전북특별자치도 전주시,PQ,3379596000,3334393950,98.66250138,유신+새롬,98.63,2690337000,98.43,N
R25BK00952109-000,20250711,학소지구 우수저류시설 설치사업(토목기계) 건설사업관리용역,전북특별자치도 전주시,PQ,3379596000,3334393950,98.66250138,다산+조화,98.5,2784379000,101.77,N
R25BK00952109-000,20250711,학소지구 우수저류시설 설치사업(토목기계) 건설사업관리용역,전북특별자치도 전주시,PQ,3379596000,3334393950,98.66250138,대콘+새움,98.45,2655184000,97,N
R25BK00952109-000,20250711,학소지구 우수저류시설 설치사업(토목기계) 건설사업관리용역,전북특별자치도 전주시,PQ,3379596000,3334393950,98.66250138,동성+대성,98.42,2785073000,101.72,N
R25BK00952109-000,20250711,학소지구 우수저류시설 설치사업(토목기계) 건설사업관리용역,전북특별자치도 전주시,PQ,3379596000,3334393950,98.66250138,이산+건일,98.4,2691600000,98.2939,N
R25BK00952109-000,20250711,학소지구 우수저류시설 설치사업(토목기계) 건설사업관리용역,전북특별자치도 전주시,PQ,3379596000,3334393950,98.66250138,KSM+더한,98.4,2790000000,101.8874,N
R25BK00952109-000,20250711,학소지구 우수저류시설 설치사업(토목기계) 건설사업관리용역,전북특별자치도 전주시,PQ,3379596000,3334393950,98.66250138,동명+대도,98.3,2792400000,101.8996,N
R25BK00952109-000,20250711,학소지구 우수저류시설 설치사업(토목기계) 건설사업관리용역,전북특별자치도 전주시,PQ,3379596000,3334393950,98.66250138,선진+천마,98.3,2784144000,101.5983,N
R25BK00952109-000,20250711,학소지구 우수저류시설 설치사업(토목기계) 건설사업관리용역,전북특별자치도 전주시,PQ,3379596000,3334393950,98.66250138,건일+가온+아라+경화,98.2,2783000000,101.4689,N
R25BK00952109-000,20250711,학소지구 우수저류시설 설치사업(토목기계) 건설사업관리용역,전북특별자치도 전주시,PQ,3379596000,3334393950,98.66250138,홍익+세종,98.03,2797237000,101.85,N
R25BK00952109-000,20250711,학소지구 우수저류시설 설치사업(토목기계) 건설사업관리용역,전북특별자치도 전주시,PQ,3379596000,3334393950,98.66250138,한맥+아성+다온+장강,97.75,2808300000,102.0393,N
R25BK00952109-000,20250711,학소지구 우수저류시설 설치사업(토목기계) 건설사업관리용역,전북특별자치도 전주시,PQ,3379596000,3334393950,98.66250138,제일+온길,97.7,3157000000,114.653,N
R25BK00954746-000,20250711,호남부산2 농어촌마을 하수도 정비사업 외 1건 통합건설사업관리용역,경상북도 영천시 환경사업소,PQ,4466386000,4479718200,100.2985008,건화+청우+새론,100,3563960000,99.7502,N
R25BK00954746-000,20250711,호남부산2 농어촌마을 하수도 정비사업 외 1건 통합건설사업관리용역,경상북도 영천시 환경사업소,PQ,4466386000,4479718200,100.2985008,KCI+범한,100,3555990000,99.5271,N
R25BK00954746-000,20250711,호남부산2 농어촌마을 하수도 정비사업 외 1건 통합건설사업관리용역,경상북도 영천시 환경사업소,PQ,4466386000,4479718200,100.2985008,KSM+KG+주하,100,3551400000,99.3987,N
R25BK00954746-000,20250711,호남부산2 농어촌마을 하수도 정비사업 외 1건 통합건설사업관리용역,경상북도 영천시 환경사업소,PQ,4466386000,4479718200,100.2985008,건일+강산,100,3556300000,99.5358,N
R25BK00954746-000,20250711,호남부산2 농어촌마을 하수도 정비사업 외 1건 통합건설사업관리용역,경상북도 영천시 환경사업소,PQ,4466386000,4479718200,100.2985008,경동+동아,100,3598578000,100.7191,N
R25BK00954746-000,20250711,호남부산2 농어촌마을 하수도 정비사업 외 1건 통합건설사업관리용역,경상북도 영천시 환경사업소,PQ,4466386000,4479718200,100.2985008,경원+동익,100,3634990000,101.7382,N
R25BK00954746-000,20250711,호남부산2 농어촌마을 하수도 정비사업 외 1건 통합건설사업관리용역,경상북도 영천시 환경사업소,PQ,4466386000,4479718200,100.2985008,다산+서영,100,3566455000,99.82,N
R25BK00954746-000,20250711,호남부산2 농어촌마을 하수도 정비사업 외 1건 통합건설사업관리용역,경상북도 영천시 환경사업소,PQ,4466386000,4479718200,100.2985008,대콘+한주,100,3575388800,100.0701,N
R25BK00954746-000,20250711,호남부산2 농어촌마을 하수도 정비사업 외 1건 통합건설사업관리용역,경상북도 영천시 환경사업소,PQ,4466386000,4479718200,100.2985008,도화+청명,100,3615750000,101.1997,N
R25BK00954746-000,20250711,호남부산2 농어촌마을 하수도 정비사업 외 1건 통합건설사업관리용역,경상북도 영천시 환경사업소,PQ,4466386000,4479718200,100.2985008,동명+상금,100,3555991000,99.5271,N
R25BK00954746-000,20250711,호남부산2 농어촌마을 하수도 정비사업 외 1건 통합건설사업관리용역,경상북도 영천시 환경사업소,PQ,4466386000,4479718200,100.2985008,동부+보원,100,3538227000,99.03,N
R25BK00954746-000,20250711,호남부산2 농어촌마을 하수도 정비사업 외 1건 통합건설사업관리용역,경상북도 영천시 환경사업소,PQ,4466386000,4479718200,100.2985008,동성+정+천마+DS,100,3553592000,99.46,N
R25BK00954746-000,20250711,호남부산2 농어촌마을 하수도 정비사업 외 1건 통합건설사업관리용역,경상북도 영천시 환경사업소,PQ,4466386000,4479718200,100.2985008,동일+삼안+한도,100,3544000000,99.1915,N
R25BK00954746-000,20250711,호남부산2 농어촌마을 하수도 정비사업 외 1건 통합건설사업관리용역,경상북도 영천시 환경사업소,PQ,4466386000,4479718200,100.2985008,동해+극동,100,3580750000,100.2201,N
R25BK00954746-000,20250711,호남부산2 농어촌마을 하수도 정비사업 외 1건 통합건설사업관리용역,경상북도 영천시 환경사업소,PQ,4466386000,4479718200,100.2985008,선진+태성,100,3577637000,100.133,N
R25BK00954746-000,20250711,호남부산2 농어촌마을 하수도 정비사업 외 1건 통합건설사업관리용역,경상북도 영천시 환경사업소,PQ,4466386000,4479718200,100.2985008,수성+해인+가람,100,3569219899,99.8974,N
R25BK00954746-000,20250711,호남부산2 농어촌마을 하수도 정비사업 외 1건 통합건설사업관리용역,경상북도 영천시 환경사업소,PQ,4466386000,4479718200,100.2985008,신명+승보,100,3571000000,99.9472,N
R25BK00954746-000,20250711,호남부산2 농어촌마을 하수도 정비사업 외 1건 통합건설사업관리용역,경상북도 영천시 환경사업소,PQ,4466386000,4479718200,100.2985008,유신+동진,100,3565760000,99.8006,N
R25BK00954746-000,20250711,호남부산2 농어촌마을 하수도 정비사업 외 1건 통합건설사업관리용역,경상북도 영천시 환경사업소,PQ,4466386000,4479718200,100.2985008,이산+태양+JCN,100,3565674000,99.7982,N
R25BK00954746-000,20250711,호남부산2 농어촌마을 하수도 정비사업 외 1건 통합건설사업관리용역,경상북도 영천시 환경사업소,PQ,4466386000,4479718200,100.2985008,제일+우수,100,3591000000,100.507,Y
R25BK00954746-000,20250711,호남부산2 농어촌마을 하수도 정비사업 외 1건 통합건설사업관리용역,경상북도 영천시 환경사업소,PQ,4466386000,4479718200,100.2985008,한종+세원E+정수,100,3581110000,100.2302,N
R25BK00954746-000,20250711,호남부산2 농어촌마을 하수도 정비사업 외 1건 통합건설사업관리용역,경상북도 영천시 환경사업소,PQ,4466386000,4479718200,100.2985008,홍익+강동,99.93,4198500000,117.4367,N
R25BK00956346 - 000,20250714,생천 정비사업 및 읍내재해위험지구 건설사업관리용역,세종특별자치시,PQ,3084561000,3076479500,99.73800162,건화+신원(이에스),100,2470700000,100.1299,N
R25BK00956346 - 000,20250714,생천 정비사업 및 읍내재해위험지구 건설사업관리용역,세종특별자치시,PQ,3084561000,3076479500,99.73800162,동명+청우건축+(주)서영),100,2466260000,99.95,Y
R25BK00956346 - 000,20250714,생천 정비사업 및 읍내재해위험지구 건설사업관리용역,세종특별자치시,PQ,3084561000,3076479500,99.73800162,경원+다산+진우,100,2917000000,118.2171,N
R25BK00956346 - 000,20250714,생천 정비사업 및 읍내재해위험지구 건설사업관리용역,세종특별자치시,PQ,3084561000,3076479500,99.73800162,서영+한맥+바우+KI,100,2453930000,99.4503,N
R25BK00956346 - 000,20250714,생천 정비사업 및 읍내재해위험지구 건설사업관리용역,세종특별자치시,PQ,3084561000,3076479500,99.73800162,도화+송현R+디엠,100,2482280000,100.5992,N
R25BK00956346 - 000,20250714,생천 정비사업 및 읍내재해위험지구 건설사업관리용역,세종특별자치시,PQ,3084561000,3076479500,99.73800162,동성+동국+다음,100,2454170000,99.46,N
R25BK00956346 - 000,20250714,생천 정비사업 및 읍내재해위험지구 건설사업관리용역,세종특별자치시,PQ,3084561000,3076479500,99.73800162,수성+윤창+현산,100,2449488999,99.2703,N
R25BK00956346 - 000,20250714,생천 정비사업 및 읍내재해위험지구 건설사업관리용역,세종특별자치시,PQ,3084561000,3076479500,99.73800162,한종+수성E,100,2473270000,100.2341,N
R25BK00956346 - 000,20250714,생천 정비사업 및 읍내재해위험지구 건설사업관리용역,세종특별자치시,PQ,3084561000,3076479500,99.73800162,경동+태조,100,2468957000,100.0593,N
R25BK00956346 - 000,20250714,생천 정비사업 및 읍내재해위험지구 건설사업관리용역,세종특별자치시,PQ,3084561000,3076479500,99.73800162,홍익+유신,100,2446520000,99.15,N
R25BK00956346 - 000,20250714,생천 정비사업 및 읍내재해위험지구 건설사업관리용역,세종특별자치시,PQ,3084561000,3076479500,99.73800162,동부+천마,100,2443562000,99.0301,N
R25BK00956346 - 000,20250714,생천 정비사업 및 읍내재해위험지구 건설사업관리용역,세종특별자치시,PQ,3084561000,3076479500,99.73800162,건일+세종,100,2451000000,99.3315,N
R25BK00956346 - 000,20250714,생천 정비사업 및 읍내재해위험지구 건설사업관리용역,세종특별자치시,PQ,3084561000,3076479500,99.73800162,이산+장맥,100,2469700000,100.0894,N
R25BK00956346 - 000,20250714,생천 정비사업 및 읍내재해위험지구 건설사업관리용역,세종특별자치시,PQ,3084561000,3076479500,99.73800162,삼안+SH,100,2473460000,100.2418,N
R25BK00956346 - 000,20250714,생천 정비사업 및 읍내재해위험지구 건설사업관리용역,세종특별자치시,PQ,3084561000,3076479500,99.73800162,신명＋유원＋화우,100,2486000000,100.75,N
R25BK00956346 - 000,20250714,생천 정비사업 및 읍내재해위험지구 건설사업관리용역,세종특별자치시,PQ,3084561000,3076479500,99.73800162,극동+경호+기산,99.93,2491998000,100.93,N
R25BK00956315-000,20250714,신평농공단지 조성사업 개발계획 수립 및 기본·실시설계 용역,강원특별자치도 원주시,PQ,2337000000,2294630250,98.18700257,유신+일신+서광,99.1,1895296000,100.651,N
R25BK00956315-000,20250714,신평농공단지 조성사업 개발계획 수립 및 기본·실시설계 용역,강원특별자치도 원주시,PQ,2337000000,2294630250,98.18700257,동일+화신+동강,98.08,1888742000,99.5003,N
R25BK00956315-000,20250714,신평농공단지 조성사업 개발계획 수립 및 기본·실시설계 용역,강원특별자치도 원주시,PQ,2337000000,2294630250,98.18700257,삼안+청솔,97.83,1917190000,100.8004,N
R25BK00956315-000,20250714,신평농공단지 조성사업 개발계획 수립 및 기본·실시설계 용역,강원특별자치도 원주시,PQ,2337000000,2294630250,98.18700257,KG+GK,97.81,1922600000,101.06,N
R25BK00956315-000,20250714,신평농공단지 조성사업 개발계획 수립 및 기본·실시설계 용역,강원특별자치도 원주시,PQ,2337000000,2294630250,98.18700257,서영+삼주+선진,97.8,1918600000,100.8497,N
R25BK00956315-000,20250714,신평농공단지 조성사업 개발계획 수립 및 기본·실시설계 용역,강원특별자치도 원주시,PQ,2337000000,2294630250,98.18700257,도화+정,97.72,1920890000,100.9081,N
R25BK00956315-000,20250714,신평농공단지 조성사업 개발계획 수립 및 기본·실시설계 용역,강원특별자치도 원주시,PQ,2337000000,2294630250,98.18700257,"건화+경원+새론(온탑,정민)",97.64,1881800000,98.7819,N
R25BK00956315-000,20250714,신평농공단지 조성사업 개발계획 수립 및 기본·실시설계 용역,강원특별자치도 원주시,PQ,2337000000,2294630250,98.18700257,한도+미래,97.57,1889740000,99.15,N
R25BK00956315-000,20250714,신평농공단지 조성사업 개발계획 수립 및 기본·실시설계 용역,강원특별자치도 원주시,PQ,2337000000,2294630250,98.18700257,동명+DM,97.56,1923000000,100.8827,N
R25BK00956315-000,20250714,신평농공단지 조성사업 개발계획 수립 및 기본·실시설계 용역,강원특별자치도 원주시,PQ,2337000000,2294630250,98.18700257,경동+고려,97.56,1931497000,101.3285,N
R25BK00956315-000,20250714,신평농공단지 조성사업 개발계획 수립 및 기본·실시설계 용역,강원특별자치도 원주시,PQ,2337000000,2294630250,98.18700257,한종+삼경+동서,97.44,1934660000,101.4074,N
R25BK00956315-000,20250714,신평농공단지 조성사업 개발계획 수립 및 기본·실시설계 용역,강원특별자치도 원주시,PQ,2337000000,2294630250,98.18700257,제일+국일,97.35,1941700000,101.7016,N
R25BK00956315-000,20250714,신평농공단지 조성사업 개발계획 수립 및 기본·실시설계 용역,강원특별자치도 원주시,PQ,2337000000,2294630250,98.18700257,경호+진화,97.32,1878870000,98.3867,Y
R25BK00956315-000,20250714,신평농공단지 조성사업 개발계획 수립 및 기본·실시설계 용역,강원특별자치도 원주시,PQ,2337000000,2294630250,98.18700257,동해+(주)동해+한울,97.2,1940127000,101.495,N
R25BK00956315-000,20250714,신평농공단지 조성사업 개발계획 수립 및 기본·실시설계 용역,강원특별자치도 원주시,PQ,2337000000,2294630250,98.18700257,수성+현산+태조,97.18,2196780000,114.9074,N
R25BK00956315-000,20250714,신평농공단지 조성사업 개발계획 수립 및 기본·실시설계 용역,강원특별자치도 원주시,PQ,2337000000,2294630250,98.18700257,장맥+한국,96.54,2100000000,109.2973,N
R25BK00958512-000,20250714,갈남1리 농어촌 마을하수도 증설사업 외 3건 통합건설사업관리 용역,강원특별자치도 삼척시 하수도사업소,PQ,2530500000,2502101500,98.87775143,동명+지원+삼원,100,2026804000,100.125,N
R25BK00958512-000,20250714,갈남1리 농어촌 마을하수도 증설사업 외 3건 통합건설사업관리 용역,강원특별자치도 삼척시 하수도사업소,PQ,2530500000,2502101500,98.87775143,동성+한울,99.7,2039888000,100.52,N
R25BK00958512-000,20250714,갈남1리 농어촌 마을하수도 증설사업 외 3건 통합건설사업관리 용역,강원특별자치도 삼척시 하수도사업소,PQ,2530500000,2502101500,98.87775143,다산+동남,99.56,2033238000,100.08,N
R25BK00958512-000,20250714,갈남1리 농어촌 마을하수도 증설사업 외 3건 통합건설사업관리 용역,강원특별자치도 삼척시 하수도사업소,PQ,2530500000,2502101500,98.87775143,도화+경원,99.48,2017170000,99.2273,N
R25BK00958512-000,20250714,갈남1리 농어촌 마을하수도 증설사업 외 3건 통합건설사업관리 용역,강원특별자치도 삼척시 하수도사업소,PQ,2530500000,2502101500,98.87775143,삼안+정+강일,99.47,2020260000,99.3793,N
R25BK00958512-000,20250714,갈남1리 농어촌 마을하수도 증설사업 외 3건 통합건설사업관리 용역,강원특별자치도 삼척시 하수도사업소,PQ,2530500000,2502101500,98.87775143,유신+성안,99.45,2022999000,99.4893,N
R25BK00958512-000,20250714,갈남1리 농어촌 마을하수도 증설사업 외 3건 통합건설사업관리 용역,강원특별자치도 삼척시 하수도사업소,PQ,2530500000,2502101500,98.87775143,경호+삼경,99.4,2013400000,98.9803,Y
R25BK00958512-000,20250714,갈남1리 농어촌 마을하수도 증설사업 외 3건 통합건설사업관리 용역,강원특별자치도 삼척시 하수도사업소,PQ,2530500000,2502101500,98.87775143,수성+반석+수인+ITM,99.16,2060188000,101.0918,N
R25BK00958512-000,20250714,갈남1리 농어촌 마을하수도 증설사업 외 3건 통합건설사업관리 용역,강원특별자치도 삼척시 하수도사업소,PQ,2530500000,2502101500,98.87775143,건화+서광,99.13,2060700000,101.0918,N
R25BK00958512-000,20250714,갈남1리 농어촌 마을하수도 증설사업 외 3건 통합건설사업관리 용역,강원특별자치도 삼척시 하수도사업소,PQ,2530500000,2502101500,98.87775143,이산+한국+고려,98.98,2062000000,101.0302,N
R25BK00958512-000,20250714,갈남1리 농어촌 마을하수도 증설사업 외 3건 통합건설사업관리 용역,강원특별자치도 삼척시 하수도사업소,PQ,2530500000,2502101500,98.87775143,한맥+국일+바우,98.97,2010800000,98.5216,N
R25BK00958512-000,20250714,갈남1리 농어촌 마을하수도 증설사업 외 3건 통합건설사업관리 용역,강원특별자치도 삼척시 하수도사업소,PQ,2530500000,2502101500,98.87775143,건일+바셈+정원,98.95,2025000000,99.1927,N
R25BK00958512-000,20250714,갈남1리 농어촌 마을하수도 증설사업 외 3건 통합건설사업관리 용역,강원특별자치도 삼척시 하수도사업소,PQ,2530500000,2502101500,98.87775143,한종+정민,98.9,2013600000,98.5976,N
R25BK00958512-000,20250714,갈남1리 농어촌 마을하수도 증설사업 외 3건 통합건설사업관리 용역,강원특별자치도 삼척시 하수도사업소,PQ,2530500000,2502101500,98.87775143,동일+화신+동강,98.83,2070000000,101.3091,N
R25BK00958512-000,20250714,갈남1리 농어촌 마을하수도 증설사업 외 3건 통합건설사업관리 용역,강원특별자치도 삼척시 하수도사업소,PQ,2530500000,2502101500,98.87775143,선진+세라,98.74,2078877000,101.668,N
R25BK00958512-000,20250714,갈남1리 농어촌 마을하수도 증설사업 외 3건 통합건설사업관리 용역,강원특별자치도 삼척시 하수도사업소,PQ,2530500000,2502101500,98.87775143,신명+화인,98.72,2075000000,101.4658,N
R25BK00958512-000,20250714,갈남1리 농어촌 마을하수도 증설사업 외 3건 통합건설사업관리 용역,강원특별자치도 삼척시 하수도사업소,PQ,2530500000,2502101500,98.87775143,KSM+오대+문창,98.6,2079790000,101.5995,N
R25BK00958512-000,20250714,갈남1리 농어촌 마을하수도 증설사업 외 3건 통합건설사업관리 용역,강원특별자치도 삼척시 하수도사업소,PQ,2530500000,2502101500,98.87775143,동부+JM+효창,98.58,2069000000,101.0599,N
R25BK00958512-000,20250714,갈남1리 농어촌 마을하수도 증설사업 외 3건 통합건설사업관리 용역,강원특별자치도 삼척시 하수도사업소,PQ,2530500000,2502101500,98.87775143,극동+유비+현산,98.45,2084625000,101.7099,N
R25BK00958512-000,20250714,갈남1리 농어촌 마을하수도 증설사업 외 3건 통합건설사업관리 용역,강원특별자치도 삼척시 하수도사업소,PQ,2530500000,2502101500,98.87775143,홍익+청솔,98.4,1988830000,97.0001,N
R25BK00958512-000,20250714,갈남1리 농어촌 마을하수도 증설사업 외 3건 통합건설사업관리 용역,강원특별자치도 삼척시 하수도사업소,PQ,2530500000,2502101500,98.87775143,제일+진화공사,98.29,2098800000,102.2753,N
R25BK00958512-000,20250714,갈남1리 농어촌 마을하수도 증설사업 외 3건 통합건설사업관리 용역,강원특별자치도 삼척시 하수도사업소,PQ,2530500000,2502101500,98.87775143,동해+서강+(주)동해,98.13,2022730000,98.447,N
R25BK00956922-001,20250718,명사십리 관광지 지정 및 조성계획 수립용역,전북특별자치도 고창군,PQ,1548406000,1535705225,99.17975163,경호+JCN,100,1237000000,99.867,N
R25BK00956922-001,20250718,명사십리 관광지 지정 및 조성계획 수립용역,전북특별자치도 고창군,PQ,1548406000,1535705225,99.17975163,동명+더한,100,1244840000,100.5,N
R25BK00956922-001,20250718,명사십리 관광지 지정 및 조성계획 수립용역,전북특별자치도 고창군,PQ,1548406000,1535705225,99.17975163,도화+국성,99.9,1234790000,99.6014,N
R25BK00956922-001,20250718,명사십리 관광지 지정 및 조성계획 수립용역,전북특별자치도 고창군,PQ,1548406000,1535705225,99.17975163,유신+인우,99.85,1232116000,99.3485,Y
R25BK00956922-001,20250718,명사십리 관광지 지정 및 조성계획 수립용역,전북특별자치도 고창군,PQ,1548406000,1535705225,99.17975163,KG+태하+성원,99.64,1252790000,100.8392,N
R25BK00956922-001,20250718,명사십리 관광지 지정 및 조성계획 수립용역,전북특별자치도 고창군,PQ,1548406000,1535705225,99.17975163,삼안+태영기술,99.64,1252790000,100.8392,N
R25BK00956922-001,20250718,명사십리 관광지 지정 및 조성계획 수립용역,전북특별자치도 고창군,PQ,1548406000,1535705225,99.17975163,건화+한가람+경원(태평),99.6,1229600000,98.948,N
R25BK00956922-001,20250718,명사십리 관광지 지정 및 조성계획 수립용역,전북특별자치도 고창군,PQ,1548406000,1535705225,99.17975163,한도+삼화+신한+대성,99.51,1233660000,99.2005,N
R25BK00956922-001,20250718,명사십리 관광지 지정 및 조성계획 수립용역,전북특별자치도 고창군,PQ,1548406000,1535705225,99.17975163,동해+조화+경동,99.5,1259460000,101.2751,N
R25BK00956922-001,20250718,명사십리 관광지 지정 및 조성계획 수립용역,전북특별자치도 고창군,PQ,1548406000,1535705225,99.17975163,화신+고산+다온,99.4,1231244000,98.92,N
R25BK00956922-001,20250718,명사십리 관광지 지정 및 조성계획 수립용역,전북특별자치도 고창군,PQ,1548406000,1535705225,99.17975163,선진+대성,99.34,1228987000,98.6896,N
R25BK00956922-001,20250718,명사십리 관광지 지정 및 조성계획 수립용역,전북특별자치도 고창군,PQ,1548406000,1535705225,99.17975163,한종+태원,99.32,1262500000,101.3681,N
R25BK00956922-001,20250718,명사십리 관광지 지정 및 조성계획 수립용역,전북특별자치도 고창군,PQ,1548406000,1535705225,99.17975163,제일+현성,98.72,1280000000,102.29,N
R25BK00956922-001,20250718,명사십리 관광지 지정 및 조성계획 수립용역,전북특별자치도 고창군,PQ,1548406000,1535705225,99.17975163,정+이룸,97.6,1300000000,102.9709,N
R25BK00958922-000,20250714,여수 금오도 해상교량 건설공사 기본 및 실시설계용역,전라남도,TP,8704700000,8724960225,100.2327504,유신+삼안+동아+건화(해림),100,7512230000,107.1994,Y
R25BK00958922-000,20250714,여수 금오도 해상교량 건설공사 기본 및 실시설계용역,전라남도,TP,8704700000,8724960225,100.2327504,일신+신오+금아,92.72,7527400000,102.15,N
R25BK00959717-000,20250715,추도지구 도서지역 식수원 개발사업 건설사업관리용역,경상남도 통영시,PQ,3338000000,3299304275,98.8407512,동성+나인,98.96,2694752000,100.08,N
R25BK00959717-000,20250715,추도지구 도서지역 식수원 개발사업 건설사업관리용역,경상남도 통영시,PQ,3338000000,3299304275,98.8407512,도화+신화,98.94,2689689000,99.8796,N
R25BK00959717-000,20250715,추도지구 도서지역 식수원 개발사업 건설사업관리용역,경상남도 통영시,PQ,3338000000,3299304275,98.8407512,삼안+천진+한올,98.92,2686860000,99.7498,N
R25BK00959717-000,20250715,추도지구 도서지역 식수원 개발사업 건설사업관리용역,경상남도 통영시,PQ,3338000000,3299304275,98.8407512,한종+로텍,98.84,2700800000,100.2052,N
R25BK00959717-000,20250715,추도지구 도서지역 식수원 개발사업 건설사업관리용역,경상남도 통영시,PQ,3338000000,3299304275,98.8407512,수성+서화,98.84,2704000000,100.324,N
R25BK00959717-000,20250715,추도지구 도서지역 식수원 개발사업 건설사업관리용역,경상남도 통영시,PQ,3338000000,3299304275,98.8407512,신명+우일,98.84,2696000000,100.0272,N
R25BK00959717-000,20250715,추도지구 도서지역 식수원 개발사업 건설사업관리용역,경상남도 통영시,PQ,3338000000,3299304275,98.8407512,범한+아라,98.82,2695500000,99.9962,N
R25BK00959717-000,20250715,추도지구 도서지역 식수원 개발사업 건설사업관리용역,경상남도 통영시,PQ,3338000000,3299304275,98.8407512,대콘+주원,98.75,2715346000,100.6826,N
R25BK00959717-000,20250715,추도지구 도서지역 식수원 개발사업 건설사업관리용역,경상남도 통영시,PQ,3338000000,3299304275,98.8407512,극동+한성,98.72,2720534000,100.85,N
R25BK00959717-000,20250715,추도지구 도서지역 식수원 개발사업 건설사업관리용역,경상남도 통영시,PQ,3338000000,3299304275,98.8407512,경원+경남,98.69,2726970000,101.0636,N
R25BK00959717-000,20250715,추도지구 도서지역 식수원 개발사업 건설사업관리용역,경상남도 통영시,PQ,3338000000,3299304275,98.8407512,동명+해진,98.61,2711800000,100.4392,N
R25BK00959717-000,20250715,추도지구 도서지역 식수원 개발사업 건설사업관리용역,경상남도 통영시,PQ,3338000000,3299304275,98.8407512,다음+현진+KG,98.6,2729927000,101.0981,N
R25BK00959717-000,20250715,추도지구 도서지역 식수원 개발사업 건설사업관리용역,경상남도 통영시,PQ,3338000000,3299304275,98.8407512,동해+이솔,98.57,2679820000,99.218,Y
R25BK00959717-000,20250715,추도지구 도서지역 식수원 개발사업 건설사업관리용역,경상남도 통영시,PQ,3338000000,3299304275,98.8407512,건화+KSM,98.56,2730990000,101.1,N
R25BK00959717-000,20250715,추도지구 도서지역 식수원 개발사업 건설사업관리용역,경상남도 통영시,PQ,3338000000,3299304275,98.8407512,KCI+태일,98.56,2735600000,101.2706,N
R25BK00959717-000,20250715,추도지구 도서지역 식수원 개발사업 건설사업관리용역,경상남도 통영시,PQ,3338000000,3299304275,98.8407512,선진+HEC,98.54,2726567000,100.9238,N
R25BK00959717-000,20250715,추도지구 도서지역 식수원 개발사업 건설사업관리용역,경상남도 통영시,PQ,3338000000,3299304275,98.8407512,경호+우정,98.49,2663690000,98.5598,N
R25BK00959717-000,20250715,추도지구 도서지역 식수원 개발사업 건설사업관리용역,경상남도 통영시,PQ,3338000000,3299304275,98.8407512,경동+경화+토원,98.48,2663985000,98.5586,N
R25BK00959717-000,20250715,추도지구 도서지역 식수원 개발사업 건설사업관리용역,경상남도 통영시,PQ,3338000000,3299304275,98.8407512,홍익+이산기술단,98.47,2665100000,98.5998,N
R25BK00959717-000,20250715,추도지구 도서지역 식수원 개발사업 건설사업관리용역,경상남도 통영시,PQ,3338000000,3299304275,98.8407512,서영+우리,98.46,2738430000,101.3003,N
R25BK00959717-000,20250715,추도지구 도서지역 식수원 개발사업 건설사업관리용역,경상남도 통영시,PQ,3338000000,3299304275,98.8407512,제일+하나이엔씨,98.46,2741000000,101.3954,N
R25BK00959717-000,20250715,추도지구 도서지역 식수원 개발사업 건설사업관리용역,경상남도 통영시,PQ,3338000000,3299304275,98.8407512,바우+하우+다산,98.44,2669000000,98.7197,N
R25BK00959717-000,20250715,추도지구 도서지역 식수원 개발사업 건설사업관리용역,경상남도 통영시,PQ,3338000000,3299304275,98.8407512,이산+흥진,98.35,2660000000,98.314,N
R25BK00959717-000,20250715,추도지구 도서지역 식수원 개발사업 건설사업관리용역,경상남도 통영시,PQ,3338000000,3299304275,98.8407512,유신+금성,98.34,2669149000,98.64,N
,20250715,평택지제역세권 공공주택지구 기본계획 및 기본설계 재공모,한국토지주택공사,현상공모,19271000000,19349569000,100.4077059,건화+선진+대콘+동부+태조(정림),100,18319960000,95.0649,N
한강유역환경청공고 제2025-94호,20250715,한강(팔당댐~하구) 하천기본계획 수립 및 하천시설관리대장 작성 용역,환경부 한강유역환경청,TP,6982000000,6982610950,100.0087504,이산+삼안+동부,96.05,5850000000,102.0858,Y
한강유역환경청공고 제2025-94호,20250715,한강(팔당댐~하구) 하천기본계획 수립 및 하천시설관리대장 작성 용역,환경부 한강유역환경청,TP,6982000000,6982610950,100.0087504,도화+유신+동명+동성+HEC,94.66,5752901000,99.711,N
한강유역환경청공고 제2025-94호,20250715,한강(팔당댐~하구) 하천기본계획 수립 및 하천시설관리대장 작성 용역,환경부 한강유역환경청,TP,6982000000,6982610950,100.0087504,"한종+건화+청명(연안,온이,청우,도담)",90.4,6000000000,101.8975,N
한강유역환경청공고 제2025-94호,20250715,한강(팔당댐~하구) 하천기본계획 수립 및 하천시설관리대장 작성 용역,환경부 한강유역환경청,TP,6982000000,6982610950,100.0087504,KCI+극동+수성,88.89,6026000000,101.6042,N
R25BK00960856-000,20250715,백봉 외 3건 농어촌마을하수도 정비사업 기본 및 실시설계,충청북도 괴산군,SOQ,2722720000,2753718250,101.138503,동명+홍익+오성,98.14,2214350000,100.1645,N
R25BK00960856-000,20250715,백봉 외 3건 농어촌마을하수도 정비사업 기본 및 실시설계,충청북도 괴산군,SOQ,2722720000,2753718250,101.138503,도화+영진+경화,97.46,2272000000,102.2309,Y
R25BK00960856-000,20250715,백봉 외 3건 농어촌마을하수도 정비사업 기본 및 실시설계,충청북도 괴산군,SOQ,2722720000,2753718250,101.138503,유신+정+도우,95.62,2249177000,99.7618,N
R25BK00960856-000,20250715,백봉 외 3건 농어촌마을하수도 정비사업 기본 및 실시설계,충청북도 괴산군,SOQ,2722720000,2753718250,101.138503,건화+대원(테크피아),94.3,2326600000,102.1595,N
R25BK00960856-000,20250715,백봉 외 3건 농어촌마을하수도 정비사업 기본 및 실시설계,충청북도 괴산군,SOQ,2722720000,2753718250,101.138503,한종+청우종합,93.9,2328000000,101.9042,N
R25BK00960856-000,20250715,백봉 외 3건 농어촌마을하수도 정비사업 기본 및 실시설계,충청북도 괴산군,SOQ,2722720000,2753718250,101.138503,삼안+진우,93.84,2331340000,102.0018,N
R25BK00960856-000,20250715,백봉 외 3건 농어촌마을하수도 정비사업 기본 및 실시설계,충청북도 괴산군,SOQ,2722720000,2753718250,101.138503,경동+선+태광,92.36,2361970000,102.1975,N
R25BK00960856-000,20250715,백봉 외 3건 농어촌마을하수도 정비사업 기본 및 실시설계,충청북도 괴산군,SOQ,2722720000,2753718250,101.138503,이산+동림,92.2,2360000000,101.9801,N
R25BK00960856-000,20250715,백봉 외 3건 농어촌마을하수도 정비사업 기본 및 실시설계,충청북도 괴산군,SOQ,2722720000,2753718250,101.138503,범한+두원,88,2439000000,102.1723,N
2502403-00,20250715,의정부용현 공공주택지구 조성사업 환경영향평가용역,한국토지주택공사,PQ,1899370000,1903177000,100.2004349,건화+대영+우신+대한,100,1510800000,99.4339,N
2502403-00,20250715,의정부용현 공공주택지구 조성사업 환경영향평가용역,한국토지주택공사,PQ,1899370000,1903177000,100.2004349,동명+보드+대종+새봄,100,1509550000,99.3517,N
2502403-00,20250715,의정부용현 공공주택지구 조성사업 환경영향평가용역,한국토지주택공사,PQ,1899370000,1903177000,100.2004349,동성+DS+연컨,100,1514388000,99.6701,N
2502403-00,20250715,의정부용현 공공주택지구 조성사업 환경영향평가용역,한국토지주택공사,PQ,1899370000,1903177000,100.2004349,동아+삼안+이음+이씨드,100,1519199000,99.9867,N
2502403-00,20250715,의정부용현 공공주택지구 조성사업 환경영향평가용역,한국토지주택공사,PQ,1899370000,1903177000,100.2004349,다산+휴엔트,100,1510133000,99.39,N
2502403-00,20250715,의정부용현 공공주택지구 조성사업 환경영향평가용역,한국토지주택공사,PQ,1899370000,1903177000,100.2004349,세광+제일+우리,100,1517820000,99.8959,N
2502403-00,20250715,의정부용현 공공주택지구 조성사업 환경영향평가용역,한국토지주택공사,PQ,1899370000,1903177000,100.2004349,도화+신일E+엔탑,100,1525520000,100.4027,N
2502403-00,20250715,의정부용현 공공주택지구 조성사업 환경영향평가용역,한국토지주택공사,PQ,1899370000,1903177000,100.2004349,동해+건일+지아이,100,1525980000,100.433,N
2502403-00,20250715,의정부용현 공공주택지구 조성사업 환경영향평가용역,한국토지주택공사,PQ,1899370000,1903177000,100.2004349,신성+홍익+중천+전진,100,1516980000,99.8407,N
2502403-00,20250715,의정부용현 공공주택지구 조성사업 환경영향평가용역,한국토지주택공사,PQ,1899370000,1903177000,100.2004349,경동+AT,100,1511698000,99.493,N
2502403-00,20250715,의정부용현 공공주택지구 조성사업 환경영향평가용역,한국토지주택공사,PQ,1899370000,1903177000,100.2004349,경호+빈텍,100,1521790000,100.1572,N
2502403-00,20250715,의정부용현 공공주택지구 조성사업 환경영향평가용역,한국토지주택공사,PQ,1899370000,1903177000,100.2004349,동일+KG+다원+원정,100,1528200000,100.5791,N
2502403-00,20250715,의정부용현 공공주택지구 조성사업 환경영향평가용역,한국토지주택공사,PQ,1899370000,1903177000,100.2004349,한종+화신+다올,100,1516360000,99.7999,N
2502403-00,20250715,의정부용현 공공주택지구 조성사업 환경영향평가용역,한국토지주택공사,PQ,1899370000,1903177000,100.2004349,서영+마린+토우,100,1524300000,100.3224,Y
2502403-00,20250715,의정부용현 공공주택지구 조성사업 환경영향평가용역,한국토지주택공사,PQ,1899370000,1903177000,100.2004349,유신+극동+CNS+레오,100,1517912000,99.902,N
2502403-00,20250715,의정부용현 공공주택지구 조성사업 환경영향평가용역,한국토지주택공사,PQ,1899370000,1903177000,100.2004349,경화+한맥+신일환경,100,1532316000,100.85,N
2502403-00,20250715,의정부용현 공공주택지구 조성사업 환경영향평가용역,한국토지주택공사,PQ,1899370000,1903177000,100.2004349,선진+피지+한국환경,100,1520487000,100.0715,N
2502403-00,20250715,의정부용현 공공주택지구 조성사업 환경영향평가용역,한국토지주택공사,PQ,1899370000,1903177000,100.2004349,수성+유연+해담,100,1507880000,99.2417,N
2502403-00,20250715,의정부용현 공공주택지구 조성사업 환경영향평가용역,한국토지주택공사,PQ,1899370000,1903177000,100.2004349,이산+KCI+상평+화양환경,100,1537700000,101.2044,N
R25BK00961369 - 000,20250715,화흥포항 차도선부두 축조공사 기본 및 실시설계 용역,전라남도,PQ,1222682000,1224775900,100.1712547,"건화+원우(해림,삼기지질)",98.28,994929000,100.33,Y
R25BK00961369 - 000,20250715,화흥포항 차도선부두 축조공사 기본 및 실시설계 용역,전라남도,PQ,1222682000,1224775900,100.1712547,도화+우영,97.69,1013013000,101.6897,N
R25BK00961369 - 000,20250715,화흥포항 차도선부두 축조공사 기본 및 실시설계 용역,전라남도,PQ,1222682000,1224775900,100.1712547,삼안+혜인+MH,97.54,990720000,99.33,N
R25BK00961369 - 000,20250715,화흥포항 차도선부두 축조공사 기본 및 실시설계 용역,전라남도,PQ,1222682000,1224775900,100.1712547,대양+우리,96.73,991514600,98.78,N
R25BK00961807-000,20250716,"조마면, 지례면 기초생활거점조성사업 기본 및 시행계획 수립 용역",경상북도 김천시,PQ,752400000,754333700,100.2570043,"도화+명성+건화(진양,더한)",96.07,662800000,101.999,Y
R25BK00961807-000,20250716,"조마면, 지례면 기초생활거점조성사업 기본 및 시행계획 수립 용역",경상북도 김천시,PQ,752400000,754333700,100.2570043,한종+정수,95.56,663000000,101.9,N
R25BK00961701-000,20250716,"어모면, 봉산면 기초생활거점조성사업 기본 및 시행계획 수립 용역",경상북도 김천시,PQ,792440000,788168800,99.46100651,"도화+건화+반석(삼백,우진)",96.49,698800000,102.2119,Y
R25BK00961701-000,20250716,"어모면, 봉산면 기초생활거점조성사업 기본 및 시행계획 수립 용역",경상북도 김천시,PQ,792440000,788168800,99.46100651,경호+해인,92.7,700600000,101.4987,N
R25BK00961374 - 000,20250716,동해신항 관리부두 건설공사 실시설계용역,해양수산부 동해지방해양수산청,PQ,1000000000,1005317500,100.53175,세광,100,858389000,100.4022,N
R25BK00961374 - 000,20250716,동해신항 관리부두 건설공사 실시설계용역,해양수산부 동해지방해양수산청,PQ,1000000000,1005317500,100.53175,세일,99.96,856589000,100.18,N
R25BK00961374 - 000,20250716,동해신항 관리부두 건설공사 실시설계용역,해양수산부 동해지방해양수산청,PQ,1000000000,1005317500,100.53175,건화(지오메카),99.9,856790000,100.1801,N
R25BK00961374 - 000,20250716,동해신항 관리부두 건설공사 실시설계용역,해양수산부 동해지방해양수산청,PQ,1000000000,1005317500,100.53175,한항,99.9,858506000,100.3807,N
R25BK00961374 - 000,20250716,동해신항 관리부두 건설공사 실시설계용역,해양수산부 동해지방해양수산청,PQ,1000000000,1005317500,100.53175,대영,99.8,851600000,99.5499,N
R25BK00961374 - 000,20250716,동해신항 관리부두 건설공사 실시설계용역,해양수산부 동해지방해양수산청,PQ,1000000000,1005317500,100.53175,수성,99.8,859300000,100.4501,N
R25BK00961374 - 000,20250716,동해신항 관리부두 건설공사 실시설계용역,해양수산부 동해지방해양수산청,PQ,1000000000,1005317500,100.53175,서영,99.7,859610000,100.4511,N
R25BK00961374 - 000,20250716,동해신항 관리부두 건설공사 실시설계용역,해양수산부 동해지방해양수산청,PQ,1000000000,1005317500,100.53175,연항,99.5,862672000,100.75,N
R25BK00961374 - 000,20250716,동해신항 관리부두 건설공사 실시설계용역,해양수산부 동해지방해양수산청,PQ,1000000000,1005317500,100.53175,도화,99.5,862770000,100.7615,N
R25BK00961374 - 000,20250716,동해신항 관리부두 건설공사 실시설계용역,해양수산부 동해지방해양수산청,PQ,1000000000,1005317500,100.53175,동명,99.5,861815000,100.6499,Y
R25BK00961374 - 000,20250716,동해신항 관리부두 건설공사 실시설계용역,해양수산부 동해지방해양수산청,PQ,1000000000,1005317500,100.53175,건일,99.36,865960000,101.0986,N
R25BK00961374 - 000,20250716,동해신항 관리부두 건설공사 실시설계용역,해양수산부 동해지방해양수산청,PQ,1000000000,1005317500,100.53175,한종,99.28,866190000,101.1018,N
R25BK00961374 - 000,20250716,동해신항 관리부두 건설공사 실시설계용역,해양수산부 동해지방해양수산청,PQ,1000000000,1005317500,100.53175,항도,99.2,865687000,101.0195,N
R25BK00961374 - 000,20250716,동해신항 관리부두 건설공사 실시설계용역,해양수산부 동해지방해양수산청,PQ,1000000000,1005317500,100.53175,아라,98.9,851574000,99.28,N
R25BK00961374 - 000,20250716,동해신항 관리부두 건설공사 실시설계용역,해양수산부 동해지방해양수산청,PQ,1000000000,1005317500,100.53175,대양,98.9,863925900,100.72,N
R25BK00961374 - 000,20250716,동해신항 관리부두 건설공사 실시설계용역,해양수산부 동해지방해양수산청,PQ,1000000000,1005317500,100.53175,유신,98.76,865445000,100.8618,N
R25BK00961374 - 000,20250716,동해신항 관리부두 건설공사 실시설계용역,해양수산부 동해지방해양수산청,PQ,1000000000,1005317500,100.53175,삼안,98.62,869000000,101.229,N
R25BK00961374 - 000,20250716,동해신항 관리부두 건설공사 실시설계용역,해양수산부 동해지방해양수산청,PQ,1000000000,1005317500,100.53175,혜인,97.4,854000000,99.1352,N
R25BK00962628-000,20250716,김천시 물 재이용 관리계획(변경) 수립 용역,경상북도 김천시,PQ,603700000,607332800,100.6017558,한종+동성+청명,100,515949000,99.9643,N
R25BK00962628-000,20250716,김천시 물 재이용 관리계획(변경) 수립 용역,경상북도 김천시,PQ,603700000,607332800,100.6017558,동명+동진,99.5,519100000,100.4456,N
R25BK00962628-000,20250716,김천시 물 재이용 관리계획(변경) 수립 용역,경상북도 김천시,PQ,603700000,607332800,100.6017558,KG+보람,99.5,517100000,100.0586,N
R25BK00962628-000,20250716,김천시 물 재이용 관리계획(변경) 수립 용역,경상북도 김천시,PQ,603700000,607332800,100.6017558,이산+세연,99.41,519520000,100.5033,N
R25BK00962628-000,20250716,김천시 물 재이용 관리계획(변경) 수립 용역,경상북도 김천시,PQ,603700000,607332800,100.6017558,도화+주하,99.4,515470000,99.7082,N
R25BK00962628-000,20250716,김천시 물 재이용 관리계획(변경) 수립 용역,경상북도 김천시,PQ,603700000,607332800,100.6017558,삼안+태성,99.38,514140000,99.4509,N
R25BK00962628-000,20250716,김천시 물 재이용 관리계획(변경) 수립 용역,경상북도 김천시,PQ,603700000,607332800,100.6017558,수성+청우,99.35,511600000,98.9481,N
R25BK00962628-000,20250716,김천시 물 재이용 관리계획(변경) 수립 용역,경상북도 김천시,PQ,603700000,607332800,100.6017558,건화+명성,99.3,520390000,100.6364,Y
R25BK00962628-000,20250716,김천시 물 재이용 관리계획(변경) 수립 용역,경상북도 김천시,PQ,603700000,607332800,100.6017558,경호+다산,99.3,512700000,99.1492,N
R25BK00962628-000,20250716,김천시 물 재이용 관리계획(변경) 수립 용역,경상북도 김천시,PQ,603700000,607332800,100.6017558,화신+KCI+HEC,99.3,524236000,101.3802,N
R25BK00962628-000,20250716,김천시 물 재이용 관리계획(변경) 수립 용역,경상북도 김천시,PQ,603700000,607332800,100.6017558,선진+반석,99.21,523427000,101.2001,N
R25BK00962628-000,20250716,김천시 물 재이용 관리계획(변경) 수립 용역,경상북도 김천시,PQ,603700000,607332800,100.6017558,새론+경화+정,99.13,515685000,99.68,N
R25BK00962628-000,20250716,김천시 물 재이용 관리계획(변경) 수립 용역,경상북도 김천시,PQ,603700000,607332800,100.6017558,국성+태양,99.12,512581000,99.08,N
R25BK00962628-000,20250716,김천시 물 재이용 관리계획(변경) 수립 용역,경상북도 김천시,PQ,603700000,607332800,100.6017558,제일+한도,98,528000000,101.7754,N
R25BK00962628-000,20250716,김천시 물 재이용 관리계획(변경) 수립 용역,경상북도 김천시,PQ,603700000,607332800,100.6017558,한주+장맥,95,540000000,103.2951,N
한강유역환경청공고 제2025-95호,20250715,한강 배수영향구간 (홍릉 월문 왕숙지구 등) 하천정비사업 건설사업관리용역,환경부 한강유역환경청,SOQ,3642000000,3645032000,100.083251,도화+동명+삼보,97.81,3014000000,101.698,Y
한강유역환경청공고 제2025-95호,20250715,한강 배수영향구간 (홍릉 월문 왕숙지구 등) 하천정비사업 건설사업관리용역,환경부 한강유역환경청,SOQ,3642000000,3645032000,100.083251,제일+한기,96.52,2974450000,99.7384,N
한강유역환경청공고 제2025-95호,20250715,한강 배수영향구간 (홍릉 월문 왕숙지구 등) 하천정비사업 건설사업관리용역,환경부 한강유역환경청,SOQ,3642000000,3645032000,100.083251,건화+한종+삼안,95.17,2974000000,99.07,N
H25S085000-2,20250717,신한울 군도20호선 이설공사 건설사업관리용역,한국수력원자력(주),PQ,2055779000,2032798586,98.88215543,동부+한맥,100,1644192000,99.98,N
H25S085000-2,20250717,신한울 군도20호선 이설공사 건설사업관리용역,한국수력원자력(주),PQ,2055779000,2032798586,98.88215543,유신,100,1655190000,100.6488,N
H25S085000-2,20250717,신한울 군도20호선 이설공사 건설사업관리용역,한국수력원자력(주),PQ,2055779000,2032798586,98.88215543,동일+동강+동서,100,1642380000,99.8698,N
H25S085000-2,20250717,신한울 군도20호선 이설공사 건설사업관리용역,한국수력원자력(주),PQ,2055779000,2032798586,98.88215543,이산+태조,100,1640230000,99.7391,N
H25S085000-2,20250717,신한울 군도20호선 이설공사 건설사업관리용역,한국수력원자력(주),PQ,2055779000,2032798586,98.88215543,수성+삼안,100,0,0,N
H25S085000-2,20250717,신한울 군도20호선 이설공사 건설사업관리용역,한국수력원자력(주),PQ,2055779000,2032798586,98.88215543,다음+진우,100,1644456000,99.9961,N
H25S085000-2,20250717,신한울 군도20호선 이설공사 건설사업관리용역,한국수력원자력(주),PQ,2055779000,2032798586,98.88215543,신명+아라,99.99,1648000000,100.1991,N
H25S085000-2,20250717,신한울 군도20호선 이설공사 건설사업관리용역,한국수력원자력(주),PQ,2055779000,2032798586,98.88215543,건화+씨이엠,99.96,1632500000,99.2318,Y
H25S085000-2,20250717,신한울 군도20호선 이설공사 건설사업관리용역,한국수력원자력(주),PQ,2055779000,2032798586,98.88215543,서영,99.94,1657900000,100.7632,N
H25S085000-2,20250717,신한울 군도20호선 이설공사 건설사업관리용역,한국수력원자력(주),PQ,2055779000,2032798586,98.88215543,한종,99.86,1663220000,101.0108,N
H25S085000-2,20250717,신한울 군도20호선 이설공사 건설사업관리용역,한국수력원자력(주),PQ,2055779000,2032798586,98.88215543,KG+GK,99.56,1667400000,100.9999,N
H25S085000-2,20250717,신한울 군도20호선 이설공사 건설사업관리용역,한국수력원자력(주),PQ,2055779000,2032798586,98.88215543,KCI+TSK+진화,99.46,1674000000,101.3113,N
H25S085000-2,20250717,신한울 군도20호선 이설공사 건설사업관리용역,한국수력원자력(주),PQ,2055779000,2032798586,98.88215543,KSM+리뉴,99.4,1700000000,102.8337,N
R25BK00965986-000,20250717,호장 자연재해위험개선지구 정비사업 외 1개 사업 통합건설사업관리 용역,전라남도 나주시,PQ,4252300000,4195659400,98.66800085,동성+원우+우영,100,3441088000,101.1601,N
R25BK00965986-000,20250717,호장 자연재해위험개선지구 정비사업 외 1개 사업 통합건설사업관리 용역,전라남도 나주시,PQ,4252300000,4195659400,98.66800085,삼안+만승+신화,99.87,3400137000,99.8439,N
R25BK00965986-000,20250717,호장 자연재해위험개선지구 정비사업 외 1개 사업 통합건설사업관리 용역,전라남도 나주시,PQ,4252300000,4195659400,98.66800085,건화+해림+새론,98.55,3399500000,98.789,N
R25BK00965986-000,20250717,호장 자연재해위험개선지구 정비사업 외 1개 사업 통합건설사업관리 용역,전라남도 나주시,PQ,4252300000,4195659400,98.66800085,유신+혜성,98.54,3481787000,101.1677,N
R25BK00965986-000,20250717,호장 자연재해위험개선지구 정비사업 외 1개 사업 통합건설사업관리 용역,전라남도 나주시,PQ,4252300000,4195659400,98.66800085,이산+장강,98.53,3397269000,98.6997,Y
R25BK00965986-000,20250717,호장 자연재해위험개선지구 정비사업 외 1개 사업 통합건설사업관리 용역,전라남도 나주시,PQ,4252300000,4195659400,98.66800085,동부+영진,98.53,3443748000,100.0501,N
R25BK00965986-000,20250717,호장 자연재해위험개선지구 정비사업 외 1개 사업 통합건설사업관리 용역,전라남도 나주시,PQ,4252300000,4195659400,98.66800085,한종+동아+신오,98.53,3390440000,98.5013,N
R25BK00965986-000,20250717,호장 자연재해위험개선지구 정비사업 외 1개 사업 통합건설사업관리 용역,전라남도 나주시,PQ,4252300000,4195659400,98.66800085,동명+건주,98.52,3486000000,101.2776,N
R25BK00965986-000,20250717,호장 자연재해위험개선지구 정비사업 외 1개 사업 통합건설사업관리 용역,전라남도 나주시,PQ,4252300000,4195659400,98.66800085,동일+SJ,98.52,3486500000,101.2921,N
R25BK00965986-000,20250717,호장 자연재해위험개선지구 정비사업 외 1개 사업 통합건설사업관리 용역,전라남도 나주시,PQ,4252300000,4195659400,98.66800085,KSM+다산+율산,98.52,3483310000,101.1995,N
R25BK00965986-000,20250717,호장 자연재해위험개선지구 정비사업 외 1개 사업 통합건설사업관리 용역,전라남도 나주시,PQ,4252300000,4195659400,98.66800085,KCI+유현,98.52,3398300000,98.7297,N
R25BK00965986-000,20250717,호장 자연재해위험개선지구 정비사업 외 1개 사업 통합건설사업관리 용역,전라남도 나주시,PQ,4252300000,4195659400,98.66800085,홍익+하나,98.51,3383930000,98.3001,N
R25BK00965986-000,20250717,호장 자연재해위험개선지구 정비사업 외 1개 사업 통합건설사업관리 용역,전라남도 나주시,PQ,4252300000,4195659400,98.66800085,서영+서진,98.51,3485500000,101.2506,N
R25BK00965986-000,20250717,호장 자연재해위험개선지구 정비사업 외 1개 사업 통합건설사업관리 용역,전라남도 나주시,PQ,4252300000,4195659400,98.66800085,도화+우리,98.51,3491490000,101.4246,N
R25BK00965986-000,20250717,호장 자연재해위험개선지구 정비사업 외 1개 사업 통합건설사업관리 용역,전라남도 나주시,PQ,4252300000,4195659400,98.66800085,KG+산하+대콘,98.51,3483750000,101.1997,N
R25BK00965986-000,20250717,호장 자연재해위험개선지구 정비사업 외 1개 사업 통합건설사업관리 용역,전라남도 나주시,PQ,4252300000,4195659400,98.66800085,동해+지아이+경원,98.5,3384600000,98.3195,N
R25BK00965986-000,20250717,호장 자연재해위험개선지구 정비사업 외 1개 사업 통합건설사업관리 용역,전라남도 나주시,PQ,4252300000,4195659400,98.66800085,수성+건영,98.5,3391500000,98.52,N
R25BK00965986-000,20250717,호장 자연재해위험개선지구 정비사업 외 1개 사업 통합건설사업관리 용역,전라남도 나주시,PQ,4252300000,4195659400,98.66800085,건일E+강남,98.5,3487000000,101.2942,N
R25BK00965986-000,20250717,호장 자연재해위험개선지구 정비사업 외 1개 사업 통합건설사업관리 용역,전라남도 나주시,PQ,4252300000,4195659400,98.66800085,한기+제일,98.47,3389870000,98.4483,N
R25BK00965986-000,20250717,호장 자연재해위험개선지구 정비사업 외 1개 사업 통합건설사업관리 용역,전라남도 나주시,PQ,4252300000,4195659400,98.66800085,극동+하이콘,98.47,3494604000,101.49,N
R25BK00965986-000,20250717,호장 자연재해위험개선지구 정비사업 외 1개 사업 통합건설사업관리 용역,전라남도 나주시,PQ,4252300000,4195659400,98.66800085,신명+용마,98.2,3530000000,102.2906,N
R25BK00965986-000,20250717,호장 자연재해위험개선지구 정비사업 외 1개 사업 통합건설사업관리 용역,전라남도 나주시,PQ,4252300000,4195659400,98.66800085,경동+대명,93.73,3911570000,109.489,N
R25BK00966784-000,20250718,세종시 소하천정비 종합계획 재수립 용역,세종특별자치시,PQ,2504000000,2479266775,99.0122514,동명+HEC+계림,99.24,2023000000,100.3799,N
R25BK00966784-000,20250718,세종시 소하천정비 종합계획 재수립 용역,세종특별자치시,PQ,2504000000,2479266775,99.0122514,도화+홍익,99.08,2010400000,99.6309,N
R25BK00966784-000,20250718,세종시 소하천정비 종합계획 재수립 용역,세종특별자치시,PQ,2504000000,2479266775,99.0122514,건일+오성,98.92,2024540000,100.1949,N
R25BK00966784-000,20250718,세종시 소하천정비 종합계획 재수립 용역,세종특별자치시,PQ,2504000000,2479266775,99.0122514,삼안+동림,98.82,2012450000,99.5225,N
R25BK00966784-000,20250718,세종시 소하천정비 종합계획 재수립 용역,세종특별자치시,PQ,2504000000,2479266775,99.0122514,건화+윤창,98.79,2023280000,100.0333,N
R25BK00966784-000,20250718,세종시 소하천정비 종합계획 재수립 용역,세종특별자치시,PQ,2504000000,2479266775,99.0122514,경동+경화,98.79,2035180000,100.6217,N
R25BK00966784-000,20250718,세종시 소하천정비 종합계획 재수립 용역,세종특별자치시,PQ,2504000000,2479266775,99.0122514,이산+영진+송현,98.76,2043400000,101.0031,N
R25BK00966784-000,20250718,세종시 소하천정비 종합계획 재수립 용역,세종특별자치시,PQ,2504000000,2479266775,99.0122514,동부+천마,98.73,2007632000,99.2105,N
R25BK00966784-000,20250718,세종시 소하천정비 종합계획 재수립 용역,세종특별자치시,PQ,2504000000,2479266775,99.0122514,동성+드림,98.68,2039542000,100.75,N
R25BK00966784-000,20250718,세종시 소하천정비 종합계획 재수립 용역,세종특별자치시,PQ,2504000000,2479266775,99.0122514,KSM+정안,98.66,2006100000,99.0858,N
R25BK00966784-000,20250718,세종시 소하천정비 종합계획 재수립 용역,세종특별자치시,PQ,2504000000,2479266775,99.0122514,극동+대원,98.64,2041513000,100.81,N
R25BK00966784-000,20250718,세종시 소하천정비 종합계획 재수립 용역,세종특별자치시,PQ,2504000000,2479266775,99.0122514,유신+장맥,98.64,2005878000,99.0503,Y
R25BK00966784-000,20250718,세종시 소하천정비 종합계획 재수립 용역,세종특별자치시,PQ,2504000000,2479266775,99.0122514,다산+청우,98.64,1998784000,98.7,N
R25BK00966784-000,20250718,세종시 소하천정비 종합계획 재수립 용역,세종특별자치시,PQ,2504000000,2479266775,99.0122514,경호+강호,98.63,1999700000,98.7453,N
R25BK00966784-000,20250718,세종시 소하천정비 종합계획 재수립 용역,세종특별자치시,PQ,2504000000,2479266775,99.0122514,서영+SR,98.58,2045600000,100.9743,N
R25BK00966784-000,20250718,세종시 소하천정비 종합계획 재수립 용역,세종특별자치시,PQ,2504000000,2479266775,99.0122514,KCI+예당,98.58,2049740000,101.1787,N
R25BK00966784-000,20250718,세종시 소하천정비 종합계획 재수립 용역,세종특별자치시,PQ,2504000000,2479266775,99.0122514,KG+유일,98.58,2050570000,101.2197,N
R25BK00966784-000,20250718,세종시 소하천정비 종합계획 재수립 용역,세종특별자치시,PQ,2504000000,2479266775,99.0122514,한종+경인,98.55,1999900000,98.6941,N
R25BK00966784-000,20250718,세종시 소하천정비 종합계획 재수립 용역,세종특별자치시,PQ,2504000000,2479266775,99.0122514,화신+세일+TSK,98.43,1997535000,98.48,N
R25BK00966784-000,20250718,세종시 소하천정비 종합계획 재수립 용역,세종특별자치시,PQ,2504000000,2479266775,99.0122514,수성+동국,98.4,2052400000,101.16,N
R25BK00966784-000,20250718,세종시 소하천정비 종합계획 재수립 용역,세종특별자치시,PQ,2504000000,2479266775,99.0122514,청명+국성+하이,98.35,2009321000,99,N
R25BK00966784-000,20250718,세종시 소하천정비 종합계획 재수립 용역,세종특별자치시,PQ,2504000000,2479266775,99.0122514,정+SH+진화,98.31,1997322000,98.3724,N
R25BK00966784-000,20250718,세종시 소하천정비 종합계획 재수립 용역,세종특별자치시,PQ,2504000000,2479266775,99.0122514,서광+진성,98.17,2000506000,98.42,N
R25BK00966784-000,20250718,세종시 소하천정비 종합계획 재수립 용역,세종특별자치시,PQ,2504000000,2479266775,99.0122514,한맥+동진,97.44,2353000000,115.1095,N
P25S090000-2,20250718,홍천양수 사후환경영향조사용역,한국수력원자력(주),PQ,7423592000,7376054582,99.35964398,건화+경호,100,5997800000,100.9985,N
P25S090000-2,20250718,홍천양수 사후환경영향조사용역,한국수력원자력(주),PQ,7423592000,7376054582,99.35964398,도화+선진+경화+신일환경,99.77,5944441000,99.9002,N
P25S090000-2,20250718,홍천양수 사후환경영향조사용역,한국수력원자력(주),PQ,7423592000,7376054582,99.35964398,유신+이산+다산+신일E,99.61,5932752000,99.5547,Y
P25S090000-2,20250718,홍천양수 사후환경영향조사용역,한국수력원자력(주),PQ,7423592000,7376054582,99.35964398,한종+대종+서영,99.24,6085000000,101.7925,N
P25S090000-2,20250718,홍천양수 사후환경영향조사용역,한국수력원자력(주),PQ,7423592000,7376054582,99.35964398,동일+신성+대한,97.94,6196000000,102.4911,N
P25S090000-2,20250718,홍천양수 사후환경영향조사용역,한국수력원자력(주),PQ,7423592000,7376054582,99.35964398,이엔씨+동해+우신,95.11,6800000000,109.8122,N
R25BK00965381-000,20250718,송도석산 주변지역 도시개발사업 구역지정 및 개발계획 수립 용역,인천도시공사,PQ,799964000,801210025,100.1557601,건화+대양,100,682280000,99.7589,N
R25BK00965381-000,20250718,송도석산 주변지역 도시개발사업 구역지정 및 개발계획 수립 용역,인천도시공사,PQ,799964000,801210025,100.1557601,수성+한서,100,684000000,100.0103,N
R25BK00965381-000,20250718,송도석산 주변지역 도시개발사업 구역지정 및 개발계획 수립 용역,인천도시공사,PQ,799964000,801210025,100.1557601,도화+바우,100,681920000,99.7062,N
R25BK00965381-000,20250718,송도석산 주변지역 도시개발사업 구역지정 및 개발계획 수립 용역,인천도시공사,PQ,799964000,801210025,100.1557601,유신+정방,100,688098000,100.6095,Y
R25BK00965381-000,20250718,송도석산 주변지역 도시개발사업 구역지정 및 개발계획 수립 용역,인천도시공사,PQ,799964000,801210025,100.1557601,서영+대한,100,679900000,99.4109,N
R25BK00965381-000,20250718,송도석산 주변지역 도시개발사업 구역지정 및 개발계획 수립 용역,인천도시공사,PQ,799964000,801210025,100.1557601,동명+미소,99.93,683300000,99.8846,N
R25BK00965381-000,20250718,송도석산 주변지역 도시개발사업 구역지정 및 개발계획 수립 용역,인천도시공사,PQ,799964000,801210025,100.1557601,제일+경서,99.91,682380000,99.7501,N
R25BK00965381-000,20250718,송도석산 주변지역 도시개발사업 구역지정 및 개발계획 수립 용역,인천도시공사,PQ,799964000,801210025,100.1557601,KG+장원,99.84,685070000,100.12,N
R25BK00965381-000,20250718,송도석산 주변지역 도시개발사업 구역지정 및 개발계획 수립 용역,인천도시공사,PQ,799964000,801210025,100.1557601,경호+경서인텍,99.82,679300000,99.2767,N
R25BK00965381-000,20250718,송도석산 주변지역 도시개발사업 구역지정 및 개발계획 수립 용역,인천도시공사,PQ,799964000,801210025,100.1557601,삼안+고산E,99.68,680460000,99.3997,N
R25BK00965381-000,20250718,송도석산 주변지역 도시개발사업 구역지정 및 개발계획 수립 용역,인천도시공사,PQ,799964000,801210025,100.1557601,동일+브니엘,99.29,692000000,100.9911,N
R25BK00965381-000,20250718,송도석산 주변지역 도시개발사업 구역지정 및 개발계획 수립 용역,인천도시공사,PQ,799964000,801210025,100.1557601,한종+청해,98.81,678540000,98.8997,N
R25BK00965381-000,20250718,송도석산 주변지역 도시개발사업 구역지정 및 개발계획 수립 용역,인천도시공사,PQ,799964000,801210025,100.1557601,경동+한승,98.69,720000000,104.9182,N
R25BK00965381-000,20250718,송도석산 주변지역 도시개발사업 구역지정 및 개발계획 수립 용역,인천도시공사,PQ,799964000,801210025,100.1557601,선진+성우,98.61,676288000,98.5255,N
R25BK00966495-000,20250718,도로건설관리계획 및 중장기보도정비계획 수립 용역,광주광역시 서구,PQ,538210000,542269475,100.7542548,서영+하이콘,98.95,467590000,100.0504,N
R25BK00966495-000,20250718,도로건설관리계획 및 중장기보도정비계획 수립 용역,광주광역시 서구,PQ,538210000,542269475,100.7542548,KG+동아,98.64,465920000,99.6586,N
R25BK00966495-000,20250718,도로건설관리계획 및 중장기보도정비계획 수립 용역,광주광역시 서구,PQ,538210000,542269475,100.7542548,수성+한기,97.98,467652000,99.96,N
R25BK00966495-000,20250718,도로건설관리계획 및 중장기보도정비계획 수립 용역,광주광역시 서구,PQ,538210000,542269475,100.7542548,건화+신오,95.76,464888000,99.1525,N
R25BK00966495-000,20250718,도로건설관리계획 및 중장기보도정비계획 수립 용역,광주광역시 서구,PQ,538210000,542269475,100.7542548,동명+원우,95.74,465400000,99.2617,N
R25BK00966495-000,20250718,도로건설관리계획 및 중장기보도정비계획 수립 용역,광주광역시 서구,PQ,538210000,542269475,100.7542548,한종+우영+신명E,95.58,471260000,100.5,N
R25BK00966495-000,20250718,도로건설관리계획 및 중장기보도정비계획 수립 용역,광주광역시 서구,PQ,538210000,542269475,100.7542548,동성+경도,94.4,465183000,99.0903,N
R25BK00966495-000,20250718,도로건설관리계획 및 중장기보도정비계획 수립 용역,광주광역시 서구,PQ,538210000,542269475,100.7542548,동일+만승,93.38,465580000,99.0726,N
R25BK00966495-000,20250718,도로건설관리계획 및 중장기보도정비계획 수립 용역,광주광역시 서구,PQ,538210000,542269475,100.7542548,제일+양광,92.87,476800000,101.4137,Y
R25BK00966495-000,20250718,도로건설관리계획 및 중장기보도정비계획 수립 용역,광주광역시 서구,PQ,538210000,542269475,100.7542548,도화+신영,90.47,477540000,101.3275,N
R25BK00966495-000,20250718,도로건설관리계획 및 중장기보도정비계획 수립 용역,광주광역시 서구,PQ,538210000,542269475,100.7542548,이산+해림,90.3,463820000,98.4051,N
R25BK00966495-000,20250718,도로건설관리계획 및 중장기보도정비계획 수립 용역,광주광역시 서구,PQ,538210000,542269475,100.7542548,KCI+승평,89.5,464904000,98.5563,N
R25BK00968660-000,20250721,북성포구 준설토투기장 상부시설 조성공사 건설사업관리용역,해양수산부 인천지방해양수산청,SOQ,3183000000,3207540950,100.7710006,항도+아라+건화(한신),98.78,2618300000,101.7489,Y
R25BK00968660-000,20250721,북성포구 준설토투기장 상부시설 조성공사 건설사업관리용역,해양수산부 인천지방해양수산청,SOQ,3183000000,3207540950,100.7710006,세일,97.15,2659200000,101.9014,N
R25BK00969688-000,20250721,초지지구 농어촌마을하수도 정비사업 외 2건 통합건설사업관리용역,전라남도 장성군,PQ,2699800000,2731144725,101.1610017,도화+영진,99.98,2167892000,100.354,N
R25BK00969688-000,20250721,초지지구 농어촌마을하수도 정비사업 외 2건 통합건설사업관리용역,전라남도 장성군,PQ,2699800000,2731144725,101.1610017,수성+만승+동아,99.8,2153264000,99.54,N
R25BK00969688-000,20250721,초지지구 농어촌마을하수도 정비사업 외 2건 통합건설사업관리용역,전라남도 장성군,PQ,2699800000,2731144725,101.1610017,이산+장강+율산,99.7,2188950000,101.1014,N
R25BK00969688-000,20250721,초지지구 농어촌마을하수도 정비사업 외 2건 통합건설사업관리용역,전라남도 장성군,PQ,2699800000,2731144725,101.1610017,KG+산하,98.9,2153590000,98.8396,N
R25BK00969688-000,20250721,초지지구 농어촌마을하수도 정비사업 외 2건 통합건설사업관리용역,전라남도 장성군,PQ,2699800000,2731144725,101.1610017,KSM+신오,98.9,2152790000,98.8029,N
R25BK00969688-000,20250721,초지지구 농어촌마을하수도 정비사업 외 2건 통합건설사업관리용역,전라남도 장성군,PQ,2699800000,2731144725,101.1610017,한종+대명기술개발,98.87,2152450000,98.7628,N
R25BK00969688-000,20250721,초지지구 농어촌마을하수도 정비사업 외 2건 통합건설사업관리용역,전라남도 장성군,PQ,2699800000,2731144725,101.1610017,KCI+강부+건주,98.86,2152600000,98.7697,N
R25BK00969688-000,20250721,초지지구 농어촌마을하수도 정비사업 외 2건 통합건설사업관리용역,전라남도 장성군,PQ,2699800000,2731144725,101.1610017,대콘+해림,98.85,2188543000,100.4065,N
R25BK00969688-000,20250721,초지지구 농어촌마을하수도 정비사업 외 2건 통합건설사업관리용역,전라남도 장성군,PQ,2699800000,2731144725,101.1610017,건화+SJ,98.81,2147500000,98.4869,N
R25BK00969688-000,20250721,초지지구 농어촌마을하수도 정비사업 외 2건 통합건설사업관리용역,전라남도 장성군,PQ,2699800000,2731144725,101.1610017,경동+중원,98.8,2150838000,98.64,N
R25BK00969688-000,20250721,초지지구 농어촌마을하수도 정비사업 외 2건 통합건설사업관리용역,전라남도 장성군,PQ,2699800000,2731144725,101.1610017,경원+한기,98.8,2204890000,101.1189,N
R25BK00969688-000,20250721,초지지구 농어촌마을하수도 정비사업 외 2건 통합건설사업관리용역,전라남도 장성군,PQ,2699800000,2731144725,101.1610017,동일+서진,98.8,2210900000,101.3945,N
R25BK00969688-000,20250721,초지지구 농어촌마을하수도 정비사업 외 2건 통합건설사업관리용역,전라남도 장성군,PQ,2699800000,2731144725,101.1610017,서영+건영,98.8,2153237000,98.75,N
R25BK00969688-000,20250721,초지지구 농어촌마을하수도 정비사업 외 2건 통합건설사업관리용역,전라남도 장성군,PQ,2699800000,2731144725,101.1610017,유신+대현,98.8,2206092000,101.174,Y
R25BK00969688-000,20250721,초지지구 농어촌마을하수도 정비사업 외 2건 통합건설사업관리용역,전라남도 장성군,PQ,2699800000,2731144725,101.1610017,제일+우영,98.8,2212000000,101.4449,N
R25BK00969688-000,20250721,초지지구 농어촌마을하수도 정비사업 외 2건 통합건설사업관리용역,전라남도 장성군,PQ,2699800000,2731144725,101.1610017,동성+선우,98.79,2145440000,98.3802,N
R25BK00969688-000,20250721,초지지구 농어촌마을하수도 정비사업 외 2건 통합건설사업관리용역,전라남도 장성군,PQ,2699800000,2731144725,101.1610017,동해+지아이,98.75,2151640000,98.6401,N
R25BK00969688-000,20250721,초지지구 농어촌마을하수도 정비사업 외 2건 통합건설사업관리용역,전라남도 장성군,PQ,2699800000,2731144725,101.1610017,다음+유현,98.73,2149399000,98.513,N
R25BK00969688-000,20250721,초지지구 농어촌마을하수도 정비사업 외 2건 통합건설사업관리용역,전라남도 장성군,PQ,2699800000,2731144725,101.1610017,선진+하이콘,98.65,2147787000,98.3782,N
R25BK00969688-000,20250721,초지지구 농어촌마을하수도 정비사업 외 2건 통합건설사업관리용역,전라남도 장성군,PQ,2699800000,2731144725,101.1610017,건일+금아+강남,98.41,2130000000,97.3829,N
R25BK00969688-000,20250721,초지지구 농어촌마을하수도 정비사업 외 2건 통합건설사업관리용역,전라남도 장성군,PQ,2699800000,2731144725,101.1610017,동명+원우,95.56,2288000000,102.2959,N
R25BK00969688-000,20250721,초지지구 농어촌마을하수도 정비사업 외 2건 통합건설사업관리용역,전라남도 장성군,PQ,2699800000,2731144725,101.1610017,범한+신명,95.4,2300000000,102.7084,N
R25BK00969688-000,20250721,초지지구 농어촌마을하수도 정비사업 외 2건 통합건설사업관리용역,전라남도 장성군,PQ,2699800000,2731144725,101.1610017,삼안+우리종합,95.3,2281290000,101.7993,N
R25BK00969688-000,20250721,초지지구 농어촌마을하수도 정비사업 외 2건 통합건설사업관리용역,전라남도 장성군,PQ,2699800000,2731144725,101.1610017,다산+거평,95.23,2294000000,102.3048,N
R25BK00969688-000,20250721,초지지구 농어촌마을하수도 정비사업 외 2건 통합건설사업관리용역,전라남도 장성군,PQ,2699800000,2731144725,101.1610017,동부+청양,95.15,2282709000,101.74,N
R25BK00969688-000,20250721,초지지구 농어촌마을하수도 정비사업 외 2건 통합건설사업관리용역,전라남도 장성군,PQ,2699800000,2731144725,101.1610017,홍익+하나,95.14,2293300000,102.1998,N
R25BK00970865 - 000,20250721,굴현 자연재해위험개선지구 정비사업 감독권한대행 등 건설사업관리용역,경상북도 봉화군,PQ,3260000000,3227049550,98.98925,동명+보원,99.93,2635600000,101.0015,N
R25BK00970865 - 000,20250721,굴현 자연재해위험개선지구 정비사업 감독권한대행 등 건설사업관리용역,경상북도 봉화군,PQ,3260000000,3227049550,98.98925,삼안+한도+한올,99.1,2615470000,99.5708,N
R25BK00970865 - 000,20250721,굴현 자연재해위험개선지구 정비사업 감독권한대행 등 건설사업관리용역,경상북도 봉화군,PQ,3260000000,3227049550,98.98925,건일+강산+바우,99,2657000000,101.0765,N
R25BK00970865 - 000,20250721,굴현 자연재해위험개선지구 정비사업 감독권한대행 등 건설사업관리용역,경상북도 봉화군,PQ,3260000000,3227049550,98.98925,서영+주하+용마+현진,98.78,2612900000,99.2143,Y
R25BK00970865 - 000,20250721,굴현 자연재해위험개선지구 정비사업 감독권한대행 등 건설사업관리용역,경상북도 봉화군,PQ,3260000000,3227049550,98.98925,도화+명성,98.5,2606600000,98.7673,N
R25BK00970865 - 000,20250721,굴현 자연재해위험개선지구 정비사업 감독권한대행 등 건설사업관리용역,경상북도 봉화군,PQ,3260000000,3227049550,98.98925,수성+동진,98.46,2673000000,101.2457,N
R25BK00970865 - 000,20250721,굴현 자연재해위험개선지구 정비사업 감독권한대행 등 건설사업관리용역,경상북도 봉화군,PQ,3260000000,3227049550,98.98925,극동+현산+중앙방재,98.4,2682092000,101.54,N
R25BK00970865 - 000,20250721,굴현 자연재해위험개선지구 정비사업 감독권한대행 등 건설사업관리용역,경상북도 봉화군,PQ,3260000000,3227049550,98.98925,유신+청우,98.37,2681495000,101.4923,N
R25BK00970865 - 000,20250721,굴현 자연재해위험개선지구 정비사업 감독권한대행 등 건설사업관리용역,경상북도 봉화군,PQ,3260000000,3227049550,98.98925,대콘+동아,98.34,2604444000,98.5517,N
R25BK00970865 - 000,20250721,굴현 자연재해위험개선지구 정비사업 감독권한대행 등 건설사업관리용역,경상북도 봉화군,PQ,3260000000,3227049550,98.98925,동성+DS+유한,98.32,2687448000,101.68,N
R25BK00970865 - 000,20250721,굴현 자연재해위험개선지구 정비사업 감독권한대행 등 건설사업관리용역,경상북도 봉화군,PQ,3260000000,3227049550,98.98925,경원+한주+동서+정민,98.3,2689977700,101.7632,N
R25BK00970865 - 000,20250721,굴현 자연재해위험개선지구 정비사업 감독권한대행 등 건설사업관리용역,경상북도 봉화군,PQ,3260000000,3227049550,98.98925,한종+우수,98.12,2684400000,101.4021,N
R25BK00970865 - 000,20250721,굴현 자연재해위험개선지구 정비사업 감독권한대행 등 건설사업관리용역,경상북도 봉화군,PQ,3260000000,3227049550,98.98925,다산+한경,98.06,2697586000,101.85,N
R25BK00970865 - 000,20250721,굴현 자연재해위험개선지구 정비사업 감독권한대행 등 건설사업관리용역,경상북도 봉화군,PQ,3260000000,3227049550,98.98925,제일+상금,97.9,2712800000,102.2985,N
R25BK00970865 - 000,20250721,굴현 자연재해위험개선지구 정비사업 감독권한대행 등 건설사업관리용역,경상북도 봉화군,PQ,3260000000,3227049550,98.98925,청명+건화,97.3,2741498000,102.9,N
R25BK00971097-000,20250721,전라남도 지역개발계획(2027~2036) 수립용역,전라남도,PQ,1050000000,1048700625,99.87625,건화+만승,99.48,903500000,100.5053,Y
R25BK00971097-000,20250721,전라남도 지역개발계획(2027~2036) 수립용역,전라남도,PQ,1050000000,1048700625,99.87625,삼안+한기,98.71,896959000,99.58,N
R25BK00971097-000,20250721,전라남도 지역개발계획(2027~2036) 수립용역,전라남도,PQ,1050000000,1048700625,99.87625,제일+신오+서진기술,97.76,935000000,103.5498,N
R25BK00971160 - 000,20250721,2026년 어촌신활력증진사업(유형1) 예비계획서 수립 용역,전라남도 장흥군,협상,200000000,200000000,100,beto,100,180000000,90,Y
R25BK00971160 - 000,20250721,2026년 어촌신활력증진사업(유형1) 예비계획서 수립 용역,전라남도 장흥군,협상,200000000,200000000,100,건화+일비,98.75,180000000,90,N
R25BK00971160 - 000,20250721,2026년 어촌신활력증진사업(유형1) 예비계획서 수립 용역,전라남도 장흥군,협상,200000000,200000000,100,청운대,97.5,180000000,90,N
영산강유역환경청 공고 제2025-60호,20250722,황룡강 하천기본계획 전략환경영향평가용역,환경부 영산강유역환경청,PQ,728000000,731914850,100.5377541,삼안+중천,99.19,627000000,100.3979,N
영산강유역환경청 공고 제2025-60호,20250722,황룡강 하천기본계획 전략환경영향평가용역,환경부 영산강유역환경청,PQ,728000000,731914850,100.5377541,유신+한기+레오,99.04,623103000,99.7158,N
영산강유역환경청 공고 제2025-60호,20250722,황룡강 하천기본계획 전략환경영향평가용역,환경부 영산강유역환경청,PQ,728000000,731914850,100.5377541,건화+대한+효산(자연),98.9,623800000,99.7692,N
영산강유역환경청 공고 제2025-60호,20250722,황룡강 하천기본계획 전략환경영향평가용역,환경부 영산강유역환경청,PQ,728000000,731914850,100.5377541,극동+경동+에이티,98.89,637747000,101.9999,Y
영산강유역환경청 공고 제2025-60호,20250722,황룡강 하천기본계획 전략환경영향평가용역,환경부 영산강유역환경청,PQ,728000000,731914850,100.5377541,한맥+이음,98.55,622985000,99.4999,N
R25BK00972548-000,20250722,천안 신사일반산업단지 용수공급시설 건설공사 외 2건 기본 및 실시설계용역,충청남도 천안시,PQ,3179000000,3146494775,98.97750157,도화+동명+경동+드림,99.99,2565800000,100.8823,N
R25BK00972548-000,20250722,천안 신사일반산업단지 용수공급시설 건설공사 외 2건 기본 및 실시설계용역,충청남도 천안시,PQ,3179000000,3146494775,98.97750157,제일+정안,98.02,2552400000,98.7995,N
R25BK00972548-000,20250722,천안 신사일반산업단지 용수공급시설 건설공사 외 2건 기본 및 실시설계용역,충청남도 천안시,PQ,3179000000,3146494775,98.97750157,유신+SR+다산,98.02,2558867000,99.0498,Y
R25BK00972548-000,20250722,천안 신사일반산업단지 용수공급시설 건설공사 외 2건 기본 및 실시설계용역,충청남도 천안시,PQ,3179000000,3146494775,98.97750157,경호+강호,98.01,2555619000,98.9119,N
R25BK00972548-000,20250722,천안 신사일반산업단지 용수공급시설 건설공사 외 2건 기본 및 실시설계용역,충청남도 천안시,PQ,3179000000,3146494775,98.97750157,선진+세종,97.68,2551547000,98.4998,N
R25BK00972548-000,20250722,천안 신사일반산업단지 용수공급시설 건설공사 외 2건 기본 및 실시설계용역,충청남도 천안시,PQ,3179000000,3146494775,98.97750157,HEC+이룸,97.64,2640600000,101.9001,N
R25BK00972548-000,20250722,천안 신사일반산업단지 용수공급시설 건설공사 외 2건 기본 및 실시설계용역,충청남도 천안시,PQ,3179000000,3146494775,98.97750157,삼안+한맥,97.6,2632190000,101.5506,N
R25BK00972548-000,20250722,천안 신사일반산업단지 용수공급시설 건설공사 외 2건 기본 및 실시설계용역,충청남도 천안시,PQ,3179000000,3146494775,98.97750157,동해+디엠+더그린,97.53,2550530000,98.3399,N
R25BK00972548-000,20250722,천안 신사일반산업단지 용수공급시설 건설공사 외 2건 기본 및 실시설계용역,충청남도 천안시,PQ,3179000000,3146494775,98.97750157,KG+송현,97.52,2634560000,101.5798,N
R25BK00972548-000,20250722,천안 신사일반산업단지 용수공급시설 건설공사 외 2건 기본 및 실시설계용역,충청남도 천안시,PQ,3179000000,3146494775,98.97750157,이산+KD,97.5,2549480000,98.2873,N
R25BK00972548-000,20250722,천안 신사일반산업단지 용수공급시설 건설공사 외 2건 기본 및 실시설계용역,충청남도 천안시,PQ,3179000000,3146494775,98.97750157,수성+기산,97.48,2625937000,101.2101,N
R25BK00972548-000,20250722,천안 신사일반산업단지 용수공급시설 건설공사 외 2건 기본 및 실시설계용역,충청남도 천안시,PQ,3179000000,3146494775,98.97750157,범한+경인,97.44,2632600000,101.442,N
R25BK00972548-000,20250722,천안 신사일반산업단지 용수공급시설 건설공사 외 2건 기본 및 실시설계용역,충청남도 천안시,PQ,3179000000,3146494775,98.97750157,한종+세일,97.4,2631660000,101.3686,N
R25BK00972548-000,20250722,천안 신사일반산업단지 용수공급시설 건설공사 외 2건 기본 및 실시설계용역,충청남도 천안시,PQ,3179000000,3146494775,98.97750157,정+건하,97.35,2628300000,101.202,N
R25BK00972548-000,20250722,천안 신사일반산업단지 용수공급시설 건설공사 외 2건 기본 및 실시설계용역,충청남도 천안시,PQ,3179000000,3146494775,98.97750157,국성+동양,97.35,2554491000,98.36,N
R25BK00972548-000,20250722,천안 신사일반산업단지 용수공급시설 건설공사 외 2건 기본 및 실시설계용역,충청남도 천안시,PQ,3179000000,3146494775,98.97750157,삼주+SH,97.3,2655194000,102.2,N
R25BK00972548-000,20250722,천안 신사일반산업단지 용수공급시설 건설공사 외 2건 기본 및 실시설계용역,충청남도 천안시,PQ,3179000000,3146494775,98.97750157,건화+수성E+새론,97.28,2647800000,101.8904,N
R25BK00972548-000,20250722,천안 신사일반산업단지 용수공급시설 건설공사 외 2건 기본 및 실시설계용역,충청남도 천안시,PQ,3179000000,3146494775,98.97750157,홍익+계림,97.28,2554500000,98.3002,N
R25BK00972548-000,20250722,천안 신사일반산업단지 용수공급시설 건설공사 외 2건 기본 및 실시설계용역,충청남도 천안시,PQ,3179000000,3146494775,98.97750157,한주+천마,97.26,2664000000,102.5013,N
R25BK00972548-000,20250722,천안 신사일반산업단지 용수공급시설 건설공사 외 2건 기본 및 실시설계용역,충청남도 천안시,PQ,3179000000,3146494775,98.97750157,화신+장맥,97.2,2641870000,101.6001,N
R25BK00973335-000,20250722,강진 제2일반산업단지 조성사업 건설사업관리용역,전라남도 강진군,PQ,3549600000,3562786800,100.371501,수성,99.9,2875170000,101.1676,Y
R25BK00973335-000,20250722,강진 제2일반산업단지 조성사업 건설사업관리용역,전라남도 강진군,PQ,3549600000,3562786800,100.371501,제일,99.8,2841805000,99.9187,N
R25BK00973335-000,20250722,강진 제2일반산업단지 조성사업 건설사업관리용역,전라남도 강진군,PQ,3549600000,3562786800,100.371501,건화+SJ,98.43,2918200000,101.4901,N
R25BK00973335-000,20250722,강진 제2일반산업단지 조성사업 건설사업관리용역,전라남도 강진군,PQ,3549600000,3562786800,100.371501,유신+한기,98.43,2840273000,98.78,N
R25BK00973335-000,20250722,강진 제2일반산업단지 조성사업 건설사업관리용역,전라남도 강진군,PQ,3549600000,3562786800,100.371501,삼안+우리종합기술,98.43,2829860000,98.4178,N
R25BK00973335-000,20250722,강진 제2일반산업단지 조성사업 건설사업관리용역,전라남도 강진군,PQ,3549600000,3562786800,100.371501,도화+원우,98.43,2841200000,98.8122,N
R25BK00973335-000,20250722,강진 제2일반산업단지 조성사업 건설사업관리용역,전라남도 강진군,PQ,3549600000,3562786800,100.371501,동성+선우+동아,98.39,2835288000,98.5701,N
R25BK00973335-000,20250722,강진 제2일반산업단지 조성사업 건설사업관리용역,전라남도 강진군,PQ,3549600000,3562786800,100.371501,다산+율산+대현,98.38,2834711000,98.55,N
R25BK00973335-000,20250722,강진 제2일반산업단지 조성사업 건설사업관리용역,전라남도 강진군,PQ,3549600000,3562786800,100.371501,동해+지아이,98.37,2880168000,100.118,N
R25BK00973335-000,20250722,강진 제2일반산업단지 조성사업 건설사업관리용역,전라남도 강진군,PQ,3549600000,3562786800,100.371501,경동+장강,98.37,2832757000,98.4699,N
R25BK00973335-000,20250722,강진 제2일반산업단지 조성사업 건설사업관리용역,전라남도 강진군,PQ,3549600000,3562786800,100.371501,동일+서진,98.37,2922700000,101.5965,N
R25BK00973335-000,20250722,강진 제2일반산업단지 조성사업 건설사업관리용역,전라남도 강진군,PQ,3549600000,3562786800,100.371501,서영+건영,98.37,2924000000,101.6417,N
R25BK00973335-000,20250722,강진 제2일반산업단지 조성사업 건설사업관리용역,전라남도 강진군,PQ,3549600000,3562786800,100.371501,이산+거평,98.35,2922000000,101.5596,N
R25BK00973335-000,20250722,강진 제2일반산업단지 조성사업 건설사업관리용역,전라남도 강진군,PQ,3549600000,3562786800,100.371501,신명+아라,98.33,2855900000,99.2499,N
R25BK00973335-000,20250722,강진 제2일반산업단지 조성사업 건설사업관리용역,전라남도 강진군,PQ,3549600000,3562786800,100.371501,용마+하이콘,98.32,2872990000,99.8315,N
R25BK00973335-000,20250722,강진 제2일반산업단지 조성사업 건설사업관리용역,전라남도 강진군,PQ,3549600000,3562786800,100.371501,건일+강남,98.31,2918000000,101.383,N
R25BK00973335-000,20250722,강진 제2일반산업단지 조성사업 건설사업관리용역,전라남도 강진군,PQ,3549600000,3562786800,100.371501,홍익+하나,98.28,2933600000,101.8999,N
R25BK00973335-000,20250722,강진 제2일반산업단지 조성사업 건설사업관리용역,전라남도 강진군,PQ,3549600000,3562786800,100.371501,한종+신오,98.03,2828900000,98.0697,N
R25BK00973335-000,20250722,강진 제2일반산업단지 조성사업 건설사업관리용역,전라남도 강진군,PQ,3549600000,3562786800,100.371501,동부+영진,93.9,3268980000,109.7602,N
,20250716,우즈베키스탄 카라칼팍스탄 및 호레즘 지방도로 감리,NULL,QCBS,8000000000,6266000000,100,건화,83.47,5280770,0.0843,N
,20250716,우즈베키스탄 카라칼팍스탄 및 호레즘 지방도로 감리,NULL,QCBS,8000000000,6266000000,100,도화+Annexure(홍콩),0,0,0,N
,20250716,우즈베키스탄 카라칼팍스탄 및 호레즘 지방도로 감리,NULL,QCBS,8000000000,6266000000,100,삼안+동성,0,0,0,N
,20250716,우즈베키스탄 카라칼팍스탄 및 호레즘 지방도로 감리,NULL,QCBS,8000000000,6266000000,100,Rhythm Plus(Uz)+Smart Eco(Uz)+Kaz Institute(Kazak),84.52,4168770,0.0665,Y
,20250716,우즈베키스탄 카라칼팍스탄 및 호레즘 지방도로 감리,NULL,QCBS,8000000000,6266000000,100,Smec(호주),0,0,0,N
,20250716,우즈베키스탄 카라칼팍스탄 및 호레즘 지방도로 감리,NULL,QCBS,8000000000,6266000000,100,SUEZ(프랑스),79.63,6745200,0.1076,N
R25BK00975982-000,20250723,영일만4 일반산업단지 우수저류시설 설치사업 기본 및 실시설계 용역,경상북도 포항시,PQ,1837000000,1840049475,100.166003,한종+태성+한도,100,1483000000,100.9181,Y
R25BK00975982-000,20250723,영일만4 일반산업단지 우수저류시설 설치사업 기본 및 실시설계 용역,경상북도 포항시,PQ,1837000000,1840049475,100.166003,이산+극동,97.5,1482390000,98.8985,N
R25BK00975982-000,20250723,영일만4 일반산업단지 우수저류시설 설치사업 기본 및 실시설계 용역,경상북도 포항시,PQ,1837000000,1840049475,100.166003,제일+다산+진화기술,97.5,1519000000,101.341,N
R25BK00975982-000,20250723,영일만4 일반산업단지 우수저류시설 설치사업 기본 및 실시설계 용역,경상북도 포항시,PQ,1837000000,1840049475,100.166003,보람+KG+경호,97.5,1480160000,98.7497,N
R25BK00975982-000,20250723,영일만4 일반산업단지 우수저류시설 설치사업 기본 및 실시설계 용역,경상북도 포항시,PQ,1837000000,1840049475,100.166003,도화+세원+한주,97.43,1520800000,101.3989,N
R25BK00975982-000,20250723,영일만4 일반산업단지 우수저류시설 설치사업 기본 및 실시설계 용역,경상북도 포항시,PQ,1837000000,1840049475,100.166003,건화+청우(에스씨이앤씨),97.3,1475780000,98.3009,N
R25BK00975982-000,20250723,영일만4 일반산업단지 우수저류시설 설치사업 기본 및 실시설계 용역,경상북도 포항시,PQ,1837000000,1840049475,100.166003,삼안+주하+동해,97.26,1479830000,98.5345,N
R25BK00975982-000,20250723,영일만4 일반산업단지 우수저류시설 설치사업 기본 및 실시설계 용역,경상북도 포항시,PQ,1837000000,1840049475,100.166003,화신+유신+태양,97.24,1524860000,101.5204,N
R25BK00975982-000,20250723,영일만4 일반산업단지 우수저류시설 설치사업 기본 및 실시설계 용역,경상북도 포항시,PQ,1837000000,1840049475,100.166003,정+명성+HEC,97.2,1477895000,98.3575,N
R25BK00975982-000,20250723,영일만4 일반산업단지 우수저류시설 설치사업 기본 및 실시설계 용역,경상북도 포항시,PQ,1837000000,1840049475,100.166003,동명+KCI,97,1542400000,102.5001,N
R25BK00975959-000,20250723,"청도 군관리계획(용도지역, 지구단위계획) 수립 용역",경상북도 청도군,PQ,676000000,681063275,100.7490052,한도+현성,100,579157000,100.2095,N
R25BK00975959-000,20250723,"청도 군관리계획(용도지역, 지구단위계획) 수립 용역",경상북도 청도군,PQ,676000000,681063275,100.7490052,동명+대성,97.6,589000000,101.2847,Y
R25BK00975959-000,20250723,"청도 군관리계획(용도지역, 지구단위계획) 수립 용역",경상북도 청도군,PQ,676000000,681063275,100.7490052,KG+보람,96.69,589290000,101.0995,N
R25BK00975959-000,20250723,"청도 군관리계획(용도지역, 지구단위계획) 수립 용역",경상북도 청도군,PQ,676000000,681063275,100.7490052,경호+명성,96.63,577500000,99.0539,N
R25BK00975959-000,20250723,"청도 군관리계획(용도지역, 지구단위계획) 수립 용역",경상북도 청도군,PQ,676000000,681063275,100.7490052,도화+반석,96.29,593530000,101.7208,N
R25BK00975959-000,20250723,"청도 군관리계획(용도지역, 지구단위계획) 수립 용역",경상북도 청도군,PQ,676000000,681063275,100.7490052,삼안+동성,94.2,596860000,101.7492,N
R25BK00975959-000,20250723,"청도 군관리계획(용도지역, 지구단위계획) 수립 용역",경상북도 청도군,PQ,676000000,681063275,100.7490052,화신+세원,93.5,597900000,101.7506,N
R25BK00975959-000,20250723,"청도 군관리계획(용도지역, 지구단위계획) 수립 용역",경상북도 청도군,PQ,676000000,681063275,100.7490052,건화+KCI(부린),93.23,600300000,102.0886,N
R25BK00975959-000,20250723,"청도 군관리계획(용도지역, 지구단위계획) 수립 용역",경상북도 청도군,PQ,676000000,681063275,100.7490052,제일+태성,91.98,603500000,102.3035,N
R25BK00975817-000,20250724,순창 군관리계획(재정비) 및 성장관리계획 수립 용역,전북특별자치도 순창군,PQ,1194000000,1198525300,100.3790034,도화+국성,99.65,963675000,100.6043,N
R25BK00975817-000,20250724,순창 군관리계획(재정비) 및 성장관리계획 수립 용역,전북특별자치도 순창군,PQ,1194000000,1198525300,100.3790034,제일+한가람,99.65,958844000,100.1,N
R25BK00975817-000,20250724,순창 군관리계획(재정비) 및 성장관리계획 수립 용역,전북특별자치도 순창군,PQ,1194000000,1198525300,100.3790034,한종+태영,99.59,955200000,99.6698,N
R25BK00975817-000,20250724,순창 군관리계획(재정비) 및 성장관리계획 수립 용역,전북특별자치도 순창군,PQ,1194000000,1198525300,100.3790034,동해+조화,99.5,960658000,100.177,N
R25BK00975817-000,20250724,순창 군관리계획(재정비) 및 성장관리계획 수립 용역,전북특별자치도 순창군,PQ,1194000000,1198525300,100.3790034,한도+삼화+가온+대성종합,99.47,965400000,100.6464,N
R25BK00975817-000,20250724,순창 군관리계획(재정비) 및 성장관리계획 수립 용역,전북특별자치도 순창군,PQ,1194000000,1198525300,100.3790034,KG+성원+세화,99.46,952120000,99.2495,N
R25BK00975817-000,20250724,순창 군관리계획(재정비) 및 성장관리계획 수립 용역,전북특별자치도 순창군,PQ,1194000000,1198525300,100.3790034,건화+태하,99.44,963164000,100.3883,Y
R25BK00975817-000,20250724,순창 군관리계획(재정비) 및 성장관리계획 수립 용역,전북특별자치도 순창군,PQ,1194000000,1198525300,100.3790034,선진+대성기술,99.44,959647000,100.0217,N
R25BK00975817-000,20250724,순창 군관리계획(재정비) 및 성장관리계획 수립 용역,전북특별자치도 순창군,PQ,1194000000,1198525300,100.3790034,경호+JCN,99.35,950850000,99.0309,N
R25BK00975817-000,20250724,순창 군관리계획(재정비) 및 성장관리계획 수립 용역,전북특별자치도 순창군,PQ,1194000000,1198525300,100.3790034,동명+더한,99.35,947670000,98.6997,N
R25BK00975817-000,20250724,순창 군관리계획(재정비) 및 성장관리계획 수립 용역,전북특별자치도 순창군,PQ,1194000000,1198525300,100.3790034,유신+인우,99.35,948710000,98.808,N
R25BK00975817-000,20250724,순창 군관리계획(재정비) 및 성장관리계획 수립 용역,전북특별자치도 순창군,PQ,1194000000,1198525300,100.3790034,삼안+현성,99.28,982850000,102.3001,N
R25BK00975817-000,20250724,순창 군관리계획(재정비) 및 성장관리계획 수립 용역,전북특별자치도 순창군,PQ,1194000000,1198525300,100.3790034,화신+고산+다온,99.25,952416000,99.12,N
R25BK00975817-000,20250724,순창 군관리계획(재정비) 및 성장관리계획 수립 용역,전북특별자치도 순창군,PQ,1194000000,1198525300,100.3790034,정+이룸,97.47,1000794000,102.7,N
R25BK00977425-000,20250724,오산3 공공하수처리시설 증설공사 기본 및 실시설계,경기도 오산시 환경사업소,PQ,1322292000,1311191400,99.16050313,이산+KD,99.9,1053200000,99.4811,N
R25BK00977425-000,20250724,오산3 공공하수처리시설 증설공사 기본 및 실시설계,경기도 오산시 환경사업소,PQ,1322292000,1311191400,99.16050313,선진+태조+대성,99.85,1061657000,100.2424,N
R25BK00977425-000,20250724,오산3 공공하수처리시설 증설공사 기본 및 실시설계,경기도 오산시 환경사업소,PQ,1322292000,1311191400,99.16050313,제일+(주)한종,99.8,1066900000,100.6997,N
R25BK00977425-000,20250724,오산3 공공하수처리시설 증설공사 기본 및 실시설계,경기도 오산시 환경사업소,PQ,1322292000,1311191400,99.16050313,삼안+유신,99.8,1054460000,99.5256,N
R25BK00977425-000,20250724,오산3 공공하수처리시설 증설공사 기본 및 실시설계,경기도 오산시 환경사업소,PQ,1322292000,1311191400,99.16050313,한종+도화,99.8,1062000000,100.2372,N
R25BK00977425-000,20250724,오산3 공공하수처리시설 증설공사 기본 및 실시설계,경기도 오산시 환경사업소,PQ,1322292000,1311191400,99.16050313,건화+새론(테크피아),99.76,1051360000,99.1958,Y
R25BK00977425-000,20250724,오산3 공공하수처리시설 증설공사 기본 및 실시설계,경기도 오산시 환경사업소,PQ,1322292000,1311191400,99.16050313,동명+한맥,99.5,1049040000,98.7798,N
R25BK00977425-000,20250724,오산3 공공하수처리시설 증설공사 기본 및 실시설계,경기도 오산시 환경사업소,PQ,1322292000,1311191400,99.16050313,경동+용마,99.5,1050998000,98.9641,N
R25BK00977425-000,20250724,오산3 공공하수처리시설 증설공사 기본 및 실시설계,경기도 오산시 환경사업소,PQ,1322292000,1311191400,99.16050313,KG+보람,99.45,1054870000,99.2793,N
R25BK00977425-000,20250724,오산3 공공하수처리시설 증설공사 기본 및 실시설계,경기도 오산시 환경사업소,PQ,1322292000,1311191400,99.16050313,정,99.45,1111047000,104.5664,N
R25BK00977425-000,20250724,오산3 공공하수처리시설 증설공사 기본 및 실시설계,경기도 오산시 환경사업소,PQ,1322292000,1311191400,99.16050313,수성+에이스+건일,99.26,1054645000,99.1101,N
R25BK00977425-000,20250724,오산3 공공하수처리시설 증설공사 기본 및 실시설계,경기도 오산시 환경사업소,PQ,1322292000,1311191400,99.16050313,장맥+TSK+화신,99.25,1049800000,98.6548,N
R25BK00977425-000,20250724,오산3 공공하수처리시설 증설공사 기본 및 실시설계,경기도 오산시 환경사업소,PQ,1322292000,1311191400,99.16050313,경호+동해,99.2,1051000000,98.7185,N
R25BK00977425-000,20250724,오산3 공공하수처리시설 증설공사 기본 및 실시설계,경기도 오산시 환경사업소,PQ,1322292000,1311191400,99.16050313,범한+서영,99.2,1076700000,101.1325,N
R25BK00977425-000,20250724,오산3 공공하수처리시설 증설공사 기본 및 실시설계,경기도 오산시 환경사업소,PQ,1322292000,1311191400,99.16050313,드림+디엠+다산,99.03,1092000000,102.4296,N
R25BK00977409-000,20250724,세마공공하수처리시설 증설공사(2단계) 기본 및 실시설계,경기도 오산시 환경사업소,PQ,1131555000,1131518250,99.99675226,선진+태조+대성,99.9,908687000,100.2988,Y
R25BK00977409-000,20250724,세마공공하수처리시설 증설공사(2단계) 기본 및 실시설계,경기도 오산시 환경사업소,PQ,1131555000,1131518250,99.99675226,제일+(주)한종,99.79,905469000,99.8563,N
R25BK00977409-000,20250724,세마공공하수처리시설 증설공사(2단계) 기본 및 실시설계,경기도 오산시 환경사업소,PQ,1131555000,1131518250,99.99675226,도화+한종,99.65,901890000,99.3501,N
R25BK00977409-000,20250724,세마공공하수처리시설 증설공사(2단계) 기본 및 실시설계,경기도 오산시 환경사업소,PQ,1131555000,1131518250,99.99675226,이산+KD,99.65,913800000,100.662,N
R25BK00977409-000,20250724,세마공공하수처리시설 증설공사(2단계) 기본 및 실시설계,경기도 오산시 환경사업소,PQ,1131555000,1131518250,99.99675226,건화+새론(테크피아),99.56,898300000,98.8807,N
R25BK00977409-000,20250724,세마공공하수처리시설 증설공사(2단계) 기본 및 실시설계,경기도 오산시 환경사업소,PQ,1131555000,1131518250,99.99675226,KG+보람,99.55,904100000,99.5191,N
R25BK00977409-000,20250724,세마공공하수처리시설 증설공사(2단계) 기본 및 실시설계,경기도 오산시 환경사업소,PQ,1131555000,1131518250,99.99675226,유신+삼안,99.5,899967000,99.0271,N
R25BK00977409-000,20250724,세마공공하수처리시설 증설공사(2단계) 기본 및 실시설계,경기도 오산시 환경사업소,PQ,1131555000,1131518250,99.99675226,수성+동부+한주,99.5,901610999,99.208,N
R25BK00977409-000,20250724,세마공공하수처리시설 증설공사(2단계) 기본 및 실시설계,경기도 오산시 환경사업소,PQ,1131555000,1131518250,99.99675226,경동+용마,99.45,919189000,101.0919,N
R25BK00977409-000,20250724,세마공공하수처리시설 증설공사(2단계) 기본 및 실시설계,경기도 오산시 환경사업소,PQ,1131555000,1131518250,99.99675226,범한+서영,99.45,900000000,98.9815,N
R25BK00977409-000,20250724,세마공공하수처리시설 증설공사(2단계) 기본 및 실시설계,경기도 오산시 환경사업소,PQ,1131555000,1131518250,99.99675226,동해+경호,99.4,902415000,99.21,N
R25BK00977409-000,20250724,세마공공하수처리시설 증설공사(2단계) 기본 및 실시설계,경기도 오산시 환경사업소,PQ,1131555000,1131518250,99.99675226,국성+다음+신명,99.35,918999000,100.9956,N
R25BK00977409-000,20250724,세마공공하수처리시설 증설공사(2단계) 기본 및 실시설계,경기도 오산시 환경사업소,PQ,1131555000,1131518250,99.99675226,동명+한맥,99.35,898838000,98.7799,N
R25BK00977409-000,20250724,세마공공하수처리시설 증설공사(2단계) 기본 및 실시설계,경기도 오산시 환경사업소,PQ,1131555000,1131518250,99.99675226,화신+신화E+디아이,99.3,924390000,101.5501,N
R25BK00977409-000,20250724,세마공공하수처리시설 증설공사(2단계) 기본 및 실시설계,경기도 오산시 환경사업소,PQ,1131555000,1131518250,99.99675226,드림+TS+다산,99.28,897800000,98.6045,N
R25BK00977409-000,20250724,세마공공하수처리시설 증설공사(2단계) 기본 및 실시설계,경기도 오산시 환경사업소,PQ,1131555000,1131518250,99.99675226,경화+케이아트,99.05,939453000,103,N
,20250724,영종~청라 연결도로(제3연륙교) 건설공사 제2공구 청라측 공원 설계용역,(주)포스코이앤씨,협상,750000000,750000000,100,경동,100,498000000,66.4,N
,20250724,영종~청라 연결도로(제3연륙교) 건설공사 제2공구 청라측 공원 설계용역,(주)포스코이앤씨,협상,750000000,750000000,100,건화,100,730000000,97.3333,N
R25BK00976988 - 000,20250725,옥암지구 교차로 구조 개선 사업 실시설계용역,전라남도 목포시 도시공원국,PQ,432000000,434302600,100.5330093,홍익+우리,98.5,375450000,100.04,N
R25BK00976988 - 000,20250725,옥암지구 교차로 구조 개선 사업 실시설계용역,전라남도 목포시 도시공원국,PQ,432000000,434302600,100.5330093,극동+원우,98.5,376087000,100.2097,N
R25BK00976988 - 000,20250725,옥암지구 교차로 구조 개선 사업 실시설계용역,전라남도 목포시 도시공원국,PQ,432000000,434302600,100.5330093,KG+다산+산하,98.01,374270000,99.6797,N
R25BK00976988 - 000,20250725,옥암지구 교차로 구조 개선 사업 실시설계용역,전라남도 목포시 도시공원국,PQ,432000000,434302600,100.5330093,한기+동일,97.98,377896000,100.6338,Y
R25BK00976988 - 000,20250725,옥암지구 교차로 구조 개선 사업 실시설계용역,전라남도 목포시 도시공원국,PQ,432000000,434302600,100.5330093,경동+유현,97.88,373230000,99.3798,N
R25BK00976988 - 000,20250725,옥암지구 교차로 구조 개선 사업 실시설계용역,전라남도 목포시 도시공원국,PQ,432000000,434302600,100.5330093,동성+동아,97.85,377061000,100.3999,N
R25BK00976988 - 000,20250725,옥암지구 교차로 구조 개선 사업 실시설계용역,전라남도 목포시 도시공원국,PQ,432000000,434302600,100.5330093,바우+선우+국일,97.8,374480000,99.7126,N
R25BK00976988 - 000,20250725,옥암지구 교차로 구조 개선 사업 실시설계용역,전라남도 목포시 도시공원국,PQ,432000000,434302600,100.5330093,제일+양광,97.72,374290000,99.6506,N
R25BK00976988 - 000,20250725,옥암지구 교차로 구조 개선 사업 실시설계용역,전라남도 목포시 도시공원국,PQ,432000000,434302600,100.5330093,경호+신오,97.42,373200000,99.3375,N
R25BK00976988 - 000,20250725,옥암지구 교차로 구조 개선 사업 실시설계용역,전라남도 목포시 도시공원국,PQ,432000000,434302600,100.5330093,삼보+대현,97.37,374000000,99.539,N
R25BK00976988 - 000,20250725,옥암지구 교차로 구조 개선 사업 실시설계용역,전라남도 목포시 도시공원국,PQ,432000000,434302600,100.5330093,도화+해림,97.36,373030000,99.2809,N
R25BK00976988 - 000,20250725,옥암지구 교차로 구조 개선 사업 실시설계용역,전라남도 목포시 도시공원국,PQ,432000000,434302600,100.5330093,서영+서진,97.26,378600000,100.7517,N
R25BK00976988 - 000,20250725,옥암지구 교차로 구조 개선 사업 실시설계용역,전라남도 목포시 도시공원국,PQ,432000000,434302600,100.5330093,동해+청양,97.01,372915000,99.216,N
R25BK00976988 - 000,20250725,옥암지구 교차로 구조 개선 사업 실시설계용역,전라남도 목포시 도시공원국,PQ,432000000,434302600,100.5330093,한종+기찬토건,96.86,372330000,99.049,N
R25BK00976988 - 000,20250725,옥암지구 교차로 구조 개선 사업 실시설계용역,전라남도 목포시 도시공원국,PQ,432000000,434302600,100.5330093,이산+장강,96.73,380834000,101.2996,N
R25BK00976988 - 000,20250725,옥암지구 교차로 구조 개선 사업 실시설계용역,전라남도 목포시 도시공원국,PQ,432000000,434302600,100.5330093,태조+공정,96.54,380500000,101.1876,N
R25BK00976988 - 000,20250725,옥암지구 교차로 구조 개선 사업 실시설계용역,전라남도 목포시 도시공원국,PQ,432000000,434302600,100.5330093,건화+하이콘(디앤에스),96.14,381000000,101.2856,N
R25BK00976988 - 000,20250725,옥암지구 교차로 구조 개선 사업 실시설계용역,전라남도 목포시 도시공원국,PQ,432000000,434302600,100.5330093,삼안+우영,96.01,382580000,101.694,N
B5202506550,20250724,댐사고 3대 취약시설 통합안전망 구축 선도사업 실시설계 용역,한국수자원공사,PQ,908000000,909965473,100.2164618,"건화+용마(테크피아, 케이씨티)",100,779990000,100.476,N
B5202506550,20250724,댐사고 3대 취약시설 통합안전망 구축 선도사업 실시설계 용역,한국수자원공사,PQ,908000000,909965473,100.2164618,경호+KCI,100,778900000,100.3356,Y
B5202506550,20250724,댐사고 3대 취약시설 통합안전망 구축 선도사업 실시설계 용역,한국수자원공사,PQ,908000000,909965473,100.2164618,다산+서현,100,773189500,99.6,N
B5202506550,20250724,댐사고 3대 취약시설 통합안전망 구축 선도사업 실시설계 용역,한국수자원공사,PQ,908000000,909965473,100.2164618,동부+KSM,100,774829000,99.8112,N
B5202506550,20250724,댐사고 3대 취약시설 통합안전망 구축 선도사업 실시설계 용역,한국수자원공사,PQ,908000000,909965473,100.2164618,동해+(주)한종,100,772840000,99.555,N
B5202506550,20250724,댐사고 3대 취약시설 통합안전망 구축 선도사업 실시설계 용역,한국수자원공사,PQ,908000000,909965473,100.2164618,삼안,100,773300000,99.6142,N
B5202506550,20250724,댐사고 3대 취약시설 통합안전망 구축 선도사업 실시설계 용역,한국수자원공사,PQ,908000000,909965473,100.2164618,서광+청솔,100,773034000,99.58,N
B5202506550,20250724,댐사고 3대 취약시설 통합안전망 구축 선도사업 실시설계 용역,한국수자원공사,PQ,908000000,909965473,100.2164618,서영+도건,100,771250000,99.3502,N
B5202506550,20250724,댐사고 3대 취약시설 통합안전망 구축 선도사업 실시설계 용역,한국수자원공사,PQ,908000000,909965473,100.2164618,정,100,776294000,99.9999,N
B5202506550,20250724,댐사고 3대 취약시설 통합안전망 구축 선도사업 실시설계 용역,한국수자원공사,PQ,908000000,909965473,100.2164618,화신,100,777300000,100.1295,N
B5202506550,20250724,댐사고 3대 취약시설 통합안전망 구축 선도사업 실시설계 용역,한국수자원공사,PQ,908000000,909965473,100.2164618,동서,98.3,795810000,102.0009,N
R25BK00978089-000,20250725,양주시 공릉천수계 차집관로 정비사업 기본 및 실시설계 용역,경기도 양주시,PQ,2060802000,2051837550,99.56500188,KG+동명+수성,99.78,1664180000,100.7599,Y
R25BK00978089-000,20250725,양주시 공릉천수계 차집관로 정비사업 기본 및 실시설계 용역,경기도 양주시,PQ,2060802000,2051837550,99.56500188,경호+동성,97.8,1663190000,99.1413,N
R25BK00978089-000,20250725,양주시 공릉천수계 차집관로 정비사업 기본 및 실시설계 용역,경기도 양주시,PQ,2060802000,2051837550,99.56500188,경동+TSK,97.7,1661959000,98.9828,N
R25BK00978089-000,20250725,양주시 공릉천수계 차집관로 정비사업 기본 및 실시설계 용역,경기도 양주시,PQ,2060802000,2051837550,99.56500188,범한+서영,97.64,1662200000,98.9486,N
R25BK00978089-000,20250725,양주시 공릉천수계 차집관로 정비사업 기본 및 실시설계 용역,경기도 양주시,PQ,2060802000,2051837550,99.56500188,국성+다음,97.53,1661999000,98.8517,N
R25BK00978089-000,20250725,양주시 공릉천수계 차집관로 정비사업 기본 및 실시설계 용역,경기도 양주시,PQ,2060802000,2051837550,99.56500188,화신+DM+다산,97.52,1660790000,98.7798,N
R25BK00978089-000,20250725,양주시 공릉천수계 차집관로 정비사업 기본 및 실시설계 용역,경기도 양주시,PQ,2060802000,2051837550,99.56500188,제일+신성+하나,97.5,1702000000,101.2185,N
R25BK00978089-000,20250725,양주시 공릉천수계 차집관로 정비사업 기본 및 실시설계 용역,경기도 양주시,PQ,2060802000,2051837550,99.56500188,선진+건일,97.46,1706348000,101.4397,N
R25BK00978089-000,20250725,양주시 공릉천수계 차집관로 정비사업 기본 및 실시설계 용역,경기도 양주시,PQ,2060802000,2051837550,99.56500188,삼안+한맥,97.4,1655500000,98.3687,N
R25BK00978089-000,20250725,양주시 공릉천수계 차집관로 정비사업 기본 및 실시설계 용역,경기도 양주시,PQ,2060802000,2051837550,99.56500188,건화+새론(테크피아),97.38,1654480000,98.2961,N
R25BK00978089-000,20250725,양주시 공릉천수계 차집관로 정비사업 기본 및 실시설계 용역,경기도 양주시,PQ,2060802000,2051837550,99.56500188,한주+동부,97.3,1662000000,98.6824,N
R25BK00978089-000,20250725,양주시 공릉천수계 차집관로 정비사업 기본 및 실시설계 용역,경기도 양주시,PQ,2060802000,2051837550,99.56500188,유신+용마+태조,97.3,1653707000,98.19,N
R25BK00978089-000,20250725,양주시 공릉천수계 차집관로 정비사업 기본 및 실시설계 용역,경기도 양주시,PQ,2060802000,2051837550,99.56500188,도화+한종,97.3,1717780000,101.9944,N
R25BK00978089-000,20250725,양주시 공릉천수계 차집관로 정비사업 기본 및 실시설계 용역,경기도 양주시,PQ,2060802000,2051837550,99.56500188,이산,97.3,1657244000,98.4,N
R25BK00978089-000,20250725,양주시 공릉천수계 차집관로 정비사업 기본 및 실시설계 용역,경기도 양주시,PQ,2060802000,2051837550,99.56500188,정+신화,97.1,1720000000,101.964,N
R25BK00978089-000,20250725,양주시 공릉천수계 차집관로 정비사업 기본 및 실시설계 용역,경기도 양주시,PQ,2060802000,2051837550,99.56500188,드림+케이,96.6,1725233000,101.876,N
R25BK00978089-000,20250725,양주시 공릉천수계 차집관로 정비사업 기본 및 실시설계 용역,경기도 양주시,PQ,2060802000,2051837550,99.56500188,동해+(주)한종,96.44,1734520000,102.2999,N
R25BK00978089-000,20250725,양주시 공릉천수계 차집관로 정비사업 기본 및 실시설계 용역,경기도 양주시,PQ,2060802000,2051837550,99.56500188,경화+케이아트,95.65,1741862000,102.1,N
R25BK00978089-000,20250725,양주시 공릉천수계 차집관로 정비사업 기본 및 실시설계 용역,경기도 양주시,PQ,2060802000,2051837550,99.56500188,HEC+한영,95.36,1741000000,101.8281,N
R25BK00978089-000,20250725,양주시 공릉천수계 차집관로 정비사업 기본 및 실시설계 용역,경기도 양주시,PQ,2060802000,2051837550,99.56500188,세원+에이스,94.66,1758949000,102.3229,N
R25BK00978089-000,20250725,양주시 공릉천수계 차집관로 정비사업 기본 및 실시설계 용역,경기도 양주시,PQ,2060802000,2051837550,99.56500188,삼주+다경,94.2,1900000000,110.1321,N
R25BK00978089-000,20250725,양주시 공릉천수계 차집관로 정비사업 기본 및 실시설계 용역,경기도 양주시,PQ,2060802000,2051837550,99.56500188,홍익+화정+바셈,94.09,1766360000,102.3002,N
R25BK00978322 - 000,20250725,옥천군 우수유출저감대책 수립 용역,충청북도 옥천군,PQ,492753000,490424800,99.52751176,건화+이도,100,425180000,99.4716,N
R25BK00978322 - 000,20250725,옥천군 우수유출저감대책 수립 용역,충청북도 옥천군,PQ,492753000,490424800,99.52751176,도화+경인,100,429290000,100.4331,N
R25BK00978322 - 000,20250725,옥천군 우수유출저감대책 수립 용역,충청북도 옥천군,PQ,492753000,490424800,99.52751176,드림+한도,100,430700000,100.763,N
R25BK00978322 - 000,20250725,옥천군 우수유출저감대책 수립 용역,충청북도 옥천군,PQ,492753000,490424800,99.52751176,수성+태하,100,426888000,99.8712,N
R25BK00978322 - 000,20250725,옥천군 우수유출저감대책 수립 용역,충청북도 옥천군,PQ,492753000,490424800,99.52751176,서영+아라,100,428850000,100.3302,N
R25BK00978322 - 000,20250725,옥천군 우수유출저감대책 수립 용역,충청북도 옥천군,PQ,492753000,490424800,99.52751176,제일+동서,100,430200000,100.646,N
R25BK00978322 - 000,20250725,옥천군 우수유출저감대책 수립 용역,충청북도 옥천군,PQ,492753000,490424800,99.52751176,화신+하나,100,425216000,99.48,N
R25BK00978322 - 000,20250725,옥천군 우수유출저감대책 수립 용역,충청북도 옥천군,PQ,492753000,490424800,99.52751176,이산+송현,100,426870000,99.867,N
R25BK00978322 - 000,20250725,옥천군 우수유출저감대책 수립 용역,충청북도 옥천군,PQ,492753000,490424800,99.52751176,극동+국일,100,428591000,100.2696,N
R25BK00978322 - 000,20250725,옥천군 우수유출저감대책 수립 용역,충청북도 옥천군,PQ,492753000,490424800,99.52751176,다산+에이스,100,427952000,100.1201,N
R25BK00978322 - 000,20250725,옥천군 우수유출저감대책 수립 용역,충청북도 옥천군,PQ,492753000,490424800,99.52751176,동성+한올,100,429918000,100.5801,N
R25BK00978322 - 000,20250725,옥천군 우수유출저감대책 수립 용역,충청북도 옥천군,PQ,492753000,490424800,99.52751176,정+조화,100,424519000,99.317,N
R25BK00978322 - 000,20250725,옥천군 우수유출저감대책 수립 용역,충청북도 옥천군,PQ,492753000,490424800,99.52751176,KSM+선진,100,430700000,100.763,N
R25BK00978322 - 000,20250725,옥천군 우수유출저감대책 수립 용역,충청북도 옥천군,PQ,492753000,490424800,99.52751176,경호+고려,100,423000000,98.9616,N
R25BK00978322 - 000,20250725,옥천군 우수유출저감대책 수립 용역,충청북도 옥천군,PQ,492753000,490424800,99.52751176,경동+경화,100,423870000,99.1651,N
R25BK00978322 - 000,20250725,옥천군 우수유출저감대책 수립 용역,충청북도 옥천군,PQ,492753000,490424800,99.52751176,한종+오성,99.64,430630000,100.7002,N
R25BK00978322 - 000,20250725,옥천군 우수유출저감대책 수립 용역,충청북도 옥천군,PQ,492753000,490424800,99.52751176,KG+보람,99.58,426180000,99.6596,Y
R25BK00978322 - 000,20250725,옥천군 우수유출저감대책 수립 용역,충청북도 옥천군,PQ,492753000,490424800,99.52751176,진화+동진,98.3,428199000,100.005,N
R25BK00978322 - 000,20250725,옥천군 우수유출저감대책 수립 용역,충청북도 옥천군,PQ,492753000,490424800,99.52751176,동해+한울,97.5,439230000,102.4987,N
2025UMM07772025-13958-01 ,20250725,25-D-00부대 환경영향평가용역(B576),국군재정관리단,PQ,462352940,462154066,99.95698654,건화,100,402780000,100.4268,N
2025UMM07772025-13958-01 ,20250725,25-D-00부대 환경영향평가용역(B576),국군재정관리단,PQ,462352940,462154066,99.95698654,경동,100,404753000,100.9188,N
2025UMM07772025-13958-01 ,20250725,25-D-00부대 환경영향평가용역(B576),국군재정관리단,PQ,462352940,462154066,99.95698654,경호,100,402000000,100.2324,N
2025UMM07772025-13958-01 ,20250725,25-D-00부대 환경영향평가용역(B576),국군재정관리단,PQ,462352940,462154066,99.95698654,경화,100,402352000,100.3201,N
2025UMM07772025-13958-01 ,20250725,25-D-00부대 환경영향평가용역(B576),국군재정관리단,PQ,462352940,462154066,99.95698654,다산,100,401549500,100.12,N
2025UMM07772025-13958-01 ,20250725,25-D-00부대 환경영향평가용역(B576),국군재정관리단,PQ,462352940,462154066,99.95698654,도화,100,402620000,100.387,N
2025UMM07772025-13958-01 ,20250725,25-D-00부대 환경영향평가용역(B576),국군재정관리단,PQ,462352940,462154066,99.95698654,동명,100,401269000,100.0501,N
2025UMM07772025-13958-01 ,20250725,25-D-00부대 환경영향평가용역(B576),국군재정관리단,PQ,462352940,462154066,99.95698654,동성,100,402472000,100.3501,N
2025UMM07772025-13958-01 ,20250725,25-D-00부대 환경영향평가용역(B576),국군재정관리단,PQ,462352940,462154066,99.95698654,동아,100,402631000,100.3897,N
2025UMM07772025-13958-01 ,20250725,25-D-00부대 환경영향평가용역(B576),국군재정관리단,PQ,462352940,462154066,99.95698654,동해,100,400460000,99.8484,N
2025UMM07772025-13958-01 ,20250725,25-D-00부대 환경영향평가용역(B576),국군재정관리단,PQ,462352940,462154066,99.95698654,삼안,100,400829000,99.9404,N
2025UMM07772025-13958-01 ,20250725,25-D-00부대 환경영향평가용역(B576),국군재정관리단,PQ,462352940,462154066,99.95698654,서영,100,402470000,100.3496,N
2025UMM07772025-13958-01 ,20250725,25-D-00부대 환경영향평가용역(B576),국군재정관리단,PQ,462352940,462154066,99.95698654,선진,100,401217000,100.0371,N
2025UMM07772025-13958-01 ,20250725,25-D-00부대 환경영향평가용역(B576),국군재정관리단,PQ,462352940,462154066,99.95698654,수성,100,399788000,99.6808,N
2025UMM07772025-13958-01 ,20250725,25-D-00부대 환경영향평가용역(B576),국군재정관리단,PQ,462352940,462154066,99.95698654,신성,100,400980000,99.978,Y
2025UMM07772025-13958-01 ,20250725,25-D-00부대 환경영향평가용역(B576),국군재정관리단,PQ,462352940,462154066,99.95698654,유신,100,403088000,100.5036,N
2025UMM07772025-13958-01 ,20250725,25-D-00부대 환경영향평가용역(B576),국군재정관리단,PQ,462352940,462154066,99.95698654,홍익,100,399824700,99.69,N
2025UMM07772025-13958-01 ,20250725,25-D-00부대 환경영향평가용역(B576),국군재정관리단,PQ,462352940,462154066,99.95698654,DS,100,400547000,99.8701,N
2025UMM07772025-13958-01 ,20250725,25-D-00부대 환경영향평가용역(B576),국군재정관리단,PQ,462352940,462154066,99.95698654,KG,100,401870000,100.2,N
2025UMM07772025-13958-01 ,20250725,25-D-00부대 환경영향평가용역(B576),국군재정관리단,PQ,462352940,462154066,99.95698654,세광,99.97,401114000,99.9999,N
R25BK00979713-000,20250725,내포 역세권 도시개발사업 조사설계용역,충청남도개발공사,PQ,1937909000,1922899950,99.22550285,도화+경동,98.66,1579579000,100.8094,N
R25BK00979713-000,20250725,내포 역세권 도시개발사업 조사설계용역,충청남도개발공사,PQ,1937909000,1922899950,99.22550285,한종+천마,98.09,1568500000,99.6464,Y
R25BK00979713-000,20250725,내포 역세권 도시개발사업 조사설계용역,충청남도개발공사,PQ,1937909000,1922899950,99.22550285,건화+기산+세일+DM,97.64,1566680000,99.1766,N
R25BK00979713-000,20250725,내포 역세권 도시개발사업 조사설계용역,충청남도개발공사,PQ,1937909000,1922899950,99.22550285,동명+장맥,97.54,1567200000,99.1366,N
R25BK00979713-000,20250725,내포 역세권 도시개발사업 조사설계용역,충청남도개발공사,PQ,1937909000,1922899950,99.22550285,삼안+한맥,97.51,1599730000,101.1695,N
R25BK00979713-000,20250725,내포 역세권 도시개발사업 조사설계용역,충청남도개발공사,PQ,1937909000,1922899950,99.22550285,KG+드림,97.42,1561670000,98.69,N
R25BK00979713-000,20250725,내포 역세권 도시개발사업 조사설계용역,충청남도개발공사,PQ,1937909000,1922899950,99.22550285,서영+동국,97.39,1603360000,101.2998,N
R25BK00979713-000,20250725,내포 역세권 도시개발사업 조사설계용역,충청남도개발공사,PQ,1937909000,1922899950,99.22550285,수성+계림+제일,97.38,1564000000,98.813,N
R25BK00979713-000,20250725,내포 역세권 도시개발사업 조사설계용역,충청남도개발공사,PQ,1937909000,1922899950,99.22550285,선진+정안+동해,97.35,1606733000,101.488,N
R25BK00979713-000,20250725,내포 역세권 도시개발사업 조사설계용역,충청남도개발공사,PQ,1937909000,1922899950,99.22550285,경호+강호,97.3,1562860000,98.6806,N
R25BK00979713-000,20250725,내포 역세권 도시개발사업 조사설계용역,충청남도개발공사,PQ,1937909000,1922899950,99.22550285,유신+송현R,97.24,1559887000,98.4447,N
R25BK00980010 - 000,20250725,치도 및 대리 농어촌마을하수도 정비사업 통합건설사업관리용역,전북특별자치도 부안군,PQ,2577564000,2599872875,100.8655023,유신+신한,99.8,2073313000,100.3893,N
R25BK00980010 - 000,20250725,치도 및 대리 농어촌마을하수도 정비사업 통합건설사업관리용역,전북특별자치도 부안군,PQ,2577564000,2599872875,100.8655023,동해+인우,99.55,2067335000,99.9003,N
R25BK00980010 - 000,20250725,치도 및 대리 농어촌마을하수도 정비사업 통합건설사업관리용역,전북특별자치도 부안군,PQ,2577564000,2599872875,100.8655023,수성+성원,99.5,2084500000,100.6922,N
R25BK00980010 - 000,20250725,치도 및 대리 농어촌마을하수도 정비사업 통합건설사업관리용역,전북특별자치도 부안군,PQ,2577564000,2599872875,100.8655023,다산+조화+용마,99.5,2082194000,100.5808,N
R25BK00980010 - 000,20250725,치도 및 대리 농어촌마을하수도 정비사업 통합건설사업관리용역,전북특별자치도 부안군,PQ,2577564000,2599872875,100.8655023,동일+태영,99.47,2088000000,100.8361,N
R25BK00980010 - 000,20250725,치도 및 대리 농어촌마을하수도 정비사업 통합건설사업관리용역,전북특별자치도 부안군,PQ,2577564000,2599872875,100.8655023,서영+새롬,99.43,2058000000,99.3502,N
R25BK00980010 - 000,20250725,치도 및 대리 농어촌마을하수도 정비사업 통합건설사업관리용역,전북특별자치도 부안군,PQ,2577564000,2599872875,100.8655023,삼안+대도,99.39,2057660000,99.2968,N
R25BK00980010 - 000,20250725,치도 및 대리 농어촌마을하수도 정비사업 통합건설사업관리용역,전북특별자치도 부안군,PQ,2577564000,2599872875,100.8655023,한맥+아상+장강,99.35,2098580000,101.2463,N
R25BK00980010 - 000,20250725,치도 및 대리 농어촌마을하수도 정비사업 통합건설사업관리용역,전북특별자치도 부안군,PQ,2577564000,2599872875,100.8655023,KG+다온,99.26,2099180000,101.1997,N
R25BK00980010 - 000,20250725,치도 및 대리 농어촌마을하수도 정비사업 통합건설사업관리용역,전북특별자치도 부안군,PQ,2577564000,2599872875,100.8655023,KCI+태하,99.23,2057550000,99.1681,N
R25BK00980010 - 000,20250725,치도 및 대리 농어촌마을하수도 정비사업 통합건설사업관리용역,전북특별자치도 부안군,PQ,2577564000,2599872875,100.8655023,극동+미르,99.2,2054364000,98.99,N
R25BK00980010 - 000,20250725,치도 및 대리 농어촌마을하수도 정비사업 통합건설사업관리용역,전북특별자치도 부안군,PQ,2577564000,2599872875,100.8655023,바우+천마+내경,99.2,2054980000,99.0196,N
R25BK00980010 - 000,20250725,치도 및 대리 농어촌마을하수도 정비사업 통합건설사업관리용역,전북특별자치도 부안군,PQ,2577564000,2599872875,100.8655023,대콘+가온,99.2,2095667800,100.9802,Y
R25BK00980010 - 000,20250725,치도 및 대리 농어촌마을하수도 정비사업 통합건설사업관리용역,전북특별자치도 부안군,PQ,2577564000,2599872875,100.8655023,한종+태평,99.19,2051770000,98.865,N
R25BK00980010 - 000,20250725,치도 및 대리 농어촌마을하수도 정비사업 통합건설사업관리용역,전북특별자치도 부안군,PQ,2577564000,2599872875,100.8655023,신명+현성,99.17,2054000000,98.9478,N
R25BK00980010 - 000,20250725,치도 및 대리 농어촌마을하수도 정비사업 통합건설사업관리용역,전북특별자치도 부안군,PQ,2577564000,2599872875,100.8655023,건화+국성,99.15,2047000000,98.5984,N
R25BK00980010 - 000,20250725,치도 및 대리 농어촌마을하수도 정비사업 통합건설사업관리용역,전북특별자치도 부안군,PQ,2577564000,2599872875,100.8655023,제일+온길,99.12,2106000000,101.4151,N
R25BK00980010 - 000,20250725,치도 및 대리 농어촌마을하수도 정비사업 통합건설사업관리용역,전북특별자치도 부안군,PQ,2577564000,2599872875,100.8655023,디엠+JMD+화신,99.08,2054980000,98.9336,N
R25BK00980010 - 000,20250725,치도 및 대리 농어촌마을하수도 정비사업 통합건설사업관리용역,전북특별자치도 부안군,PQ,2577564000,2599872875,100.8655023,홍익+세종,99.05,2048350000,98.59,N
R25BK00980010 - 000,20250725,치도 및 대리 농어촌마을하수도 정비사업 통합건설사업관리용역,전북특별자치도 부안군,PQ,2577564000,2599872875,100.8655023,이산+JCN,99.05,2104000000,101.2685,N
R25BK00980010 - 000,20250725,치도 및 대리 농어촌마을하수도 정비사업 통합건설사업관리용역,전북특별자치도 부안군,PQ,2577564000,2599872875,100.8655023,동성+세움,99.05,2105070000,101.32,N
R25BK00980010 - 000,20250725,치도 및 대리 농어촌마을하수도 정비사업 통합건설사업관리용역,전북특별자치도 부안군,PQ,2577564000,2599872875,100.8655023,동부+세화,99.04,2099724000,101.0501,N
R25BK00980010 - 000,20250725,치도 및 대리 농어촌마을하수도 정비사업 통합건설사업관리용역,전북특별자치도 부안군,PQ,2577564000,2599872875,100.8655023,KSM+(유)리더   ,99.04,2106990000,101.3998,N
R25BK00980010 - 000,20250725,치도 및 대리 농어촌마을하수도 정비사업 통합건설사업관리용역,전북특별자치도 부안군,PQ,2577564000,2599872875,100.8655023,동명+성광,99.03,2047000000,98.5006,N
R25BK00980010 - 000,20250725,치도 및 대리 농어촌마을하수도 정비사업 통합건설사업관리용역,전북특별자치도 부안군,PQ,2577564000,2599872875,100.8655023,도화+한가람,99,2105730000,101.314,N
R25BK00980010 - 000,20250725,치도 및 대리 농어촌마을하수도 정비사업 통합건설사업관리용역,전북특별자치도 부안군,PQ,2577564000,2599872875,100.8655023,범한+아라,98.95,2047840000,98.4799,N
R25BK00980010 - 000,20250725,치도 및 대리 농어촌마을하수도 정비사업 통합건설사업관리용역,전북특별자치도 부안군,PQ,2577564000,2599872875,100.8655023,경원+고산,98.94,2049300000,98.5501,N
R25BK00980010 - 000,20250725,치도 및 대리 농어촌마을하수도 정비사업 통합건설사업관리용역,전북특별자치도 부안군,PQ,2577564000,2599872875,100.8655023,경동+더한,98.9,2114890000,101.6665,N
R25BK00980010 - 000,20250725,치도 및 대리 농어촌마을하수도 정비사업 통합건설사업관리용역,전북특별자치도 부안군,PQ,2577564000,2599872875,100.8655023,선진+건일,98.8,2047987000,98.3772,N
R25BK00980010 - 000,20250725,치도 및 대리 농어촌마을하수도 정비사업 통합건설사업관리용역,전북특별자치도 부안군,PQ,2577564000,2599872875,100.8655023,삼보+호건,98.78,2130200000,102.3011,N
R25BK00980010 - 000,20250725,치도 및 대리 농어촌마을하수도 정비사업 통합건설사업관리용역,전북특별자치도 부안군,PQ,2577564000,2599872875,100.8655023,청명+길종합건축,98.78,0,0,N
R25BK00980641-000,20250728,"2025년 고성군(용호항), 거제시(창촌항) 어촌신활력증진사업(유형3) 기본계획 및 실시설계용역",한국어촌어항공단,SOQ,1298000000,1297266675,99.94350347,한항+혜인,99.12,1064558000,101.8001,Y
R25BK00980641-000,20250728,"2025년 고성군(용호항), 거제시(창촌항) 어촌신활력증진사업(유형3) 기본계획 및 실시설계용역",한국어촌어항공단,SOQ,1298000000,1297266675,99.94350347,아라+대영,98.26,1049303000,99.661,N
R25BK00980641-000,20250728,"2025년 고성군(용호항), 거제시(창촌항) 어촌신활력증진사업(유형3) 기본계획 및 실시설계용역",한국어촌어항공단,SOQ,1298000000,1297266675,99.94350347,건화+수성(신화삼기지질),96.7,1220000000,114.4623,N
R25BK00980545-001,20250728,모래불지구 풍수해생활권 정비사업 감독권한대행 등 건설사업관리용역,경상남도 양산시,PQ,3182810000,3161763725,99.33875176,범한+하우,99.95,2560000000,100.4961,N
R25BK00980545-001,20250728,모래불지구 풍수해생활권 정비사업 감독권한대행 등 건설사업관리용역,경상남도 양산시,PQ,3182810000,3161763725,99.33875176,수성+경남,99.49,2549425000,99.7197,N
R25BK00980545-001,20250728,모래불지구 풍수해생활권 정비사업 감독권한대행 등 건설사업관리용역,경상남도 양산시,PQ,3182810000,3161763725,99.33875176,유신+금성+현진,99.19,2547160000,99.396,Y
R25BK00980545-001,20250728,모래불지구 풍수해생활권 정비사업 감독권한대행 등 건설사업관리용역,경상남도 양산시,PQ,3182810000,3161763725,99.33875176,동부+경화+우정,99.15,2547710000,99.3804,N
R25BK00980545-001,20250728,모래불지구 풍수해생활권 정비사업 감독권한대행 등 건설사업관리용역,경상남도 양산시,PQ,3182810000,3161763725,99.33875176,내경+우리이엔지,99.15,2589220000,100.9996,N
R25BK00980545-001,20250728,모래불지구 풍수해생활권 정비사업 감독권한대행 등 건설사업관리용역,경상남도 양산시,PQ,3182810000,3161763725,99.33875176,삼안+이솔,99.09,2586650000,100.8493,N
R25BK00980545-001,20250728,모래불지구 풍수해생활권 정비사업 감독권한대행 등 건설사업관리용역,경상남도 양산시,PQ,3182810000,3161763725,99.33875176,화신+영인,99.03,2591550000,100.9902,N
R25BK00980545-001,20250728,모래불지구 풍수해생활권 정비사업 감독권한대행 등 건설사업관리용역,경상남도 양산시,PQ,3182810000,3161763725,99.33875176,한맥+세경,98.99,2583920000,100.6679,N
R25BK00980545-001,20250728,모래불지구 풍수해생활권 정비사업 감독권한대행 등 건설사업관리용역,경상남도 양산시,PQ,3182810000,3161763725,99.33875176,제일+서화,98.97,2537600000,98.851,N
R25BK00980545-001,20250728,모래불지구 풍수해생활권 정비사업 감독권한대행 등 건설사업관리용역,경상남도 양산시,PQ,3182810000,3161763725,99.33875176,동명+세일+열린기술,98.9,2537900000,98.8015,N
R25BK00980545-001,20250728,모래불지구 풍수해생활권 정비사업 감독권한대행 등 건설사업관리용역,경상남도 양산시,PQ,3182810000,3161763725,99.33875176,도화+민,98.85,2537000000,98.7297,N
R25BK00980545-001,20250728,모래불지구 풍수해생활권 정비사업 감독권한대행 등 건설사업관리용역,경상남도 양산시,PQ,3182810000,3161763725,99.33875176,동성+나인+한성,98.85,2531098000,98.5,N
R25BK00980545-001,20250728,모래불지구 풍수해생활권 정비사업 감독권한대행 등 건설사업관리용역,경상남도 양산시,PQ,3182810000,3161763725,99.33875176,신명+우일,98.84,2600000000,101.1689,N
R25BK00980545-001,20250728,모래불지구 풍수해생활권 정비사업 감독권한대행 등 건설사업관리용역,경상남도 양산시,PQ,3182810000,3161763725,99.33875176,한종+청토,98.8,2597700000,101.0544,N
R25BK00980545-001,20250728,모래불지구 풍수해생활권 정비사업 감독권한대행 등 건설사업관리용역,경상남도 양산시,PQ,3182810000,3161763725,99.33875176,건화+로텍(석우),98.75,2611000000,101.534,N
R25BK00980545-001,20250728,모래불지구 풍수해생활권 정비사업 감독권한대행 등 건설사업관리용역,경상남도 양산시,PQ,3182810000,3161763725,99.33875176,대콘+주원,98.74,2533677000,98.515,N
R25BK00980545-001,20250728,모래불지구 풍수해생활권 정비사업 감독권한대행 등 건설사업관리용역,경상남도 양산시,PQ,3182810000,3161763725,99.33875176,선진+우진,98.73,2611748000,101.538,N
R25BK00980545-001,20250728,모래불지구 풍수해생활권 정비사업 감독권한대행 등 건설사업관리용역,경상남도 양산시,PQ,3182810000,3161763725,99.33875176,건일+한올+경원,98.7,2608000000,101.3672,N
R25BK00980545-001,20250728,모래불지구 풍수해생활권 정비사업 감독권한대행 등 건설사업관리용역,경상남도 양산시,PQ,3182810000,3161763725,99.33875176,다산+한경,98.69,2614247000,101.61,N
R25BK00980545-001,20250728,모래불지구 풍수해생활권 정비사업 감독권한대행 등 건설사업관리용역,경상남도 양산시,PQ,3182810000,3161763725,99.33875176,경동+한가람,98.68,2527849000,98.2398,N
R25BK00980545-001,20250728,모래불지구 풍수해생활권 정비사업 감독권한대행 등 건설사업관리용역,경상남도 양산시,PQ,3182810000,3161763725,99.33875176,서영+하나,98.67,2614640000,101.6001,N
R25BK00980545-001,20250728,모래불지구 풍수해생활권 정비사업 감독권한대행 등 건설사업관리용역,경상남도 양산시,PQ,3182810000,3161763725,99.33875176,KG+HEC,98.67,2606910000,101.2998,N
R25BK00980545-001,20250728,모래불지구 풍수해생활권 정비사업 감독권한대행 등 건설사업관리용역,경상남도 양산시,PQ,3182810000,3161763725,99.33875176,동해+해진+극동,98.64,2610135000,101.4,N
R25BK00980545-001,20250728,모래불지구 풍수해생활권 정비사업 감독권한대행 등 건설사업관리용역,경상남도 양산시,PQ,3182810000,3161763725,99.33875176,동일+천진,98.63,2615000000,101.589,N
R25BK00980545-001,20250728,모래불지구 풍수해생활권 정비사업 감독권한대행 등 건설사업관리용역,경상남도 양산시,PQ,3182810000,3161763725,99.33875176,KSM+신화,98.6,2624100000,101.9173,N
R25BK00980545-001,20250728,모래불지구 풍수해생활권 정비사업 감독권한대행 등 건설사업관리용역,경상남도 양산시,PQ,3182810000,3161763725,99.33875176,KCI+경상,98.55,0,0,N
R25BK00980545-001,20250728,모래불지구 풍수해생활권 정비사업 감독권한대행 등 건설사업관리용역,경상남도 양산시,PQ,3182810000,3161763725,99.33875176,이산+흥진,98.51,2531000000,98.2286,N
R25BK00980545-001,20250728,모래불지구 풍수해생활권 정비사업 감독권한대행 등 건설사업관리용역,경상남도 양산시,PQ,3182810000,3161763725,99.33875176,홍익+유진,98.48,2636560000,102.3001,N
R25BK00981356-000,20250728,고모천 등 2개 지방하천 정비사업 통합건설사업관리용역,경기도청 북부청사,PQ,2710620000,2700800825,99.6377517,KSM+동명+한맥,99.96,2171300000,100.098,N
R25BK00981356-000,20250728,고모천 등 2개 지방하천 정비사업 통합건설사업관리용역,경기도청 북부청사,PQ,2710620000,2700800825,99.6377517,건화+KG,99.93,2181000000,100.5201,N
R25BK00981356-000,20250728,고모천 등 2개 지방하천 정비사업 통합건설사업관리용역,경기도청 북부청사,PQ,2710620000,2700800825,99.6377517,다산+용마+신성,99.88,2182467000,100.55,N
R25BK00981356-000,20250728,고모천 등 2개 지방하천 정비사업 통합건설사업관리용역,경기도청 북부청사,PQ,2710620000,2700800825,99.6377517,수성+동부,99.88,2168989999,99.9291,Y
R25BK00981356-000,20250728,고모천 등 2개 지방하천 정비사업 통합건설사업관리용역,경기도청 북부청사,PQ,2710620000,2700800825,99.6377517,동성+DS+경호,99.83,2193056000,101,N
R25BK00981356-000,20250728,고모천 등 2개 지방하천 정비사업 통합건설사업관리용역,경기도청 북부청사,PQ,2710620000,2700800825,99.6377517,한종+극동,99.46,2160330000,99.1956,N
R25BK00981356-000,20250728,고모천 등 2개 지방하천 정비사업 통합건설사업관리용역,경기도청 북부청사,PQ,2710620000,2700800825,99.6377517,이산+장맥,99.41,2207000000,101.3008,N
R25BK00981356-000,20250728,고모천 등 2개 지방하천 정비사업 통합건설사업관리용역,경기도청 북부청사,PQ,2710620000,2700800825,99.6377517,동해+(주)한종+천마,99.31,2163110000,99.1998,N
R25BK00981356-000,20250728,고모천 등 2개 지방하천 정비사업 통합건설사업관리용역,경기도청 북부청사,PQ,2710620000,2700800825,99.6377517,서영+유신,99.2,2208000000,101.1704,N
R25BK00981356-000,20250728,고모천 등 2개 지방하천 정비사업 통합건설사업관리용역,경기도청 북부청사,PQ,2710620000,2700800825,99.6377517,도화+삼안,99.15,2155700000,98.7373,N
R25BK00981356-000,20250728,고모천 등 2개 지방하천 정비사업 통합건설사업관리용역,경기도청 북부청사,PQ,2710620000,2700800825,99.6377517,건일+다음+주하,99.14,2201000000,100.7996,N
R25BK00981356-000,20250728,고모천 등 2개 지방하천 정비사업 통합건설사업관리용역,경기도청 북부청사,PQ,2710620000,2700800825,99.6377517,제일+케이탑+화신,98.92,2218800000,101.4385,N
R25BK00981356-000,20250728,고모천 등 2개 지방하천 정비사업 통합건설사업관리용역,경기도청 북부청사,PQ,2710620000,2700800825,99.6377517,선진+더원이엔지,98.85,2225178000,101.6797,N
R25BK00981356-000,20250728,고모천 등 2개 지방하천 정비사업 통합건설사업관리용역,경기도청 북부청사,PQ,2710620000,2700800825,99.6377517,경동+다경,98.79,2236800000,102.1602,N
R25BK00981356-000,20250728,고모천 등 2개 지방하천 정비사업 통합건설사업관리용역,경기도청 북부청사,PQ,2710620000,2700800825,99.6377517,내경+한기+KCI,98.74,2160000000,98.6159,N
R25BK00981356-000,20250728,고모천 등 2개 지방하천 정비사업 통합건설사업관리용역,경기도청 북부청사,PQ,2710620000,2700800825,99.6377517,신명+대성,95.56,2286000000,101.7985,N
R25BK00981356-000,20250728,고모천 등 2개 지방하천 정비사업 통합건설사업관리용역,경기도청 북부청사,PQ,2710620000,2700800825,99.6377517,홍익+TSK,95.4,2287670000,101.75,N
R25BK00980265-001,20250728,옥산지구 배수장 설치공사 감독권한대행 건설사업관리용역,충청북도 청주시,PQ,1656200000,1625382300,98.13925251,유신+홍익,99.7,1326025000,99.837,N
R25BK00980265-001,20250728,옥산지구 배수장 설치공사 감독권한대행 건설사업관리용역,충청북도 청주시,PQ,1656200000,1625382300,98.13925251,동부+도우,99.7,1336434000,100.6207,N
R25BK00980265-001,20250728,옥산지구 배수장 설치공사 감독권한대행 건설사업관리용역,충청북도 청주시,PQ,1656200000,1625382300,98.13925251,도화+오성,99.52,1324469000,99.5833,N
R25BK00980265-001,20250728,옥산지구 배수장 설치공사 감독권한대행 건설사업관리용역,충청북도 청주시,PQ,1656200000,1625382300,98.13925251,동명+영진,99.47,1343100000,100.9464,N
R25BK00980265-001,20250728,옥산지구 배수장 설치공사 감독권한대행 건설사업관리용역,충청북도 청주시,PQ,1656200000,1625382300,98.13925251,제일+HR,99.43,1320400000,99.2032,N
R25BK00980265-001,20250728,옥산지구 배수장 설치공사 감독권한대행 건설사업관리용역,충청북도 청주시,PQ,1656200000,1625382300,98.13925251,KSM+진우,99.2,1325000000,99.3634,N
R25BK00980265-001,20250728,옥산지구 배수장 설치공사 감독권한대행 건설사업관리용역,충청북도 청주시,PQ,1656200000,1625382300,98.13925251,화신+건일기술,99.18,1324053000,99.28,N
R25BK00980265-001,20250728,옥산지구 배수장 설치공사 감독권한대행 건설사업관리용역,충청북도 청주시,PQ,1656200000,1625382300,98.13925251,경원+한맥,99.17,1321820000,99.1003,N
R25BK00980265-001,20250728,옥산지구 배수장 설치공사 감독권한대행 건설사업관리용역,충청북도 청주시,PQ,1656200000,1625382300,98.13925251,서영+두원,99.16,1347160000,101.0001,N
R25BK00980265-001,20250728,옥산지구 배수장 설치공사 감독권한대행 건설사업관리용역,충청북도 청주시,PQ,1656200000,1625382300,98.13925251,한맥+동서건축,99.14,1320900000,99.0067,N
R25BK00980265-001,20250728,옥산지구 배수장 설치공사 감독권한대행 건설사업관리용역,충청북도 청주시,PQ,1656200000,1625382300,98.13925251,다산+호영,99.12,1323000000,99.1518,N
R25BK00980265-001,20250728,옥산지구 배수장 설치공사 감독권한대행 건설사업관리용역,충청북도 청주시,PQ,1656200000,1625382300,98.13925251,경동+가원,99.11,1318270000,98.7973,N
R25BK00980265-001,20250728,옥산지구 배수장 설치공사 감독권한대행 건설사업관리용역,충청북도 청주시,PQ,1656200000,1625382300,98.13925251,한종+수일,99.07,1319330000,98.84,N
R25BK00980265-001,20250728,옥산지구 배수장 설치공사 감독권한대행 건설사업관리용역,충청북도 청주시,PQ,1656200000,1625382300,98.13925251,동성+도명,99.07,1349499000,101.1001,N
R25BK00980265-001,20250728,옥산지구 배수장 설치공사 감독권한대행 건설사업관리용역,충청북도 청주시,PQ,1656200000,1625382300,98.13925251,삼안+청우건축,99.07,1317910000,98.7336,N
R25BK00980265-001,20250728,옥산지구 배수장 설치공사 감독권한대행 건설사업관리용역,충청북도 청주시,PQ,1656200000,1625382300,98.13925251,수성+지명,99.05,1323232000,99.12,N
R25BK00980265-001,20250728,옥산지구 배수장 설치공사 감독권한대행 건설사업관리용역,충청북도 청주시,PQ,1656200000,1625382300,98.13925251,선진+상생,99.04,1316157000,98.5778,N
R25BK00980265-001,20250728,옥산지구 배수장 설치공사 감독권한대행 건설사업관리용역,충청북도 청주시,PQ,1656200000,1625382300,98.13925251,동일+토영,98.98,1353000000,101.287,N
R25BK00980265-001,20250728,옥산지구 배수장 설치공사 감독권한대행 건설사업관리용역,충청북도 청주시,PQ,1656200000,1625382300,98.13925251,바우+좋은+내경,98.95,1358000000,101.6361,N
R25BK00980265-001,20250728,옥산지구 배수장 설치공사 감독권한대행 건설사업관리용역,충청북도 청주시,PQ,1656200000,1625382300,98.13925251,건화+대원,98.93,1317800000,98.6152,N
R25BK00980265-001,20250728,옥산지구 배수장 설치공사 감독권한대행 건설사업관리용역,충청북도 청주시,PQ,1656200000,1625382300,98.13925251,대콘+대원,98.82,1361555000,101.8012,N
R25BK00980265-001,20250728,옥산지구 배수장 설치공사 감독권한대행 건설사업관리용역,충청북도 청주시,PQ,1656200000,1625382300,98.13925251,KCI+(주)서영,98.81,1356960000,101.4451,N
R25BK00980265-001,20250728,옥산지구 배수장 설치공사 감독권한대행 건설사업관리용역,충청북도 청주시,PQ,1656200000,1625382300,98.13925251,이산+동림,98.7,1316000000,98.2978,Y
R25BK00980265-001,20250728,옥산지구 배수장 설치공사 감독권한대행 건설사업관리용역,충청북도 청주시,PQ,1656200000,1625382300,98.13925251,KG+진성,98.7,1359400000,101.5395,N
R25BK00980265-001,20250728,옥산지구 배수장 설치공사 감독권한대행 건설사업관리용역,충청북도 청주시,PQ,1656200000,1625382300,98.13925251,다음+태광,98.7,1361936000,101.7289,N
R25BK00980265-001,20250728,옥산지구 배수장 설치공사 감독권한대행 건설사업관리용역,충청북도 청주시,PQ,1656200000,1625382300,98.13925251,동해+부광,98.57,1568000000,117.005,N
R25BK00981610-000,20250728,학의로(학의천변) 도로확장공사 실시설계용역,경기도 의왕시,PQ,1198618000,1194632650,99.66750458,선진+한맥,100,960967000,100.2224,Y
R25BK00981610-000,20250728,학의로(학의천변) 도로확장공사 실시설계용역,경기도 의왕시,PQ,1198618000,1194632650,99.66750458,KG+유신,100,961900000,100.3197,N
R25BK00981610-000,20250728,학의로(학의천변) 도로확장공사 실시설계용역,경기도 의왕시,PQ,1198618000,1194632650,99.66750458,도화+한종,100,952689000,99.3591,N
R25BK00981610-000,20250728,학의로(학의천변) 도로확장공사 실시설계용역,경기도 의왕시,PQ,1198618000,1194632650,99.66750458,수성+동부,99.98,960995000,100.2003,N
R25BK00981610-000,20250728,학의로(학의천변) 도로확장공사 실시설계용역,경기도 의왕시,PQ,1198618000,1194632650,99.66750458,용마+천마,99.9,955790000,99.5953,N
R25BK00981610-000,20250728,학의로(학의천변) 도로확장공사 실시설계용역,경기도 의왕시,PQ,1198618000,1194632650,99.66750458,동일+디엠,99.81,968000000,100.7921,N
R25BK00981610-000,20250728,학의로(학의천변) 도로확장공사 실시설계용역,경기도 의왕시,PQ,1198618000,1194632650,99.66750458,장맥+신명E,99.8,955130000,99.452,N
R25BK00981610-000,20250728,학의로(학의천변) 도로확장공사 실시설계용역,경기도 의왕시,PQ,1198618000,1194632650,99.66750458,동성+이산,99.8,953574000,99.29,N
R25BK00981610-000,20250728,학의로(학의천변) 도로확장공사 실시설계용역,경기도 의왕시,PQ,1198618000,1194632650,99.66750458,동명+DM,99.75,952500000,99.1411,N
R25BK00981610-000,20250728,학의로(학의천변) 도로확장공사 실시설계용역,경기도 의왕시,PQ,1198618000,1194632650,99.66750458,삼안+경원,99.74,968000000,100.7418,N
R25BK00981610-000,20250728,학의로(학의천변) 도로확장공사 실시설계용역,경기도 의왕시,PQ,1198618000,1194632650,99.66750458,건화+태조+대콘(테크피아),99.57,972800000,101.1026,N
R25BK00981610-000,20250728,학의로(학의천변) 도로확장공사 실시설계용역,경기도 의왕시,PQ,1198618000,1194632650,99.66750458,건일+극동+효광,99.54,970000000,100.7865,N
R25BK00981610-000,20250728,학의로(학의천변) 도로확장공사 실시설계용역,경기도 의왕시,PQ,1198618000,1194632650,99.66750458,경호+강호,99.5,951400000,98.8293,N
R25BK00981610-000,20250728,학의로(학의천변) 도로확장공사 실시설계용역,경기도 의왕시,PQ,1198618000,1194632650,99.66750458,신성+다산,99.5,969580000,100.7178,N
R25BK00981610-000,20250728,학의로(학의천변) 도로확장공사 실시설계용역,경기도 의왕시,PQ,1198618000,1194632650,99.66750458,서영+삼보,99.5,973260000,101.1001,N
R25BK00981610-000,20250728,학의로(학의천변) 도로확장공사 실시설계용역,경기도 의왕시,PQ,1198618000,1194632650,99.66750458,KCI+TSK,99.48,974300000,101.1829,N
R25BK00981610-000,20250728,학의로(학의천변) 도로확장공사 실시설계용역,경기도 의왕시,PQ,1198618000,1194632650,99.66750458,동해+(주)한종,99.42,977260000,101.4398,N
R25BK00981610-000,20250728,학의로(학의천변) 도로확장공사 실시설계용역,경기도 의왕시,PQ,1198618000,1194632650,99.66750458,제일+KENG,99.37,976950000,101.3698,N
R25BK00981610-000,20250728,학의로(학의천변) 도로확장공사 실시설계용역,경기도 의왕시,PQ,1198618000,1194632650,99.66750458,내경+경동,99.28,976000000,101.1957,N
R25BK00981610-000,20250728,학의로(학의천변) 도로확장공사 실시설계용역,경기도 의왕시,PQ,1198618000,1194632650,99.66750458,바우+화정+국일,99.27,953280000,98.84,N
R25BK00981610-000,20250728,학의로(학의천변) 도로확장공사 실시설계용역,경기도 의왕시,PQ,1198618000,1194632650,99.66750458,한기+에이스,99.22,951950000,98.6653,N
R25BK00981610-000,20250728,학의로(학의천변) 도로확장공사 실시설계용역,경기도 의왕시,PQ,1198618000,1194632650,99.66750458,일신+도건,99.14,949958000,98.3855,N
R25BK00981610-000,20250728,학의로(학의천변) 도로확장공사 실시설계용역,경기도 의왕시,PQ,1198618000,1194632650,99.66750458,화신+신화E,99.13,979740000,101.47,N
R25BK00981610-000,20250728,학의로(학의천변) 도로확장공사 실시설계용역,경기도 의왕시,PQ,1198618000,1194632650,99.66750458,홍익+케이아트,99.05,983990000,101.8469,N
R25BK00981610-000,20250728,학의로(학의천변) 도로확장공사 실시설계용역,경기도 의왕시,PQ,1198618000,1194632650,99.66750458,진우+다음+KSM,98.78,986020000,101.8296,N
R25BK00979591-001,20250728,칠산천 지방하천 정비사업 건설사업관리용역,충청남도 건설본부,PQ,3441130000,3452227700,100.3225016,삼안+한맥,99.63,2757370000,99.8689,N
R25BK00979591-001,20250728,칠산천 지방하천 정비사업 건설사업관리용역,충청남도 건설본부,PQ,3441130000,3452227700,100.3225016,동해+세종,99.57,2753770000,99.6888,N
R25BK00979591-001,20250728,칠산천 지방하천 정비사업 건설사업관리용역,충청남도 건설본부,PQ,3441130000,3452227700,100.3225016,수성+계림+다음,99.53,2771700000,100.3004,N
R25BK00979591-001,20250728,칠산천 지방하천 정비사업 건설사업관리용역,충청남도 건설본부,PQ,3441130000,3452227700,100.3225016,KSM+상연,99.34,2753400000,99.4895,N
R25BK00979591-001,20250728,칠산천 지방하천 정비사업 건설사업관리용역,충청남도 건설본부,PQ,3441130000,3452227700,100.3225016,홍익+SR,99.13,2799730000,101.0003,Y
R25BK00979591-001,20250728,칠산천 지방하천 정비사업 건설사업관리용역,충청남도 건설본부,PQ,3441130000,3452227700,100.3225016,장맥+한종,98.97,2809280000,101.2191,N
R25BK00979591-001,20250728,칠산천 지방하천 정비사업 건설사업관리용역,충청남도 건설본부,PQ,3441130000,3452227700,100.3225016,건일+SH엔지니어링,98.96,2755000000,99.2511,N
R25BK00979591-001,20250728,칠산천 지방하천 정비사업 건설사업관리용역,충청남도 건설본부,PQ,3441130000,3452227700,100.3225016,경원+세일+용마,98.9,2810500000,101.2004,N
R25BK00979591-001,20250728,칠산천 지방하천 정비사업 건설사업관리용역,충청남도 건설본부,PQ,3441130000,3452227700,100.3225016,KCI+경동,98.86,2808000000,101.0853,N
R25BK00979591-001,20250728,칠산천 지방하천 정비사업 건설사업관리용역,충청남도 건설본부,PQ,3441130000,3452227700,100.3225016,유신+동양+더원,98.79,2805770000,100.9425,N
R25BK00979591-001,20250728,칠산천 지방하천 정비사업 건설사업관리용역,충청남도 건설본부,PQ,3441130000,3452227700,100.3225016,동성+동국+DS,98.77,2744333000,98.72,N
R25BK00979591-001,20250728,칠산천 지방하천 정비사업 건설사업관리용역,충청남도 건설본부,PQ,3441130000,3452227700,100.3225016,도화+송현R,98.73,2817789000,101.3247,N
R25BK00979591-001,20250728,칠산천 지방하천 정비사업 건설사업관리용역,충청남도 건설본부,PQ,3441130000,3452227700,100.3225016,건화+천마,98.7,2742700000,98.6002,N
R25BK00979591-001,20250728,칠산천 지방하천 정비사업 건설사업관리용역,충청남도 건설본부,PQ,3441130000,3452227700,100.3225016,KG+정안,98.67,2824610000,101.5197,N
R25BK00979591-001,20250728,칠산천 지방하천 정비사업 건설사업관리용역,충청남도 건설본부,PQ,3441130000,3452227700,100.3225016,선진+SH이엔지,98.65,2740897000,98.4988,N
R25BK00979591-001,20250728,칠산천 지방하천 정비사업 건설사업관리용역,충청남도 건설본부,PQ,3441130000,3452227700,100.3225016,극동+기산,98.57,2772700000,99.5801,N
R25BK00979591-001,20250728,칠산천 지방하천 정비사업 건설사업관리용역,충청남도 건설본부,PQ,3441130000,3452227700,100.3225016,동명+화우,98.45,2830900000,101.57,N
R25BK00979591-001,20250728,칠산천 지방하천 정비사업 건설사업관리용역,충청남도 건설본부,PQ,3441130000,3452227700,100.3225016,대콘+윤창,98.37,2834601500,101.64,N
R25BK00979591-001,20250728,칠산천 지방하천 정비사업 건설사업관리용역,충청남도 건설본부,PQ,3441130000,3452227700,100.3225016,동일+경인,98.37,2827700000,101.3925,N
R25BK00979591-001,20250728,칠산천 지방하천 정비사업 건설사업관리용역,충청남도 건설본부,PQ,3441130000,3452227700,100.3225016,신명+유원,98.34,2830000000,101.45,N
R25BK00979591-001,20250728,칠산천 지방하천 정비사업 건설사업관리용역,충청남도 건설본부,PQ,3441130000,3452227700,100.3225016,동부+드림,98.3,2823172000,101.1802,N
R25BK00979591-001,20250728,칠산천 지방하천 정비사업 건설사업관리용역,충청남도 건설본부,PQ,3441130000,3452227700,100.3225016,화신+건하+DM,98.22,2842220000,101.8001,N
R25BK00979591-001,20250728,칠산천 지방하천 정비사업 건설사업관리용역,충청남도 건설본부,PQ,3441130000,3452227700,100.3225016,다산+수성E,98.1,2848093000,101.91,N
R25BK00979591-001,20250728,칠산천 지방하천 정비사업 건설사업관리용역,충청남도 건설본부,PQ,3441130000,3452227700,100.3225016,이산+KD,98,2839520000,101.5282,N
R25BK00979591-001,20250728,칠산천 지방하천 정비사업 건설사업관리용역,충청남도 건설본부,PQ,3441130000,3452227700,100.3225016,바우+내경+대신,97.91,2868800000,102.4995,N
R25BK00979591-001,20250728,칠산천 지방하천 정비사업 건설사업관리용역,충청남도 건설본부,PQ,3441130000,3452227700,100.3225016,제일+더그린,93.99,2949000000,102.2107,N
R25BK00979591-001,20250728,칠산천 지방하천 정비사업 건설사업관리용역,충청남도 건설본부,PQ,3441130000,3452227700,100.3225016,서영+예당,93.84,2975300000,102.9994,N
R25BK00979543-002,20250728,와룡천(홍성) 지방하천 정비사업 건설사업관리용역,충청남도 건설본부,PQ,3866720000,3885222300,100.4785012,KG+더원+더그린+보람,99.94,3107720000,100.4198,N
R25BK00979543-002,20250728,와룡천(홍성) 지방하천 정비사업 건설사업관리용역,충청남도 건설본부,PQ,3866720000,3885222300,100.4785012,도화+송현R,99.93,3091490000,99.8828,N
R25BK00979543-002,20250728,와룡천(홍성) 지방하천 정비사업 건설사업관리용역,충청남도 건설본부,PQ,3866720000,3885222300,100.4785012,한종+천마,99.57,3116150000,100.3911,N
R25BK00979543-002,20250728,와룡천(홍성) 지방하천 정비사업 건설사업관리용역,충청남도 건설본부,PQ,3866720000,3885222300,100.4785012,극동+기산,99.5,3139700000,101.0994,Y
R25BK00979543-002,20250728,와룡천(홍성) 지방하천 정비사업 건설사업관리용역,충청남도 건설본부,PQ,3866720000,3885222300,100.4785012,동부+드림,99.46,3087458000,99.3801,N
R25BK00979543-002,20250728,와룡천(홍성) 지방하천 정비사업 건설사업관리용역,충청남도 건설본부,PQ,3866720000,3885222300,100.4785012,유신+동양,99.31,3078933000,98.9825,N
R25BK00979543-002,20250728,와룡천(홍성) 지방하천 정비사업 건설사업관리용역,충청남도 건설본부,PQ,3866720000,3885222300,100.4785012,동성+동국+DS,99.03,3160566000,101.38,N
R25BK00979543-002,20250728,와룡천(홍성) 지방하천 정비사업 건설사업관리용역,충청남도 건설본부,PQ,3866720000,3885222300,100.4785012,경동+KCI,98.94,3079998000,98.7345,N
R25BK00979543-002,20250728,와룡천(홍성) 지방하천 정비사업 건설사업관리용역,충청남도 건설본부,PQ,3866720000,3885222300,100.4785012,장맥+제일,98.86,3160520000,101.253,N
R25BK00979543-002,20250728,와룡천(홍성) 지방하천 정비사업 건설사업관리용역,충청남도 건설본부,PQ,3866720000,3885222300,100.4785012,건화+명성,98.8,3079000000,98.5925,N
R25BK00979543-002,20250728,와룡천(홍성) 지방하천 정비사업 건설사업관리용역,충청남도 건설본부,PQ,3866720000,3885222300,100.4785012,용마+세일+경원,98.77,3081559000,98.65,N
R25BK00979543-002,20250728,와룡천(홍성) 지방하천 정비사업 건설사업관리용역,충청남도 건설본부,PQ,3866720000,3885222300,100.4785012,신명+유원,98.67,3170000000,101.3934,N
R25BK00979543-002,20250728,와룡천(홍성) 지방하천 정비사업 건설사업관리용역,충청남도 건설본부,PQ,3866720000,3885222300,100.4785012,서영+예당,98.64,3174120000,101.5001,N
R25BK00979543-002,20250728,와룡천(홍성) 지방하천 정비사업 건설사업관리용역,충청남도 건설본부,PQ,3866720000,3885222300,100.4785012,건일+세종,98.62,3170000000,101.3558,N
R25BK00979543-002,20250728,와룡천(홍성) 지방하천 정비사업 건설사업관리용역,충청남도 건설본부,PQ,3866720000,3885222300,100.4785012,동해+정안,98.62,3172630000,101.4399,N
R25BK00979543-002,20250728,와룡천(홍성) 지방하천 정비사업 건설사업관리용역,충청남도 건설본부,PQ,3866720000,3885222300,100.4785012,화신+건하+DM,98.49,3179220000,101.5501,N
R25BK00979543-002,20250728,와룡천(홍성) 지방하천 정비사업 건설사업관리용역,충청남도 건설본부,PQ,3866720000,3885222300,100.4785012,이산+에스에이치E,98.47,3077900000,98.3017,N
R25BK00979543-002,20250728,와룡천(홍성) 지방하천 정비사업 건설사업관리용역,충청남도 건설본부,PQ,3866720000,3885222300,100.4785012,동명+화우,98.45,3181000000,101.5694,N
R25BK00979543-002,20250728,와룡천(홍성) 지방하천 정비사업 건설사업관리용역,충청남도 건설본부,PQ,3866720000,3885222300,100.4785012,다산+수성E,98.43,3191123000,101.88,N
R25BK00979543-002,20250728,와룡천(홍성) 지방하천 정비사업 건설사업관리용역,충청남도 건설본부,PQ,3866720000,3885222300,100.4785012,삼안+한맥,98.43,3182520000,101.6054,N
R25BK00979543-002,20250728,와룡천(홍성) 지방하천 정비사업 건설사업관리용역,충청남도 건설본부,PQ,3866720000,3885222300,100.4785012,홍익+계림,98.38,3185990000,101.6785,N
R25BK00979543-002,20250728,와룡천(홍성) 지방하천 정비사업 건설사업관리용역,충청남도 건설본부,PQ,3866720000,3885222300,100.4785012,대콘+윤창,98.37,3191132450,101.83,N
R25BK00979543-002,20250728,와룡천(홍성) 지방하천 정비사업 건설사업관리용역,충청남도 건설본부,PQ,3866720000,3885222300,100.4785012,KSM+상연,98.14,3199100000,101.8957,N
R25BK00979543-002,20250728,와룡천(홍성) 지방하천 정비사업 건설사업관리용역,충청남도 건설본부,PQ,3866720000,3885222300,100.4785012,수성+양지+우리기술,98.13,3191000000,101.6377,N
R25BK00979543-002,20250728,와룡천(홍성) 지방하천 정비사업 건설사업관리용역,충청남도 건설본부,PQ,3866720000,3885222300,100.4785012,동일+경인,97.91,3199000000,101.7171,N
R25BK00979543-002,20250728,와룡천(홍성) 지방하천 정비사업 건설사업관리용역,충청남도 건설본부,PQ,3866720000,3885222300,100.4785012,선진+에스에이치이엔지,97.85,3218887000,102.2991,N
R25BK00979543-002,20250728,와룡천(홍성) 지방하천 정비사업 건설사업관리용역,충청남도 건설본부,PQ,3866720000,3885222300,100.4785012,내경+대신+바우,97.57,3250000000,103.06,N
R25BK00982532 - 000,20250728,지방도 비탈면 조기경보 시스템 구축 용역,전라남도,협상,850000000,850000000,100,건화+에프비지+아신티엔씨,97.525,833000000,98,Y
R25BK00982532 - 000,20250728,지방도 비탈면 조기경보 시스템 구축 용역,전라남도,협상,850000000,850000000,100,아주엔지니어링,94.675,800000000,94.1176,N
한강유역환경청공고 제2025-108호,20250728,임진강 석장지구 하천정비사업 소규모 환경영향평가용역,환경부 한강유역환경청,PQ,276400000,274579250,99.34126266,동해+지아이,99.3,238025000,99.2064,N
한강유역환경청공고 제2025-108호,20250728,임진강 석장지구 하천정비사업 소규모 환경영향평가용역,환경부 한강유역환경청,PQ,276400000,274579250,99.34126266,극동+경동+AT,99.26,236600000,98.6011,N
한강유역환경청공고 제2025-108호,20250728,임진강 석장지구 하천정비사업 소규모 환경영향평가용역,환경부 한강유역환경청,PQ,276400000,274579250,99.34126266,동아+PG,99.26,236539000,98.5757,N
한강유역환경청공고 제2025-108호,20250728,임진강 석장지구 하천정비사업 소규모 환경영향평가용역,환경부 한강유역환경청,PQ,276400000,274579250,99.34126266,선진+한국환경,99.26,237448000,98.9545,N
한강유역환경청공고 제2025-108호,20250728,임진강 석장지구 하천정비사업 소규모 환경영향평가용역,환경부 한강유역환경청,PQ,276400000,274579250,99.34126266,수성+유연+해담,99.26,237895000,99.1408,N
한강유역환경청공고 제2025-108호,20250728,임진강 석장지구 하천정비사업 소규모 환경영향평가용역,환경부 한강유역환경청,PQ,276400000,274579250,99.34126266,유신+한기+레오,99.26,237490000,98.972,N
한강유역환경청공고 제2025-108호,20250728,임진강 석장지구 하천정비사업 소규모 환경영향평가용역,환경부 한강유역환경청,PQ,276400000,274579250,99.34126266,건일+한종+새봄,99.25,236300000,98.4761,N
한강유역환경청공고 제2025-108호,20250728,임진강 석장지구 하천정비사업 소규모 환경영향평가용역,환경부 한강유역환경청,PQ,276400000,274579250,99.34126266,KG+토우,99.21,0,0,N
한강유역환경청공고 제2025-108호,20250728,임진강 석장지구 하천정비사업 소규모 환경영향평가용역,환경부 한강유역환경청,PQ,276400000,274579250,99.34126266,화신+CNS+미강,99.19,236233000,98.4482,N
한강유역환경청공고 제2025-108호,20250728,임진강 석장지구 하천정비사업 소규모 환경영향평가용역,환경부 한강유역환경청,PQ,276400000,274579250,99.34126266,건화+대한+효산(자연),98.93,240600000,100.2335,N
한강유역환경청공고 제2025-108호,20250728,임진강 석장지구 하천정비사업 소규모 환경영향평가용역,환경부 한강유역환경청,PQ,276400000,274579250,99.34126266,신성+가온,98.77,236025000,98.3162,Y
한강유역환경청공고 제2025-108호,20250728,임진강 석장지구 하천정비사업 소규모 환경영향평가용역,환경부 한강유역환경청,PQ,276400000,274579250,99.34126266,도화+신일E,98.36,240990000,100.3497,N
R25BK00983517-000,20250729,수성동 및 초산동 노후하수관로 개량사업 기본 및 실시설계용역,조달청,PQ,397402000,394996775,99.39476273,도화+국성,99.35,343230000,99.4971,Y
R25BK00983517-000,20250729,수성동 및 초산동 노후하수관로 개량사업 기본 및 실시설계용역,조달청,PQ,397402000,394996775,99.39476273,세원+온길,99.34,344800000,99.9522,N
R25BK00983517-000,20250729,수성동 및 초산동 노후하수관로 개량사업 기본 및 실시설계용역,조달청,PQ,397402000,394996775,99.39476273,경호+한가람,99.34,342340000,99.2391,N
R25BK00983517-000,20250729,수성동 및 초산동 노후하수관로 개량사업 기본 및 실시설계용역,조달청,PQ,397402000,394996775,99.39476273,유신+대도,99.34,343629000,99.6128,N
R25BK00983517-000,20250729,수성동 및 초산동 노후하수관로 개량사업 기본 및 실시설계용역,조달청,PQ,397402000,394996775,99.39476273,건화+인우,99.33,348000000,100.8799,N
R25BK00983517-000,20250729,수성동 및 초산동 노후하수관로 개량사업 기본 및 실시설계용역,조달청,PQ,397402000,394996775,99.39476273,제일+가온기술,99.33,346500000,100.445,N
R25BK00983517-000,20250729,수성동 및 초산동 노후하수관로 개량사업 기본 및 실시설계용역,조달청,PQ,397402000,394996775,99.39476273,동명+더한,99.33,346800000,100.532,N
R25BK00983517-000,20250729,수성동 및 초산동 노후하수관로 개량사업 기본 및 실시설계용역,조달청,PQ,397402000,394996775,99.39476273,한종+태하,99.26,342330000,99.2248,N
R25BK00983517-000,20250729,수성동 및 초산동 노후하수관로 개량사업 기본 및 실시설계용역,조달청,PQ,397402000,394996775,99.39476273,동해+대성,99.24,342469000,99.2651,N
R25BK00983517-000,20250729,수성동 및 초산동 노후하수관로 개량사업 기본 및 실시설계용역,조달청,PQ,397402000,394996775,99.39476273,HEC+다온,99.15,345700000,100.19,N
R25BK00983517-000,20250729,수성동 및 초산동 노후하수관로 개량사업 기본 및 실시설계용역,조달청,PQ,397402000,394996775,99.39476273,홍익+세종,99.03,340943000,98.8,N
R25BK00983517-000,20250729,수성동 및 초산동 노후하수관로 개량사업 기본 및 실시설계용역,조달청,PQ,397402000,394996775,99.39476273,범한+신한,99,346912000,100.5297,N
R25BK00983517-000,20250729,수성동 및 초산동 노후하수관로 개량사업 기본 및 실시설계용역,조달청,PQ,397402000,394996775,99.39476273,삼안+현성,99,347545000,100.7132,N
R25BK00983517-000,20250729,수성동 및 초산동 노후하수관로 개량사업 기본 및 실시설계용역,조달청,PQ,397402000,394996775,99.39476273,수성+범산,98.89,341600000,98.979,N
R25BK00983517-000,20250729,수성동 및 초산동 노후하수관로 개량사업 기본 및 실시설계용역,조달청,PQ,397402000,394996775,99.39476273,화신+고산,98.84,343709000,99.5901,N
R25BK00983517-000,20250729,수성동 및 초산동 노후하수관로 개량사업 기본 및 실시설계용역,조달청,PQ,397402000,394996775,99.39476273,경동+성원,98.74,347819000,100.7693,N
R25BK00983517-000,20250729,수성동 및 초산동 노후하수관로 개량사업 기본 및 실시설계용역,조달청,PQ,397402000,394996775,99.39476273,정+동운,98.71,343855400,99.621,N
R25BK00983517-000,20250729,수성동 및 초산동 노후하수관로 개량사업 기본 및 실시설계용역,조달청,PQ,397402000,394996775,99.39476273,한주+건일,98.7,347700000,100.7233,N
R25BK00983517-000,20250729,수성동 및 초산동 노후하수관로 개량사업 기본 및 실시설계용역,조달청,PQ,397402000,394996775,99.39476273,드림+조화,98.69,343274000,99.4411,N
R25BK00983517-000,20250729,수성동 및 초산동 노후하수관로 개량사업 기본 및 실시설계용역,조달청,PQ,397402000,394996775,99.39476273,서영+태원,98.69,347800000,100.7522,N
R25BK00983517-000,20250729,수성동 및 초산동 노후하수관로 개량사업 기본 및 실시설계용역,조달청,PQ,397402000,394996775,99.39476273,이산+JCN,98.53,342830000,99.3011,N
R25BK00983517-000,20250729,수성동 및 초산동 노후하수관로 개량사업 기본 및 실시설계용역,조달청,PQ,397402000,394996775,99.39476273,선진+태영,98.35,349268000,101.1426,N
R25BK00983517-000,20250729,수성동 및 초산동 노후하수관로 개량사업 기본 및 실시설계용역,조달청,PQ,397402000,394996775,99.39476273,KG+세화,97.57,348670000,100.8997,N
R25BK00983517-000,20250729,수성동 및 초산동 노후하수관로 개량사업 기본 및 실시설계용역,조달청,PQ,397402000,394996775,99.39476273,삼주+삼화,97.4,349027000,100.9798,N
R25BK00983517-000,20250729,수성동 및 초산동 노후하수관로 개량사업 기본 및 실시설계용역,조달청,PQ,397402000,394996775,99.39476273,태조+동신,97.15,341410000,98.7534,N
익산지방국토관리청 공고 제2025-233호,20250728,해상교량 보수 보강공사 제1권역 건설사업관리용역,익산지방국토관리청,SOQ,2860000000,2857697700,99.9195,동성+삼보+하이콘,99.59,2426100000,102.025,Y
익산지방국토관리청 공고 제2025-233호,20250728,해상교량 보수 보강공사 제1권역 건설사업관리용역,익산지방국토관리청,SOQ,2860000000,2857697700,99.9195,극동+삼안+경동,97.41,2392155000,99.6863,N
익산지방국토관리청 공고 제2025-233호,20250728,해상교량 보수 보강공사 제2권역 건설사업관리용역,익산지방국토관리청,SOQ,2860000000,2860286000,100.01,경호+도화+신명,98.24,2402600000,100.3608,Y
익산지방국토관리청 공고 제2025-233호,20250728,해상교량 보수 보강공사 제2권역 건설사업관리용역,익산지방국토관리청,SOQ,2860000000,2860286000,100.01,한기+건화,96.92,2440000000,101.2938,N
익산지방국토관리청 공고 제2025-233호,20250728,해상교량 보수 보강공사 제2권역 건설사업관리용역,익산지방국토관리청,SOQ,2860000000,2860286000,100.01,KSM+KCI+일신,95.83,2399800000,99.1072,N
R25BK00981856-000,20250729,거진1리 연안정비사업 감독권한대행 등 건설사업관리용역,강원특별자치도 고성군,PQ,2852391000,2825878050,99.07050085,건화+현산,100,2265600000,99.2913,N
R25BK00981856-000,20250729,거진1리 연안정비사업 감독권한대행 등 건설사업관리용역,강원특별자치도 고성군,PQ,2852391000,2825878050,99.07050085,유신+서광,100,2273669000,99.645,N
R25BK00981856-000,20250729,거진1리 연안정비사업 감독권한대행 등 건설사업관리용역,강원특별자치도 고성군,PQ,2852391000,2825878050,99.07050085,수성+청호+대성,100,2269000000,99.4403,N
R25BK00981856-000,20250729,거진1리 연안정비사업 감독권한대행 등 건설사업관리용역,강원특별자치도 고성군,PQ,2852391000,2825878050,99.07050085,한종+경원,100,2298900000,100.7507,N
R25BK00981856-000,20250729,거진1리 연안정비사업 감독권한대행 등 건설사업관리용역,강원특별자치도 고성군,PQ,2852391000,2825878050,99.07050085,도화+세광+진화+동서,100,2263500000,99.1993,Y
R25BK00981856-000,20250729,거진1리 연안정비사업 감독권한대행 등 건설사업관리용역,강원특별자치도 고성군,PQ,2852391000,2825878050,99.07050085,서영+동남+세일,100,2284100000,100.1021,N
R25BK00981856-000,20250729,거진1리 연안정비사업 감독권한대행 등 건설사업관리용역,강원특별자치도 고성군,PQ,2852391000,2825878050,99.07050085,건일+디엠이엔씨,100,2322590000,101.789,N
R25BK00984723-000,20250730,강릉남부권역 하천기본계획 수립 및 하천시설관리대장 작성용역,강원특별자치도,PQ,801000000,803655350,100.3315044,동성+진화,100,686554000,100.2539,N
R25BK00984723-000,20250730,강릉남부권역 하천기본계획 수립 및 하천시설관리대장 작성용역,강원특별자치도,PQ,801000000,803655350,100.3315044,삼안+바셈,100,686400000,100.2315,N
R25BK00984723-000,20250730,강릉남부권역 하천기본계획 수립 및 하천시설관리대장 작성용역,강원특별자치도,PQ,801000000,803655350,100.3315044,한기+정,100,683090000,99.7481,N
R25BK00984723-000,20250730,강릉남부권역 하천기본계획 수립 및 하천시설관리대장 작성용역,강원특별자치도,PQ,801000000,803655350,100.3315044,KG+GK+한울,99.78,686380000,100.17,N
R25BK00984723-000,20250730,강릉남부권역 하천기본계획 수립 및 하천시설관리대장 작성용역,강원특별자치도,PQ,801000000,803655350,100.3315044,극동+국일,99.73,681937000,99.5099,N
R25BK00984723-000,20250730,강릉남부권역 하천기본계획 수립 및 하천시설관리대장 작성용역,강원특별자치도,PQ,801000000,803655350,100.3315044,이산+삼경,99.63,681650000,99.4332,N
R25BK00984723-000,20250730,강릉남부권역 하천기본계획 수립 및 하천시설관리대장 작성용역,강원특별자치도,PQ,801000000,803655350,100.3315044,동부+동해+미래,99.48,693671000,101.1512,Y
R25BK00984723-000,20250730,강릉남부권역 하천기본계획 수립 및 하천시설관리대장 작성용역,강원특별자치도,PQ,801000000,803655350,100.3315044,KSM+반석,99.46,680700000,99.2598,N
R25BK00984723-000,20250730,강릉남부권역 하천기본계획 수립 및 하천시설관리대장 작성용역,강원특별자치도,PQ,801000000,803655350,100.3315044,건화+청솔(신일),99.16,678000000,98.7853,N
R25BK00984723-000,20250730,강릉남부권역 하천기본계획 수립 및 하천시설관리대장 작성용역,강원특별자치도,PQ,801000000,803655350,100.3315044,수성+정원,98.95,720900000,104.9746,N
R25BK00984723-000,20250730,강릉남부권역 하천기본계획 수립 및 하천시설관리대장 작성용역,강원특별자치도,PQ,801000000,803655350,100.3315044,서영+CNC,98.24,708577000,103,N
R25BK00983385-000,20250730,농소면(봉곡)~남면(운곡) 군도9호선 개설 및 확장 기본 및 실시설계용역,경상북도 김천시,PQ,1331000000,1341155575,100.7630034,극동+동성,100,1071654000,100.65,N
R25BK00983385-000,20250730,농소면(봉곡)~남면(운곡) 군도9호선 개설 및 확장 기본 및 실시설계용역,경상북도 김천시,PQ,1331000000,1341155575,100.7630034,한맥+동진,100,1063669000,99.9,N
R25BK00983385-000,20250730,농소면(봉곡)~남면(운곡) 군도9호선 개설 및 확장 기본 및 실시설계용역,경상북도 김천시,PQ,1331000000,1341155575,100.7630034,건화+새론(에스씨이앤씨),99.74,1057790000,99.1372,N
R25BK00983385-000,20250730,농소면(봉곡)~남면(운곡) 군도9호선 개설 및 확장 기본 및 실시설계용역,경상북도 김천시,PQ,1331000000,1341155575,100.7630034,이산+강산,99.74,1062870000,99.6133,N
R25BK00983385-000,20250730,농소면(봉곡)~남면(운곡) 군도9호선 개설 및 확장 기본 및 실시설계용역,경상북도 김천시,PQ,1331000000,1341155575,100.7630034,다산+신성+조화,99.74,1062195000,99.55,N
R25BK00983385-000,20250730,농소면(봉곡)~남면(운곡) 군도9호선 개설 및 확장 기본 및 실시설계용역,경상북도 김천시,PQ,1331000000,1341155575,100.7630034,수성+청명,99.7,1060600000,99.3758,N
R25BK00983385-000,20250730,농소면(봉곡)~남면(운곡) 군도9호선 개설 및 확장 기본 및 실시설계용역,경상북도 김천시,PQ,1331000000,1341155575,100.7630034,유신+해동,99.66,1075777000,100.7601,N
R25BK00983385-000,20250730,농소면(봉곡)~남면(운곡) 군도9호선 개설 및 확장 기본 및 실시설계용역,경상북도 김천시,PQ,1331000000,1341155575,100.7630034,서영+반석,99.6,1074600000,100.5997,N
R25BK00983385-000,20250730,농소면(봉곡)~남면(운곡) 군도9호선 개설 및 확장 기본 및 실시설계용역,경상북도 김천시,PQ,1331000000,1341155575,100.7630034,홍익+온담,99.6,1078880000,101.0004,Y
R25BK00983385-000,20250730,농소면(봉곡)~남면(운곡) 군도9호선 개설 및 확장 기본 및 실시설계용역,경상북도 김천시,PQ,1331000000,1341155575,100.7630034,한종+한도,99.5,1058250000,98.9951,N
R25BK00983385-000,20250730,농소면(봉곡)~남면(운곡) 군도9호선 개설 및 확장 기본 및 실시설계용역,경상북도 김천시,PQ,1331000000,1341155575,100.7630034,도화+(주)세원,99.5,1082820000,101.2935,N
R25BK00983385-000,20250730,농소면(봉곡)~남면(운곡) 군도9호선 개설 및 확장 기본 및 실시설계용역,경상북도 김천시,PQ,1331000000,1341155575,100.7630034,삼안+주하,99.5,1056220000,98.8052,N
R25BK00983385-000,20250730,농소면(봉곡)~남면(운곡) 군도9호선 개설 및 확장 기본 및 실시설계용역,경상북도 김천시,PQ,1331000000,1341155575,100.7630034,보람+KG,99.4,1060500000,99.1315,N
R25BK00983385-000,20250730,농소면(봉곡)~남면(운곡) 군도9호선 개설 및 확장 기본 및 실시설계용역,경상북도 김천시,PQ,1331000000,1341155575,100.7630034,바우+보우+현대기술,99.33,1061700000,99.182,N
R25BK00983385-000,20250730,농소면(봉곡)~남면(운곡) 군도9호선 개설 및 확장 기본 및 실시설계용역,경상북도 김천시,PQ,1331000000,1341155575,100.7630034,경동+청우,99.2,1083589000,101.1262,N
R25BK00983385-000,20250730,농소면(봉곡)~남면(운곡) 군도9호선 개설 및 확장 기본 및 실시설계용역,경상북도 김천시,PQ,1331000000,1341155575,100.7630034,경호+명성,99.2,1058200000,98.7568,N
R25BK00983385-000,20250730,농소면(봉곡)~남면(운곡) 군도9호선 개설 및 확장 기본 및 실시설계용역,경상북도 김천시,PQ,1331000000,1341155575,100.7630034,장맥+해인,99.2,1054856000,98.4447,N
R25BK00983385-000,20250730,농소면(봉곡)~남면(운곡) 군도9호선 개설 및 확장 기본 및 실시설계용역,경상북도 김천시,PQ,1331000000,1341155575,100.7630034,KCI+동일,99.2,1085600000,101.3139,N
R25BK00983385-000,20250730,농소면(봉곡)~남면(운곡) 군도9호선 개설 및 확장 기본 및 실시설계용역,경상북도 김천시,PQ,1331000000,1341155575,100.7630034,건일+금일,99.06,0,0,N
R25BK00983385-000,20250730,농소면(봉곡)~남면(운곡) 군도9호선 개설 및 확장 기본 및 실시설계용역,경상북도 김천시,PQ,1331000000,1341155575,100.7630034,동명+한주,99,1092450000,101.7888,N
R25BK00983385-000,20250730,농소면(봉곡)~남면(운곡) 군도9호선 개설 및 확장 기본 및 실시설계용역,경상북도 김천시,PQ,1331000000,1341155575,100.7630034,진우+보원,99,1091280000,101.6798,N
R25BK00983385-000,20250730,농소면(봉곡)~남면(운곡) 군도9호선 개설 및 확장 기본 및 실시설계용역,경상북도 김천시,PQ,1331000000,1341155575,100.7630034,제일+태성종합,98.81,1100000000,102.34,N
R25BK00983385-000,20250730,농소면(봉곡)~남면(운곡) 군도9호선 개설 및 확장 기본 및 실시설계용역,경상북도 김천시,PQ,1331000000,1341155575,100.7630034,동해+상금,98.68,1259000000,117.0168,N
R25BK00983190-000,20250730,김천1일반산업단지(4단계) 조성사업 외 2건 통합건설사업관리용역,경상북도 김천시,PQ,8586000000,8593319600,100.0852504,도화+동진,99.6,6956400000,100.9535,N
R25BK00983190-000,20250730,김천1일반산업단지(4단계) 조성사업 외 2건 통합건설사업관리용역,경상북도 김천시,PQ,8586000000,8593319600,100.0852504,동성+DS+온담,99.47,6887235000,99.8503,N
R25BK00983190-000,20250730,김천1일반산업단지(4단계) 조성사업 외 2건 통합건설사업관리용역,경상북도 김천시,PQ,8586000000,8593319600,100.0852504,KG+보원+보람,98.8,6949740000,100.22,Y
R25BK00983190-000,20250730,김천1일반산업단지(4단계) 조성사업 외 2건 통합건설사업관리용역,경상북도 김천시,PQ,8586000000,8593319600,100.0852504,다산+극동+수성,98.8,6882475000,99.25,N
R25BK00983190-000,20250730,김천1일반산업단지(4단계) 조성사업 외 2건 통합건설사업관리용역,경상북도 김천시,PQ,8586000000,8593319600,100.0852504,홍익+청명,98.8,6883170000,99.26,N
R25BK00983190-000,20250730,김천1일반산업단지(4단계) 조성사업 외 2건 통합건설사업관리용역,경상북도 김천시,PQ,8586000000,8593319600,100.0852504,건화+명성+새론(위드),98.68,6872000000,99.0009,N
R25BK00983190-000,20250730,김천1일반산업단지(4단계) 조성사업 외 2건 통합건설사업관리용역,경상북도 김천시,PQ,8586000000,8593319600,100.0852504,서영+경동+강산,98.65,7033350000,101.3003,N
R25BK00983190-000,20250730,김천1일반산업단지(4단계) 조성사업 외 2건 통합건설사업관리용역,경상북도 김천시,PQ,8586000000,8593319600,100.0852504,유신+해동+승보,98.53,6851478000,98.5833,N
R25BK00983190-000,20250730,김천1일반산업단지(4단계) 조성사업 외 2건 통합건설사업관리용역,경상북도 김천시,PQ,8586000000,8593319600,100.0852504,삼안+한도+청우E,98.5,6850000000,98.5499,N
R25BK00983190-000,20250730,김천1일반산업단지(4단계) 조성사업 외 2건 통합건설사업관리용역,경상북도 김천시,PQ,8586000000,8593319600,100.0852504,한종+우수,98.42,7060280000,101.4999,N
R25BK00983190-000,20250730,김천1일반산업단지(4단계) 조성사업 외 2건 통합건설사업관리용역,경상북도 김천시,PQ,8586000000,8593319600,100.0852504,동부+KCI,98.1,7112589000,102.0001,N
R25BK00983190-000,20250730,김천1일반산업단지(4단계) 조성사업 외 2건 통합건설사업관리용역,경상북도 김천시,PQ,8586000000,8593319600,100.0852504,동해+상금+중앙방재,98.08,8082000000,115.8879,N
R25BK00985320-000,20250730,포항시 하수도정비 중점관리지역(2단계) 정비사업 외 2건 통합건설사업관리용역,경상북도 포항시 맑은물사업본부 하수도과,PQ,5800000000,5800203000,100.0035,동명+태성+동성,100,4649653000,100.2143,Y
R25BK00985320-000,20250730,포항시 하수도정비 중점관리지역(2단계) 정비사업 외 2건 통합건설사업관리용역,경상북도 포항시 맑은물사업본부 하수도과,PQ,5800000000,5800203000,100.0035,동일+한주+동강,99.82,4699000000,101.1262,N
R25BK00985320-000,20250730,포항시 하수도정비 중점관리지역(2단계) 정비사업 외 2건 통합건설사업관리용역,경상북도 포항시 맑은물사업본부 하수도과,PQ,5800000000,5800203000,100.0035,도화+세원+보람,99.8,4627127000,99.567,N
R25BK00985320-000,20250730,포항시 하수도정비 중점관리지역(2단계) 정비사업 외 2건 통합건설사업관리용역,경상북도 포항시 맑은물사업본부 하수도과,PQ,5800000000,5800203000,100.0035,한종+태양+명성,99.5,4622200000,99.2257,N
R25BK00985320-000,20250730,포항시 하수도정비 중점관리지역(2단계) 정비사업 외 2건 통합건설사업관리용역,경상북도 포항시 맑은물사업본부 하수도과,PQ,5800000000,5800203000,100.0035,유신+반석+서영+다산,98.86,4737298000,101.18,N
R25BK00985320-000,20250730,포항시 하수도정비 중점관리지역(2단계) 정비사업 외 2건 통합건설사업관리용역,경상북도 포항시 맑은물사업본부 하수도과,PQ,5800000000,5800203000,100.0035,건화+한도+새론,98.81,4620000000,98.6259,N
R25BK00985320-000,20250730,포항시 하수도정비 중점관리지역(2단계) 정비사업 외 2건 통합건설사업관리용역,경상북도 포항시 맑은물사업본부 하수도과,PQ,5800000000,5800203000,100.0035,제일+동진,98.8,4617800000,98.5789,N
R25BK00985320-000,20250730,포항시 하수도정비 중점관리지역(2단계) 정비사업 외 2건 통합건설사업관리용역,경상북도 포항시 맑은물사업본부 하수도과,PQ,5800000000,5800203000,100.0035,선진+극동+현산,98.77,4750647000,101.3897,N
R25BK00985320-000,20250730,포항시 하수도정비 중점관리지역(2단계) 정비사업 외 2건 통합건설사업관리용역,경상북도 포항시 맑은물사업본부 하수도과,PQ,5800000000,5800203000,100.0035,KSM+KG+해동기술,98.77,4743600000,101.2393,N
R25BK00985320-000,20250730,포항시 하수도정비 중점관리지역(2단계) 정비사업 외 2건 통합건설사업관리용역,경상북도 포항시 맑은물사업본부 하수도과,PQ,5800000000,5800203000,100.0035,대콘+동아,98.61,4618888000,98.4558,N
R25BK00985320-000,20250730,포항시 하수도정비 중점관리지역(2단계) 정비사업 외 2건 통합건설사업관리용역,경상북도 포항시 맑은물사업본부 하수도과,PQ,5800000000,5800203000,100.0035,삼안+강산+한올,98.59,4767620000,101.6011,N
R25BK00985320-000,20250730,포항시 하수도정비 중점관리지역(2단계) 정비사업 외 2건 통합건설사업관리용역,경상북도 포항시 맑은물사업본부 하수도과,PQ,5800000000,5800203000,100.0035,경원+청명,98.57,4744977000,101.106,N
R25BK00985320-000,20250730,포항시 하수도정비 중점관리지역(2단계) 정비사업 외 2건 통합건설사업관리용역,경상북도 포항시 맑은물사업본부 하수도과,PQ,5800000000,5800203000,100.0035,건일+주하,98.2,4771000000,101.3599,N
R25BK00985320-000,20250730,포항시 하수도정비 중점관리지역(2단계) 정비사업 외 2건 통합건설사업관리용역,경상북도 포항시 맑은물사업본부 하수도과,PQ,5800000000,5800203000,100.0035,수성+해인,98.2,4779500000,101.5405,N
R25BK00985320-000,20250730,포항시 하수도정비 중점관리지역(2단계) 정비사업 외 2건 통합건설사업관리용역,경상북도 포항시 맑은물사업본부 하수도과,PQ,5800000000,5800203000,100.0035,동부+보원,98.1,4797617000,101.8501,N
R25BK00985320-000,20250730,포항시 하수도정비 중점관리지역(2단계) 정비사업 외 2건 통합건설사업관리용역,경상북도 포항시 맑은물사업본부 하수도과,PQ,5800000000,5800203000,100.0035,범한+KCI,98.05,4820000000,102.2875,N
R25BK00985320-000,20250730,포항시 하수도정비 중점관리지역(2단계) 정비사업 외 2건 통합건설사업관리용역,경상북도 포항시 맑은물사업본부 하수도과,PQ,5800000000,5800203000,100.0035,경동+청우,98.04,4796678000,101.78,N
R25BK00985320-000,20250730,포항시 하수도정비 중점관리지역(2단계) 정비사업 외 2건 통합건설사업관리용역,경상북도 포항시 맑은물사업본부 하수도과,PQ,5800000000,5800203000,100.0035,동해+중앙방재,98,5468000000,115.9961,N
R25BK00986325-000,20250730,고아 대망 외 2개소 하수관로 정비공사 건설사업관리용역,경상북도 구미시 상하수도사업본부,PQ,4230600000,4277898125,101.1180004,도화+태성+한주+상금,99.65,3411000000,100.5009,N
R25BK00986325-000,20250730,고아 대망 외 2개소 하수관로 정비공사 건설사업관리용역,경상북도 구미시 상하수도사업본부,PQ,4230600000,4277898125,101.1180004,건화+강산+해인,98.44,3406800000,99.4229,N
R25BK00986325-000,20250730,고아 대망 외 2개소 하수관로 정비공사 건설사업관리용역,경상북도 구미시 상하수도사업본부,PQ,4230600000,4277898125,101.1180004,수성+주하+제일,98.4,3399050000,99.16,N
R25BK00986325-000,20250730,고아 대망 외 2개소 하수관로 정비공사 건설사업관리용역,경상북도 구미시 상하수도사업본부,PQ,4230600000,4277898125,101.1180004,동성+청명+홍익,98.38,3465977000,101.1,N
R25BK00986325-000,20250730,고아 대망 외 2개소 하수관로 정비공사 건설사업관리용역,경상북도 구미시 상하수도사업본부,PQ,4230600000,4277898125,101.1180004,동부+KCI,98.3,3389914000,98.8203,N
R25BK00986325-000,20250730,고아 대망 외 2개소 하수관로 정비공사 건설사업관리용역,경상북도 구미시 상하수도사업본부,PQ,4230600000,4277898125,101.1180004,유신+다산+서영,98.3,3396037000,98.9988,N
R25BK00986325-000,20250730,고아 대망 외 2개소 하수관로 정비공사 건설사업관리용역,경상북도 구미시 상하수도사업본부,PQ,4230600000,4277898125,101.1180004,한종+정수+명성,98.28,3474800000,101.2699,Y
R25BK00986325-000,20250730,고아 대망 외 2개소 하수관로 정비공사 건설사업관리용역,경상북도 구미시 상하수도사업본부,PQ,4230600000,4277898125,101.1180004,대콘+동아+반석,98.28,3417777000,99.608,N
R25BK00986325-000,20250730,고아 대망 외 2개소 하수관로 정비공사 건설사업관리용역,경상북도 구미시 상하수도사업본부,PQ,4230600000,4277898125,101.1180004,KSM+청우+동명,98.2,3488190000,101.5975,N
R25BK00986325-000,20250730,고아 대망 외 2개소 하수관로 정비공사 건설사업관리용역,경상북도 구미시 상하수도사업본부,PQ,4230600000,4277898125,101.1180004,건일+동진,98,3485000000,101.3547,N
R25BK00986325-000,20250730,고아 대망 외 2개소 하수관로 정비공사 건설사업관리용역,경상북도 구미시 상하수도사업본부,PQ,4230600000,4277898125,101.1180004,동해+중앙방재,98,3506810000,101.989,N
R25BK00986325-000,20250730,고아 대망 외 2개소 하수관로 정비공사 건설사업관리용역,경상북도 구미시 상하수도사업본부,PQ,4230600000,4277898125,101.1180004,범한+극동,98,3383900000,98.4144,N
R25BK00986325-000,20250730,고아 대망 외 2개소 하수관로 정비공사 건설사업관리용역,경상북도 구미시 상하수도사업본부,PQ,4230600000,4277898125,101.1180004,삼안+한도,97.8,3500000000,101.6284,N
R25BK00986325-000,20250730,고아 대망 외 2개소 하수관로 정비공사 건설사업관리용역,경상북도 구미시 상하수도사업본부,PQ,4230600000,4277898125,101.1180004,이산+우수+삼보,97.64,3520000000,102.0712,N
R25BK00986497-000,20250731,신규사업 사업화방안 수립 용역,인천도시공사,PQ,699820000,696795075,99.56775671,수성+브니엘,100,599100000,100.1319,N
R25BK00986497-000,20250731,신규사업 사업화방안 수립 용역,인천도시공사,PQ,699820000,696795075,99.56775671,서영+대한,100,599210000,100.1502,N
R25BK00986497-000,20250731,신규사업 사업화방안 수립 용역,인천도시공사,PQ,699820000,696795075,99.56775671,동명+바우,100,599747000,100.24,N
R25BK00986497-000,20250731,신규사업 사업화방안 수립 용역,인천도시공사,PQ,699820000,696795075,99.56775671,유신+한서,100,596525000,99.7015,Y
R25BK00986497-000,20250731,신규사업 사업화방안 수립 용역,인천도시공사,PQ,699820000,696795075,99.56775671,동해+경서,99.8,596790000,99.6875,N
R25BK00986497-000,20250731,신규사업 사업화방안 수립 용역,인천도시공사,PQ,699820000,696795075,99.56775671,도화+장원,99.79,594689000,99.3365,N
R25BK00986497-000,20250731,신규사업 사업화방안 수립 용역,인천도시공사,PQ,699820000,696795075,99.56775671,경호+경서인텍,99.72,596740000,99.6558,N
R25BK00986497-000,20250731,신규사업 사업화방안 수립 용역,인천도시공사,PQ,699820000,696795075,99.56775671,KG+고산,99.58,594750000,99.2887,N
R25BK00986497-000,20250731,신규사업 사업화방안 수립 용역,인천도시공사,PQ,699820000,696795075,99.56775671,건화+정방,99.49,606000000,101.1431,N
R25BK00986497-000,20250731,신규사업 사업화방안 수립 용역,인천도시공사,PQ,699820000,696795075,99.56775671,삼안+일진,99.39,595100000,99.3007,N
R25BK00986497-000,20250731,신규사업 사업화방안 수립 용역,인천도시공사,PQ,699820000,696795075,99.56775671,제일+미소,99.35,606600000,101.2078,N
R25BK00986497-000,20250731,신규사업 사업화방안 수립 용역,인천도시공사,PQ,699820000,696795075,99.56775671,선진+성우,99.3,592987000,98.925,N
R25BK00986497-000,20250731,신규사업 사업화방안 수립 용역,인천도시공사,PQ,699820000,696795075,99.56775671,경동+한승,99.29,609278000,101.6428,N
R25BK00986497-000,20250731,신규사업 사업화방안 수립 용역,인천도시공사,PQ,699820000,696795075,99.56775671,한종+청해,98.62,606110000,100.9375,N
R25BK00987317-000,20250731,지역균형발전사업(지역활력스포츠인프라확충사업) 기본 및 실시설계 용역,조달청,PQ,519994000,519223150,99.8517579,KG+보람,99.34,450020000,99.6985,N
R25BK00987317-000,20250731,지역균형발전사업(지역활력스포츠인프라확충사업) 기본 및 실시설계 용역,조달청,PQ,519994000,519223150,99.8517579,유신+이산,99.3,452479000,100.2433,N
R25BK00987317-000,20250731,지역균형발전사업(지역활력스포츠인프라확충사업) 기본 및 실시설계 용역,조달청,PQ,519994000,519223150,99.8517579,경호+강호,99.3,447950000,99.2399,N
R25BK00987317-000,20250731,지역균형발전사업(지역활력스포츠인프라확충사업) 기본 및 실시설계 용역,조달청,PQ,519994000,519223150,99.8517579,선진,99.2,452198000,100.1695,N
R25BK00987317-000,20250731,지역균형발전사업(지역활력스포츠인프라확충사업) 기본 및 실시설계 용역,조달청,PQ,519994000,519223150,99.8517579,동명,99.2,453800000,100.5244,N
R25BK00987317-000,20250731,지역균형발전사업(지역활력스포츠인프라확충사업) 기본 및 실시설계 용역,조달청,PQ,519994000,519223150,99.8517579,정+TSK,99.13,449858000,99.6397,N
R25BK00987317-000,20250731,지역균형발전사업(지역활력스포츠인프라확충사업) 기본 및 실시설계 용역,조달청,PQ,519994000,519223150,99.8517579,한종,99.1,452110000,100.1385,Y
R25BK00987317-000,20250731,지역균형발전사업(지역활력스포츠인프라확충사업) 기본 및 실시설계 용역,조달청,PQ,519994000,519223150,99.8517579,도화+청운E,99.1,449190000,99.4917,N
R25BK00987317-000,20250731,지역균형발전사업(지역활력스포츠인프라확충사업) 기본 및 실시설계 용역,조달청,PQ,519994000,519223150,99.8517579,수성+용마,99.1,449300000,99.5161,N
R25BK00987317-000,20250731,지역균형발전사업(지역활력스포츠인프라확충사업) 기본 및 실시설계 용역,조달청,PQ,519994000,519223150,99.8517579,"건화+명성(영진,연엔)",99.03,448800000,99.3939,N
R25BK00987317-000,20250731,지역균형발전사업(지역활력스포츠인프라확충사업) 기본 및 실시설계 용역,조달청,PQ,519994000,519223150,99.8517579,동부,98,446765000,98.8521,N
R25BK00987317-000,20250731,지역균형발전사업(지역활력스포츠인프라확충사업) 기본 및 실시설계 용역,조달청,PQ,519994000,519223150,99.8517579,삼안+한맥,97.95,457160000,101.1405,N
R25BK00987317-000,20250731,지역균형발전사업(지역활력스포츠인프라확충사업) 기본 및 실시설계 용역,조달청,PQ,519994000,519223150,99.8517579,경동+신성,97.84,448077000,99.1196,N
R25BK00987317-000,20250731,지역균형발전사업(지역활력스포츠인프라확충사업) 기본 및 실시설계 용역,조달청,PQ,519994000,519223150,99.8517579,서영,97.55,456910000,101.0503,N
R25BK00987317-000,20250731,지역균형발전사업(지역활력스포츠인프라확충사업) 기본 및 실시설계 용역,조달청,PQ,519994000,519223150,99.8517579,동해+(주)한종,95.95,463300000,102.2988,N
R25BK00988640-000,20250731,남양주 개발제한구역 해제취락 지구단위계획 변경 수립 용역,경기도 남양주시,PQ,690192000,694129600,100.5705079,도화+동부,98.93,592490000,100.1274,N
R25BK00988640-000,20250731,남양주 개발제한구역 해제취락 지구단위계획 변경 수립 용역,경기도 남양주시,PQ,690192000,694129600,100.5705079,KG+우영,97.96,591340000,99.6889,N
R25BK00988640-000,20250731,남양주 개발제한구역 해제취락 지구단위계획 변경 수립 용역,경기도 남양주시,PQ,690192000,694129600,100.5705079,한종,97.7,596560000,100.4987,N
R25BK00988640-000,20250731,남양주 개발제한구역 해제취락 지구단위계획 변경 수립 용역,경기도 남양주시,PQ,690192000,694129600,100.5705079,동명+명성,97.6,591760000,99.6669,N
R25BK00988640-000,20250731,남양주 개발제한구역 해제취락 지구단위계획 변경 수립 용역,경기도 남양주시,PQ,690192000,694129600,100.5705079,제일+선진,97.5,588500000,99.0948,N
R25BK00988640-000,20250731,남양주 개발제한구역 해제취락 지구단위계획 변경 수립 용역,경기도 남양주시,PQ,690192000,694129600,100.5705079,경호+강호,97.49,603400000,101.5919,Y
R25BK00988640-000,20250731,남양주 개발제한구역 해제취락 지구단위계획 변경 수립 용역,경기도 남양주시,PQ,690192000,694129600,100.5705079,건화+OCS,97.02,588000000,98.8842,N
R25BK00988640-000,20250731,남양주 개발제한구역 해제취락 지구단위계획 변경 수립 용역,경기도 남양주시,PQ,690192000,694129600,100.5705079,동해+(주)한종,96.53,619200000,103.9983,N
R25BK00988640-000,20250731,남양주 개발제한구역 해제취락 지구단위계획 변경 수립 용역,경기도 남양주시,PQ,690192000,694129600,100.5705079,삼안+한맥,96.49,587950000,98.7383,N
R25BK00989041-000,20250731,천미천 외 1개소 하천기본계획(변경) 전략환경영향평가용역,제주특별자치도,PQ,750189000,743596750,99.12125478,한종+산들엔+수성,99.55,644200000,100.3233,N
R25BK00989041-000,20250731,천미천 외 1개소 하천기본계획(변경) 전략환경영향평가용역,제주특별자치도,PQ,750189000,743596750,99.12125478,유신+영아리,99.01,641927000,99.8293,N
R25BK00989041-000,20250731,천미천 외 1개소 하천기본계획(변경) 전략환경영향평가용역,제주특별자치도,PQ,750189000,743596750,99.12125478,도화+건화+제주환경,98.98,648000000,100.762,N
R25BK00989041-000,20250731,천미천 외 1개소 하천기본계획(변경) 전략환경영향평가용역,제주특별자치도,PQ,750189000,743596750,99.12125478,이산+이루다인,98.87,640380000,99.5539,Y
R25BK00989041-000,20250731,천미천 외 1개소 하천기본계획(변경) 전략환경영향평가용역,제주특별자치도,PQ,750189000,743596750,99.12125478,대영+선진+라임,98.7,651600000,101.2509,N
R25BK00989041-000,20250731,천미천 외 1개소 하천기본계획(변경) 전략환경영향평가용역,제주특별자치도,PQ,750189000,743596750,99.12125478,동명+한라+신일환경,98.55,637200000,98.9787,N
R25BK00989041-000,20250731,천미천 외 1개소 하천기본계획(변경) 전략환경영향평가용역,제주특별자치도,PQ,750189000,743596750,99.12125478,서영+동성+마린,98.39,659540000,102.4012,N
R25BK00989041-000,20250731,천미천 외 1개소 하천기본계획(변경) 전략환경영향평가용역,제주특별자치도,PQ,750189000,743596750,99.12125478,동해+지아이,96.74,667240000,101.3999,N
